value,source_id,notes_ids,iso3,dim_208,dim_29117,dim_77355,dim_139184,Country__ESTANDAR,months,Years__ESTANDAR,Latency and Jitter
41,9350,,ARG,216,29190,77358,139185,Argentina,March,2020,Latency
36,9350,,ARG,216,29190,77358,139186,Argentina,March,2020,Jitter
42,9350,,ARG,216,29190,77359,139185,Argentina,April,2020,Latency
36,9350,,ARG,216,29190,77359,139186,Argentina,April,2020,Jitter
39,9350,,ARG,216,29190,77360,139185,Argentina,May,2020,Latency
32,9350,,ARG,216,29190,77360,139186,Argentina,May,2020,Jitter
38,9350,,ARG,216,29190,77361,139185,Argentina,June,2020,Latency
31,9350,,ARG,216,29190,77361,139186,Argentina,June,2020,Jitter
39,9350,,ARG,216,29190,77362,139185,Argentina,July,2020,Latency
30,9350,,ARG,216,29190,77362,139186,Argentina,July,2020,Jitter
40,9350,,ARG,216,29190,77363,139185,Argentina,August,2020,Latency
28,9350,,ARG,216,29190,77363,139186,Argentina,August,2020,Jitter
39,9350,,ARG,216,29190,77364,139185,Argentina,September,2020,Latency
26,9350,,ARG,216,29190,77364,139186,Argentina,September,2020,Jitter
39,9350,,ARG,216,29190,77365,139185,Argentina,October,2020,Latency
24,9350,,ARG,216,29190,77365,139186,Argentina,October,2020,Jitter
38,9350,,ARG,216,29190,77366,139185,Argentina,November,2020,Latency
25,9350,,ARG,216,29190,77366,139186,Argentina,November,2020,Jitter
40,9350,,ARG,216,29190,77367,139185,Argentina,December,2020,Latency
28,9350,,ARG,216,29190,77367,139186,Argentina,December,2020,Jitter
42,9350,,ARG,216,29191,77356,139185,Argentina,January,2021,Latency
30,9350,,ARG,216,29191,77356,139186,Argentina,January,2021,Jitter
41,9350,,ARG,216,29191,77357,139185,Argentina,February,2021,Latency
28,9350,,ARG,216,29191,77357,139186,Argentina,February,2021,Jitter
39,9350,,ARG,216,29191,77358,139185,Argentina,March,2021,Latency
27,9350,,ARG,216,29191,77358,139186,Argentina,March,2021,Jitter
37,9350,,ARG,216,29191,77359,139185,Argentina,April,2021,Latency
25,9350,,ARG,216,29191,77359,139186,Argentina,April,2021,Jitter
38,9350,,ARG,216,29191,77360,139185,Argentina,May,2021,Latency
26,9350,,ARG,216,29191,77360,139186,Argentina,May,2021,Jitter
37,9350,,ARG,216,29191,77361,139185,Argentina,June,2021,Latency
26,9350,,ARG,216,29191,77361,139186,Argentina,June,2021,Jitter
37,9350,,ARG,216,29191,77362,139185,Argentina,July,2021,Latency
26,9350,,ARG,216,29191,77362,139186,Argentina,July,2021,Jitter
37,9350,,ARG,216,29191,77363,139185,Argentina,August,2021,Latency
26,9350,,ARG,216,29191,77363,139186,Argentina,August,2021,Jitter
36,9350,,ARG,216,29191,77364,139185,Argentina,September,2021,Latency
25,9350,,ARG,216,29191,77364,139186,Argentina,September,2021,Jitter
37,9350,,ARG,216,29191,77365,139185,Argentina,October,2021,Latency
27,9350,,ARG,216,29191,77365,139186,Argentina,October,2021,Jitter
37,9350,,ARG,216,29191,77366,139185,Argentina,November,2021,Latency
29,9350,,ARG,216,29191,77366,139186,Argentina,November,2021,Jitter
38,9350,,ARG,216,29191,77367,139185,Argentina,December,2021,Latency
26,9350,,ARG,216,29191,77367,139186,Argentina,December,2021,Jitter
40,9350,,ARG,216,29192,77356,139185,Argentina,January,2022,Latency
33,9350,,ARG,216,29192,77356,139186,Argentina,January,2022,Jitter
39,9350,,ARG,216,29192,77357,139185,Argentina,February,2022,Latency
28,9350,,ARG,216,29192,77357,139186,Argentina,February,2022,Jitter
38,9350,,ARG,216,29192,77358,139185,Argentina,March,2022,Latency
29,9350,,ARG,216,29192,77358,139186,Argentina,March,2022,Jitter
38,9350,,ARG,216,29192,77359,139185,Argentina,April,2022,Latency
29,9350,,ARG,216,29192,77359,139186,Argentina,April,2022,Jitter
38,9350,,ARG,216,29192,77360,139185,Argentina,May,2022,Latency
29,9350,,ARG,216,29192,77360,139186,Argentina,May,2022,Jitter
39,9350,,ARG,216,29192,77361,139185,Argentina,June,2022,Latency
27,9350,,ARG,216,29192,77361,139186,Argentina,June,2022,Jitter
39,9350,,ARG,216,29192,77362,139185,Argentina,July,2022,Latency
28,9350,,ARG,216,29192,77362,139186,Argentina,July,2022,Jitter
39,9350,,ARG,216,29192,77363,139185,Argentina,August,2022,Latency
29,9350,,ARG,216,29192,77363,139186,Argentina,August,2022,Jitter
37,9350,,ARG,216,29192,77364,139185,Argentina,September,2022,Latency
28,9350,,ARG,216,29192,77364,139186,Argentina,September,2022,Jitter
38,9350,,ARG,216,29192,77365,139185,Argentina,October,2022,Latency
28,9350,,ARG,216,29192,77365,139186,Argentina,October,2022,Jitter
36,9350,,ARG,216,29192,77366,139185,Argentina,November,2022,Latency
29,9350,,ARG,216,29192,77366,139186,Argentina,November,2022,Jitter
32,9350,,BOL,221,29190,77358,139185,Bolivia (Plurinational State of),March,2020,Latency
37,9350,,BOL,221,29190,77358,139186,Bolivia (Plurinational State of),March,2020,Jitter
29,9350,,BOL,221,29190,77359,139185,Bolivia (Plurinational State of),April,2020,Latency
32,9350,,BOL,221,29190,77359,139186,Bolivia (Plurinational State of),April,2020,Jitter
32,9350,,BOL,221,29190,77360,139185,Bolivia (Plurinational State of),May,2020,Latency
34,9350,,BOL,221,29190,77360,139186,Bolivia (Plurinational State of),May,2020,Jitter
31,9350,,BOL,221,29190,77361,139185,Bolivia (Plurinational State of),June,2020,Latency
33,9350,,BOL,221,29190,77361,139186,Bolivia (Plurinational State of),June,2020,Jitter
31,9350,,BOL,221,29190,77362,139185,Bolivia (Plurinational State of),July,2020,Latency
35,9350,,BOL,221,29190,77362,139186,Bolivia (Plurinational State of),July,2020,Jitter
34,9350,,BOL,221,29190,77363,139185,Bolivia (Plurinational State of),August,2020,Latency
33,9350,,BOL,221,29190,77363,139186,Bolivia (Plurinational State of),August,2020,Jitter
28,9350,,BOL,221,29190,77364,139185,Bolivia (Plurinational State of),September,2020,Latency
29,9350,,BOL,221,29190,77364,139186,Bolivia (Plurinational State of),September,2020,Jitter
27,9350,,BOL,221,29190,77365,139185,Bolivia (Plurinational State of),October,2020,Latency
27,9350,,BOL,221,29190,77365,139186,Bolivia (Plurinational State of),October,2020,Jitter
29,9350,,BOL,221,29190,77366,139185,Bolivia (Plurinational State of),November,2020,Latency
25,9350,,BOL,221,29190,77366,139186,Bolivia (Plurinational State of),November,2020,Jitter
28,9350,,BOL,221,29190,77367,139185,Bolivia (Plurinational State of),December,2020,Latency
26,9350,,BOL,221,29190,77367,139186,Bolivia (Plurinational State of),December,2020,Jitter
29,9350,,BOL,221,29191,77356,139185,Bolivia (Plurinational State of),January,2021,Latency
28,9350,,BOL,221,29191,77356,139186,Bolivia (Plurinational State of),January,2021,Jitter
29,9350,,BOL,221,29191,77357,139185,Bolivia (Plurinational State of),February,2021,Latency
28,9350,,BOL,221,29191,77357,139186,Bolivia (Plurinational State of),February,2021,Jitter
29,9350,,BOL,221,29191,77358,139185,Bolivia (Plurinational State of),March,2021,Latency
28,9350,,BOL,221,29191,77358,139186,Bolivia (Plurinational State of),March,2021,Jitter
29,9350,,BOL,221,29191,77359,139185,Bolivia (Plurinational State of),April,2021,Latency
27,9350,,BOL,221,29191,77359,139186,Bolivia (Plurinational State of),April,2021,Jitter
29,9350,,BOL,221,29191,77360,139185,Bolivia (Plurinational State of),May,2021,Latency
26,9350,,BOL,221,29191,77360,139186,Bolivia (Plurinational State of),May,2021,Jitter
29,9350,,BOL,221,29191,77361,139185,Bolivia (Plurinational State of),June,2021,Latency
24,9350,,BOL,221,29191,77361,139186,Bolivia (Plurinational State of),June,2021,Jitter
30,9350,,BOL,221,29191,77362,139185,Bolivia (Plurinational State of),July,2021,Latency
24,9350,,BOL,221,29191,77362,139186,Bolivia (Plurinational State of),July,2021,Jitter
29,9350,,BOL,221,29191,77363,139185,Bolivia (Plurinational State of),August,2021,Latency
24,9350,,BOL,221,29191,77363,139186,Bolivia (Plurinational State of),August,2021,Jitter
31,9350,,BOL,221,29191,77364,139185,Bolivia (Plurinational State of),September,2021,Latency
25,9350,,BOL,221,29191,77364,139186,Bolivia (Plurinational State of),September,2021,Jitter
30,9350,,BOL,221,29191,77365,139185,Bolivia (Plurinational State of),October,2021,Latency
22,9350,,BOL,221,29191,77365,139186,Bolivia (Plurinational State of),October,2021,Jitter
31,9350,,BOL,221,29191,77366,139185,Bolivia (Plurinational State of),November,2021,Latency
25,9350,,BOL,221,29191,77366,139186,Bolivia (Plurinational State of),November,2021,Jitter
31,9350,,BOL,221,29191,77367,139185,Bolivia (Plurinational State of),December,2021,Latency
28,9350,,BOL,221,29191,77367,139186,Bolivia (Plurinational State of),December,2021,Jitter
30,9350,,BOL,221,29192,77356,139185,Bolivia (Plurinational State of),January,2022,Latency
26,9350,,BOL,221,29192,77356,139186,Bolivia (Plurinational State of),January,2022,Jitter
31,9350,,BOL,221,29192,77357,139185,Bolivia (Plurinational State of),February,2022,Latency
27,9350,,BOL,221,29192,77357,139186,Bolivia (Plurinational State of),February,2022,Jitter
31,9350,,BOL,221,29192,77358,139185,Bolivia (Plurinational State of),March,2022,Latency
27,9350,,BOL,221,29192,77358,139186,Bolivia (Plurinational State of),March,2022,Jitter
30,9350,,BOL,221,29192,77359,139185,Bolivia (Plurinational State of),April,2022,Latency
30,9350,,BOL,221,29192,77359,139186,Bolivia (Plurinational State of),April,2022,Jitter
30,9350,,BOL,221,29192,77360,139185,Bolivia (Plurinational State of),May,2022,Latency
29,9350,,BOL,221,29192,77360,139186,Bolivia (Plurinational State of),May,2022,Jitter
32,9350,,BOL,221,29192,77361,139185,Bolivia (Plurinational State of),June,2022,Latency
31,9350,,BOL,221,29192,77361,139186,Bolivia (Plurinational State of),June,2022,Jitter
36,9350,,BOL,221,29192,77362,139185,Bolivia (Plurinational State of),July,2022,Latency
33,9350,,BOL,221,29192,77362,139186,Bolivia (Plurinational State of),July,2022,Jitter
33,9350,,BOL,221,29192,77363,139185,Bolivia (Plurinational State of),August,2022,Latency
33,9350,,BOL,221,29192,77363,139186,Bolivia (Plurinational State of),August,2022,Jitter
33,9350,,BOL,221,29192,77364,139185,Bolivia (Plurinational State of),September,2022,Latency
32,9350,,BOL,221,29192,77364,139186,Bolivia (Plurinational State of),September,2022,Jitter
36,9350,,BOL,221,29192,77365,139185,Bolivia (Plurinational State of),October,2022,Latency
34,9350,,BOL,221,29192,77365,139186,Bolivia (Plurinational State of),October,2022,Jitter
33,9350,,BOL,221,29192,77366,139185,Bolivia (Plurinational State of),November,2022,Latency
34,9350,,BOL,221,29192,77366,139186,Bolivia (Plurinational State of),November,2022,Jitter
47,9350,,BRA,222,29190,77358,139185,Brazil,March,2020,Latency
42,9350,,BRA,222,29190,77358,139186,Brazil,March,2020,Jitter
47,9350,,BRA,222,29190,77359,139185,Brazil,April,2020,Latency
38,9350,,BRA,222,29190,77359,139186,Brazil,April,2020,Jitter
45,9350,,BRA,222,29190,77360,139185,Brazil,May,2020,Latency
36,9350,,BRA,222,29190,77360,139186,Brazil,May,2020,Jitter
44,9350,,BRA,222,29190,77361,139185,Brazil,June,2020,Latency
35,9350,,BRA,222,29190,77361,139186,Brazil,June,2020,Jitter
44,9350,,BRA,222,29190,77362,139185,Brazil,July,2020,Latency
33,9350,,BRA,222,29190,77362,139186,Brazil,July,2020,Jitter
43,9350,,BRA,222,29190,77363,139185,Brazil,August,2020,Latency
30,9350,,BRA,222,29190,77363,139186,Brazil,August,2020,Jitter
42,9350,,BRA,222,29190,77364,139185,Brazil,September,2020,Latency
30,9350,,BRA,222,29190,77364,139186,Brazil,September,2020,Jitter
40,9350,,BRA,222,29190,77365,139185,Brazil,October,2020,Latency
27,9350,,BRA,222,29190,77365,139186,Brazil,October,2020,Jitter
39,9350,,BRA,222,29190,77366,139185,Brazil,November,2020,Latency
28,9350,,BRA,222,29190,77366,139186,Brazil,November,2020,Jitter
40,9350,,BRA,222,29190,77367,139185,Brazil,December,2020,Latency
28,9350,,BRA,222,29190,77367,139186,Brazil,December,2020,Jitter
40,9350,,BRA,222,29191,77356,139185,Brazil,January,2021,Latency
29,9350,,BRA,222,29191,77356,139186,Brazil,January,2021,Jitter
39,9350,,BRA,222,29191,77357,139185,Brazil,February,2021,Latency
28,9350,,BRA,222,29191,77357,139186,Brazil,February,2021,Jitter
39,9350,,BRA,222,29191,77358,139185,Brazil,March,2021,Latency
26,9350,,BRA,222,29191,77358,139186,Brazil,March,2021,Jitter
38,9350,,BRA,222,29191,77359,139185,Brazil,April,2021,Latency
26,9350,,BRA,222,29191,77359,139186,Brazil,April,2021,Jitter
37,9350,,BRA,222,29191,77360,139185,Brazil,May,2021,Latency
24,9350,,BRA,222,29191,77360,139186,Brazil,May,2021,Jitter
37,9350,,BRA,222,29191,77361,139185,Brazil,June,2021,Latency
24,9350,,BRA,222,29191,77361,139186,Brazil,June,2021,Jitter
37,9350,,BRA,222,29191,77362,139185,Brazil,July,2021,Latency
25,9350,,BRA,222,29191,77362,139186,Brazil,July,2021,Jitter
37,9350,,BRA,222,29191,77363,139185,Brazil,August,2021,Latency
25,9350,,BRA,222,29191,77363,139186,Brazil,August,2021,Jitter
37,9350,,BRA,222,29191,77364,139185,Brazil,September,2021,Latency
25,9350,,BRA,222,29191,77364,139186,Brazil,September,2021,Jitter
37,9350,,BRA,222,29191,77365,139185,Brazil,October,2021,Latency
26,9350,,BRA,222,29191,77365,139186,Brazil,October,2021,Jitter
37,9350,,BRA,222,29191,77366,139185,Brazil,November,2021,Latency
27,9350,,BRA,222,29191,77366,139186,Brazil,November,2021,Jitter
38,9350,,BRA,222,29191,77367,139185,Brazil,December,2021,Latency
28,9350,,BRA,222,29191,77367,139186,Brazil,December,2021,Jitter
37,9350,,BRA,222,29192,77356,139185,Brazil,January,2022,Latency
28,9350,,BRA,222,29192,77356,139186,Brazil,January,2022,Jitter
37,9350,,BRA,222,29192,77357,139185,Brazil,February,2022,Latency
27,9350,,BRA,222,29192,77357,139186,Brazil,February,2022,Jitter
37,9350,,BRA,222,29192,77358,139185,Brazil,March,2022,Latency
27,9350,,BRA,222,29192,77358,139186,Brazil,March,2022,Jitter
38,9350,,BRA,222,29192,77359,139185,Brazil,April,2022,Latency
28,9350,,BRA,222,29192,77359,139186,Brazil,April,2022,Jitter
37,9350,,BRA,222,29192,77360,139185,Brazil,May,2022,Latency
28,9350,,BRA,222,29192,77360,139186,Brazil,May,2022,Jitter
37,9350,,BRA,222,29192,77361,139185,Brazil,June,2022,Latency
29,9350,,BRA,222,29192,77361,139186,Brazil,June,2022,Jitter
36,9350,,BRA,222,29192,77362,139185,Brazil,July,2022,Latency
27,9350,,BRA,222,29192,77362,139186,Brazil,July,2022,Jitter
33,9350,,BRA,222,29192,77363,139185,Brazil,August,2022,Latency
26,9350,,BRA,222,29192,77363,139186,Brazil,August,2022,Jitter
33,9350,,BRA,222,29192,77364,139185,Brazil,September,2022,Latency
27,9350,,BRA,222,29192,77364,139186,Brazil,September,2022,Jitter
34,9350,,BRA,222,29192,77365,139185,Brazil,October,2022,Latency
27,9350,,BRA,222,29192,77365,139186,Brazil,October,2022,Jitter
34,9350,,BRA,222,29192,77366,139185,Brazil,November,2022,Latency
27,9350,,BRA,222,29192,77366,139186,Brazil,November,2022,Jitter
43,9350,,CHL,224,29190,77358,139185,Chile,March,2020,Latency
59,9350,,CHL,224,29190,77358,139186,Chile,March,2020,Jitter
42,9350,,CHL,224,29190,77359,139185,Chile,April,2020,Latency
59,9350,,CHL,224,29190,77359,139186,Chile,April,2020,Jitter
39,9350,,CHL,224,29190,77360,139185,Chile,May,2020,Latency
52,9350,,CHL,224,29190,77360,139186,Chile,May,2020,Jitter
41,9350,,CHL,224,29190,77361,139185,Chile,June,2020,Latency
59,9350,,CHL,224,29190,77361,139186,Chile,June,2020,Jitter
39,9350,,CHL,224,29190,77362,139185,Chile,July,2020,Latency
49,9350,,CHL,224,29190,77362,139186,Chile,July,2020,Jitter
39,9350,,CHL,224,29190,77363,139185,Chile,August,2020,Latency
41,9350,,CHL,224,29190,77363,139186,Chile,August,2020,Jitter
39,9350,,CHL,224,29190,77364,139185,Chile,September,2020,Latency
42,9350,,CHL,224,29190,77364,139186,Chile,September,2020,Jitter
38,9350,,CHL,224,29190,77365,139185,Chile,October,2020,Latency
36,9350,,CHL,224,29190,77365,139186,Chile,October,2020,Jitter
37,9350,,CHL,224,29190,77366,139185,Chile,November,2020,Latency
35,9350,,CHL,224,29190,77366,139186,Chile,November,2020,Jitter
37,9350,,CHL,224,29190,77367,139185,Chile,December,2020,Latency
37,9350,,CHL,224,29190,77367,139186,Chile,December,2020,Jitter
39,9350,,CHL,224,29191,77356,139185,Chile,January,2021,Latency
43,9350,,CHL,224,29191,77356,139186,Chile,January,2021,Jitter
41,9350,,CHL,224,29191,77357,139185,Chile,February,2021,Latency
46,9350,,CHL,224,29191,77357,139186,Chile,February,2021,Jitter
36,9350,,CHL,224,29191,77358,139185,Chile,March,2021,Latency
38,9350,,CHL,224,29191,77358,139186,Chile,March,2021,Jitter
37,9350,,CHL,224,29191,77359,139185,Chile,April,2021,Latency
39,9350,,CHL,224,29191,77359,139186,Chile,April,2021,Jitter
36,9350,,CHL,224,29191,77360,139185,Chile,May,2021,Latency
36,9350,,CHL,224,29191,77360,139186,Chile,May,2021,Jitter
36,9350,,CHL,224,29191,77361,139185,Chile,June,2021,Latency
38,9350,,CHL,224,29191,77361,139186,Chile,June,2021,Jitter
37,9350,,CHL,224,29191,77362,139185,Chile,July,2021,Latency
39,9350,,CHL,224,29191,77362,139186,Chile,July,2021,Jitter
35,9350,,CHL,224,29191,77363,139185,Chile,August,2021,Latency
36,9350,,CHL,224,29191,77363,139186,Chile,August,2021,Jitter
36,9350,,CHL,224,29191,77364,139185,Chile,September,2021,Latency
38,9350,,CHL,224,29191,77364,139186,Chile,September,2021,Jitter
36,9350,,CHL,224,29191,77365,139185,Chile,October,2021,Latency
39,9350,,CHL,224,29191,77365,139186,Chile,October,2021,Jitter
35,9350,,CHL,224,29191,77366,139185,Chile,November,2021,Latency
36,9350,,CHL,224,29191,77366,139186,Chile,November,2021,Jitter
33,9350,,CHL,224,29191,77367,139185,Chile,December,2021,Latency
35,9350,,CHL,224,29191,77367,139186,Chile,December,2021,Jitter
37,9350,,CHL,224,29192,77356,139185,Chile,January,2022,Latency
38,9350,,CHL,224,29192,77356,139186,Chile,January,2022,Jitter
35,9350,,CHL,224,29192,77357,139185,Chile,February,2022,Latency
37,9350,,CHL,224,29192,77357,139186,Chile,February,2022,Jitter
32,9350,,CHL,224,29192,77358,139185,Chile,March,2022,Latency
35,9350,,CHL,224,29192,77358,139186,Chile,March,2022,Jitter
33,9350,,CHL,224,29192,77359,139185,Chile,April,2022,Latency
36,9350,,CHL,224,29192,77359,139186,Chile,April,2022,Jitter
33,9350,,CHL,224,29192,77360,139185,Chile,May,2022,Latency
35,9350,,CHL,224,29192,77360,139186,Chile,May,2022,Jitter
34,9350,,CHL,224,29192,77361,139185,Chile,June,2022,Latency
36,9350,,CHL,224,29192,77361,139186,Chile,June,2022,Jitter
34,9350,,CHL,224,29192,77362,139185,Chile,July,2022,Latency
36,9350,,CHL,224,29192,77362,139186,Chile,July,2022,Jitter
33,9350,,CHL,224,29192,77363,139185,Chile,August,2022,Latency
36,9350,,CHL,224,29192,77363,139186,Chile,August,2022,Jitter
35,9350,,CHL,224,29192,77364,139185,Chile,September,2022,Latency
36,9350,,CHL,224,29192,77364,139186,Chile,September,2022,Jitter
34,9350,,CHL,224,29192,77365,139185,Chile,October,2022,Latency
34,9350,,CHL,224,29192,77365,139186,Chile,October,2022,Jitter
34,9350,,CHL,224,29192,77366,139185,Chile,November,2022,Latency
34,9350,,CHL,224,29192,77366,139186,Chile,November,2022,Jitter
49,9350,,COL,225,29190,77358,139185,Colombia,March,2020,Latency
49,9350,,COL,225,29190,77358,139186,Colombia,March,2020,Jitter
48,9350,,COL,225,29190,77359,139185,Colombia,April,2020,Latency
44,9350,,COL,225,29190,77359,139186,Colombia,April,2020,Jitter
48,9350,,COL,225,29190,77360,139185,Colombia,May,2020,Latency
41,9350,,COL,225,29190,77360,139186,Colombia,May,2020,Jitter
43,9350,,COL,225,29190,77361,139185,Colombia,June,2020,Latency
43,9350,,COL,225,29190,77361,139186,Colombia,June,2020,Jitter
44,9350,,COL,225,29190,77362,139185,Colombia,July,2020,Latency
42,9350,,COL,225,29190,77362,139186,Colombia,July,2020,Jitter
46,9350,,COL,225,29190,77363,139185,Colombia,August,2020,Latency
41,9350,,COL,225,29190,77363,139186,Colombia,August,2020,Jitter
44,9350,,COL,225,29190,77364,139185,Colombia,September,2020,Latency
40,9350,,COL,225,29190,77364,139186,Colombia,September,2020,Jitter
43,9350,,COL,225,29190,77365,139185,Colombia,October,2020,Latency
36,9350,,COL,225,29190,77365,139186,Colombia,October,2020,Jitter
48,9350,,COL,225,29190,77366,139185,Colombia,November,2020,Latency
42,9350,,COL,225,29190,77366,139186,Colombia,November,2020,Jitter
46,9350,,COL,225,29190,77367,139185,Colombia,December,2020,Latency
43,9350,,COL,225,29190,77367,139186,Colombia,December,2020,Jitter
48,9350,,COL,225,29191,77356,139185,Colombia,January,2021,Latency
48,9350,,COL,225,29191,77356,139186,Colombia,January,2021,Jitter
49,9350,,COL,225,29191,77357,139185,Colombia,February,2021,Latency
43,9350,,COL,225,29191,77357,139186,Colombia,February,2021,Jitter
46,9350,,COL,225,29191,77358,139185,Colombia,March,2021,Latency
42,9350,,COL,225,29191,77358,139186,Colombia,March,2021,Jitter
51,9350,,COL,225,29191,77359,139185,Colombia,April,2021,Latency
43,9350,,COL,225,29191,77359,139186,Colombia,April,2021,Jitter
52,9350,,COL,225,29191,77360,139185,Colombia,May,2021,Latency
42,9350,,COL,225,29191,77360,139186,Colombia,May,2021,Jitter
52,9350,,COL,225,29191,77361,139185,Colombia,June,2021,Latency
43,9350,,COL,225,29191,77361,139186,Colombia,June,2021,Jitter
50,9350,,COL,225,29191,77362,139185,Colombia,July,2021,Latency
44,9350,,COL,225,29191,77362,139186,Colombia,July,2021,Jitter
48,9350,,COL,225,29191,77363,139185,Colombia,August,2021,Latency
42,9350,,COL,225,29191,77363,139186,Colombia,August,2021,Jitter
48,9350,,COL,225,29191,77364,139185,Colombia,September,2021,Latency
46,9350,,COL,225,29191,77364,139186,Colombia,September,2021,Jitter
50,9350,,COL,225,29191,77365,139185,Colombia,October,2021,Latency
48,9350,,COL,225,29191,77365,139186,Colombia,October,2021,Jitter
48,9350,,COL,225,29191,77366,139185,Colombia,November,2021,Latency
48,9350,,COL,225,29191,77366,139186,Colombia,November,2021,Jitter
47,9350,,COL,225,29191,77367,139185,Colombia,December,2021,Latency
45,9350,,COL,225,29191,77367,139186,Colombia,December,2021,Jitter
50,9350,,COL,225,29192,77356,139185,Colombia,January,2022,Latency
49,9350,,COL,225,29192,77356,139186,Colombia,January,2022,Jitter
49,9350,,COL,225,29192,77357,139185,Colombia,February,2022,Latency
44,9350,,COL,225,29192,77357,139186,Colombia,February,2022,Jitter
54,9350,,COL,225,29192,77358,139185,Colombia,March,2022,Latency
48,9350,,COL,225,29192,77358,139186,Colombia,March,2022,Jitter
49,9350,,COL,225,29192,77359,139185,Colombia,April,2022,Latency
48,9350,,COL,225,29192,77359,139186,Colombia,April,2022,Jitter
47,9350,,COL,225,29192,77360,139185,Colombia,May,2022,Latency
47,9350,,COL,225,29192,77360,139186,Colombia,May,2022,Jitter
47,9350,,COL,225,29192,77361,139185,Colombia,June,2022,Latency
43,9350,,COL,225,29192,77361,139186,Colombia,June,2022,Jitter
45,9350,,COL,225,29192,77362,139185,Colombia,July,2022,Latency
43,9350,,COL,225,29192,77362,139186,Colombia,July,2022,Jitter
46,9350,,COL,225,29192,77363,139185,Colombia,August,2022,Latency
46,9350,,COL,225,29192,77363,139186,Colombia,August,2022,Jitter
44,9350,,COL,225,29192,77364,139185,Colombia,September,2022,Latency
44,9350,,COL,225,29192,77364,139186,Colombia,September,2022,Jitter
46,9350,,COL,225,29192,77365,139185,Colombia,October,2022,Latency
48,9350,,COL,225,29192,77365,139186,Colombia,October,2022,Jitter
45,9350,,COL,225,29192,77366,139185,Colombia,November,2022,Latency
45,9350,,COL,225,29192,77366,139186,Colombia,November,2022,Jitter
49,9350,,KOR,43471,29190,77358,139185,Republic of Korea (South Korea),March,2020,Latency
56,9350,,KOR,43471,29190,77358,139186,Republic of Korea (South Korea),March,2020,Jitter
45,9350,,KOR,43471,29190,77359,139185,Republic of Korea (South Korea),April,2020,Latency
20,9350,,KOR,43471,29190,77359,139186,Republic of Korea (South Korea),April,2020,Jitter
34,9350,,KOR,43471,29190,77360,139185,Republic of Korea (South Korea),May,2020,Latency
19,9350,,KOR,43471,29190,77360,139186,Republic of Korea (South Korea),May,2020,Jitter
34,9350,,KOR,43471,29190,77361,139185,Republic of Korea (South Korea),June,2020,Latency
19,9350,,KOR,43471,29190,77361,139186,Republic of Korea (South Korea),June,2020,Jitter
33,9350,,KOR,43471,29190,77362,139185,Republic of Korea (South Korea),July,2020,Latency
18,9350,,KOR,43471,29190,77362,139186,Republic of Korea (South Korea),July,2020,Jitter
33,9350,,KOR,43471,29190,77363,139185,Republic of Korea (South Korea),August,2020,Latency
17,9350,,KOR,43471,29190,77363,139186,Republic of Korea (South Korea),August,2020,Jitter
34,9350,,KOR,43471,29190,77364,139185,Republic of Korea (South Korea),September,2020,Latency
17,9350,,KOR,43471,29190,77364,139186,Republic of Korea (South Korea),September,2020,Jitter
31,9350,,KOR,43471,29190,77365,139185,Republic of Korea (South Korea),October,2020,Latency
12,9350,,KOR,43471,29190,77365,139186,Republic of Korea (South Korea),October,2020,Jitter
31,9350,,KOR,43471,29190,77366,139185,Republic of Korea (South Korea),November,2020,Latency
13,9350,,KOR,43471,29190,77366,139186,Republic of Korea (South Korea),November,2020,Jitter
30,9350,,KOR,43471,29190,77367,139185,Republic of Korea (South Korea),December,2020,Latency
11,9350,,KOR,43471,29190,77367,139186,Republic of Korea (South Korea),December,2020,Jitter
31,9350,,KOR,43471,29191,77356,139185,Republic of Korea (South Korea),January,2021,Latency
11,9350,,KOR,43471,29191,77356,139186,Republic of Korea (South Korea),January,2021,Jitter
30,9350,,KOR,43471,29191,77357,139185,Republic of Korea (South Korea),February,2021,Latency
11,9350,,KOR,43471,29191,77357,139186,Republic of Korea (South Korea),February,2021,Jitter
30,9350,,KOR,43471,29191,77358,139185,Republic of Korea (South Korea),March,2021,Latency
12,9350,,KOR,43471,29191,77358,139186,Republic of Korea (South Korea),March,2021,Jitter
29,9350,,KOR,43471,29191,77359,139185,Republic of Korea (South Korea),April,2021,Latency
12,9350,,KOR,43471,29191,77359,139186,Republic of Korea (South Korea),April,2021,Jitter
29,9350,,KOR,43471,29191,77360,139185,Republic of Korea (South Korea),May,2021,Latency
12,9350,,KOR,43471,29191,77360,139186,Republic of Korea (South Korea),May,2021,Jitter
30,9350,,KOR,43471,29191,77361,139185,Republic of Korea (South Korea),June,2021,Latency
13,9350,,KOR,43471,29191,77361,139186,Republic of Korea (South Korea),June,2021,Jitter
30,9350,,KOR,43471,29191,77362,139185,Republic of Korea (South Korea),July,2021,Latency
13,9350,,KOR,43471,29191,77362,139186,Republic of Korea (South Korea),July,2021,Jitter
30,9350,,KOR,43471,29191,77363,139185,Republic of Korea (South Korea),August,2021,Latency
12,9350,,KOR,43471,29191,77363,139186,Republic of Korea (South Korea),August,2021,Jitter
29,9350,,KOR,43471,29191,77364,139185,Republic of Korea (South Korea),September,2021,Latency
13,9350,,KOR,43471,29191,77364,139186,Republic of Korea (South Korea),September,2021,Jitter
30,9350,,KOR,43471,29191,77365,139185,Republic of Korea (South Korea),October,2021,Latency
12,9350,,KOR,43471,29191,77365,139186,Republic of Korea (South Korea),October,2021,Jitter
29,9350,,KOR,43471,29191,77366,139185,Republic of Korea (South Korea),November,2021,Latency
13,9350,,KOR,43471,29191,77366,139186,Republic of Korea (South Korea),November,2021,Jitter
29,9350,,KOR,43471,29191,77367,139185,Republic of Korea (South Korea),December,2021,Latency
13,9350,,KOR,43471,29191,77367,139186,Republic of Korea (South Korea),December,2021,Jitter
29,9350,,KOR,43471,29192,77356,139185,Republic of Korea (South Korea),January,2022,Latency
11,9350,,KOR,43471,29192,77356,139186,Republic of Korea (South Korea),January,2022,Jitter
28,9350,,KOR,43471,29192,77357,139185,Republic of Korea (South Korea),February,2022,Latency
11,9350,,KOR,43471,29192,77357,139186,Republic of Korea (South Korea),February,2022,Jitter
29,9350,,KOR,43471,29192,77358,139185,Republic of Korea (South Korea),March,2022,Latency
13,9350,,KOR,43471,29192,77358,139186,Republic of Korea (South Korea),March,2022,Jitter
31,9350,,KOR,43471,29192,77359,139185,Republic of Korea (South Korea),April,2022,Latency
15,9350,,KOR,43471,29192,77359,139186,Republic of Korea (South Korea),April,2022,Jitter
31,9350,,KOR,43471,29192,77360,139185,Republic of Korea (South Korea),May,2022,Latency
14,9350,,KOR,43471,29192,77360,139186,Republic of Korea (South Korea),May,2022,Jitter
31,9350,,KOR,43471,29192,77361,139185,Republic of Korea (South Korea),June,2022,Latency
16,9350,,KOR,43471,29192,77361,139186,Republic of Korea (South Korea),June,2022,Jitter
31,9350,,KOR,43471,29192,77362,139185,Republic of Korea (South Korea),July,2022,Latency
16,9350,,KOR,43471,29192,77362,139186,Republic of Korea (South Korea),July,2022,Jitter
31,9350,,KOR,43471,29192,77363,139185,Republic of Korea (South Korea),August,2022,Latency
15,9350,,KOR,43471,29192,77363,139186,Republic of Korea (South Korea),August,2022,Jitter
31,9350,,KOR,43471,29192,77364,139185,Republic of Korea (South Korea),September,2022,Latency
16,9350,,KOR,43471,29192,77364,139186,Republic of Korea (South Korea),September,2022,Jitter
40,9350,,KOR,43471,29192,77365,139185,Republic of Korea (South Korea),October,2022,Latency
16,9350,,KOR,43471,29192,77365,139186,Republic of Korea (South Korea),October,2022,Jitter
50,9350,,KOR,43471,29192,77366,139185,Republic of Korea (South Korea),November,2022,Latency
18,9350,,KOR,43471,29192,77366,139186,Republic of Korea (South Korea),November,2022,Jitter
39,9350,,CRI,226,29190,77358,139185,Costa Rica,March,2020,Latency
36,9350,,CRI,226,29190,77358,139186,Costa Rica,March,2020,Jitter
38,9350,,CRI,226,29190,77359,139185,Costa Rica,April,2020,Latency
39,9350,,CRI,226,29190,77359,139186,Costa Rica,April,2020,Jitter
35,9350,,CRI,226,29190,77360,139185,Costa Rica,May,2020,Latency
34,9350,,CRI,226,29190,77360,139186,Costa Rica,May,2020,Jitter
36,9350,,CRI,226,29190,77361,139185,Costa Rica,June,2020,Latency
36,9350,,CRI,226,29190,77361,139186,Costa Rica,June,2020,Jitter
33,9350,,CRI,226,29190,77362,139185,Costa Rica,July,2020,Latency
38,9350,,CRI,226,29190,77362,139186,Costa Rica,July,2020,Jitter
31,9350,,CRI,226,29190,77363,139185,Costa Rica,August,2020,Latency
29,9350,,CRI,226,29190,77363,139186,Costa Rica,August,2020,Jitter
32,9350,,CRI,226,29190,77364,139185,Costa Rica,September,2020,Latency
31,9350,,CRI,226,29190,77364,139186,Costa Rica,September,2020,Jitter
28,9350,,CRI,226,29190,77365,139185,Costa Rica,October,2020,Latency
24,9350,,CRI,226,29190,77365,139186,Costa Rica,October,2020,Jitter
28,9350,,CRI,226,29190,77366,139185,Costa Rica,November,2020,Latency
24,9350,,CRI,226,29190,77366,139186,Costa Rica,November,2020,Jitter
28,9350,,CRI,226,29190,77367,139185,Costa Rica,December,2020,Latency
23,9350,,CRI,226,29190,77367,139186,Costa Rica,December,2020,Jitter
29,9350,,CRI,226,29191,77356,139185,Costa Rica,January,2021,Latency
24,9350,,CRI,226,29191,77356,139186,Costa Rica,January,2021,Jitter
28,9350,,CRI,226,29191,77357,139185,Costa Rica,February,2021,Latency
23,9350,,CRI,226,29191,77357,139186,Costa Rica,February,2021,Jitter
28,9350,,CRI,226,29191,77358,139185,Costa Rica,March,2021,Latency
24,9350,,CRI,226,29191,77358,139186,Costa Rica,March,2021,Jitter
34,9350,,CRI,226,29191,77359,139185,Costa Rica,April,2021,Latency
25,9350,,CRI,226,29191,77359,139186,Costa Rica,April,2021,Jitter
28,9350,,CRI,226,29191,77360,139185,Costa Rica,May,2021,Latency
22,9350,,CRI,226,29191,77360,139186,Costa Rica,May,2021,Jitter
28,9350,,CRI,226,29191,77361,139185,Costa Rica,June,2021,Latency
22,9350,,CRI,226,29191,77361,139186,Costa Rica,June,2021,Jitter
29,9350,,CRI,226,29191,77362,139185,Costa Rica,July,2021,Latency
24,9350,,CRI,226,29191,77362,139186,Costa Rica,July,2021,Jitter
30,9350,,CRI,226,29191,77363,139185,Costa Rica,August,2021,Latency
24,9350,,CRI,226,29191,77363,139186,Costa Rica,August,2021,Jitter
28,9350,,CRI,226,29191,77364,139185,Costa Rica,September,2021,Latency
21,9350,,CRI,226,29191,77364,139186,Costa Rica,September,2021,Jitter
29,9350,,CRI,226,29191,77365,139185,Costa Rica,October,2021,Latency
21,9350,,CRI,226,29191,77365,139186,Costa Rica,October,2021,Jitter
29,9350,,CRI,226,29191,77366,139185,Costa Rica,November,2021,Latency
23,9350,,CRI,226,29191,77366,139186,Costa Rica,November,2021,Jitter
28,9350,,CRI,226,29191,77367,139185,Costa Rica,December,2021,Latency
23,9350,,CRI,226,29191,77367,139186,Costa Rica,December,2021,Jitter
29,9350,,CRI,226,29192,77356,139185,Costa Rica,January,2022,Latency
23,9350,,CRI,226,29192,77356,139186,Costa Rica,January,2022,Jitter
28,9350,,CRI,226,29192,77357,139185,Costa Rica,February,2022,Latency
22,9350,,CRI,226,29192,77357,139186,Costa Rica,February,2022,Jitter
28,9350,,CRI,226,29192,77358,139185,Costa Rica,March,2022,Latency
22,9350,,CRI,226,29192,77358,139186,Costa Rica,March,2022,Jitter
28,9350,,CRI,226,29192,77359,139185,Costa Rica,April,2022,Latency
24,9350,,CRI,226,29192,77359,139186,Costa Rica,April,2022,Jitter
29,9350,,CRI,226,29192,77360,139185,Costa Rica,May,2022,Latency
24,9350,,CRI,226,29192,77360,139186,Costa Rica,May,2022,Jitter
28,9350,,CRI,226,29192,77361,139185,Costa Rica,June,2022,Latency
23,9350,,CRI,226,29192,77361,139186,Costa Rica,June,2022,Jitter
28,9350,,CRI,226,29192,77362,139185,Costa Rica,July,2022,Latency
25,9350,,CRI,226,29192,77362,139186,Costa Rica,July,2022,Jitter
28,9350,,CRI,226,29192,77363,139185,Costa Rica,August,2022,Latency
24,9350,,CRI,226,29192,77363,139186,Costa Rica,August,2022,Jitter
28,9350,,CRI,226,29192,77364,139185,Costa Rica,September,2022,Latency
23,9350,,CRI,226,29192,77364,139186,Costa Rica,September,2022,Jitter
28,9350,,CRI,226,29192,77365,139185,Costa Rica,October,2022,Latency
24,9350,,CRI,226,29192,77365,139186,Costa Rica,October,2022,Jitter
28,9350,,CRI,226,29192,77366,139185,Costa Rica,November,2022,Latency
26,9350,,CRI,226,29192,77366,139186,Costa Rica,November,2022,Jitter
116,9350,,CUB,249,29191,77366,139185,Cuba,November,2021,Latency
50,9350,,CUB,249,29191,77366,139186,Cuba,November,2021,Jitter
119,9350,,CUB,249,29191,77367,139185,Cuba,December,2021,Latency
55,9350,,CUB,249,29191,77367,139186,Cuba,December,2021,Jitter
119,9350,,CUB,249,29192,77356,139185,Cuba,January,2022,Latency
46,9350,,CUB,249,29192,77356,139186,Cuba,January,2022,Jitter
130,9350,,CUB,249,29192,77357,139185,Cuba,February,2022,Latency
65,9350,,CUB,249,29192,77357,139186,Cuba,February,2022,Jitter
126,9350,,CUB,249,29192,77358,139185,Cuba,March,2022,Latency
74,9350,,CUB,249,29192,77358,139186,Cuba,March,2022,Jitter
139,9350,,CUB,249,29192,77359,139185,Cuba,April,2022,Latency
113,9350,,CUB,249,29192,77359,139186,Cuba,April,2022,Jitter
137,9350,,CUB,249,29192,77360,139185,Cuba,May,2022,Latency
116,9350,,CUB,249,29192,77360,139186,Cuba,May,2022,Jitter
141,9350,,CUB,249,29192,77361,139185,Cuba,June,2022,Latency
98,9350,,CUB,249,29192,77361,139186,Cuba,June,2022,Jitter
137,9350,,CUB,249,29192,77362,139185,Cuba,July,2022,Latency
106,9350,,CUB,249,29192,77362,139186,Cuba,July,2022,Jitter
144,9350,,CUB,249,29192,77363,139185,Cuba,August,2022,Latency
107,9350,,CUB,249,29192,77363,139186,Cuba,August,2022,Jitter
149,9350,,CUB,249,29192,77364,139185,Cuba,September,2022,Latency
134,9350,,CUB,249,29192,77364,139186,Cuba,September,2022,Jitter
154,9350,,CUB,249,29192,77365,139185,Cuba,October,2022,Latency
129,9350,,CUB,249,29192,77365,139186,Cuba,October,2022,Jitter
138,9350,,CUB,249,29192,77366,139185,Cuba,November,2022,Latency
92,9350,,CUB,249,29192,77366,139186,Cuba,November,2022,Jitter
39,9350,,ECU,229,29190,77358,139185,Ecuador,March,2020,Latency
41,9350,,ECU,229,29190,77358,139186,Ecuador,March,2020,Jitter
39,9350,,ECU,229,29190,77359,139185,Ecuador,April,2020,Latency
40,9350,,ECU,229,29190,77359,139186,Ecuador,April,2020,Jitter
37,9350,,ECU,229,29190,77360,139185,Ecuador,May,2020,Latency
33,9350,,ECU,229,29190,77360,139186,Ecuador,May,2020,Jitter
36,9350,,ECU,229,29190,77361,139185,Ecuador,June,2020,Latency
33,9350,,ECU,229,29190,77361,139186,Ecuador,June,2020,Jitter
35,9350,,ECU,229,29190,77362,139185,Ecuador,July,2020,Latency
33,9350,,ECU,229,29190,77362,139186,Ecuador,July,2020,Jitter
37,9350,,ECU,229,29190,77363,139185,Ecuador,August,2020,Latency
33,9350,,ECU,229,29190,77363,139186,Ecuador,August,2020,Jitter
37,9350,,ECU,229,29190,77364,139185,Ecuador,September,2020,Latency
34,9350,,ECU,229,29190,77364,139186,Ecuador,September,2020,Jitter
35,9350,,ECU,229,29190,77365,139185,Ecuador,October,2020,Latency
26,9350,,ECU,229,29190,77365,139186,Ecuador,October,2020,Jitter
36,9350,,ECU,229,29190,77366,139185,Ecuador,November,2020,Latency
28,9350,,ECU,229,29190,77366,139186,Ecuador,November,2020,Jitter
36,9350,,ECU,229,29190,77367,139185,Ecuador,December,2020,Latency
27,9350,,ECU,229,29190,77367,139186,Ecuador,December,2020,Jitter
35,9350,,ECU,229,29191,77356,139185,Ecuador,January,2021,Latency
27,9350,,ECU,229,29191,77356,139186,Ecuador,January,2021,Jitter
37,9350,,ECU,229,29191,77357,139185,Ecuador,February,2021,Latency
28,9350,,ECU,229,29191,77357,139186,Ecuador,February,2021,Jitter
35,9350,,ECU,229,29191,77358,139185,Ecuador,March,2021,Latency
27,9350,,ECU,229,29191,77358,139186,Ecuador,March,2021,Jitter
35,9350,,ECU,229,29191,77359,139185,Ecuador,April,2021,Latency
25,9350,,ECU,229,29191,77359,139186,Ecuador,April,2021,Jitter
35,9350,,ECU,229,29191,77360,139185,Ecuador,May,2021,Latency
25,9350,,ECU,229,29191,77360,139186,Ecuador,May,2021,Jitter
34,9350,,ECU,229,29191,77361,139185,Ecuador,June,2021,Latency
25,9350,,ECU,229,29191,77361,139186,Ecuador,June,2021,Jitter
34,9350,,ECU,229,29191,77362,139185,Ecuador,July,2021,Latency
24,9350,,ECU,229,29191,77362,139186,Ecuador,July,2021,Jitter
34,9350,,ECU,229,29191,77363,139185,Ecuador,August,2021,Latency
24,9350,,ECU,229,29191,77363,139186,Ecuador,August,2021,Jitter
34,9350,,ECU,229,29191,77364,139185,Ecuador,September,2021,Latency
24,9350,,ECU,229,29191,77364,139186,Ecuador,September,2021,Jitter
35,9350,,ECU,229,29191,77365,139185,Ecuador,October,2021,Latency
32,9350,,ECU,229,29191,77365,139186,Ecuador,October,2021,Jitter
37,9350,,ECU,229,29191,77366,139185,Ecuador,November,2021,Latency
36,9350,,ECU,229,29191,77366,139186,Ecuador,November,2021,Jitter
35,9350,,ECU,229,29191,77367,139185,Ecuador,December,2021,Latency
36,9350,,ECU,229,29191,77367,139186,Ecuador,December,2021,Jitter
35,9350,,ECU,229,29192,77356,139185,Ecuador,January,2022,Latency
37,9350,,ECU,229,29192,77356,139186,Ecuador,January,2022,Jitter
35,9350,,ECU,229,29192,77357,139185,Ecuador,February,2022,Latency
41,9350,,ECU,229,29192,77357,139186,Ecuador,February,2022,Jitter
36,9350,,ECU,229,29192,77358,139185,Ecuador,March,2022,Latency
46,9350,,ECU,229,29192,77358,139186,Ecuador,March,2022,Jitter
38,9350,,ECU,229,29192,77359,139185,Ecuador,April,2022,Latency
41,9350,,ECU,229,29192,77359,139186,Ecuador,April,2022,Jitter
39,9350,,ECU,229,29192,77360,139185,Ecuador,May,2022,Latency
41,9350,,ECU,229,29192,77360,139186,Ecuador,May,2022,Jitter
39,9350,,ECU,229,29192,77361,139185,Ecuador,June,2022,Latency
42,9350,,ECU,229,29192,77361,139186,Ecuador,June,2022,Jitter
37,9350,,ECU,229,29192,77362,139185,Ecuador,July,2022,Latency
41,9350,,ECU,229,29192,77362,139186,Ecuador,July,2022,Jitter
39,9350,,ECU,229,29192,77363,139185,Ecuador,August,2022,Latency
44,9350,,ECU,229,29192,77363,139186,Ecuador,August,2022,Jitter
38,9350,,ECU,229,29192,77364,139185,Ecuador,September,2022,Latency
41,9350,,ECU,229,29192,77364,139186,Ecuador,September,2022,Jitter
38,9350,,ECU,229,29192,77365,139185,Ecuador,October,2022,Latency
44,9350,,ECU,229,29192,77365,139186,Ecuador,October,2022,Jitter
39,9350,,ECU,229,29192,77366,139185,Ecuador,November,2022,Latency
39,9350,,ECU,229,29192,77366,139186,Ecuador,November,2022,Jitter
45,9350,,SLV,230,29190,77358,139185,El Salvador,March,2020,Latency
57,9350,,SLV,230,29190,77358,139186,El Salvador,March,2020,Jitter
44,9350,,SLV,230,29190,77359,139185,El Salvador,April,2020,Latency
64,9350,,SLV,230,29190,77359,139186,El Salvador,April,2020,Jitter
44,9350,,SLV,230,29190,77360,139185,El Salvador,May,2020,Latency
48,9350,,SLV,230,29190,77360,139186,El Salvador,May,2020,Jitter
42,9350,,SLV,230,29190,77361,139185,El Salvador,June,2020,Latency
41,9350,,SLV,230,29190,77361,139186,El Salvador,June,2020,Jitter
42,9350,,SLV,230,29190,77362,139185,El Salvador,July,2020,Latency
35,9350,,SLV,230,29190,77362,139186,El Salvador,July,2020,Jitter
43,9350,,SLV,230,29190,77363,139185,El Salvador,August,2020,Latency
31,9350,,SLV,230,29190,77363,139186,El Salvador,August,2020,Jitter
38,9350,,SLV,230,29190,77364,139185,El Salvador,September,2020,Latency
31,9350,,SLV,230,29190,77364,139186,El Salvador,September,2020,Jitter
27,9350,,SLV,230,29190,77365,139185,El Salvador,October,2020,Latency
23,9350,,SLV,230,29190,77365,139186,El Salvador,October,2020,Jitter
28,9350,,SLV,230,29190,77366,139185,El Salvador,November,2020,Latency
28,9350,,SLV,230,29190,77366,139186,El Salvador,November,2020,Jitter
27,9350,,SLV,230,29190,77367,139185,El Salvador,December,2020,Latency
30,9350,,SLV,230,29190,77367,139186,El Salvador,December,2020,Jitter
26,9350,,SLV,230,29191,77356,139185,El Salvador,January,2021,Latency
31,9350,,SLV,230,29191,77356,139186,El Salvador,January,2021,Jitter
27,9350,,SLV,230,29191,77357,139185,El Salvador,February,2021,Latency
32,9350,,SLV,230,29191,77357,139186,El Salvador,February,2021,Jitter
30,9350,,SLV,230,29191,77358,139185,El Salvador,March,2021,Latency
30,9350,,SLV,230,29191,77358,139186,El Salvador,March,2021,Jitter
29,9350,,SLV,230,29191,77359,139185,El Salvador,April,2021,Latency
27,9350,,SLV,230,29191,77359,139186,El Salvador,April,2021,Jitter
29,9350,,SLV,230,29191,77360,139185,El Salvador,May,2021,Latency
25,9350,,SLV,230,29191,77360,139186,El Salvador,May,2021,Jitter
32,9350,,SLV,230,29191,77361,139185,El Salvador,June,2021,Latency
26,9350,,SLV,230,29191,77361,139186,El Salvador,June,2021,Jitter
29,9350,,SLV,230,29191,77362,139185,El Salvador,July,2021,Latency
28,9350,,SLV,230,29191,77362,139186,El Salvador,July,2021,Jitter
31,9350,,SLV,230,29191,77363,139185,El Salvador,August,2021,Latency
27,9350,,SLV,230,29191,77363,139186,El Salvador,August,2021,Jitter
31,9350,,SLV,230,29191,77364,139185,El Salvador,September,2021,Latency
27,9350,,SLV,230,29191,77364,139186,El Salvador,September,2021,Jitter
31,9350,,SLV,230,29191,77365,139185,El Salvador,October,2021,Latency
25,9350,,SLV,230,29191,77365,139186,El Salvador,October,2021,Jitter
28,9350,,SLV,230,29191,77366,139185,El Salvador,November,2021,Latency
25,9350,,SLV,230,29191,77366,139186,El Salvador,November,2021,Jitter
27,9350,,SLV,230,29191,77367,139185,El Salvador,December,2021,Latency
27,9350,,SLV,230,29191,77367,139186,El Salvador,December,2021,Jitter
26,9350,,SLV,230,29192,77356,139185,El Salvador,January,2022,Latency
26,9350,,SLV,230,29192,77356,139186,El Salvador,January,2022,Jitter
28,9350,,SLV,230,29192,77357,139185,El Salvador,February,2022,Latency
25,9350,,SLV,230,29192,77357,139186,El Salvador,February,2022,Jitter
28,9350,,SLV,230,29192,77358,139185,El Salvador,March,2022,Latency
24,9350,,SLV,230,29192,77358,139186,El Salvador,March,2022,Jitter
29,9350,,SLV,230,29192,77359,139185,El Salvador,April,2022,Latency
25,9350,,SLV,230,29192,77359,139186,El Salvador,April,2022,Jitter
26,9350,,SLV,230,29192,77360,139185,El Salvador,May,2022,Latency
27,9350,,SLV,230,29192,77360,139186,El Salvador,May,2022,Jitter
27,9350,,SLV,230,29192,77361,139185,El Salvador,June,2022,Latency
26,9350,,SLV,230,29192,77361,139186,El Salvador,June,2022,Jitter
26,9350,,SLV,230,29192,77362,139185,El Salvador,July,2022,Latency
26,9350,,SLV,230,29192,77362,139186,El Salvador,July,2022,Jitter
26,9350,,SLV,230,29192,77363,139185,El Salvador,August,2022,Latency
28,9350,,SLV,230,29192,77363,139186,El Salvador,August,2022,Jitter
27,9350,,SLV,230,29192,77364,139185,El Salvador,September,2022,Latency
27,9350,,SLV,230,29192,77364,139186,El Salvador,September,2022,Jitter
26,9350,,SLV,230,29192,77365,139185,El Salvador,October,2022,Latency
24,9350,,SLV,230,29192,77365,139186,El Salvador,October,2022,Jitter
29,9350,,SLV,230,29192,77366,139185,El Salvador,November,2022,Latency
28,9350,,SLV,230,29192,77366,139186,El Salvador,November,2022,Jitter
45,9350,,ESP,20378,29190,77358,139185,Spain,March,2020,Latency
27,9350,,ESP,20378,29190,77358,139186,Spain,March,2020,Jitter
44,9350,,ESP,20378,29190,77359,139185,Spain,April,2020,Latency
26,9350,,ESP,20378,29190,77359,139186,Spain,April,2020,Jitter
42,9350,,ESP,20378,29190,77360,139185,Spain,May,2020,Latency
25,9350,,ESP,20378,29190,77360,139186,Spain,May,2020,Jitter
42,9350,,ESP,20378,29190,77361,139185,Spain,June,2020,Latency
26,9350,,ESP,20378,29190,77361,139186,Spain,June,2020,Jitter
45,9350,,ESP,20378,29190,77362,139185,Spain,July,2020,Latency
31,9350,,ESP,20378,29190,77362,139186,Spain,July,2020,Jitter
49,9350,,ESP,20378,29190,77363,139185,Spain,August,2020,Latency
36,9350,,ESP,20378,29190,77363,139186,Spain,August,2020,Jitter
42,9350,,ESP,20378,29190,77364,139185,Spain,September,2020,Latency
22,9350,,ESP,20378,29190,77364,139186,Spain,September,2020,Jitter
40,9350,,ESP,20378,29190,77365,139185,Spain,October,2020,Latency
21,9350,,ESP,20378,29190,77365,139186,Spain,October,2020,Jitter
40,9350,,ESP,20378,29190,77366,139185,Spain,November,2020,Latency
21,9350,,ESP,20378,29190,77366,139186,Spain,November,2020,Jitter
40,9350,,ESP,20378,29190,77367,139185,Spain,December,2020,Latency
21,9350,,ESP,20378,29190,77367,139186,Spain,December,2020,Jitter
41,9350,,ESP,20378,29191,77356,139185,Spain,January,2021,Latency
21,9350,,ESP,20378,29191,77356,139186,Spain,January,2021,Jitter
40,9350,,ESP,20378,29191,77357,139185,Spain,February,2021,Latency
20,9350,,ESP,20378,29191,77357,139186,Spain,February,2021,Jitter
40,9350,,ESP,20378,29191,77358,139185,Spain,March,2021,Latency
20,9350,,ESP,20378,29191,77358,139186,Spain,March,2021,Jitter
40,9350,,ESP,20378,29191,77359,139185,Spain,April,2021,Latency
20,9350,,ESP,20378,29191,77359,139186,Spain,April,2021,Jitter
40,9350,,ESP,20378,29191,77360,139185,Spain,May,2021,Latency
20,9350,,ESP,20378,29191,77360,139186,Spain,May,2021,Jitter
40,9350,,ESP,20378,29191,77361,139185,Spain,June,2021,Latency
21,9350,,ESP,20378,29191,77361,139186,Spain,June,2021,Jitter
41,9350,,ESP,20378,29191,77362,139185,Spain,July,2021,Latency
25,9350,,ESP,20378,29191,77362,139186,Spain,July,2021,Jitter
44,9350,,ESP,20378,29191,77363,139185,Spain,August,2021,Latency
29,9350,,ESP,20378,29191,77363,139186,Spain,August,2021,Jitter
40,9350,,ESP,20378,29191,77364,139185,Spain,September,2021,Latency
21,9350,,ESP,20378,29191,77364,139186,Spain,September,2021,Jitter
40,9350,,ESP,20378,29191,77365,139185,Spain,October,2021,Latency
22,9350,,ESP,20378,29191,77365,139186,Spain,October,2021,Jitter
40,9350,,ESP,20378,29191,77366,139185,Spain,November,2021,Latency
27,9350,,ESP,20378,29191,77366,139186,Spain,November,2021,Jitter
40,9350,,ESP,20378,29191,77367,139185,Spain,December,2021,Latency
22,9350,,ESP,20378,29191,77367,139186,Spain,December,2021,Jitter
40,9350,,ESP,20378,29192,77356,139185,Spain,January,2022,Latency
22,9350,,ESP,20378,29192,77356,139186,Spain,January,2022,Jitter
40,9350,,ESP,20378,29192,77357,139185,Spain,February,2022,Latency
21,9350,,ESP,20378,29192,77357,139186,Spain,February,2022,Jitter
41,9350,,ESP,20378,29192,77358,139185,Spain,March,2022,Latency
23,9350,,ESP,20378,29192,77358,139186,Spain,March,2022,Jitter
44,9350,,ESP,20378,29192,77359,139185,Spain,April,2022,Latency
24,9350,,ESP,20378,29192,77359,139186,Spain,April,2022,Jitter
43,9350,,ESP,20378,29192,77360,139185,Spain,May,2022,Latency
23,9350,,ESP,20378,29192,77360,139186,Spain,May,2022,Jitter
43,9350,,ESP,20378,29192,77361,139185,Spain,June,2022,Latency
23,9350,,ESP,20378,29192,77361,139186,Spain,June,2022,Jitter
44,9350,,ESP,20378,29192,77362,139185,Spain,July,2022,Latency
27,9350,,ESP,20378,29192,77362,139186,Spain,July,2022,Jitter
45,9350,,ESP,20378,29192,77363,139185,Spain,August,2022,Latency
30,9350,,ESP,20378,29192,77363,139186,Spain,August,2022,Jitter
41,9350,,ESP,20378,29192,77364,139185,Spain,September,2022,Latency
24,9350,,ESP,20378,29192,77364,139186,Spain,September,2022,Jitter
40,9350,,ESP,20378,29192,77365,139185,Spain,October,2022,Latency
25,9350,,ESP,20378,29192,77365,139186,Spain,October,2022,Jitter
38,9350,,ESP,20378,29192,77366,139185,Spain,November,2022,Latency
24,9350,,ESP,20378,29192,77366,139186,Spain,November,2022,Jitter
45,9350,,USA,43446,29190,77358,139185,United States,March,2020,Latency
37,9350,,USA,43446,29190,77358,139186,United States,March,2020,Jitter
46,9350,,USA,43446,29190,77359,139185,United States,April,2020,Latency
34,9350,,USA,43446,29190,77359,139186,United States,April,2020,Jitter
46,9350,,USA,43446,29190,77360,139185,United States,May,2020,Latency
36,9350,,USA,43446,29190,77360,139186,United States,May,2020,Jitter
48,9350,,USA,43446,29190,77361,139185,United States,June,2020,Latency
38,9350,,USA,43446,29190,77361,139186,United States,June,2020,Jitter
48,9350,,USA,43446,29190,77362,139185,United States,July,2020,Latency
38,9350,,USA,43446,29190,77362,139186,United States,July,2020,Jitter
49,9350,,USA,43446,29190,77363,139185,United States,August,2020,Latency
37,9350,,USA,43446,29190,77363,139186,United States,August,2020,Jitter
47,9350,,USA,43446,29190,77364,139185,United States,September,2020,Latency
34,9350,,USA,43446,29190,77364,139186,United States,September,2020,Jitter
40,9350,,USA,43446,29190,77365,139185,United States,October,2020,Latency
27,9350,,USA,43446,29190,77365,139186,United States,October,2020,Jitter
38,9350,,USA,43446,29190,77366,139185,United States,November,2020,Latency
25,9350,,USA,43446,29190,77366,139186,United States,November,2020,Jitter
38,9350,,USA,43446,29190,77367,139185,United States,December,2020,Latency
25,9350,,USA,43446,29190,77367,139186,United States,December,2020,Jitter
39,9350,,USA,43446,29191,77356,139185,United States,January,2021,Latency
25,9350,,USA,43446,29191,77356,139186,United States,January,2021,Jitter
40,9350,,USA,43446,29191,77357,139185,United States,February,2021,Latency
28,9350,,USA,43446,29191,77357,139186,United States,February,2021,Jitter
40,9350,,USA,43446,29191,77358,139185,United States,March,2021,Latency
27,9350,,USA,43446,29191,77358,139186,United States,March,2021,Jitter
40,9350,,USA,43446,29191,77359,139185,United States,April,2021,Latency
27,9350,,USA,43446,29191,77359,139186,United States,April,2021,Jitter
40,9350,,USA,43446,29191,77360,139185,United States,May,2021,Latency
27,9350,,USA,43446,29191,77360,139186,United States,May,2021,Jitter
41,9350,,USA,43446,29191,77361,139185,United States,June,2021,Latency
29,9350,,USA,43446,29191,77361,139186,United States,June,2021,Jitter
43,9350,,USA,43446,29191,77362,139185,United States,July,2021,Latency
30,9350,,USA,43446,29191,77362,139186,United States,July,2021,Jitter
41,9350,,USA,43446,29191,77363,139185,United States,August,2021,Latency
28,9350,,USA,43446,29191,77363,139186,United States,August,2021,Jitter
39,9350,,USA,43446,29191,77364,139185,United States,September,2021,Latency
27,9350,,USA,43446,29191,77364,139186,United States,September,2021,Jitter
39,9350,,USA,43446,29191,77365,139185,United States,October,2021,Latency
27,9350,,USA,43446,29191,77365,139186,United States,October,2021,Jitter
39,9350,,USA,43446,29191,77366,139185,United States,November,2021,Latency
28,9350,,USA,43446,29191,77366,139186,United States,November,2021,Jitter
40,9350,,USA,43446,29191,77367,139185,United States,December,2021,Latency
28,9350,,USA,43446,29191,77367,139186,United States,December,2021,Jitter
38,9350,,USA,43446,29192,77356,139185,United States,January,2022,Latency
25,9350,,USA,43446,29192,77356,139186,United States,January,2022,Jitter
39,9350,,USA,43446,29192,77357,139185,United States,February,2022,Latency
26,9350,,USA,43446,29192,77357,139186,United States,February,2022,Jitter
39,9350,,USA,43446,29192,77358,139185,United States,March,2022,Latency
28,9350,,USA,43446,29192,77358,139186,United States,March,2022,Jitter
40,9350,,USA,43446,29192,77359,139185,United States,April,2022,Latency
29,9350,,USA,43446,29192,77359,139186,United States,April,2022,Jitter
41,9350,,USA,43446,29192,77360,139185,United States,May,2022,Latency
30,9350,,USA,43446,29192,77360,139186,United States,May,2022,Jitter
41,9350,,USA,43446,29192,77361,139185,United States,June,2022,Latency
31,9350,,USA,43446,29192,77361,139186,United States,June,2022,Jitter
42,9350,,USA,43446,29192,77362,139185,United States,July,2022,Latency
32,9350,,USA,43446,29192,77362,139186,United States,July,2022,Jitter
40,9350,,USA,43446,29192,77363,139185,United States,August,2022,Latency
32,9350,,USA,43446,29192,77363,139186,United States,August,2022,Jitter
39,9350,,USA,43446,29192,77364,139185,United States,September,2022,Latency
33,9350,,USA,43446,29192,77364,139186,United States,September,2022,Jitter
39,9350,,USA,43446,29192,77365,139185,United States,October,2022,Latency
32,9350,,USA,43446,29192,77365,139186,United States,October,2022,Jitter
38,9350,,USA,43446,29192,77366,139185,United States,November,2022,Latency
31,9350,,USA,43446,29192,77366,139186,United States,November,2022,Jitter
39,9350,,FRA,31779,29190,77358,139185,France,March,2020,Latency
26,9350,,FRA,31779,29190,77358,139186,France,March,2020,Jitter
39,9350,,FRA,31779,29190,77359,139185,France,April,2020,Latency
23,9350,,FRA,31779,29190,77359,139186,France,April,2020,Jitter
37,9350,,FRA,31779,29190,77360,139185,France,May,2020,Latency
23,9350,,FRA,31779,29190,77360,139186,France,May,2020,Jitter
38,9350,,FRA,31779,29190,77361,139185,France,June,2020,Latency
24,9350,,FRA,31779,29190,77361,139186,France,June,2020,Jitter
41,9350,,FRA,31779,29190,77362,139185,France,July,2020,Latency
27,9350,,FRA,31779,29190,77362,139186,France,July,2020,Jitter
44,9350,,FRA,31779,29190,77363,139185,France,August,2020,Latency
29,9350,,FRA,31779,29190,77363,139186,France,August,2020,Jitter
38,9350,,FRA,31779,29190,77364,139185,France,September,2020,Latency
21,9350,,FRA,31779,29190,77364,139186,France,September,2020,Jitter
36,9350,,FRA,31779,29190,77365,139185,France,October,2020,Latency
20,9350,,FRA,31779,29190,77365,139186,France,October,2020,Jitter
36,9350,,FRA,31779,29190,77366,139185,France,November,2020,Latency
18,9350,,FRA,31779,29190,77366,139186,France,November,2020,Jitter
36,9350,,FRA,31779,29190,77367,139185,France,December,2020,Latency
18,9350,,FRA,31779,29190,77367,139186,France,December,2020,Jitter
36,9350,,FRA,31779,29191,77356,139185,France,January,2021,Latency
18,9350,,FRA,31779,29191,77356,139186,France,January,2021,Jitter
36,9350,,FRA,31779,29191,77357,139185,France,February,2021,Latency
19,9350,,FRA,31779,29191,77357,139186,France,February,2021,Jitter
36,9350,,FRA,31779,29191,77358,139185,France,March,2021,Latency
19,9350,,FRA,31779,29191,77358,139186,France,March,2021,Jitter
36,9350,,FRA,31779,29191,77359,139185,France,April,2021,Latency
18,9350,,FRA,31779,29191,77359,139186,France,April,2021,Jitter
37,9350,,FRA,31779,29191,77360,139185,France,May,2021,Latency
19,9350,,FRA,31779,29191,77360,139186,France,May,2021,Jitter
37,9350,,FRA,31779,29191,77361,139185,France,June,2021,Latency
19,9350,,FRA,31779,29191,77361,139186,France,June,2021,Jitter
40,9350,,FRA,31779,29191,77362,139185,France,July,2021,Latency
22,9350,,FRA,31779,29191,77362,139186,France,July,2021,Jitter
41,9350,,FRA,31779,29191,77363,139185,France,August,2021,Latency
23,9350,,FRA,31779,29191,77363,139186,France,August,2021,Jitter
37,9350,,FRA,31779,29191,77364,139185,France,September,2021,Latency
19,9350,,FRA,31779,29191,77364,139186,France,September,2021,Jitter
37,9350,,FRA,31779,29191,77365,139185,France,October,2021,Latency
20,9350,,FRA,31779,29191,77365,139186,France,October,2021,Jitter
37,9350,,FRA,31779,29191,77366,139185,France,November,2021,Latency
19,9350,,FRA,31779,29191,77366,139186,France,November,2021,Jitter
37,9350,,FRA,31779,29191,77367,139185,France,December,2021,Latency
19,9350,,FRA,31779,29191,77367,139186,France,December,2021,Jitter
36,9350,,FRA,31779,29192,77356,139185,France,January,2022,Latency
18,9350,,FRA,31779,29192,77356,139186,France,January,2022,Jitter
37,9350,,FRA,31779,29192,77357,139185,France,February,2022,Latency
20,9350,,FRA,31779,29192,77357,139186,France,February,2022,Jitter
37,9350,,FRA,31779,29192,77358,139185,France,March,2022,Latency
20,9350,,FRA,31779,29192,77358,139186,France,March,2022,Jitter
37,9350,,FRA,31779,29192,77359,139185,France,April,2022,Latency
20,9350,,FRA,31779,29192,77359,139186,France,April,2022,Jitter
37,9350,,FRA,31779,29192,77360,139185,France,May,2022,Latency
22,9350,,FRA,31779,29192,77360,139186,France,May,2022,Jitter
37,9350,,FRA,31779,29192,77361,139185,France,June,2022,Latency
23,9350,,FRA,31779,29192,77361,139186,France,June,2022,Jitter
38,9350,,FRA,31779,29192,77362,139185,France,July,2022,Latency
25,9350,,FRA,31779,29192,77362,139186,France,July,2022,Jitter
40,9350,,FRA,31779,29192,77363,139185,France,August,2022,Latency
25,9350,,FRA,31779,29192,77363,139186,France,August,2022,Jitter
36,9350,,FRA,31779,29192,77364,139185,France,September,2022,Latency
23,9350,,FRA,31779,29192,77364,139186,France,September,2022,Jitter
36,9350,,FRA,31779,29192,77365,139185,France,October,2022,Latency
23,9350,,FRA,31779,29192,77365,139186,France,October,2022,Jitter
36,9350,,FRA,31779,29192,77366,139185,France,November,2022,Latency
24,9350,,FRA,31779,29192,77366,139186,France,November,2022,Jitter
36,9350,,GTM,235,29190,77358,139185,Guatemala,March,2020,Latency
39,9350,,GTM,235,29190,77358,139186,Guatemala,March,2020,Jitter
33,9350,,GTM,235,29190,77359,139185,Guatemala,April,2020,Latency
34,9350,,GTM,235,29190,77359,139186,Guatemala,April,2020,Jitter
33,9350,,GTM,235,29190,77360,139185,Guatemala,May,2020,Latency
31,9350,,GTM,235,29190,77360,139186,Guatemala,May,2020,Jitter
33,9350,,GTM,235,29190,77361,139185,Guatemala,June,2020,Latency
30,9350,,GTM,235,29190,77361,139186,Guatemala,June,2020,Jitter
35,9350,,GTM,235,29190,77362,139185,Guatemala,July,2020,Latency
29,9350,,GTM,235,29190,77362,139186,Guatemala,July,2020,Jitter
39,9350,,GTM,235,29190,77363,139185,Guatemala,August,2020,Latency
27,9350,,GTM,235,29190,77363,139186,Guatemala,August,2020,Jitter
37,9350,,GTM,235,29190,77364,139185,Guatemala,September,2020,Latency
27,9350,,GTM,235,29190,77364,139186,Guatemala,September,2020,Jitter
26,9350,,GTM,235,29190,77365,139185,Guatemala,October,2020,Latency
19,9350,,GTM,235,29190,77365,139186,Guatemala,October,2020,Jitter
26,9350,,GTM,235,29190,77366,139185,Guatemala,November,2020,Latency
19,9350,,GTM,235,29190,77366,139186,Guatemala,November,2020,Jitter
25,9350,,GTM,235,29190,77367,139185,Guatemala,December,2020,Latency
19,9350,,GTM,235,29190,77367,139186,Guatemala,December,2020,Jitter
25,9350,,GTM,235,29191,77356,139185,Guatemala,January,2021,Latency
18,9350,,GTM,235,29191,77356,139186,Guatemala,January,2021,Jitter
24,9350,,GTM,235,29191,77357,139185,Guatemala,February,2021,Latency
17,9350,,GTM,235,29191,77357,139186,Guatemala,February,2021,Jitter
24,9350,,GTM,235,29191,77358,139185,Guatemala,March,2021,Latency
19,9350,,GTM,235,29191,77358,139186,Guatemala,March,2021,Jitter
38,9350,,GTM,235,29191,77359,139185,Guatemala,April,2021,Latency
19,9350,,GTM,235,29191,77359,139186,Guatemala,April,2021,Jitter
26,9350,,GTM,235,29191,77360,139185,Guatemala,May,2021,Latency
17,9350,,GTM,235,29191,77360,139186,Guatemala,May,2021,Jitter
25,9350,,GTM,235,29191,77361,139185,Guatemala,June,2021,Latency
18,9350,,GTM,235,29191,77361,139186,Guatemala,June,2021,Jitter
25,9350,,GTM,235,29191,77362,139185,Guatemala,July,2021,Latency
18,9350,,GTM,235,29191,77362,139186,Guatemala,July,2021,Jitter
24,9350,,GTM,235,29191,77363,139185,Guatemala,August,2021,Latency
17,9350,,GTM,235,29191,77363,139186,Guatemala,August,2021,Jitter
26,9350,,GTM,235,29191,77364,139185,Guatemala,September,2021,Latency
18,9350,,GTM,235,29191,77364,139186,Guatemala,September,2021,Jitter
26,9350,,GTM,235,29191,77365,139185,Guatemala,October,2021,Latency
17,9350,,GTM,235,29191,77365,139186,Guatemala,October,2021,Jitter
24,9350,,GTM,235,29191,77366,139185,Guatemala,November,2021,Latency
17,9350,,GTM,235,29191,77366,139186,Guatemala,November,2021,Jitter
24,9350,,GTM,235,29191,77367,139185,Guatemala,December,2021,Latency
18,9350,,GTM,235,29191,77367,139186,Guatemala,December,2021,Jitter
25,9350,,GTM,235,29192,77356,139185,Guatemala,January,2022,Latency
19,9350,,GTM,235,29192,77356,139186,Guatemala,January,2022,Jitter
24,9350,,GTM,235,29192,77357,139185,Guatemala,February,2022,Latency
16,9350,,GTM,235,29192,77357,139186,Guatemala,February,2022,Jitter
24,9350,,GTM,235,29192,77358,139185,Guatemala,March,2022,Latency
18,9350,,GTM,235,29192,77358,139186,Guatemala,March,2022,Jitter
24,9350,,GTM,235,29192,77359,139185,Guatemala,April,2022,Latency
21,9350,,GTM,235,29192,77359,139186,Guatemala,April,2022,Jitter
25,9350,,GTM,235,29192,77360,139185,Guatemala,May,2022,Latency
20,9350,,GTM,235,29192,77360,139186,Guatemala,May,2022,Jitter
26,9350,,GTM,235,29192,77361,139185,Guatemala,June,2022,Latency
19,9350,,GTM,235,29192,77361,139186,Guatemala,June,2022,Jitter
24,9350,,GTM,235,29192,77362,139185,Guatemala,July,2022,Latency
18,9350,,GTM,235,29192,77362,139186,Guatemala,July,2022,Jitter
30,9350,,GTM,235,29192,77363,139185,Guatemala,August,2022,Latency
19,9350,,GTM,235,29192,77363,139186,Guatemala,August,2022,Jitter
24,9350,,GTM,235,29192,77364,139185,Guatemala,September,2022,Latency
18,9350,,GTM,235,29192,77364,139186,Guatemala,September,2022,Jitter
24,9350,,GTM,235,29192,77365,139185,Guatemala,October,2022,Latency
18,9350,,GTM,235,29192,77365,139186,Guatemala,October,2022,Jitter
24,9350,,GTM,235,29192,77366,139185,Guatemala,November,2022,Latency
17,9350,,GTM,235,29192,77366,139186,Guatemala,November,2022,Jitter
31,9350,,HTI,238,29191,77366,139185,Haiti,November,2021,Latency
40,9350,,HTI,238,29191,77366,139186,Haiti,November,2021,Jitter
30,9350,,HTI,238,29191,77367,139185,Haiti,December,2021,Latency
35,9350,,HTI,238,29191,77367,139186,Haiti,December,2021,Jitter
36,9350,,HTI,238,29192,77356,139185,Haiti,January,2022,Latency
62,9350,,HTI,238,29192,77356,139186,Haiti,January,2022,Jitter
40,9350,,HTI,238,29192,77357,139185,Haiti,February,2022,Latency
48,9350,,HTI,238,29192,77357,139186,Haiti,February,2022,Jitter
32,9350,,HTI,238,29192,77358,139185,Haiti,March,2022,Latency
42,9350,,HTI,238,29192,77358,139186,Haiti,March,2022,Jitter
33,9350,,HTI,238,29192,77359,139185,Haiti,April,2022,Latency
47,9350,,HTI,238,29192,77359,139186,Haiti,April,2022,Jitter
36,9350,,HTI,238,29192,77360,139185,Haiti,May,2022,Latency
49,9350,,HTI,238,29192,77360,139186,Haiti,May,2022,Jitter
35,9350,,HTI,238,29192,77361,139185,Haiti,June,2022,Latency
47,9350,,HTI,238,29192,77361,139186,Haiti,June,2022,Jitter
34,9350,,HTI,238,29192,77362,139185,Haiti,July,2022,Latency
61,9350,,HTI,238,29192,77362,139186,Haiti,July,2022,Jitter
38,9350,,HTI,238,29192,77363,139185,Haiti,August,2022,Latency
52,9350,,HTI,238,29192,77363,139186,Haiti,August,2022,Jitter
55,9350,,HTI,238,29192,77364,139185,Haiti,September,2022,Latency
95,9350,,HTI,238,29192,77364,139186,Haiti,September,2022,Jitter
49,9350,,HTI,238,29192,77365,139185,Haiti,October,2022,Latency
88,9350,,HTI,238,29192,77365,139186,Haiti,October,2022,Jitter
40,9350,,HTI,238,29192,77366,139185,Haiti,November,2022,Latency
70,9350,,HTI,238,29192,77366,139186,Haiti,November,2022,Jitter
41,9350,,HND,239,29190,77358,139185,Honduras,March,2020,Latency
39,9350,,HND,239,29190,77358,139186,Honduras,March,2020,Jitter
42,9350,,HND,239,29190,77359,139185,Honduras,April,2020,Latency
41,9350,,HND,239,29190,77359,139186,Honduras,April,2020,Jitter
43,9350,,HND,239,29190,77360,139185,Honduras,May,2020,Latency
41,9350,,HND,239,29190,77360,139186,Honduras,May,2020,Jitter
44,9350,,HND,239,29190,77361,139185,Honduras,June,2020,Latency
40,9350,,HND,239,29190,77361,139186,Honduras,June,2020,Jitter
42,9350,,HND,239,29190,77362,139185,Honduras,July,2020,Latency
38,9350,,HND,239,29190,77362,139186,Honduras,July,2020,Jitter
44,9350,,HND,239,29190,77363,139185,Honduras,August,2020,Latency
39,9350,,HND,239,29190,77363,139186,Honduras,August,2020,Jitter
51,9350,,HND,239,29190,77364,139185,Honduras,September,2020,Latency
43,9350,,HND,239,29190,77364,139186,Honduras,September,2020,Jitter
49,9350,,HND,239,29190,77365,139185,Honduras,October,2020,Latency
36,9350,,HND,239,29190,77365,139186,Honduras,October,2020,Jitter
51,9350,,HND,239,29190,77366,139185,Honduras,November,2020,Latency
36,9350,,HND,239,29190,77366,139186,Honduras,November,2020,Jitter
49,9350,,HND,239,29190,77367,139185,Honduras,December,2020,Latency
35,9350,,HND,239,29190,77367,139186,Honduras,December,2020,Jitter
43,9350,,HND,239,29191,77356,139185,Honduras,January,2021,Latency
39,9350,,HND,239,29191,77356,139186,Honduras,January,2021,Jitter
39,9350,,HND,239,29191,77357,139185,Honduras,February,2021,Latency
41,9350,,HND,239,29191,77357,139186,Honduras,February,2021,Jitter
41,9350,,HND,239,29191,77358,139185,Honduras,March,2021,Latency
43,9350,,HND,239,29191,77358,139186,Honduras,March,2021,Jitter
38,9350,,HND,239,29191,77359,139185,Honduras,April,2021,Latency
29,9350,,HND,239,29191,77359,139186,Honduras,April,2021,Jitter
37,9350,,HND,239,29191,77360,139185,Honduras,May,2021,Latency
28,9350,,HND,239,29191,77360,139186,Honduras,May,2021,Jitter
38,9350,,HND,239,29191,77361,139185,Honduras,June,2021,Latency
30,9350,,HND,239,29191,77361,139186,Honduras,June,2021,Jitter
42,9350,,HND,239,29191,77362,139185,Honduras,July,2021,Latency
32,9350,,HND,239,29191,77362,139186,Honduras,July,2021,Jitter
39,9350,,HND,239,29191,77363,139185,Honduras,August,2021,Latency
30,9350,,HND,239,29191,77363,139186,Honduras,August,2021,Jitter
39,9350,,HND,239,29191,77364,139185,Honduras,September,2021,Latency
27,9350,,HND,239,29191,77364,139186,Honduras,September,2021,Jitter
40,9350,,HND,239,29191,77365,139185,Honduras,October,2021,Latency
32,9350,,HND,239,29191,77365,139186,Honduras,October,2021,Jitter
41,9350,,HND,239,29191,77366,139185,Honduras,November,2021,Latency
30,9350,,HND,239,29191,77366,139186,Honduras,November,2021,Jitter
39,9350,,HND,239,29191,77367,139185,Honduras,December,2021,Latency
29,9350,,HND,239,29191,77367,139186,Honduras,December,2021,Jitter
39,9350,,HND,239,29192,77356,139185,Honduras,January,2022,Latency
32,9350,,HND,239,29192,77356,139186,Honduras,January,2022,Jitter
45,9350,,HND,239,29192,77357,139185,Honduras,February,2022,Latency
32,9350,,HND,239,29192,77357,139186,Honduras,February,2022,Jitter
38,9350,,HND,239,29192,77358,139185,Honduras,March,2022,Latency
28,9350,,HND,239,29192,77358,139186,Honduras,March,2022,Jitter
38,9350,,HND,239,29192,77359,139185,Honduras,April,2022,Latency
29,9350,,HND,239,29192,77359,139186,Honduras,April,2022,Jitter
38,9350,,HND,239,29192,77360,139185,Honduras,May,2022,Latency
28,9350,,HND,239,29192,77360,139186,Honduras,May,2022,Jitter
38,9350,,HND,239,29192,77361,139185,Honduras,June,2022,Latency
28,9350,,HND,239,29192,77361,139186,Honduras,June,2022,Jitter
38,9350,,HND,239,29192,77362,139185,Honduras,July,2022,Latency
27,9350,,HND,239,29192,77362,139186,Honduras,July,2022,Jitter
38,9350,,HND,239,29192,77363,139185,Honduras,August,2022,Latency
32,9350,,HND,239,29192,77363,139186,Honduras,August,2022,Jitter
36,9350,,HND,239,29192,77364,139185,Honduras,September,2022,Latency
32,9350,,HND,239,29192,77364,139186,Honduras,September,2022,Jitter
38,9350,,HND,239,29192,77365,139185,Honduras,October,2022,Latency
30,9350,,HND,239,29192,77365,139186,Honduras,October,2022,Jitter
37,9350,,HND,239,29192,77366,139185,Honduras,November,2022,Latency
29,9350,,HND,239,29192,77366,139186,Honduras,November,2022,Jitter
48,9350,,ITA,31783,29190,77358,139185,Italy,March,2020,Latency
31,9350,,ITA,31783,29190,77358,139186,Italy,March,2020,Jitter
45,9350,,ITA,31783,29190,77359,139185,Italy,April,2020,Latency
27,9350,,ITA,31783,29190,77359,139186,Italy,April,2020,Jitter
43,9350,,ITA,31783,29190,77360,139185,Italy,May,2020,Latency
23,9350,,ITA,31783,29190,77360,139186,Italy,May,2020,Jitter
43,9350,,ITA,31783,29190,77361,139185,Italy,June,2020,Latency
25,9350,,ITA,31783,29190,77361,139186,Italy,June,2020,Jitter
44,9350,,ITA,31783,29190,77362,139185,Italy,July,2020,Latency
30,9350,,ITA,31783,29190,77362,139186,Italy,July,2020,Jitter
49,9350,,ITA,31783,29190,77363,139185,Italy,August,2020,Latency
39,9350,,ITA,31783,29190,77363,139186,Italy,August,2020,Jitter
42,9350,,ITA,31783,29190,77364,139185,Italy,September,2020,Latency
22,9350,,ITA,31783,29190,77364,139186,Italy,September,2020,Jitter
43,9350,,ITA,31783,29190,77365,139185,Italy,October,2020,Latency
21,9350,,ITA,31783,29190,77365,139186,Italy,October,2020,Jitter
42,9350,,ITA,31783,29190,77366,139185,Italy,November,2020,Latency
21,9350,,ITA,31783,29190,77366,139186,Italy,November,2020,Jitter
42,9350,,ITA,31783,29190,77367,139185,Italy,December,2020,Latency
20,9350,,ITA,31783,29190,77367,139186,Italy,December,2020,Jitter
43,9350,,ITA,31783,29191,77356,139185,Italy,January,2021,Latency
21,9350,,ITA,31783,29191,77356,139186,Italy,January,2021,Jitter
42,9350,,ITA,31783,29191,77357,139185,Italy,February,2021,Latency
20,9350,,ITA,31783,29191,77357,139186,Italy,February,2021,Jitter
42,9350,,ITA,31783,29191,77358,139185,Italy,March,2021,Latency
20,9350,,ITA,31783,29191,77358,139186,Italy,March,2021,Jitter
42,9350,,ITA,31783,29191,77359,139185,Italy,April,2021,Latency
19,9350,,ITA,31783,29191,77359,139186,Italy,April,2021,Jitter
41,9350,,ITA,31783,29191,77360,139185,Italy,May,2021,Latency
19,9350,,ITA,31783,29191,77360,139186,Italy,May,2021,Jitter
43,9350,,ITA,31783,29191,77361,139185,Italy,June,2021,Latency
22,9350,,ITA,31783,29191,77361,139186,Italy,June,2021,Jitter
45,9350,,ITA,31783,29191,77362,139185,Italy,July,2021,Latency
24,9350,,ITA,31783,29191,77362,139186,Italy,July,2021,Jitter
48,9350,,ITA,31783,29191,77363,139185,Italy,August,2021,Latency
32,9350,,ITA,31783,29191,77363,139186,Italy,August,2021,Jitter
44,9350,,ITA,31783,29191,77364,139185,Italy,September,2021,Latency
21,9350,,ITA,31783,29191,77364,139186,Italy,September,2021,Jitter
44,9350,,ITA,31783,29191,77365,139185,Italy,October,2021,Latency
21,9350,,ITA,31783,29191,77365,139186,Italy,October,2021,Jitter
43,9350,,ITA,31783,29191,77366,139185,Italy,November,2021,Latency
21,9350,,ITA,31783,29191,77366,139186,Italy,November,2021,Jitter
43,9350,,ITA,31783,29191,77367,139185,Italy,December,2021,Latency
21,9350,,ITA,31783,29191,77367,139186,Italy,December,2021,Jitter
42,9350,,ITA,31783,29192,77356,139185,Italy,January,2022,Latency
21,9350,,ITA,31783,29192,77356,139186,Italy,January,2022,Jitter
40,9350,,ITA,31783,29192,77357,139185,Italy,February,2022,Latency
21,9350,,ITA,31783,29192,77357,139186,Italy,February,2022,Jitter
40,9350,,ITA,31783,29192,77358,139185,Italy,March,2022,Latency
21,9350,,ITA,31783,29192,77358,139186,Italy,March,2022,Jitter
41,9350,,ITA,31783,29192,77359,139185,Italy,April,2022,Latency
24,9350,,ITA,31783,29192,77359,139186,Italy,April,2022,Jitter
40,9350,,ITA,31783,29192,77360,139185,Italy,May,2022,Latency
24,9350,,ITA,31783,29192,77360,139186,Italy,May,2022,Jitter
41,9350,,ITA,31783,29192,77361,139185,Italy,June,2022,Latency
24,9350,,ITA,31783,29192,77361,139186,Italy,June,2022,Jitter
42,9350,,ITA,31783,29192,77362,139185,Italy,July,2022,Latency
31,9350,,ITA,31783,29192,77362,139186,Italy,July,2022,Jitter
46,9350,,ITA,31783,29192,77363,139185,Italy,August,2022,Latency
39,9350,,ITA,31783,29192,77363,139186,Italy,August,2022,Jitter
41,9350,,ITA,31783,29192,77364,139185,Italy,September,2022,Latency
25,9350,,ITA,31783,29192,77364,139186,Italy,September,2022,Jitter
41,9350,,ITA,31783,29192,77365,139185,Italy,October,2022,Latency
25,9350,,ITA,31783,29192,77365,139186,Italy,October,2022,Jitter
39,9350,,ITA,31783,29192,77366,139185,Italy,November,2022,Latency
25,9350,,ITA,31783,29192,77366,139186,Italy,November,2022,Jitter
29,9350,,JAM,246,29191,77366,139185,Jamaica,November,2021,Latency
26,9350,,JAM,246,29191,77366,139186,Jamaica,November,2021,Jitter
31,9350,,JAM,246,29191,77367,139185,Jamaica,December,2021,Latency
24,9350,,JAM,246,29191,77367,139186,Jamaica,December,2021,Jitter
28,9350,,JAM,246,29192,77356,139185,Jamaica,January,2022,Latency
27,9350,,JAM,246,29192,77356,139186,Jamaica,January,2022,Jitter
28,9350,,JAM,246,29192,77357,139185,Jamaica,February,2022,Latency
25,9350,,JAM,246,29192,77357,139186,Jamaica,February,2022,Jitter
29,9350,,JAM,246,29192,77358,139185,Jamaica,March,2022,Latency
26,9350,,JAM,246,29192,77358,139186,Jamaica,March,2022,Jitter
29,9350,,JAM,246,29192,77359,139185,Jamaica,April,2022,Latency
26,9350,,JAM,246,29192,77359,139186,Jamaica,April,2022,Jitter
29,9350,,JAM,246,29192,77360,139185,Jamaica,May,2022,Latency
30,9350,,JAM,246,29192,77360,139186,Jamaica,May,2022,Jitter
33,9350,,JAM,246,29192,77361,139185,Jamaica,June,2022,Latency
30,9350,,JAM,246,29192,77361,139186,Jamaica,June,2022,Jitter
29,9350,,JAM,246,29192,77362,139185,Jamaica,July,2022,Latency
27,9350,,JAM,246,29192,77362,139186,Jamaica,July,2022,Jitter
29,9350,,JAM,246,29192,77363,139185,Jamaica,August,2022,Latency
25,9350,,JAM,246,29192,77363,139186,Jamaica,August,2022,Jitter
30,9350,,JAM,246,29192,77364,139185,Jamaica,September,2022,Latency
35,9350,,JAM,246,29192,77364,139186,Jamaica,September,2022,Jitter
27,9350,,JAM,246,29192,77365,139185,Jamaica,October,2022,Latency
24,9350,,JAM,246,29192,77365,139186,Jamaica,October,2022,Jitter
28,9350,,JAM,246,29192,77366,139185,Jamaica,November,2022,Latency
30,9350,,JAM,246,29192,77366,139186,Jamaica,November,2022,Jitter
48,9350,,JPN,43457,29190,77358,139185,Japan,March,2020,Latency
26,9350,,JPN,43457,29190,77358,139186,Japan,March,2020,Jitter
44,9350,,JPN,43457,29190,77359,139185,Japan,April,2020,Latency
20,9350,,JPN,43457,29190,77359,139186,Japan,April,2020,Jitter
45,9350,,JPN,43457,29190,77360,139185,Japan,May,2020,Latency
21,9350,,JPN,43457,29190,77360,139186,Japan,May,2020,Jitter
46,9350,,JPN,43457,29190,77361,139185,Japan,June,2020,Latency
24,9350,,JPN,43457,29190,77361,139186,Japan,June,2020,Jitter
47,9350,,JPN,43457,29190,77362,139185,Japan,July,2020,Latency
27,9350,,JPN,43457,29190,77362,139186,Japan,July,2020,Jitter
47,9350,,JPN,43457,29190,77363,139185,Japan,August,2020,Latency
23,9350,,JPN,43457,29190,77363,139186,Japan,August,2020,Jitter
47,9350,,JPN,43457,29190,77364,139185,Japan,September,2020,Latency
23,9350,,JPN,43457,29190,77364,139186,Japan,September,2020,Jitter
44,9350,,JPN,43457,29190,77365,139185,Japan,October,2020,Latency
21,9350,,JPN,43457,29190,77365,139186,Japan,October,2020,Jitter
43,9350,,JPN,43457,29190,77366,139185,Japan,November,2020,Latency
20,9350,,JPN,43457,29190,77366,139186,Japan,November,2020,Jitter
43,9350,,JPN,43457,29190,77367,139185,Japan,December,2020,Latency
19,9350,,JPN,43457,29190,77367,139186,Japan,December,2020,Jitter
43,9350,,JPN,43457,29191,77356,139185,Japan,January,2021,Latency
21,9350,,JPN,43457,29191,77356,139186,Japan,January,2021,Jitter
44,9350,,JPN,43457,29191,77357,139185,Japan,February,2021,Latency
22,9350,,JPN,43457,29191,77357,139186,Japan,February,2021,Jitter
43,9350,,JPN,43457,29191,77358,139185,Japan,March,2021,Latency
22,9350,,JPN,43457,29191,77358,139186,Japan,March,2021,Jitter
41,9350,,JPN,43457,29191,77359,139185,Japan,April,2021,Latency
22,9350,,JPN,43457,29191,77359,139186,Japan,April,2021,Jitter
42,9350,,JPN,43457,29191,77360,139185,Japan,May,2021,Latency
22,9350,,JPN,43457,29191,77360,139186,Japan,May,2021,Jitter
44,9350,,JPN,43457,29191,77361,139185,Japan,June,2021,Latency
25,9350,,JPN,43457,29191,77361,139186,Japan,June,2021,Jitter
44,9350,,JPN,43457,29191,77362,139185,Japan,July,2021,Latency
24,9350,,JPN,43457,29191,77362,139186,Japan,July,2021,Jitter
43,9350,,JPN,43457,29191,77363,139185,Japan,August,2021,Latency
22,9350,,JPN,43457,29191,77363,139186,Japan,August,2021,Jitter
42,9350,,JPN,43457,29191,77364,139185,Japan,September,2021,Latency
22,9350,,JPN,43457,29191,77364,139186,Japan,September,2021,Jitter
43,9350,,JPN,43457,29191,77365,139185,Japan,October,2021,Latency
24,9350,,JPN,43457,29191,77365,139186,Japan,October,2021,Jitter
43,9350,,JPN,43457,29191,77366,139185,Japan,November,2021,Latency
24,9350,,JPN,43457,29191,77366,139186,Japan,November,2021,Jitter
43,9350,,JPN,43457,29191,77367,139185,Japan,December,2021,Latency
25,9350,,JPN,43457,29191,77367,139186,Japan,December,2021,Jitter
41,9350,,JPN,43457,29192,77356,139185,Japan,January,2022,Latency
23,9350,,JPN,43457,29192,77356,139186,Japan,January,2022,Jitter
42,9350,,JPN,43457,29192,77357,139185,Japan,February,2022,Latency
23,9350,,JPN,43457,29192,77357,139186,Japan,February,2022,Jitter
43,9350,,JPN,43457,29192,77358,139185,Japan,March,2022,Latency
23,9350,,JPN,43457,29192,77358,139186,Japan,March,2022,Jitter
44,9350,,JPN,43457,29192,77359,139185,Japan,April,2022,Latency
25,9350,,JPN,43457,29192,77359,139186,Japan,April,2022,Jitter
44,9350,,JPN,43457,29192,77360,139185,Japan,May,2022,Latency
26,9350,,JPN,43457,29192,77360,139186,Japan,May,2022,Jitter
46,9350,,JPN,43457,29192,77361,139185,Japan,June,2022,Latency
27,9350,,JPN,43457,29192,77361,139186,Japan,June,2022,Jitter
45,9350,,JPN,43457,29192,77362,139185,Japan,July,2022,Latency
26,9350,,JPN,43457,29192,77362,139186,Japan,July,2022,Jitter
46,9350,,JPN,43457,29192,77363,139185,Japan,August,2022,Latency
28,9350,,JPN,43457,29192,77363,139186,Japan,August,2022,Jitter
45,9350,,JPN,43457,29192,77364,139185,Japan,September,2022,Latency
26,9350,,JPN,43457,29192,77364,139186,Japan,September,2022,Jitter
44,9350,,JPN,43457,29192,77365,139185,Japan,October,2022,Latency
27,9350,,JPN,43457,29192,77365,139186,Japan,October,2022,Jitter
45,9350,,JPN,43457,29192,77366,139185,Japan,November,2022,Latency
29,9350,,JPN,43457,29192,77366,139186,Japan,November,2022,Jitter
48,9350,,MEX,233,29190,77358,139185,Mexico,March,2020,Latency
40,9350,,MEX,233,29190,77358,139186,Mexico,March,2020,Jitter
45,9350,,MEX,233,29190,77359,139185,Mexico,April,2020,Latency
38,9350,,MEX,233,29190,77359,139186,Mexico,April,2020,Jitter
44,9350,,MEX,233,29190,77360,139185,Mexico,May,2020,Latency
36,9350,,MEX,233,29190,77360,139186,Mexico,May,2020,Jitter
44,9350,,MEX,233,29190,77361,139185,Mexico,June,2020,Latency
35,9350,,MEX,233,29190,77361,139186,Mexico,June,2020,Jitter
44,9350,,MEX,233,29190,77362,139185,Mexico,July,2020,Latency
33,9350,,MEX,233,29190,77362,139186,Mexico,July,2020,Jitter
45,9350,,MEX,233,29190,77363,139185,Mexico,August,2020,Latency
33,9350,,MEX,233,29190,77363,139186,Mexico,August,2020,Jitter
44,9350,,MEX,233,29190,77364,139185,Mexico,September,2020,Latency
32,9350,,MEX,233,29190,77364,139186,Mexico,September,2020,Jitter
41,9350,,MEX,233,29190,77365,139185,Mexico,October,2020,Latency
26,9350,,MEX,233,29190,77365,139186,Mexico,October,2020,Jitter
41,9350,,MEX,233,29190,77366,139185,Mexico,November,2020,Latency
25,9350,,MEX,233,29190,77366,139186,Mexico,November,2020,Jitter
42,9350,,MEX,233,29190,77367,139185,Mexico,December,2020,Latency
46,9350,,MEX,233,29190,77367,139186,Mexico,December,2020,Jitter
44,9350,,MEX,233,29191,77356,139185,Mexico,January,2021,Latency
27,9350,,MEX,233,29191,77356,139186,Mexico,January,2021,Jitter
45,9350,,MEX,233,29191,77357,139185,Mexico,February,2021,Latency
28,9350,,MEX,233,29191,77357,139186,Mexico,February,2021,Jitter
45,9350,,MEX,233,29191,77358,139185,Mexico,March,2021,Latency
26,9350,,MEX,233,29191,77358,139186,Mexico,March,2021,Jitter
44,9350,,MEX,233,29191,77359,139185,Mexico,April,2021,Latency
26,9350,,MEX,233,29191,77359,139186,Mexico,April,2021,Jitter
45,9350,,MEX,233,29191,77360,139185,Mexico,May,2021,Latency
26,9350,,MEX,233,29191,77360,139186,Mexico,May,2021,Jitter
45,9350,,MEX,233,29191,77361,139185,Mexico,June,2021,Latency
26,9350,,MEX,233,29191,77361,139186,Mexico,June,2021,Jitter
46,9350,,MEX,233,29191,77362,139185,Mexico,July,2021,Latency
27,9350,,MEX,233,29191,77362,139186,Mexico,July,2021,Jitter
47,9350,,MEX,233,29191,77363,139185,Mexico,August,2021,Latency
29,9350,,MEX,233,29191,77363,139186,Mexico,August,2021,Jitter
48,9350,,MEX,233,29191,77364,139185,Mexico,September,2021,Latency
29,9350,,MEX,233,29191,77364,139186,Mexico,September,2021,Jitter
51,9350,,MEX,233,29191,77365,139185,Mexico,October,2021,Latency
31,9350,,MEX,233,29191,77365,139186,Mexico,October,2021,Jitter
54,9350,,MEX,233,29191,77366,139185,Mexico,November,2021,Latency
34,9350,,MEX,233,29191,77366,139186,Mexico,November,2021,Jitter
55,9350,,MEX,233,29191,77367,139185,Mexico,December,2021,Latency
35,9350,,MEX,233,29191,77367,139186,Mexico,December,2021,Jitter
51,9350,,MEX,233,29192,77356,139185,Mexico,January,2022,Latency
33,9350,,MEX,233,29192,77356,139186,Mexico,January,2022,Jitter
49,9350,,MEX,233,29192,77357,139185,Mexico,February,2022,Latency
30,9350,,MEX,233,29192,77357,139186,Mexico,February,2022,Jitter
44,9350,,MEX,233,29192,77358,139185,Mexico,March,2022,Latency
29,9350,,MEX,233,29192,77358,139186,Mexico,March,2022,Jitter
46,9350,,MEX,233,29192,77359,139185,Mexico,April,2022,Latency
32,9350,,MEX,233,29192,77359,139186,Mexico,April,2022,Jitter
45,9350,,MEX,233,29192,77360,139185,Mexico,May,2022,Latency
31,9350,,MEX,233,29192,77360,139186,Mexico,May,2022,Jitter
45,9350,,MEX,233,29192,77361,139185,Mexico,June,2022,Latency
33,9350,,MEX,233,29192,77361,139186,Mexico,June,2022,Jitter
44,9350,,MEX,233,29192,77362,139185,Mexico,July,2022,Latency
34,9350,,MEX,233,29192,77362,139186,Mexico,July,2022,Jitter
43,9350,,MEX,233,29192,77363,139185,Mexico,August,2022,Latency
34,9350,,MEX,233,29192,77363,139186,Mexico,August,2022,Jitter
44,9350,,MEX,233,29192,77364,139185,Mexico,September,2022,Latency
33,9350,,MEX,233,29192,77364,139186,Mexico,September,2022,Jitter
43,9350,,MEX,233,29192,77365,139185,Mexico,October,2022,Latency
31,9350,,MEX,233,29192,77365,139186,Mexico,October,2022,Jitter
44,9350,,MEX,233,29192,77366,139185,Mexico,November,2022,Latency
33,9350,,MEX,233,29192,77366,139186,Mexico,November,2022,Jitter
36,9350,,NIC,240,29190,77358,139185,Nicaragua,March,2020,Latency
46,9350,,NIC,240,29190,77358,139186,Nicaragua,March,2020,Jitter
35,9350,,NIC,240,29190,77359,139185,Nicaragua,April,2020,Latency
47,9350,,NIC,240,29190,77359,139186,Nicaragua,April,2020,Jitter
33,9350,,NIC,240,29190,77360,139185,Nicaragua,May,2020,Latency
41,9350,,NIC,240,29190,77360,139186,Nicaragua,May,2020,Jitter
36,9350,,NIC,240,29190,77361,139185,Nicaragua,June,2020,Latency
47,9350,,NIC,240,29190,77361,139186,Nicaragua,June,2020,Jitter
35,9350,,NIC,240,29190,77362,139185,Nicaragua,July,2020,Latency
50,9350,,NIC,240,29190,77362,139186,Nicaragua,July,2020,Jitter
34,9350,,NIC,240,29190,77363,139185,Nicaragua,August,2020,Latency
44,9350,,NIC,240,29190,77363,139186,Nicaragua,August,2020,Jitter
33,9350,,NIC,240,29190,77364,139185,Nicaragua,September,2020,Latency
38,9350,,NIC,240,29190,77364,139186,Nicaragua,September,2020,Jitter
33,9350,,NIC,240,29190,77365,139185,Nicaragua,October,2020,Latency
33,9350,,NIC,240,29190,77365,139186,Nicaragua,October,2020,Jitter
32,9350,,NIC,240,29190,77366,139185,Nicaragua,November,2020,Latency
34,9350,,NIC,240,29190,77366,139186,Nicaragua,November,2020,Jitter
33,9350,,NIC,240,29190,77367,139185,Nicaragua,December,2020,Latency
39,9350,,NIC,240,29190,77367,139186,Nicaragua,December,2020,Jitter
33,9350,,NIC,240,29191,77356,139185,Nicaragua,January,2021,Latency
39,9350,,NIC,240,29191,77356,139186,Nicaragua,January,2021,Jitter
31,9350,,NIC,240,29191,77357,139185,Nicaragua,February,2021,Latency
33,9350,,NIC,240,29191,77357,139186,Nicaragua,February,2021,Jitter
38,9350,,NIC,240,29191,77358,139185,Nicaragua,March,2021,Latency
34,9350,,NIC,240,29191,77358,139186,Nicaragua,March,2021,Jitter
43,9350,,NIC,240,29191,77359,139185,Nicaragua,April,2021,Latency
34,9350,,NIC,240,29191,77359,139186,Nicaragua,April,2021,Jitter
39,9350,,NIC,240,29191,77360,139185,Nicaragua,May,2021,Latency
32,9350,,NIC,240,29191,77360,139186,Nicaragua,May,2021,Jitter
33,9350,,NIC,240,29191,77361,139185,Nicaragua,June,2021,Latency
37,9350,,NIC,240,29191,77361,139186,Nicaragua,June,2021,Jitter
31,9350,,NIC,240,29191,77362,139185,Nicaragua,July,2021,Latency
36,9350,,NIC,240,29191,77362,139186,Nicaragua,July,2021,Jitter
30,9350,,NIC,240,29191,77363,139185,Nicaragua,August,2021,Latency
27,9350,,NIC,240,29191,77363,139186,Nicaragua,August,2021,Jitter
31,9350,,NIC,240,29191,77364,139185,Nicaragua,September,2021,Latency
30,9350,,NIC,240,29191,77364,139186,Nicaragua,September,2021,Jitter
31,9350,,NIC,240,29191,77365,139185,Nicaragua,October,2021,Latency
32,9350,,NIC,240,29191,77365,139186,Nicaragua,October,2021,Jitter
33,9350,,NIC,240,29191,77366,139185,Nicaragua,November,2021,Latency
32,9350,,NIC,240,29191,77366,139186,Nicaragua,November,2021,Jitter
48,9350,,NIC,240,29191,77367,139185,Nicaragua,December,2021,Latency
34,9350,,NIC,240,29191,77367,139186,Nicaragua,December,2021,Jitter
41,9350,,NIC,240,29192,77356,139185,Nicaragua,January,2022,Latency
32,9350,,NIC,240,29192,77356,139186,Nicaragua,January,2022,Jitter
29,9350,,NIC,240,29192,77357,139185,Nicaragua,February,2022,Latency
29,9350,,NIC,240,29192,77357,139186,Nicaragua,February,2022,Jitter
29,9350,,NIC,240,29192,77358,139185,Nicaragua,March,2022,Latency
29,9350,,NIC,240,29192,77358,139186,Nicaragua,March,2022,Jitter
30,9350,,NIC,240,29192,77359,139185,Nicaragua,April,2022,Latency
37,9350,,NIC,240,29192,77359,139186,Nicaragua,April,2022,Jitter
30,9350,,NIC,240,29192,77360,139185,Nicaragua,May,2022,Latency
33,9350,,NIC,240,29192,77360,139186,Nicaragua,May,2022,Jitter
32,9350,,NIC,240,29192,77361,139185,Nicaragua,June,2022,Latency
37,9350,,NIC,240,29192,77361,139186,Nicaragua,June,2022,Jitter
30,9350,,NIC,240,29192,77362,139185,Nicaragua,July,2022,Latency
36,9350,,NIC,240,29192,77362,139186,Nicaragua,July,2022,Jitter
29,9350,,NIC,240,29192,77363,139185,Nicaragua,August,2022,Latency
32,9350,,NIC,240,29192,77363,139186,Nicaragua,August,2022,Jitter
30,9350,,NIC,240,29192,77364,139185,Nicaragua,September,2022,Latency
34,9350,,NIC,240,29192,77364,139186,Nicaragua,September,2022,Jitter
29,9350,,NIC,240,29192,77365,139185,Nicaragua,October,2022,Latency
35,9350,,NIC,240,29192,77365,139186,Nicaragua,October,2022,Jitter
29,9350,,NIC,240,29192,77366,139185,Nicaragua,November,2022,Latency
33,9350,,NIC,240,29192,77366,139186,Nicaragua,November,2022,Jitter
35,9350,,PAN,241,29190,77358,139185,Panama,March,2020,Latency
39,9350,,PAN,241,29190,77358,139186,Panama,March,2020,Jitter
31,9350,,PAN,241,29190,77359,139185,Panama,April,2020,Latency
34,9350,,PAN,241,29190,77359,139186,Panama,April,2020,Jitter
28,9350,,PAN,241,29190,77360,139185,Panama,May,2020,Latency
30,9350,,PAN,241,29190,77360,139186,Panama,May,2020,Jitter
30,9350,,PAN,241,29190,77361,139185,Panama,June,2020,Latency
31,9350,,PAN,241,29190,77361,139186,Panama,June,2020,Jitter
28,9350,,PAN,241,29190,77362,139185,Panama,July,2020,Latency
30,9350,,PAN,241,29190,77362,139186,Panama,July,2020,Jitter
28,9350,,PAN,241,29190,77363,139185,Panama,August,2020,Latency
29,9350,,PAN,241,29190,77363,139186,Panama,August,2020,Jitter
31,9350,,PAN,241,29190,77364,139185,Panama,September,2020,Latency
29,9350,,PAN,241,29190,77364,139186,Panama,September,2020,Jitter
29,9350,,PAN,241,29190,77365,139185,Panama,October,2020,Latency
27,9350,,PAN,241,29190,77365,139186,Panama,October,2020,Jitter
29,9350,,PAN,241,29190,77366,139185,Panama,November,2020,Latency
25,9350,,PAN,241,29190,77366,139186,Panama,November,2020,Jitter
28,9350,,PAN,241,29190,77367,139185,Panama,December,2020,Latency
21,9350,,PAN,241,29190,77367,139186,Panama,December,2020,Jitter
29,9350,,PAN,241,29191,77356,139185,Panama,January,2021,Latency
24,9350,,PAN,241,29191,77356,139186,Panama,January,2021,Jitter
29,9350,,PAN,241,29191,77357,139185,Panama,February,2021,Latency
24,9350,,PAN,241,29191,77357,139186,Panama,February,2021,Jitter
27,9350,,PAN,241,29191,77358,139185,Panama,March,2021,Latency
24,9350,,PAN,241,29191,77358,139186,Panama,March,2021,Jitter
27,9350,,PAN,241,29191,77359,139185,Panama,April,2021,Latency
23,9350,,PAN,241,29191,77359,139186,Panama,April,2021,Jitter
26,9350,,PAN,241,29191,77360,139185,Panama,May,2021,Latency
21,9350,,PAN,241,29191,77360,139186,Panama,May,2021,Jitter
26,9350,,PAN,241,29191,77361,139185,Panama,June,2021,Latency
21,9350,,PAN,241,29191,77361,139186,Panama,June,2021,Jitter
27,9350,,PAN,241,29191,77362,139185,Panama,July,2021,Latency
25,9350,,PAN,241,29191,77362,139186,Panama,July,2021,Jitter
26,9350,,PAN,241,29191,77363,139185,Panama,August,2021,Latency
23,9350,,PAN,241,29191,77363,139186,Panama,August,2021,Jitter
26,9350,,PAN,241,29191,77364,139185,Panama,September,2021,Latency
22,9350,,PAN,241,29191,77364,139186,Panama,September,2021,Jitter
26,9350,,PAN,241,29191,77365,139185,Panama,October,2021,Latency
19,9350,,PAN,241,29191,77365,139186,Panama,October,2021,Jitter
32,9350,,PAN,241,29191,77366,139185,Panama,November,2021,Latency
21,9350,,PAN,241,29191,77366,139186,Panama,November,2021,Jitter
29,9350,,PAN,241,29191,77367,139185,Panama,December,2021,Latency
21,9350,,PAN,241,29191,77367,139186,Panama,December,2021,Jitter
26,9350,,PAN,241,29192,77356,139185,Panama,January,2022,Latency
22,9350,,PAN,241,29192,77356,139186,Panama,January,2022,Jitter
28,9350,,PAN,241,29192,77357,139185,Panama,February,2022,Latency
24,9350,,PAN,241,29192,77357,139186,Panama,February,2022,Jitter
25,9350,,PAN,241,29192,77358,139185,Panama,March,2022,Latency
21,9350,,PAN,241,29192,77358,139186,Panama,March,2022,Jitter
25,9350,,PAN,241,29192,77359,139185,Panama,April,2022,Latency
23,9350,,PAN,241,29192,77359,139186,Panama,April,2022,Jitter
25,9350,,PAN,241,29192,77360,139185,Panama,May,2022,Latency
23,9350,,PAN,241,29192,77360,139186,Panama,May,2022,Jitter
26,9350,,PAN,241,29192,77361,139185,Panama,June,2022,Latency
22,9350,,PAN,241,29192,77361,139186,Panama,June,2022,Jitter
25,9350,,PAN,241,29192,77362,139185,Panama,July,2022,Latency
21,9350,,PAN,241,29192,77362,139186,Panama,July,2022,Jitter
25,9350,,PAN,241,29192,77363,139185,Panama,August,2022,Latency
23,9350,,PAN,241,29192,77363,139186,Panama,August,2022,Jitter
26,9350,,PAN,241,29192,77364,139185,Panama,September,2022,Latency
23,9350,,PAN,241,29192,77364,139186,Panama,September,2022,Jitter
25,9350,,PAN,241,29192,77365,139185,Panama,October,2022,Latency
27,9350,,PAN,241,29192,77365,139186,Panama,October,2022,Jitter
37,9350,,PAN,241,29192,77366,139185,Panama,November,2022,Latency
27,9350,,PAN,241,29192,77366,139186,Panama,November,2022,Jitter
52,9350,,PRY,242,29190,77358,139185,Paraguay,March,2020,Latency
55,9350,,PRY,242,29190,77358,139186,Paraguay,March,2020,Jitter
47,9350,,PRY,242,29190,77359,139185,Paraguay,April,2020,Latency
47,9350,,PRY,242,29190,77359,139186,Paraguay,April,2020,Jitter
45,9350,,PRY,242,29190,77360,139185,Paraguay,May,2020,Latency
38,9350,,PRY,242,29190,77360,139186,Paraguay,May,2020,Jitter
45,9350,,PRY,242,29190,77361,139185,Paraguay,June,2020,Latency
38,9350,,PRY,242,29190,77361,139186,Paraguay,June,2020,Jitter
44,9350,,PRY,242,29190,77362,139185,Paraguay,July,2020,Latency
34,9350,,PRY,242,29190,77362,139186,Paraguay,July,2020,Jitter
42,9350,,PRY,242,29190,77363,139185,Paraguay,August,2020,Latency
32,9350,,PRY,242,29190,77363,139186,Paraguay,August,2020,Jitter
40,9350,,PRY,242,29190,77364,139185,Paraguay,September,2020,Latency
30,9350,,PRY,242,29190,77364,139186,Paraguay,September,2020,Jitter
38,9350,,PRY,242,29190,77365,139185,Paraguay,October,2020,Latency
27,9350,,PRY,242,29190,77365,139186,Paraguay,October,2020,Jitter
38,9350,,PRY,242,29190,77366,139185,Paraguay,November,2020,Latency
28,9350,,PRY,242,29190,77366,139186,Paraguay,November,2020,Jitter
41,9350,,PRY,242,29190,77367,139185,Paraguay,December,2020,Latency
30,9350,,PRY,242,29190,77367,139186,Paraguay,December,2020,Jitter
40,9350,,PRY,242,29191,77356,139185,Paraguay,January,2021,Latency
26,9350,,PRY,242,29191,77356,139186,Paraguay,January,2021,Jitter
41,9350,,PRY,242,29191,77357,139185,Paraguay,February,2021,Latency
31,9350,,PRY,242,29191,77357,139186,Paraguay,February,2021,Jitter
41,9350,,PRY,242,29191,77358,139185,Paraguay,March,2021,Latency
26,9350,,PRY,242,29191,77358,139186,Paraguay,March,2021,Jitter
39,9350,,PRY,242,29191,77359,139185,Paraguay,April,2021,Latency
27,9350,,PRY,242,29191,77359,139186,Paraguay,April,2021,Jitter
39,9350,,PRY,242,29191,77360,139185,Paraguay,May,2021,Latency
24,9350,,PRY,242,29191,77360,139186,Paraguay,May,2021,Jitter
37,9350,,PRY,242,29191,77361,139185,Paraguay,June,2021,Latency
23,9350,,PRY,242,29191,77361,139186,Paraguay,June,2021,Jitter
36,9350,,PRY,242,29191,77362,139185,Paraguay,July,2021,Latency
26,9350,,PRY,242,29191,77362,139186,Paraguay,July,2021,Jitter
37,9350,,PRY,242,29191,77363,139185,Paraguay,August,2021,Latency
24,9350,,PRY,242,29191,77363,139186,Paraguay,August,2021,Jitter
37,9350,,PRY,242,29191,77364,139185,Paraguay,September,2021,Latency
24,9350,,PRY,242,29191,77364,139186,Paraguay,September,2021,Jitter
37,9350,,PRY,242,29191,77365,139185,Paraguay,October,2021,Latency
25,9350,,PRY,242,29191,77365,139186,Paraguay,October,2021,Jitter
38,9350,,PRY,242,29191,77366,139185,Paraguay,November,2021,Latency
30,9350,,PRY,242,29191,77366,139186,Paraguay,November,2021,Jitter
41,9350,,PRY,242,29191,77367,139185,Paraguay,December,2021,Latency
27,9350,,PRY,242,29191,77367,139186,Paraguay,December,2021,Jitter
38,9350,,PRY,242,29192,77356,139185,Paraguay,January,2022,Latency
27,9350,,PRY,242,29192,77356,139186,Paraguay,January,2022,Jitter
37,9350,,PRY,242,29192,77357,139185,Paraguay,February,2022,Latency
23,9350,,PRY,242,29192,77357,139186,Paraguay,February,2022,Jitter
44,9350,,PRY,242,29192,77358,139185,Paraguay,March,2022,Latency
34,9350,,PRY,242,29192,77358,139186,Paraguay,March,2022,Jitter
39,9350,,PRY,242,29192,77359,139185,Paraguay,April,2022,Latency
25,9350,,PRY,242,29192,77359,139186,Paraguay,April,2022,Jitter
40,9350,,PRY,242,29192,77360,139185,Paraguay,May,2022,Latency
25,9350,,PRY,242,29192,77360,139186,Paraguay,May,2022,Jitter
38,9350,,PRY,242,29192,77361,139185,Paraguay,June,2022,Latency
26,9350,,PRY,242,29192,77361,139186,Paraguay,June,2022,Jitter
40,9350,,PRY,242,29192,77362,139185,Paraguay,July,2022,Latency
27,9350,,PRY,242,29192,77362,139186,Paraguay,July,2022,Jitter
37,9350,,PRY,242,29192,77363,139185,Paraguay,August,2022,Latency
27,9350,,PRY,242,29192,77363,139186,Paraguay,August,2022,Jitter
40,9350,,PRY,242,29192,77364,139185,Paraguay,September,2022,Latency
26,9350,,PRY,242,29192,77364,139186,Paraguay,September,2022,Jitter
40,9350,,PRY,242,29192,77365,139185,Paraguay,October,2022,Latency
29,9350,,PRY,242,29192,77365,139186,Paraguay,October,2022,Jitter
39,9350,,PRY,242,29192,77366,139185,Paraguay,November,2022,Latency
28,9350,,PRY,242,29192,77366,139186,Paraguay,November,2022,Jitter
39,9350,,PER,244,29190,77358,139185,Peru,March,2020,Latency
50,9350,,PER,244,29190,77358,139186,Peru,March,2020,Jitter
37,9350,,PER,244,29190,77359,139185,Peru,April,2020,Latency
50,9350,,PER,244,29190,77359,139186,Peru,April,2020,Jitter
34,9350,,PER,244,29190,77360,139185,Peru,May,2020,Latency
42,9350,,PER,244,29190,77360,139186,Peru,May,2020,Jitter
35,9350,,PER,244,29190,77361,139185,Peru,June,2020,Latency
39,9350,,PER,244,29190,77361,139186,Peru,June,2020,Jitter
36,9350,,PER,244,29190,77362,139185,Peru,July,2020,Latency
37,9350,,PER,244,29190,77362,139186,Peru,July,2020,Jitter
36,9350,,PER,244,29190,77363,139185,Peru,August,2020,Latency
38,9350,,PER,244,29190,77363,139186,Peru,August,2020,Jitter
37,9350,,PER,244,29190,77364,139185,Peru,September,2020,Latency
40,9350,,PER,244,29190,77364,139186,Peru,September,2020,Jitter
36,9350,,PER,244,29190,77365,139185,Peru,October,2020,Latency
33,9350,,PER,244,29190,77365,139186,Peru,October,2020,Jitter
36,9350,,PER,244,29190,77366,139185,Peru,November,2020,Latency
33,9350,,PER,244,29190,77366,139186,Peru,November,2020,Jitter
36,9350,,PER,244,29190,77367,139185,Peru,December,2020,Latency
32,9350,,PER,244,29190,77367,139186,Peru,December,2020,Jitter
36,9350,,PER,244,29191,77356,139185,Peru,January,2021,Latency
33,9350,,PER,244,29191,77356,139186,Peru,January,2021,Jitter
35,9350,,PER,244,29191,77357,139185,Peru,February,2021,Latency
33,9350,,PER,244,29191,77357,139186,Peru,February,2021,Jitter
35,9350,,PER,244,29191,77358,139185,Peru,March,2021,Latency
33,9350,,PER,244,29191,77358,139186,Peru,March,2021,Jitter
35,9350,,PER,244,29191,77359,139185,Peru,April,2021,Latency
31,9350,,PER,244,29191,77359,139186,Peru,April,2021,Jitter
35,9350,,PER,244,29191,77360,139185,Peru,May,2021,Latency
29,9350,,PER,244,29191,77360,139186,Peru,May,2021,Jitter
37,9350,,PER,244,29191,77361,139185,Peru,June,2021,Latency
31,9350,,PER,244,29191,77361,139186,Peru,June,2021,Jitter
37,9350,,PER,244,29191,77362,139185,Peru,July,2021,Latency
30,9350,,PER,244,29191,77362,139186,Peru,July,2021,Jitter
37,9350,,PER,244,29191,77363,139185,Peru,August,2021,Latency
30,9350,,PER,244,29191,77363,139186,Peru,August,2021,Jitter
35,9350,,PER,244,29191,77364,139185,Peru,September,2021,Latency
30,9350,,PER,244,29191,77364,139186,Peru,September,2021,Jitter
37,9350,,PER,244,29191,77365,139185,Peru,October,2021,Latency
33,9350,,PER,244,29191,77365,139186,Peru,October,2021,Jitter
36,9350,,PER,244,29191,77366,139185,Peru,November,2021,Latency
32,9350,,PER,244,29191,77366,139186,Peru,November,2021,Jitter
36,9350,,PER,244,29191,77367,139185,Peru,December,2021,Latency
32,9350,,PER,244,29191,77367,139186,Peru,December,2021,Jitter
36,9350,,PER,244,29192,77356,139185,Peru,January,2022,Latency
32,9350,,PER,244,29192,77356,139186,Peru,January,2022,Jitter
36,9350,,PER,244,29192,77357,139185,Peru,February,2022,Latency
33,9350,,PER,244,29192,77357,139186,Peru,February,2022,Jitter
37,9350,,PER,244,29192,77358,139185,Peru,March,2022,Latency
34,9350,,PER,244,29192,77358,139186,Peru,March,2022,Jitter
37,9350,,PER,244,29192,77359,139185,Peru,April,2022,Latency
34,9350,,PER,244,29192,77359,139186,Peru,April,2022,Jitter
37,9350,,PER,244,29192,77360,139185,Peru,May,2022,Latency
33,9350,,PER,244,29192,77360,139186,Peru,May,2022,Jitter
36,9350,,PER,244,29192,77361,139185,Peru,June,2022,Latency
33,9350,,PER,244,29192,77361,139186,Peru,June,2022,Jitter
36,9350,,PER,244,29192,77362,139185,Peru,July,2022,Latency
34,9350,,PER,244,29192,77362,139186,Peru,July,2022,Jitter
37,9350,,PER,244,29192,77363,139185,Peru,August,2022,Latency
33,9350,,PER,244,29192,77363,139186,Peru,August,2022,Jitter
36,9350,,PER,244,29192,77364,139185,Peru,September,2022,Latency
34,9350,,PER,244,29192,77364,139186,Peru,September,2022,Jitter
36,9350,,PER,244,29192,77365,139185,Peru,October,2022,Latency
37,9350,,PER,244,29192,77365,139186,Peru,October,2022,Jitter
36,9350,,PER,244,29192,77366,139185,Peru,November,2022,Latency
35,9350,,PER,244,29192,77366,139186,Peru,November,2022,Jitter
31,9350,,PRT,20377,29190,77358,139185,Portugal,March,2020,Latency
21,9350,,PRT,20377,29190,77358,139186,Portugal,March,2020,Jitter
31,9350,,PRT,20377,29190,77359,139185,Portugal,April,2020,Latency
22,9350,,PRT,20377,29190,77359,139186,Portugal,April,2020,Jitter
30,9350,,PRT,20377,29190,77360,139185,Portugal,May,2020,Latency
24,9350,,PRT,20377,29190,77360,139186,Portugal,May,2020,Jitter
31,9350,,PRT,20377,29190,77361,139185,Portugal,June,2020,Latency
19,9350,,PRT,20377,29190,77361,139186,Portugal,June,2020,Jitter
32,9350,,PRT,20377,29190,77362,139185,Portugal,July,2020,Latency
22,9350,,PRT,20377,29190,77362,139186,Portugal,July,2020,Jitter
34,9350,,PRT,20377,29190,77363,139185,Portugal,August,2020,Latency
24,9350,,PRT,20377,29190,77363,139186,Portugal,August,2020,Jitter
31,9350,,PRT,20377,29190,77364,139185,Portugal,September,2020,Latency
17,9350,,PRT,20377,29190,77364,139186,Portugal,September,2020,Jitter
30,9350,,PRT,20377,29190,77365,139185,Portugal,October,2020,Latency
15,9350,,PRT,20377,29190,77365,139186,Portugal,October,2020,Jitter
29,9350,,PRT,20377,29190,77366,139185,Portugal,November,2020,Latency
15,9350,,PRT,20377,29190,77366,139186,Portugal,November,2020,Jitter
29,9350,,PRT,20377,29190,77367,139185,Portugal,December,2020,Latency
16,9350,,PRT,20377,29190,77367,139186,Portugal,December,2020,Jitter
31,9350,,PRT,20377,29191,77356,139185,Portugal,January,2021,Latency
16,9350,,PRT,20377,29191,77356,139186,Portugal,January,2021,Jitter
31,9350,,PRT,20377,29191,77357,139185,Portugal,February,2021,Latency
17,9350,,PRT,20377,29191,77357,139186,Portugal,February,2021,Jitter
31,9350,,PRT,20377,29191,77358,139185,Portugal,March,2021,Latency
16,9350,,PRT,20377,29191,77358,139186,Portugal,March,2021,Jitter
30,9350,,PRT,20377,29191,77359,139185,Portugal,April,2021,Latency
14,9350,,PRT,20377,29191,77359,139186,Portugal,April,2021,Jitter
30,9350,,PRT,20377,29191,77360,139185,Portugal,May,2021,Latency
15,9350,,PRT,20377,29191,77360,139186,Portugal,May,2021,Jitter
30,9350,,PRT,20377,29191,77361,139185,Portugal,June,2021,Latency
16,9350,,PRT,20377,29191,77361,139186,Portugal,June,2021,Jitter
32,9350,,PRT,20377,29191,77362,139185,Portugal,July,2021,Latency
18,9350,,PRT,20377,29191,77362,139186,Portugal,July,2021,Jitter
34,9350,,PRT,20377,29191,77363,139185,Portugal,August,2021,Latency
21,9350,,PRT,20377,29191,77363,139186,Portugal,August,2021,Jitter
32,9350,,PRT,20377,29191,77364,139185,Portugal,September,2021,Latency
15,9350,,PRT,20377,29191,77364,139186,Portugal,September,2021,Jitter
31,9350,,PRT,20377,29191,77365,139185,Portugal,October,2021,Latency
15,9350,,PRT,20377,29191,77365,139186,Portugal,October,2021,Jitter
31,9350,,PRT,20377,29191,77366,139185,Portugal,November,2021,Latency
14,9350,,PRT,20377,29191,77366,139186,Portugal,November,2021,Jitter
27,9350,,PRT,20377,29191,77367,139185,Portugal,December,2021,Latency
12,9350,,PRT,20377,29191,77367,139186,Portugal,December,2021,Jitter
26,9350,,PRT,20377,29192,77356,139185,Portugal,January,2022,Latency
12,9350,,PRT,20377,29192,77356,139186,Portugal,January,2022,Jitter
27,9350,,PRT,20377,29192,77357,139185,Portugal,February,2022,Latency
13,9350,,PRT,20377,29192,77357,139186,Portugal,February,2022,Jitter
27,9350,,PRT,20377,29192,77358,139185,Portugal,March,2022,Latency
14,9350,,PRT,20377,29192,77358,139186,Portugal,March,2022,Jitter
28,9350,,PRT,20377,29192,77359,139185,Portugal,April,2022,Latency
14,9350,,PRT,20377,29192,77359,139186,Portugal,April,2022,Jitter
28,9350,,PRT,20377,29192,77360,139185,Portugal,May,2022,Latency
15,9350,,PRT,20377,29192,77360,139186,Portugal,May,2022,Jitter
29,9350,,PRT,20377,29192,77361,139185,Portugal,June,2022,Latency
16,9350,,PRT,20377,29192,77361,139186,Portugal,June,2022,Jitter
30,9350,,PRT,20377,29192,77362,139185,Portugal,July,2022,Latency
19,9350,,PRT,20377,29192,77362,139186,Portugal,July,2022,Jitter
30,9350,,PRT,20377,29192,77363,139185,Portugal,August,2022,Latency
21,9350,,PRT,20377,29192,77363,139186,Portugal,August,2022,Jitter
28,9350,,PRT,20377,29192,77364,139185,Portugal,September,2022,Latency
16,9350,,PRT,20377,29192,77364,139186,Portugal,September,2022,Jitter
27,9350,,PRT,20377,29192,77365,139185,Portugal,October,2022,Latency
15,9350,,PRT,20377,29192,77365,139186,Portugal,October,2022,Jitter
27,9350,,PRT,20377,29192,77366,139185,Portugal,November,2022,Latency
16,9350,,PRT,20377,29192,77366,139186,Portugal,November,2022,Jitter
42,9350,,GBR,31790,29190,77358,139185,United Kingdom,March,2020,Latency
25,9350,,GBR,31790,29190,77358,139186,United Kingdom,March,2020,Jitter
41,9350,,GBR,31790,29190,77359,139185,United Kingdom,April,2020,Latency
22,9350,,GBR,31790,29190,77359,139186,United Kingdom,April,2020,Jitter
42,9350,,GBR,31790,29190,77360,139185,United Kingdom,May,2020,Latency
22,9350,,GBR,31790,29190,77360,139186,United Kingdom,May,2020,Jitter
43,9350,,GBR,31790,29190,77361,139185,United Kingdom,June,2020,Latency
23,9350,,GBR,31790,29190,77361,139186,United Kingdom,June,2020,Jitter
45,9350,,GBR,31790,29190,77362,139185,United Kingdom,July,2020,Latency
25,9350,,GBR,31790,29190,77362,139186,United Kingdom,July,2020,Jitter
50,9350,,GBR,31790,29190,77363,139185,United Kingdom,August,2020,Latency
27,9350,,GBR,31790,29190,77363,139186,United Kingdom,August,2020,Jitter
45,9350,,GBR,31790,29190,77364,139185,United Kingdom,September,2020,Latency
23,9350,,GBR,31790,29190,77364,139186,United Kingdom,September,2020,Jitter
42,9350,,GBR,31790,29190,77365,139185,United Kingdom,October,2020,Latency
21,9350,,GBR,31790,29190,77365,139186,United Kingdom,October,2020,Jitter
40,9350,,GBR,31790,29190,77366,139185,United Kingdom,November,2020,Latency
18,9350,,GBR,31790,29190,77366,139186,United Kingdom,November,2020,Jitter
40,9350,,GBR,31790,29190,77367,139185,United Kingdom,December,2020,Latency
18,9350,,GBR,31790,29190,77367,139186,United Kingdom,December,2020,Jitter
40,9350,,GBR,31790,29191,77356,139185,United Kingdom,January,2021,Latency
18,9350,,GBR,31790,29191,77356,139186,United Kingdom,January,2021,Jitter
40,9350,,GBR,31790,29191,77357,139185,United Kingdom,February,2021,Latency
18,9350,,GBR,31790,29191,77357,139186,United Kingdom,February,2021,Jitter
40,9350,,GBR,31790,29191,77358,139185,United Kingdom,March,2021,Latency
20,9350,,GBR,31790,29191,77358,139186,United Kingdom,March,2021,Jitter
40,9350,,GBR,31790,29191,77359,139185,United Kingdom,April,2021,Latency
18,9350,,GBR,31790,29191,77359,139186,United Kingdom,April,2021,Jitter
42,9350,,GBR,31790,29191,77360,139185,United Kingdom,May,2021,Latency
19,9350,,GBR,31790,29191,77360,139186,United Kingdom,May,2021,Jitter
41,9350,,GBR,31790,29191,77361,139185,United Kingdom,June,2021,Latency
19,9350,,GBR,31790,29191,77361,139186,United Kingdom,June,2021,Jitter
42,9350,,GBR,31790,29191,77362,139185,United Kingdom,July,2021,Latency
20,9350,,GBR,31790,29191,77362,139186,United Kingdom,July,2021,Jitter
43,9350,,GBR,31790,29191,77363,139185,United Kingdom,August,2021,Latency
21,9350,,GBR,31790,29191,77363,139186,United Kingdom,August,2021,Jitter
42,9350,,GBR,31790,29191,77364,139185,United Kingdom,September,2021,Latency
19,9350,,GBR,31790,29191,77364,139186,United Kingdom,September,2021,Jitter
42,9350,,GBR,31790,29191,77365,139185,United Kingdom,October,2021,Latency
20,9350,,GBR,31790,29191,77365,139186,United Kingdom,October,2021,Jitter
42,9350,,GBR,31790,29191,77366,139185,United Kingdom,November,2021,Latency
20,9350,,GBR,31790,29191,77366,139186,United Kingdom,November,2021,Jitter
42,9350,,GBR,31790,29191,77367,139185,United Kingdom,December,2021,Latency
19,9350,,GBR,31790,29191,77367,139186,United Kingdom,December,2021,Jitter
41,9350,,GBR,31790,29192,77356,139185,United Kingdom,January,2022,Latency
18,9350,,GBR,31790,29192,77356,139186,United Kingdom,January,2022,Jitter
41,9350,,GBR,31790,29192,77357,139185,United Kingdom,February,2022,Latency
19,9350,,GBR,31790,29192,77357,139186,United Kingdom,February,2022,Jitter
41,9350,,GBR,31790,29192,77358,139185,United Kingdom,March,2022,Latency
20,9350,,GBR,31790,29192,77358,139186,United Kingdom,March,2022,Jitter
41,9350,,GBR,31790,29192,77359,139185,United Kingdom,April,2022,Latency
22,9350,,GBR,31790,29192,77359,139186,United Kingdom,April,2022,Jitter
41,9350,,GBR,31790,29192,77360,139185,United Kingdom,May,2022,Latency
22,9350,,GBR,31790,29192,77360,139186,United Kingdom,May,2022,Jitter
41,9350,,GBR,31790,29192,77361,139185,United Kingdom,June,2022,Latency
22,9350,,GBR,31790,29192,77361,139186,United Kingdom,June,2022,Jitter
41,9350,,GBR,31790,29192,77362,139185,United Kingdom,July,2022,Latency
23,9350,,GBR,31790,29192,77362,139186,United Kingdom,July,2022,Jitter
42,9350,,GBR,31790,29192,77363,139185,United Kingdom,August,2022,Latency
25,9350,,GBR,31790,29192,77363,139186,United Kingdom,August,2022,Jitter
43,9350,,GBR,31790,29192,77364,139185,United Kingdom,September,2022,Latency
26,9350,,GBR,31790,29192,77364,139186,United Kingdom,September,2022,Jitter
41,9350,,GBR,31790,29192,77365,139185,United Kingdom,October,2022,Latency
25,9350,,GBR,31790,29192,77365,139186,United Kingdom,October,2022,Jitter
41,9350,,GBR,31790,29192,77366,139185,United Kingdom,November,2022,Latency
24,9350,,GBR,31790,29192,77366,139186,United Kingdom,November,2022,Jitter
42,9350,,DOM,264,29190,77358,139185,Dominican Republic,March,2020,Latency
54,9350,,DOM,264,29190,77358,139186,Dominican Republic,March,2020,Jitter
41,9350,,DOM,264,29190,77359,139185,Dominican Republic,April,2020,Latency
43,9350,,DOM,264,29190,77359,139186,Dominican Republic,April,2020,Jitter
39,9350,,DOM,264,29190,77360,139185,Dominican Republic,May,2020,Latency
41,9350,,DOM,264,29190,77360,139186,Dominican Republic,May,2020,Jitter
39,9350,,DOM,264,29190,77361,139185,Dominican Republic,June,2020,Latency
41,9350,,DOM,264,29190,77361,139186,Dominican Republic,June,2020,Jitter
40,9350,,DOM,264,29190,77362,139185,Dominican Republic,July,2020,Latency
37,9350,,DOM,264,29190,77362,139186,Dominican Republic,July,2020,Jitter
41,9350,,DOM,264,29190,77363,139185,Dominican Republic,August,2020,Latency
37,9350,,DOM,264,29190,77363,139186,Dominican Republic,August,2020,Jitter
39,9350,,DOM,264,29190,77364,139185,Dominican Republic,September,2020,Latency
33,9350,,DOM,264,29190,77364,139186,Dominican Republic,September,2020,Jitter
36,9350,,DOM,264,29190,77365,139185,Dominican Republic,October,2020,Latency
31,9350,,DOM,264,29190,77365,139186,Dominican Republic,October,2020,Jitter
37,9350,,DOM,264,29190,77366,139185,Dominican Republic,November,2020,Latency
30,9350,,DOM,264,29190,77366,139186,Dominican Republic,November,2020,Jitter
36,9350,,DOM,264,29190,77367,139185,Dominican Republic,December,2020,Latency
30,9350,,DOM,264,29190,77367,139186,Dominican Republic,December,2020,Jitter
37,9350,,DOM,264,29191,77356,139185,Dominican Republic,January,2021,Latency
33,9350,,DOM,264,29191,77356,139186,Dominican Republic,January,2021,Jitter
37,9350,,DOM,264,29191,77357,139185,Dominican Republic,February,2021,Latency
32,9350,,DOM,264,29191,77357,139186,Dominican Republic,February,2021,Jitter
38,9350,,DOM,264,29191,77358,139185,Dominican Republic,March,2021,Latency
31,9350,,DOM,264,29191,77358,139186,Dominican Republic,March,2021,Jitter
38,9350,,DOM,264,29191,77359,139185,Dominican Republic,April,2021,Latency
31,9350,,DOM,264,29191,77359,139186,Dominican Republic,April,2021,Jitter
36,9350,,DOM,264,29191,77360,139185,Dominican Republic,May,2021,Latency
30,9350,,DOM,264,29191,77360,139186,Dominican Republic,May,2021,Jitter
37,9350,,DOM,264,29191,77361,139185,Dominican Republic,June,2021,Latency
33,9350,,DOM,264,29191,77361,139186,Dominican Republic,June,2021,Jitter
37,9350,,DOM,264,29191,77362,139185,Dominican Republic,July,2021,Latency
31,9350,,DOM,264,29191,77362,139186,Dominican Republic,July,2021,Jitter
37,9350,,DOM,264,29191,77363,139185,Dominican Republic,August,2021,Latency
34,9350,,DOM,264,29191,77363,139186,Dominican Republic,August,2021,Jitter
36,9350,,DOM,264,29191,77364,139185,Dominican Republic,September,2021,Latency
34,9350,,DOM,264,29191,77364,139186,Dominican Republic,September,2021,Jitter
35,9350,,DOM,264,29191,77365,139185,Dominican Republic,October,2021,Latency
34,9350,,DOM,264,29191,77365,139186,Dominican Republic,October,2021,Jitter
36,9350,,DOM,264,29191,77366,139185,Dominican Republic,November,2021,Latency
34,9350,,DOM,264,29191,77366,139186,Dominican Republic,November,2021,Jitter
36,9350,,DOM,264,29191,77367,139185,Dominican Republic,December,2021,Latency
34,9350,,DOM,264,29191,77367,139186,Dominican Republic,December,2021,Jitter
36,9350,,DOM,264,29192,77356,139185,Dominican Republic,January,2022,Latency
35,9350,,DOM,264,29192,77356,139186,Dominican Republic,January,2022,Jitter
35,9350,,DOM,264,29192,77357,139185,Dominican Republic,February,2022,Latency
32,9350,,DOM,264,29192,77357,139186,Dominican Republic,February,2022,Jitter
35,9350,,DOM,264,29192,77358,139185,Dominican Republic,March,2022,Latency
34,9350,,DOM,264,29192,77358,139186,Dominican Republic,March,2022,Jitter
36,9350,,DOM,264,29192,77359,139185,Dominican Republic,April,2022,Latency
34,9350,,DOM,264,29192,77359,139186,Dominican Republic,April,2022,Jitter
35,9350,,DOM,264,29192,77360,139185,Dominican Republic,May,2022,Latency
36,9350,,DOM,264,29192,77360,139186,Dominican Republic,May,2022,Jitter
36,9350,,DOM,264,29192,77361,139185,Dominican Republic,June,2022,Latency
34,9350,,DOM,264,29192,77361,139186,Dominican Republic,June,2022,Jitter
36,9350,,DOM,264,29192,77362,139185,Dominican Republic,July,2022,Latency
38,9350,,DOM,264,29192,77362,139186,Dominican Republic,July,2022,Jitter
35,9350,,DOM,264,29192,77363,139185,Dominican Republic,August,2022,Latency
39,9350,,DOM,264,29192,77363,139186,Dominican Republic,August,2022,Jitter
36,9350,,DOM,264,29192,77364,139185,Dominican Republic,September,2022,Latency
41,9350,,DOM,264,29192,77364,139186,Dominican Republic,September,2022,Jitter
39,9350,,DOM,264,29192,77365,139185,Dominican Republic,October,2022,Latency
46,9350,,DOM,264,29192,77365,139186,Dominican Republic,October,2022,Jitter
34,9350,,DOM,264,29192,77366,139185,Dominican Republic,November,2022,Latency
41,9350,,DOM,264,29192,77366,139186,Dominican Republic,November,2022,Jitter
24,9350,,TTO,256,29191,77366,139185,Trinidad and Tobago,November,2021,Latency
16,9350,,TTO,256,29191,77366,139186,Trinidad and Tobago,November,2021,Jitter
23,9350,,TTO,256,29191,77367,139185,Trinidad and Tobago,December,2021,Latency
20,9350,,TTO,256,29191,77367,139186,Trinidad and Tobago,December,2021,Jitter
24,9350,,TTO,256,29192,77356,139185,Trinidad and Tobago,January,2022,Latency
16,9350,,TTO,256,29192,77356,139186,Trinidad and Tobago,January,2022,Jitter
26,9350,,TTO,256,29192,77357,139185,Trinidad and Tobago,February,2022,Latency
20,9350,,TTO,256,29192,77357,139186,Trinidad and Tobago,February,2022,Jitter
28,9350,,TTO,256,29192,77358,139185,Trinidad and Tobago,March,2022,Latency
20,9350,,TTO,256,29192,77358,139186,Trinidad and Tobago,March,2022,Jitter
27,9350,,TTO,256,29192,77359,139185,Trinidad and Tobago,April,2022,Latency
21,9350,,TTO,256,29192,77359,139186,Trinidad and Tobago,April,2022,Jitter
27,9350,,TTO,256,29192,77360,139185,Trinidad and Tobago,May,2022,Latency
16,9350,,TTO,256,29192,77360,139186,Trinidad and Tobago,May,2022,Jitter
28,9350,,TTO,256,29192,77361,139185,Trinidad and Tobago,June,2022,Latency
18,9350,,TTO,256,29192,77361,139186,Trinidad and Tobago,June,2022,Jitter
27,9350,,TTO,256,29192,77362,139185,Trinidad and Tobago,July,2022,Latency
31,9350,,TTO,256,29192,77362,139186,Trinidad and Tobago,July,2022,Jitter
27,9350,,TTO,256,29192,77363,139185,Trinidad and Tobago,August,2022,Latency
20,9350,,TTO,256,29192,77363,139186,Trinidad and Tobago,August,2022,Jitter
27,9350,,TTO,256,29192,77364,139185,Trinidad and Tobago,September,2022,Latency
19,9350,,TTO,256,29192,77364,139186,Trinidad and Tobago,September,2022,Jitter
25,9350,,TTO,256,29192,77365,139185,Trinidad and Tobago,October,2022,Latency
17,9350,,TTO,256,29192,77365,139186,Trinidad and Tobago,October,2022,Jitter
26,9350,,TTO,256,29192,77366,139185,Trinidad and Tobago,November,2022,Latency
18,9350,,TTO,256,29192,77366,139186,Trinidad and Tobago,November,2022,Jitter
35,9350,,URY,258,29190,77358,139185,Uruguay,March,2020,Latency
26,9350,,URY,258,29190,77358,139186,Uruguay,March,2020,Jitter
34,9350,,URY,258,29190,77359,139185,Uruguay,April,2020,Latency
26,9350,,URY,258,29190,77359,139186,Uruguay,April,2020,Jitter
33,9350,,URY,258,29190,77360,139185,Uruguay,May,2020,Latency
23,9350,,URY,258,29190,77360,139186,Uruguay,May,2020,Jitter
34,9350,,URY,258,29190,77361,139185,Uruguay,June,2020,Latency
23,9350,,URY,258,29190,77361,139186,Uruguay,June,2020,Jitter
32,9350,,URY,258,29190,77362,139185,Uruguay,July,2020,Latency
19,9350,,URY,258,29190,77362,139186,Uruguay,July,2020,Jitter
33,9350,,URY,258,29190,77363,139185,Uruguay,August,2020,Latency
20,9350,,URY,258,29190,77363,139186,Uruguay,August,2020,Jitter
34,9350,,URY,258,29190,77364,139185,Uruguay,September,2020,Latency
18,9350,,URY,258,29190,77364,139186,Uruguay,September,2020,Jitter
33,9350,,URY,258,29190,77365,139185,Uruguay,October,2020,Latency
17,9350,,URY,258,29190,77365,139186,Uruguay,October,2020,Jitter
32,9350,,URY,258,29190,77366,139185,Uruguay,November,2020,Latency
18,9350,,URY,258,29190,77366,139186,Uruguay,November,2020,Jitter
34,9350,,URY,258,29190,77367,139185,Uruguay,December,2020,Latency
19,9350,,URY,258,29190,77367,139186,Uruguay,December,2020,Jitter
34,9350,,URY,258,29191,77356,139185,Uruguay,January,2021,Latency
20,9350,,URY,258,29191,77356,139186,Uruguay,January,2021,Jitter
35,9350,,URY,258,29191,77357,139185,Uruguay,February,2021,Latency
19,9350,,URY,258,29191,77357,139186,Uruguay,February,2021,Jitter
34,9350,,URY,258,29191,77358,139185,Uruguay,March,2021,Latency
19,9350,,URY,258,29191,77358,139186,Uruguay,March,2021,Jitter
36,9350,,URY,258,29191,77359,139185,Uruguay,April,2021,Latency
25,9350,,URY,258,29191,77359,139186,Uruguay,April,2021,Jitter
37,9350,,URY,258,29191,77360,139185,Uruguay,May,2021,Latency
24,9350,,URY,258,29191,77360,139186,Uruguay,May,2021,Jitter
33,9350,,URY,258,29191,77361,139185,Uruguay,June,2021,Latency
22,9350,,URY,258,29191,77361,139186,Uruguay,June,2021,Jitter
36,9350,,URY,258,29191,77362,139185,Uruguay,July,2021,Latency
21,9350,,URY,258,29191,77362,139186,Uruguay,July,2021,Jitter
47,9350,,URY,258,29191,77363,139185,Uruguay,August,2021,Latency
27,9350,,URY,258,29191,77363,139186,Uruguay,August,2021,Jitter
34,9350,,URY,258,29191,77364,139185,Uruguay,September,2021,Latency
21,9350,,URY,258,29191,77364,139186,Uruguay,September,2021,Jitter
35,9350,,URY,258,29191,77365,139185,Uruguay,October,2021,Latency
22,9350,,URY,258,29191,77365,139186,Uruguay,October,2021,Jitter
33,9350,,URY,258,29191,77366,139185,Uruguay,November,2021,Latency
20,9350,,URY,258,29191,77366,139186,Uruguay,November,2021,Jitter
32,9350,,URY,258,29191,77367,139185,Uruguay,December,2021,Latency
19,9350,,URY,258,29191,77367,139186,Uruguay,December,2021,Jitter
35,9350,,URY,258,29192,77356,139185,Uruguay,January,2022,Latency
23,9350,,URY,258,29192,77356,139186,Uruguay,January,2022,Jitter
34,9350,,URY,258,29192,77357,139185,Uruguay,February,2022,Latency
22,9350,,URY,258,29192,77357,139186,Uruguay,February,2022,Jitter
35,9350,,URY,258,29192,77358,139185,Uruguay,March,2022,Latency
23,9350,,URY,258,29192,77358,139186,Uruguay,March,2022,Jitter
35,9350,,URY,258,29192,77359,139185,Uruguay,April,2022,Latency
23,9350,,URY,258,29192,77359,139186,Uruguay,April,2022,Jitter
34,9350,,URY,258,29192,77360,139185,Uruguay,May,2022,Latency
21,9350,,URY,258,29192,77360,139186,Uruguay,May,2022,Jitter
32,9350,,URY,258,29192,77361,139185,Uruguay,June,2022,Latency
19,9350,,URY,258,29192,77361,139186,Uruguay,June,2022,Jitter
34,9350,,URY,258,29192,77362,139185,Uruguay,July,2022,Latency
23,9350,,URY,258,29192,77362,139186,Uruguay,July,2022,Jitter
32,9350,,URY,258,29192,77363,139185,Uruguay,August,2022,Latency
22,9350,,URY,258,29192,77363,139186,Uruguay,August,2022,Jitter
33,9350,,URY,258,29192,77364,139185,Uruguay,September,2022,Latency
22,9350,,URY,258,29192,77364,139186,Uruguay,September,2022,Jitter
39,9350,,URY,258,29192,77365,139185,Uruguay,October,2022,Latency
25,9350,,URY,258,29192,77365,139186,Uruguay,October,2022,Jitter
32,9350,,URY,258,29192,77366,139185,Uruguay,November,2022,Latency
23,9350,,URY,258,29192,77366,139186,Uruguay,November,2022,Jitter
76,9350,,VEN,259,29190,77358,139185,Venezuela (Bolivarian Republic of),March,2020,Latency
107,9350,,VEN,259,29190,77358,139186,Venezuela (Bolivarian Republic of),March,2020,Jitter
81,9350,,VEN,259,29190,77359,139185,Venezuela (Bolivarian Republic of),April,2020,Latency
119,9350,,VEN,259,29190,77359,139186,Venezuela (Bolivarian Republic of),April,2020,Jitter
71,9350,,VEN,259,29190,77360,139185,Venezuela (Bolivarian Republic of),May,2020,Latency
110,9350,,VEN,259,29190,77360,139186,Venezuela (Bolivarian Republic of),May,2020,Jitter
63,9350,,VEN,259,29190,77361,139185,Venezuela (Bolivarian Republic of),June,2020,Latency
89,9350,,VEN,259,29190,77361,139186,Venezuela (Bolivarian Republic of),June,2020,Jitter
63,9350,,VEN,259,29190,77362,139185,Venezuela (Bolivarian Republic of),July,2020,Latency
82,9350,,VEN,259,29190,77362,139186,Venezuela (Bolivarian Republic of),July,2020,Jitter
67,9350,,VEN,259,29190,77363,139185,Venezuela (Bolivarian Republic of),August,2020,Latency
81,9350,,VEN,259,29190,77363,139186,Venezuela (Bolivarian Republic of),August,2020,Jitter
56,9350,,VEN,259,29190,77364,139185,Venezuela (Bolivarian Republic of),September,2020,Latency
73,9350,,VEN,259,29190,77364,139186,Venezuela (Bolivarian Republic of),September,2020,Jitter
48,9350,,VEN,259,29190,77365,139185,Venezuela (Bolivarian Republic of),October,2020,Latency
64,9350,,VEN,259,29190,77365,139186,Venezuela (Bolivarian Republic of),October,2020,Jitter
53,9350,,VEN,259,29190,77366,139185,Venezuela (Bolivarian Republic of),November,2020,Latency
61,9350,,VEN,259,29190,77366,139186,Venezuela (Bolivarian Republic of),November,2020,Jitter
49,9350,,VEN,259,29190,77367,139185,Venezuela (Bolivarian Republic of),December,2020,Latency
57,9350,,VEN,259,29190,77367,139186,Venezuela (Bolivarian Republic of),December,2020,Jitter
47,9350,,VEN,259,29191,77356,139185,Venezuela (Bolivarian Republic of),January,2021,Latency
62,9350,,VEN,259,29191,77356,139186,Venezuela (Bolivarian Republic of),January,2021,Jitter
47,9350,,VEN,259,29191,77357,139185,Venezuela (Bolivarian Republic of),February,2021,Latency
65,9350,,VEN,259,29191,77357,139186,Venezuela (Bolivarian Republic of),February,2021,Jitter
59,9350,,VEN,259,29191,77358,139185,Venezuela (Bolivarian Republic of),March,2021,Latency
67,9350,,VEN,259,29191,77358,139186,Venezuela (Bolivarian Republic of),March,2021,Jitter
60,9350,,VEN,259,29191,77359,139185,Venezuela (Bolivarian Republic of),April,2021,Latency
66,9350,,VEN,259,29191,77359,139186,Venezuela (Bolivarian Republic of),April,2021,Jitter
56,9350,,VEN,259,29191,77360,139185,Venezuela (Bolivarian Republic of),May,2021,Latency
61,9350,,VEN,259,29191,77360,139186,Venezuela (Bolivarian Republic of),May,2021,Jitter
48,9350,,VEN,259,29191,77361,139185,Venezuela (Bolivarian Republic of),June,2021,Latency
56,9350,,VEN,259,29191,77361,139186,Venezuela (Bolivarian Republic of),June,2021,Jitter
45,9350,,VEN,259,29191,77362,139185,Venezuela (Bolivarian Republic of),July,2021,Latency
59,9350,,VEN,259,29191,77362,139186,Venezuela (Bolivarian Republic of),July,2021,Jitter
47,9350,,VEN,259,29191,77363,139185,Venezuela (Bolivarian Republic of),August,2021,Latency
65,9350,,VEN,259,29191,77363,139186,Venezuela (Bolivarian Republic of),August,2021,Jitter
47,9350,,VEN,259,29191,77364,139185,Venezuela (Bolivarian Republic of),September,2021,Latency
65,9350,,VEN,259,29191,77364,139186,Venezuela (Bolivarian Republic of),September,2021,Jitter
48,9350,,VEN,259,29191,77365,139185,Venezuela (Bolivarian Republic of),October,2021,Latency
62,9350,,VEN,259,29191,77365,139186,Venezuela (Bolivarian Republic of),October,2021,Jitter
48,9350,,VEN,259,29191,77366,139185,Venezuela (Bolivarian Republic of),November,2021,Latency
66,9350,,VEN,259,29191,77366,139186,Venezuela (Bolivarian Republic of),November,2021,Jitter
48,9350,,VEN,259,29191,77367,139185,Venezuela (Bolivarian Republic of),December,2021,Latency
64,9350,,VEN,259,29191,77367,139186,Venezuela (Bolivarian Republic of),December,2021,Jitter
47,9350,,VEN,259,29192,77356,139185,Venezuela (Bolivarian Republic of),January,2022,Latency
70,9350,,VEN,259,29192,77356,139186,Venezuela (Bolivarian Republic of),January,2022,Jitter
45,9350,,VEN,259,29192,77357,139185,Venezuela (Bolivarian Republic of),February,2022,Latency
62,9350,,VEN,259,29192,77357,139186,Venezuela (Bolivarian Republic of),February,2022,Jitter
45,9350,,VEN,259,29192,77358,139185,Venezuela (Bolivarian Republic of),March,2022,Latency
68,9350,,VEN,259,29192,77358,139186,Venezuela (Bolivarian Republic of),March,2022,Jitter
45,9350,,VEN,259,29192,77359,139185,Venezuela (Bolivarian Republic of),April,2022,Latency
69,9350,,VEN,259,29192,77359,139186,Venezuela (Bolivarian Republic of),April,2022,Jitter
48,9350,,VEN,259,29192,77360,139185,Venezuela (Bolivarian Republic of),May,2022,Latency
70,9350,,VEN,259,29192,77360,139186,Venezuela (Bolivarian Republic of),May,2022,Jitter
45,9350,,VEN,259,29192,77361,139185,Venezuela (Bolivarian Republic of),June,2022,Latency
67,9350,,VEN,259,29192,77361,139186,Venezuela (Bolivarian Republic of),June,2022,Jitter
45,9350,,VEN,259,29192,77362,139185,Venezuela (Bolivarian Republic of),July,2022,Latency
71,9350,,VEN,259,29192,77362,139186,Venezuela (Bolivarian Republic of),July,2022,Jitter
48,9350,,VEN,259,29192,77363,139185,Venezuela (Bolivarian Republic of),August,2022,Latency
69,9350,,VEN,259,29192,77363,139186,Venezuela (Bolivarian Republic of),August,2022,Jitter
44,9350,,VEN,259,29192,77364,139185,Venezuela (Bolivarian Republic of),September,2022,Latency
64,9350,,VEN,259,29192,77364,139186,Venezuela (Bolivarian Republic of),September,2022,Jitter
43,9350,,VEN,259,29192,77365,139185,Venezuela (Bolivarian Republic of),October,2022,Latency
64,9350,,VEN,259,29192,77365,139186,Venezuela (Bolivarian Republic of),October,2022,Jitter
54,9350,,VEN,259,29192,77366,139185,Venezuela (Bolivarian Republic of),November,2022,Latency
66,9350,,VEN,259,29192,77366,139186,Venezuela (Bolivarian Republic of),November,2022,Jitter
43.1,9350,,,212,29190,77358,139185,Latin America and the Caribbean,March,2020,Latency
47.3,9350,,,212,29190,77358,139186,Latin America and the Caribbean,March,2020,Jitter
40,9350,,,212,29190,77359,139185,Latin America and the Caribbean,April,2020,Latency
43.9,9350,,,212,29190,77359,139186,Latin America and the Caribbean,April,2020,Jitter
40.1,9350,,,212,29190,77360,139185,Latin America and the Caribbean,May,2020,Latency
41.3,9350,,,212,29190,77360,139186,Latin America and the Caribbean,May,2020,Jitter
39.7,9350,,,212,29190,77361,139185,Latin America and the Caribbean,June,2020,Latency
40.2,9350,,,212,29190,77361,139186,Latin America and the Caribbean,June,2020,Jitter
39.2,9350,,,212,29190,77362,139185,Latin America and the Caribbean,July,2020,Latency
38,9350,,,212,29190,77362,139186,Latin America and the Caribbean,July,2020,Jitter
40.1,9350,,,212,29190,77363,139185,Latin America and the Caribbean,August,2020,Latency
35.9,9350,,,212,29190,77363,139186,Latin America and the Caribbean,August,2020,Jitter
38.9,9350,,,212,29190,77364,139185,Latin America and the Caribbean,September,2020,Latency
30.9,9350,,,212,29190,77364,139186,Latin America and the Caribbean,September,2020,Jitter
35.9,9350,,,212,29190,77365,139185,Latin America and the Caribbean,October,2020,Latency
29.8,9350,,,212,29190,77365,139186,Latin America and the Caribbean,October,2020,Jitter
36.6,9350,,,212,29190,77366,139185,Latin America and the Caribbean,November,2020,Latency
30.2,9350,,,212,29190,77366,139186,Latin America and the Caribbean,November,2020,Jitter
36.4,9350,,,212,29190,77367,139185,Latin America and the Caribbean,December,2020,Latency
31.7,9350,,,212,29190,77367,139186,Latin America and the Caribbean,December,2020,Jitter
36.4,9350,,,212,29191,77356,139185,Latin America and the Caribbean,January,2021,Latency
32.3,9350,,,212,29191,77356,139186,Latin America and the Caribbean,January,2021,Jitter
36.3,9350,,,212,29191,77357,139185,Latin America and the Caribbean,February,2021,Latency
32.2,9350,,,212,29191,77357,139186,Latin America and the Caribbean,February,2021,Jitter
36.9,9350,,,212,29191,77358,139185,Latin America and the Caribbean,March,2021,Latency
31.3,9350,,,212,29191,77358,139186,Latin America and the Caribbean,March,2021,Jitter
38.2,9350,,,212,29191,77359,139185,Latin America and the Caribbean,April,2021,Latency
30.4,9350,,,212,29191,77359,139186,Latin America and the Caribbean,April,2021,Jitter
36.7,9350,,,212,29191,77360,139185,Latin America and the Caribbean,May,2021,Latency
28.8,9350,,,212,29191,77360,139186,Latin America and the Caribbean,May,2021,Jitter
35.8,9350,,,212,29191,77361,139185,Latin America and the Caribbean,June,2021,Latency
29.2,9350,,,212,29191,77361,139186,Latin America and the Caribbean,June,2021,Jitter
35.8,9350,,,212,29191,77362,139185,Latin America and the Caribbean,July,2021,Latency
29.9,9350,,,212,29191,77362,139186,Latin America and the Caribbean,July,2021,Jitter
36.2,9350,,,212,29191,77363,139185,Latin America and the Caribbean,August,2021,Latency
29.7,9350,,,212,29191,77363,139186,Latin America and the Caribbean,August,2021,Jitter
35.6,9350,,,212,29191,77364,139185,Latin America and the Caribbean,September,2021,Latency
29.5,9350,,,212,29191,77364,139186,Latin America and the Caribbean,September,2021,Jitter
36.2,9350,,,212,29191,77365,139185,Latin America and the Caribbean,October,2021,Latency
30.4,9350,,,212,29191,77365,139186,Latin America and the Caribbean,October,2021,Jitter
39,9350,,,212,29191,77366,139185,Latin America and the Caribbean,November,2021,Latency
31.7,9350,,,212,29191,77366,139186,Latin America and the Caribbean,November,2021,Jitter
39.5,9350,,,212,29191,77367,139185,Latin America and the Caribbean,December,2021,Latency
31.6,9350,,,212,29191,77367,139186,Latin America and the Caribbean,December,2021,Jitter
39.3,9350,,,212,29192,77356,139185,Latin America and the Caribbean,January,2022,Latency
33.5,9350,,,212,29192,77356,139186,Latin America and the Caribbean,January,2022,Jitter
39.5,9350,,,212,29192,77357,139185,Latin America and the Caribbean,February,2022,Latency
32.4,9350,,,212,29192,77357,139186,Latin America and the Caribbean,February,2022,Jitter
38.9,9350,,,212,29192,77358,139185,Latin America and the Caribbean,March,2022,Latency
33.5,9350,,,212,29192,77358,139186,Latin America and the Caribbean,March,2022,Jitter
39.4,9350,,,212,29192,77359,139185,Latin America and the Caribbean,April,2022,Latency
36.1,9350,,,212,29192,77359,139186,Latin America and the Caribbean,April,2022,Jitter
39.3,9350,,,212,29192,77360,139185,Latin America and the Caribbean,May,2022,Latency
36,9350,,,212,29192,77360,139186,Latin America and the Caribbean,May,2022,Jitter
39.7,9350,,,212,29192,77361,139185,Latin America and the Caribbean,June,2022,Latency
34.9,9350,,,212,29192,77361,139186,Latin America and the Caribbean,June,2022,Jitter
39.1,9350,,,212,29192,77362,139185,Latin America and the Caribbean,July,2022,Latency
37,9350,,,212,29192,77362,139186,Latin America and the Caribbean,July,2022,Jitter
39.5,9350,,,212,29192,77363,139185,Latin America and the Caribbean,August,2022,Latency
36.4,9350,,,212,29192,77363,139186,Latin America and the Caribbean,August,2022,Jitter
40.2,9350,,,212,29192,77364,139185,Latin America and the Caribbean,September,2022,Latency
39.5,9350,,,212,29192,77364,139186,Latin America and the Caribbean,September,2022,Jitter
40.5,9350,,,212,29192,77365,139185,Latin America and the Caribbean,October,2022,Latency
39.2,9350,,,212,29192,77365,139186,Latin America and the Caribbean,October,2022,Jitter
39.8,9350,,,212,29192,77366,139185,Latin America and the Caribbean,November,2022,Latency
36.5,9350,,,212,29192,77366,139186,Latin America and the Caribbean,November,2022,Jitter
42,9350,,,47707,29190,77358,139185,World,March,2020,Latency
43,9350,,,47707,29190,77358,139186,World,March,2020,Jitter
42,9350,,,47707,29190,77359,139185,World,April,2020,Latency
42,9350,,,47707,29190,77359,139186,World,April,2020,Jitter
40,9350,,,47707,29190,77360,139185,World,May,2020,Latency
39,9350,,,47707,29190,77360,139186,World,May,2020,Jitter
40,9350,,,47707,29190,77361,139185,World,June,2020,Latency
38,9350,,,47707,29190,77361,139186,World,June,2020,Jitter
41,9350,,,47707,29190,77362,139185,World,July,2020,Latency
38,9350,,,47707,29190,77362,139186,World,July,2020,Jitter
42,9350,,,47707,29190,77363,139185,World,August,2020,Latency
37,9350,,,47707,29190,77363,139186,World,August,2020,Jitter
40,9350,,,47707,29190,77364,139185,World,September,2020,Latency
34,9350,,,47707,29190,77364,139186,World,September,2020,Jitter
38,9350,,,47707,29190,77365,139185,World,October,2020,Latency
29,9350,,,47707,29190,77365,139186,World,October,2020,Jitter
36,9350,,,47707,29190,77366,139185,World,November,2020,Latency
27,9350,,,47707,29190,77366,139186,World,November,2020,Jitter
36,9350,,,47707,29190,77367,139185,World,December,2020,Latency
27,9350,,,47707,29190,77367,139186,World,December,2020,Jitter
37,9350,,,47707,29191,77356,139185,World,January,2021,Latency
28,9350,,,47707,29191,77356,139186,World,January,2021,Jitter
37,9350,,,47707,29191,77357,139185,World,February,2021,Latency
28,9350,,,47707,29191,77357,139186,World,February,2021,Jitter
37,9350,,,47707,29191,77358,139185,World,March,2021,Latency
28,9350,,,47707,29191,77358,139186,World,March,2021,Jitter
37,9350,,,47707,29191,77359,139185,World,April,2021,Latency
27,9350,,,47707,29191,77359,139186,World,April,2021,Jitter
37,9350,,,47707,29191,77360,139185,World,May,2021,Latency
27,9350,,,47707,29191,77360,139186,World,May,2021,Jitter
37,9350,,,47707,29191,77361,139185,World,June,2021,Latency
27,9350,,,47707,29191,77361,139186,World,June,2021,Jitter
37,9350,,,47707,29191,77362,139185,World,July,2021,Latency
28,9350,,,47707,29191,77362,139186,World,July,2021,Jitter
37,9350,,,47707,29191,77363,139185,World,August,2021,Latency
28,9350,,,47707,29191,77363,139186,World,August,2021,Jitter
36,9350,,,47707,29191,77364,139185,World,September,2021,Latency
26,9350,,,47707,29191,77364,139186,World,September,2021,Jitter
36,9350,,,47707,29191,77365,139185,World,October,2021,Latency
26,9350,,,47707,29191,77365,139186,World,October,2021,Jitter
36,9350,,,47707,29191,77366,139185,World,November,2021,Latency
27,9350,,,47707,29191,77366,139186,World,November,2021,Jitter
36,9350,,,47707,29191,77367,139185,World,December,2021,Latency
27,9350,,,47707,29191,77367,139186,World,December,2021,Jitter
36,9350,,,47707,29192,77356,139185,World,January,2022,Latency
27,9350,,,47707,29192,77356,139186,World,January,2022,Jitter
36,9350,,,47707,29192,77357,139185,World,February,2022,Latency
27,9350,,,47707,29192,77357,139186,World,February,2022,Jitter
36,9350,,,47707,29192,77358,139185,World,March,2022,Latency
28,9350,,,47707,29192,77358,139186,World,March,2022,Jitter
36,9350,,,47707,29192,77359,139185,World,April,2022,Latency
28,9350,,,47707,29192,77359,139186,World,April,2022,Jitter
36,9350,,,47707,29192,77360,139185,World,May,2022,Latency
28,9350,,,47707,29192,77360,139186,World,May,2022,Jitter
36,9350,,,47707,29192,77361,139185,World,June,2022,Latency
28,9350,,,47707,29192,77361,139186,World,June,2022,Jitter
36,9350,,,47707,29192,77362,139185,World,July,2022,Latency
29,9350,,,47707,29192,77362,139186,World,July,2022,Jitter
36,9350,,,47707,29192,77363,139185,World,August,2022,Latency
30,9350,,,47707,29192,77363,139186,World,August,2022,Jitter
35,9350,,,47707,29192,77364,139185,World,September,2022,Latency
29,9350,,,47707,29192,77364,139186,World,September,2022,Jitter
35,9350,,,47707,29192,77365,139185,World,October,2022,Latency
29,9350,,,47707,29192,77365,139186,World,October,2022,Jitter
35,9350,,,47707,29192,77366,139185,World,November,2022,Latency
29,9350,,,47707,29192,77366,139186,World,November,2022,Jitter
