value,source_id,notes_ids,iso3,dim_79515,dim_29117,Cities__ESTANDAR,Years__ESTANDAR
96.16,5702,,ARG,79518,29180,Argentina,2010
48.5,5702,,BOL,79524,29182,Bolivia (Plurinational State of),2012
96.33,5702,,BRA,79525,29180,Brazil,2010
96.34,5702,11806,COL,79528,29188,Colombia,2018
98.73,5702,,CUB,79530,29182,Cuba,2012
88.6,5702,,SLV,79534,29177,El Salvador,2007
89.2,5702,,GTM,79538,29188,Guatemala,2018
79.1,5702,,HND,79542,29183,Honduras,2013
70.4,5702,,NIC,79551,29175,Nicaragua,2005
87,5702,,PAN,79552,29180,Panama,2010
89.3,5702,,PRY,79553,29172,Paraguay,2002
89.2,5702,,PER,79554,29187,Peru,2017
95.6,5702,,DOM,79556,29180,Dominican Republic,2010
98.78,5702,,URY,79563,29181,Uruguay,2011
91.5,5702,,VEN,79564,29181,Venezuela (Bolivarian Republic of),2011
94.57,5702,,,79625,29180,Buenos Aires,2010
97.15,5702,,,79626,29180,Córdoba,2010
97.86,5702,,,79627,29180,Entre Ríos,2010
98.33,5702,,,79628,29180,La Pampa,2010
97.21,5702,,,79629,29180,Santa Fe,2010
94.38,5702,,,79630,29180,Corrientes,2010
93.1,5702,,,79631,29180,Chaco,2010
91.56,5702,,,79632,29180,Formosa,2010
95.86,5702,,,79633,29180,Misiones,2010
97.18,5702,,,79634,29180,Catamarca,2010
95.18,5702,,,79635,29180,Jujuy,2010
96.41,5702,,,79636,29180,La Rioja,2010
89.96,5702,,,79637,29180,Salta,2010
86.47,5702,,,79638,29180,Santiago del Estero,2010
98.71,5702,,,79639,29180,Tucumán,2010
97.78,5702,,,79640,29180,Mendoza,2010
98.32,5702,,,79641,29180,San Juan,2010
96.34,5702,,,79642,29180,San Luis,2010
95,5702,,,79643,29180,Chubut,2010
96.64,5702,,,79644,29180,Neuquén,2010
96.97,5702,,,79645,29180,Río Negro,2010
95.76,5702,,,79646,29180,Santa Cruz,2010
86.43,5702,,,79647,29180,Tierra del Fuego,2010
49.8,5702,,,79648,29182,La Paz,2012
42.3,5702,,,79649,29182,Oruro,2012
32.8,5702,,,79650,29182,Potosí,2012
47.6,5702,,,79651,29182,Cochabamba,2012
46.8,5702,,,79652,29182,Chuquisaca,2012
59.3,5702,,,79653,29182,Tarija,2012
64.9,5702,,,79654,29182,Santa Cruz,2012
38.5,5702,,,79655,29182,Beni,2012
27.1,5702,,,79656,29182,Pando,2012
90.97,5702,,,79658,29180,Acre,2010
86.64,5702,,,79659,29180,Amazonas,2010
89.93,5702,,,79660,29180,Roraima,2010
86.9,5702,,,79661,29180,Pará,2010
95.55,5702,,,79662,29180,Amapá,2010
94.1,5702,,,79663,29180,Tocantins,2010
95.51,5702,11649,,79664,29180,Maranhão,2010
92.53,5702,11653,,79665,29180,Piaui,2010
98.6,5702,,,79666,29180,Ceará,2010
98.7,5702,,,79667,29180,Rio Grande do Norte,2010
98.92,5702,11661,,79668,29180,Paraíba,2010
98.62,5702,11664,,79669,29180,Pernambuco,2010
98.03,5702,,,79670,29180,Alagoas,2010
98.45,5702,,,79671,29180,Sergipe,2010
94.99,5702,11674,,79672,29180,Bahia,2010
99.02,5702,,,79673,29180,Minas Gerais,2010
99.38,5702,,,79674,29180,Espirito Santo,2010
98.69,5702,11687,,79675,29180,Rio de Janeiro,2010
99.02,5702,11698,,79676,29180,São Paulo,2010
99.21,5702,"11714,11715",,79677,29180,Paraná,2010
99.53,5702,11726,,79678,29180,Santa Catarina,2010
99.32,5702,,,79679,29180,Rio Grande do Sul,2010
98.14,5702,11736,,79680,29180,Mato Grosso do Sul,2010
96.9,5702,11736,,79681,29180,Mato Grosso,2010
99.04,5702,"11742,11743",,79682,29180,Goiás-Distrito Federal,2010
98.92,5702,,,79699,29188,Atlántico,2018
94.71,5702,,,79700,29188,Bolívar,2018
96.27,5702,,,79701,29188,Córdoba,2018
94.15,5702,,,79702,29188,Magdalena,2018
94.59,5702,,,79703,29188,César,2018
60.72,5702,11804,,79704,29188,La Guajira,2018
96.67,5702,,,79705,29188,Sucre,2018
98.81,5702,,,79706,29188,Antioquia,2018
98.7,5702,,,79707,29188,Caldas,2018
84.67,5702,,,79708,29188,Caqueta,2018
95.66,5702,,,79709,29188,Huila,2018
99.09,5702,,,79710,29188,Quindio,2018
99.35,5702,,,79711,29188,Risaralda,2018
97.83,5702,,,79712,29188,Tolima,2018
92.08,5702,,,79713,29188,Cauca,2018
75.82,5702,,,79714,29188,Chocó,2018
91.61,5702,,,79715,29188,Nariño,2018
98.76,5702,,,79716,29188,Valle,2018
97.17,5702,,,79717,29188,Boyacá,2018
98.47,5702,,,79718,29188,Cundinamarca,2018
92.29,5702,,,79719,29188,Meta,2018
95.72,5702,,,79720,29188,Norte de Santander,2018
99.11,5702,,,79721,29188,Santander,2018
91.71,5702,,,79722,29188,Arauca,2018
93.64,5702,,,79723,29188,Casanare,2018
78.82,5702,,,79724,29188,Putumayo,2018
99.42,5702,,,79725,29188,San Andrés y Providencia,2018
63.31,5702,,,79726,29188,Guainía,2018
74.88,5702,,,79727,29188,Guaviare,2018
48.59,5702,,,79728,29188,Vaupés,2018
42.94,5702,,,79729,29188,Vichada,2018
78.18,5702,,,79730,29188,Amazonas,2018
97.75,5702,,,79738,29182,Pinar del Río,2012
99.86,5702,,,79739,29182,La Habana,2012
99.01,5702,,,79740,29182,Artesima,2012
99.73,5702,,,79741,29182,Mayabeque,2012
99.67,5702,,,79742,29182,Matanzas,2012
99.48,5702,,,79743,29182,Villa Clara,2012
98.87,5702,,,79744,29182,Cienfuegos,2012
99.33,5702,,,79745,29182,Sancti Spiritus,2012
98.92,5702,,,79746,29182,Ciego de Ávila,2012
98.7,5702,,,79747,29182,Camagüey,2012
98.3,5702,,,79748,29182,Las Tunas,2012
98.68,5702,,,79749,29182,Holguín,2012
95.89,5702,,,79750,29182,Granma,2012
98.33,5702,,CUB,79751,29182,Santiago de Cuba,2012
96.47,5702,,,79752,29182,Guantánamo,2012
99.89,5702,,,79753,29182,Isla de la Juventud,2012
89.4,5702,,,79779,29177,Santa Ana,2007
79.3,5702,,,79780,29177,Sonsonate,2007
74.1,5702,,,79781,29177,Ahuachapán,2007
89,5702,,,79782,29177,Chalatenango,2007
82.4,5702,,,79783,29177,Cabañas,2007
96.6,5702,,,79784,29177,San Salvador,2007
91.8,5702,,,79785,29177,La Libertad,2007
84.9,5702,,,79786,29177,Cuscatlán,2007
86.2,5702,,,79787,29177,La Paz,2007
87.1,5702,,,79788,29177,San Vicente,2007
87.6,5702,,,79789,29177,San Miguel,2007
87.5,5702,,,79790,29177,Usulután,2007
85.6,5702,,,79791,29177,La Unión,2007
64.9,5702,,,79792,29177,Morazán,2007
99.1,5702,,GTM,79793,29188,Guatemala,2018
95.9,5702,,,79794,29188,Chimaltenango,2018
98.9,5702,,,79795,29188,Sacatepequez,2018
97,5702,,,79796,29188,Escuintla,2018
93.3,5702,,,79797,29188,El Progreso,2018
87.4,5702,,,79798,29188,Jalapa,2018
91.5,5702,,,79799,29188,Santa Rosa,2018
91.3,5702,,,79800,29188,Jutiapa,2018
81.7,5702,,,79801,29188,Huehuetenango,2018
79,5702,,,79802,29188,Quiché,2018
90.7,5702,,,79803,29188,San Marcos,2018
94.7,5702,,,79804,29188,Totonicapán,2018
96,5702,,,79805,29188,Quetzaltenango,2018
95,5702,,,79806,29188,Solola,2018
94.2,5702,,,79807,29188,Retalhuleu,2018
94.2,5702,,,79808,29188,Suchitepequez,2018
78.9,5702,,,79809,29188,Petén,2018
51.2,5702,,,79810,29188,Alta Verapaz,2018
76.7,5702,,,79811,29188,Baja Verapaz,2018
84.1,5702,,,79812,29188,Izabal,2018
89.4,5702,,,79813,29188,Zacapa,2018
84.4,5702,,,79814,29188,Chiquimula,2018
84.2,5702,,,79824,29183,Atlántida,2013
76.6,5702,,,79825,29183,Colón,2013
92.5,5702,,,79826,29183,Islas de la Bahía,2013
19.3,5702,,,79827,29183,Gracias A Dios,2013
77.6,5702,,,79828,29183,Comayagua,2013
78.6,5702,,,79829,29183,Copán,2013
95.8,5702,,,79830,29183,Cortés,2013
69.7,5702,,,79831,29183,Choluteca,2013
55.1,5702,,,79832,29183,El Paraíso,2013
90.9,5702,,,79833,29183,Francisco Morazán,2013
48.5,5702,,,79834,29183,Intibuca,2013
54.6,5702,,,79835,29183,La Paz,2013
55.3,5702,,,79836,29183,Lempira,2013
80.8,5702,,,79837,29183,Ocotepeque,2013
59.8,5702,,,79838,29183,Olancho,2013
78.8,5702,,,79839,29183,Santa Bárbara,2013
74.7,5702,,,79840,29183,Valle,2013
77.2,5702,,,79841,29183,Yoro,2013
78,5702,,,79873,29175,Chinandega,2005
81,5702,,,79874,29175,León,2005
95.1,5702,,,79875,29175,Managua,2005
93.9,5702,,,79876,29175,Masaya,2005
89.4,5702,,GRD,79877,29175,Granada,2005
84.9,5702,,,79878,29175,Carazo,2005
84.5,5702,,,79879,29175,Rivas,2005
63.3,5702,,,79880,29175,Chontales,2005
46.7,5702,,,79881,29175,Boaco,2005
54.2,5702,,,79882,29175,Matagalpa,2005
30.1,5702,,,79883,29175,Jinotega,2005
70.8,5702,,,79884,29175,Estelí,2005
43.7,5702,,,79885,29175,Madriz,2005
48.3,5702,,,79886,29175,Nueva Segovia,2005
32.2,5702,,,79887,29175,Río San Juan,2005
27.2,5702,,,79888,29175,Zelaya,2005
39.7,5702,,,79889,29175,R.A.A.S.,2005
97.1,5702,,PAN,79890,29180,Panamá,2010
92.4,5702,,,79891,29180,Colón,2010
88,5702,,,79892,29180,Chiriqui,2010
65.4,5702,,,79893,29180,Bocas del Toro,2010
73,5702,,,79894,29180,Cocle,2010
89.7,5702,,,79895,29180,Herrera,2010
92.2,5702,,,79896,29180,Los Santos,2010
66.6,5702,,,79897,29180,Veraguas,2010
60.8,5702,,,79898,29180,Darién,2010
18.9,5702,,,79899,29180,Comarca Kuna Yala,2010
36,5702,,,79900,29180,Comarca Emberá,2010
3.8,5702,,,79901,29180,Comarca Ngöbe-Buglé,2010
98.1,5702,11931,,79902,29172,Central,2002
89.4,5702,,,79903,29172,Cordillera,2002
84.9,5702,,,79904,29172,Paraguarí,2002
89.7,5702,,,79905,29172,Guaira,2002
77.5,5702,,,79906,29172,Caazapa,2002
77.3,5702,,,79907,29172,Concepción,2002
80.2,5702,,,79908,29172,San Pedro,2002
84.6,5702,,,79909,29172,Caaguazú,2002
67.9,5702,,,79910,29172,Canindeyú,2002
92.4,5702,,,79911,29172,Alto Paraná,2002
79.9,5702,,,79912,29172,Amambay,2002
86.5,5702,,,79913,29172,Itapúa,2002
87.5,5702,,,79914,29172,Misiones,2002
80.4,5702,,,79915,29172,Ñeembucú,2002
67.3,5702,,,79916,29172,Presidente Hayes,2002
62.1,5702,,,79917,29172,Boquerón,2002
60.5,5702,,PRY,79918,29172,Alto Paraguay,2002
79.2,5702,,,79919,29187,Amazonas,2017
86.6,5702,,,79920,29187,Ancash,2017
81.6,5702,,,79921,29187,Cajamarca,2017
74.4,5702,,,79922,29187,Huanuco,2017
89.8,5702,,,79923,29187,La Libertad,2017
92.3,5702,,,79924,29187,Lambayeque,2017
87,5702,,,79925,29187,Piura,2017
87.2,5702,,MAF,79926,29187,San Martín,2017
90.2,5702,,,79927,29187,Tumbes,2017
83,5702,,,79928,29187,Ayacucho,2017
78.9,5702,,,79929,29187,Huancavelica,2017
92.6,5702,,,79930,29187,Ica,2017
88.7,5702,,,79931,29187,Junín,2017
95.7,5702,,,79932,29187,Lima,2017
79.7,5702,,,79933,29187,Pasco,2017
82,5702,,,79934,29187,Apurimac,2017
91.4,5702,,,79935,29187,Arequipa,2017
84.3,5702,,,79936,29187,Cusco,2017
87.7,5702,,,79937,29187,Moquegua,2017
78.6,5702,,,79938,29187,Puno,2017
88.1,5702,,,79939,29187,Tacna,2017
78.5,5702,,,79940,29187,Loreto,2017
85.6,5702,,,79941,29187,Madre de Dios,2017
80.8,5702,,,79942,29187,Ucayali,2017
95.6,5702,,,79943,29180,Distrito Nacional,2010
91,5702,,,79944,29180,La Altagracia,2010
94.5,5702,,,79945,29180,La Romana,2010
72.4,5702,,,79946,29180,El Seibo,2010
96.7,5702,,,79947,29180,San Pedro de Macorís,2010
97.9,5702,,,79948,29180,San Cristóbal,2010
97.8,5702,,,79949,29180,Peravia,2010
98.5,5702,,,79950,29180,Santiago,2010
83.9,5702,,,79951,29180,Monte Cristi,2010
84.7,5702,,,79952,29180,Dajabón,2010
79.8,5702,,,79953,29180,Santiago Rodríguez,2010
91.6,5702,,,79954,29180,Valverde,2010
94.5,5702,,,79955,29180,Puerto Plata,2010
96.8,5702,,,79956,29180,Espaillat,2010
94.9,5702,,,79957,29180,Hermanas Mirabal,2010
96.6,5702,,,79958,29180,La Vega,2010
95.9,5702,,,79959,29180,Sánchez Ramírez,2010
95.8,5702,,,79960,29180,Duarte,2010
95.6,5702,,,79961,29180,María Trinidad Sánchez,2010
76.3,5702,,,79962,29180,Samana,2010
91.1,5702,,,79963,29180,Barahona,2010
69.8,5702,,,79964,29180,Elias Pina,2010
89.4,5702,,,79965,29180,San Juan,2010
88.7,5702,,,79966,29180,Independencia,2010
87.6,5702,,,79967,29180,Bahoruco,2010
91.9,5702,,,79968,29180,Azúa,2010
67.6,5702,,,79969,29180,Pedernales,2010
98.1,5702,,,79970,29180,Monseñor Nouel,2010
90.2,5702,,,79971,29180,Monte Plata,2010
89.2,5702,,,79972,29180,Hato Mayor,2010
83.5,5702,,,79973,29180,San José de Ocoa,2010
99.63,5702,,,79974,29181,Montevideo-Canelones,2011
99.14,5702,,,79975,29181,San José,2011
99.16,5702,,,79976,29181,Colonia,2011
98.74,5702,,,79977,29181,Maldonado,2011
97.77,5702,,,79978,29181,Artigas,2011
97.22,5702,,,79979,29181,Salto,2011
97.99,5702,,,79980,29181,Paysandú,2011
97.94,5702,,,79981,29181,Río Negro,2011
98.46,5702,,,79982,29181,Soriano,2011
97.17,5702,,,79983,29181,Rivera,2011
95.34,5702,,,79984,29181,Tacuarembó,2011
95.43,5702,,,79985,29181,Cerro Largo,2011
95.91,5702,,,79986,29181,Treinta y Tres,2011
97.26,5702,,,79987,29181,Durazno,2011
98.51,5702,,,79988,29181,Flores,2011
98.21,5702,,,79989,29181,Florida,2011
96.5,5702,,,79990,29181,Lavalleja,2011
97.52,5702,,,79991,29181,Rocha,2011
97.3,5702,12007,,79992,29181,Distrito Federal-Miranda-Vargas,2011
97.4,5702,,,79993,29181,Aragua,2011
96.9,5702,,,79994,29181,Carabobo,2011
89.7,5702,,,79995,29181,Cojedes,2011
87.8,5702,,,79996,29181,Falcón,2011
84.8,5702,,,79997,29181,Lara,2011
84.1,5702,,,79998,29181,Portuguesa,2011
90,5702,,,79999,29181,Yaracuy,2011
88.6,5702,12047,,80000,29181,Zulia,2011
86.4,5702,,,80001,29181,Barinas,2011
93.4,5702,,,80002,29181,Mérida,2011
96.1,5702,,,80003,29181,Táchira,2011
87.1,5702,,,80004,29181,Trujillo,2011
74.5,5702,12045,,80005,29181,Apure,2011
83.9,5702,,,80006,29181,Guárico,2011
91.1,5702,12038,,80007,29181,Bolívar,2011
61.7,5702,12041,,80008,29181,Territorio Federal Amazonas,2011
68.4,5702,12048,,80009,29181,Territorio Federal Delta Amacuro,2011
92.3,5702,12044,,80010,29181,Anzoátegui,2011
91.5,5702,12042,,80011,29181,Monagas,2011
88.2,5702,12043,,80012,29181,Sucre,2011
95.4,5702,,,80013,29181,Nueva Esparta,2011
80.4,5702,,,80014,29181,Dependencias Federales,2011
94.11,5702,11592,,80019,29180,Gran Buenos Aires,2010
97.24,5702,11600,,80020,29180,Gran La Plata,2010
95.03,5702,,,80021,29180,Mar del Plata,2010
98.18,5702,11601,,80022,29180,Bahía Blanca,2010
98.32,5702,,,80023,29180,San Nicolás de los Arroyos,2010
98.07,5702,,,80024,29180,Tandil,2010
93.63,5702,,,80025,29180,Zárate,2010
97.85,5702,,,80026,29180,Olavarría,2010
97.85,5702,,,80027,29180,Luján,2010
79.59,5702,,,80028,29180,Pergamino,2010
97.98,5702,11602,,80029,29180,Necochea,2010
97.27,5702,,,80030,29180,Junín,2010
96.23,5702,,,80031,29180,Campana,2010
95.31,5702,,,80032,29180,Mar de Ajó - San Bernardo,2010
98.02,5702,,,80033,29180,Azul,2010
94.75,5702,,,80034,29180,Chivilcoy,2010
98.1,5702,11603,,80035,29180,Punta Alta,2010
99.11,5702,,,80036,29180,Mercedes,2010
97.36,5702,,,80037,29180,San Pedro,2010
98.36,5702,,,80038,29180,Tres Arroyos,2010
94,5702,,,80039,29180,Cañuelas,2010
97.38,5702,,,80040,29180,Chacabuco,2010
97.99,5702,,,80041,29180,10 de Julio,2010
97.03,5702,,,80042,29180,Balcarce,2010
96.87,5702,,,80043,29180,Chascomús,2010
97.88,5702,,,80044,29180,Trenque Lauquén,2010
96.43,5702,,,80045,29180,Miramar - El Marquesado,2010
97.52,5702,,,80046,29180,Bragado,2010
97.29,5702,,,80047,29180,Pehuajó,2010
98.89,5702,,,80048,29180,Lincoln,2010
97.83,5702,,,80049,29180,Coronel Suárez,2010
95.09,5702,11604,,80050,29180,Lobos,2010
95.09,5702,,,80051,29180,Villa Gesell,2010
96.49,5702,,,80052,29180,Ramallo - Villa Ramallo,2010
97.99,5702,,,80053,29180,San Carlos de Bolívar,2010
97.75,5702,,,80054,29180,Baradero,2010
96.32,5702,,,80055,29180,26 de Mayo,2010
96.55,5702,,,80056,29180,Salto,2010
99.05,5702,,,80057,29180,Saladillo,2010
98.14,5702,,,80058,29180,Arrecifes,2010
96.26,5702,,,80059,29180,Dolores,2010
95.54,5702,,,80060,29180,Pinamar,2010
97.75,5702,,,80061,29180,Colón,2010
97.57,5702,,,80062,29180,Coronel Brandsen,2010
98.76,5702,,,80063,29180,Las Flores,2010
96.74,5702,,,80064,29180,Coronel Pringles  (Est. Pringles),2010
95.67,5702,11606,,80065,29180,Gran Córdoba,2010
98.75,5702,11608,,80066,29180,Gran Río Cuarto,2010
99.13,5702,11609,,80067,29180,Villa María,2010
100,5702,11610,,80068,29180,San Francisco,2010
97.29,5702,,,80069,29180,Villa Carlos Paz,2010
99.95,5702,,,80070,29180,Alta Gracia,2010
99.94,5702,,,80071,29180,Jesus Maria-Colonia Caroya,2010
100,5702,,,80072,29180,Río Tercero,2010
100,5702,11611,,80073,29180,Villa Dolores,2010
100,5702,11612,,80074,29180,La Falda,2010
100,5702,,,80075,29180,Rio Segundo-Pilar,2010
99.86,5702,,,80076,29180,Cosquin-Sta.Maria de Punilla-Bialet Masse,2010
100,5702,,,80077,29180,Bell Ville,2010
100,5702,,,80078,29180,Cruz del Eje,2010
99.75,5702,,,80079,29180,Marcos Juarez,2010
100,5702,,,80080,29180,Arroyito,2010
100,5702,,,80081,29180,Deán Funes,2010
100,5702,,,80082,29180,Laboulaye,2010
96.32,5702,,,80083,29180,Paraná,2010
96.95,5702,,,80084,29180,Concordia,2010
97.94,5702,,,80085,29180,Gualeguaychú,2010
97.65,5702,,URY,80086,29180,Concep. del Uruguay,2010
99.98,5702,,,80087,29180,Gualeguay,2010
100,5702,,,80088,29180,Colón,2010
99.84,5702,,,80089,29180,Villaguay,2010
100,5702,,,80090,29180,Chajarí,2010
99.94,5702,,,80091,29180,Victoria,2010
99.85,5702,,,80092,29180,La Paz,2010
100,5702,,,80093,29180,Nogoyá,2010
98.66,5702,11613,,80094,29180,Santa Rosa,2010
99.75,5702,,,80095,29180,General Pico,2010
95.89,5702,"11615,11616",,80096,29180,Gran Rosario,2010
96.78,5702,11617,,80097,29180,Gran Santa Fe,2010
97.84,5702,,,80098,29180,Reconquista-Avellaneda,2010
95.52,5702,,,80099,29180,Rafaela,2010
100,5702,,,80100,29180,Venado Tuerto,2010
99.79,5702,,,80101,29180,Villa Constitución,2010
100,5702,,,80102,29180,Esperanza,2010
100,5702,,,80103,29180,Casilda,2010
100,5702,,,80104,29180,Cañada de Gómez,2010
100,5702,,,80105,29180,Arroyo Seco,2010
100,5702,,,80106,29180,San Justo,2010
99.52,5702,,,80107,29180,Sunchales,2010
95.55,5702,,,80108,29180,Corrientes,2010
98.52,5702,,,80109,29180,Goya,2010
99.89,5702,,,80110,29180,Paso de los Libres,2010
100,5702,,,80111,29180,Curuzú Cuatía,2010
100,5702,,,80112,29180,Mercedes,2010
100,5702,,,80113,29180,Gobernador Virasoro,2010
100,5702,,,80114,29180,Bella Vista,2010
100,5702,,,80115,29180,Monte Caseros,2010
100,5702,,STP,80116,29180,Santo Tomé,2010
97.27,5702,11618,,80117,29180,Gran Resistencia,2010
98.77,5702,,,80118,29180,Presid. R Sáenz Peña,2010
99.55,5702,,,80119,29180,Villa Angela,2010
98.62,5702,11619,,80120,29180,General José de San Martín,2010
97.65,5702,,,80121,29180,Juán José Costelli,2010
98.7,5702,,,80122,29180,Charata,2010
98.9,5702,,,80123,29180,Quitilipi,2010
94.92,5702,,,80124,29180,Las Breñas,2010
98.35,5702,,,80125,29180,Machagai,2010
96.22,5702,,,80126,29180,Formosa,2010
99.21,5702,,,80127,29180,Clorinda,2010
98.39,5702,,,80128,29180,Pirane,2010
97.35,5702,,,80129,29180,Posadas,2010
96.4,5702,,,80130,29180,Oberá,2010
98.66,5702,,,80131,29180,Eldorado,2010
98.45,5702,,,80132,29180,Puerto Iguazú,2010
100,5702,,,80133,29180,Apostoles,2010
98.99,5702,,,80134,29180,Leandro N. Alem,2010
99.84,5702,,,80135,29180,Jardín América,2010
99.69,5702,,,80136,29180,San Vicente,2010
96.94,5702,11622,,80137,29180,Gran San Fernando,2010
97.65,5702,11624,,80138,29180,Gran San Salvador de Jujuy,2010
96.1,5702,,,80139,29180,San Pedro de Jujuy,2010
98.76,5702,11625,,80140,29180,Libertador General San Martín,2010
99.8,5702,,,80141,29180,Perico,2010
97.63,5702,,,80142,29180,La Rioja,2010
99.84,5702,,CHL,80143,29180,Chilecito,2010
96.86,5702,,,80144,29180,Salta,2010
93.37,5702,,,80145,29180,San Ramón (Nueva Orán),2010
92.42,5702,,,80146,29180,Tartagal,2010
95.83,5702,,,80147,29180,General Güemes,2010
91.42,5702,,,80148,29180,San José de Metán,2010
94.27,5702,,,80149,29180,Rosario de la Frontera,2010
91.55,5702,,,80150,29180,Pichanal,2010
89.89,5702,,,80151,29180,Embarcación,2010
93.06,5702,,,80152,29180,Rosario De Lerma,2010
95.04,5702,,,80153,29180,Cerrillos,2010
96.45,5702,11626,,80154,29180,Santiago del Estero,2010
99.69,5702,,,80155,29180,Termas Río Hondo,2010
99.97,5702,,,80156,29180,Frías,2010
96.11,5702,,,80157,29180,Añatuya,2010
98.67,5702,11628,,80158,29180,Gran San Miguel de Tucumán,2010
98.53,5702,,,80159,29180,Concepción,2010
99.65,5702,11629,,80160,29180,Aguilares,2010
99.58,5702,,,80161,29180,Lules,2010
100,5702,,,80162,29180,Monteros,2010
100,5702,,,80163,29180,Famaillá,2010
97.26,5702,11631,,80164,29180,Gran Mendoza,2010
97.87,5702,,,80165,29180,San Rafael,2010
99.68,5702,,MAF,80166,29180,San Martín-La Colonia,2010
100,5702,,,80167,29180,Tunuyán,2010
100,5702,,,80168,29180,General Alvear,2010
100,5702,,,80169,29180,Rivadavia,2010
100,5702,,,80170,29180,Malargue,2010
100,5702,,,80171,29180,Junin,2010
97.92,5702,11633,,80172,29180,Gran San Juan,2010
100,5702,,,80173,29180,Caucete,2010
98.36,5702,,,80174,29180,San Luis,2010
97.05,5702,,,80175,29180,Mercedes,2010
92.93,5702,,,80176,29180,Comodoro Rivadavia,2010
97.52,5702,,,80177,29180,Trelew,2010
97.29,5702,,,80178,29180,Puerto Madryn,2010
100,5702,,,80179,29180,Esquel,2010
99.99,5702,,,80180,29180,Rawson,2010
97.41,5702,11635,,80181,29180,Gran Neuquén,2010
100,5702,,,80182,29180,Cutral-Có,2010
97.65,5702,,,80183,29180,Centenario,2010
100,5702,,,80184,29180,Zapala,2010
100,5702,,MAF,80185,29180,San Martín de los Andes,2010
95.91,5702,,,80186,29180,San Carlos de Bariloche,2010
96.62,5702,,,80187,29180,General Roca,2010
97.99,5702,11636,,80188,29180,Gran Viedma,2010
100,5702,,,80189,29180,Villa Regina,2010
99.5,5702,,,80190,29180,Cinco Saltos,2010
98.97,5702,,,80191,29180,Allen,2010
99.86,5702,,,80192,29180,San Antonio Oeste,2010
92.29,5702,,,80193,29180,Río Gallegos,2010
99.29,5702,,,80194,29180,Caleta Olivia,2010
99.64,5702,,,80195,29180,Pico Truncado,2010
89.24,5702,11638,,80196,29180,Río Grande,2010
86.95,5702,,,80197,29180,Ushuaia,2010
76.2,5702,11639,,80198,29182,La Paz,2012
69.7,5702,,,80199,29182,Oruro,2012
1.6,5702,,,80200,29182,Huanuni,2012
88.2,5702,,,80201,29182,Potosí,2012
76.1,5702,,,80202,29182,Villazón,2012
62.6,5702,,,80203,29182,LLallagua,2012
88,5702,,,80204,29182,Tupiza,2012
71,5702,11640,,80205,29182,Cochabamba,2012
86.1,5702,,,80206,29182,Sucre,2012
84.8,5702,,,80207,29182,Tarija,2012
83.4,5702,,,80208,29182,Yacuiba,2012
56.2,5702,,,80209,29182,Villamontes,2012
81.8,5702,11641,,80210,29182,Bermejo,2012
61.7,5702,,,80212,29182,Montero,2012
42.1,5702,,,80213,29182,Warnes,2012
73.1,5702,,,80214,29182,La Guardia,2012
41.7,5702,,,80215,29182,Yapacaní,2012
46.8,5702,,,80216,29182,El Torno,2012
38.8,5702,,,80217,29182,Camiri,2012
43.2,5702,,,80218,29182,Cotoca,2012
49.3,5702,,,80219,29182,San Ignacio de Velasco,2012
40.8,5702,11642,,80220,29182,Mineros,2012
66.8,5702,,,80221,29182,Trinidad,2012
33.9,5702,,,80222,29182,Riberalta,2012
58,5702,,,80223,29182,Guayaramerin,2012
39.9,5702,,,80224,29182,San Borja,2012
51.2,5702,,,80225,29182,Cobija,2012
99.4,5702,,,80226,29180,Porto Velho,2010
99.73,5702,11644,,80227,29180,Ji-Paraná,2010
99.49,5702,,,80228,29180,Ariquemes,2010
99.3,5702,,,80229,29180,Vilhena,2010
99.68,5702,,,80230,29180,Cacoal,2010
99.57,5702,,,80231,29180,Rolim de Moura,2010
98.83,5702,,,80232,29180,Guajara-Mirim,2010
99.92,5702,,,80233,29180,Jaru,2010
99.56,5702,,,80234,29180,Ouro Preto do Oeste,2010
99.63,5702,,,80235,29180,Pimenta Bueno,2010
98.36,5702,,,80236,29180,Espigão D'Oeste,2010
98.74,5702,,,80237,29180,Rio Branco,2010
98.57,5702,,,80238,29180,Cruzeiro do Sul,2010
98.15,5702,,,80239,29180,Sena Madureira,2010
97.98,5702,11645,,80240,29180,Manaus,2010
98.38,5702,,,80241,29180,Parintins,2010
97.8,5702,,,80242,29180,Tefé,2010
97.99,5702,,,80243,29180,Coari,2010
96.51,5702,,,80244,29180,Tabatinga,2010
98.11,5702,,,80245,29180,Humaitá,2010
98.35,5702,,,80246,29180,Maués,2010
98.2,5702,,,80247,29180,Lábrea,2010
98.26,5702,,,80248,29180,Eirunepé,2010
98.38,5702,,,80249,29180,Manicoré,2010
93.82,5702,,,80250,29180,Benjamin Constant,2010
99.22,5702,,,80251,29180,Boa Vista,2010
98.71,5702,11646,,80252,29180,Belém,2010
96.64,5702,,,80253,29180,Santaré,2010
95.85,5702,,,80254,29180,Marabá,2010
97.65,5702,,,80255,29180,Castanhal,2010
97.89,5702,,,80256,29180,Parauapebas,2010
99.04,5702,,,80257,29180,Tucuruí,2010
94.32,5702,,,80258,29180,Altamira,2010
97.49,5702,,,80259,29180,Abaetetuba,2010
99.06,5702,,,80260,29180,Paragominas,2010
96.18,5702,,,80261,29180,Bragança,2010
98.75,5702,,,80262,29180,Itaituba,2010
97.79,5702,,,80263,29180,Redenção,2010
96.54,5702,,,80264,29180,Tailândia,2010
97.9,5702,,,80265,29180,Cametá,2010
98.53,5702,,,80266,29180,Capanema,2010
94.12,5702,,,80267,29180,Breves,2010
98.04,5702,,,80268,29180,Jacundá,2010
95.03,5702,,,80269,29180,São Félix do Xingu,2010
92.8,5702,,,80270,29180,Oriximiná,2010
98.89,5702,,,80271,29180,Barcarena,2010
99.35,5702,,,80272,29180,Rondon do Pará,2010
97.62,5702,,,80273,29180,Salinópolis,2010
91.06,5702,,,80274,29180,Dom Éliseu,2010
98.31,5702,,,80275,29180,Conceição do Araguaia,2010
96.29,5702,,,80276,29180,Vigia,2010
91.34,5702,,,80277,29180,São Miguel do Guamá,2010
97.11,5702,,,80278,29180,Tomé-Açu,2010
98.25,5702,,,80279,29180,Xinguara,2010
95.16,5702,,,80280,29180,Santana do Araguaia,2010
98.22,5702,,,80281,29180,Breu Branco,2010
90.38,5702,,,80282,29180,Ulianópolis,2010
97.34,5702,,,80283,29180,Novo Repartimento,2010
97.21,5702,,,80284,29180,Alenquer,2010
98.34,5702,,,80285,29180,Tucumã,2010
97.97,5702,,,80286,29180,Igarapé-Miri,2010
96.77,5702,,,80287,29180,Óbidos,2010
95.41,5702,,,80288,29180,Moju,2010
91.17,5702,,,80289,29180,Portel,2010
99.05,5702,,,80290,29180,Monte Alegre,2010
97.35,5702,,,80291,29180,Uruará,2010
97.21,5702,,,80292,29180,Mãe do Rio,2010
99.46,5702,,,80293,29180,Capitão Poço,2010
97.74,5702,,,80294,29180,Igarapé-Açu,2010
99.85,5702,,,80295,29180,Goianésia do Pará,2010
96.07,5702,,,80296,29180,Soure,2010
89.42,5702,,,80297,29180,Canaã dos Carajás,2010
98.69,5702,,,80298,29180,Itupiranga,2010
99.28,5702,,,80299,29180,Macapá,2010
98.96,5702,,,80300,29180,Laranjal do Jari,2010
99.47,5702,,,80301,29180,Palmas,2010
98.85,5702,,,80302,29180,Araguaina,2010
99.69,5702,,,80303,29180,Gurupi,2010
99.56,5702,,,80304,29180,Paraíso do Tocantins,2010
99.49,5702,,,80305,29180,Pôrto Nacional,2010
98.61,5702,,,80306,29180,Colinas do Tocantins,2010
99.58,5702,,,80307,29180,Guaraí,2010
96.54,5702,,,80308,29180,Araguatins,2010
99.56,5702,,,80309,29180,Miracema do Tocantins,2010
99.38,5702,11651,,80310,29180,São Luis,2010
99.66,5702,,,80311,29180,RM Sudoeste Maranhense (Imperatriz) *,2010
98.98,5702,,,80312,29180,Caxias,2010
98.87,5702,,,80313,29180,Codó,2010
99.46,5702,,,80314,29180,Açailândia,2010
99.13,5702,,,80315,29180,Bacabal,2010
99.13,5702,11650,,80316,29180,Santa Inês,2010
99.84,5702,,,80317,29180,Balsas,2010
99.2,5702,,,80318,29180,Chapadinha,2010
99.53,5702,,,80319,29180,Barra do Corda,2010
99.39,5702,,,80320,29180,Pinheiro,2010
99.48,5702,,,80321,29180,Coroatá,2010
99.18,5702,,,80322,29180,Coelho Neto,2010
99.14,5702,,,80323,29180,Grajaú,2010
99.48,5702,,,80324,29180,Buriticupu,2010
98.6,5702,,,80325,29180,Itapecuru Mirim,2010
99.92,5702,,,80326,29180,Pedreiras,2010
99.88,5702,,,80327,29180,Presidente Dutra,2010
99.26,5702,,,80328,29180,Zé Doca,2010
99.66,5702,,,80329,29180,Lago da Pedra,2010
97.33,5702,,,80330,29180,São Mateus do Maranhão,2010
98.77,5702,,,80331,29180,Viana,2010
98.55,5702,,,80332,29180,Vargem Grande,2010
99.62,5702,,,80333,29180,Santa Luzia,2010
99.81,5702,,,80334,29180,Estreito,2010
98.08,5702,,,80335,29180,Colinas,2010
99.62,5702,,,80336,29180,São Bento,2010
98.42,5702,,,80337,29180,Rosário,2010
98.43,5702,11652,,80338,29180,Pindaré-Mirim,2010
99.18,5702,,,80339,29180,Barreirinhas,2010
97.19,5702,,,80340,29180,Cururupu,2010
99.56,5702,,,80341,29180,São João dos Patos,2010
99.19,5702,11655,,80342,29180,Teresina (RIDE TERESINA),2010
98.7,5702,,,80343,29180,Parnaíba,2010
99.47,5702,,,80344,29180,Floriano,2010
99.57,5702,,,80345,29180,Picos,2010
99.22,5702,,,80346,29180,Piripiri,2010
99.4,5702,,,80347,29180,Campo Maior,2010
98.14,5702,,,80348,29180,Esperantina,2010
97.48,5702,,,80349,29180,Pedro II,2010
98.04,5702,,,80350,29180,Barras,2010
99.03,5702,,,80351,29180,Oeiras,2010
97.73,5702,,,80352,29180,São Raimundo Nonato,2010
99.13,5702,11657,,80353,29180,Fortaleza,2010
99.48,5702,11658,,80354,29180,Juazeiro do Norte (RM Cariri),2010
99.34,5702,,,80355,29180,Sobral,2010
99.77,5702,,,80356,29180,Iguatu,2010
99.25,5702,,,80357,29180,Itapipoca,2010
99.22,5702,,,80358,29180,Quixadá,2010
99.09,5702,,,80359,29180,Crateús,2010
99.76,5702,,,80360,29180,Canindé,2010
99.73,5702,,,80361,29180,Tianguá,2010
99.44,5702,,,80362,29180,Russas,2010
98.82,5702,,,80363,29180,Camocim,2010
98.64,5702,,,80364,29180,Aracati,2010
99.31,5702,,,80365,29180,Quixeramobim,2010
99.06,5702,,,80366,29180,Morada Nova,2010
99.36,5702,,,80367,29180,Itapagé,2010
99.85,5702,,,80368,29180,Limoeiro do Norte,2010
99.8,5702,,,80369,29180,Tauá,2010
99.76,5702,,,80370,29180,Icó,2010
97.78,5702,,,80371,29180,Acaraú,2010
99.46,5702,,,80372,29180,Brejo Santo,2010
98.97,5702,,,80373,29180,Boa Viagem,2010
96.18,5702,,,80374,29180,Granja,2010
98.46,5702,,,80375,29180,Ipu,2010
98.31,5702,,,80376,29180,Acopiara,2010
99.89,5702,,,80377,29180,São Benedito,2010
99.18,5702,,,80378,29180,Pedra Branca,2010
99.72,5702,,,80379,29180,Baturité,2010
99.01,5702,,,80380,29180,Massapê,2010
99.27,5702,,,80381,29180,Várzea Alegre,2010
98.85,5702,,,80382,29180,Mauriti,2010
99.77,5702,,,80383,29180,Jaguaribe,2010
99.83,5702,,,80384,29180,Nova Russas,2010
99.28,5702,,,80385,29180,Santa Quitéria,2010
98.87,5702,,,80386,29180,Beberibe,2010
98.7,5702,,,80387,29180,Pentecoste,2010
98.29,5702,,,80388,29180,Paracuru,2010
99.26,5702,11660,,80389,29180,Natal,2010
99.31,5702,,,80390,29180,Mossoró,2010
99.46,5702,,,80391,29180,Caicó,2010
99.28,5702,,,80392,29180,Currais Novos,2010
98.62,5702,,,80393,29180,Acu,2010
98.31,5702,,,80394,29180,Ceará-Mirim,2010
98.42,5702,,,80395,29180,Santa Cruz,2010
99.81,5702,,,80396,29180,Pau dos Ferros,2010
99.03,5702,,,80397,29180,Nova Cruz,2010
99.51,5702,,,80398,29180,João Câmara,2010
97.99,5702,,,80399,29180,Macau,2010
99.5,5702,,,80400,29180,Areia Branca,2010
96.38,5702,,,80401,29180,Canguaretama,2010
99.33,5702,11662,,80402,29180,João Pessoa,2010
99.73,5702,,,80403,29180,Campina Grande,2010
99.01,5702,,,80404,29180,Patos,2010
99.23,5702,,,80405,29180,Sousa,2010
99.41,5702,,,80406,29180,Guarabira,2010
99.42,5702,,,80407,29180,Cajazeiras,2010
99.19,5702,,,80408,29180,Sapé,2010
98.9,5702,,,80409,29180,Pombal,2010
99.72,5702,,,80410,29180,São Bento,2010
100,5702,,,80411,29180,Queimadas,2010
99.77,5702,,,80412,29180,Esperança,2010
98.74,5702,,,80413,29180,Catolé do Rocha,2010
99.68,5702,,,80414,29180,Monteiro,2010
99.06,5702,11666,,80415,29180,Recife,2010
99.03,5702,11665,,80416,29180,Petrolina,2010
99.1,5702,,,80417,29180,Caruaru,2010
99.52,5702,,,80418,29180,Garanhus,2010
98.72,5702,,,80419,29180,Vitória de Santo Antão,2010
99.13,5702,,,80420,29180,Santa Cruz do Capibaribe,2010
99.2,5702,,,80421,29180,Carpina,2010
98.44,5702,,,80422,29180,Gravatá,2010
99.05,5702,,,80423,29180,Arcoverde,2010
99.83,5702,,,80424,29180,Serra Talhada,2010
99.51,5702,,,80425,29180,Belo Jardim,2010
99.46,5702,,,80426,29180,Goiana,2010
99.12,5702,,,80427,29180,Escada,2010
98.92,5702,,,80428,29180,Bezerros,2010
98.43,5702,,,80429,29180,Araripina,2010
99.24,5702,,,80430,29180,Palmares,2010
99.22,5702,,,80431,29180,Timbaúba,2010
99.18,5702,,,80432,29180,Salgueiro,2010
99.2,5702,,,80433,29180,Pesqueira,2010
99.51,5702,,,80434,29180,Limoeiro,2010
99.25,5702,,,80435,29180,Surubim,2010
97.39,5702,,,80436,29180,Paudalho,2010
99.62,5702,,,80437,29180,Toritama,2010
98.4,5702,,,80438,29180,Ribeirão,2010
97.29,5702,,,80439,29180,Barreiros,2010
99.41,5702,,,80440,29180,Ouricuri,2010
99,5702,,,80441,29180,Bom Conselho,2010
98.59,5702,,,80442,29180,Itambé,2010
99.56,5702,,,80443,29180,Catende,2010
99.5,5702,,,80444,29180,São Bento do Una,2010
99.66,5702,,,80445,29180,Afogados da Ingazeira,2010
99.06,5702,,,80446,29180,Nazaré da Mata,2010
99.11,5702,,,80447,29180,São Caitano,2010
99.42,5702,,,80448,29180,Lajedo,2010
99.33,5702,,,80449,29180,Bonito,2010
99.1,5702,,,80450,29180,Águas Belas,2010
98.93,5702,,,80451,29180,Petrolândia,2010
99.39,5702,,,80452,29180,Condado,2010
97.1,5702,,,80453,29180,Trindade,2010
98.75,5702,,,80454,29180,Atalaia,2010
99.58,5702,,,80455,29180,Custódia,2010
96.31,5702,,,80456,29180,Sirinhaém,2010
99.4,5702,,,80457,29180,São José do Egito,2010
98.73,5702,,,80458,29180,Cupira,2010
98.77,5702,,,80459,29180,Casa Nova,2010
99.8,5702,,,80460,29180,Sobradinho,2010
98.65,5702,11669,,80461,29180,Maceió,2010
99.06,5702,,,80462,29180,Arapiraca C RM Agreste,2010
99.51,5702,,,80463,29180,São Miguel dos Campos,2010
99.13,5702,,,80464,29180,União dos Palmares,2010
96.57,5702,,,80465,29180,Coruripe,2010
98.83,5702,,,80466,29180,Penedo,2010
97.45,5702,,,80467,29180,Delmiro Gouveia,2010
98.64,5702,,,80468,29180,Teotônio Vilela,2010
98.73,5702,,,80469,29180,Santana do Ipanema,2010
99.55,5702,,,80470,29180,Campo Alegre,2010
91.57,5702,,,80471,29180,Murici,2010
99.23,5702,,,80472,29180,Matriz de Camaragibe,2010
99.14,5702,,,80473,29180,São Luís do Quitunde,2010
99.67,5702,,,80474,29180,Porto Calvo,2010
98.91,5702,11671,,80475,29180,Aracaju,2010
99.84,5702,,,80476,29180,Itabaiana,2010
99.64,5702,,,80477,29180,Estância,2010
99.1,5702,,,80478,29180,Lagarto,2010
99.46,5702,,,80479,29180,Tobias Barreto,2010
98.7,5702,,,80480,29180,Propriá,2010
98.97,5702,,,80481,29180,Laranjeiras,2010
99.32,5702,,,80482,29180,Nossa Senhora da Glória,2010
98.27,5702,,,80483,29180,Simão Dias,2010
98.82,5702,11676,,80484,29180,Salvador,2010
99.39,5702,,,80485,29180,Feira de Santana,2010
99.53,5702,,,80486,29180,Vitória da Conquista,2010
98.71,5702,,,80487,29180,Itabuna,2010
97.7,5702,,,80488,29180,Ilhéus,2010
99.37,5702,,,80489,29180,Jequié,2010
98.61,5702,,,80490,29180,Teixeira de Freitas,2010
99.39,5702,,,80491,29180,Alagoinhas,2010
99.61,5702,,,80492,29180,Barreiras,2010
99.1,5702,,,80493,29180,Porto Seguro,2010
98.8,5702,,,80494,29180,Eunápolis,2010
98.5,5702,11675,,80495,29180,Paulo Afonso,2010
99.3,5702,,,80496,29180,Santo Antônio de Jesus,2010
99.08,5702,11676,,80497,29180,Itapetinga,2010
96.66,5702,,,80498,29180,Valença,2010
99.68,5702,,,80499,29180,Guanambi,2010
99.06,5702,,,80500,29180,Irecê,2010
99.42,5702,,,80501,29180,Senhor do Bonfim,2010
98.99,5702,,,80502,29180,Jacobina,2010
99.84,5702,,,80503,29180,Luís Eduardo Magalhães,2010
98.86,5702,,,80504,29180,Cruz das Almas,2010
97.77,5702,11677,,80505,29180,Itamaraju,2010
98.29,5702,,,80506,29180,Itaberaba,2010
98.36,5702,,,80507,29180,Serrinha,2010
99.91,5702,,,80508,29180,Brumado,2010
96.76,5702,,,80509,29180,Santo Amaro,2010
98.74,5702,,,80510,29180,Bom Jesus da Lapa,2010
98.28,5702,,,80511,29180,Catu,2010
98.55,5702,,,80512,29180,Ipiaú,2010
98.71,5702,,,80513,29180,Jaguaquara,2010
99.01,5702,,,80514,29180,Conceicão do Coité,2010
98.59,5702,,,80515,29180,Poções,2010
95.56,5702,,,80516,29180,Nova Viçosa,2010
99.09,5702,,,80517,29180,Xique-Xique,2010
99.3,5702,,,80518,29180,Ribeira do Pombal,2010
99.49,5702,,,80519,29180,Caetité,2010
98.65,5702,,,80520,29180,Santo Estêvão,2010
96.53,5702,,,80521,29180,Mucuri,2010
98.2,5702,,,80522,29180,Euclides da Cunha,2010
98.51,5702,,,80523,29180,Canavieiras,2010
97.45,5702,,,80524,29180,Maragogipe,2010
98.38,5702,,,80525,29180,Amargosa,2010
98.71,5702,,,80526,29180,Campo Formoso,2010
98.51,5702,,,80527,29180,Gandu,2010
96.77,5702,,,80528,29180,Camacan,2010
98.09,5702,,,80529,29180,Entre Rios,2010
99.33,5702,,,80530,29180,Santa Maria da Vitória,2010
97.89,5702,,,80531,29180,Conceição do Jacuípe,2010
97.07,5702,,,80532,29180,Remanso,2010
99.32,5702,,,80533,29180,Rio Real,2010
97.9,5702,,,80534,29180,Nazaré,2010
99.56,5702,,,80535,29180,Barra,2010
99,5702,,,80536,29180,Barra do Choça,2010
99.38,5702,,,80537,29180,Ruy Barbosa,2010
98.76,5702,,,80538,29180,Tucano,2010
99.03,5702,,,80539,29180,Capim Grosso,2010
99,5702,,,80540,29180,Sento Sé,2010
96.91,5702,,,80541,29180,Itabela,2010
97.88,5702,,,80542,29180,Esplanada,2010
99.83,5702,,,80543,29180,Santaluz,2010
99.64,5702,,,80544,29180,Livramento de Nossa Senhora,2010
99.21,5702,,,80545,29180,Seabra,2010
98.02,5702,,,80546,29180,Morro do Chapéu,2010
98.32,5702,,,80547,29180,Iaçu,2010
99.02,5702,,,80548,29180,Ipirá,2010
98.54,5702,,,80549,29180,Coaraci,2010
99.34,5702,11680,,80550,29180,Belo Horizonte,2010
99.88,5702,,,80551,29180,Uberlândia,2010
99.61,5702,,,80552,29180,Juiz de Fora,2010
99.77,5702,11682,,80553,29180,Ipatinga d    RM Vale do Aço,2010
99.59,5702,,,80554,29180,Montes Claros,2010
99.86,5702,,,80555,29180,Uberaba,2010
99.74,5702,,,80556,29180,Governador Valadares,2010
99.88,5702,,,80557,29180,Divinópolis,2010
99.88,5702,,,80558,29180,Poços de Caldas,2010
99.84,5702,,,80559,29180,Patos de Minas,2010
99.92,5702,,,80560,29180,Pouso Alegre,2010
99.88,5702,,,80561,29180,Varginha,2010
99.77,5702,,,80562,29180,Barbacena,2010
99.84,5702,,,80563,29180,Conselheiro Lafaiete,2010
99.18,5702,,,80564,29180,Teófilo Otoni,2010
99.78,5702,,,80565,29180,Araguari,2010
99.76,5702,,,80566,29180,Itabira,2010
99.91,5702,,,80567,29180,Passos,2010
99,5702,,,80568,29180,Ubá,2010
99.9,5702,,,80569,29180,Muriaé,2010
99.76,5702,,,80570,29180,Ituiutaba,2010
99.82,5702,,,80571,29180,Araxá,2010
99.8,5702,,,80572,29180,Lavras,2010
99.86,5702,,,80573,29180,Itajubá,2010
99.9,5702,11683,,80574,29180,João Monlevade,2010
99.7,5702,,,80575,29180,São João del Rei,2010
99.6,5702,11684,,80576,29180,Pirapora,2010
99.63,5702,,,80577,29180,Paracatu,2010
99.81,5702,,,80578,29180,Patrocínio,2010
99.71,5702,,,80579,29180,Caratinga,2010
99.83,5702,,,80580,29180,Nova Serrana,2010
99.96,5702,,,80581,29180,Alfenas,2010
99.66,5702,,,80582,29180,Curvelo,2010
99.79,5702,,,80583,29180,Viçosa,2010
99.91,5702,,,80584,29180,Cataguases,2010
99.77,5702,,,80585,29180,Três Corações,2010
99.69,5702,,,80586,29180,Manhuaçu,2010
99.65,5702,,,80587,29180,Ouro Preto,2010
99.58,5702,,,80588,29180,Janaúba,2010
99.8,5702,,,80589,29180,São Sebastião do Paraíso,2010
99.94,5702,,,80590,29180,Formiga,2010
99.5,5702,,,80591,29180,Ponte Nova,2010
100,5702,,,80592,29180,Campo Belo,2010
98.04,5702,,,80593,29180,Mariana,2010
99.63,5702,,,80594,29180,Congonhas,2010
99.87,5702,,,80595,29180,Guaxupé,2010
99.94,5702,,,80596,29180,Três Pontas,2010
99.61,5702,,,80597,29180,Frutal,2010
99.75,5702,,,80598,29180,Leopoldina,2010
99.8,5702,,,80599,29180,Lagoa da Prata,2010
99.69,5702,,,80600,29180,Bom Despacho,2010
99.94,5702,,,80601,29180,São Lourenço,2010
99.81,5702,,,80602,29180,Santos Dumont,2010
99.27,5702,,,80603,29180,Januária,2010
99.86,5702,,,80604,29180,Monte Carmelo,2010
99.15,5702,,,80605,29180,Diamantina,2010
98.81,5702,,,80606,29180,Nanuque,2010
99.5,5702,,,80607,29180,João Pinheiro,2010
99.01,5702,,,80608,29180,Bocaiúva,2010
100,5702,,,80609,29180,Oliveira,2010
98.95,5702,,,80610,29180,São Francisco,2010
100,5702,,,80611,29180,Arcos,2010
99.41,5702,,,80612,29180,Iturama,2010
99.87,5702,,,80613,29180,Santa Rita do Sapucaí,2010
100,5702,,,80614,29180,Boa Esperança,2010
99.92,5702,,,80615,29180,Machado,2010
99.53,5702,,,80616,29180,Além Paraíba,2010
99.28,5702,,,80617,29180,Almenara,2010
99.83,5702,,,80618,29180,Ouro Branco,2010
99.82,5702,,,80619,29180,Visconde do Rio Branco,2010
99.09,5702,,,80620,29180,Várzea da Palma,2010
99.07,5702,,,80621,29180,Salinas,2010
99.62,5702,,,80622,29180,São Gotardo,2010
99.94,5702,,,80623,29180,Piumhi,2010
100,5702,,,80624,29180,Andradas,2010
99.45,5702,,,80625,29180,Três Marias,2010
99.96,5702,,,80626,29180,Carangola,2010
99.62,5702,,,80627,29180,Extrema,2010
99.24,5702,,,80628,29180,Pompéu,2010
99.87,5702,,,80629,29180,Guanhães,2010
99.75,5702,,,80630,29180,Santana do Paraíso,2010
100,5702,,,80631,29180,Carmo do Paranaíba,2010
99.88,5702,,,80632,29180,Taiobeiras,2010
99.84,5702,,,80633,29180,Capelinha,2010
99.87,5702,,,80634,29180,São João Nepomuceno,2010
99.63,5702,,,80635,29180,Ouro Fino,2010
99.62,5702,,,80636,29180,Araçuaí,2010
100,5702,,,80637,29180,Pitangui,2010
100,5702,,,80638,29180,Cambuí,2010
100,5702,,,80639,29180,Santo Antônio do Monte,2010
99.55,5702,,,80640,29180,Tupaciguara,2010
99.32,5702,,,80641,29180,Itamarandiba,2010
99.61,5702,,,80642,29180,Coromandel,2010
99.33,5702,,,80643,29180,Mantena,2010
99.72,5702,,,80644,29180,Caxambu,2010
99.49,5702,,,80645,29180,Corinto,2010
98.4,5702,,,80646,29180,Pedra Azul,2010
99.53,5702,,,80647,29180,Cláudio,2010
99.65,5702,,,80648,29180,Conceição das Alagoas,2010
97.49,5702,,,80649,29180,Brasília de Minas,2010
100,5702,,,80650,29180,Elói Mendes,2010
99.35,5702,11685,,80651,29180,Grande Vitória (Vitória),2010
99.63,5702,,,80652,29180,Cachoeiro de Itapemirim,2010
99.57,5702,,,80653,29180,Linhares,2010
99.73,5702,,,80654,29180,Colatina,2010
99.51,5702,,,80655,29180,São Mateus,2010
99.38,5702,,,80656,29180,Aracruz,2010
99.72,5702,,,80658,29180,Nova Venécia,2010
99.57,5702,,,80659,29180,Marataízes,2010
99.8,5702,,,80660,29180,Barra de São Francisco,2010
99.72,5702,,,80661,29180,São Gabriel da Palha,2010
98.01,5702,,,80662,29180,Conceição da Barra,2010
99.63,5702,,,80663,29180,Baixo Guandu,2010
98.82,5702,,,80664,29180,Guaçuí,2010
98.05,5702,,,80665,29180,Pedro Canário,2010
100,5702,,,80666,29180,Castelo,2010
99.4,5702,,,80667,29180,Alegre,2010
99.01,5702,,,80668,29180,Itapemirim,2010
98.49,5702,11688,,80669,29180,Rio de Janeiro,2010
99.74,5702,11690,,80670,29180,Volta Redonda,2010
99.08,5702,11691,,80671,29180,Campos dos Goytacazes,2010
99.78,5702,,,80672,29180,Petrópolis,2010
99.01,5702,,,80673,29180,Macaé,2010
99.3,5702,11692,,80674,29180,Cabo Frio,2010
99.88,5702,11693,,80675,29180,Nova Friburgo,2010
99.84,5702,,,80676,29180,Teresópolis,2010
99.27,5702,11694,,80677,29180,Resende,2010
98.82,5702,,,80678,29180,Araruama,2010
98.7,5702,11695,,80679,29180,São Pedro da Aldeia,2010
99.68,5702,,,80680,29180,Rio das Ostras,2010
99.26,5702,,,80681,29180,Angra dos Reis,2010
99.88,5702,,,80682,29180,Barra do Piraí,2010
100,5702,,PER,80683,29180,Itaperuna,2010
99.86,5702,,,80684,29180,Três Rios,2010
98.06,5702,,,80685,29180,Saquarema,2010
99.83,5702,11696,,80687,29180,Valença,2010
99.68,5702,,,80688,29180,Cachoeiras de Macacu,2010
99.66,5702,,,80689,29180,Rio Bonito,2010
99.63,5702,,,80690,29180,Paraíba do Sul,2010
99.28,5702,,,80691,29180,Mangaratiba,2010
99.79,5702,,,80692,29180,Santo Antônio de Pádua,2010
99.87,5702,,,80693,29180,Bom Jesus do Itabapoana,2010
99.59,5702,,,80694,29180,São Fidélis,2010
99.93,5702,,,80695,29180,Casimiro de Abreu,2010
99.15,5702,,,80696,29180,Itatiaia,2010
99.57,5702,,,80697,29180,Paraty,2010
99.26,5702,,,80698,29180,Armação dos Búzios,2010
99.39,5702,,,80699,29180,São João da Barra,2010
99.76,5702,,,80700,29180,Miracema,2010
99.62,5702,,,80701,29180,Vassouras,2010
100,5702,,,80702,29180,Miguel Pereira,2010
98.79,5702,,,80703,29180,São Francisco de Itabapoana,2010
99.84,5702,,,80704,29180,Piraí,2010
99.49,5702,,,80705,29180,Pinheiral,2010
98.59,5702,11699,,80706,29180,São Paulo,2010
99.45,5702,11700,,80707,29180,Campinas,2010
98.42,5702,11701,,80708,29180,Santos e RM Baixada Santista,2010
99.64,5702,11702,,80709,29180,Sorocaba,2010
99.02,5702,,,80710,29180,Ribeirão Preto,2010
99.81,5702,,,80711,29180,São José dos Campos,2010
99.69,5702,11703,,80712,29180,Jundiai,2010
99.46,5702,,,80713,29180,Bauru,2010
99.76,5702,,,80714,29180,Piracicaba,2010
99.89,5702,,,80715,29180,São José de Rio Preto,2010
99.98,5702,,,80716,29180,Franca,2010
99.67,5702,11704,,80717,29180,Taubaté,2010
99.77,5702,,,80718,29180,Limeira,2010
99.87,5702,11705,,80719,29180,Araraquara,2010
99.95,5702,11706,,80720,29180,Mogi-Guaçu,2010
99.85,5702,,,80721,29180,Marília,2010
99.9,5702,,,80722,29180,Presidente Prudente,2010
99.78,5702,,,80723,29180,Aracatuba,2010
99.38,5702,,,80724,29180,Jacarei,2010
99.85,5702,,,80725,29180,Rio Claro,2010
99.67,5702,11707,,80726,29180,Guaratinguetá,2010
99.47,5702,,,80727,29180,Itu,2010
99.65,5702,11708,,80728,29180,Pindamonhangaba,2010
99.94,5702,,,80729,29180,São Carlos,2010
99.76,5702,,,80730,29180,Bragança Paulista,2010
99.71,5702,,,80731,29180,Itapetininga,2010
99.66,5702,,,80732,29180,Barretos,2010
99.82,5702,,,80733,29180,Catanduva,2010
99.76,5702,,,80734,29180,Botucatu,2010
99.94,5702,,,80735,29180,Araras,2010
99.94,5702,,,80736,29180,Jaú,2010
99.8,5702,,,80737,29180,Salto,2010
99.84,5702,,,80738,29180,Atibaia,2010
99.81,5702,,,80739,29180,Ourinhos,2010
99.87,5702,,,80740,29180,Birigui,2010
99.84,5702,,,80741,29180,Assis,2010
99.73,5702,,,80742,29180,Tatui,2010
99.88,5702,,,80743,29180,Sertãozinho,2010
99.83,5702,,,80744,29180,Leme,2010
99.62,5702,,,80745,29180,Lorena,2010
99.55,5702,,,80746,29180,Cruzeiro,2010
99.86,5702,,,80747,29180,São João da Boa Vista,2010
99.86,5702,,,80748,29180,Votuporanga,2010
99.6,5702,,,80749,29180,Avaré,2010
98.84,5702,11709,,80750,29180,Caraguatatuba,2010
99.96,5702,,,80751,29180,Bebedouro,2010
99.79,5702,,,80752,29180,Matão,2010
99.81,5702,,,80753,29180,Caçapava,2010
99.83,5702,,,80754,29180,Lins,2010
99.87,5702,,,80755,29180,Jaboticabal,2010
99.65,5702,,,80756,29180,Itapeva,2010
99.91,5702,,,80757,29180,Tupã,2010
99.89,5702,,,80758,29180,Fernandópolis,2010
99.94,5702,,,80759,29180,Itapira,2010
98.49,5702,,,80760,29180,Ubatuba,2010
99.91,5702,,,80761,29180,Mococa,2010
99.87,5702,,,80762,29180,Pirassununga,2010
99.8,5702,,,80763,29180,Andradina,2010
99.89,5702,,,80765,29180,Lencois Paulista,2010
100,5702,,,80766,29180,Penápolis,2010
99.73,5702,,,80767,29180,Batatais,2010
99.89,5702,,,80768,29180,Taquaritinga,2010
99.95,5702,,,80769,29180,Amparo,2010
99.9,5702,,,80770,29180,Porto Ferreira,2010
99.82,5702,,,80771,29180,Mirassol,2010
99.74,5702,,,80772,29180,Registro,2010
99.66,5702,,,80773,29180,Jales,2010
99.69,5702,,,80774,29180,Itararé,2010
99.74,5702,,,80775,29180,São Joaquim da Barra,2010
99.94,5702,,,80776,29180,Ibitinga,2010
99.76,5702,,,80777,29180,Monte Alto,2010
99.58,5702,,,80778,29180,São Roque,2010
100,5702,,,80779,29180,Olímpia,2010
99.88,5702,,,80780,29180,São José do Rio Pardo,2010
99.7,5702,,,80781,29180,Campos do Jordão,2010
99.44,5702,,,80782,29180,Capão Bonito,2010
100,5702,,,80783,29180,Vargem Grande do Sul,2010
99.84,5702,,,80784,29180,Dracena,2010
99.94,5702,,,80785,29180,Presidente Venceslau,2010
99.87,5702,,,80786,29180,Paraguaçu Paulista,2010
99.6,5702,,,80787,29180,Porto Feliz,2010
99.77,5702,,,80788,29180,Presidente Epitácio,2010
99.66,5702,,,80789,29180,Santa Cruz do Rio Pardo,2010
99.89,5702,11710,,80790,29180,Espírito Santo do Pinhal,2010
99.8,5702,,,80791,29180,Barra Bonita,2010
99.58,5702,,,80792,29180,Capivari,2010
99.9,5702,,,80793,29180,Garça,2010
100,5702,,,80794,29180,Guaíra,2010
99.78,5702,,,80795,29180,Guariba,2010
99.91,5702,,,80796,29180,Adamantina,2010
99.71,5702,,,80797,29180,Pederneiras,2010
99.93,5702,,,80798,29180,Ituverava,2010
100,5702,,,80799,29180,Agudos,2010
100,5702,,,80800,29180,Orlândia,2010
99.92,5702,,,80801,29180,São Manuel,2010
100,5702,,,80802,29180,Novo Horizonte,2010
99.77,5702,,,80803,29180,Itápolis,2010
99.77,5702,,,80804,29180,Mairinque,2010
99.9,5702,,,80805,29180,Osvaldo Cruz,2010
99.81,5702,,,80806,29180,Serrana,2010
99.88,5702,,,80807,29180,Tietê,2010
99.88,5702,,,80808,29180,Guararapes,2010
99.79,5702,,,80809,29180,Pitangueiras,2010
99.87,5702,,,80810,29180,Promissão,2010
100,5702,,,80811,29180,Santa Fé do Sul,2010
99.76,5702,,,80812,29180,Salto de Pirapora,2010
99.89,5702,11711,,80813,29180,Pereira Barreto,2010
99.81,5702,,,80814,29180,Bariri,2010
99.49,5702,,,80815,29180,Pontal,2010
99.85,5702,,,80816,29180,Rancharia,2010
100,5702,,,80817,29180,Cerquilho,2010
99.87,5702,,,80818,29180,Cravinhos,2010
99.66,5702,,,80819,29180,Cândido Mota,2010
100,5702,,,80820,29180,Aguaí,2010
100,5702,,,80821,29180,José Bonifácio,2010
100,5702,,,80822,29180,Santa Cruz das Palmeiras,2010
99.89,5702,,,80823,29180,Descalvado,2010
99.85,5702,,,80824,29180,Igaraçu do Tietê,2010
99.94,5702,,,80825,29180,Boituva,2010
99.66,5702,,,80826,29180,Ibaté,2010
99.74,5702,,,80827,29180,Jardinópolis,2010
99.87,5702,,,80828,29180,Barrinha,2010
99.42,5702,,,80829,29180,Ilha Solteira,2010
99.89,5702,,,80830,29180,Piraju,2010
99.71,5702,,,80831,29180,Morro Agudo,2010
100,5702,,,80832,29180,Cachoeira Paulista,2010
99.62,5702,,,80833,29180,Rio das Pedras,2010
99.75,5702,,,80834,29180,Igarapava,2010
99.34,5702,,,80835,29180,Iguape,2010
100,5702,,,80836,29180,Santa Rita do Passa Quatro,2010
98.84,5702,,,80837,29180,São Pedro,2010
99.67,5702,,,80838,29180,Piedade,2010
99.8,5702,,,80839,29180,Louveira,2010
93.38,5702,,,80840,29180,São Sebastião,2010
99.21,5702,,,80842,29180,Cajati,2010
100,5702,,,80843,29180,Socorro,2010
100,5702,,,80844,29180,Mirandópolis,2010
99.92,5702,,,80845,29180,Serra Negra,2010
99.86,5702,,,80846,29180,Pirapozinho,2010
100,5702,,,80847,29180,Santa Rosa de Viterbo,2010
99.54,5702,,,80848,29180,Piracaia,2010
99.49,5702,,,80849,29180,Cabreúva (Jacaré),2010
99.86,5702,,,80850,29180,Álvares Machado,2010
99.84,5702,,,80851,29180,Brodowski,2010
99.84,5702,,,80852,29180,Cajuru,2010
99.32,5702,,,80853,29180,Casa Branca,2010
99.72,5702,,,80854,29180,Conchal,2010
100,5702,,,80855,29180,Dois Córregos,2010
99.85,5702,,,80856,29180,Ibiúna,2010
97.52,5702,,,80858,29180,Ilhabela,2010
100,5702,,,80859,29180,Itupeva,2010
99.86,5702,,,80860,29180,Laranjal Paulista,2010
99.86,5702,,,80861,29180,Martinópolis,2010
100,5702,,,80863,29180,Pilar do Sul,2010
99.51,5702,11716,,80864,29180,RM Curitiba,2010
99.65,5702,,,80865,29180,RM Londrina,2010
99.91,5702,11717,,80866,29180,RM Maringá,2010
99.62,5702,11718,,80867,29180,Ponta Grossa,2010
99.39,5702,,,80868,29180,Foz do Iguaçu,2010
99.82,5702,11719,,80869,29180,Cascavel,2010
99.17,5702,11720,,80870,29180,Guarapuava,2010
96.95,5702,,,80871,29180,Paranaguá,2010
99.91,5702,,,80872,29180,Apucarana,2010
99.89,5702,11721,,80873,29180,Toledo,2010
99.83,5702,,,80874,29180,Campo Mourão,2010
99.86,5702,,,80875,29180,Umuarama j,2010
99.91,5702,,,80876,29180,Arapongas,2010
99.93,5702,,,80877,29180,Paranavai,2010
99.19,5702,11722,,80878,29180,União da Vitória,2010
99.4,5702,11723,,80879,29180,Telêmaco Borba,2010
99.81,5702,11724,,80880,29180,Pato Branco,2010
99.95,5702,11721,,80881,29180,Francisco Beltrão,2010
99.95,5702,11721,,80882,29180,Cianorte,2010
99.12,5702,,,80883,29180,Castro,2010
99.74,5702,,,80884,29180,Irati,2010
99.85,5702,,,80885,29180,Cornélio Procopio,2010
98.93,5702,,,80886,29180,Palmas,2010
99.85,5702,,,80887,29180,Marechal Cândido Rondon,2010
99.92,5702,11721,,80888,29180,Medianeira,2010
99.49,5702,,,80889,29180,Santo Antônio da Platina,2010
99.77,5702,,,80890,29180,Jacarezinho,2010
99.44,5702,,,80891,29180,Matinhos,2010
99.92,5702,11721,,80892,29180,Assis Chateaubriand,2010
98.81,5702,,,80893,29180,Laranjeiras do Sul,2010
99.74,5702,,,80894,29180,Bandeirantes,2010
98.26,5702,,,80895,29180,Guaíra,2010
100,5702,,,80896,29180,Dois Vizinhos,2010
99.76,5702,,,80897,29180,Jaguariaíva,2010
99.52,5702,11721,,80898,29180,Ivaiporã,2010
99.85,5702,,,80899,29180,Rio Negro,2010
99.84,5702,,,80900,29180,São Mateus do Sul,2010
99.77,5702,,,80901,29180,Goio-Erê,2010
98.78,5702,,,80902,29180,Guaratuba,2010
100,5702,,,80903,29180,Palotina,2010
99.73,5702,,,80904,29180,Nova Esperança,2010
99.52,5702,,,80905,29180,Ibaiti,2010
99.4,5702,,,80906,29180,Prudentópolis,2010
99.83,5702,,,80907,29180,Cambará,2010
99.89,5702,,,80908,29180,Arapoti,2010
99.85,5702,,,80909,29180,Colorado,2010
98.63,5702,,,80910,29180,Quedas do Iguaçu,2010
99.06,5702,,,80911,29180,Pontal do Paraná,2010
98.76,5702,,,80912,29180,Pitanga,2010
99.6,5702,11727,,80913,29180,RM Norte/Nordeste Catarinense,2010
99.89,5702,,,80914,29180,RM Vale do Itajaí,2010
99.66,5702,11728,,80915,29180,RM Foz do Rio Itajaí ( Itajai ),2010
99.6,5702,11729,,80916,29180,Florianópolis,2010
99.16,5702,,,80917,29180,RM Carbonífera,2010
99.42,5702,,,80918,29180,Chapecó,2010
99.25,5702,,,80919,29180,Lages,2010
99.91,5702,,,80920,29180,Conurbación Brusque-Guabiruba,2010
99.73,5702,,,80921,29180,RM Tubarão,2010
99.26,5702,,,80922,29180,Cacador,2010
100,5702,,,80923,29180,Rio do Sul,2010
99.72,5702,,,80924,29180,Concordia,2010
99.82,5702,,,80925,29180,Araranguá,2010
99.69,5702,,,80926,29180,Itapema,2010
99.74,5702,,,80927,29180,Videira,2010
99.47,5702,,,80928,29180,Canoinhas,2010
99.6,5702,,,80929,29180,Xanxerê,2010
99.82,5702,,,80930,29180,Curitibanos,2010
99.75,5702,,,80931,29180,São Miguel d'Oeste,2010
99.41,5702,,,80932,29180,Fraiburgo,2010
99.9,5702,,,80933,29180,Campos Novos,2010
99.77,5702,,,80935,29180,Joacaba,2010
99.38,5702,,,80936,29180,Xaxim,2010
99.24,5702,11732,,80938,29180,Porto Alegre,2010
99.52,5702,,,80939,29180,Aglomeração Urbana do Sul,2010
98.93,5702,,,80940,29180,Santa Maria,2010
99.62,5702,,,80941,29180,Passo Fundo,2010
98.93,5702,,,80942,29180,Uruguaiana,2010
99.49,5702,,,80943,29180,Bagé,2010
99.64,5702,,,80944,29180,Santa Cruz do Sul,2010
99.34,5702,11734,,80945,29180,Santana do Livramento,2010
99.45,5702,,,80946,29180,Alegrete,2010
99.61,5702,,,80947,29180,Cachoeira do Sul,2010
99.8,5702,,,80948,29180,Erechim,2010
99.48,5702,,,80949,29180,Cruz Alta,2010
99.75,5702,,,80950,29180,Santo Angelo,2010
99.32,5702,,,80951,29180,Ijui,2010
99.02,5702,,,80952,29180,São Borja,2010
99.68,5702,,,80953,29180,Lajeado,2010
99.85,5702,,,80954,29180,Santa Rosa,2010
99.65,5702,,,80955,29180,Carazinho,2010
99.47,5702,,,80956,29180,São Gabriel,2010
99.28,5702,,,80957,29180,Vacaria,2010
99.87,5702,,,80958,29180,Santiago,2010
99.69,5702,,,80959,29180,Camaquã,2010
99.44,5702,,,80960,29180,Rosário do Sul,2010
99.56,5702,,,80961,29180,Dom Pedrito,2010
99.33,5702,,,80962,29180,Itaqui,2010
99.73,5702,,,80963,29180,São Luiz Gonzaga,2010
99.79,5702,,,80964,29180,Venâncio Aires,2010
99.02,5702,,,80965,29180,Palmeira das Missões,2010
99.41,5702,,,80966,29180,Canela,2010
99.65,5702,,PAN,80967,29180,Panambi,2010
99.16,5702,,,80968,29180,Aglomeração Urbana do Litoral Norte,2010
99.34,5702,,,80969,29180,Jaguarão,2010
99.45,5702,,,80970,29180,Tramandaí,2010
100,5702,,,80971,29180,Igrejinha,2010
98.94,5702,,,80972,29180,Santa Vitória do Palmar,2010
99.13,5702,,,80973,29180,Rio Pardo,2010
99.66,5702,,,80974,29180,Lagoa Vermelha,2010
99.05,5702,,,80975,29180,Soledade,2010
99.7,5702,,,80976,29180,Quaraí,2010
100,5702,,,80977,29180,Gramado,2010
98.7,5702,,,80978,29180,São Lourenço do Sul,2010
100,5702,,,80979,29180,Estrela,2010
99.93,5702,,,80980,29180,Marau,2010
100,5702,,,80981,29180,Taquari,2010
99.54,5702,,,80982,29180,Frederico Westphalen,2010
99.64,5702,,,80983,29180,Caçapava do Sul,2010
99.83,5702,,,80984,29180,Guaporé,2010
99.85,5702,,,80985,29180,Teutônia,2010
99.67,5702,,,80986,29180,Três Coroas,2010
100,5702,,,80987,29180,Amambai,2010
99.84,5702,,,80988,29180,Aparecida do Taboado,2010
99.67,5702,,,80989,29180,Campo Grande,2010
99.8,5702,,,80990,29180,Dourados,2010
98.5,5702,11737,,80991,29180,Corumbá,2010
99.72,5702,,,80992,29180,Três Lagoas,2010
99.18,5702,,,80993,29180,Ponta Porã,2010
99.72,5702,,,80994,29180,Naviraí,2010
99.08,5702,,,80995,29180,Aquidauana,2010
99.9,5702,,,80996,29180,Paranaíba,2010
100,5702,,,80997,29180,Nova Andradina,2010
99.54,5702,,,80998,29180,Coxim,2010
99.56,5702,,,80999,29180,Jardim,2010
99.66,5702,,,81000,29180,Maracaju,2010
99.63,5702,,,81001,29180,Rio Brilhante,2010
99.16,5702,,,81002,29180,Sidrolândia,2010
99.32,5702,11739,,81003,29180,RM  Vale do Rio Cuiabá (Cuiaba),2010
99.85,5702,11740,,81004,29180,Rondonopolis,2010
99.24,5702,,,81005,29180,Caceres,2010
99.94,5702,,,81006,29180,Sinop,2010
99.76,5702,,,81007,29180,Tangara da Serra,2010
99.58,5702,,,81008,29180,Barra do Garças,2010
99.8,5702,,,81009,29180,Alta Floresta,2010
99.92,5702,,,81011,29180,Pontes e Lacerda,2010
99.35,5702,,,81012,29180,JuÍna,2010
99.61,5702,,,81013,29180,Peixoto de Azevedo,2010
99.83,5702,,,81014,29180,Primavera do Leste,2010
98.85,5702,,,81015,29180,Sorriso,2010
98.94,5702,,,81016,29180,Juara,2010
99.77,5702,,,81017,29180,Jaciara,2010
99.52,5702,,,81018,29180,Barra do Bugres,2010
99.53,5702,,,81019,29180,Campo Novo do Parecis,2010
99.56,5702,,,81020,29180,Campo Verde,2010
99.74,5702,,,81021,29180,Colíder,2010
99.49,5702,,,81022,29180,Guarantã do Norte,2010
99.74,5702,,,81023,29180,Lucas do Rio Verde,2010
99.66,5702,,,81024,29180,Mirassol d'Oeste,2010
99.47,5702,,,81025,29180,Nova Mutum,2010
98.97,5702,,,81026,29180,Região Integrada de Desenvolvimento do Distrito Federal e Entorno,2010
99.83,5702,11745,,81027,29180,Goiâni,2010
99.86,5702,,,81028,29180,Anápolis,2010
99.83,5702,,,81029,29180,Rio Verde,2010
99.96,5702,,,81031,29180,Itumbiara,2010
100,5702,,,81032,29180,Catalão,2010
99.85,5702,,,81033,29180,Jatai,2010
100,5702,,,81035,29180,Caldas Novas,2010
99.76,5702,11747,,81036,29180,Goianésia,2010
99.53,5702,,,81037,29180,Mineiros,2010
99.72,5702,,,81038,29180,Quirinópolis,2010
99.82,5702,,,81039,29180,Morrinhos,2010
99.91,5702,,,81040,29180,Porangatu,2010
99.95,5702,,,81041,29180,Jaraguá,2010
99.93,5702,,,81042,29180,Santa Helena de Goiás,2010
99.92,5702,,,81043,29180,Uruaçu,2010
99.5,5702,,,81044,29180,Niquelândia,2010
99.82,5702,,,81045,29180,Goiatuba,2010
99.8,5702,,,81046,29180,Itaberaí,2010
99.68,5702,,,81047,29180,Iporá,2010
99.49,5702,,,81048,29180,Pires do Rio,2010
99.79,5702,,,81049,29180,São Luis de Montes Belos,2010
99.82,5702,,,81050,29180,Minaçu,2010
98.18,5702,,,81051,29180,Posse,2010
99.76,5702,,,81052,29180,Ipameri,2010
99.57,5702,,,81053,29180,Itapuranga,2010
99.53,5702,11798,,81109,29188,Barranquilla,2018
97.07,5702,,,81110,29188,Sabanalarga,2018
98.49,5702,,,81111,29188,Baranoa,2018
99.53,5702,,,81112,29188,Galapa,2018
99.29,5702,,,81113,29188,Sabanagrande,2018
98.92,5702,,,81114,29188,Palmar de Varela,2018
99.62,5702,,,81115,29188,Santo Tomas,2018
87.31,5702,,,81116,29188,Campo de La Cruz,2018
98.97,5702,,,81117,29188,Cartagena,2018
98.7,5702,,,81118,29188,Magangue,2018
99.19,5702,,,81119,29188,Turbaco,2018
99.29,5702,,,81120,29188,El Carmen de Bolívar,2018
95.22,5702,,,81121,29188,Arjona,2018
98.65,5702,,,81122,29188,San Jun Nepomuceno,2018
99.62,5702,,,81123,29188,Mompos,2018
99.32,5702,,,81124,29188,San Pablo,2018
99.28,5702,,,81125,29188,Montería,2018
98.77,5702,,,81126,29188,Cerete,2018
98.47,5702,,,81127,29188,Sahagún,2018
97.71,5702,,,81128,29188,Planeta Rica,2018
99.64,5702,,,81129,29188,Lorica,2018
99.52,5702,,,81130,29188,Montelíbano,2018
98.77,5702,11805,,81131,29188,Tierralta,2018
97.39,5702,,,81132,29188,Chinu,2018
98.18,5702,,,81133,29188,Ayapel,2018
99.45,5702,,,81134,29188,Cienaga de Oro,2018
98.27,5702,,,81135,29188,Santa Marta,2018
96.76,5702,,,81136,29188,Ciénaga,2018
99.39,5702,,,81137,29188,Fundación,2018
99.5,5702,,,81138,29188,Plato,2018
99.25,5702,,,81139,29188,El Banco,2018
99.47,5702,,,81140,29188,Valledupar,2018
98.79,5702,,,81141,29188,Aguachica,2018
98.04,5702,,,81142,29188,Agustín Codazzi,2018
98.62,5702,11813,,81143,29188,Bosconia,2018
96.86,5702,,,81144,29188,Riohacha,2018
95.76,5702,,,81145,29188,Maicao,2018
86.62,5702,,,81146,29188,Manaure,2018
89.12,5702,,,81147,29188,San Juan del César,2018
99.27,5702,,,81148,29188,Sincelejo,2018
99.45,5702,,,81149,29188,Corozal,2018
97.97,5702,,,81150,29188,San Marcos,2018
99.5,5702,,,81151,29188,San Onofre,2018
98.26,5702,,,81152,29188,Santiago de Tolú,2018
98.87,5702,,,81153,29188,Since,2018
99.54,5702,11815,,81154,29188,Medellín,2018
99.66,5702,,,81155,29188,Apartado,2018
99.55,5702,,,81156,29188,Caucasia,2018
99.89,5702,,,81157,29188,Rionegro,2018
99.13,5702,,,81158,29188,Chigorodó,2018
98.29,5702,,,81159,29188,Turbo,2018
99.91,5702,,,81160,29188,La Ceja,2018
99.33,5702,,,81161,29188,Puerto Berrío,2018
99.88,5702,,,81162,29188,Marinilla,2018
97.99,5702,,,81163,29188,Carepa,2018
97.58,5702,,,81164,29188,Segovia,2018
99.48,5702,,,81165,29188,Yarumal,2018
97.37,5702,11796,,81166,29188,El Bagre,2018
99.95,5702,,,81167,29188,Carmén de Viboral,2018
99.18,5702,11800,,81168,29188,Manizales,2018
96.43,5702,,,81169,29188,La Dorada,2018
99.68,5702,,,81170,29188,Chinchina,2018
99.51,5702,,,81171,29188,Anserma,2018
98.24,5702,,,81172,29188,Florencia,2018
96.72,5702,,,81173,29188,San Vicente del Caguan,2018
99.08,5702,,,81174,29188,Neiva,2018
99.16,5702,,,81175,29188,Pitalito,2018
98.91,5702,,,81176,29188,Garzón,2018
96.17,5702,,,81177,29188,Campoalegre,2018
98.72,5702,,,81178,29188,La Plata,2018
99.19,5702,,ARM,81179,29188,Armenia,2018
99.13,5702,,,81180,29188,Calarca,2018
99.01,5702,,MNE,81181,29188,Montenegro,2018
98.56,5702,,,81182,29188,La Tebaida,2018
99.65,5702,,,81183,29188,Quimbaya,2018
99.72,5702,11801,,81184,29188,Pereira,2018
99.71,5702,,,81185,29188,Santa Rosa de Cabal,2018
99.78,5702,11814,,81186,29188,La Virginia,2018
99.52,5702,,,81187,29188,Ibague,2018
99.69,5702,,,81188,29188,Espinal,2018
99.74,5702,,,81189,29188,Melgar,2018
98.66,5702,,,81190,29188,Honda,2018
99.27,5702,,LBN,81191,29188,Líbano,2018
98.99,5702,,,81192,29188,Chaparral,2018
99.69,5702,,,81193,29188,Flandes,2018
99.68,5702,,,81194,29188,Mariquita,2018
98.79,5702,11811,,81195,29188,Armero,2018
99.54,5702,,,81196,29188,Popayán,2018
99.48,5702,,,81197,29188,Santander de Quilichao,2018
99.83,5702,,,81198,29188,Puerto Tejada,2018
99.6,5702,,,81199,29188,Miranda,2018
98.94,5702,,,81200,29188,Quibdo,2018
99.84,5702,,,81201,29188,Pasto,2018
97.84,5702,,,81202,29188,Tumaco,2018
99.73,5702,,,81203,29188,Ipiales,2018
99.77,5702,11799,,81204,29188,Cali,2018
97.42,5702,,,81205,29188,Buenaventura,2018
99.86,5702,,,81206,29188,Palmira,2018
99.53,5702,,,81207,29188,Tulua,2018
99.63,5702,,,81208,29188,Cartago,2018
99.83,5702,,,81209,29188,Buga,2018
99.82,5702,,,81210,29188,Jamundi,2018
97.81,5702,,,81211,29188,Pradera,2018
99.83,5702,,,81212,29188,Florida,2018
99.89,5702,,,81213,29188,El Cerrito,2018
99.19,5702,,,81214,29188,Sevilla,2018
99.38,5702,,,81215,29188,Zarzal,2018
99.46,5702,,,81216,29188,La Unión,2018
99.8,5702,,,81217,29188,Roldanillo,2018
98.86,5702,,,81218,29188,Caicedonia,2018
99.73,5702,,,81219,29188,Tunja,2018
99.63,5702,11810,,81220,29188,Sogamoso,2018
99.71,5702,,,81221,29188,Duitama,2018
99.68,5702,,,81222,29188,Chiquinquira,2018
99.12,5702,11802,,81223,29188,Puerto Boyacá,2018
99.8,5702,,,81224,29188,Facatativa,2018
99.62,5702,,,81225,29188,Girardot,2018
99.87,5702,,,81226,29188,Zipaquira,2018
99.62,5702,,,81227,29188,Fusagasuga,2018
99.92,5702,,,81228,29188,Mosquera,2018
99.86,5702,,,81229,29188,Madrid,2018
99.79,5702,,,81230,29188,Cajicá,2018
99.74,5702,,,81231,29188,Ubaté,2018
99.77,5702,,,81232,29188,Sibaté,2018
99.31,5702,,,81233,29188,Villavicencio,2018
99.54,5702,,,81234,29188,Acacías,2018
97.68,5702,,GRD,81235,29188,Granada,2018
98.88,5702,11809,,81236,29188,Cúcuta,2018
98.97,5702,,,81237,29188,Ocana,2018
99.08,5702,11797,,81238,29188,Los Patios,2018
99.61,5702,,,81239,29188,Pamplona,2018
99.67,5702,11808,,81240,29188,Bucaramanga,2018
99.59,5702,,,81241,29188,Barrancabermeja,2018
99.54,5702,,,81242,29188,San Gil,2018
99.77,5702,,,81243,29188,Socorro,2018
96.68,5702,,,81244,29188,Arauca,2018
97.78,5702,,,81245,29188,Saravena,2018
98.85,5702,,,81246,29188,Yopal,2018
99.54,5702,,,81247,29188,San Andrés,2018
98.59,5702,,,81248,29188,San José del Guaviare,2018
92.42,5702,,,81249,29188,Leticia,2018
99.63,5702,,,81266,29182,Pinar del Río,2012
99.02,5702,,,81267,29182,Consolación del sur,2012
99.86,5702,11820,,81268,29182,La Habana,2012
99.88,5702,,,81269,29182,Artemisa,2012
99.58,5702,,,81270,29182,San Cristóbal,2012
99.95,5702,,,81271,29182,San Antonio de los Banos,2012
99.91,5702,,,81272,29182,Guira de Melena,2012
99.92,5702,,,81273,29182,Guanajay,2012
99.56,5702,,,81274,29182,Bauta,2012
99.75,5702,,,81275,29182,Guines,2012
99.95,5702,,,81276,29182,San José de las Lajas,2012
99.93,5702,,,81277,29182,Matanzas,2012
99.94,5702,,,81278,29182,Cardenas,2012
99.82,5702,,,81279,29182,Colón,2012
99.94,5702,,,81280,29182,Jagüey Grande,2012
99.88,5702,,,81281,29182,Jovellanos,2012
99.86,5702,,,81282,29182,Santa Clara,2012
99.84,5702,,,81283,29182,Sagua La Grande,2012
99.81,5702,,,81284,29182,Placetas,2012
99.9,5702,,,81285,29182,Caibarién,2012
99.64,5702,,NIC,81286,29182,Manicaragua,2012
99.8,5702,,,81287,29182,Camajuaní,2012
99.78,5702,11821,,81288,29182,Cienfuegos c,2012
99.75,5702,,,81289,29182,Cumanayagua,2012
99.76,5702,,,81290,29182,Sancti Spiritus,2012
99.81,5702,,,81291,29182,Trinidad,2012
99.69,5702,,,81292,29182,Cabaiguán,2012
99.82,5702,,,81293,29182,Jatibonico,2012
99.32,5702,,,81294,29182,Ciego de Avila,2012
99.52,5702,,,81295,29182,Morón,2012
99.76,5702,,,81296,29182,Camagüey,2012
99.1,5702,,,81297,29182,Florida,2012
99.29,5702,,,81298,29182,Nuevitas,2012
99.55,5702,11822,,81299,29182,Vertientes d,2012
99.47,5702,,,81300,29182,Victoria de las Tunas,2012
99.24,5702,,,81301,29182,Puerto Padre,2012
98.91,5702,11823,,81302,29182,Amancio Rodríguez e,2012
99.47,5702,,COL,81303,29182,Colombia,2012
99.35,5702,,,81304,29182,Jobabo,2012
99.63,5702,,,81305,29182,Holguín,2012
99.18,5702,,,81306,29182,Moa,2012
99.39,5702,,,81307,29182,Banes,2012
99.53,5702,,,81308,29182,Mayarí,2012
99.47,5702,,,81309,29182,San German,2012
99.71,5702,,,81310,29182,Sagua de Tanamo,2012
98.17,5702,,,81311,29182,Bayamo,2012
98.41,5702,,,81312,29182,Manzanillo,2012
98.72,5702,,,81313,29182,Niquero,2012
97.64,5702,,,81314,29182,Jiguaní,2012
99.08,5702,,,81315,29182,Guisa,2012
99.69,5702,,CUB,81316,29182,Santiago de Cuba,2012
99.6,5702,,,81317,29182,Palma Soriano,2012
99.26,5702,,,81318,29182,Contramaestre,2012
98.85,5702,,,81319,29182,San Luis,2012
98.82,5702,,,81320,29182,La Maya,2012
99.66,5702,,,81321,29182,Guantánamo,2012
99.04,5702,,,81322,29182,Baracoa,2012
99.97,5702,,,81323,29182,Nueva Gerona,2012
94.93,5702,,,81382,29177,Santa Ana,2007
93.35,5702,,,81383,29177,Chalchuapa,2007
94.57,5702,,,81384,29177,Sonsonate,2007
87.43,5702,,,81385,29177,Izalco,2007
76.69,5702,,,81386,29177,Nahuizalco,2007
90.35,5702,,,81387,29177,Acajutla,2007
95.27,5702,,,81388,29177,Sonzocate,2007
91.02,5702,,ARM,81389,29177,Armenia,2007
92.07,5702,,,81390,29177,Ahuachapán,2007
90.47,5702,,,81391,29177,Atiquizaya,2007
98.19,5702,11841,,81392,29177,San Salvador,2007
94.9,5702,,,81393,29177,Apopa,2007
96.91,5702,,,81394,29177,Tonacatepeque,2007
96.11,5702,,MAF,81395,29177,San Martín,2007
98.85,5702,11842,,81396,29177,Nueva San Salvador,2007
97.16,5702,,,81397,29177,Colón,2007
95.81,5702,,,81398,29177,Opico,2007
91.73,5702,,,81399,29177,Ciudad Arce,2007
97.39,5702,,,81400,29177,Quezaltepeque,2007
93.32,5702,,,81401,29177,La libertad,2007
94.93,5702,,,81402,29177,Cojutepeque,2007
93.46,5702,,,81403,29177,Zacatecoluca,2007
96.06,5702,,,81404,29177,San Vicente,2007
97.71,5702,,,81405,29177,San Miguel,2007
96.47,5702,,,81406,29177,Usulután,2007
91.87,5702,,,81407,29177,Jiquilisco,2007
96.29,5702,,,81408,29177,La Unión,2007
99.4,5702,11844,GTM,81409,29188,Guatemala,2018
98.8,5702,,,81410,29188,San Juan Sacatepéquez,2018
99.2,5702,,,81411,29188,San José Pinula,2018
98,5702,,,81412,29188,San Pedro Ayampuc,2018
98.6,5702,,,81413,29188,Chimaltenango,2018
99.3,5702,,GTM,81414,29188,Antigua Guatemala,2018
99.3,5702,,,81415,29188,Ciudad Vieja,2018
98,5702,,,81416,29188,Escuintla,2018
98.6,5702,,LCA,81417,29188,Santa Lucía Cotzumalguapa,2018
99.1,5702,,,81418,29188,Palín,2018
90.6,5702,,,81419,29188,Jalapa,2018
97.1,5702,,,81420,29188,Barberena,2018
92.9,5702,,,81421,29188,Jutiapa,2018
99,5702,,,81422,29188,Huehuetenango,2018
95,5702,,,81423,29188,Jacaltenango,2018
90.5,5702,,,81424,29188,Santa Cruz del Quiché,2018
95.8,5702,,,81425,29188,Chichicastenango,2018
98.2,5702,,,81426,29188,San Pedro Sacatepéquez,2018
98,5702,,,81427,29188,Totonicapán,2018
96.2,5702,,,81428,29188,San Francisco el Alto,2018
98.1,5702,,,81429,29188,Momostenango,2018
98.6,5702,,,81430,29188,Quetzaltenango,2018
99.1,5702,,,81431,29188,Coatepeque,2018
97.9,5702,,,81432,29188,Ostuncalco,2018
97.2,5702,,,81433,29188,Sololá,2018
98.2,5702,,,81434,29188,Santiago Atitlán,2018
95.8,5702,,,81435,29188,Retalhuleu,2018
98.1,5702,,,81436,29188,Mazatenango,2018
94.6,5702,,,81437,29188,San Benito,2018
59.1,5702,,,81438,29188,Cobán,2018
96.7,5702,,,81439,29188,Puerto Barrios,2018
91.7,5702,,,81440,29188,Zacapa,2018
93.3,5702,,,81441,29188,Chiquimula,2018
93.6,5702,,,81461,29183,La Ceiba,2013
97,5702,,,81462,29183,Tela,2013
96,5702,,,81463,29183,Tocoa,2013
88.9,5702,,,81464,29183,Trujillo,2013
95.8,5702,,,81465,29183,Comayagua,2013
93.4,5702,,,81466,29183,Siguatepeque,2013
97,5702,,,81467,29183,Santa Rosa de Copán,2013
96.6,5702,,,81468,29183,La Entrada,2013
98.9,5702,,,81469,29183,Gran San Pedro Sula,2013
99.1,5702,,,81470,29183,Puerto Cortés,2013
97.8,5702,,,81471,29183,Villanueva,2013
98.8,5702,,,81472,29183,San Manuel,2013
98.7,5702,,,81473,29183,Santa Cruz de Yojoa,2013
95,5702,,,81474,29183,Omoa,2013
97.4,5702,,,81475,29183,Choluteca,2013
97.1,5702,,,81476,29183,Danli,2013
96.6,5702,,,81477,29183,El Paraíso,2013
98.8,5702,,,81478,29183,Tegucigalpa,2013
96.3,5702,,,81479,29183,Talanga,2013
95.2,5702,,,81480,29183,La Paz,2013
92.6,5702,,,81481,29183,Catacamas,2013
97.7,5702,,,81482,29183,Juticalpa,2013
97,5702,,,81483,29183,Santa Bárbara,2013
95.2,5702,,,81484,29183,San Lorenzo,2013
92,5702,,,81485,29183,Nacaome,2013
98.6,5702,,,81486,29183,El Progreso,2013
93.4,5702,,,81487,29183,Olanchito,2013
91.2,5702,,,81488,29183,Yoro,2013
93.2,5702,,,81489,29183,Morazán,2013
93.99,5702,,,81848,29175,Chinandega,2005
89.21,5702,,,81849,29175,El Viejo,2005
95.88,5702,,,81850,29175,Chichigalpa,2005
97.6,5702,,,81851,29175,León,2005
97.11,5702,,,81852,29175,Managua,2005
95.69,5702,,,81853,29175,Tipitapa,2005
97.14,5702,,,81854,29175,Mateare,2005
97.04,5702,,,81855,29175,Masaya,2005
97.28,5702,,GRD,81856,29175,Granada,2005
95.5,5702,,,81857,29175,Diriamba,2005
97.03,5702,,,81858,29175,Jinotepe,2005
97.68,5702,,,81859,29175,Rivas,2005
90.02,5702,,,81860,29175,Juigalpa,2005
89.14,5702,,,81861,29175,Boaco,2005
93.83,5702,,,81862,29175,Matagalpa,2005
89.51,5702,,,81863,29175,Sébaco,2005
93.15,5702,,,81864,29175,Jinotega,2005
92.78,5702,,,81865,29175,Estelí,2005
86.61,5702,,,81866,29175,Ocotal,2005
77.55,5702,,,81867,29175,Jalapa,2005
84.97,5702,,,81868,29175,Puerto Cabezas,2005
92.01,5702,,,81869,29175,Bluefields,2005
72.43,5702,11918,,81870,29175,Nueva Guinea,2005
99.3,5702,12055,PAN,81871,29180,Panamá,2010
99.2,5702,11920,,81872,29180,Colón,2010
98,5702,11921,,81873,29180,David,2010
95.8,5702,11922,,81874,29180,Bugaba,2010
96.8,5702,11923,,81875,29180,Barú,2010
90.2,5702,,AIA,81876,29180,Changuinola,2010
99.4,5702,11926,,81877,29180,Chitr,2010
98.8,5702,,,81878,29180,Santiago,2010
96.6,5702,,,81879,29172,Itauguá,2002
96.3,5702,,,81880,29172,Villarrica,2002
94.4,5702,,,81881,29172,Concepción,2002
95.6,5702,,,81882,29172,Caaguazú,2002
96.8,5702,,,81883,29172,Coronel Oviedo,2002
97.8,5702,11934,,81884,29172,Ciudad del Est,2002
97.7,5702,,,81885,29172,Hernandarias,2002
97.6,5702,,,81886,29172,Presidente Franco,2002
97.9,5702,,,81887,29172,Pedro Juan Caballero,2002
99,5702,,,81888,29172,Encarnación,2002
97.5,5702,,,81889,29172,Pilar,2002
94.7,5702,,,81890,29187,Bagua Grande,2017
95.4,5702,,,81891,29187,La Peca,2017
93.7,5702,,,81892,29187,Chachapoyas,2017
93.5,5702,11937,,81893,29187,Chimbote,2017
94.6,5702,11939,,81894,29187,Huaraz,2017
85.5,5702,,,81895,29187,Casma,2017
95.3,5702,11940,,81896,29187,Cajamarca,2017
97.4,5702,,,81897,29187,Jaén,2017
91.9,5702,,,81898,29187,Huanuco,2017
94.3,5702,,,81899,29187,Tingo María (Rupa-Rupa),2017
95.4,5702,11942,,81900,29187,Trujillo,2017
94.8,5702,,,81901,29187,Chepén,2017
93.8,5702,,GLP,81902,29187,Guadalupe,2017
88.9,5702,,,81903,29187,Huamachuco,2017
97.5,5702,,,81904,29187,Casa Grande,2017
95.4,5702,,,81905,29187,Pacasmayo,2017
96.8,5702,,,81906,29187,Laredo,2017
98.2,5702,,,81907,29187,Chocope,2017
97.7,5702,11943,,81908,29187,Chiclayo,2017
93.4,5702,,,81909,29187,Lambayeque,2017
93.2,5702,,,81910,29187,Ferrenafe,2017
95,5702,,,81911,29187,Tuman,2017
94,5702,,,81912,29187,Monsefu,2017
92,5702,,,81913,29187,Saña,2017
94,5702,,,81914,29187,Picsi,2017
92,5702,11944,,81915,29187,Piura,2017
93.3,5702,11945,,81916,29187,Sullana,2017
92.2,5702,,,81917,29187,Talara,2017
90.8,5702,,,81918,29187,Paita,2017
81.7,5702,,,81919,29187,La Arena,2017
89.8,5702,,,81920,29187,Chulucanas,2017
85.2,5702,,,81921,29187,Tambo Grande,2017
86.8,5702,,,81922,29187,Sechura,2017
98.1,5702,,,81923,29187,Tarapoto,2017
96.8,5702,,,81924,29187,Moyobamba,2017
97.5,5702,,,81925,29187,Juanjui,2017
94.1,5702,,,81926,29187,Tumbes,2017
93.7,5702,11946,,81927,29187,Ayacucho,2017
94.9,5702,,,81929,29187,Huancavelica,2017
94.6,5702,11947,,81930,29187,Ica,2017
94.6,5702,11948,,81931,29187,Chincha Alta,2017
93.4,5702,11949,,81932,29187,Pisco,2017
89.9,5702,11950,,81933,29187,Nazca,2017
96.7,5702,11952,,81934,29187,Huancayo,2017
93.3,5702,,,81935,29187,Bajo Pichanaqui,2017
95.8,5702,,,81936,29187,Tarma,2017
96.7,5702,,,81937,29187,La Oroya,2017
94.7,5702,,,81938,29187,Jauja,2017
96,5702,,,81939,29187,Satipo,2017
95.8,5702,,,81940,29187,Chanchamayo,2017
96.6,5702,11954,,81941,29187,Lima,2017
93.2,5702,11955,,81942,29187,Huacho,2017
95.8,5702,,,81943,29187,Huaral,2017
96.2,5702,,,81944,29187,Barranca,2017
92.6,5702,,,81945,29187,Chancay,2017
81.4,5702,,,81946,29187,San Vicente de Cañete,2017
90.5,5702,,,81947,29187,Imperial,2017
94.5,5702,,,81948,29187,Supe Puerto,2017
92.9,5702,,MLI,81949,29187,Mala,2017
98.8,5702,,,81950,29187,Paramonga,2017
94.1,5702,11957,,81951,29187,Cerro de Pasco,2017
97.3,5702,,,81952,29187,Abancay,2017
91.9,5702,,,81953,29187,Andahuaylas,2017
94,5702,"11958,12061",,81954,29187,Arequipa,2017
77.6,5702,,,81955,29187,Majes,2017
94.6,5702,,,81956,29187,Mollendo,2017
97.8,5702,11959,,81957,29187,Cusco,2017
93.4,5702,,,81958,29187,Sicuani,2017
97.6,5702,,,81959,29187,Santa Ana,2017
92.6,5702,,,81960,29187,Yauri (Espinar),2017
94.8,5702,,,81961,29187,Ilo,2017
92.4,5702,,,81962,29187,Moquegua,2017
94.7,5702,,,81963,29187,Juliaca,2017
92.9,5702,,,81964,29187,Puno,2017
84.1,5702,,,81965,29187,Ilave,2017
90.9,5702,11960,,81966,29187,Tacna,2017
95.5,5702,11962,,81967,29187,Iquitos,2017
93.2,5702,,,81968,29187,Yurimaguas,2017
92.7,5702,,,81969,29187,Requena,2017
92.5,5702,,,81970,29187,Tambopata,2017
89.5,5702,,,81971,29187,Pucallpa,2017
99.52,5702,,,81972,29181,Canelones,2011
99.58,5702,11996,,81973,29181,San José de Mayo,2011
99.74,5702,,,81974,29181,Colonia del Sacramento,2011
99.5,5702,11997,,81975,29181,Maldonado,2011
99.41,5702,,,81976,29181,San Carlos,2011
98.74,5702,,,81977,29181,Artigas,2011
98.53,5702,11998,,81978,29181,Salto,2011
98.76,5702,11999,,81979,29181,Paysandú,2011
99.31,5702,,,81980,29181,Fray Bentos,2011
99.42,5702,,,81981,29181,Mercedes,2011
99.4,5702,,,81982,29181,Rivera,2011
99.27,5702,12000,,81983,29181,Tacuarembó,2011
98.7,5702,12001,,81984,29181,Melo,2011
98.65,5702,12002,,81985,29181,Treinta y Tres,2011
99.54,5702,12003,,81986,29181,Durazno,2011
99.14,5702,,,81987,29181,Trinidad,2011
99.28,5702,,,81988,29181,Florida,2011
99.43,5702,,,81989,29181,Minas,2011
99.18,5702,,,81990,29181,Rocha,2011
96.8,5702,11966,,81991,29180,Higuey,2010
98,5702,,,81992,29180,La Romana,2010
88.5,5702,,,81993,29180,El Seibo,2010
99.2,5702,,,81994,29180,San Pedro de Macorís,2010
98.3,5702,,,81995,29180,Consuelo,2010
99.4,5702,,,81996,29180,San Cristóbal,2010
99,5702,,,81997,29180,Villa Altagracia,2010
99,5702,,,81998,29180,Bani,2010
99.4,5702,,,81999,29180,Santiago de los Caballeros,2010
98.9,5702,,,82000,29180,Villa Bisono,2010
95.6,5702,,,82001,29180,Dajabón,2010
94.9,5702,11976,,82002,29180,Mao,2010
94.9,5702,,,82003,29180,Esperanza,2010
98.2,5702,11977,,82004,29180,Puerto Plata,2010
99.1,5702,,,82005,29180,Moca,2010
99.1,5702,11981,,82006,29180,La Vega,2010
99.2,5702,,,82007,29180,Constanza,2010
98.8,5702,,,82008,29180,Jarabacoa,2010
99.3,5702,,,82009,29180,Cotui,2010
98.9,5702,,,82010,29180,San Francisco de Macoris,2010
98.9,5702,11984,,82011,29180,Nagua,2010
97.7,5702,,,82012,29180,Samana,2010
98.1,5702,,,82013,29180,Barahona,2010
98.3,5702,,,82014,29180,San Juan de la Maguana,2010
95.6,5702,,,82015,29180,Las Matas de Farfán,2010
97.6,5702,,,82016,29180,Neiba,2010
97.9,5702,,,82017,29180,Azúa de Compostela,2010
99.2,5702,11991,,82018,29180,Bonao,2010
97.3,5702,,,82019,29180,Monte Plata,2010
94.8,5702,,,82020,29180,Sabana Grande de Boyá,2010
93.4,5702,,,82021,29180,Yamasá,2010
96.1,5702,,,82022,29180,Bayaguana,2010
98.1,5702,,,82023,29180,Hato Mayor del Rey,2010
96.9,5702,11993,,82024,29180,San José de Ocoa,2010
98.5,5702,12015,,82025,29181,Guarenas-Guatire,2011
96.9,5702,12004,,82026,29181,Los Teques,2011
95.6,5702,,,82027,29181,Charallave-Cúa,2011
96.2,5702,,,82028,29181,Santa Teresa del Tuy,2011
91.9,5702,,LCA,82029,29181,Santa Lucía,2011
97,5702,,,82030,29181,Ocumare del Tuy,2011
98.9,5702,,,82031,29181,Santa Bárbara,2011
88.9,5702,,,82032,29181,Caucagua-Marizapa,2011
95.2,5702,,,82033,29181,San Francisco de Yare,2011
93,5702,,,82034,29181,San José de Barlovento,2011
93,5702,,,82035,29181,Araira,2011
95.9,5702,,,82036,29181,Higuerote,2011
94,5702,,,82037,29181,Mamporal,2011
87.7,5702,,,82038,29181,Carayaca,2011
98.6,5702,12014,,82039,29181,Maracay,2011
97.9,5702,12027,,82040,29181,La Victoria,2011
96.3,5702,,,82041,29181,Villa de Cura,2011
97.4,5702,,,82042,29181,Rosario de Paya,2011
93.2,5702,,,82043,29181,Las Tejerías,2011
96.8,5702,,,82044,29181,Zuata,2011
97.4,5702,,,82045,29181,San Sebastián,2011
97.7,5702,12033,,82046,29181,Valencia,2011
96.4,5702,12020,,82047,29181,Puerto Cabello-Morón,2011
97,5702,12036,,82048,29181,Mariara,2011
95.6,5702,,,82049,29181,Guigue,2011
96.9,5702,,,82050,29181,Bejuma,2011
95.1,5702,,,82051,29181,Miranda,2011
97.3,5702,,,82052,29181,Montalbán,2011
96.4,5702,,,82053,29181,San Carlos,2011
95.7,5702,,,82054,29181,Tinaquillo,2011
94.8,5702,,,82055,29181,Tinaco,2011
98.3,5702,12028,,82056,29181,Punto Fijo,2011
97.2,5702,12026,,82057,29181,Coro,2011
92.7,5702,,,82058,29181,Puerto Cumarebo,2011
94.5,5702,12030,,82059,29181,Barquisimeto,2011
96.1,5702,,,82060,29181,Carora,2011
93,5702,,,82061,29181,El Tocuyo,2011
89.8,5702,,,82062,29181,Quibor,2011
87.7,5702,,,82063,29181,Duaca,2011
97.4,5702,12024,,82064,29181,Acarigua-Araure,2011
93.6,5702,,,82065,29181,Guanare,2011
94.7,5702,,,82066,29181,Villa Bruzual,2011
89.1,5702,,,82067,29181,Píritu,2011
83.8,5702,,,82068,29181,Guanarito,2011
90.5,5702,,,82069,29181,Ospino,2011
97.2,5702,12009,,82070,29181,San Felipe,2011
93.5,5702,,,82071,29181,Yaritagua,2011
93.6,5702,,,82072,29181,Chivacoa,2011
97,5702,,,82073,29181,Albarico,2011
94.6,5702,,,82074,29181,Nirgua,2011
95.3,5702,12032,,82075,29181,Maracaibo,2011
95.3,5702,12025,,82076,29181,Cabimas-Ciudad Ojeda,2011
89.6,5702,,,82077,29181,San Carlos del Zulia,2011
76.5,5702,,,82078,29181,La Concepción,2011
89.7,5702,,,82079,29181,Villa del Rosario,2011
82.7,5702,,,82080,29181,Machiques,2011
72.8,5702,,,82081,29181,Santa Cruz de Mara,2011
93.5,5702,,,82082,29181,Santa Rita,2011
93.2,5702,,,82083,29181,Concepción,2011
72.9,5702,,,82084,29181,San Rafael Del Mojan,2011
92,5702,,,82085,29181,Pueblo Nuevo,2011
54.1,5702,,,82086,29181,La Sierrita,2011
94.6,5702,,,82087,29181,Puertos de Altagracia (Altagracia),2011
88.5,5702,,,82088,29181,Bachaquero,2011
43.9,5702,,,82089,29181,Paraguaipoa,2011
94.1,5702,,,82090,29181,Caja Seca,2011
97.8,5702,,,82091,29181,Barinas,2011
97.6,5702,,,82092,29181,Socopó,2011
96.7,5702,,,82093,29181,Barinitas,2011
97,5702,,,82094,29181,Santa Bárbara,2011
93.8,5702,,BOL,82095,29181,Ciudad Bolivia,2011
94.7,5702,,,82096,29181,Sabaneta,2011
98.6,5702,12021,,82097,29181,Mérida,2011
97.4,5702,,,82098,29181,El Vigía,2011
98.6,5702,,,82099,29181,Tovar,2011
98.1,5702,,,82100,29181,La Blanca (12 de Octubre),2011
92,5702,,BOL,82101,29181,Nueva Bolivia,2011
97.6,5702,,,82102,29181,Lagunillas,2011
99.1,5702,12023,,82103,29181,San Cristóbal,2011
99.2,5702,,,82104,29181,Rubio,2011
99.1,5702,,,82105,29181,Ureña,2011
97.2,5702,,,82106,29181,San Josecito,2011
96,5702,,,82107,29181,San Juan de Colón,2011
96.9,5702,,,82108,29181,San Antonio del Táchira,2011
97.6,5702,,,82109,29181,La Fría,2011
97.3,5702,,,82110,29181,Santa Ana,2011
99.5,5702,,,82111,29181,Capacho Nuevo,2011
98.2,5702,,,82112,29181,Colóncito,2011
99.3,5702,,,82113,29181,La Grita,2011
95.9,5702,12018,,82114,29181,Valera,2011
97,5702,12012,,82115,29181,Trujillo,2011
94.8,5702,12039,,82116,29181,Boconó,2011
84.1,5702,,,82117,29181,San Fernando de Apure,2011
87.8,5702,,,82118,29181,Guasdualito,2011
84.2,5702,,,82119,29181,Achaguas,2011
95.6,5702,,,82120,29181,Calabozo,2011
96,5702,,,82121,29181,San Juan de los Morros,2011
94.7,5702,,,82122,29181,Valle de la Pascua,2011
92.1,5702,,,82123,29181,Altagracia de Orituco,2011
94.1,5702,,,82124,29181,Zaraza,2011
91.4,5702,,,82125,29181,El Sombrero,2011
91.8,5702,,,82126,29181,Tucupido,2011
96.8,5702,12013,,82127,29181,Ciudad Guayana,2011
95.9,5702,12029,,82128,29181,Ciudad Bolívar,2011
95.6,5702,,,82129,29181,Upata,2011
93.1,5702,,,82130,29181,Caicara del Orinoco,2011
90.4,5702,,,82131,29181,Tumeremo,2011
89.4,5702,,,82132,29181,El Callao,2011
89.7,5702,,,82133,29181,Puerto Ayacucho (Platanillal),2011
88.3,5702,,,82134,29181,Tucupita,2011
95.2,5702,12022,,82135,29181,Barcelona-Puerto La Cruz,2011
97.6,5702,12017,,82136,29181,El Tigre-San José de Guanipa,2011
94.8,5702,,,82137,29181,Puerto Píritu-Piritu,2011
96,5702,,,82138,29181,Anaco,2011
94.3,5702,,,82139,29181,Cantaura,2011
95.2,5702,,,82140,29181,Pariaguán,2011
92.1,5702,,,82141,29181,Aragua de Barcelona,2011
96,5702,,,82142,29181,Maturín,2011
97.5,5702,,,82143,29181,Punta de Mata,2011
84.6,5702,12040,,82144,29181,Caripito,2011
93.8,5702,,,82145,29181,Temblador,2011
95.1,5702,12006,,82146,29181,Cumaná,2011
95,5702,12005,,82147,29181,Carúpano,2011
87.9,5702,,,82148,29181,Güiria,2011
92.8,5702,,,82149,29181,Cariaco,2011
97,5702,12019,,82150,29181,Porlamar-Pampatar,2011
93.7,5702,,,82151,29181,Juan Griego,2011
98.4,5702,12035,,82152,29181,Villa Rosa,2011
95.6,5702,,,82153,29181,San Juan Bautista,2011
92.4,5702,,,82154,29181,Punta de Piedras,2011
97.6,5702,,,82155,29181,La Asunción,2011
96.4,5702,,,82156,29181,La Plaza de Paraguachí,2011
87,5702,,,82157,29181,La Guardia,2011
95.68,5702,,,82158,29177,Ilobasco,2007
99.1,5702,11924,,82159,29180,Aguadulce,2010
98.2,5702,11925,,82160,29180,Penonome,2010
98.6,5702,11932,,82161,29172,Asunción,2002
99.7,5702,11995,,82162,29181,Montevideo,2011
99.5,5702,11964,,82163,29180,Santo Domingo,2010
99.1,5702,12031,,82164,29181,Caracas,2011
98.4,5702,12016,,82165,29181,Litoral Central,2011
99.19,5702,,,82166,29180,Capital Federal,2010
82.44,5702,,,82167,29180,La Matanza,2010
94.26,5702,,,82168,29180,Lomas de Zamora,2010
94.69,5702,,,82169,29180,Quilmes,2010
90.18,5702,,,82170,29180,Almirante Brown,2010
95.2,5702,,,82171,29180,Merlo,2010
94.25,5702,11593,,82172,29180,Lanús,2010
93.11,5702,,,82173,29180,Moreno,2010
98.24,5702,,,82174,29180,Florencio Varela,2010
92.03,5702,,,82175,29180,General San Martín,2010
97.31,5702,11594,,82176,29180,Tigre,2010
92.69,5702,,,82177,29180,Avellaneda,2010
93.78,5702,,,82178,29180,Tres de Febrero,2010
96.6,5702,,,82179,29180,Berazategui,2010
96.32,5702,11595,,82180,29180,Malvinas Argentinas,2010
96.32,5702,,,82181,29180,Morón,2010
97.3,5702,,,82182,29180,Esteban Echeverría,2010
94.28,5702,,,82183,29180,Pilar,2010
94.09,5702,,,82184,29180,San Isidro,2010
87.14,5702,,,82185,29180,San Miguel,2010
90.33,5702,,,82186,29180,Vicente López,2010
97.57,5702,11596,,82187,29180,José C. Paz,2010
89.5,5702,,,82188,29180,Escobar,2010
88.65,5702,11597,,82189,29180,Hurlingham,2010
94.25,5702,11597,,82190,29180,Ituzaingó,2010
97.91,5702,11598,,82191,29180,Ezeiza,2010
96.5,5702,,,82192,29180,San Fernando,2010
91.16,5702,,,82193,29180,General Rodríguez,2010
97.97,5702,11599,,82194,29180,Presidente Perón,2010
95.42,5702,,,82195,29180,San Vicente,2010
96.09,5702,,,82196,29180,Marcos Paz,2010
97.43,5702,,,82200,29180,La Plata,2010
96.38,5702,,,82201,29180,Berisso,2010
96.09,5702,,,82202,29180,Ensenada,2010
95.23,5702,,,82203,29180,Córdoba,2010
99.78,5702,,,82204,29180,La Calera,2010
100,5702,11607,,82205,29180,Villa Allende,2010
99.59,5702,,,82206,29180,Río Ceballos,2010
99.41,5702,,,82207,29180,Unquillo,2010
100,5702,,,82208,29180,Malvinas Argentinas,2010
100,5702,,,82209,29180,Estacion Juarez Celman,2010
100,5702,,,82210,29180,Saldán,2010
100,5702,,,82211,29180,Mendiolaza,2010
100,5702,,,82212,29180,Salsipuedes,2010
100,5702,,,82213,29180,La Granja,2010
98.7,5702,,,82218,29180,Río Cuarto,2010
100,5702,,,82219,29180,Las Higueras,2010
98.94,5702,,,82220,29180,Villa María,2010
100,5702,,,82221,29180,Villa Nueva,2010
100,5702,,,82222,29180,San Francisco,2010
100,5702,,,82223,29180,Frontera,2010
97.13,5702,,,82224,29180,Villa Carlos Paz,2010
100,5702,,,82225,29180,San Antonio De Arredondo,2010
99.91,5702,,,82226,29180,Jesus Maria,2010
100,5702,,,82227,29180,Colonia Caroya,2010
100,5702,,,82228,29180,Villa Dolores,2010
100,5702,,,82229,29180,Villa Sarmiento,2010
100,5702,,,82230,29180,San Pedro,2010
100,5702,,,82231,29180,Villa de las Rosas,2010
100,5702,,,82233,29180,La Falda,2010
100,5702,,,82234,29180,Villa Giardino,2010
100,5702,,,82235,29180,Valle Hermoso,2010
100,5702,,,82236,29180,Huerta Grande,2010
100,5702,,,82237,29180,Rio Segundo,2010
100,5702,,,82238,29180,Pilar,2010
100,5702,,,82239,29180,Cosquin,2010
99.96,5702,,,82240,29180,Santa Maria De Punilla,2010
99.21,5702,,,82241,29180,Bialet Masse,2010
96.12,5702,,,82242,29180,Paraná,2010
100,5702,,,82243,29180,San Benito,2010
100,5702,,,82244,29180,Oro Verde,2010
100,5702,,,82245,29180,Colón,2010
100,5702,,,82246,29180,San José,2010
98.52,5702,,,82247,29180,Santa Rosa,2010
100,5702,,,82248,29180,Toay,2010
94.54,5702,,,82249,29180,Rosario,2010
98.17,5702,,,82250,29180,Villa Gobernador Gálvez,2010
100,5702,,,82251,29180,San Lorenzo,2010
100,5702,,,82252,29180,Granadero Baigorria,2010
100,5702,,,82253,29180,Capitán Bermúdez,2010
100,5702,,,82254,29180,Pérez,2010
100,5702,,,82255,29180,Funes,2010
100,5702,,,82256,29180,Fray Luis Beltrán,2010
100,5702,,,82257,29180,Roldán,2010
100,5702,,,82258,29180,Puerto General San Martín,2010
98.64,5702,,,82259,29180,Ibarlucea,2010
100,5702,,,82260,29180,Soldini,2010
100,5702,,,82261,29180,Ricardone,2010
96.67,5702,,,82262,29180,Santa Fe,2010
95.77,5702,,,82263,29180,Santo Tomé,2010
99.26,5702,,,82264,29180,Recreo,2010
100,5702,,,82265,29180,San José del Rincón,2010
99.92,5702,,,82266,29180,Sauce Viejo,2010
100,5702,,,82267,29180,Monte Vera,2010
100,5702,,,82268,29180,Arroyo Leyes,2010
97.22,5702,,,82270,29180,Reconquista,2010
99.83,5702,,,82271,29180,Avellaneda,2010
99.76,5702,,,82272,29180,Villa Constitucion,2010
100,5702,,,82273,29180,Empalme Villa Constitucion,2010
100,5702,,,82274,29180,Arroyo Seco,2010
100,5702,,,82275,29180,Fighiera,2010
96.72,5702,,,82276,29180,Resistencia,2010
98.51,5702,,,82277,29180,Barranqueras,2010
99.3,5702,,,82278,29180,Fontana,2010
100,5702,,,82279,29180,Puerto Vilelas,2010
97.01,5702,,,82280,29180,Posadas,2010
99.72,5702,,,82281,29180,Garupa,2010
96.33,5702,,,82282,29180,Obera,2010
98.29,5702,,,82283,29180,Guarani,2010
96.49,5702,,,82284,29180,San Fernando del Valle de Catamarca,2010
99.5,5702,,,82285,29180,San Isidro,2010
100,5702,,,82286,29180,San José,2010
97.33,5702,,,82287,29180,San Salvador de Jujuy,2010
99.42,5702,,,82288,29180,Palpalá,2010
95.98,5702,,,82290,29180,San Pedro De Jujuy,2010
100,5702,,,82291,29180,La Esperanza,2010
96.78,5702,,,82292,29180,General Guemes,2010
89.05,5702,,,82293,29180,Campo Santo,2010
97.25,5702,,,82294,29180,El Bordo,2010
95.42,5702,,,82295,29180,Santiago del Estero,2010
98.87,5702,,,82296,29180,La Banda,2010
100,5702,,,82297,29180,El Zanjón,2010
98.21,5702,,,82298,29180,San Miguel de Tucuman,2010
99.86,5702,,,82299,29180,Banda del Río Salí,2010
100,5702,,,82300,29180,Yerba Buena-Marcos Paz,2010
99.23,5702,,,82301,29180,Las Talitas,2010
99.89,5702,,,82302,29180,Tafí Viejo,2010
99.15,5702,,,82304,29180,Alderetes,2010
100,5702,,,82305,29180,Cevil Redondo,2010
99.7,5702,,,82306,29180,El Manantial,2010
100,5702,,,82309,29180,Barrio San Felipe,2010
98.46,5702,,,82311,29180,Concepción,2010
100,5702,,,82312,29180,Alto Verde Y Los Guchea,2010
97.87,5702,,,82313,29180,Guaymallén,2010
96.77,5702,,,82314,29180,Godoy Cruz,2010
98.6,5702,,,82315,29180,Las Heras,2010
96.42,5702,,,82316,29180,Mendoza,2010
96.29,5702,,,82317,29180,Maipú,2010
96.48,5702,,,82318,29180,Luján de Cuyo,2010
98.18,5702,,,82319,29180,Rawson,2010
97.2,5702,,,82320,29180,San Juan,2010
97.76,5702,,,82321,29180,Chimbas,2010
98.82,5702,,,82322,29180,Rivadavia,2010
97.09,5702,,,82323,29180,Santa Lucía,2010
100,5702,,,82325,29180,Villa General San Martin,2010
97.15,5702,,,82327,29180,Neuquén,2010
97.36,5702,,,82328,29180,Cipolletti,2010
99.09,5702,,,82329,29180,Plottier,2010
98.93,5702,,,82330,29180,General Fernandez Oro,2010
100,5702,,,82331,29180,Cutral Co,2010
100,5702,,,82332,29180,Plaza Huincul,2010
98.22,5702,,,82333,29180,Viedma,2010
97.52,5702,,,82334,29180,Carmen de Patagones,2010
92.9,5702,,,82335,29182,La Paz,2012
66.1,5702,,,82336,29182,El Alto,2012
36.9,5702,,,82337,29182,Viacha,2012
10.3,5702,,,82338,29182,Achocalla,2012
72.3,5702,,,82339,29182,Cochabamba,2012
67.5,5702,,,82340,29182,Sacaba,2012
74.1,5702,,,82341,29182,Quillacollo,2012
82.7,5702,,,82342,29182,Colcapirhua,2012
62.1,5702,,,82343,29182,Tiquipaya,2012
49.7,5702,,,82344,29182,Vinto,2012
98.03,5702,,,82345,29180,Manaus,2010
94.68,5702,,,82346,29180,Iranduba,2010
98.93,5702,,,82347,29180,Itacoatiara,2010
96.54,5702,,,82348,29180,Manacapuru,2010
94.74,5702,,,82349,29180,Careiro da Várzea,2010
99.33,5702,,,82350,29180,Novo Airão,2010
97.61,5702,,,82351,29180,Presidente Figueiredo,2010
99.08,5702,,,82352,29180,Rio Preto da Eva,2010
98.72,5702,,,82353,29180,Belém,2010
99.2,5702,,,82354,29180,Ananindeua,2010
98.98,5702,,,82355,29180,Marituba,2010
96.47,5702,,,82356,29180,Benevides,2010
96.45,5702,,,82357,29180,Santa Bárbara do Pará,2010
94.28,5702,,,82358,29180,Santa Isabel do Pará,2010
99.29,5702,,,82359,29180,Macapá,2010
99.25,5702,,,82360,29180,Santana,2010
99.45,5702,,,82361,29180,São Luis,2010
99.66,5702,,,82362,29180,São José de Ribamar,2010
98.62,5702,,,82363,29180,Paço do Lumiar,2010
98.41,5702,,,82364,29180,Raposa,2010
99.4,5702,,,82365,29180,Alcântara,2010
99.76,5702,,,82366,29180,Imperatriz,2010
99.5,5702,,,82367,29180,Buritirana,2010
98.08,5702,,,82368,29180,Davinópolis,2010
98.79,5702,,,82369,29180,Governador Edison Lobão,2010
99.76,5702,,,82370,29180,João Lisboa,2010
99.31,5702,,,82371,29180,Montes Altos,2010
98.89,5702,,,82372,29180,Ribamar Fiquene,2010
99.76,5702,,,82373,29180,Senador La Rocque,2010
99.35,5702,,,82374,29180,Teresina,2010
98.77,5702,,,82375,29180,Timon,2010
99,5702,,,82376,29180,Altos,2010
97.89,5702,,,82377,29180,José de Freitas,2010
99.27,5702,,,82378,29180,União,2010
97.08,5702,,,82379,29180,Beneditinos,2010
99.26,5702,,,82380,29180,Coivaras,2010
98.29,5702,,,82381,29180,Curralinhos,2010
98.35,5702,,,82382,29180,Demerval Lobão,2010
100,5702,,,82383,29180,Lagoa Alegre,2010
97.18,5702,,,82384,29180,Lagoa do Piauí,2010
93.19,5702,,,82385,29180,Miguel Leão,2010
99.03,5702,,,82386,29180,Monsenhor Gil,2010
93.01,5702,,,82387,29180,Nazária,2010
99.31,5702,,,82388,29180,Fortaleza,2010
96.57,5702,,,82389,29180,Aquiraz,2010
98.6,5702,,,82390,29180,Caucaia,2010
98.98,5702,,,82391,29180,Maranguape,2010
98.9,5702,,,82392,29180,Pacatuba,2010
99.16,5702,,,82393,29180,Maracanaú,2010
97.63,5702,,,82394,29180,Eusébio,2010
98.44,5702,,,82395,29180,Itaitinga,2010
99.01,5702,,,82396,29180,Cascavel,2010
99.44,5702,,,82397,29180,Horizonte,2010
99.03,5702,,,82398,29180,Pacajus,2010
98.98,5702,,,82399,29180,Chorozinho,2010
97.46,5702,,,82400,29180,Guaiúba,2010
99.05,5702,,,82401,29180,Pindoretama,2010
99.47,5702,,,82402,29180,Juazeiro do Norte,2010
99.59,5702,,,82403,29180,Crato,2010
99.27,5702,,,82404,29180,Barbalha,2010
99.29,5702,,,82407,29180,Natal,2010
99.6,5702,,,82408,29180,Eduardo Gomes,2010
94.99,5702,,,82411,29180,Extremoz,2010
98.59,5702,,,82412,29180,São Gonçalo do Amarante,2010
99.57,5702,,,82413,29180,Macaíba,2010
99.7,5702,,,82414,29180,João Pessoa,2010
98.94,5702,,,82415,29180,Santa Rita,2010
99.44,5702,,,82416,29180,Bayeux,2010
97.82,5702,,,82417,29180,Cabedelo,2010
99.5,5702,,,82419,29180,Mamanguape,2010
98.11,5702,,,82420,29180,Alhandra,2010
97.42,5702,,,82421,29180,Caaporã,2010
97.12,5702,,,82422,29180,Conde,2010
98.18,5702,,,82423,29180,Cruz do Espírito Santo,2010
97.16,5702,,,82424,29180,Lucena,2010
99.42,5702,,,82425,29180,Pedras de Fogo,2010
94.77,5702,,,82426,29180,Pitimbu,2010
98.51,5702,,,82427,29180,Rio Tinto,2010
99.19,5702,,,82428,29180,Recife,2010
98.79,5702,,,82429,29180,Jaboatão dos Guararapes,2010
99,5702,,,82430,29180,Olinda,2010
99.52,5702,,,82431,29180,Paulista,2010
99.5,5702,,,82432,29180,Cabo de Santo Agostinho,2010
99.12,5702,,,82433,29180,Camaragibe,2010
98.94,5702,,,82434,29180,São Lourenço da Mata,2010
99.68,5702,11667,,82435,29180,Abreu e Lima,2010
98.52,5702,,,82436,29180,Igarassu,2010
98.54,5702,,,82437,29180,Moreno,2010
99.28,5702,,,82438,29180,Itapissuma,2010
91.55,5702,,,82439,29180,Ilha de Itamaracá,2010
99.28,5702,,,82440,29180,Araçoiaba,2010
97.74,5702,,,82441,29180,Ipojuca,2010
99.08,5702,,,82442,29180,Petrolina,2010
98.97,5702,,,82443,29180,Juazeiro,2010
98.67,5702,,,82444,29180,Maceió,2010
97.7,5702,,,82446,29180,Marechal Deodoro,2010
98.92,5702,,,82447,29180,Pilar,2010
99.08,5702,,,82448,29180,Rio Largo,2010
96.65,5702,,,82449,29180,Barra de Santo Antônio,2010
99.83,5702,,,82450,29180,Barra de São Miguel,2010
99.32,5702,,,82451,29180,Coqueiro Seco,2010
99.45,5702,,,82452,29180,Messias,2010
97.77,5702,,,82453,29180,Paripueira,2010
97.74,5702,,,82454,29180,Santa Luzia do Norte,2010
99.39,5702,,,82455,29180,Satuba,2010
99.12,5702,,,82456,29180,Arapiraca,2010
99.23,5702,,,82457,29180,Traipu,2010
98.84,5702,,,82458,29180,Palmeira dos Indios,2010
99.32,5702,,,82459,29180,Aracaju,2010
98.42,5702,,,82460,29180,Barra dos Coqueiros,2010
97.75,5702,,,82461,29180,Nossa Senhora do Socorro,2010
98.06,5702,,,82462,29180,São Cristóvão,2010
98.89,5702,,,82463,29180,Salvador,2010
98.84,5702,,,82464,29180,Camacari,2010
97.59,5702,,,82465,29180,Candeias,2010
95.09,5702,,,82466,29180,Itaparica,2010
99.27,5702,,,82467,29180,Lauro de Freitas,2010
97.91,5702,,,82468,29180,São Francisco do Conde,2010
98.94,5702,,,82469,29180,Simões Filho,2010
97.37,5702,,,82470,29180,Vera Cruz,2010
98.68,5702,,,82471,29180,Dias d'Avila,2010
99.25,5702,,,82472,29180,Pojuca,2010
97.3,5702,,,82473,29180,Mata de São João,2010
98.22,5702,,,82474,29180,São Sebastião do Passé,2010
99.57,5702,,,82475,29180,Madre de Deus,2010
99.54,5702,,,82476,29180,Belo Horizonte,2010
99.47,5702,,,82477,29180,Contagem,2010
99.52,5702,,,82478,29180,Betim,2010
98.58,5702,,,82479,29180,Ribeirão das Neves,2010
98.38,5702,,,82480,29180,Santa Luzia,2010
98.67,5702,,,82481,29180,Ibirité,2010
98.18,5702,,,82482,29180,Sabará,2010
96.96,5702,,,82483,29180,Vespasiano,2010
99.52,5702,,,82484,29180,Nova Lima,2010
99.98,5702,,,82485,29180,Pedro Leopoldo,2010
99.85,5702,,,82486,29180,Lagoa Santa,2010
99.77,5702,,,82487,29180,Caeté,2010
100,5702,,,82488,29180,Raposos,2010
99.79,5702,,,82489,29180,Rio Acima,2010
99.35,5702,,,82490,29180,Igarapé,2010
99.63,5702,,,82491,29180,Itabirito,2010
99.87,5702,,,82492,29180,Itaúna,2010
100,5702,,,82493,29180,Matozinhos,2010
99.91,5702,11681,,82494,29180,Pará de Minas,2010
99.8,5702,,,82495,29180,Sete Lagoas,2010
100,5702,,,82496,29180,Fortuna de Minas,2010
99.76,5702,,,82497,29180,Funilândia,2010
99.77,5702,,,82498,29180,Inhaúma,2010
99.84,5702,,,82499,29180,Itaguara,2010
99.64,5702,,,82500,29180,Itatiaiuçu,2010
98.94,5702,,,82501,29180,Jaboticatubas,2010
98.61,5702,,,82502,29180,Nova União,2010
99.02,5702,,,82503,29180,Juatuba,2010
99.19,5702,,,82504,29180,Mário Campos,2010
99.32,5702,,,82505,29180,Mateus Leme,2010
100,5702,,,82506,29180,Moeda,2010
100,5702,,,82507,29180,Prudente de Morais,2010
100,5702,,,82508,29180,Rio Manso,2010
99.63,5702,,,82509,29180,Santa Bárbara,2010
99.25,5702,,,82510,29180,São Joaquim de Bicas,2010
97.06,5702,,,82511,29180,São José da Lapa,2010
99.65,5702,,,82512,29180,São José da Varginha,2010
99.87,5702,,,82513,29180,Sarzedo,2010
100,5702,,,82514,29180,Taquaraçu de Minas,2010
100,5702,,,82515,29180,Baldim,2010
99.54,5702,,,82516,29180,Barão de Cocais,2010
99.73,5702,,,82517,29180,Belo Vale,2010
100,5702,,,82518,29180,Bonfim,2010
99.43,5702,,,82519,29180,Brumadinho,2010
99.31,5702,,,82520,29180,Capim Branco,2010
99.83,5702,,,82521,29180,Confins,2010
97.28,5702,,,82522,29180,Esmeraldas,2010
100,5702,,,82523,29180,Florestal,2010
99.86,5702,,,82524,29180,Ipatinga,2010
99.57,5702,,,82526,29180,Timóteo,2010
99.72,5702,,,82528,29180,Coronel Fabriciano,2010
99.89,5702,,,82530,29180,João Monlevade,2010
100,5702,,,82531,29180,Bela Vista de Minas,2010
99.61,5702,,,82532,29180,Pirapora,2010
99.56,5702,,,82533,29180,Buritizeiro,2010
99.65,5702,,,82534,29180,Vitória,2010
99.57,5702,,,82535,29180,Vila Velha,2010
99.04,5702,,,82536,29180,Cariacica,2010
99.26,5702,,,82537,29180,Serra,2010
99.22,5702,,,82538,29180,Viana,2010
98.82,5702,,,82539,29180,Guarapari,2010
99.5,5702,,,82540,29180,Fundão,2010
98.65,5702,,,82541,29180,Rio de Janeiro,2010
98.82,5702,,,82542,29180,São Gonçalo,2010
97.87,5702,,,82543,29180,Duque de Caxias,2010
98.24,5702,,,82544,29180,Nova Iguaçu,2010
98.87,5702,,,82545,29180,Niterói,2010
96.31,5702,,,82546,29180,Belford Roxo,2010
98.84,5702,,,82547,29180,São João de Meriti,2010
98.38,5702,,,82548,29180,Itaborai,2010
98.9,5702,,,82549,29180,Magé,2010
99.21,5702,,,82550,29180,Mesquita,2010
99.52,5702,,,82551,29180,Nilópolis,2010
98.16,5702,,,82552,29180,Queimados,2010
98.75,5702,,,82553,29180,Maricá,2010
97.86,5702,11689,,82554,29180,Itaguaí,2010
93.51,5702,,,82555,29180,Japeri,2010
98.12,5702,,,82556,29180,Seropédica,2010
99.43,5702,,,82557,29180,Guapimirim,2010
99.78,5702,,,82558,29180,Paracambi,2010
99.04,5702,,,82559,29180,Tanguá,2010
99.85,5702,,,82560,29180,Volta Redonda,2010
99.59,5702,,,82561,29180,Barra Mansa,2010
99.16,5702,,,82562,29180,Cabo Frio,2010
100,5702,,,82563,29180,Arraial do Cabo,2010
99.88,5702,,,82564,29180,Nova Friburgo,2010
99.27,5702,,,82566,29180,Resende,2010
99.13,5702,,,82568,29180,São Pedro da Aldeia,2010
97.19,5702,,,82569,29180,Iguaba Grande,2010
98.82,5702,,,82570,29180,São Paulo,2010
97.75,5702,,,82571,29180,Guarulhos,2010
98.21,5702,,,82572,29180,São Bernardo do Campo,2010
98.97,5702,,,82573,29180,Santo André,2010
98.65,5702,,,82574,29180,Osasco,2010
99.06,5702,,,82575,29180,Mauá,2010
97.43,5702,,,82576,29180,Carapicuíba,2010
98.81,5702,,,82577,29180,Diadema,2010
97.48,5702,,,82578,29180,Moji das Cruzes,2010
96.59,5702,,,82579,29180,Itaquaquecetuba,2010
98.61,5702,,,82580,29180,Embu,2010
98.22,5702,,,82581,29180,Taboão da Serra,2010
99.37,5702,,,82582,29180,Barueri,2010
98.49,5702,,,82583,29180,Suzano,2010
99.97,5702,,,82584,29180,São Caetano do Sul,2010
96.72,5702,,,82585,29180,Itapevi,2010
98.67,5702,,,82586,29180,Cotia,2010
98.83,5702,,,82587,29180,Ferraz de Vasconcelos,2010
94.33,5702,,,82588,29180,Itapecerica da Serra,2010
98.76,5702,,,82589,29180,Francisco Morato,2010
98.85,5702,,,82590,29180,Ribeirão Pires,2010
99.26,5702,,,82591,29180,Franco da Rocha,2010
99.49,5702,,,82592,29180,Poá,2010
99.05,5702,,,82593,29180,Jandira,2010
96.79,5702,,,82594,29180,Santana de Parnaíba,2010
98.79,5702,,,82595,29180,Caieiras,2010
99.51,5702,,,82596,29180,Arujá,2010
98.47,5702,,,82597,29180,Mairiporã,2010
95.08,5702,,,82598,29180,Embu-Guaçu,2010
99.27,5702,,,82599,29180,Cajamar,2010
98.54,5702,,,82600,29180,Rio Grande da Serra,2010
99.65,5702,,,82601,29180,Santa Isabel,2010
97.19,5702,,,82602,29180,Juquitiba,2010
97.41,5702,,,82603,29180,Biritiba-Mirim,2010
99.09,5702,,,82604,29180,Guararema,2010
97.33,5702,,,82605,29180,Pirapora de Bom Jesus,2010
98.85,5702,,,82606,29180,São Lourenço da Serra,2010
99.85,5702,,,82607,29180,Salesópolis,2010
99.68,5702,,,82608,29180,Vargem Grande Paulista,2010
99.13,5702,,,82609,29180,Campinas,2010
99.44,5702,,,82610,29180,Sumaré,2010
99.39,5702,,,82611,29180,Hortolândia,2010
99.89,5702,,,82612,29180,Valinhos,2010
99.39,5702,,,82613,29180,Paulínia,2010
99.87,5702,,,82614,29180,Americana,2010
99.62,5702,,,82615,29180,Santa Bárbara d'Oeste,2010
99.95,5702,,,82616,29180,Nova Odessa,2010
100,5702,,,82617,29180,Vinhedo,2010
99.93,5702,,,82618,29180,Artur Nogueira,2010
99.34,5702,,,82619,29180,Cosmópolis,2010
99.93,5702,,,82620,29180,Indaiatuba,2010
99.86,5702,,,82621,29180,Itatiba,2010
99.56,5702,,,82622,29180,Jaguariúna,2010
98.41,5702,,,82623,29180,Monte Mor,2010
100,5702,,,82624,29180,Pedreira,2010
99.81,5702,,,82625,29180,Engenheiro Coelho,2010
100,5702,,,82626,29180,Holambra,2010
99.68,5702,,,82627,29180,Santo Antônio de Posse,2010
99.37,5702,,,82628,29180,Santos,2010
99.5,5702,,,82629,29180,São Vicente,2010
97.47,5702,,,82630,29180,Guarujá,2010
98.98,5702,,,82631,29180,Praia Grande,2010
94.82,5702,,,82632,29180,Cubatão,2010
94.2,5702,,,82633,29180,Bertioga,2010
98.54,5702,,,82634,29180,Itanhaém,2010
98.65,5702,,,82635,29180,Mongaguá,2010
96.8,5702,,,82636,29180,Peruíbe,2010
99.68,5702,,,82637,29180,Sorocaba,2010
99.39,5702,,,82638,29180,Votorantim,2010
99.8,5702,,,82639,29180,Jundiai,2010
99.83,5702,,,82640,29180,Varzea Paulista,2010
98.92,5702,,,82641,29180,Campo Limpo Paulista,2010
99.71,5702,,,82642,29180,Taubaté,2010
99.35,5702,,,82643,29180,Tremembé,2010
99.88,5702,,,82644,29180,Araraquara,2010
99.81,5702,,,82646,29180,Américo Brasiliense,2010
99.97,5702,,,82647,29180,Mogi-Guaçu,2010
99.91,5702,,,82648,29180,Mogi-Mirim,2010
99.72,5702,,,82649,29180,Guaratinguetá,2010
99.5,5702,,,82650,29180,Aparecida,2010
98.84,5702,,,82651,29180,Caraguatatuba,2010
99.89,5702,,,82653,29180,Pereira Barreto,2010
99.62,5702,,,82655,29180,Curitiba,2010
99.26,5702,,,82656,29180,São José dos Pinhais,2010
99.3,5702,,,82657,29180,Colombo,2010
99.85,5702,,,82658,29180,Pinhais,2010
98.75,5702,,,82659,29180,Almirante Tamandaré,2010
98.61,5702,,,82660,29180,Araucária,2010
99.63,5702,,,82661,29180,Campo Largo,2010
99.51,5702,,,82662,29180,Piraquara,2010
99.69,5702,,,82663,29180,Campina Grande do Sul,2010
99.83,5702,,,82664,29180,Rio Branco do Sul,2010
99.7,5702,,,82665,29180,Quatro Barras,2010
99.32,5702,,,82666,29180,Contenda,2010
99.62,5702,,,82667,29180,Mandirituba,2010
100,5702,,,82668,29180,Bocaiúva do Sul,2010
99.88,5702,,,82669,29180,Balsa Nova,2010
99.25,5702,,,82670,29180,Fazenda Rio Grande,2010
99.6,5702,,,82671,29180,Lapa,2010
99.59,5702,,,82672,29180,Cerro Azul,2010
99.36,5702,,,82673,29180,Itaperuçu,2010
99.06,5702,,,82674,29180,Quitandinha,2010
100,5702,,,82675,29180,Tijucas do Sul,2010
98.86,5702,,,82676,29180,Tunas do Paraná,2010
98.66,5702,,,82677,29180,Doutor Ulysses,2010
98.93,5702,,,82678,29180,Adrianópolis,2010
98.38,5702,,,82679,29180,Agudos do Sul,2010
100,5702,,,82680,29180,Campo Magro,2010
99.65,5702,,,82681,29180,Londrina,2010
99.57,5702,,,82682,29180,Cambé,2010
99.69,5702,,,82683,29180,Ibipora,2010
99.76,5702,,,82684,29180,Rolândia,2010
99.98,5702,,,82685,29180,Maringá,2010
99.47,5702,,,82686,29180,Paiçandu,2010
99.74,5702,,,82687,29180,Marialva,2010
99.93,5702,,,82688,29180,Mandaguari,2010
99.72,5702,,,82689,29180,Sarandi,2010
100,5702,,,82690,29180,Ângulo,2010
100,5702,,,82691,29180,Astorga,2010
100,5702,,,82692,29180,Atalaia,2010
100,5702,,,82693,29180,Bom Sucesso,2010
100,5702,,,82694,29180,Cambira,2010
99.8,5702,,,82695,29180,Doutor Camargo,2010
99.81,5702,,,82696,29180,Floraí,2010
99.91,5702,,,82697,29180,Floresta,2010
99.61,5702,,,82698,29180,Flórida,2010
100,5702,,,82699,29180,Iguaraçu,2010
100,5702,,,82700,29180,Itambé,2010
100,5702,,,82701,29180,Ivatuba,2010
100,5702,,,82702,29180,Jandaia do Sul,2010
100,5702,,,82703,29180,Lobato,2010
100,5702,,,82704,29180,Mandaguaçu,2010
100,5702,,,82705,29180,Munhoz de Melo,2010
100,5702,,,82706,29180,Ourizona,2010
100,5702,,,82707,29180,Presidente Castelo Branco,2010
99.84,5702,,,82708,29180,Santa Fé,2010
100,5702,,,82709,29180,São Jorge do Ivaí,2010
99.63,5702,,,82710,29180,Ponta Grossa,2010
99.17,5702,,,82712,29180,Guarapuava,2010
99.55,5702,,,82717,29180,Porto União,2010
98.99,5702,,,82718,29180,União da Vitória,2010
99.68,5702,,,82720,29180,Joinvile,2010
99.43,5702,,,82721,29180,Araquari,2010
99.91,5702,,,82722,29180,Jaraguá do Sul,2010
99.62,5702,,,82723,29180,Mafra,2010
99.31,5702,,,82724,29180,Rio Negrinho,2010
99.74,5702,,,82725,29180,São Bento do Sul,2010
98.89,5702,,,82726,29180,São Francisco do Sul,2010
99.27,5702,,,82727,29180,Balneário Barra do Sul,2010
99.4,5702,,,82728,29180,Barra Velha,2010
100,5702,,,82729,29180,Campo Alegre,2010
99.86,5702,,,82730,29180,Corupá,2010
99.44,5702,,,82731,29180,Garuva,2010
98.76,5702,,,82732,29180,Guaramirim,2010
99.68,5702,,,82733,29180,Itaiópolis,2010
98.01,5702,,,82734,29180,Itapoá,2010
100,5702,,,82735,29180,Massaranduba,2010
98.81,5702,,,82736,29180,Monte Castelo,2010
99.22,5702,,,82737,29180,Papanduva,2010
100,5702,,,82738,29180,São João do Itaperiú,2010
99.77,5702,,,82739,29180,Schroeder,2010
99.9,5702,,,82740,29180,Blumenau,2010
99.8,5702,,,82741,29180,Gaspar,2010
99.79,5702,,,82742,29180,Indaial,2010
99.9,5702,,,82743,29180,Timbó,2010
100,5702,,,82744,29180,Pomerode,2010
99.52,5702,11728,,82745,29180,Itajai,2010
99.46,5702,,,82746,29180,Navegantes,2010
99.96,5702,,,82747,29180,Balneário de Camboriú,2010
99.9,5702,,,82748,29180,Camboriú,2010
99.15,5702,,,82749,29180,Penha,2010
99.39,5702,,,82750,29180,Balneário Piçarras,2010
99.5,5702,,,82751,29180,Florianópolis,2010
99.78,5702,,,82752,29180,Palhoça,2010
99.63,5702,,,82754,29180,São José,2010
99.66,5702,,,82756,29180,Biguaçu,2010
100,5702,,,82757,29180,Águas Mornas,2010
100,5702,,,82758,29180,Santo Amaro da Imperatriz,2010
98.79,5702,11730,,82759,29180,Criciúma,2010
99.91,5702,,,82760,29180,Içara,2010
100,5702,,,82761,29180,Cocal do Sul,2010
99.81,5702,,,82762,29180,Forquilhinha,2010
99.12,5702,,,82763,29180,Nova Veneza,2010
99.72,5702,,,82764,29180,Siderópolis,2010
99.65,5702,,,82765,29180,Turvo,2010
99.87,5702,,,82766,29180,Guabiruba,2010
99.92,5702,,,82767,29180,Brusque,2010
99.68,5702,,,82768,29180,Tubarão,2010
100,5702,,,82769,29180,Capivari de Baixo,2010
99.91,5702,,,82770,29180,Laguna,2010
100,5702,,,82771,29180,Braço do Norte,2010
99.38,5702,,,82772,29180,Imbituba,2010
99.15,5702,,,82773,29180,Porto Alegre,2010
98.88,5702,,,82774,29180,Canoas,2010
99.54,5702,,,82775,29180,Novo Hamburgo,2010
99.28,5702,,,82776,29180,Gravatai,2010
99.48,5702,,,82777,29180,São Leopoldo,2010
98.72,5702,,,82778,29180,Alvorada,2010
98.89,5702,,,82779,29180,Viamão,2010
99.27,5702,,,82780,29180,Sapucaia do Sul,2010
99.33,5702,,,82781,29180,Cachoeirinha,2010
99.57,5702,,,82782,29180,Guaíba,2010
99.81,5702,,,82783,29180,Esteio,2010
99.75,5702,,,82784,29180,Sapiranga,2010
99.03,5702,,,82785,29180,Campo Bom,2010
99.89,5702,,,82786,29180,Estância Velha,2010
99.6,5702,,,82787,29180,Parobé,2010
99.55,5702,,,82788,29180,Taquara,2010
98.16,5702,,,82789,29180,Portão,2010
99.26,5702,,,82790,29180,Eldorado do Sul,2010
100,5702,,,82791,29180,Ivoti,2010
99.65,5702,,,82792,29180,Nova Santa Rita,2010
99.75,5702,,,82793,29180,Ararica,2010
99.84,5702,,,82794,29180,Charqueadas,2010
99.91,5702,,,82795,29180,Dois Irmãos,2010
99.63,5702,,,82796,29180,Montenegro,2010
99.6,5702,,,82797,29180,Santo Antônio da Patrulha,2010
99.08,5702,,,82798,29180,Arroio dos Ratos,2010
100,5702,,,82799,29180,Capela de Santana,2010
100,5702,,,82800,29180,Glorinha,2010
100,5702,,,82801,29180,Nova Hartz,2010
98.94,5702,,,82802,29180,São Jerônimo,2010
99.14,5702,,,82803,29180,Triunfo,2010
99.52,5702,,,82804,29180,Caxias do Sul,2010
99.22,5702,,,82805,29180,Pelotas,2010
99.33,5702,,,82806,29180,Capão do Leão,2010
99.49,5702,11733,,82807,29180,Rio Grande,2010
99.94,5702,,,82808,29180,Bento Gonçalves,2010
99.81,5702,,,82809,29180,Farroupilha,2010
100,5702,,,82810,29180,Garibaldi,2010
100,5702,,,82811,29180,Arroio do Padre,2010
99.67,5702,,,82812,29180,São José do Norte,2010
100,5702,,,82813,29180,Carlos Barbosa,2010
100,5702,,,82814,29180,Flores da Cunha,2010
100,5702,,,82815,29180,Monte Belo do Sul,2010
100,5702,,,82816,29180,Nova Pádua,2010
100,5702,,,82817,29180,Santa Tereza,2010
100,5702,,,82818,29180,São Marcos,2010
99.93,5702,,,82819,29180,Osório,2010
99.37,5702,,,82820,29180,Torres,2010
98.25,5702,,,82821,29180,Capão da Canoa,2010
98.68,5702,,,82822,29180,Arroio do Sal,2010
98.77,5702,,,82823,29180,Balneário Pinhal,2010
100,5702,,,82824,29180,Capivari do Sul,2010
100,5702,,,82825,29180,Caraá,2010
99.21,5702,,,82826,29180,Cidreira,2010
100,5702,,,82827,29180,Dom Pedro de Alcântara,2010
99.75,5702,,,82828,29180,Imbé,2010
100,5702,,,82829,29180,Itati,2010
100,5702,,,82830,29180,Mampituba,2010
99.62,5702,,,82831,29180,Maquiné,2010
100,5702,,,82832,29180,Morrinhos do Sul,2010
99.91,5702,,,82833,29180,Palmares do Sul,2010
99.71,5702,,,82834,29180,Terra de Areia,2010
100,5702,,,82835,29180,Três Cachoeiras,2010
100,5702,,,82836,29180,Três Forquilhas,2010
96.6,5702,,,82837,29180,Xangri-lá,2010
98.42,5702,,,82838,29180,Corumbá,2010
98.88,5702,,,82839,29180,Ladário,2010
99.56,5702,,,82841,29180,Cuiaba,2010
98.99,5702,,,82842,29180,Varzea Grande,2010
98.45,5702,,,82844,29180,Poconé,2010
99.66,5702,,,82845,29180,Acorizal,2010
97.92,5702,,,82846,29180,Barão de Melgaço,2010
99.38,5702,,,82847,29180,Chapada dos Guimarães,2010
98.57,5702,,,82848,29180,Jangada,2010
98.39,5702,,,82849,29180,Nobres,2010
100,5702,,,82850,29180,Nossa Senhora do Livramento,2010
99.35,5702,,,82851,29180,Nova Brasilândia,2010
97.89,5702,,,82852,29180,Planalto da Serra,2010
98.6,5702,,,82853,29180,Rosário Oeste,2010
97.96,5702,,,82854,29180,Santo Antônio do Leverger,2010
98.81,5702,11744,,82855,29180,Brasilia,2010
99.68,5702,,,82856,29180,Cidade Ocidental,2010
99.57,5702,,,82857,29180,Luziânia,2010
98.69,5702,,,82858,29180,Novo Gama,2010
99.87,5702,,,82859,29180,Valparaíso de Goiás,2010
98.79,5702,,,82860,29180,Buritis (MG),2010
99.64,5702,,,82861,29180,Unaí (MG),2010
99.86,5702,,,82862,29180,Abadiânia,2010
97.94,5702,,,82863,29180,Água Fria de Goiás,2010
99.3,5702,,,82864,29180,Águas Lindas de Goiás,2010
99.84,5702,,,82865,29180,Alexânia,2010
99.34,5702,,,82866,29180,Cabeceiras,2010
99.65,5702,,,82867,29180,Cocalzinho de Goiás,2010
99.25,5702,,,82868,29180,Corumbá de Goiás,2010
98.72,5702,,,82869,29180,Cristalina,2010
98.82,5702,,,82870,29180,Formosa,2010
100,5702,,,82871,29180,Mimoso de Goiás,2010
99.69,5702,,,82872,29180,Padre Bernardo,2010
99.69,5702,,,82873,29180,Pirenópolis,2010
99.48,5702,,,82874,29180,Planaltina,2010
99.82,5702,,,82875,29180,Santo Antônio do Descoberto,2010
98.93,5702,,,82876,29180,Cabeceira Grande,2010
99.86,5702,,,82877,29180,Goiânia,2010
99.82,5702,,,82879,29180,Aparecida de Goiânia,2010
99.88,5702,,,82880,29180,Senador Canedo,2010
99.88,5702,,,82881,29180,Inhumas,2010
99.86,5702,,,82882,29180,Trindade,2010
99.82,5702,,,82883,29180,Abadia de Goiás,2010
99.67,5702,,,82884,29180,Aragoiânia,2010
99.55,5702,,,82885,29180,Bela Vista de Goiás,2010
100,5702,,,82886,29180,Bonfinópolis,2010
100,5702,,,82887,29180,Brazabrantes,2010
99.68,5702,,,82888,29180,Caldazinha,2010
99.7,5702,,,82889,29180,Caturaí,2010
99.68,5702,,,82890,29180,Goianápolis,2010
99.65,5702,,,82891,29180,Goianira,2010
97.72,5702,,,82892,29180,Guapó,2010
99.81,5702,,,82893,29180,Hidrolândia,2010
100,5702,,,82894,29180,Nerópolis,2010
100,5702,,,82895,29180,Nova Veneza,2010
99.44,5702,,,82896,29180,Santo Antônio de Goiás,2010
100,5702,,,82897,29180,Terezópolis de Goiás,2010
99.58,5702,,,83012,29188,Barranquilla,2018
99.5,5702,,,83013,29188,Soledad,2018
99.55,5702,,,83014,29188,Malambo,2018
99.08,5702,,,83015,29188,Puerto Colombia,2018
99.54,5702,,,83016,29188,Medellín,2018
99.16,5702,,,83017,29188,Bello,2018
99.63,5702,,,83018,29188,Itagui,2018
99.88,5702,,,83019,29188,Envigado,2018
99.82,5702,,,83020,29188,Caldas,2018
99.85,5702,,,83021,29188,Copacabana,2018
99.77,5702,,,83022,29188,La Estrella,2018
99.91,5702,,,83023,29188,Sabaneta,2018
99.89,5702,,,83024,29188,Girardota,2018
99.55,5702,,,83025,29188,Barbosa,2018
99.15,5702,,,83026,29188,Manizales,2018
99.38,5702,,,83027,29188,Villamaría,2018
99.66,5702,,,83028,29188,Pereira,2018
99.83,5702,,,83029,29188,Dos Quebradas,2018
99.76,5702,,,83030,29188,Cali,2018
99.62,5702,,,83031,29188,Yumbo,2018
99.58,5702,,,83032,29188,Sogamoso,2018
99.81,5702,,,83033,29188,Nobsa,2018
98.93,5702,,,83039,29188,Cúcuta,2018
98.58,5702,,,83040,29188,Villa del Rosario,2018
99.55,5702,,,83041,29188,Bucaramanga,2018
99.82,5702,,,83042,29188,Floridablanca,2018
99.66,5702,,,83043,29188,Girón,2018
99.86,5702,,,83044,29188,Piedecuesta,2018
99.78,5702,,,83075,29182,Arroyo Naranjo,2012
99.74,5702,,,83076,29182,Boyeros,2012
99.88,5702,,,83077,29182,Centro Habana,2012
99.91,5702,,,83078,29182,Cerro,2012
99.83,5702,,,83079,29182,Cotorro,2012
99.91,5702,,,83080,29182,Diez de Octubre,2012
99.78,5702,,,83081,29182,Guanabacoa,2012
99.82,5702,,,83082,29182,La Habana del Este,2012
99.91,5702,,,83083,29182,La Habana Vieja,2012
99.96,5702,,,83084,29182,La Lisa,2012
99.85,5702,,,83085,29182,Marianao,2012
99.94,5702,,,83086,29182,Playa,2012
99.95,5702,,,83087,29182,Plaza de la Revolución,2012
99.98,5702,,,83088,29182,Regla,2012
99.75,5702,,,83089,29182,San Miguel del Padrón,2012
98.7,5702,,,83144,29177,San Salvador,2007
98.54,5702,,,83145,29177,Soyapango,2007
98.25,5702,,,83146,29177,Mejicanos,2007
97.86,5702,,,83147,29177,Ilopango,2007
97,5702,,,83148,29177,Delgado,2007
97.47,5702,,,83149,29177,San Marcos,2007
98.03,5702,,,83150,29177,Cuscatancingo,2007
96.75,5702,,,83151,29177,Ayutuxtepeque,2007
98.84,5702,,,83152,29177,Nueva San Salvador,2007
98.88,5702,,,83153,29177,Antiguo Custlán,2007
99.5,5702,,,83154,29188,Guatemala,2018
99.5,5702,,,83155,29188,Mixco,2018
99.5,5702,,,83156,29188,Villa Nueva,2018
98,5702,,,83157,29188,Villa Canales,2018
99.7,5702,,,83158,29188,Petapa,2018
98.8,5702,,,83159,29188,Chinautla,2018
99.2,5702,,,83160,29188,Amatitlán,2018
99.2,5702,,,83161,29188,Santa Catarina Pinula,2018
98.8,5702,,,83166,29183,San Pedro Sula,2013
99,5702,,,83167,29183,Choloma,2013
99.4,5702,11848,,83168,29183,La Lima,2013
97.1,5702,,,83509,29175,Managua,2005
97.47,5702,,,83510,29175,Ciudad Sandino,2005
94.86,5702,,,83511,29175,El Crucero,2005
99.5,5702,,,83512,29180,Panamá,2010
99.7,5702,,,83513,29180,San Miguelito,2010
98.1,5702,,,83514,29180,La Chorrera,2010
98.9,5702,,,83515,29180,Arraijan,2010
99.6,5702,,,83521,29172,Asunción,2002
98.9,5702,,,83522,29172,San Lorenzo,2002
97.7,5702,,,83523,29172,Luque,2002
97.2,5702,,,83524,29172,Capiatá,2002
98.8,5702,,,83525,29172,Lambaré,2002
99.2,5702,,,83526,29172,Fernando de Mora,2002
96.6,5702,,,83527,29172,Limpio,2002
98,5702,,,83528,29172,Ñemby,2002
98.3,5702,,,83529,29172,Mariano Roque Alonso,2002
98.8,5702,,,83530,29172,Villa Elisa,2002
97.4,5702,,,83531,29172,San Antonio,2002
96.6,5702,,,83532,29172,Villa Hayes,2002
96.4,5702,,,83533,29172,Areguá,2002
99.7,5702,,,83579,29180,Santo Domingo de Guzmán,2010
99.6,5702,,,83580,29180,Santo Domingo Este,2010
99.4,5702,,,83581,29180,Santo Domingo Norte,2010
99.8,5702,,,83582,29180,Santo Domingo Oeste,2010
99.3,5702,,,83583,29180,Los Alcarrizos,2010
98.3,5702,,,83584,29180,Boca Chica,2010
99.5,5702,,,83585,29180,Bajos de Haina,2010
99.3,5702,,,83586,29180,Pedro Brand,2010
99.6,5702,,,83587,29180,San Antonio de Guerra,2010
99.1,5702,,,83588,29180,La Romana,2010
96,5702,,,83589,29180,Villa Hermosa,2010
99.4,5702,,,83590,29180,Santiago de los Caballeros,2010
99.3,5702,,,83591,29180,Tamboril,2010
99.5,5702,,,83592,29180,Licey al Medio,2010
99.8,5702,,,83593,29181,Montevideo,2011
99.33,5702,,,83594,29181,Las Piedras,2011
99.17,5702,,,83595,29181,Juan Antonio Artigas (Barros Blancos),2011
99.34,5702,,,83596,29181,Pando,2011
99.44,5702,,,83597,29181,El Pinar,2011
99.48,5702,,,83598,29181,La Paz,2011
99.09,5702,,,83599,29181,Delta del Tigre y Villas,2011
99.74,5702,,,83600,29181,Lomas de Solymar,2011
99.81,5702,,,83601,29181,Solymar,2011
98.99,5702,,,83602,29181,Progreso,2011
99.52,5702,,,83603,29181,Paso de Carrasco,2011
98.79,5702,,,83604,29181,Villa Crespo y San Andrés,2011
98.84,5702,,,83605,29181,Colonia Nicolich,2011
98.68,5702,,,83606,29181,Paso del Andaluz,2011
99.74,5702,,,83607,29181,Parque Carrasco,2011
99.79,5702,,,83608,29181,Lagomar,2011
99.57,5702,,,83609,29181,San José de Carrasco,2011
98.89,5702,,,83610,29181,Playa Pascual,2011
99.34,5702,,,83611,29181,Joaquín Suárez,2011
99.77,5702,,,83612,29181,Barra de Carrasco,2011
99.41,5702,,,83613,29181,Toledo,2011
98.23,5702,,,83614,29181,Villa Aeroparque,2011
99.91,5702,,,83615,29181,Shangrilá,2011
99.44,5702,,,83616,29181,Pajas Blancas,2011
99.24,5702,,,83617,29181,Colinas de Solymar,2011
99.43,5702,,,83618,29181,Santiago Vázquez,2011
98.43,5702,,,83619,29181,Santa Mónica,2011
97.52,5702,,,83620,29181,Fracc. sobre R.74,2011
98.72,5702,,,83621,29181,Villa San José,2011
98.56,5702,,,83622,29181,Villa Felicidad,2011
98.72,5702,,,83623,29181,Monte Grande,2011
99.72,5702,,,83624,29181,Safici (Pque.Postel),2011
100,5702,,,83625,29181,El Bosque,2011
99.34,5702,,,83626,29181,Abayubá,2011
99.17,5702,,,83627,29181,Barrio Cópola,2011
100,5702,,,83628,29181,Lomas de Carrasco,2011
98.68,5702,,,83629,29181,Estanque de Pando,2011
100,5702,,,83630,29181,Jardines de Pando,2011
99.56,5702,,,83631,29181,Olmos,2011
100,5702,,,83632,29181,Seis Hermanos,2011
97.28,5702,,,83633,29181,Villa El Tato,2011
100,5702,,,83634,29181,Costa y Guillamón,2011
100,5702,,,83635,29181,Villa Paz S.A.,2011
99.39,5702,,,83636,29181,Villa Porvenir,2011
100,5702,,,83637,29181,Barrio La Lucha,2011
100,5702,,,83638,29181,Viejo Molino - San Bernardo,2011
100,5702,,,83639,29181,Parada Cabrera,2011
100,5702,,,83640,29181,Villa San Felipe,2011
97.18,5702,,,83641,29181,Villa Hadita,2011
100,5702,,,83642,29181,Barrio Asunción,2011
100,5702,,,83643,29181,Instituto Adventista,2011
100,5702,,,83644,29181,Altos de la Tahona,2011
100,5702,,,83645,29181,Fracc. Progreso,2011
98.15,5702,,,83646,29181,Villa San Cono,2011
100,5702,,,83647,29181,Cerámicas del Sur,2011
100,5702,,,83648,29181,Aeropuerto Nacional de Carrasco,2011
100,5702,,,83649,29181,Carmel,2011
100,5702,,,83650,29181,Quintas del Bosque,2011
100,5702,,,83651,29181,Colinas de Carrasco,2011
99.86,5702,,,83653,29181,Sauce,2011
99.51,5702,,,83654,29181,Canelones,2011
100,5702,,,83655,29181,Paso Espinosa,2011
100,5702,,,83656,29181,Paso Palomeque,2011
99.57,5702,,,83657,29181,San José de Mayo,2011
100,5702,,,83658,29181,Raigón,2011
99.74,5702,,,83659,29181,Colonia del Sacramento,2011
100,5702,,,83660,29181,Laguna de los Patos,2011
99.43,5702,,,83661,29181,Maldonado,2011
99.97,5702,,,83662,29181,Pinares-Las Delicias,2011
99.95,5702,,,83663,29181,Punta del Este,2011
99.19,5702,,,83664,29181,Cerro Pelado,2011
98.18,5702,,,83665,29181,San Rafael - El Placer,2011
99.29,5702,,,83666,29181,Villa Delia,2011
99.81,5702,,,83667,29181,La Sonrisa,2011
99.69,5702,,,83668,29181,Barrio Los Aromos,2011
99.03,5702,,,83669,29181,El Tesoro,2011
99.65,5702,,,83670,29181,Punta Ballena,2011
100,5702,,,83671,29181,La Barra,2011
99.43,5702,,,83672,29181,San Carlos,2011
96.23,5702,,,83673,29181,Parque Medina,2011
98.99,5702,,,83674,29181,Artigas,2011
95.63,5702,,,83675,29181,Pintadito,2011
94.62,5702,,,83676,29181,Cerro Ejido,2011
85,5702,,,83677,29181,Cerro Signorelli,2011
92.74,5702,,,83678,29181,Cerro San Eugenio,2011
98.55,5702,,,83679,29181,Salto,2011
94.74,5702,,,83680,29181,San Antonio,2011
99.03,5702,,,83681,29181,Paysandú,2011
97.4,5702,,,83682,29181,Nuevo Paysandú,2011
96.01,5702,,,83683,29181,Chacras de Paysandú,2011
98.28,5702,,,83684,29181,San Félix,2011
96.15,5702,,,83685,29181,Casablanca,2011
99.31,5702,,,83686,29181,Fray Bentos,2011
99.56,5702,,,83687,29181,Barrio Anglo,2011
99.45,5702,,,83688,29181,Rivera,2011
98.91,5702,,,83689,29181,Mandubí,2011
98.85,5702,,,83690,29181,Santa Teresa,2011
99.71,5702,,,83691,29181,Lagunón,2011
99.3,5702,,,83692,29181,Tacuarembó,2011
96,5702,,,83693,29181,La Pedrera,2011
96.45,5702,,,83695,29181,Paso Bonilla,2011
98.78,5702,,,83696,29181,Melo,2011
93.59,5702,,,83697,29181,Barrio López Benítez,2011
97.52,5702,,,83698,29181,Hipódromo,2011
94.64,5702,,,83699,29181,Barrio La Vinchuca,2011
98.87,5702,,,83701,29181,Treinta y Tres,2011
97.88,5702,,,83702,29181,Ejido de Treinta y Tres,2011
97.96,5702,,,83703,29181,Villa Sara,2011
99.54,5702,,,83704,29181,Durazno,2011
99.45,5702,,,83705,29181,Santa Bernardina,2011
99.45,5702,,,83706,29181,Minas,2011
95.74,5702,,,83707,29181,Barrio La Coronilla - Ancap,2011
99.3,5702,,,83708,29181,Libertador,2011
98.8,5702,,,83709,29181,Sucre,2011
99.2,5702,,,83710,29181,Baruta,2011
99.8,5702,,,83711,29181,Chacao,2011
95,5702,,,83712,29181,El Hatillo,2011
98.6,5702,,,83713,29181,Guarenas,2011
98.2,5702,,,83714,29181,Guatire,2011
97.5,5702,,,83715,29181,Los Teques,2011
99.5,5702,,,83716,29181,San Antonio de Los Altos,2011
98.4,5702,,,83717,29181,Carrizal,2011
78,5702,,,83718,29181,Cecilio Acosta,2011
98,5702,,,83719,29181,San Pedro,2011
98.2,5702,,,83720,29181,Catia La Mar,2011
97.8,5702,,,83721,29181,Maiquetía,2011
98.7,5702,,,83722,29181,Carabellada,2011
98.9,5702,,,83723,29181,La Guaira,2011
99.7,5702,,,83724,29181,Macuto,2011
95.6,5702,,,83725,29181,Cúa,2011
96.2,5702,,,83726,29181,Charallave,2011
97.2,5702,,,83727,29181,Nueva Cúa,2011
91.9,5702,,,83728,29181,Las Brisas,2011
97.3,5702,,,83729,29181,El Cartanal,2011
95.1,5702,,,83730,29181,Santa Teresa del Tuy,2011
89.7,5702,,,83731,29181,Caucagua,2011
86.7,5702,,,83732,29181,Marizapa,2011
94.9,5702,,,83733,29181,San José de Barlovento,2011
91.1,5702,,,83734,29181,Río Chico,2011
99.1,5702,,,83735,29181,Girardot,2011
98.5,5702,,,83736,29181,Santa Rita,2011
99,5702,,,83737,29181,Cagua,2011
97,5702,,,83738,29181,Palo Negro,2011
99.1,5702,,,83739,29181,Briceño Iragorri (Limón),2011
98.2,5702,,,83740,29181,19 de Abril,2011
99.5,5702,,,83741,29181,Turmero,2011
97.6,5702,,,83742,29181,San Mateo,2011
98.2,5702,,,83743,29181,Santa Cruz,2011
98.2,5702,,,83744,29181,San Joaquín,2011
97.2,5702,,,83747,29181,La Victoria,2011
99.1,5702,,,83748,29181,Las Mercedes,2011
97.6,5702,,,83749,29181,Sabaneta (Los Cerritos),2011
97.7,5702,,,83751,29181,Miguel Peña,2011
96.4,5702,,,83752,29181,Urdaneta,2011
98.6,5702,,,83753,29181,Guacara,2011
98.5,5702,,,83754,29181,Naguanagua,2011
97.3,5702,,,83755,29181,Los Guayos,2011
99.6,5702,,,83756,29181,San José,2011
97,5702,,,83757,29181,Tocuyito,2011
99,5702,,,83758,29181,San Diego,2011
98.5,5702,,,83759,29181,Santa Rosa,2011
97.7,5702,,,83760,29181,San Joaquín,2011
95.6,5702,,,83761,29181,Tacarigua,2011
88.8,5702,,,83762,29181,Independencia,2011
99,5702,,,83763,29181,Candelaria,2011
99.1,5702,,,83764,29181,San Blas,2011
99.8,5702,,,83765,29181,El Socorro,2011
97.7,5702,,,83767,29181,Puerto Cabello,2011
92.7,5702,,,83768,29181,Morón,2011
98.1,5702,,,83769,29181,Mariara,2011
95.2,5702,,,83770,29181,Aguas Calientes,2011
98.2,5702,,,83771,29181,Punto Fijo,2011
98.2,5702,,,83772,29181,Punta Cardón,2011
98.9,5702,,,83773,29181,Judibana,2011
98.1,5702,,,83774,29181,Los Taques,2011
97.7,5702,,,83778,29181,Santa Ana de Coro,2011
93.7,5702,,,83779,29181,Vela de Coro,2011
92.9,5702,,,83780,29181,Juan Villegas,2011
92.6,5702,,,83781,29181,Unión,2011
96.6,5702,,,83782,29181,Catedral,2011
98.2,5702,,,83783,29181,Concepción,2011
97.9,5702,,,83784,29181,Los Rastrojos,2011
95.7,5702,,,83785,29181,Santa Rosa,2011
89.8,5702,,,83786,29181,Tamaca,2011
97.8,5702,,,83787,29181,Cabudare,2011
91.5,5702,,,83788,29181,El Cuji,2011
98,5702,,,83790,29181,Acarigua,2011
96.8,5702,,,83791,29181,Araure,2011
98.7,5702,,,83792,29181,Independencia,2011
96.2,5702,,,83793,29181,San Felipe,2011
96.6,5702,,,83794,29181,Cocorote,2011
97.1,5702,,,83795,29181,Albarico,2011
96.6,5702,,,83796,29181,Marin,2011
95.7,5702,,,83797,29181,Francisco Eugenio Bustamante,2011
86.6,5702,,,83798,29181,Idelfonso Vásquez,2011
98.9,5702,,,83799,29181,San Francisco,2011
97.5,5702,,,83800,29181,Domitila Flores,2011
87.3,5702,,,83801,29181,Venancio Pulgar,2011
98.2,5702,,,83802,29181,Cristo de Aranza,2011
88.4,5702,,,83803,29181,Antonio Borjas Romero,2011
98,5702,,,83804,29181,Manuel Dagnino,2011
94.6,5702,,,83805,29181,Coquivacoa,2011
99.6,5702,,,83806,29181,Olegario Villalobos,2011
98,5702,,,83807,29181,Luis Hurtado Higuera,2011
99.6,5702,,,83808,29181,Juana de Avila,2011
99.8,5702,,,83809,29181,Raúl Leoni,2011
96.9,5702,,,83810,29181,Cacique Mara,2011
97.5,5702,,,83811,29181,José Domingo Rus,2011
98.5,5702,,,83812,29181,Cecilio Acosta,2011
99.5,5702,,,83813,29181,Chiquinquira,2011
99,5702,,,83814,29181,Francisco Ochoa,2011
99.3,5702,,,83815,29181,Caracciolo Parra Pérez,2011
71.8,5702,,,83816,29181,San Isidro,2011
95.6,5702,,,83817,29181,Marcial Hernández,2011
99.5,5702,,,83818,29181,Santa Lucía,2011
85.5,5702,,,83819,29181,Los Cortijos,2011
98.9,5702,,,83820,29181,Bolívar,2011
94.3,5702,,,83821,29181,El Bajo,2011
95.5,5702,,,83822,29181,Cabimas,2011
97.7,5702,,,83823,29181,Ciudad Ojeda,2011
89.5,5702,,,83824,29181,Tía Juana,2011
90,5702,,,83825,29181,Lagunillas,2011
87.1,5702,,,83826,29181,Punta Gorda,2011
90.4,5702,,,83827,29181,Santa Bárbara,2011
86.5,5702,,,83828,29181,San Carlos del Zulia,2011
93.4,5702,,,83829,29181,Santa Rita,2011
95.7,5702,,,83830,29181,Palmarejo,2011
89.1,5702,,,83831,29181,El Mene,2011
93.4,5702,,,83832,29181,Concepción,2011
90.3,5702,,,83833,29181,El Carmelo,2011
95.3,5702,,,83834,29181,La Ensenada,2011
97.9,5702,,,83835,29181,Ejido,2011
99.5,5702,,,83836,29181,Antonio Spinetti dini,2011
98.6,5702,,,83837,29181,Jacinto Plaza,2011
97.8,5702,,,83838,29181,Osuna Rodríguez,2011
99.1,5702,,,83839,29181,Milla,2011
99.3,5702,,,83840,29181,Domingo Peña,2011
97.5,5702,,,83841,29181,Arias,2011
98.8,5702,,,83842,29181,Lasso de la Vega,2011
99.1,5702,,,83843,29181,Mariano Picón Salas,2011
99.1,5702,,,83844,29181,Juan Rodríguez Suárez,2011
99.2,5702,,,83845,29181,Caracciolo Parra Pérez,2011
99.8,5702,,,83846,29181,El Llano,2011
99.8,5702,,,83847,29181,Sagrario,2011
97.1,5702,,,83848,29181,Gonzalo Picón Febres,2011
98.7,5702,,,83849,29181,Tariba,2011
99.4,5702,,,83850,29181,San Juan Bautista,2011
99,5702,,,83851,29181,La Concordia,2011
99.8,5702,,,83852,29181,Pedro María Morantes,2011
99,5702,,,83853,29181,Palmira,2011
99,5702,,,83854,29181,Palo Gordo,2011
97.6,5702,,,83855,29181,San Sebastián,2011
99.1,5702,,,83856,29181,Ureña,2011
98.9,5702,,,83857,29181,Aguas Calientes,2011
96.1,5702,,,83858,29181,Mercedez Díaz,2011
96.2,5702,,,83859,29181,San Rafael de Carvajal,2011
92,5702,,,83860,29181,La Cejita,2011
99.1,5702,,,83861,29181,Juan Ignacio Montilla,2011
93.6,5702,,,83862,29181,San Luis,2011
99,5702,,,83863,29181,La Beatriz,2011
96.1,5702,,,83864,29181,Motatan,2011
97.9,5702,,,83865,29181,Cristóbal Mendoza,2011
98.9,5702,,,83866,29181,Matriz,2011
96.6,5702,,,83867,29181,Chiquinquirá,2011
92.2,5702,,,83868,29181,Tres Esquinas,2011
98.7,5702,,,83869,29181,Cruz Carrillo,2011
91.7,5702,,,83870,29181,Monseñor Carrillo,2011
96.3,5702,,,83871,29181,El Carmen,2011
92.5,5702,,,83872,29181,Boconó,2011
86.6,5702,,,83873,29181,San Fernando de Apure,2011
77.8,5702,,,83874,29181,Biruaca,2011
85.4,5702,,,83875,29181,El Recreo,2011
82.9,5702,,,83876,29181,Puerto Miranda,2011
96.1,5702,,,83877,29181,Ciudad Bolívar,2011
93.5,5702,,,83878,29181,Soledad,2011
94.7,5702,,,83879,29181,Puerto La Cruz,2011
96.3,5702,,,83880,29181,El Carmen,2011
94.5,5702,,,83881,29181,San Cristóbal,2011
99.7,5702,,,83882,29181,Lecherías,2011
88.6,5702,,,83883,29181,Guanta,2011
97.6,5702,,,83885,29181,El Tigre,2011
97.5,5702,,,83886,29181,San José de Guanipa (El Tigrito),2011
96.9,5702,,,83887,29181,Puerto Píritu,2011
92.1,5702,,,83888,29181,Píritu,2011
94.7,5702,,,83889,29181,Altagracia,2011
95.6,5702,,,83890,29181,Santa Inés,2011
95.9,5702,,,83891,29181,Valentín Valiente,2011
94.1,5702,,,83892,29181,Ayacucho,2011
95.7,5702,,,83893,29181,Santa Catalina,2011
92.6,5702,,,83894,29181,Bolívar,2011
95.9,5702,,,83895,29181,Santa Rosa,2011
96.1,5702,,,83896,29181,Santa Teresa,2011
96.6,5702,,,83897,29181,Macarapana,2011
96.9,5702,,,83898,29181,Porlamar,2011
98.1,5702,,,83899,29181,Pampatar,2011
99.5,5702,,,83900,29181,El Pilar (Los Robles),2011
92.9,5702,,,83901,29181,El Valle Del Espíritu Santo,2011
96.8,5702,,,83902,29181,Juan Griego,2011
94,5702,,,83903,29181,Los Millanes,2011
89.1,5702,,,83904,29181,Altagracia,2011
95.4,5702,,,83905,29187,Chimbote,2017
91.5,5702,,,83906,29187,Nuevo Chimbote,2017
95.5,5702,11938,,83907,29187,Santa,2017
90.1,5702,11938,,83908,29187,Coishco,2017
93.7,5702,,,83909,29187,Independencia,2017
95.7,5702,,,83910,29187,Huaraz,2017
96,5702,,,83912,29187,Cajamarca,2017
89.7,5702,,,83913,29187,Los Baños del Inca,2017
90.5,5702,,,83914,29187,Huanuco,2017
93.8,5702,,,83915,29187,Amarilis,2017
91.3,5702,,,83916,29187,Pillco Marca,2017
99.1,5702,,,83917,29187,Trujillo,2017
94.7,5702,,,83918,29187,La Esperanza,2017
89,5702,,,83919,29187,El Porvenir,2017
98.8,5702,,,83920,29187,Victor Larco Herrera,2017
94.1,5702,,,83921,29187,Huanchaco,2017
98.1,5702,,,83922,29187,Florencia de Mora,2017
97.8,5702,,,83923,29187,Chiclayo,2017
97.8,5702,,,83924,29187,José Leonardo Ortiz,2017
98.7,5702,,,83925,29187,La Victoria,2017
95.1,5702,,,83926,29187,Pimentel,2017
97,5702,,,83927,29187,Pomalca,2017
95.4,5702,,,83928,29187,Ferreñafe,2017
87.8,5702,,,83929,29187,Pueblo Nuevo,2017
98.3,5702,,,83930,29187,Piura,2017
91.2,5702,,,83931,29187,Castilla,2017
85.3,5702,,,83932,29187,Catacaos,2017
93.5,5702,,,83933,29187,Sullana,2017
92.3,5702,,,83934,29187,Bellavista,2017
78.5,5702,,,83935,29187,La Union,2017
85.4,5702,,,83936,29187,La Arena,2017
98,5702,,,83937,29187,Tarapoto,2017
97.3,5702,,,83938,29187,La Banda de Shilcayo,2017
99,5702,,,83939,29187,Morales,2017
93.5,5702,,,83940,29187,Ayacucho,2017
96.1,5702,,,83941,29187,San Juan Bautista,2017
94.7,5702,,,83942,29187,Jesús Nazareno,2017
91.5,5702,,,83943,29187,Carmen Alto,2017
94.4,5702,,,83944,29187,Huancavelica,2017
96.8,5702,,,83945,29187,Ascencion,2017
95.1,5702,,,83946,29187,Ica,2017
94.7,5702,,,83947,29187,Parcona,2017
94.2,5702,,,83948,29187,La Tinguiña,2017
94.8,5702,,,83949,29187,Subtanjalla,2017
96.4,5702,,,83950,29187,San Juan Bautista,2017
95.3,5702,,,83951,29187,Chincha Alta,2017
92,5702,,,83952,29187,Pueblo Nuevo,2017
93.6,5702,,,83953,29187,Sunampe,2017
94.5,5702,,,83954,29187,Grocio Prado,2017
93,5702,,,83955,29187,Pisco,2017
92.9,5702,,,83956,29187,San Clamente,2017
93.9,5702,,,83957,29187,Tupac Amaru Inca,2017
96.2,5702,,,83958,29187,San Andrés,2017
93.5,5702,,,83959,29187,Nazca,2017
84.9,5702,,,83960,29187,Vista Alegre,2017
98.6,5702,,,83961,29187,El Tambo,2017
97.7,5702,,,83962,29187,Huancayo,2017
95.6,5702,,,83963,29187,Chilca,2017
91.9,5702,,,83964,29187,Pilcomayo,2017
93.6,5702,,,83965,29187,Perene,2017
92.9,5702,,,83966,29187,Pichanaqui,2017
96.9,5702,,,83967,29187,La Oroya,2017
96.4,5702,,,83968,29187,Santa Rosa de Sacco,2017
94.7,5702,,,83969,29187,Jauja,2017
96.3,5702,,,83970,29187,Yauyos,2017
89.9,5702,,,83971,29187,Sausa,2017
96.4,5702,,,83972,29187,Lima,2017
94.5,5702,,,83973,29187,San Juan De Lurigancho,2017
99.4,5702,,,83974,29187,San Martin De Porres,2017
97.4,5702,,,83975,29187,Comas,2017
94.2,5702,,,83976,29187,Ate,2017
98,5702,,,83977,29187,Villa El Salvador,2017
91.3,5702,,,83978,29187,Villa Maria Del Triunfo,2017
97.3,5702,,,83979,29187,San Juan de Miraflores,2017
99.9,5702,,,83980,29187,Los Olivos,2017
99.6,5702,,,83981,29187,Lima,2017
99.7,5702,,,83982,29187,Santiago De Surco,2017
98.9,5702,,,83983,29187,Chorrillos,2017
92.5,5702,,,83984,29187,Puente Piedra,2017
96.7,5702,,,83985,29187,Independencia,2017
94.3,5702,,,83986,29187,Carabayllo,2017
99.3,5702,,,83987,29187,La Victoria,2017
99.3,5702,,,83988,29187,Santa Anita,2017
98.4,5702,,,83989,29187,El Agustino,2017
97.5,5702,,,83990,29187,Rimac,2017
86.2,5702,,,83991,29187,Lurigancho,2017
99.8,5702,,,83992,29187,La Molina,2017
99.9,5702,,,83993,29187,San Miguel,2017
100,5702,,,83994,29187,San Borja,2017
99.9,5702,,,83995,29187,Surquillo,2017
100,5702,,,83996,29187,Miraflores,2017
99.8,5702,,,83997,29187,Breña,2017
100,5702,,,83998,29187,Pueblo Libre,2017
85.1,5702,,,83999,29187,Pachacamac,2017
99.9,5702,,,84000,29187,Jesus Maria,2017
94.2,5702,,,84001,29187,Lurin,2017
100,5702,,,84002,29187,San Isidro,2017
99.9,5702,,,84003,29187,Lince,2017
99.8,5702,,,84004,29187,San Luis,2017
99.9,5702,,,84005,29187,Magdalena Del Mar,2017
98.7,5702,,,84006,29187,Chaclacayo,2017
99.8,5702,,,84007,29187,Barranco,2017
85,5702,,,84008,29187,Ancon,2017
79,5702,,,84009,29187,Cieneguilla,2017
83.1,5702,,,84010,29187,Chilca,2017
89.5,5702,,,84011,29187,Santa Rosa,2017
80.2,5702,,,84012,29187,Pucusana,2017
85.4,5702,,,84013,29187,Santa Eulalia,2017
99.4,5702,,,84014,29187,San Bartolo,2017
51.1,5702,,,84015,29187,Punta Hermosa,2017
96.8,5702,,,84016,29187,Punta Negra,2017
87,5702,,,84017,29187,Ricardo Palma,2017
100,5702,,,84018,29187,Santa Maria Del Mar,2017
98.4,5702,,,84019,29187,Callao,2017
99.4,5702,,,84020,29187,Callao,2017
96.5,5702,,,84021,29187,Ventanilla,2017
99.8,5702,,,84022,29187,Bellavista,2017
99.9,5702,,,84023,29187,La Perla,2017
99.6,5702,,,84024,29187,Carmen De La Legua Reynoso,2017
99.9,5702,,,84025,29187,La Punta,2017
94.1,5702,,,84026,29187,Huacho,2017
96,5702,,,84027,29187,Huaura,2017
96.9,5702,,,84028,29187,Hualmay,2017
85.5,5702,,,84029,29187,Santa María,2017
98.1,5702,,,84030,29187,Caleta De Carquin,2017
94.4,5702,,,84031,29187,Supe Puerto,2017
94.6,5702,,,84032,29187,Supe,2017
94.6,5702,,,84033,29187,Chaupimarca,2017
95.8,5702,,,84034,29187,Yanacancha,2017
91.6,5702,,,84035,29187,Simón Bolivar,2017
89.4,5702,,,84036,29187,Fundicion de Tinyahuarco,2017
97.6,5702,,,84037,29187,Abancay,2017
95,5702,,,84038,29187,Tamburco,2017
91.5,5702,,,84039,29187,Andahuaylas,2017
92.1,5702,,,84040,29187,San Jeronimo,2017
92.8,5702,,,84041,29187,Talavera,2017
96.9,5702,,,84042,29187,Paucarpata,2017
91.7,5702,,,84043,29187,Cerro Colorado,2017
99.2,5702,,,84044,29187,J. Luis Bustamante y Rivero,2017
95.5,5702,,,84045,29187,Cayma,2017
94.8,5702,,,84046,29187,Alto Selva Alegre,2017
99.9,5702,,,84047,29187,Arequipa,2017
95.7,5702,,,84048,29187,Socabaya,2017
91.2,5702,,,84049,29187,Mariano Melgar,2017
97.4,5702,,,84050,29187,Miraflores,2017
96.9,5702,,,84051,29187,Jacobo Hunter,2017
99.7,5702,,,84052,29187,Yanahuara,2017
97,5702,,,84053,29187,Sachaca,2017
70,5702,,,84054,29187,Yura,2017
96.9,5702,,,84055,29187,Tiabaya,2017
91.1,5702,,,84056,29187,Characato,2017
94.8,5702,,,84057,29187,Sabandia,2017
98,5702,,,84058,29187,Cusco,2017
98.1,5702,,,84059,29187,Santiago,2017
96.9,5702,,,84060,29187,San Sebastián,2017
99.8,5702,,,84061,29187,Wanchaq,2017
96.1,5702,,,84062,29187,San Jerónimo,2017
94.5,5702,,,84063,29187,Ilo,2017
99.2,5702,,,84064,29187,Pacocha,2017
92.8,5702,,,84065,29187,Moquegua,2017
88.8,5702,,,84066,29187,Samegua,2017
96.2,5702,,,84067,29187,Tacna,2017
85.3,5702,,,84068,29187,Coronel Gregorio Albarracin Lanchipa,2017
92,5702,,,84069,29187,Alto de la Alianza,2017
94.6,5702,,,84070,29187,Ciudad Nueva,2017
93.4,5702,,,84071,29187,Pocollay,2017
98.6,5702,,,84072,29187,Iquitos,2017
91.9,5702,,,84073,29187,San Juan Bautista,2017
96,5702,,,84074,29187,Punchana,2017
95.2,5702,,,84075,29187,Belén,2017
88.5,5702,,,84076,29187,Calleria,2017
89.9,5702,,,84077,29187,Yarinacocha,2017
91,5702,,,84078,29187,Manantay,2017
99.73,5702,11812,,84278,29188,Bogotá,2018
99.77,5702,,,84279,29188,"Santa Fe de Bogotá, D.E.",2018
99.15,5702,,,84280,29188,Soacha,2018
99.78,5702,,,84281,29188,Chia,2018
99.88,5702,,,84282,29188,Funza,2018
96.39,5702,,,84314,29188,María La Baja,2018
99.25,5702,,,84315,29188,San Jacinto,2018
99.3,5702,,,84316,29188,Aracataca,2018
99.03,5702,,,84317,29188,Pivijay,2018
98.85,5702,,,84318,29188,Curumani,2018
99.8,5702,,,84319,29188,El Copey,2018
99.29,5702,,,84320,29188,La Jagua de Ibirico,2018
97.68,5702,,,84321,29188,Fonseca,2018
96.83,5702,,,84322,29188,Villa Nueva,2018
98.27,5702,,,84323,29188,Sampués,2018
99.81,5702,,,84324,29188,El Santuario,2018
99.54,5702,,,84325,29188,Circasia,2018
98.27,5702,,,84326,29188,Itsmina,2018
98.46,5702,,,84327,29188,Puerto Gaitán,2018
99.64,5702,,,84328,29188,Barbosa,2018
97.87,5702,,,84329,29188,Tame,2018
98.64,5702,,,84330,29188,Aguazul,2018
98.22,5702,,,84331,29188,Paz de Ariporo,2018
99.29,5702,,,84332,29188,Villa Nueva,2018
99.02,5702,,,84333,29188,Mocoa,2018
95.57,5702,,,84334,29188,Puerto Asis,2018
98.3,5702,,,84336,29188,Palencia,2018
96.2,5702,,,84337,29188,Tecpán Guatemala,2018
97.2,5702,,,84338,29188,San Juan Comalapa,2018
98.1,5702,,,84339,29188,Patzún,2018
97.4,5702,,,84340,29188,San Andrés Itzapa,2018
98.7,5702,,,84341,29188,Patzicía,2018
99.4,5702,,,84342,29188,Sacatepéquez,2018
99,5702,,,84343,29188,Sumpango,2018
96.9,5702,,,84344,29188,San Juan Alotenango,2018
99.3,5702,,,84345,29188,Santa María de Jesús,2018
98.9,5702,,,84346,29188,Tiquisate,2018
96.8,5702,,,84347,29188,La Gomera,2018
98.7,5702,,,84348,29188,San José,2018
97.9,5702,,,84349,29188,Sanarate,2018
97.7,5702,,,84350,29188,Guastatoya,2018
98.7,5702,,,84351,29188,Asunción Mita,2018
92,5702,,,84352,29188,La Democracia,2018
93.3,5702,,,84353,29188,Santa María Nebaj,2018
76.1,5702,,,84354,29188,Chajul,2018
97.9,5702,,,84355,29188,San Marcos,2018
99.4,5702,,,84356,29188,Ayutla,2018
96.5,5702,,,84357,29188,Cantel,2018
97.4,5702,,,84358,29188,Colomba Costa Cuca,2018
95,5702,,,84359,29188,Nahualá,2018
91.8,5702,,,84360,29188,Nuevo San Carlos,2018
94.3,5702,,,84361,29188,Chicacao,2018
92.3,5702,,,84362,29188,Flores,2018
89.2,5702,,,84363,29188,La Libertad,2018
93.4,5702,,,84364,29188,Poptún,2018
65.7,5702,,,84365,29188,Panzós,2018
88.5,5702,,,84366,29188,San Cristóbal Verapaz,2018
80.7,5702,,,84367,29188,Santa Catalina La Tinta,2018
90.2,5702,,,84368,29188,Salamá,2018
97.1,5702,,,84369,29188,Morales,2018
89.6,5702,,,84370,29188,El Estor,2018
84.9,5702,,,84371,29187,Huarmey,2017
96.1,5702,,,84372,29187,Chota,2017
94.8,5702,,,84373,29187,Cutervo,2017
93.3,5702,,,84374,29187,Virú,2017
80.1,5702,,,84375,29187,Chao,2017
90.5,5702,,,84376,29187,Paijan,2017
87.4,5702,,,84377,29187,Marcavelica,2017
91.4,5702,,,84378,29187,Querecotillo,2017
87.8,5702,,,84379,29187,Ignacio Escudero,2017
91.1,5702,,,84380,29187,Nueva Cajamarca,2017
95.8,5702,,,84381,29187,Rioja,2017
88.3,5702,,,84382,29187,Corrales,2017
91.5,5702,,,84383,29187,Huanta,2017
85.3,5702,,,84384,29187,Salas,2017
89.3,5702,,,84385,29187,Pangoa,2017
96.9,5702,,,84386,29187,San Ramón,2017
78.1,5702,,,84387,29187,Nuevo Imperial,2017
85.7,5702,,,84388,29187,Vegueta,2017
79.6,5702,,,84389,29187,La Joya,2017
90.9,5702,,,84390,29187,Ayaviri,2017
89.2,5702,,,84391,29187,Azángaro,2017
88.1,5702,,,84392,29187,Nauta,2017
85.1,5702,,,84393,29187,Padre Abad,2017
98.94,5702,,,84394,29188,Cartagena,2018
99.9,5702,,,84395,29188,Rionegro,2018
99.2,5702,,,84396,29188,Armenia,2018
98.19,5702,,,84397,29188,Honda,2018
99.44,5702,,,84398,29188,Guaduas,2018
99.5,5702,,,84399,29188,Candelaria,2018
99.54,5702,,,84400,29188,Tulua,2018
99.4,5702,,,84401,29188,Andalucia,2018
99.74,5702,,,84402,29188,Tunja,2018
99.25,5702,,,84403,29188,Oicata,2018
98.24,5702,,,84404,29188,Combita,2018
98.63,5702,,,84405,29188,Belencito,2018
99.61,5702,,,84406,29188,Girardot,2018
99.53,5702,,,84407,29188,Ricaurte,2018
99.3,5702,,,84408,29188,Villavicencio,2018
99.57,5702,,,84409,29188,Restrepo,2018
99.2,5702,,,84410,29188,San Pedro Sacatepéquez,2018
98.8,5702,,,84411,29188,Fraijanes,2018
99.3,5702,,,84412,29188,Antigua Guatemala,2018
95.7,5702,,,84413,29187,Moche,2017
91.1,5702,,,84414,29187,Salaverry,2017
90.6,5702,,,84415,29187,Veintiseis de Octubre,2017
91.8,5702,,,84416,29187,Andrés Avelino Cáceres Dorregaray,2017
92.2,5702,,,84417,29187,Los Aquijes,2017
93.2,5702,,,84418,29187,Santiago,2017
85.8,5702,,,84419,29187,Huancan,2017
87,5702,,,84420,29187,Chiguata,2017
80.1,5702,,,84421,29187,Mollebaya,2017
78.4,5702,,,84422,29187,Quequeña,2017
91.2,5702,,,84423,29187,Uchumayo,2017
78,5702,,,84424,29187,Yarabamba,2017
94.9,5702,,,84425,29187,Juliaca,2017
93.8,5702,,,84426,29187,San Miguel,2017
96.5,5702,12060,,84427,29187,Mi Perú,2017
99.53,5702,,,84428,29188,Cota,2018
99.82,5702,,,84429,29188,Sopo,2018
99.67,5702,,,84430,29188,Tocancipa,2018
99.95,5702,,,84431,29188,Tabio,2018
99.41,5702,,,84432,29188,Bojacá,2018
99.75,5702,,,84433,29188,La Calera,2018
99.91,5702,,,84434,29188,Cogua,2018
99.3,5702,,,84435,29188,Santiago Sacatepéquez,2018
99.5,5702,,,84436,29188,San Lucas Sacatepéquez,2018
97.5,5702,,,84437,29188,San Marcos,2018
98.7,5702,,,84438,29188,Quetzaltenango,2018
97.7,5702,,,84439,29188,San Juan Olintepeque,2018
90.2,5702,,,84440,29188,Flores,2018
99.78,5702,,,84441,29182,Cienfuegos,2012
87.7034,5702,,,85303,29181,St Thomas,2011
97.095,5702,,,85301,29181,Kingston,2011
97.4517,5702,,,85322,29181,St. Mary (SK),2011
83.3451,5702,,,85333,29180,CANARIES,2010
93.817,5702,,,85330,29180,CASTRIES SUBURBAN,2010
93.9447,5702,,,85331,29180,CASTRIES RURAL,2010
90.6821,5702,,,85329,29180,CASTRIES CITY,2010
6.6979,5702,,,79821,29173,Departement du Nord-Ouest,2003
1.1338,5702,,,85300,29173,Nippes,2003
3.4968,5702,,,79818,29173,Departement du Nord-Est,2003
11.0135,5702,,,79820,29173,Departement du Centre,2003
18.4506,5702,,,79822,29173,Departement du Sud,2003
17.1761,5702,,,79819,29173,Departement de l' Artibonite,2003
97.7082,5702,,,85272,29180,St. Thomas,2010
97.6971,5702,,,85270,29180,St. John,2010
98.899,5702,,,85267,29180,Christ Church,2010
98.6034,5702,,,85268,29180,St. George,2010
98.3816,5702,,,85266,29180,St. Michael,2010
99.6742,5702,,,85279,29180,Bodden Town,2010
98.5263,5702,,,85281,29180,East End,2010
99.5996,5702,,,85282,29180,Sister Island,2010
99.4329,5702,,,85280,29180,North Side,2010
99.248,5702,,,85278,29180,West Bay,2010
99.473,5702,,,85277,29180,George Town,2010
91.7528,5702,,,85334,29180,SOUFRIERE,2010
91.7274,5702,,,85338,29180,MICOUD,2010
89.3589,5702,,,85339,29180,DENNERY,2010
95.9936,5702,,,85340,29180,GROS-ISLET,2010
93.9259,5702,,,85336,29180,LABORIE,2010
92.9539,5702,,,85337,29180,VIEUX-FORT,2010
9.2786,5702,,,79816,29173,Departement du Sud-Est,2003
21.0126,5702,,,79817,29173,Departement du Nord,2003
53.3567,5702,,,79815,29173,Departement de l' Ouest,2003
95.6327,5702,,,85326,29181,St. George (N),2011
95.9233,5702,,,85327,29181,St. Thomas (N),2011
97.0455,5702,,,85328,29181,St. James (N),2011
97.2265,5702,,,85324,29181,St. Paul (N),2011
96.2747,5702,,,85325,29181,St. John (N),2011
98.0657,5702,,,85323,29181,St. Peter (SK),2011
95.1338,5702,,,85318,29181,St. Thomas (SK),2011
94.8276,5702,,,85320,29181,Christ Church (SK),2011
96.8188,5702,,,85316,29181,St. Paul (SK),2011
95.5605,5702,,,85317,29181,St. Anne (SK),2011
98.2037,5702,,,85315,29181,St. George (SK),2011
98.4615,5702,,,85350,29181,Cudjoe Head,2011
89.1892,5702,,,85354,29181,Friths/Flemmings,2011
99.3151,5702,,,85356,29181,Olveston,2011
100,5702,,,85357,29181,Old Towne/Isles Bay/Happy Hill,2011
94.9153,5702,,,85355,29181,Salem,2011
99.4737,5702,,,85352,29181,Brades Estate,2011
95.7265,5702,,,85353,29181,Baker Hill,2011
96.6102,5702,,,85351,29181,Banks,2011
99.1643,5702,,,85346,29181,Look Out,2011
100,5702,,,85348,29181,Woodlands,2011
90.1409,5702,,,85310,29181,Westmoreland,2011
86.5456,5702,,,85311,29181,St Elizabeth,2011
88.5377,5702,,,85309,29181,Hanover,2011
87.0613,5702,,,85304,29181,Portland,2011
91.0944,5702,,,85306,29181,St Ann,2011
87.2428,5702,,,85307,29181,Trelawny,2011
86.3226,5702,,,85382,29181,San Juan/ Laventille,2011
89.0769,5702,,,85384,29181,Couva/ Tabaquite/ Talparo,2011
81.4035,5702,,,85385,29181,Tobago,2011
80.5016,5702,,,85383,29181,Tunapuna/ Piarco,2011
78.5208,5702,,,85380,29181,Borough of Point Fortin,2011
82.9571,5702,,,85381,29181,Diego Martin,2011
86.7432,5702,,,85379,29181,Borough of Chaguanas,2011
87.8668,5702,,,85374,29181,Princes Town,2011
85.262,5702,,,85376,29181,Siparia,2011
80.6279,5702,,,85377,29181,City of San Fernando,2011
89.4137,5702,,,85375,29181,Penal/ Debe,2011
79.042,5702,,,85372,29181,Mayaro/ Rio Claro,2011
83.0528,5702,,,85373,29181,Sangre Grande,2011
81.6731,5702,,,85371,29181,City of Port of Spain,2011
91.1549,5702,,,85261,29181,Saint Peter,2011
81.9641,5702,,,85286,29181,St.Marks,2011
93.1035,5702,,,85284,29181,St.George's Town,2011
92.0326,5702,,,85283,29181,St.George's,2011
94.2841,5702,,,85308,29181,St James,2011
90.4152,5702,,,85312,29181,Manchester,2011
93.1189,5702,,,85262,29181,Saint Philip,2011
91.867,5702,,,85264,29181,Saint Mary,2011
95.7565,5702,,,85265,29181,Barbuda,2011
91.5732,5702,,,85263,29181,Saint Paul,2011
95.1237,5702,,,85260,29181,Saint George,2011
94.4251,5702,,,85259,29181,Saint John (Rural),2011
91.8608,5702,,,85258,29181,Saint John's (City),2011
86.0219,5702,,,85287,29181,St.Patricks,2011
84.7711,5702,,,85289,29181,St.Davids,2011
93.7138,5702,,,85290,29181,Carriacou,2011
85.5746,5702,,,85288,29181,St.Andrews,2011
87.3048,5702,,,85305,29181,St Mary,2011
96.7993,5702,,,85302,29181,St Andrew,2011
87.3837,5702,,,85366,29182,Layou,2012
82.7865,5702,,,85364,29182,Georgetown,2012
88.0594,5702,,,85361,29182,Marriaqua,2012
85.7379,5702,,,85362,29182,Bridgetown,2012
89.2172,5702,,,85359,29182,Suburbs of Kingstown,2012
91.8846,5702,,,85360,29182,Calliaqua,2012
92.3015,5702,,,85358,29182,Kingstown,2012
90.9184,5702,,,85335,29180,CHOISEUL,2010
89.72,5702,,,85332,29180,ANSE-LA-RAYE,2010
97.4386,5702,,,85273,29180,St. Joseph,2010
98.2677,5702,,,85275,29180,St. Peter,2010
96.324,5702,,,85276,29180,St. Lucy,2010
96.6375,5702,,,85274,29180,St. Andrew,2010
98.2184,5702,,,85269,29180,St. Philip,2010
98.2299,5702,,,85271,29180,St. James,2010
98.4925,5702,,,85349,29181,St. Peters,2011
92.5373,5702,,,85347,29181,Drummonds,2011
97.3077,5702,,,85344,29181,Mongo Hill,2011
98.9691,5702,,,85345,29181,Judy Piece,2011
96.875,5702,,,85342,29181,Davy Hill,2011
93.4236,5702,,,85321,29181,St. John (SK),2011
99.1004,5702,,,85319,29181,Trinity (SK),2011
85.7593,5702,,,85363,29182,Colonaire,2012
83.6052,5702,,,85367,29182,Barrouallie,2012
91.5131,5702,,,85369,29182,Northern Grenadines,2012
92.3514,5702,,,85370,29182,Southern Grenadines,2012
84.2829,5702,,,85368,29182,Chateaubelair,2012
81.9131,5702,,,85365,29182,Sandy Bay,2012
86.0038,5702,,,85285,29181,St.Johns,2011
89.7478,5702,,,85313,29181,Clarendon,2011
93.8655,5702,,,85314,29181,St Catherine,2011
10.6079,5702,,,79823,29173,Departement de la Grand Anse,2003
98.3333,5702,,,85343,29181,Geralds Bottom,2011
92.5373,5702,,,85341,29181,Barzeys,2011
89.104,5702,,,85378,29181,Borough of Arima,2011
