value,source_id,notes_ids,iso3,dim_28678,dim_208,dim_144,dim_140773,dim_29117,Age.,Geographical area,Sex__ESTANDAR,Country__ESTANDAR,Years__ESTANDAR
64.69999694824219,26,"86,337",ARG,28680,216,146,140785,29186,36 years and older,Urban,Both sexes,Argentina,2016
58.599998474121094,26,"86,337,13639",ARG,28680,216,265,140785,29186,36 years and older,Urban,Men,Argentina,2016
71.30000305175781,26,"86,337,13639",ARG,28680,216,266,140785,29186,36 years and older,Urban,Women,Argentina,2016
49.70000076293945,26,"86,337",ARG,28680,216,146,140784,29186,Under 36 years old,Urban,Both sexes,Argentina,2016
46.900001525878906,26,"86,337",ARG,28680,216,265,140784,29186,Under 36 years old,Urban,Men,Argentina,2016
52.20000076293945,26,"86,337",ARG,28680,216,266,140784,29186,Under 36 years old,Urban,Women,Argentina,2016
56.20000076293945,26,"86,337",ARG,28680,216,146,140786,29186,Total,Urban,Both sexes,Argentina,2016
52.29999923706055,26,"86,337",ARG,28680,216,265,140786,29186,Total,Urban,Men,Argentina,2016
60,26,"86,337",ARG,28680,216,266,140786,29186,Total,Urban,Women,Argentina,2016
82,26,"86,366",ARG,28680,216,146,140785,29187,36 years and older,Urban,Both sexes,Argentina,2017
80.5,26,"86,366,13639",ARG,28680,216,265,140785,29187,36 years and older,Urban,Men,Argentina,2017
83.30000305175781,26,"86,366,13639",ARG,28680,216,266,140785,29187,36 years and older,Urban,Women,Argentina,2017
69.5,26,"86,366",ARG,28680,216,146,140784,29187,Under 36 years old,Urban,Both sexes,Argentina,2017
74.30000305175781,26,"86,366",ARG,28680,216,265,140784,29187,Under 36 years old,Urban,Men,Argentina,2017
61.5,26,"86,366,13639",ARG,28680,216,266,140784,29187,Under 36 years old,Urban,Women,Argentina,2017
75.5999984741211,26,"86,366",ARG,28680,216,146,140786,29187,Total,Urban,Both sexes,Argentina,2017
77,26,"86,366",ARG,28680,216,265,140786,29187,Total,Urban,Men,Argentina,2017
73.80000305175781,26,"86,366",ARG,28680,216,266,140786,29187,Total,Urban,Women,Argentina,2017
68.80000305175781,26,"86,366",ARG,28680,216,146,140785,29188,36 years and older,Urban,Both sexes,Argentina,2018
65.69999694824219,26,"86,366,13639",ARG,28680,216,265,140785,29188,36 years and older,Urban,Men,Argentina,2018
71.9000015258789,26,"86,366,13639",ARG,28680,216,266,140785,29188,36 years and older,Urban,Women,Argentina,2018
66.30000305175781,26,"86,366",ARG,28680,216,146,140784,29188,Under 36 years old,Urban,Both sexes,Argentina,2018
67.30000305175781,26,"86,366",ARG,28680,216,265,140784,29188,Under 36 years old,Urban,Men,Argentina,2018
65.4000015258789,26,"86,366",ARG,28680,216,266,140784,29188,Under 36 years old,Urban,Women,Argentina,2018
67.5,26,"86,366",ARG,28680,216,146,140786,29188,Total,Urban,Both sexes,Argentina,2018
66.5,26,"86,366",ARG,28680,216,265,140786,29188,Total,Urban,Men,Argentina,2018
68.4000015258789,26,"86,366",ARG,28680,216,266,140786,29188,Total,Urban,Women,Argentina,2018
65.5999984741211,26,"86,366",ARG,28680,216,146,140785,29189,36 years and older,Urban,Both sexes,Argentina,2019
67.19999694824219,26,"86,366,13639",ARG,28680,216,265,140785,29189,36 years and older,Urban,Men,Argentina,2019
63.400001525878906,26,"86,366,13639",ARG,28680,216,266,140785,29189,36 years and older,Urban,Women,Argentina,2019
62,26,"86,366",ARG,28680,216,146,140784,29189,Under 36 years old,Urban,Both sexes,Argentina,2019
54.79999923706055,26,"86,366",ARG,28680,216,265,140784,29189,Under 36 years old,Urban,Men,Argentina,2019
72.9000015258789,26,"86,366",ARG,28680,216,266,140784,29189,Under 36 years old,Urban,Women,Argentina,2019
63.599998474121094,26,"86,366",ARG,28680,216,146,140786,29189,Total,Urban,Both sexes,Argentina,2019
60.400001525878906,26,"86,366",ARG,28680,216,265,140786,29189,Total,Urban,Men,Argentina,2019
68.4000015258789,26,"86,366",ARG,28680,216,266,140786,29189,Total,Urban,Women,Argentina,2019
64.19999694824219,26,"86,366",ARG,28680,216,146,140785,29190,36 years and older,Urban,Both sexes,Argentina,2020
70.0999984741211,26,"86,366,13639",ARG,28680,216,265,140785,29190,36 years and older,Urban,Men,Argentina,2020
58.5,26,"86,366,13639",ARG,28680,216,266,140785,29190,36 years and older,Urban,Women,Argentina,2020
53.5,26,"86,366",ARG,28680,216,146,140784,29190,Under 36 years old,Urban,Both sexes,Argentina,2020
54,26,"86,366,13639",ARG,28680,216,265,140784,29190,Under 36 years old,Urban,Men,Argentina,2020
53.099998474121094,26,"86,366",ARG,28680,216,266,140784,29190,Under 36 years old,Urban,Women,Argentina,2020
57.599998474121094,26,"86,366",ARG,28680,216,146,140786,29190,Total,Urban,Both sexes,Argentina,2020
60,26,"86,366",ARG,28680,216,265,140786,29190,Total,Urban,Men,Argentina,2020
55.099998474121094,26,"86,366",ARG,28680,216,266,140786,29190,Total,Urban,Women,Argentina,2020
71.5999984741211,26,"86,366",ARG,28680,216,146,140785,29191,36 years and older,Urban,Both sexes,Argentina,2021
69.5999984741211,26,"86,366",ARG,28680,216,265,140785,29191,36 years and older,Urban,Men,Argentina,2021
73.80000305175781,26,"86,366,13639",ARG,28680,216,266,140785,29191,36 years and older,Urban,Women,Argentina,2021
55.400001525878906,26,"86,366",ARG,28680,216,146,140784,29191,Under 36 years old,Urban,Both sexes,Argentina,2021
47.70000076293945,26,"86,366",ARG,28680,216,265,140784,29191,Under 36 years old,Urban,Men,Argentina,2021
62.79999923706055,26,"86,366",ARG,28680,216,266,140784,29191,Under 36 years old,Urban,Women,Argentina,2021
62.5,26,"86,366",ARG,28680,216,146,140786,29191,Total,Urban,Both sexes,Argentina,2021
57.599998474121094,26,"86,366",ARG,28680,216,265,140786,29191,Total,Urban,Men,Argentina,2021
67.5,26,"86,366",ARG,28680,216,266,140786,29191,Total,Urban,Women,Argentina,2021
68.4000015258789,26,"86,366",ARG,28680,216,146,140785,29192,36 years and older,Urban,Both sexes,Argentina,2022
73.30000305175781,26,"86,366,13639",ARG,28680,216,265,140785,29192,36 years and older,Urban,Men,Argentina,2022
62,26,"86,366,13639",ARG,28680,216,266,140785,29192,36 years and older,Urban,Women,Argentina,2022
40.900001525878906,26,"86,366",ARG,28680,216,146,140784,29192,Under 36 years old,Urban,Both sexes,Argentina,2022
50.099998474121094,26,"86,366,13639",ARG,28680,216,265,140784,29192,Under 36 years old,Urban,Men,Argentina,2022
31.600000381469727,26,"86,366",ARG,28680,216,266,140784,29192,Under 36 years old,Urban,Women,Argentina,2022
51.29999923706055,26,"86,366",ARG,28680,216,146,140786,29192,Total,Urban,Both sexes,Argentina,2022
59.400001525878906,26,"86,366",ARG,28680,216,265,140786,29192,Total,Urban,Men,Argentina,2022
42.099998474121094,26,"86,366",ARG,28680,216,266,140786,29192,Total,Urban,Women,Argentina,2022
68.4000015258789,26,"86,366",ARG,28680,216,146,140785,29193,36 years and older,Urban,Both sexes,Argentina,2023
68.5999984741211,26,"86,366,13639",ARG,28680,216,265,140785,29193,36 years and older,Urban,Men,Argentina,2023
68.30000305175781,26,"86,366,13639",ARG,28680,216,266,140785,29193,36 years and older,Urban,Women,Argentina,2023
68.30000305175781,26,"86,366",ARG,28680,216,146,140784,29193,Under 36 years old,Urban,Both sexes,Argentina,2023
72.9000015258789,26,"86,366",ARG,28680,216,265,140784,29193,Under 36 years old,Urban,Men,Argentina,2023
62.20000076293945,26,"86,366",ARG,28680,216,266,140784,29193,Under 36 years old,Urban,Women,Argentina,2023
68.30000305175781,26,"86,366",ARG,28680,216,146,140786,29193,Total,Urban,Both sexes,Argentina,2023
71.0999984741211,26,"86,366",ARG,28680,216,265,140786,29193,Total,Urban,Men,Argentina,2023
64.9000015258789,26,"86,366",ARG,28680,216,266,140786,29193,Total,Urban,Women,Argentina,2023
60.79999923706055,26,"86,366",ARG,28680,216,146,140785,29194,36 years and older,Urban,Both sexes,Argentina,2024
52.099998474121094,26,"86,366,13639",ARG,28680,216,265,140785,29194,36 years and older,Urban,Men,Argentina,2024
71.0999984741211,26,"86,366,13639",ARG,28680,216,266,140785,29194,36 years and older,Urban,Women,Argentina,2024
61.400001525878906,26,"86,366",ARG,28680,216,146,140784,29194,Under 36 years old,Urban,Both sexes,Argentina,2024
68.69999694824219,26,"86,366,13639",ARG,28680,216,265,140784,29194,Under 36 years old,Urban,Men,Argentina,2024
53.5,26,"86,366,13639",ARG,28680,216,266,140784,29194,Under 36 years old,Urban,Women,Argentina,2024
61.099998474121094,26,"86,366",ARG,28680,216,146,140786,29194,Total,Urban,Both sexes,Argentina,2024
60,26,"86,366",ARG,28680,216,265,140786,29194,Total,Urban,Men,Argentina,2024
62.29999923706055,26,"86,366",ARG,28680,216,266,140786,29194,Total,Urban,Women,Argentina,2024
2,26,,BOL,28681,221,146,140785,29171,36 years and older,National,Both sexes,Bolivia (Plurinational State of),2001
2,26,,BOL,28681,221,265,140785,29171,36 years and older,National,Men,Bolivia (Plurinational State of),2001
2,26,,BOL,28681,221,266,140785,29171,36 years and older,National,Women,Bolivia (Plurinational State of),2001
1.899999976158142,26,,BOL,28681,221,146,140784,29171,Under 36 years old,National,Both sexes,Bolivia (Plurinational State of),2001
1.7000000476837158,26,,BOL,28681,221,265,140784,29171,Under 36 years old,National,Men,Bolivia (Plurinational State of),2001
2.0999999046325684,26,,BOL,28681,221,266,140784,29171,Under 36 years old,National,Women,Bolivia (Plurinational State of),2001
1.899999976158142,26,,BOL,28681,221,146,140786,29171,Total,National,Both sexes,Bolivia (Plurinational State of),2001
1.7999999523162842,26,,BOL,28681,221,265,140786,29171,Total,National,Men,Bolivia (Plurinational State of),2001
2.0999999046325684,26,,BOL,28681,221,266,140786,29171,Total,National,Women,Bolivia (Plurinational State of),2001
12.100000381469727,26,,BOL,28680,221,146,140785,29171,36 years and older,Urban,Both sexes,Bolivia (Plurinational State of),2001
12.199999809265137,26,,BOL,28680,221,265,140785,29171,36 years and older,Urban,Men,Bolivia (Plurinational State of),2001
11.899999618530273,26,,BOL,28680,221,266,140785,29171,36 years and older,Urban,Women,Bolivia (Plurinational State of),2001
10.300000190734863,26,,BOL,28680,221,146,140784,29171,Under 36 years old,Urban,Both sexes,Bolivia (Plurinational State of),2001
9.600000381469727,26,,BOL,28680,221,265,140784,29171,Under 36 years old,Urban,Men,Bolivia (Plurinational State of),2001
11,26,,BOL,28680,221,266,140784,29171,Under 36 years old,Urban,Women,Bolivia (Plurinational State of),2001
10.800000190734863,26,,BOL,28680,221,146,140786,29171,Total,Urban,Both sexes,Bolivia (Plurinational State of),2001
10.300000190734863,26,,BOL,28680,221,265,140786,29171,Total,Urban,Men,Bolivia (Plurinational State of),2001
11.300000190734863,26,,BOL,28680,221,266,140786,29171,Total,Urban,Women,Bolivia (Plurinational State of),2001
0.5,26,,BOL,28681,221,146,140785,29172,36 years and older,National,Both sexes,Bolivia (Plurinational State of),2002
0.5,26,13639,BOL,28681,221,265,140785,29172,36 years and older,National,Men,Bolivia (Plurinational State of),2002
0.6000000238418579,26,13639,BOL,28681,221,266,140785,29172,36 years and older,National,Women,Bolivia (Plurinational State of),2002
0.5,26,,BOL,28681,221,146,140784,29172,Under 36 years old,National,Both sexes,Bolivia (Plurinational State of),2002
0.5,26,,BOL,28681,221,265,140784,29172,Under 36 years old,National,Men,Bolivia (Plurinational State of),2002
0.4000000059604645,26,,BOL,28681,221,266,140784,29172,Under 36 years old,National,Women,Bolivia (Plurinational State of),2002
0.5,26,,BOL,28681,221,146,140786,29172,Total,National,Both sexes,Bolivia (Plurinational State of),2002
0.5,26,,BOL,28681,221,265,140786,29172,Total,National,Men,Bolivia (Plurinational State of),2002
0.4000000059604645,26,,BOL,28681,221,266,140786,29172,Total,National,Women,Bolivia (Plurinational State of),2002
4.800000190734863,26,13639,BOL,28680,221,146,140785,29172,36 years and older,Urban,Both sexes,Bolivia (Plurinational State of),2002
4.300000190734863,26,13639,BOL,28680,221,265,140785,29172,36 years and older,Urban,Men,Bolivia (Plurinational State of),2002
5.300000190734863,26,13639,BOL,28680,221,266,140785,29172,36 years and older,Urban,Women,Bolivia (Plurinational State of),2002
3.700000047683716,26,13639,BOL,28680,221,146,140784,29172,Under 36 years old,Urban,Both sexes,Bolivia (Plurinational State of),2002
4.099999904632568,26,13639,BOL,28680,221,265,140784,29172,Under 36 years old,Urban,Men,Bolivia (Plurinational State of),2002
3.200000047683716,26,13639,BOL,28680,221,266,140784,29172,Under 36 years old,Urban,Women,Bolivia (Plurinational State of),2002
4,26,13639,BOL,28680,221,146,140786,29172,Total,Urban,Both sexes,Bolivia (Plurinational State of),2002
4.099999904632568,26,13639,BOL,28680,221,265,140786,29172,Total,Urban,Men,Bolivia (Plurinational State of),2002
3.799999952316284,26,13639,BOL,28680,221,266,140786,29172,Total,Urban,Women,Bolivia (Plurinational State of),2002
2.5,26,13639,BOL,28681,221,146,140785,29178,36 years and older,National,Both sexes,Bolivia (Plurinational State of),2008
2.5999999046325684,26,13639,BOL,28681,221,265,140785,29178,36 years and older,National,Men,Bolivia (Plurinational State of),2008
2.5,26,13639,BOL,28681,221,266,140785,29178,36 years and older,National,Women,Bolivia (Plurinational State of),2008
3,26,,BOL,28681,221,146,140784,29178,Under 36 years old,National,Both sexes,Bolivia (Plurinational State of),2008
3.5999999046325684,26,13639,BOL,28681,221,265,140784,29178,Under 36 years old,National,Men,Bolivia (Plurinational State of),2008
2.299999952316284,26,13639,BOL,28681,221,266,140784,29178,Under 36 years old,National,Women,Bolivia (Plurinational State of),2008
2.799999952316284,26,,BOL,28681,221,146,140786,29178,Total,National,Both sexes,Bolivia (Plurinational State of),2008
3.299999952316284,26,,BOL,28681,221,265,140786,29178,Total,National,Men,Bolivia (Plurinational State of),2008
2.4000000953674316,26,,BOL,28681,221,266,140786,29178,Total,National,Women,Bolivia (Plurinational State of),2008
1,26,13639,BOL,28679,221,146,140785,29178,36 years and older,Rural,Both sexes,Bolivia (Plurinational State of),2008
0.8999999761581421,26,13639,BOL,28679,221,265,140785,29178,36 years and older,Rural,Men,Bolivia (Plurinational State of),2008
1.100000023841858,26,13639,BOL,28679,221,266,140785,29178,36 years and older,Rural,Women,Bolivia (Plurinational State of),2008
1.399999976158142,26,,BOL,28679,221,146,140784,29178,Under 36 years old,Rural,Both sexes,Bolivia (Plurinational State of),2008
1.7000000476837158,26,13639,BOL,28679,221,265,140784,29178,Under 36 years old,Rural,Men,Bolivia (Plurinational State of),2008
1.100000023841858,26,13639,BOL,28679,221,266,140784,29178,Under 36 years old,Rural,Women,Bolivia (Plurinational State of),2008
1.2999999523162842,26,,BOL,28679,221,146,140786,29178,Total,Rural,Both sexes,Bolivia (Plurinational State of),2008
1.399999976158142,26,,BOL,28679,221,265,140786,29178,Total,Rural,Men,Bolivia (Plurinational State of),2008
1.100000023841858,26,,BOL,28679,221,266,140786,29178,Total,Rural,Women,Bolivia (Plurinational State of),2008
13.899999618530273,26,13639,BOL,28680,221,146,140785,29178,36 years and older,Urban,Both sexes,Bolivia (Plurinational State of),2008
13.899999618530273,26,13639,BOL,28680,221,265,140785,29178,36 years and older,Urban,Men,Bolivia (Plurinational State of),2008
13.800000190734863,26,13639,BOL,28680,221,266,140785,29178,36 years and older,Urban,Women,Bolivia (Plurinational State of),2008
12.100000381469727,26,13639,BOL,28680,221,146,140784,29178,Under 36 years old,Urban,Both sexes,Bolivia (Plurinational State of),2008
15.600000381469727,26,13639,BOL,28680,221,265,140784,29178,Under 36 years old,Urban,Men,Bolivia (Plurinational State of),2008
8.899999618530273,26,13639,BOL,28680,221,266,140784,29178,Under 36 years old,Urban,Women,Bolivia (Plurinational State of),2008
12.699999809265137,26,13639,BOL,28680,221,146,140786,29178,Total,Urban,Both sexes,Bolivia (Plurinational State of),2008
14.899999618530273,26,13639,BOL,28680,221,265,140786,29178,Total,Urban,Men,Bolivia (Plurinational State of),2008
10.399999618530273,26,13639,BOL,28680,221,266,140786,29178,Total,Urban,Women,Bolivia (Plurinational State of),2008
3.5999999046325684,26,,BOL,28681,221,146,140785,29182,36 years and older,National,Both sexes,Bolivia (Plurinational State of),2012
4.400000095367432,26,13639,BOL,28681,221,265,140785,29182,36 years and older,National,Men,Bolivia (Plurinational State of),2012
2.799999952316284,26,13639,BOL,28681,221,266,140785,29182,36 years and older,National,Women,Bolivia (Plurinational State of),2012
23.299999237060547,26,,BOL,28681,221,146,140784,29182,Under 36 years old,National,Both sexes,Bolivia (Plurinational State of),2012
25.600000381469727,26,,BOL,28681,221,265,140784,29182,Under 36 years old,National,Men,Bolivia (Plurinational State of),2012
20.899999618530273,26,,BOL,28681,221,266,140784,29182,Under 36 years old,National,Women,Bolivia (Plurinational State of),2012
16,26,,BOL,28681,221,146,140786,29182,Total,National,Both sexes,Bolivia (Plurinational State of),2012
17.799999237060547,26,,BOL,28681,221,265,140786,29182,Total,National,Men,Bolivia (Plurinational State of),2012
14.100000381469727,26,,BOL,28681,221,266,140786,29182,Total,National,Women,Bolivia (Plurinational State of),2012
1.7000000476837158,26,,BOL,28679,221,146,140785,29182,36 years and older,Rural,Both sexes,Bolivia (Plurinational State of),2012
2.5,26,13639,BOL,28679,221,265,140785,29182,36 years and older,Rural,Men,Bolivia (Plurinational State of),2012
0.8999999761581421,26,13639,BOL,28679,221,266,140785,29182,36 years and older,Rural,Women,Bolivia (Plurinational State of),2012
18.799999237060547,26,,BOL,28679,221,146,140784,29182,Under 36 years old,Rural,Both sexes,Bolivia (Plurinational State of),2012
20.5,26,,BOL,28679,221,265,140784,29182,Under 36 years old,Rural,Men,Bolivia (Plurinational State of),2012
17,26,13639,BOL,28679,221,266,140784,29182,Under 36 years old,Rural,Women,Bolivia (Plurinational State of),2012
12.300000190734863,26,,BOL,28679,221,146,140786,29182,Total,Rural,Both sexes,Bolivia (Plurinational State of),2012
13.699999809265137,26,,BOL,28679,221,265,140786,29182,Total,Rural,Men,Bolivia (Plurinational State of),2012
10.800000190734863,26,,BOL,28679,221,266,140786,29182,Total,Rural,Women,Bolivia (Plurinational State of),2012
15.699999809265137,26,13639,BOL,28680,221,146,140785,29182,36 years and older,Urban,Both sexes,Bolivia (Plurinational State of),2012
17.399999618530273,26,13639,BOL,28680,221,265,140785,29182,36 years and older,Urban,Men,Bolivia (Plurinational State of),2012
14.199999809265137,26,13639,BOL,28680,221,266,140785,29182,36 years and older,Urban,Women,Bolivia (Plurinational State of),2012
46,26,13639,BOL,28680,221,146,140784,29182,Under 36 years old,Urban,Both sexes,Bolivia (Plurinational State of),2012
51.099998474121094,26,13639,BOL,28680,221,265,140784,29182,Under 36 years old,Urban,Men,Bolivia (Plurinational State of),2012
40.599998474121094,26,13639,BOL,28680,221,266,140784,29182,Under 36 years old,Urban,Women,Bolivia (Plurinational State of),2012
36.099998474121094,26,13639,BOL,28680,221,146,140786,29182,Total,Urban,Both sexes,Bolivia (Plurinational State of),2012
40.5,26,13639,BOL,28680,221,265,140786,29182,Total,Urban,Men,Bolivia (Plurinational State of),2012
31.600000381469727,26,13639,BOL,28680,221,266,140786,29182,Total,Urban,Women,Bolivia (Plurinational State of),2012
3.9000000953674316,26,,BOL,28681,221,146,140785,29183,36 years and older,National,Both sexes,Bolivia (Plurinational State of),2013
4.300000190734863,26,13639,BOL,28681,221,265,140785,29183,36 years and older,National,Men,Bolivia (Plurinational State of),2013
3.5,26,13639,BOL,28681,221,266,140785,29183,36 years and older,National,Women,Bolivia (Plurinational State of),2013
22.299999237060547,26,,BOL,28681,221,146,140784,29183,Under 36 years old,National,Both sexes,Bolivia (Plurinational State of),2013
23.899999618530273,26,13639,BOL,28681,221,265,140784,29183,Under 36 years old,National,Men,Bolivia (Plurinational State of),2013
20.600000381469727,26,13639,BOL,28681,221,266,140784,29183,Under 36 years old,National,Women,Bolivia (Plurinational State of),2013
14.300000190734863,26,,BOL,28681,221,146,140786,29183,Total,National,Both sexes,Bolivia (Plurinational State of),2013
15.399999618530273,26,,BOL,28681,221,265,140786,29183,Total,National,Men,Bolivia (Plurinational State of),2013
13.199999809265137,26,,BOL,28681,221,266,140786,29183,Total,National,Women,Bolivia (Plurinational State of),2013
1.399999976158142,26,,BOL,28679,221,146,140785,29183,36 years and older,Rural,Both sexes,Bolivia (Plurinational State of),2013
2,26,13639,BOL,28679,221,265,140785,29183,36 years and older,Rural,Men,Bolivia (Plurinational State of),2013
0.800000011920929,26,13639,BOL,28679,221,266,140785,29183,36 years and older,Rural,Women,Bolivia (Plurinational State of),2013
17.200000762939453,26,,BOL,28679,221,146,140784,29183,Under 36 years old,Rural,Both sexes,Bolivia (Plurinational State of),2013
18.899999618530273,26,13639,BOL,28679,221,265,140784,29183,Under 36 years old,Rural,Men,Bolivia (Plurinational State of),2013
15.5,26,13639,BOL,28679,221,266,140784,29183,Under 36 years old,Rural,Women,Bolivia (Plurinational State of),2013
10.300000190734863,26,,BOL,28679,221,146,140786,29183,Total,Rural,Both sexes,Bolivia (Plurinational State of),2013
11.5,26,,BOL,28679,221,265,140786,29183,Total,Rural,Men,Bolivia (Plurinational State of),2013
9,26,,BOL,28679,221,266,140786,29183,Total,Rural,Women,Bolivia (Plurinational State of),2013
21.899999618530273,26,13639,BOL,28680,221,146,140785,29183,36 years and older,Urban,Both sexes,Bolivia (Plurinational State of),2013
21.200000762939453,26,13639,BOL,28680,221,265,140785,29183,36 years and older,Urban,Men,Bolivia (Plurinational State of),2013
22.5,26,13639,BOL,28680,221,266,140785,29183,36 years and older,Urban,Women,Bolivia (Plurinational State of),2013
52.79999923706055,26,13639,BOL,28680,221,146,140784,29183,Under 36 years old,Urban,Both sexes,Bolivia (Plurinational State of),2013
57.20000076293945,26,13639,BOL,28680,221,265,140784,29183,Under 36 years old,Urban,Men,Bolivia (Plurinational State of),2013
49,26,13639,BOL,28680,221,266,140784,29183,Under 36 years old,Urban,Women,Bolivia (Plurinational State of),2013
40.599998474121094,26,13639,BOL,28680,221,146,140786,29183,Total,Urban,Both sexes,Bolivia (Plurinational State of),2013
42.70000076293945,26,13639,BOL,28680,221,265,140786,29183,Total,Urban,Men,Bolivia (Plurinational State of),2013
38.70000076293945,26,13639,BOL,28680,221,266,140786,29183,Total,Urban,Women,Bolivia (Plurinational State of),2013
2.5,26,,BOL,28681,221,146,140785,29184,36 years and older,National,Both sexes,Bolivia (Plurinational State of),2014
2.799999952316284,26,13639,BOL,28681,221,265,140785,29184,36 years and older,National,Men,Bolivia (Plurinational State of),2014
2.200000047683716,26,13639,BOL,28681,221,266,140785,29184,36 years and older,National,Women,Bolivia (Plurinational State of),2014
16.600000381469727,26,,BOL,28681,221,146,140784,29184,Under 36 years old,National,Both sexes,Bolivia (Plurinational State of),2014
18.100000381469727,26,,BOL,28681,221,265,140784,29184,Under 36 years old,National,Men,Bolivia (Plurinational State of),2014
15,26,,BOL,28681,221,266,140784,29184,Under 36 years old,National,Women,Bolivia (Plurinational State of),2014
10.800000190734863,26,,BOL,28681,221,146,140786,29184,Total,National,Both sexes,Bolivia (Plurinational State of),2014
11.899999618530273,26,,BOL,28681,221,265,140786,29184,Total,National,Men,Bolivia (Plurinational State of),2014
9.699999809265137,26,,BOL,28681,221,266,140786,29184,Total,National,Women,Bolivia (Plurinational State of),2014
1.2999999523162842,26,,BOL,28679,221,146,140785,29184,36 years and older,Rural,Both sexes,Bolivia (Plurinational State of),2014
1.399999976158142,26,13639,BOL,28679,221,265,140785,29184,36 years and older,Rural,Men,Bolivia (Plurinational State of),2014
1.2000000476837158,26,13639,BOL,28679,221,266,140785,29184,36 years and older,Rural,Women,Bolivia (Plurinational State of),2014
12.399999618530273,26,,BOL,28679,221,146,140784,29184,Under 36 years old,Rural,Both sexes,Bolivia (Plurinational State of),2014
14.100000381469727,26,13639,BOL,28679,221,265,140784,29184,Under 36 years old,Rural,Men,Bolivia (Plurinational State of),2014
10.699999809265137,26,13639,BOL,28679,221,266,140784,29184,Under 36 years old,Rural,Women,Bolivia (Plurinational State of),2014
7.699999809265137,26,,BOL,28679,221,146,140786,29184,Total,Rural,Both sexes,Bolivia (Plurinational State of),2014
8.800000190734863,26,,BOL,28679,221,265,140786,29184,Total,Rural,Men,Bolivia (Plurinational State of),2014
6.699999809265137,26,,BOL,28679,221,266,140786,29184,Total,Rural,Women,Bolivia (Plurinational State of),2014
12.300000190734863,26,13639,BOL,28680,221,146,140785,29184,36 years and older,Urban,Both sexes,Bolivia (Plurinational State of),2014
13.600000381469727,26,13639,BOL,28680,221,265,140785,29184,36 years and older,Urban,Men,Bolivia (Plurinational State of),2014
11,26,13639,BOL,28680,221,266,140785,29184,36 years and older,Urban,Women,Bolivia (Plurinational State of),2014
40.400001525878906,26,13639,BOL,28680,221,146,140784,29184,Under 36 years old,Urban,Both sexes,Bolivia (Plurinational State of),2014
41,26,13639,BOL,28680,221,265,140784,29184,Under 36 years old,Urban,Men,Bolivia (Plurinational State of),2014
39.70000076293945,26,13639,BOL,28680,221,266,140784,29184,Under 36 years old,Urban,Women,Bolivia (Plurinational State of),2014
30.899999618530273,26,13639,BOL,28680,221,146,140786,29184,Total,Urban,Both sexes,Bolivia (Plurinational State of),2014
31.600000381469727,26,13639,BOL,28680,221,265,140786,29184,Total,Urban,Men,Bolivia (Plurinational State of),2014
30.100000381469727,26,13639,BOL,28680,221,266,140786,29184,Total,Urban,Women,Bolivia (Plurinational State of),2014
4.300000190734863,26,,BOL,28681,221,146,140785,29185,36 years and older,National,Both sexes,Bolivia (Plurinational State of),2015
5.300000190734863,26,13639,BOL,28681,221,265,140785,29185,36 years and older,National,Men,Bolivia (Plurinational State of),2015
3.299999952316284,26,13639,BOL,28681,221,266,140785,29185,36 years and older,National,Women,Bolivia (Plurinational State of),2015
23.200000762939453,26,,BOL,28681,221,146,140784,29185,Under 36 years old,National,Both sexes,Bolivia (Plurinational State of),2015
23.600000381469727,26,13639,BOL,28681,221,265,140784,29185,Under 36 years old,National,Men,Bolivia (Plurinational State of),2015
22.799999237060547,26,13639,BOL,28681,221,266,140784,29185,Under 36 years old,National,Women,Bolivia (Plurinational State of),2015
15.199999809265137,26,,BOL,28681,221,146,140786,29185,Total,National,Both sexes,Bolivia (Plurinational State of),2015
15.800000190734863,26,,BOL,28681,221,265,140786,29185,Total,National,Men,Bolivia (Plurinational State of),2015
14.600000381469727,26,,BOL,28681,221,266,140786,29185,Total,National,Women,Bolivia (Plurinational State of),2015
3.0999999046325684,26,,BOL,28679,221,146,140785,29185,36 years and older,Rural,Both sexes,Bolivia (Plurinational State of),2015
4.099999904632568,26,13639,BOL,28679,221,265,140785,29185,36 years and older,Rural,Men,Bolivia (Plurinational State of),2015
2.200000047683716,26,13639,BOL,28679,221,266,140785,29185,36 years and older,Rural,Women,Bolivia (Plurinational State of),2015
19.399999618530273,26,,BOL,28679,221,146,140784,29185,Under 36 years old,Rural,Both sexes,Bolivia (Plurinational State of),2015
20.100000381469727,26,13639,BOL,28679,221,265,140784,29185,Under 36 years old,Rural,Men,Bolivia (Plurinational State of),2015
18.700000762939453,26,13639,BOL,28679,221,266,140784,29185,Under 36 years old,Rural,Women,Bolivia (Plurinational State of),2015
12.399999618530273,26,,BOL,28679,221,146,140786,29185,Total,Rural,Both sexes,Bolivia (Plurinational State of),2015
13.199999809265137,26,,BOL,28679,221,265,140786,29185,Total,Rural,Men,Bolivia (Plurinational State of),2015
11.600000381469727,26,,BOL,28679,221,266,140786,29185,Total,Rural,Women,Bolivia (Plurinational State of),2015
12.100000381469727,26,13639,BOL,28680,221,146,140785,29185,36 years and older,Urban,Both sexes,Bolivia (Plurinational State of),2015
13.199999809265137,26,13639,BOL,28680,221,265,140785,29185,36 years and older,Urban,Men,Bolivia (Plurinational State of),2015
10.899999618530273,26,13639,BOL,28680,221,266,140785,29185,36 years and older,Urban,Women,Bolivia (Plurinational State of),2015
45.70000076293945,26,13639,BOL,28680,221,146,140784,29185,Under 36 years old,Urban,Both sexes,Bolivia (Plurinational State of),2015
45.900001525878906,26,13639,BOL,28680,221,265,140784,29185,Under 36 years old,Urban,Men,Bolivia (Plurinational State of),2015
45.400001525878906,26,13639,BOL,28680,221,266,140784,29185,Under 36 years old,Urban,Women,Bolivia (Plurinational State of),2015
32.29999923706055,26,13639,BOL,28680,221,146,140786,29185,Total,Urban,Both sexes,Bolivia (Plurinational State of),2015
32.400001525878906,26,13639,BOL,28680,221,265,140786,29185,Total,Urban,Men,Bolivia (Plurinational State of),2015
32.29999923706055,26,13639,BOL,28680,221,266,140786,29185,Total,Urban,Women,Bolivia (Plurinational State of),2015
2.299999952316284,26,,BOL,28681,221,146,140785,29186,36 years and older,National,Both sexes,Bolivia (Plurinational State of),2016
2.700000047683716,26,13639,BOL,28681,221,265,140785,29186,36 years and older,National,Men,Bolivia (Plurinational State of),2016
2,26,13639,BOL,28681,221,266,140785,29186,36 years and older,National,Women,Bolivia (Plurinational State of),2016
16.399999618530273,26,,BOL,28681,221,146,140784,29186,Under 36 years old,National,Both sexes,Bolivia (Plurinational State of),2016
18.100000381469727,26,,BOL,28681,221,265,140784,29186,Under 36 years old,National,Men,Bolivia (Plurinational State of),2016
14.600000381469727,26,,BOL,28681,221,266,140784,29186,Under 36 years old,National,Women,Bolivia (Plurinational State of),2016
10.399999618530273,26,,BOL,28681,221,146,140786,29186,Total,National,Both sexes,Bolivia (Plurinational State of),2016
11.5,26,,BOL,28681,221,265,140786,29186,Total,National,Men,Bolivia (Plurinational State of),2016
9.199999809265137,26,,BOL,28681,221,266,140786,29186,Total,National,Women,Bolivia (Plurinational State of),2016
1.2000000476837158,26,,BOL,28679,221,146,140785,29186,36 years and older,Rural,Both sexes,Bolivia (Plurinational State of),2016
1.2999999523162842,26,13639,BOL,28679,221,265,140785,29186,36 years and older,Rural,Men,Bolivia (Plurinational State of),2016
1,26,13639,BOL,28679,221,266,140785,29186,36 years and older,Rural,Women,Bolivia (Plurinational State of),2016
13.600000381469727,26,,BOL,28679,221,146,140784,29186,Under 36 years old,Rural,Both sexes,Bolivia (Plurinational State of),2016
15.199999809265137,26,13639,BOL,28679,221,265,140784,29186,Under 36 years old,Rural,Men,Bolivia (Plurinational State of),2016
12.100000381469727,26,13639,BOL,28679,221,266,140784,29186,Under 36 years old,Rural,Women,Bolivia (Plurinational State of),2016
8.300000190734863,26,,BOL,28679,221,146,140786,29186,Total,Rural,Both sexes,Bolivia (Plurinational State of),2016
9.199999809265137,26,,BOL,28679,221,265,140786,29186,Total,Rural,Men,Bolivia (Plurinational State of),2016
7.300000190734863,26,,BOL,28679,221,266,140786,29186,Total,Rural,Women,Bolivia (Plurinational State of),2016
12,26,13639,BOL,28680,221,146,140785,29186,36 years and older,Urban,Both sexes,Bolivia (Plurinational State of),2016
13.300000190734863,26,13639,BOL,28680,221,265,140785,29186,36 years and older,Urban,Men,Bolivia (Plurinational State of),2016
10.600000381469727,26,13639,BOL,28680,221,266,140785,29186,36 years and older,Urban,Women,Bolivia (Plurinational State of),2016
36.099998474121094,26,13639,BOL,28680,221,146,140784,29186,Under 36 years old,Urban,Both sexes,Bolivia (Plurinational State of),2016
39.29999923706055,26,13639,BOL,28680,221,265,140784,29186,Under 36 years old,Urban,Men,Bolivia (Plurinational State of),2016
32.900001525878906,26,13639,BOL,28680,221,266,140784,29186,Under 36 years old,Urban,Women,Bolivia (Plurinational State of),2016
26.600000381469727,26,13639,BOL,28680,221,146,140786,29186,Total,Urban,Both sexes,Bolivia (Plurinational State of),2016
28.600000381469727,26,13639,BOL,28680,221,265,140786,29186,Total,Urban,Men,Bolivia (Plurinational State of),2016
24.399999618530273,26,13639,BOL,28680,221,266,140786,29186,Total,Urban,Women,Bolivia (Plurinational State of),2016
1.899999976158142,26,,BOL,28681,221,146,140785,29187,36 years and older,National,Both sexes,Bolivia (Plurinational State of),2017
2.0999999046325684,26,13639,BOL,28681,221,265,140785,29187,36 years and older,National,Men,Bolivia (Plurinational State of),2017
1.600000023841858,26,13639,BOL,28681,221,266,140785,29187,36 years and older,National,Women,Bolivia (Plurinational State of),2017
11.399999618530273,26,,BOL,28681,221,146,140784,29187,Under 36 years old,National,Both sexes,Bolivia (Plurinational State of),2017
12.800000190734863,26,13639,BOL,28681,221,265,140784,29187,Under 36 years old,National,Men,Bolivia (Plurinational State of),2017
10,26,13639,BOL,28681,221,266,140784,29187,Under 36 years old,National,Women,Bolivia (Plurinational State of),2017
7,26,,BOL,28681,221,146,140786,29187,Total,National,Both sexes,Bolivia (Plurinational State of),2017
7.800000190734863,26,,BOL,28681,221,265,140786,29187,Total,National,Men,Bolivia (Plurinational State of),2017
6.199999809265137,26,,BOL,28681,221,266,140786,29187,Total,National,Women,Bolivia (Plurinational State of),2017
0.8999999761581421,26,,BOL,28679,221,146,140785,29187,36 years and older,Rural,Both sexes,Bolivia (Plurinational State of),2017
1.100000023841858,26,13639,BOL,28679,221,265,140785,29187,36 years and older,Rural,Men,Bolivia (Plurinational State of),2017
0.699999988079071,26,13639,BOL,28679,221,266,140785,29187,36 years and older,Rural,Women,Bolivia (Plurinational State of),2017
9.300000190734863,26,,BOL,28679,221,146,140784,29187,Under 36 years old,Rural,Both sexes,Bolivia (Plurinational State of),2017
10.699999809265137,26,13639,BOL,28679,221,265,140784,29187,Under 36 years old,Rural,Men,Bolivia (Plurinational State of),2017
7.900000095367432,26,13639,BOL,28679,221,266,140784,29187,Under 36 years old,Rural,Women,Bolivia (Plurinational State of),2017
5.300000190734863,26,,BOL,28679,221,146,140786,29187,Total,Rural,Both sexes,Bolivia (Plurinational State of),2017
6.099999904632568,26,,BOL,28679,221,265,140786,29187,Total,Rural,Men,Bolivia (Plurinational State of),2017
4.5,26,,BOL,28679,221,266,140786,29187,Total,Rural,Women,Bolivia (Plurinational State of),2017
11.5,26,13639,BOL,28680,221,146,140785,29187,36 years and older,Urban,Both sexes,Bolivia (Plurinational State of),2017
12.100000381469727,26,13639,BOL,28680,221,265,140785,29187,36 years and older,Urban,Men,Bolivia (Plurinational State of),2017
10.800000190734863,26,13639,BOL,28680,221,266,140785,29187,36 years and older,Urban,Women,Bolivia (Plurinational State of),2017
25.600000381469727,26,13639,BOL,28680,221,146,140784,29187,Under 36 years old,Urban,Both sexes,Bolivia (Plurinational State of),2017
27.399999618530273,26,13639,BOL,28680,221,265,140784,29187,Under 36 years old,Urban,Men,Bolivia (Plurinational State of),2017
23.899999618530273,26,13639,BOL,28680,221,266,140784,29187,Under 36 years old,Urban,Women,Bolivia (Plurinational State of),2017
20.299999237060547,26,13639,BOL,28680,221,146,140786,29187,Total,Urban,Both sexes,Bolivia (Plurinational State of),2017
21.600000381469727,26,13639,BOL,28680,221,265,140786,29187,Total,Urban,Men,Bolivia (Plurinational State of),2017
19,26,13639,BOL,28680,221,266,140786,29187,Total,Urban,Women,Bolivia (Plurinational State of),2017
2.5999999046325684,26,,BOL,28681,221,146,140785,29188,36 years and older,National,Both sexes,Bolivia (Plurinational State of),2018
3.0999999046325684,26,13639,BOL,28681,221,265,140785,29188,36 years and older,National,Men,Bolivia (Plurinational State of),2018
2.0999999046325684,26,13639,BOL,28681,221,266,140785,29188,36 years and older,National,Women,Bolivia (Plurinational State of),2018
14.399999618530273,26,,BOL,28681,221,146,140784,29188,Under 36 years old,National,Both sexes,Bolivia (Plurinational State of),2018
15.899999618530273,26,13639,BOL,28681,221,265,140784,29188,Under 36 years old,National,Men,Bolivia (Plurinational State of),2018
12.899999618530273,26,13639,BOL,28681,221,266,140784,29188,Under 36 years old,National,Women,Bolivia (Plurinational State of),2018
8.899999618530273,26,,BOL,28681,221,146,140786,29188,Total,National,Both sexes,Bolivia (Plurinational State of),2018
9.899999618530273,26,,BOL,28681,221,265,140786,29188,Total,National,Men,Bolivia (Plurinational State of),2018
7.900000095367432,26,,BOL,28681,221,266,140786,29188,Total,National,Women,Bolivia (Plurinational State of),2018
1.7000000476837158,26,,BOL,28679,221,146,140785,29188,36 years and older,Rural,Both sexes,Bolivia (Plurinational State of),2018
2.200000047683716,26,13639,BOL,28679,221,265,140785,29188,36 years and older,Rural,Men,Bolivia (Plurinational State of),2018
1.2000000476837158,26,13639,BOL,28679,221,266,140785,29188,36 years and older,Rural,Women,Bolivia (Plurinational State of),2018
12.199999809265137,26,,BOL,28679,221,146,140784,29188,Under 36 years old,Rural,Both sexes,Bolivia (Plurinational State of),2018
13.899999618530273,26,13639,BOL,28679,221,265,140784,29188,Under 36 years old,Rural,Men,Bolivia (Plurinational State of),2018
10.399999618530273,26,13639,BOL,28679,221,266,140784,29188,Under 36 years old,Rural,Women,Bolivia (Plurinational State of),2018
7.199999809265137,26,,BOL,28679,221,146,140786,29188,Total,Rural,Both sexes,Bolivia (Plurinational State of),2018
8.300000190734863,26,,BOL,28679,221,265,140786,29188,Total,Rural,Men,Bolivia (Plurinational State of),2018
6,26,,BOL,28679,221,266,140786,29188,Total,Rural,Women,Bolivia (Plurinational State of),2018
10.800000190734863,26,13639,BOL,28680,221,146,140785,29188,36 years and older,Urban,Both sexes,Bolivia (Plurinational State of),2018
10.600000381469727,26,13639,BOL,28680,221,265,140785,29188,36 years and older,Urban,Men,Bolivia (Plurinational State of),2018
11.100000381469727,26,13639,BOL,28680,221,266,140785,29188,36 years and older,Urban,Women,Bolivia (Plurinational State of),2018
27.899999618530273,26,13639,BOL,28680,221,146,140784,29188,Under 36 years old,Urban,Both sexes,Bolivia (Plurinational State of),2018
27.200000762939453,26,13639,BOL,28680,221,265,140784,29188,Under 36 years old,Urban,Men,Bolivia (Plurinational State of),2018
28.600000381469727,26,13639,BOL,28680,221,266,140784,29188,Under 36 years old,Urban,Women,Bolivia (Plurinational State of),2018
21.299999237060547,26,13639,BOL,28680,221,146,140786,29188,Total,Urban,Both sexes,Bolivia (Plurinational State of),2018
20.899999618530273,26,13639,BOL,28680,221,265,140786,29188,Total,Urban,Men,Bolivia (Plurinational State of),2018
21.799999237060547,26,13639,BOL,28680,221,266,140786,29188,Total,Urban,Women,Bolivia (Plurinational State of),2018
2.200000047683716,26,,BOL,28681,221,146,140785,29189,36 years and older,National,Both sexes,Bolivia (Plurinational State of),2019
2.5999999046325684,26,13639,BOL,28681,221,265,140785,29189,36 years and older,National,Men,Bolivia (Plurinational State of),2019
1.899999976158142,26,13639,BOL,28681,221,266,140785,29189,36 years and older,National,Women,Bolivia (Plurinational State of),2019
11.800000190734863,26,,BOL,28681,221,146,140784,29189,Under 36 years old,National,Both sexes,Bolivia (Plurinational State of),2019
13,26,13639,BOL,28681,221,265,140784,29189,Under 36 years old,National,Men,Bolivia (Plurinational State of),2019
10.600000381469727,26,13639,BOL,28681,221,266,140784,29189,Under 36 years old,National,Women,Bolivia (Plurinational State of),2019
7.599999904632568,26,,BOL,28681,221,146,140786,29189,Total,National,Both sexes,Bolivia (Plurinational State of),2019
8.399999618530273,26,,BOL,28681,221,265,140786,29189,Total,National,Men,Bolivia (Plurinational State of),2019
6.699999809265137,26,,BOL,28681,221,266,140786,29189,Total,National,Women,Bolivia (Plurinational State of),2019
1.2000000476837158,26,,BOL,28679,221,146,140785,29189,36 years and older,Rural,Both sexes,Bolivia (Plurinational State of),2019
1.399999976158142,26,13639,BOL,28679,221,265,140785,29189,36 years and older,Rural,Men,Bolivia (Plurinational State of),2019
0.8999999761581421,26,13639,BOL,28679,221,266,140785,29189,36 years and older,Rural,Women,Bolivia (Plurinational State of),2019
9.199999809265137,26,,BOL,28679,221,146,140784,29189,Under 36 years old,Rural,Both sexes,Bolivia (Plurinational State of),2019
10.699999809265137,26,13639,BOL,28679,221,265,140784,29189,Under 36 years old,Rural,Men,Bolivia (Plurinational State of),2019
7.699999809265137,26,13639,BOL,28679,221,266,140784,29189,Under 36 years old,Rural,Women,Bolivia (Plurinational State of),2019
5.599999904632568,26,,BOL,28679,221,146,140786,29189,Total,Rural,Both sexes,Bolivia (Plurinational State of),2019
6.599999904632568,26,,BOL,28679,221,265,140786,29189,Total,Rural,Men,Bolivia (Plurinational State of),2019
4.599999904632568,26,,BOL,28679,221,266,140786,29189,Total,Rural,Women,Bolivia (Plurinational State of),2019
12.199999809265137,26,13639,BOL,28680,221,146,140785,29189,36 years and older,Urban,Both sexes,Bolivia (Plurinational State of),2019
12.699999809265137,26,13639,BOL,28680,221,265,140785,29189,36 years and older,Urban,Men,Bolivia (Plurinational State of),2019
11.699999809265137,26,13639,BOL,28680,221,266,140785,29189,36 years and older,Urban,Women,Bolivia (Plurinational State of),2019
29.399999618530273,26,13639,BOL,28680,221,146,140784,29189,Under 36 years old,Urban,Both sexes,Bolivia (Plurinational State of),2019
28.899999618530273,26,13639,BOL,28680,221,265,140784,29189,Under 36 years old,Urban,Men,Bolivia (Plurinational State of),2019
29.799999237060547,26,13639,BOL,28680,221,266,140784,29189,Under 36 years old,Urban,Women,Bolivia (Plurinational State of),2019
22.899999618530273,26,13639,BOL,28680,221,146,140786,29189,Total,Urban,Both sexes,Bolivia (Plurinational State of),2019
22.5,26,13639,BOL,28680,221,265,140786,29189,Total,Urban,Men,Bolivia (Plurinational State of),2019
23.299999237060547,26,13639,BOL,28680,221,266,140786,29189,Total,Urban,Women,Bolivia (Plurinational State of),2019
2.0999999046325684,26,,BOL,28681,221,146,140785,29190,36 years and older,National,Both sexes,Bolivia (Plurinational State of),2020
2.299999952316284,26,13639,BOL,28681,221,265,140785,29190,36 years and older,National,Men,Bolivia (Plurinational State of),2020
1.899999976158142,26,13639,BOL,28681,221,266,140785,29190,36 years and older,National,Women,Bolivia (Plurinational State of),2020
5.5,26,,BOL,28681,221,146,140784,29190,Under 36 years old,National,Both sexes,Bolivia (Plurinational State of),2020
5.099999904632568,26,13639,BOL,28681,221,265,140784,29190,Under 36 years old,National,Men,Bolivia (Plurinational State of),2020
5.900000095367432,26,13639,BOL,28681,221,266,140784,29190,Under 36 years old,National,Women,Bolivia (Plurinational State of),2020
3.9000000953674316,26,,BOL,28681,221,146,140786,29190,Total,National,Both sexes,Bolivia (Plurinational State of),2020
3.799999952316284,26,,BOL,28681,221,265,140786,29190,Total,National,Men,Bolivia (Plurinational State of),2020
4,26,,BOL,28681,221,266,140786,29190,Total,National,Women,Bolivia (Plurinational State of),2020
1.2000000476837158,26,,BOL,28679,221,146,140785,29190,36 years and older,Rural,Both sexes,Bolivia (Plurinational State of),2020
1.2999999523162842,26,13639,BOL,28679,221,265,140785,29190,36 years and older,Rural,Men,Bolivia (Plurinational State of),2020
1.100000023841858,26,13639,BOL,28679,221,266,140785,29190,36 years and older,Rural,Women,Bolivia (Plurinational State of),2020
3.5,26,,BOL,28679,221,146,140784,29190,Under 36 years old,Rural,Both sexes,Bolivia (Plurinational State of),2020
3.4000000953674316,26,13639,BOL,28679,221,265,140784,29190,Under 36 years old,Rural,Men,Bolivia (Plurinational State of),2020
3.5999999046325684,26,13639,BOL,28679,221,266,140784,29190,Under 36 years old,Rural,Women,Bolivia (Plurinational State of),2020
2.4000000953674316,26,,BOL,28679,221,146,140786,29190,Total,Rural,Both sexes,Bolivia (Plurinational State of),2020
2.4000000953674316,26,,BOL,28679,221,265,140786,29190,Total,Rural,Men,Bolivia (Plurinational State of),2020
2.4000000953674316,26,,BOL,28679,221,266,140786,29190,Total,Rural,Women,Bolivia (Plurinational State of),2020
12.800000190734863,26,13639,BOL,28680,221,146,140785,29190,36 years and older,Urban,Both sexes,Bolivia (Plurinational State of),2020
13.5,26,13639,BOL,28680,221,265,140785,29190,36 years and older,Urban,Men,Bolivia (Plurinational State of),2020
12.100000381469727,26,13639,BOL,28680,221,266,140785,29190,36 years and older,Urban,Women,Bolivia (Plurinational State of),2020
22.700000762939453,26,13639,BOL,28680,221,146,140784,29190,Under 36 years old,Urban,Both sexes,Bolivia (Plurinational State of),2020
20.5,26,13639,BOL,28680,221,265,140784,29190,Under 36 years old,Urban,Men,Bolivia (Plurinational State of),2020
24.799999237060547,26,13639,BOL,28680,221,266,140784,29190,Under 36 years old,Urban,Women,Bolivia (Plurinational State of),2020
18.700000762939453,26,13639,BOL,28680,221,146,140786,29190,Total,Urban,Both sexes,Bolivia (Plurinational State of),2020
17.600000381469727,26,13639,BOL,28680,221,265,140786,29190,Total,Urban,Men,Bolivia (Plurinational State of),2020
19.899999618530273,26,13639,BOL,28680,221,266,140786,29190,Total,Urban,Women,Bolivia (Plurinational State of),2020
1.399999976158142,26,,BOL,28681,221,146,140785,29191,36 years and older,National,Both sexes,Bolivia (Plurinational State of),2021
1.899999976158142,26,13639,BOL,28681,221,265,140785,29191,36 years and older,National,Men,Bolivia (Plurinational State of),2021
1,26,13639,BOL,28681,221,266,140785,29191,36 years and older,National,Women,Bolivia (Plurinational State of),2021
6.900000095367432,26,,BOL,28681,221,146,140784,29191,Under 36 years old,National,Both sexes,Bolivia (Plurinational State of),2021
6.800000190734863,26,13639,BOL,28681,221,265,140784,29191,Under 36 years old,National,Men,Bolivia (Plurinational State of),2021
7,26,13639,BOL,28681,221,266,140784,29191,Under 36 years old,National,Women,Bolivia (Plurinational State of),2021
4.5,26,,BOL,28681,221,146,140786,29191,Total,National,Both sexes,Bolivia (Plurinational State of),2021
4.599999904632568,26,,BOL,28681,221,265,140786,29191,Total,National,Men,Bolivia (Plurinational State of),2021
4.300000190734863,26,,BOL,28681,221,266,140786,29191,Total,National,Women,Bolivia (Plurinational State of),2021
0.800000011920929,26,,BOL,28679,221,146,140785,29191,36 years and older,Rural,Both sexes,Bolivia (Plurinational State of),2021
1.100000023841858,26,13639,BOL,28679,221,265,140785,29191,36 years and older,Rural,Men,Bolivia (Plurinational State of),2021
0.5,26,13639,BOL,28679,221,266,140785,29191,36 years and older,Rural,Women,Bolivia (Plurinational State of),2021
5.400000095367432,26,,BOL,28679,221,146,140784,29191,Under 36 years old,Rural,Both sexes,Bolivia (Plurinational State of),2021
5.300000190734863,26,13639,BOL,28679,221,265,140784,29191,Under 36 years old,Rural,Men,Bolivia (Plurinational State of),2021
5.5,26,13639,BOL,28679,221,266,140784,29191,Under 36 years old,Rural,Women,Bolivia (Plurinational State of),2021
3.299999952316284,26,,BOL,28679,221,146,140786,29191,Total,Rural,Both sexes,Bolivia (Plurinational State of),2021
3.4000000953674316,26,,BOL,28679,221,265,140786,29191,Total,Rural,Men,Bolivia (Plurinational State of),2021
3.200000047683716,26,,BOL,28679,221,266,140786,29191,Total,Rural,Women,Bolivia (Plurinational State of),2021
7.199999809265137,26,13639,BOL,28680,221,146,140785,29191,36 years and older,Urban,Both sexes,Bolivia (Plurinational State of),2021
9,26,13639,BOL,28680,221,265,140785,29191,36 years and older,Urban,Men,Bolivia (Plurinational State of),2021
5.400000095367432,26,13639,BOL,28680,221,266,140785,29191,36 years and older,Urban,Women,Bolivia (Plurinational State of),2021
17.100000381469727,26,13639,BOL,28680,221,146,140784,29191,Under 36 years old,Urban,Both sexes,Bolivia (Plurinational State of),2021
16.799999237060547,26,13639,BOL,28680,221,265,140784,29191,Under 36 years old,Urban,Men,Bolivia (Plurinational State of),2021
17.5,26,13639,BOL,28680,221,266,140784,29191,Under 36 years old,Urban,Women,Bolivia (Plurinational State of),2021
13.399999618530273,26,13639,BOL,28680,221,146,140786,29191,Total,Urban,Both sexes,Bolivia (Plurinational State of),2021
13.800000190734863,26,13639,BOL,28680,221,265,140786,29191,Total,Urban,Men,Bolivia (Plurinational State of),2021
12.899999618530273,26,13639,BOL,28680,221,266,140786,29191,Total,Urban,Women,Bolivia (Plurinational State of),2021
2.9000000953674316,26,,BOL,28681,221,146,140785,29192,36 years and older,National,Both sexes,Bolivia (Plurinational State of),2022
3,26,13639,BOL,28681,221,265,140785,29192,36 years and older,National,Men,Bolivia (Plurinational State of),2022
2.799999952316284,26,13639,BOL,28681,221,266,140785,29192,36 years and older,National,Women,Bolivia (Plurinational State of),2022
10.699999809265137,26,,BOL,28681,221,146,140784,29192,Under 36 years old,National,Both sexes,Bolivia (Plurinational State of),2022
10.699999809265137,26,,BOL,28681,221,265,140784,29192,Under 36 years old,National,Men,Bolivia (Plurinational State of),2022
10.699999809265137,26,13639,BOL,28681,221,266,140784,29192,Under 36 years old,National,Women,Bolivia (Plurinational State of),2022
7.300000190734863,26,,BOL,28681,221,146,140786,29192,Total,National,Both sexes,Bolivia (Plurinational State of),2022
7.400000095367432,26,,BOL,28681,221,265,140786,29192,Total,National,Men,Bolivia (Plurinational State of),2022
7.199999809265137,26,,BOL,28681,221,266,140786,29192,Total,National,Women,Bolivia (Plurinational State of),2022
1.600000023841858,26,,BOL,28679,221,146,140785,29192,36 years and older,Rural,Both sexes,Bolivia (Plurinational State of),2022
1.7000000476837158,26,13639,BOL,28679,221,265,140785,29192,36 years and older,Rural,Men,Bolivia (Plurinational State of),2022
1.600000023841858,26,13639,BOL,28679,221,266,140785,29192,36 years and older,Rural,Women,Bolivia (Plurinational State of),2022
8.399999618530273,26,,BOL,28679,221,146,140784,29192,Under 36 years old,Rural,Both sexes,Bolivia (Plurinational State of),2022
8.800000190734863,26,13639,BOL,28679,221,265,140784,29192,Under 36 years old,Rural,Men,Bolivia (Plurinational State of),2022
8.100000381469727,26,13639,BOL,28679,221,266,140784,29192,Under 36 years old,Rural,Women,Bolivia (Plurinational State of),2022
5.5,26,,BOL,28679,221,146,140786,29192,Total,Rural,Both sexes,Bolivia (Plurinational State of),2022
5.699999809265137,26,,BOL,28679,221,265,140786,29192,Total,Rural,Men,Bolivia (Plurinational State of),2022
5.199999809265137,26,,BOL,28679,221,266,140786,29192,Total,Rural,Women,Bolivia (Plurinational State of),2022
13,26,13639,BOL,28680,221,146,140785,29192,36 years and older,Urban,Both sexes,Bolivia (Plurinational State of),2022
13.600000381469727,26,13639,BOL,28680,221,265,140785,29192,36 years and older,Urban,Men,Bolivia (Plurinational State of),2022
12.399999618530273,26,13639,BOL,28680,221,266,140785,29192,36 years and older,Urban,Women,Bolivia (Plurinational State of),2022
27.600000381469727,26,13639,BOL,28680,221,146,140784,29192,Under 36 years old,Urban,Both sexes,Bolivia (Plurinational State of),2022
26.600000381469727,26,13639,BOL,28680,221,265,140784,29192,Under 36 years old,Urban,Men,Bolivia (Plurinational State of),2022
28.399999618530273,26,13639,BOL,28680,221,266,140784,29192,Under 36 years old,Urban,Women,Bolivia (Plurinational State of),2022
21.399999618530273,26,13639,BOL,28680,221,146,140786,29192,Total,Urban,Both sexes,Bolivia (Plurinational State of),2022
20.899999618530273,26,13639,BOL,28680,221,265,140786,29192,Total,Urban,Men,Bolivia (Plurinational State of),2022
21.899999618530273,26,13639,BOL,28680,221,266,140786,29192,Total,Urban,Women,Bolivia (Plurinational State of),2022
2.5999999046325684,26,,BOL,28681,221,146,140785,29193,36 years and older,National,Both sexes,Bolivia (Plurinational State of),2023
3,26,13639,BOL,28681,221,265,140785,29193,36 years and older,National,Men,Bolivia (Plurinational State of),2023
2.299999952316284,26,13639,BOL,28681,221,266,140785,29193,36 years and older,National,Women,Bolivia (Plurinational State of),2023
11.699999809265137,26,,BOL,28681,221,146,140784,29193,Under 36 years old,National,Both sexes,Bolivia (Plurinational State of),2023
10.100000381469727,26,13639,BOL,28681,221,265,140784,29193,Under 36 years old,National,Men,Bolivia (Plurinational State of),2023
13.300000190734863,26,13639,BOL,28681,221,266,140784,29193,Under 36 years old,National,Women,Bolivia (Plurinational State of),2023
7.5,26,,BOL,28681,221,146,140786,29193,Total,National,Both sexes,Bolivia (Plurinational State of),2023
6.800000190734863,26,,BOL,28681,221,265,140786,29193,Total,National,Men,Bolivia (Plurinational State of),2023
8.100000381469727,26,,BOL,28681,221,266,140786,29193,Total,National,Women,Bolivia (Plurinational State of),2023
2,26,,BOL,28679,221,146,140785,29193,36 years and older,Rural,Both sexes,Bolivia (Plurinational State of),2023
2,26,13639,BOL,28679,221,265,140785,29193,36 years and older,Rural,Men,Bolivia (Plurinational State of),2023
2,26,13639,BOL,28679,221,266,140785,29193,36 years and older,Rural,Women,Bolivia (Plurinational State of),2023
10.399999618530273,26,,BOL,28679,221,146,140784,29193,Under 36 years old,Rural,Both sexes,Bolivia (Plurinational State of),2023
8.800000190734863,26,13639,BOL,28679,221,265,140784,29193,Under 36 years old,Rural,Men,Bolivia (Plurinational State of),2023
12.100000381469727,26,13639,BOL,28679,221,266,140784,29193,Under 36 years old,Rural,Women,Bolivia (Plurinational State of),2023
6.400000095367432,26,,BOL,28679,221,146,140786,29193,Total,Rural,Both sexes,Bolivia (Plurinational State of),2023
5.599999904632568,26,,BOL,28679,221,265,140786,29193,Total,Rural,Men,Bolivia (Plurinational State of),2023
7.199999809265137,26,,BOL,28679,221,266,140786,29193,Total,Rural,Women,Bolivia (Plurinational State of),2023
7.800000190734863,26,13639,BOL,28680,221,146,140785,29193,36 years and older,Urban,Both sexes,Bolivia (Plurinational State of),2023
11,26,13639,BOL,28680,221,265,140785,29193,36 years and older,Urban,Men,Bolivia (Plurinational State of),2023
4.400000095367432,26,13639,BOL,28680,221,266,140785,29193,36 years and older,Urban,Women,Bolivia (Plurinational State of),2023
18.100000381469727,26,13639,BOL,28680,221,146,140784,29193,Under 36 years old,Urban,Both sexes,Bolivia (Plurinational State of),2023
16.399999618530273,26,13639,BOL,28680,221,265,140784,29193,Under 36 years old,Urban,Men,Bolivia (Plurinational State of),2023
19.899999618530273,26,13639,BOL,28680,221,266,140784,29193,Under 36 years old,Urban,Women,Bolivia (Plurinational State of),2023
14.300000190734863,26,13639,BOL,28680,221,146,140786,29193,Total,Urban,Both sexes,Bolivia (Plurinational State of),2023
14.399999618530273,26,13639,BOL,28680,221,265,140786,29193,Total,Urban,Men,Bolivia (Plurinational State of),2023
14.199999809265137,26,13639,BOL,28680,221,266,140786,29193,Total,Urban,Women,Bolivia (Plurinational State of),2023
2.299999952316284,26,8608,BRA,28681,222,146,140785,29171,36 years and older,National,Both sexes,Brazil,2001
2.200000047683716,26,8608,BRA,28681,222,265,140785,29171,36 years and older,National,Men,Brazil,2001
2.4000000953674316,26,8608,BRA,28681,222,266,140785,29171,36 years and older,National,Women,Brazil,2001
1.399999976158142,26,8608,BRA,28681,222,146,140784,29171,Under 36 years old,National,Both sexes,Brazil,2001
1.399999976158142,26,8608,BRA,28681,222,265,140784,29171,Under 36 years old,National,Men,Brazil,2001
1.5,26,8608,BRA,28681,222,266,140784,29171,Under 36 years old,National,Women,Brazil,2001
1.7000000476837158,26,8608,BRA,28681,222,146,140786,29171,Total,National,Both sexes,Brazil,2001
1.600000023841858,26,8608,BRA,28681,222,265,140786,29171,Total,National,Men,Brazil,2001
1.7999999523162842,26,8608,BRA,28681,222,266,140786,29171,Total,National,Women,Brazil,2001
1,26,8608,BRA,28679,222,146,140785,29171,36 years and older,Rural,Both sexes,Brazil,2001
1,26,8608,BRA,28679,222,265,140785,29171,36 years and older,Rural,Men,Brazil,2001
1,26,8608,BRA,28679,222,266,140785,29171,36 years and older,Rural,Women,Brazil,2001
0.6000000238418579,26,8608,BRA,28679,222,146,140784,29171,Under 36 years old,Rural,Both sexes,Brazil,2001
0.699999988079071,26,8608,BRA,28679,222,265,140784,29171,Under 36 years old,Rural,Men,Brazil,2001
0.6000000238418579,26,8608,BRA,28679,222,266,140784,29171,Under 36 years old,Rural,Women,Brazil,2001
0.699999988079071,26,8608,BRA,28679,222,146,140786,29171,Total,Rural,Both sexes,Brazil,2001
0.800000011920929,26,8608,BRA,28679,222,265,140786,29171,Total,Rural,Men,Brazil,2001
0.699999988079071,26,8608,BRA,28679,222,266,140786,29171,Total,Rural,Women,Brazil,2001
4.599999904632568,26,8608,BRA,28680,222,146,140785,29171,36 years and older,Urban,Both sexes,Brazil,2001
4.300000190734863,26,8608,BRA,28680,222,265,140785,29171,36 years and older,Urban,Men,Brazil,2001
4.800000190734863,26,8608,BRA,28680,222,266,140785,29171,36 years and older,Urban,Women,Brazil,2001
3,26,8608,BRA,28680,222,146,140784,29171,Under 36 years old,Urban,Both sexes,Brazil,2001
2.9000000953674316,26,8608,BRA,28680,222,265,140784,29171,Under 36 years old,Urban,Men,Brazil,2001
3.200000047683716,26,8608,BRA,28680,222,266,140784,29171,Under 36 years old,Urban,Women,Brazil,2001
3.5999999046325684,26,8608,BRA,28680,222,146,140786,29171,Total,Urban,Both sexes,Brazil,2001
3.4000000953674316,26,8608,BRA,28680,222,265,140786,29171,Total,Urban,Men,Brazil,2001
3.799999952316284,26,8608,BRA,28680,222,266,140786,29171,Total,Urban,Women,Brazil,2001
2.9000000953674316,26,8608,BRA,28681,222,146,140785,29172,36 years and older,National,Both sexes,Brazil,2002
2.700000047683716,26,8608,BRA,28681,222,265,140785,29172,36 years and older,National,Men,Brazil,2002
3.0999999046325684,26,8608,BRA,28681,222,266,140785,29172,36 years and older,National,Women,Brazil,2002
1.7999999523162842,26,8608,BRA,28681,222,146,140784,29172,Under 36 years old,National,Both sexes,Brazil,2002
1.5,26,8608,BRA,28681,222,265,140784,29172,Under 36 years old,National,Men,Brazil,2002
2.0999999046325684,26,8608,BRA,28681,222,266,140784,29172,Under 36 years old,National,Women,Brazil,2002
2.200000047683716,26,8608,BRA,28681,222,146,140786,29172,Total,National,Both sexes,Brazil,2002
1.899999976158142,26,8608,BRA,28681,222,265,140786,29172,Total,National,Men,Brazil,2002
2.5,26,8608,BRA,28681,222,266,140786,29172,Total,National,Women,Brazil,2002
1.100000023841858,26,8608,BRA,28679,222,146,140785,29172,36 years and older,Rural,Both sexes,Brazil,2002
1.100000023841858,26,8608,BRA,28679,222,265,140785,29172,36 years and older,Rural,Men,Brazil,2002
1.100000023841858,26,8608,BRA,28679,222,266,140785,29172,36 years and older,Rural,Women,Brazil,2002
0.800000011920929,26,8608,BRA,28679,222,146,140784,29172,Under 36 years old,Rural,Both sexes,Brazil,2002
0.699999988079071,26,8608,BRA,28679,222,265,140784,29172,Under 36 years old,Rural,Men,Brazil,2002
0.800000011920929,26,8608,BRA,28679,222,266,140784,29172,Under 36 years old,Rural,Women,Brazil,2002
0.8999999761581421,26,8608,BRA,28679,222,146,140786,29172,Total,Rural,Both sexes,Brazil,2002
0.8999999761581421,26,8608,BRA,28679,222,265,140786,29172,Total,Rural,Men,Brazil,2002
0.8999999761581421,26,8608,BRA,28679,222,266,140786,29172,Total,Rural,Women,Brazil,2002
6,26,8608,BRA,28680,222,146,140785,29172,36 years and older,Urban,Both sexes,Brazil,2002
5.599999904632568,26,8608,BRA,28680,222,265,140785,29172,36 years and older,Urban,Men,Brazil,2002
6.400000095367432,26,8608,BRA,28680,222,266,140785,29172,36 years and older,Urban,Women,Brazil,2002
3.700000047683716,26,8608,BRA,28680,222,146,140784,29172,Under 36 years old,Urban,Both sexes,Brazil,2002
3.0999999046325684,26,8608,BRA,28680,222,265,140784,29172,Under 36 years old,Urban,Men,Brazil,2002
4.400000095367432,26,8608,BRA,28680,222,266,140784,29172,Under 36 years old,Urban,Women,Brazil,2002
4.599999904632568,26,8608,BRA,28680,222,146,140786,29172,Total,Urban,Both sexes,Brazil,2002
4,26,8608,BRA,28680,222,265,140786,29172,Total,Urban,Men,Brazil,2002
5.199999809265137,26,8608,BRA,28680,222,266,140786,29172,Total,Urban,Women,Brazil,2002
3.0999999046325684,26,8608,BRA,28681,222,146,140785,29173,36 years and older,National,Both sexes,Brazil,2003
2.9000000953674316,26,8608,BRA,28681,222,265,140785,29173,36 years and older,National,Men,Brazil,2003
3.299999952316284,26,8608,BRA,28681,222,266,140785,29173,36 years and older,National,Women,Brazil,2003
2,26,8608,BRA,28681,222,146,140784,29173,Under 36 years old,National,Both sexes,Brazil,2003
1.899999976158142,26,8608,BRA,28681,222,265,140784,29173,Under 36 years old,National,Men,Brazil,2003
2.200000047683716,26,8608,BRA,28681,222,266,140784,29173,Under 36 years old,National,Women,Brazil,2003
2.4000000953674316,26,8608,BRA,28681,222,146,140786,29173,Total,National,Both sexes,Brazil,2003
2.299999952316284,26,8608,BRA,28681,222,265,140786,29173,Total,National,Men,Brazil,2003
2.5999999046325684,26,8608,BRA,28681,222,266,140786,29173,Total,National,Women,Brazil,2003
1.100000023841858,26,8608,BRA,28679,222,146,140785,29173,36 years and older,Rural,Both sexes,Brazil,2003
1.100000023841858,26,8608,BRA,28679,222,265,140785,29173,36 years and older,Rural,Men,Brazil,2003
1.100000023841858,26,8608,BRA,28679,222,266,140785,29173,36 years and older,Rural,Women,Brazil,2003
0.699999988079071,26,8608,BRA,28679,222,146,140784,29173,Under 36 years old,Rural,Both sexes,Brazil,2003
0.699999988079071,26,8608,BRA,28679,222,265,140784,29173,Under 36 years old,Rural,Men,Brazil,2003
0.699999988079071,26,8608,BRA,28679,222,266,140784,29173,Under 36 years old,Rural,Women,Brazil,2003
0.8999999761581421,26,8608,BRA,28679,222,146,140786,29173,Total,Rural,Both sexes,Brazil,2003
0.800000011920929,26,8608,BRA,28679,222,265,140786,29173,Total,Rural,Men,Brazil,2003
0.8999999761581421,26,8608,BRA,28679,222,266,140786,29173,Total,Rural,Women,Brazil,2003
6.400000095367432,26,8608,BRA,28680,222,146,140785,29173,36 years and older,Urban,Both sexes,Brazil,2003
6.099999904632568,26,8608,BRA,28680,222,265,140785,29173,36 years and older,Urban,Men,Brazil,2003
6.699999809265137,26,8608,BRA,28680,222,266,140785,29173,36 years and older,Urban,Women,Brazil,2003
4.400000095367432,26,8608,BRA,28680,222,146,140784,29173,Under 36 years old,Urban,Both sexes,Brazil,2003
4.099999904632568,26,8608,BRA,28680,222,265,140784,29173,Under 36 years old,Urban,Men,Brazil,2003
4.699999809265137,26,8608,BRA,28680,222,266,140784,29173,Under 36 years old,Urban,Women,Brazil,2003
5.099999904632568,26,8608,BRA,28680,222,146,140786,29173,Total,Urban,Both sexes,Brazil,2003
4.800000190734863,26,8608,BRA,28680,222,265,140786,29173,Total,Urban,Men,Brazil,2003
5.400000095367432,26,8608,BRA,28680,222,266,140786,29173,Total,Urban,Women,Brazil,2003
3.799999952316284,26,8608,BRA,28681,222,146,140785,29174,36 years and older,National,Both sexes,Brazil,2004
3.5999999046325684,26,8608,BRA,28681,222,265,140785,29174,36 years and older,National,Men,Brazil,2004
4.099999904632568,26,8608,BRA,28681,222,266,140785,29174,36 years and older,National,Women,Brazil,2004
2.5,26,8608,BRA,28681,222,146,140784,29174,Under 36 years old,National,Both sexes,Brazil,2004
2.4000000953674316,26,8608,BRA,28681,222,265,140784,29174,Under 36 years old,National,Men,Brazil,2004
2.5,26,8608,BRA,28681,222,266,140784,29174,Under 36 years old,National,Women,Brazil,2004
2.9000000953674316,26,8608,BRA,28681,222,146,140786,29174,Total,National,Both sexes,Brazil,2004
2.799999952316284,26,8608,BRA,28681,222,265,140786,29174,Total,National,Men,Brazil,2004
3.0999999046325684,26,8608,BRA,28681,222,266,140786,29174,Total,National,Women,Brazil,2004
1.5,26,8608,BRA,28679,222,146,140785,29174,36 years and older,Rural,Both sexes,Brazil,2004
1.399999976158142,26,8608,BRA,28679,222,265,140785,29174,36 years and older,Rural,Men,Brazil,2004
1.7000000476837158,26,8608,BRA,28679,222,266,140785,29174,36 years and older,Rural,Women,Brazil,2004
1,26,8608,BRA,28679,222,146,140784,29174,Under 36 years old,Rural,Both sexes,Brazil,2004
0.8999999761581421,26,8608,BRA,28679,222,265,140784,29174,Under 36 years old,Rural,Men,Brazil,2004
1,26,8608,BRA,28679,222,266,140784,29174,Under 36 years old,Rural,Women,Brazil,2004
1.100000023841858,26,8608,BRA,28679,222,146,140786,29174,Total,Rural,Both sexes,Brazil,2004
1.100000023841858,26,8608,BRA,28679,222,265,140786,29174,Total,Rural,Men,Brazil,2004
1.2000000476837158,26,8608,BRA,28679,222,266,140786,29174,Total,Rural,Women,Brazil,2004
7.900000095367432,26,8608,BRA,28680,222,146,140785,29174,36 years and older,Urban,Both sexes,Brazil,2004
7.599999904632568,26,8608,BRA,28680,222,265,140785,29174,36 years and older,Urban,Men,Brazil,2004
8.199999809265137,26,8608,BRA,28680,222,266,140785,29174,36 years and older,Urban,Women,Brazil,2004
5.5,26,8608,BRA,28680,222,146,140784,29174,Under 36 years old,Urban,Both sexes,Brazil,2004
5.5,26,8608,BRA,28680,222,265,140784,29174,Under 36 years old,Urban,Men,Brazil,2004
5.5,26,8608,BRA,28680,222,266,140784,29174,Under 36 years old,Urban,Women,Brazil,2004
6.400000095367432,26,8608,BRA,28680,222,146,140786,29174,Total,Urban,Both sexes,Brazil,2004
6.300000190734863,26,8608,BRA,28680,222,265,140786,29174,Total,Urban,Men,Brazil,2004
6.5,26,8608,BRA,28680,222,266,140786,29174,Total,Urban,Women,Brazil,2004
4.5,26,8608,BRA,28681,222,146,140785,29175,36 years and older,National,Both sexes,Brazil,2005
4.300000190734863,26,8608,BRA,28681,222,265,140785,29175,36 years and older,National,Men,Brazil,2005
4.900000095367432,26,8608,BRA,28681,222,266,140785,29175,36 years and older,National,Women,Brazil,2005
2.9000000953674316,26,8608,BRA,28681,222,146,140784,29175,Under 36 years old,National,Both sexes,Brazil,2005
2.700000047683716,26,8608,BRA,28681,222,265,140784,29175,Under 36 years old,National,Men,Brazil,2005
3.0999999046325684,26,8608,BRA,28681,222,266,140784,29175,Under 36 years old,National,Women,Brazil,2005
3.5,26,8608,BRA,28681,222,146,140786,29175,Total,National,Both sexes,Brazil,2005
3.299999952316284,26,8608,BRA,28681,222,265,140786,29175,Total,National,Men,Brazil,2005
3.799999952316284,26,8608,BRA,28681,222,266,140786,29175,Total,National,Women,Brazil,2005
1.7000000476837158,26,8608,BRA,28679,222,146,140785,29175,36 years and older,Rural,Both sexes,Brazil,2005
1.7000000476837158,26,8608,BRA,28679,222,265,140785,29175,36 years and older,Rural,Men,Brazil,2005
1.7999999523162842,26,8608,BRA,28679,222,266,140785,29175,36 years and older,Rural,Women,Brazil,2005
1.100000023841858,26,8608,BRA,28679,222,146,140784,29175,Under 36 years old,Rural,Both sexes,Brazil,2005
1,26,8608,BRA,28679,222,265,140784,29175,Under 36 years old,Rural,Men,Brazil,2005
1.100000023841858,26,8608,BRA,28679,222,266,140784,29175,Under 36 years old,Rural,Women,Brazil,2005
1.2999999523162842,26,8608,BRA,28679,222,146,140786,29175,Total,Rural,Both sexes,Brazil,2005
1.2999999523162842,26,8608,BRA,28679,222,265,140786,29175,Total,Rural,Men,Brazil,2005
1.399999976158142,26,8608,BRA,28679,222,266,140786,29175,Total,Rural,Women,Brazil,2005
9.699999809265137,26,8608,BRA,28680,222,146,140785,29175,36 years and older,Urban,Both sexes,Brazil,2005
9.199999809265137,26,8608,BRA,28680,222,265,140785,29175,36 years and older,Urban,Men,Brazil,2005
10.100000381469727,26,8608,BRA,28680,222,266,140785,29175,36 years and older,Urban,Women,Brazil,2005
6.699999809265137,26,8608,BRA,28680,222,146,140784,29175,Under 36 years old,Urban,Both sexes,Brazil,2005
6.199999809265137,26,8608,BRA,28680,222,265,140784,29175,Under 36 years old,Urban,Men,Brazil,2005
7.199999809265137,26,8608,BRA,28680,222,266,140784,29175,Under 36 years old,Urban,Women,Brazil,2005
7.800000190734863,26,8608,BRA,28680,222,146,140786,29175,Total,Urban,Both sexes,Brazil,2005
7.300000190734863,26,8608,BRA,28680,222,265,140786,29175,Total,Urban,Men,Brazil,2005
8.300000190734863,26,8608,BRA,28680,222,266,140786,29175,Total,Urban,Women,Brazil,2005
5.400000095367432,26,8608,BRA,28681,222,146,140785,29176,36 years and older,National,Both sexes,Brazil,2006
5.099999904632568,26,8608,BRA,28681,222,265,140785,29176,36 years and older,National,Men,Brazil,2006
5.800000190734863,26,8608,BRA,28681,222,266,140785,29176,36 years and older,National,Women,Brazil,2006
3.5,26,8608,BRA,28681,222,146,140784,29176,Under 36 years old,National,Both sexes,Brazil,2006
3.4000000953674316,26,8608,BRA,28681,222,265,140784,29176,Under 36 years old,National,Men,Brazil,2006
3.5999999046325684,26,8608,BRA,28681,222,266,140784,29176,Under 36 years old,National,Women,Brazil,2006
4.199999809265137,26,8608,BRA,28681,222,146,140786,29176,Total,National,Both sexes,Brazil,2006
4,26,8608,BRA,28681,222,265,140786,29176,Total,National,Men,Brazil,2006
4.400000095367432,26,8608,BRA,28681,222,266,140786,29176,Total,National,Women,Brazil,2006
2.0999999046325684,26,8608,BRA,28679,222,146,140785,29176,36 years and older,Rural,Both sexes,Brazil,2006
2,26,8608,BRA,28679,222,265,140785,29176,36 years and older,Rural,Men,Brazil,2006
2.299999952316284,26,8608,BRA,28679,222,266,140785,29176,36 years and older,Rural,Women,Brazil,2006
1.399999976158142,26,8608,BRA,28679,222,146,140784,29176,Under 36 years old,Rural,Both sexes,Brazil,2006
1.399999976158142,26,8608,BRA,28679,222,265,140784,29176,Under 36 years old,Rural,Men,Brazil,2006
1.399999976158142,26,8608,BRA,28679,222,266,140784,29176,Under 36 years old,Rural,Women,Brazil,2006
1.600000023841858,26,8608,BRA,28679,222,146,140786,29176,Total,Rural,Both sexes,Brazil,2006
1.600000023841858,26,8608,BRA,28679,222,265,140786,29176,Total,Rural,Men,Brazil,2006
1.7000000476837158,26,8608,BRA,28679,222,266,140786,29176,Total,Rural,Women,Brazil,2006
11.5,26,8608,BRA,28680,222,146,140785,29176,36 years and older,Urban,Both sexes,Brazil,2006
11,26,8608,BRA,28680,222,265,140785,29176,36 years and older,Urban,Men,Brazil,2006
12,26,8608,BRA,28680,222,266,140785,29176,36 years and older,Urban,Women,Brazil,2006
7.900000095367432,26,8608,BRA,28680,222,146,140784,29176,Under 36 years old,Urban,Both sexes,Brazil,2006
7.800000190734863,26,8608,BRA,28680,222,265,140784,29176,Under 36 years old,Urban,Men,Brazil,2006
8,26,8608,BRA,28680,222,266,140784,29176,Under 36 years old,Urban,Women,Brazil,2006
9.300000190734863,26,8608,BRA,28680,222,146,140786,29176,Total,Urban,Both sexes,Brazil,2006
9.100000381469727,26,8608,BRA,28680,222,265,140786,29176,Total,Urban,Men,Brazil,2006
9.600000381469727,26,8608,BRA,28680,222,266,140786,29176,Total,Urban,Women,Brazil,2006
7.199999809265137,26,8608,BRA,28681,222,146,140785,29177,36 years and older,National,Both sexes,Brazil,2007
6.800000190734863,26,8608,BRA,28681,222,265,140785,29177,36 years and older,National,Men,Brazil,2007
7.699999809265137,26,8608,BRA,28681,222,266,140785,29177,36 years and older,National,Women,Brazil,2007
4.900000095367432,26,8608,BRA,28681,222,146,140784,29177,Under 36 years old,National,Both sexes,Brazil,2007
4.699999809265137,26,8608,BRA,28681,222,265,140784,29177,Under 36 years old,National,Men,Brazil,2007
5.099999904632568,26,8608,BRA,28681,222,266,140784,29177,Under 36 years old,National,Women,Brazil,2007
5.800000190734863,26,8608,BRA,28681,222,146,140786,29177,Total,National,Both sexes,Brazil,2007
5.5,26,8608,BRA,28681,222,265,140786,29177,Total,National,Men,Brazil,2007
6.099999904632568,26,8608,BRA,28681,222,266,140786,29177,Total,National,Women,Brazil,2007
3.700000047683716,26,8608,BRA,28679,222,146,140785,29177,36 years and older,Rural,Both sexes,Brazil,2007
3.5999999046325684,26,8608,BRA,28679,222,265,140785,29177,36 years and older,Rural,Men,Brazil,2007
3.799999952316284,26,8608,BRA,28679,222,266,140785,29177,36 years and older,Rural,Women,Brazil,2007
2.5,26,8608,BRA,28679,222,146,140784,29177,Under 36 years old,Rural,Both sexes,Brazil,2007
2.4000000953674316,26,8608,BRA,28679,222,265,140784,29177,Under 36 years old,Rural,Men,Brazil,2007
2.5999999046325684,26,8608,BRA,28679,222,266,140784,29177,Under 36 years old,Rural,Women,Brazil,2007
2.9000000953674316,26,8608,BRA,28679,222,146,140786,29177,Total,Rural,Both sexes,Brazil,2007
2.799999952316284,26,8608,BRA,28679,222,265,140786,29177,Total,Rural,Men,Brazil,2007
3,26,8608,BRA,28679,222,266,140786,29177,Total,Rural,Women,Brazil,2007
14.100000381469727,26,8608,BRA,28680,222,146,140785,29177,36 years and older,Urban,Both sexes,Brazil,2007
13.399999618530273,26,8608,BRA,28680,222,265,140785,29177,36 years and older,Urban,Men,Brazil,2007
14.800000190734863,26,8608,BRA,28680,222,266,140785,29177,36 years and older,Urban,Women,Brazil,2007
10,26,8608,BRA,28680,222,146,140784,29177,Under 36 years old,Urban,Both sexes,Brazil,2007
9.800000190734863,26,8608,BRA,28680,222,265,140784,29177,Under 36 years old,Urban,Men,Brazil,2007
10.199999809265137,26,8608,BRA,28680,222,266,140784,29177,Under 36 years old,Urban,Women,Brazil,2007
11.600000381469727,26,8608,BRA,28680,222,146,140786,29177,Total,Urban,Both sexes,Brazil,2007
11.199999809265137,26,8608,BRA,28680,222,265,140786,29177,Total,Urban,Men,Brazil,2007
12,26,8608,BRA,28680,222,266,140786,29177,Total,Urban,Women,Brazil,2007
9.300000190734863,26,8608,BRA,28681,222,146,140785,29178,36 years and older,National,Both sexes,Brazil,2008
8.800000190734863,26,8608,BRA,28681,222,265,140785,29178,36 years and older,National,Men,Brazil,2008
9.899999618530273,26,8608,BRA,28681,222,266,140785,29178,36 years and older,National,Women,Brazil,2008
6.599999904632568,26,8608,BRA,28681,222,146,140784,29178,Under 36 years old,National,Both sexes,Brazil,2008
6.5,26,8608,BRA,28681,222,265,140784,29178,Under 36 years old,National,Men,Brazil,2008
6.800000190734863,26,8608,BRA,28681,222,266,140784,29178,Under 36 years old,National,Women,Brazil,2008
7.699999809265137,26,8608,BRA,28681,222,146,140786,29178,Total,National,Both sexes,Brazil,2008
7.400000095367432,26,8608,BRA,28681,222,265,140786,29178,Total,National,Men,Brazil,2008
8,26,8608,BRA,28681,222,266,140786,29178,Total,National,Women,Brazil,2008
5.199999809265137,26,8608,BRA,28679,222,146,140785,29178,36 years and older,Rural,Both sexes,Brazil,2008
4.900000095367432,26,8608,BRA,28679,222,265,140785,29178,36 years and older,Rural,Men,Brazil,2008
5.400000095367432,26,8608,BRA,28679,222,266,140785,29178,36 years and older,Rural,Women,Brazil,2008
3.700000047683716,26,8608,BRA,28679,222,146,140784,29178,Under 36 years old,Rural,Both sexes,Brazil,2008
3.700000047683716,26,8608,BRA,28679,222,265,140784,29178,Under 36 years old,Rural,Men,Brazil,2008
3.799999952316284,26,8608,BRA,28679,222,266,140784,29178,Under 36 years old,Rural,Women,Brazil,2008
4.300000190734863,26,8608,BRA,28679,222,146,140786,29178,Total,Rural,Both sexes,Brazil,2008
4.199999809265137,26,8608,BRA,28679,222,265,140786,29178,Total,Rural,Men,Brazil,2008
4.400000095367432,26,8608,BRA,28679,222,266,140786,29178,Total,Rural,Women,Brazil,2008
17.200000762939453,26,8608,BRA,28680,222,146,140785,29178,36 years and older,Urban,Both sexes,Brazil,2008
16.600000381469727,26,8608,BRA,28680,222,265,140785,29178,36 years and older,Urban,Men,Brazil,2008
17.899999618530273,26,8608,BRA,28680,222,266,140785,29178,36 years and older,Urban,Women,Brazil,2008
12.899999618530273,26,8608,BRA,28680,222,146,140784,29178,Under 36 years old,Urban,Both sexes,Brazil,2008
12.5,26,8608,BRA,28680,222,265,140784,29178,Under 36 years old,Urban,Men,Brazil,2008
13.300000190734863,26,8608,BRA,28680,222,266,140784,29178,Under 36 years old,Urban,Women,Brazil,2008
14.699999809265137,26,8608,BRA,28680,222,146,140786,29178,Total,Urban,Both sexes,Brazil,2008
14.199999809265137,26,8608,BRA,28680,222,265,140786,29178,Total,Urban,Men,Brazil,2008
15.199999809265137,26,8608,BRA,28680,222,266,140786,29178,Total,Urban,Women,Brazil,2008
10.5,26,8608,BRA,28681,222,146,140785,29179,36 years and older,National,Both sexes,Brazil,2009
9.800000190734863,26,8608,BRA,28681,222,265,140785,29179,36 years and older,National,Men,Brazil,2009
11.300000190734863,26,8608,BRA,28681,222,266,140785,29179,36 years and older,National,Women,Brazil,2009
7.699999809265137,26,8608,BRA,28681,222,146,140784,29179,Under 36 years old,National,Both sexes,Brazil,2009
7.400000095367432,26,8608,BRA,28681,222,265,140784,29179,Under 36 years old,National,Men,Brazil,2009
8.100000381469727,26,8608,BRA,28681,222,266,140784,29179,Under 36 years old,National,Women,Brazil,2009
8.800000190734863,26,8608,BRA,28681,222,146,140786,29179,Total,National,Both sexes,Brazil,2009
8.399999618530273,26,8608,BRA,28681,222,265,140786,29179,Total,National,Men,Brazil,2009
9.399999618530273,26,8608,BRA,28681,222,266,140786,29179,Total,National,Women,Brazil,2009
5.800000190734863,26,8608,BRA,28679,222,146,140785,29179,36 years and older,Rural,Both sexes,Brazil,2009
5.5,26,8608,BRA,28679,222,265,140785,29179,36 years and older,Rural,Men,Brazil,2009
6,26,8608,BRA,28679,222,266,140785,29179,36 years and older,Rural,Women,Brazil,2009
4.199999809265137,26,8608,BRA,28679,222,146,140784,29179,Under 36 years old,Rural,Both sexes,Brazil,2009
4,26,8608,BRA,28679,222,265,140784,29179,Under 36 years old,Rural,Men,Brazil,2009
4.5,26,8608,BRA,28679,222,266,140784,29179,Under 36 years old,Rural,Women,Brazil,2009
4.800000190734863,26,8608,BRA,28679,222,146,140786,29179,Total,Rural,Both sexes,Brazil,2009
4.599999904632568,26,8608,BRA,28679,222,265,140786,29179,Total,Rural,Men,Brazil,2009
5.099999904632568,26,8608,BRA,28679,222,266,140786,29179,Total,Rural,Women,Brazil,2009
20,26,8608,BRA,28680,222,146,140785,29179,36 years and older,Urban,Both sexes,Brazil,2009
18.799999237060547,26,8608,BRA,28680,222,265,140785,29179,36 years and older,Urban,Men,Brazil,2009
21.299999237060547,26,8608,BRA,28680,222,266,140785,29179,36 years and older,Urban,Women,Brazil,2009
15.100000381469727,26,8608,BRA,28680,222,146,140784,29179,Under 36 years old,Urban,Both sexes,Brazil,2009
14.600000381469727,26,8608,BRA,28680,222,265,140784,29179,Under 36 years old,Urban,Men,Brazil,2009
15.5,26,8608,BRA,28680,222,266,140784,29179,Under 36 years old,Urban,Women,Brazil,2009
17.100000381469727,26,8608,BRA,28680,222,146,140786,29179,Total,Urban,Both sexes,Brazil,2009
16.299999237060547,26,8608,BRA,28680,222,265,140786,29179,Total,Urban,Men,Brazil,2009
17.899999618530273,26,8608,BRA,28680,222,266,140786,29179,Total,Urban,Women,Brazil,2009
14.699999809265137,26,8608,BRA,28681,222,146,140785,29181,36 years and older,National,Both sexes,Brazil,2011
14,26,8608,BRA,28681,222,265,140785,29181,36 years and older,National,Men,Brazil,2011
15.399999618530273,26,8608,BRA,28681,222,266,140785,29181,36 years and older,National,Women,Brazil,2011
13,26,8608,BRA,28681,222,146,140784,29181,Under 36 years old,National,Both sexes,Brazil,2011
12.600000381469727,26,8608,BRA,28681,222,265,140784,29181,Under 36 years old,National,Men,Brazil,2011
13.5,26,8608,BRA,28681,222,266,140784,29181,Under 36 years old,National,Women,Brazil,2011
13.699999809265137,26,8608,BRA,28681,222,146,140786,29181,Total,National,Both sexes,Brazil,2011
13.199999809265137,26,8608,BRA,28681,222,265,140786,29181,Total,National,Men,Brazil,2011
14.300000190734863,26,8608,BRA,28681,222,266,140786,29181,Total,National,Women,Brazil,2011
8.699999809265137,26,8608,BRA,28679,222,146,140785,29181,36 years and older,Rural,Both sexes,Brazil,2011
8.300000190734863,26,8608,BRA,28679,222,265,140785,29181,36 years and older,Rural,Men,Brazil,2011
9.199999809265137,26,8608,BRA,28679,222,266,140785,29181,36 years and older,Rural,Women,Brazil,2011
7.400000095367432,26,8608,BRA,28679,222,146,140784,29181,Under 36 years old,Rural,Both sexes,Brazil,2011
7.400000095367432,26,8608,BRA,28679,222,265,140784,29181,Under 36 years old,Rural,Men,Brazil,2011
7.400000095367432,26,8608,BRA,28679,222,266,140784,29181,Under 36 years old,Rural,Women,Brazil,2011
7.900000095367432,26,8608,BRA,28679,222,146,140786,29181,Total,Rural,Both sexes,Brazil,2011
7.800000190734863,26,8608,BRA,28679,222,265,140786,29181,Total,Rural,Men,Brazil,2011
8.100000381469727,26,8608,BRA,28679,222,266,140786,29181,Total,Rural,Women,Brazil,2011
26.200000762939453,26,8608,BRA,28680,222,146,140785,29181,36 years and older,Urban,Both sexes,Brazil,2011
25.5,26,8608,BRA,28680,222,265,140785,29181,36 years and older,Urban,Men,Brazil,2011
26.899999618530273,26,8608,BRA,28680,222,266,140785,29181,36 years and older,Urban,Women,Brazil,2011
24.700000762939453,26,8608,BRA,28680,222,146,140784,29181,Under 36 years old,Urban,Both sexes,Brazil,2011
23.700000762939453,26,8608,BRA,28680,222,265,140784,29181,Under 36 years old,Urban,Men,Brazil,2011
25.799999237060547,26,8608,BRA,28680,222,266,140784,29181,Under 36 years old,Urban,Women,Brazil,2011
25.399999618530273,26,8608,BRA,28680,222,146,140786,29181,Total,Urban,Both sexes,Brazil,2011
24.5,26,8608,BRA,28680,222,265,140786,29181,Total,Urban,Men,Brazil,2011
26.299999237060547,26,8608,BRA,28680,222,266,140786,29181,Total,Urban,Women,Brazil,2011
17.799999237060547,26,8608,BRA,28681,222,146,140785,29182,36 years and older,National,Both sexes,Brazil,2012
16.899999618530273,26,8608,BRA,28681,222,265,140785,29182,36 years and older,National,Men,Brazil,2012
18.799999237060547,26,8608,BRA,28681,222,266,140785,29182,36 years and older,National,Women,Brazil,2012
15.699999809265137,26,8608,BRA,28681,222,146,140784,29182,Under 36 years old,National,Both sexes,Brazil,2012
15.199999809265137,26,8608,BRA,28681,222,265,140784,29182,Under 36 years old,National,Men,Brazil,2012
16.200000762939453,26,8608,BRA,28681,222,266,140784,29182,Under 36 years old,National,Women,Brazil,2012
16.600000381469727,26,8608,BRA,28681,222,146,140786,29182,Total,National,Both sexes,Brazil,2012
15.899999618530273,26,8608,BRA,28681,222,265,140786,29182,Total,National,Men,Brazil,2012
17.299999237060547,26,8608,BRA,28681,222,266,140786,29182,Total,National,Women,Brazil,2012
12,26,8608,BRA,28679,222,146,140785,29182,36 years and older,Rural,Both sexes,Brazil,2012
11.600000381469727,26,8608,BRA,28679,222,265,140785,29182,36 years and older,Rural,Men,Brazil,2012
12.5,26,8608,BRA,28679,222,266,140785,29182,36 years and older,Rural,Women,Brazil,2012
10.600000381469727,26,8608,BRA,28679,222,146,140784,29182,Under 36 years old,Rural,Both sexes,Brazil,2012
10.199999809265137,26,8608,BRA,28679,222,265,140784,29182,Under 36 years old,Rural,Men,Brazil,2012
11.100000381469727,26,8608,BRA,28679,222,266,140784,29182,Under 36 years old,Rural,Women,Brazil,2012
11.199999809265137,26,8608,BRA,28679,222,146,140786,29182,Total,Rural,Both sexes,Brazil,2012
10.800000190734863,26,8608,BRA,28679,222,265,140786,29182,Total,Rural,Men,Brazil,2012
11.600000381469727,26,8608,BRA,28679,222,266,140786,29182,Total,Rural,Women,Brazil,2012
29.899999618530273,26,8608,BRA,28680,222,146,140785,29182,36 years and older,Urban,Both sexes,Brazil,2012
28.5,26,8608,BRA,28680,222,265,140785,29182,36 years and older,Urban,Men,Brazil,2012
31.5,26,8608,BRA,28680,222,266,140785,29182,36 years and older,Urban,Women,Brazil,2012
27.399999618530273,26,8608,BRA,28680,222,146,140784,29182,Under 36 years old,Urban,Both sexes,Brazil,2012
26.899999618530273,26,8608,BRA,28680,222,265,140784,29182,Under 36 years old,Urban,Men,Brazil,2012
27.899999618530273,26,8608,BRA,28680,222,266,140784,29182,Under 36 years old,Urban,Women,Brazil,2012
28.5,26,8608,BRA,28680,222,146,140786,29182,Total,Urban,Both sexes,Brazil,2012
27.600000381469727,26,8608,BRA,28680,222,265,140786,29182,Total,Urban,Men,Brazil,2012
29.5,26,8608,BRA,28680,222,266,140786,29182,Total,Urban,Women,Brazil,2012
19.5,26,8608,BRA,28681,222,146,140785,29183,36 years and older,National,Both sexes,Brazil,2013
18.799999237060547,26,8608,BRA,28681,222,265,140785,29183,36 years and older,National,Men,Brazil,2013
20.299999237060547,26,8608,BRA,28681,222,266,140785,29183,36 years and older,National,Women,Brazil,2013
18.399999618530273,26,8608,BRA,28681,222,146,140784,29183,Under 36 years old,National,Both sexes,Brazil,2013
18.299999237060547,26,8608,BRA,28681,222,265,140784,29183,Under 36 years old,National,Men,Brazil,2013
18.5,26,8608,BRA,28681,222,266,140784,29183,Under 36 years old,National,Women,Brazil,2013
18.899999618530273,26,8608,BRA,28681,222,146,140786,29183,Total,National,Both sexes,Brazil,2013
18.5,26,8608,BRA,28681,222,265,140786,29183,Total,National,Men,Brazil,2013
19.299999237060547,26,8608,BRA,28681,222,266,140786,29183,Total,National,Women,Brazil,2013
13.399999618530273,26,8608,BRA,28679,222,146,140785,29183,36 years and older,Rural,Both sexes,Brazil,2013
12.899999618530273,26,8608,BRA,28679,222,265,140785,29183,36 years and older,Rural,Men,Brazil,2013
14.100000381469727,26,8608,BRA,28679,222,266,140785,29183,36 years and older,Rural,Women,Brazil,2013
12.199999809265137,26,8608,BRA,28679,222,146,140784,29183,Under 36 years old,Rural,Both sexes,Brazil,2013
12.300000190734863,26,8608,BRA,28679,222,265,140784,29183,Under 36 years old,Rural,Men,Brazil,2013
12.100000381469727,26,8608,BRA,28679,222,266,140784,29183,Under 36 years old,Rural,Women,Brazil,2013
12.699999809265137,26,8608,BRA,28679,222,146,140786,29183,Total,Rural,Both sexes,Brazil,2013
12.5,26,8608,BRA,28679,222,265,140786,29183,Total,Rural,Men,Brazil,2013
13,26,8608,BRA,28679,222,266,140786,29183,Total,Rural,Women,Brazil,2013
32.099998474121094,26,8608,BRA,28680,222,146,140785,29183,36 years and older,Urban,Both sexes,Brazil,2013
31.600000381469727,26,8608,BRA,28680,222,265,140785,29183,36 years and older,Urban,Men,Brazil,2013
32.599998474121094,26,8608,BRA,28680,222,266,140785,29183,36 years and older,Urban,Women,Brazil,2013
32.20000076293945,26,8608,BRA,28680,222,146,140784,29183,Under 36 years old,Urban,Both sexes,Brazil,2013
32.099998474121094,26,8608,BRA,28680,222,265,140784,29183,Under 36 years old,Urban,Men,Brazil,2013
23.399999618530273,26,8609,BRA,28681,222,146,140785,29188,36 years and older,National,Both sexes,Brazil,2018
22.600000381469727,26,8609,BRA,28681,222,265,140785,29188,36 years and older,National,Men,Brazil,2018
24.600000381469727,26,8609,BRA,28681,222,266,140785,29188,36 years and older,National,Women,Brazil,2018
20.299999237060547,26,8609,BRA,28681,222,146,140784,29188,Under 36 years old,National,Both sexes,Brazil,2018
19.799999237060547,26,8609,BRA,28681,222,265,140784,29188,Under 36 years old,National,Men,Brazil,2018
20.899999618530273,26,8609,BRA,28681,222,266,140784,29188,Under 36 years old,National,Women,Brazil,2018
21.600000381469727,26,8609,BRA,28681,222,146,140786,29188,Total,National,Both sexes,Brazil,2018
21,26,8609,BRA,28681,222,265,140786,29188,Total,National,Men,Brazil,2018
22.399999618530273,26,8609,BRA,28681,222,266,140786,29188,Total,National,Women,Brazil,2018
17.299999237060547,26,8609,BRA,28679,222,146,140785,29188,36 years and older,Rural,Both sexes,Brazil,2018
16.399999618530273,26,8609,BRA,28679,222,265,140785,29188,36 years and older,Rural,Men,Brazil,2018
18.299999237060547,26,8609,BRA,28679,222,266,140785,29188,36 years and older,Rural,Women,Brazil,2018
15.300000190734863,26,8609,BRA,28679,222,146,140784,29188,Under 36 years old,Rural,Both sexes,Brazil,2018
15.100000381469727,26,8609,BRA,28679,222,265,140784,29188,Under 36 years old,Rural,Men,Brazil,2018
15.600000381469727,26,8609,BRA,28679,222,266,140784,29188,Under 36 years old,Rural,Women,Brazil,2018
16.100000381469727,26,8609,BRA,28679,222,146,140786,29188,Total,Rural,Both sexes,Brazil,2018
15.699999809265137,26,8609,BRA,28679,222,265,140786,29188,Total,Rural,Men,Brazil,2018
16.700000762939453,26,8609,BRA,28679,222,266,140786,29188,Total,Rural,Women,Brazil,2018
36.70000076293945,26,8609,BRA,28680,222,146,140785,29188,36 years and older,Urban,Both sexes,Brazil,2018
36.20000076293945,26,8609,BRA,28680,222,265,140785,29188,36 years and older,Urban,Men,Brazil,2018
37.29999923706055,26,8609,BRA,28680,222,266,140785,29188,36 years and older,Urban,Women,Brazil,2018
31.5,26,8609,BRA,28680,222,146,140784,29188,Under 36 years old,Urban,Both sexes,Brazil,2018
30.5,26,8609,BRA,28680,222,265,140784,29188,Under 36 years old,Urban,Men,Brazil,2018
32.599998474121094,26,8609,BRA,28680,222,266,140784,29188,Under 36 years old,Urban,Women,Brazil,2018
33.70000076293945,26,8609,BRA,28680,222,146,140786,29188,Total,Urban,Both sexes,Brazil,2018
33,26,8609,BRA,28680,222,265,140786,29188,Total,Urban,Men,Brazil,2018
34.5,26,8609,BRA,28680,222,266,140786,29188,Total,Urban,Women,Brazil,2018
20.899999618530273,26,8609,BRA,28681,222,146,140785,29189,36 years and older,National,Both sexes,Brazil,2019
19.5,26,8609,BRA,28681,222,265,140785,29189,36 years and older,National,Men,Brazil,2019
22.700000762939453,26,8609,BRA,28681,222,266,140785,29189,36 years and older,National,Women,Brazil,2019
18.399999618530273,26,8609,BRA,28681,222,146,140784,29189,Under 36 years old,National,Both sexes,Brazil,2019
18.200000762939453,26,8609,BRA,28681,222,265,140784,29189,Under 36 years old,National,Men,Brazil,2019
18.5,26,8609,BRA,28681,222,266,140784,29189,Under 36 years old,National,Women,Brazil,2019
19.399999618530273,26,8609,BRA,28681,222,146,140786,29189,Total,National,Both sexes,Brazil,2019
18.799999237060547,26,8609,BRA,28681,222,265,140786,29189,Total,National,Men,Brazil,2019
20.200000762939453,26,8609,BRA,28681,222,266,140786,29189,Total,National,Women,Brazil,2019
15.699999809265137,26,8609,BRA,28679,222,146,140785,29189,36 years and older,Rural,Both sexes,Brazil,2019
14.800000190734863,26,8609,BRA,28679,222,265,140785,29189,36 years and older,Rural,Men,Brazil,2019
16.799999237060547,26,8609,BRA,28679,222,266,140785,29189,36 years and older,Rural,Women,Brazil,2019
13.600000381469727,26,8609,BRA,28679,222,146,140784,29189,Under 36 years old,Rural,Both sexes,Brazil,2019
13.5,26,8609,BRA,28679,222,265,140784,29189,Under 36 years old,Rural,Men,Brazil,2019
13.699999809265137,26,8609,BRA,28679,222,266,140784,29189,Under 36 years old,Rural,Women,Brazil,2019
14.5,26,8609,BRA,28679,222,146,140786,29189,Total,Rural,Both sexes,Brazil,2019
14.100000381469727,26,8609,BRA,28679,222,265,140786,29189,Total,Rural,Men,Brazil,2019
14.899999618530273,26,8609,BRA,28679,222,266,140786,29189,Total,Rural,Women,Brazil,2019
32.29999923706055,26,8609,BRA,28680,222,146,140785,29189,36 years and older,Urban,Both sexes,Brazil,2019
30.200000762939453,26,8609,BRA,28680,222,265,140785,29189,36 years and older,Urban,Men,Brazil,2019
34.79999923706055,26,"8609,13639",BRA,28680,222,266,140785,29189,36 years and older,Urban,Women,Brazil,2019
29.899999618530273,26,8609,BRA,28680,222,146,140784,29189,Under 36 years old,Urban,Both sexes,Brazil,2019
29.700000762939453,26,8609,BRA,28680,222,265,140784,29189,Under 36 years old,Urban,Men,Brazil,2019
30,26,8609,BRA,28680,222,266,140784,29189,Under 36 years old,Urban,Women,Brazil,2019
30.899999618530273,26,8609,BRA,28680,222,146,140786,29189,Total,Urban,Both sexes,Brazil,2019
29.899999618530273,26,8609,BRA,28680,222,265,140786,29189,Total,Urban,Men,Brazil,2019
32,26,8609,BRA,28680,222,266,140786,29189,Total,Urban,Women,Brazil,2019
6.699999809265137,26,,CHL,28681,224,146,140785,29170,36 years and older,National,Both sexes,Chile,2000
6.099999904632568,26,,CHL,28681,224,265,140785,29170,36 years and older,National,Men,Chile,2000
7.5,26,,CHL,28681,224,266,140785,29170,36 years and older,National,Women,Chile,2000
6.199999809265137,26,,CHL,28681,224,146,140784,29170,Under 36 years old,National,Both sexes,Chile,2000
5.699999809265137,26,,CHL,28681,224,265,140784,29170,Under 36 years old,National,Men,Chile,2000
6.800000190734863,26,,CHL,28681,224,266,140784,29170,Under 36 years old,National,Women,Chile,2000
6.400000095367432,26,,CHL,28681,224,146,140786,29170,Total,National,Both sexes,Chile,2000
5.800000190734863,26,,CHL,28681,224,265,140786,29170,Total,National,Men,Chile,2000
7,26,,CHL,28681,224,266,140786,29170,Total,National,Women,Chile,2000
2,26,,CHL,28679,224,146,140785,29170,36 years and older,Rural,Both sexes,Chile,2000
1.899999976158142,26,,CHL,28679,224,265,140785,29170,36 years and older,Rural,Men,Chile,2000
2.0999999046325684,26,,CHL,28679,224,266,140785,29170,36 years and older,Rural,Women,Chile,2000
1.600000023841858,26,,CHL,28679,224,146,140784,29170,Under 36 years old,Rural,Both sexes,Chile,2000
1.399999976158142,26,,CHL,28679,224,265,140784,29170,Under 36 years old,Rural,Men,Chile,2000
1.7000000476837158,26,,CHL,28679,224,266,140784,29170,Under 36 years old,Rural,Women,Chile,2000
1.7000000476837158,26,,CHL,28679,224,146,140786,29170,Total,Rural,Both sexes,Chile,2000
1.600000023841858,26,,CHL,28679,224,265,140786,29170,Total,Rural,Men,Chile,2000
1.899999976158142,26,,CHL,28679,224,266,140786,29170,Total,Rural,Women,Chile,2000
15,26,,CHL,28680,224,146,140785,29170,36 years and older,Urban,Both sexes,Chile,2000
14,26,,CHL,28680,224,265,140785,29170,36 years and older,Urban,Men,Chile,2000
16.200000762939453,26,,CHL,28680,224,266,140785,29170,36 years and older,Urban,Women,Chile,2000
13.100000381469727,26,,CHL,28680,224,146,140784,29170,Under 36 years old,Urban,Both sexes,Chile,2000
12,26,,CHL,28680,224,265,140784,29170,Under 36 years old,Urban,Men,Chile,2000
14.199999809265137,26,,CHL,28680,224,266,140784,29170,Under 36 years old,Urban,Women,Chile,2000
13.800000190734863,26,,CHL,28680,224,146,140786,29170,Total,Urban,Both sexes,Chile,2000
12.800000190734863,26,,CHL,28680,224,265,140786,29170,Total,Urban,Men,Chile,2000
14.899999618530273,26,,CHL,28680,224,266,140786,29170,Total,Urban,Women,Chile,2000
9.699999809265137,26,,CHL,28681,224,146,140785,29173,36 years and older,National,Both sexes,Chile,2003
9.100000381469727,26,,CHL,28681,224,265,140785,29173,36 years and older,National,Men,Chile,2003
10.399999618530273,26,,CHL,28681,224,266,140785,29173,36 years and older,National,Women,Chile,2003
8.600000381469727,26,,CHL,28681,224,146,140784,29173,Under 36 years old,National,Both sexes,Chile,2003
32.29999923706055,26,8608,BRA,28680,222,266,140784,29183,Under 36 years old,Urban,Women,Brazil,2013
32.099998474121094,26,8608,BRA,28680,222,146,140786,29183,Total,Urban,Both sexes,Brazil,2013
31.899999618530273,26,8608,BRA,28680,222,265,140786,29183,Total,Urban,Men,Brazil,2013
32.400001525878906,26,8608,BRA,28680,222,266,140786,29183,Total,Urban,Women,Brazil,2013
20.799999237060547,26,8608,BRA,28681,222,146,140785,29184,36 years and older,National,Both sexes,Brazil,2014
19.700000762939453,26,8608,BRA,28681,222,265,140785,29184,36 years and older,National,Men,Brazil,2014
21.899999618530273,26,8608,BRA,28681,222,266,140785,29184,36 years and older,National,Women,Brazil,2014
20,26,8608,BRA,28681,222,146,140784,29184,Under 36 years old,National,Both sexes,Brazil,2014
19.299999237060547,26,8608,BRA,28681,222,265,140784,29184,Under 36 years old,National,Men,Brazil,2014
20.799999237060547,26,8608,BRA,28681,222,266,140784,29184,Under 36 years old,National,Women,Brazil,2014
20.399999618530273,26,8608,BRA,28681,222,146,140786,29184,Total,National,Both sexes,Brazil,2014
19.5,26,8608,BRA,28681,222,265,140786,29184,Total,National,Men,Brazil,2014
21.299999237060547,26,8608,BRA,28681,222,266,140786,29184,Total,National,Women,Brazil,2014
14.300000190734863,26,8608,BRA,28679,222,146,140785,29184,36 years and older,Rural,Both sexes,Brazil,2014
13.600000381469727,26,8608,BRA,28679,222,265,140785,29184,36 years and older,Rural,Men,Brazil,2014
15.199999809265137,26,8608,BRA,28679,222,266,140785,29184,36 years and older,Rural,Women,Brazil,2014
13.800000190734863,26,8608,BRA,28679,222,146,140784,29184,Under 36 years old,Rural,Both sexes,Brazil,2014
13.300000190734863,26,8608,BRA,28679,222,265,140784,29184,Under 36 years old,Rural,Men,Brazil,2014
14.399999618530273,26,8608,BRA,28679,222,266,140784,29184,Under 36 years old,Rural,Women,Brazil,2014
14.100000381469727,26,8608,BRA,28679,222,146,140786,29184,Total,Rural,Both sexes,Brazil,2014
13.399999618530273,26,8608,BRA,28679,222,265,140786,29184,Total,Rural,Men,Brazil,2014
14.800000190734863,26,8608,BRA,28679,222,266,140786,29184,Total,Rural,Women,Brazil,2014
33.79999923706055,26,8608,BRA,28680,222,146,140785,29184,36 years and older,Urban,Both sexes,Brazil,2014
32.70000076293945,26,8608,BRA,28680,222,265,140785,29184,36 years and older,Urban,Men,Brazil,2014
34.900001525878906,26,8608,BRA,28680,222,266,140785,29184,36 years and older,Urban,Women,Brazil,2014
33.5,26,8608,BRA,28680,222,146,140784,29184,Under 36 years old,Urban,Both sexes,Brazil,2014
32.70000076293945,26,8608,BRA,28680,222,265,140784,29184,Under 36 years old,Urban,Men,Brazil,2014
34.400001525878906,26,8608,BRA,28680,222,266,140784,29184,Under 36 years old,Urban,Women,Brazil,2014
33.599998474121094,26,8608,BRA,28680,222,146,140786,29184,Total,Urban,Both sexes,Brazil,2014
32.70000076293945,26,8608,BRA,28680,222,265,140786,29184,Total,Urban,Men,Brazil,2014
34.599998474121094,26,8608,BRA,28680,222,266,140786,29184,Total,Urban,Women,Brazil,2014
19.700000762939453,26,8608,BRA,28681,222,146,140785,29185,36 years and older,National,Both sexes,Brazil,2015
18.899999618530273,26,8608,BRA,28681,222,265,140785,29185,36 years and older,National,Men,Brazil,2015
20.700000762939453,26,8608,BRA,28681,222,266,140785,29185,36 years and older,National,Women,Brazil,2015
18,26,8608,BRA,28681,222,146,140784,29185,Under 36 years old,National,Both sexes,Brazil,2015
17.200000762939453,26,8608,BRA,28681,222,265,140784,29185,Under 36 years old,National,Men,Brazil,2015
18.899999618530273,26,8608,BRA,28681,222,266,140784,29185,Under 36 years old,National,Women,Brazil,2015
18.799999237060547,26,8608,BRA,28681,222,146,140786,29185,Total,National,Both sexes,Brazil,2015
18,26,8608,BRA,28681,222,265,140786,29185,Total,National,Men,Brazil,2015
19.700000762939453,26,8608,BRA,28681,222,266,140786,29185,Total,National,Women,Brazil,2015
13.800000190734863,26,8608,BRA,28679,222,146,140785,29185,36 years and older,Rural,Both sexes,Brazil,2015
13.300000190734863,26,8608,BRA,28679,222,265,140785,29185,36 years and older,Rural,Men,Brazil,2015
14.399999618530273,26,8608,BRA,28679,222,266,140785,29185,36 years and older,Rural,Women,Brazil,2015
12.800000190734863,26,8608,BRA,28679,222,146,140784,29185,Under 36 years old,Rural,Both sexes,Brazil,2015
12.300000190734863,26,8608,BRA,28679,222,265,140784,29185,Under 36 years old,Rural,Men,Brazil,2015
13.399999618530273,26,8608,BRA,28679,222,266,140784,29185,Under 36 years old,Rural,Women,Brazil,2015
13.300000190734863,26,8608,BRA,28679,222,146,140786,29185,Total,Rural,Both sexes,Brazil,2015
12.800000190734863,26,8608,BRA,28679,222,265,140786,29185,Total,Rural,Men,Brazil,2015
13.899999618530273,26,8608,BRA,28679,222,266,140786,29185,Total,Rural,Women,Brazil,2015
32.79999923706055,26,8608,BRA,28680,222,146,140785,29185,36 years and older,Urban,Both sexes,Brazil,2015
31.700000762939453,26,8608,BRA,28680,222,265,140785,29185,36 years and older,Urban,Men,Brazil,2015
34,26,8608,BRA,28680,222,266,140785,29185,36 years and older,Urban,Women,Brazil,2015
31.200000762939453,26,8608,BRA,28680,222,146,140784,29185,Under 36 years old,Urban,Both sexes,Brazil,2015
30.200000762939453,26,8608,BRA,28680,222,265,140784,29185,Under 36 years old,Urban,Men,Brazil,2015
32.20000076293945,26,8608,BRA,28680,222,266,140784,29185,Under 36 years old,Urban,Women,Brazil,2015
32,26,8608,BRA,28680,222,146,140786,29185,Total,Urban,Both sexes,Brazil,2015
30.899999618530273,26,8608,BRA,28680,222,265,140786,29185,Total,Urban,Men,Brazil,2015
33,26,8608,BRA,28680,222,266,140786,29185,Total,Urban,Women,Brazil,2015
23.600000381469727,26,8609,BRA,28681,222,146,140785,29186,36 years and older,National,Both sexes,Brazil,2016
22.100000381469727,26,8609,BRA,28681,222,265,140785,29186,36 years and older,National,Men,Brazil,2016
25.399999618530273,26,8609,BRA,28681,222,266,140785,29186,36 years and older,National,Women,Brazil,2016
20.600000381469727,26,8609,BRA,28681,222,146,140784,29186,Under 36 years old,National,Both sexes,Brazil,2016
20.299999237060547,26,8609,BRA,28681,222,265,140784,29186,Under 36 years old,National,Men,Brazil,2016
21,26,8609,BRA,28681,222,266,140784,29186,Under 36 years old,National,Women,Brazil,2016
21.799999237060547,26,8609,BRA,28681,222,146,140786,29186,Total,National,Both sexes,Brazil,2016
21.100000381469727,26,8609,BRA,28681,222,265,140786,29186,Total,National,Men,Brazil,2016
22.700000762939453,26,8609,BRA,28681,222,266,140786,29186,Total,National,Women,Brazil,2016
17.399999618530273,26,8609,BRA,28679,222,146,140785,29186,36 years and older,Rural,Both sexes,Brazil,2016
16.299999237060547,26,8609,BRA,28679,222,265,140785,29186,36 years and older,Rural,Men,Brazil,2016
19,26,8609,BRA,28679,222,266,140785,29186,36 years and older,Rural,Women,Brazil,2016
14.699999809265137,26,8609,BRA,28679,222,146,140784,29186,Under 36 years old,Rural,Both sexes,Brazil,2016
14.899999618530273,26,8609,BRA,28679,222,265,140784,29186,Under 36 years old,Rural,Men,Brazil,2016
14.5,26,8609,BRA,28679,222,266,140784,29186,Under 36 years old,Rural,Women,Brazil,2016
15.800000190734863,26,8609,BRA,28679,222,146,140786,29186,Total,Rural,Both sexes,Brazil,2016
15.5,26,8609,BRA,28679,222,265,140786,29186,Total,Rural,Men,Brazil,2016
16.100000381469727,26,8609,BRA,28679,222,266,140786,29186,Total,Rural,Women,Brazil,2016
36,26,8609,BRA,28680,222,146,140785,29186,36 years and older,Urban,Both sexes,Brazil,2016
34.400001525878906,26,8609,BRA,28680,222,265,140785,29186,36 years and older,Urban,Men,Brazil,2016
37.900001525878906,26,8609,BRA,28680,222,266,140785,29186,36 years and older,Urban,Women,Brazil,2016
34.599998474121094,26,8609,BRA,28680,222,146,140784,29186,Under 36 years old,Urban,Both sexes,Brazil,2016
33.400001525878906,26,8609,BRA,28680,222,265,140784,29186,Under 36 years old,Urban,Men,Brazil,2016
35.900001525878906,26,8609,BRA,28680,222,266,140784,29186,Under 36 years old,Urban,Women,Brazil,2016
35.20000076293945,26,8609,BRA,28680,222,146,140786,29186,Total,Urban,Both sexes,Brazil,2016
33.79999923706055,26,8609,BRA,28680,222,265,140786,29186,Total,Urban,Men,Brazil,2016
36.70000076293945,26,8609,BRA,28680,222,266,140786,29186,Total,Urban,Women,Brazil,2016
22.5,26,8609,BRA,28681,222,146,140785,29187,36 years and older,National,Both sexes,Brazil,2017
21.100000381469727,26,8609,BRA,28681,222,265,140785,29187,36 years and older,National,Men,Brazil,2017
24.299999237060547,26,8609,BRA,28681,222,266,140785,29187,36 years and older,National,Women,Brazil,2017
20,26,8609,BRA,28681,222,146,140784,29187,Under 36 years old,National,Both sexes,Brazil,2017
19.700000762939453,26,8609,BRA,28681,222,265,140784,29187,Under 36 years old,National,Men,Brazil,2017
20.399999618530273,26,8609,BRA,28681,222,266,140784,29187,Under 36 years old,National,Women,Brazil,2017
21.100000381469727,26,8609,BRA,28681,222,146,140786,29187,Total,National,Both sexes,Brazil,2017
20.299999237060547,26,8609,BRA,28681,222,265,140786,29187,Total,National,Men,Brazil,2017
21.899999618530273,26,8609,BRA,28681,222,266,140786,29187,Total,National,Women,Brazil,2017
17,26,8609,BRA,28679,222,146,140785,29187,36 years and older,Rural,Both sexes,Brazil,2017
15.800000190734863,26,8609,BRA,28679,222,265,140785,29187,36 years and older,Rural,Men,Brazil,2017
18.600000381469727,26,8609,BRA,28679,222,266,140785,29187,36 years and older,Rural,Women,Brazil,2017
14.899999618530273,26,8609,BRA,28679,222,146,140784,29187,Under 36 years old,Rural,Both sexes,Brazil,2017
14.800000190734863,26,8609,BRA,28679,222,265,140784,29187,Under 36 years old,Rural,Men,Brazil,2017
15.100000381469727,26,8609,BRA,28679,222,266,140784,29187,Under 36 years old,Rural,Women,Brazil,2017
15.800000190734863,26,8609,BRA,28679,222,146,140786,29187,Total,Rural,Both sexes,Brazil,2017
15.300000190734863,26,8609,BRA,28679,222,265,140786,29187,Total,Rural,Men,Brazil,2017
16.399999618530273,26,8609,BRA,28679,222,266,140786,29187,Total,Rural,Women,Brazil,2017
34.20000076293945,26,8609,BRA,28680,222,146,140785,29187,36 years and older,Urban,Both sexes,Brazil,2017
32.79999923706055,26,8609,BRA,28680,222,265,140785,29187,36 years and older,Urban,Men,Brazil,2017
36,26,"8609,13639",BRA,28680,222,266,140785,29187,36 years and older,Urban,Women,Brazil,2017
31.299999237060547,26,8609,BRA,28680,222,146,140784,29187,Under 36 years old,Urban,Both sexes,Brazil,2017
30.899999618530273,26,8609,BRA,28680,222,265,140784,29187,Under 36 years old,Urban,Men,Brazil,2017
31.700000762939453,26,8609,BRA,28680,222,266,140784,29187,Under 36 years old,Urban,Women,Brazil,2017
32.5,26,8609,BRA,28680,222,146,140786,29187,Total,Urban,Both sexes,Brazil,2017
31.700000762939453,26,8609,BRA,28680,222,265,140786,29187,Total,Urban,Men,Brazil,2017
33.400001525878906,26,8609,BRA,28680,222,266,140786,29187,Total,Urban,Women,Brazil,2017
8.600000381469727,26,,CHL,28681,224,265,140784,29173,Under 36 years old,National,Men,Chile,2003
8.600000381469727,26,,CHL,28681,224,266,140784,29173,Under 36 years old,National,Women,Chile,2003
9,26,,CHL,28681,224,146,140786,29173,Total,National,Both sexes,Chile,2003
8.800000190734863,26,,CHL,28681,224,265,140786,29173,Total,National,Men,Chile,2003
9.300000190734863,26,,CHL,28681,224,266,140786,29173,Total,National,Women,Chile,2003
3.5,26,,CHL,28679,224,146,140785,29173,36 years and older,Rural,Both sexes,Chile,2003
3.299999952316284,26,,CHL,28679,224,265,140785,29173,36 years and older,Rural,Men,Chile,2003
3.799999952316284,26,,CHL,28679,224,266,140785,29173,36 years and older,Rural,Women,Chile,2003
3.0999999046325684,26,,CHL,28679,224,146,140784,29173,Under 36 years old,Rural,Both sexes,Chile,2003
3,26,,CHL,28679,224,265,140784,29173,Under 36 years old,Rural,Men,Chile,2003
3.299999952316284,26,,CHL,28679,224,266,140784,29173,Under 36 years old,Rural,Women,Chile,2003
3.299999952316284,26,,CHL,28679,224,146,140786,29173,Total,Rural,Both sexes,Chile,2003
3.0999999046325684,26,,CHL,28679,224,265,140786,29173,Total,Rural,Men,Chile,2003
3.5,26,,CHL,28679,224,266,140786,29173,Total,Rural,Women,Chile,2003
19,26,,CHL,28680,224,146,140785,29173,36 years and older,Urban,Both sexes,Chile,2003
18.299999237060547,26,,CHL,28680,224,265,140785,29173,36 years and older,Urban,Men,Chile,2003
19.799999237060547,26,,CHL,28680,224,266,140785,29173,36 years and older,Urban,Women,Chile,2003
15.899999618530273,26,,CHL,28680,224,146,140784,29173,Under 36 years old,Urban,Both sexes,Chile,2003
16.100000381469727,26,,CHL,28680,224,265,140784,29173,Under 36 years old,Urban,Men,Chile,2003
15.699999809265137,26,,CHL,28680,224,266,140784,29173,Under 36 years old,Urban,Women,Chile,2003
17,26,,CHL,28680,224,146,140786,29173,Total,Urban,Both sexes,Chile,2003
16.899999618530273,26,,CHL,28680,224,265,140786,29173,Total,Urban,Men,Chile,2003
17.200000762939453,26,,CHL,28680,224,266,140786,29173,Total,Urban,Women,Chile,2003
15.600000381469727,26,,CHL,28681,224,146,140785,29176,36 years and older,National,Both sexes,Chile,2006
14.399999618530273,26,,CHL,28681,224,265,140785,29176,36 years and older,National,Men,Chile,2006
17.100000381469727,26,,CHL,28681,224,266,140785,29176,36 years and older,National,Women,Chile,2006
15.800000190734863,26,,CHL,28681,224,146,140784,29176,Under 36 years old,National,Both sexes,Chile,2006
15.600000381469727,26,,CHL,28681,224,265,140784,29176,Under 36 years old,National,Men,Chile,2006
15.899999618530273,26,,CHL,28681,224,266,140784,29176,Under 36 years old,National,Women,Chile,2006
15.699999809265137,26,,CHL,28681,224,146,140786,29176,Total,National,Both sexes,Chile,2006
15.100000381469727,26,,CHL,28681,224,265,140786,29176,Total,National,Men,Chile,2006
16.399999618530273,26,,CHL,28681,224,266,140786,29176,Total,National,Women,Chile,2006
9,26,,CHL,28679,224,146,140785,29176,36 years and older,Rural,Both sexes,Chile,2006
8.300000190734863,26,,CHL,28679,224,265,140785,29176,36 years and older,Rural,Men,Chile,2006
9.800000190734863,26,,CHL,28679,224,266,140785,29176,36 years and older,Rural,Women,Chile,2006
9,26,,CHL,28679,224,146,140784,29176,Under 36 years old,Rural,Both sexes,Chile,2006
8.699999809265137,26,,CHL,28679,224,265,140784,29176,Under 36 years old,Rural,Men,Chile,2006
9.300000190734863,26,,CHL,28679,224,266,140784,29176,Under 36 years old,Rural,Women,Chile,2006
9,26,,CHL,28679,224,146,140786,29176,Total,Rural,Both sexes,Chile,2006
8.5,26,,CHL,28679,224,265,140786,29176,Total,Rural,Men,Chile,2006
9.5,26,,CHL,28679,224,266,140786,29176,Total,Rural,Women,Chile,2006
24.5,26,,CHL,28680,224,146,140785,29176,36 years and older,Urban,Both sexes,Chile,2006
23.100000381469727,26,,CHL,28680,224,265,140785,29176,36 years and older,Urban,Men,Chile,2006
26.100000381469727,26,,CHL,28680,224,266,140785,29176,36 years and older,Urban,Women,Chile,2006
23.5,26,,CHL,28680,224,146,140784,29176,Under 36 years old,Urban,Both sexes,Chile,2006
23.399999618530273,26,,CHL,28680,224,265,140784,29176,Under 36 years old,Urban,Men,Chile,2006
23.700000762939453,26,,CHL,28680,224,266,140784,29176,Under 36 years old,Urban,Women,Chile,2006
23.899999618530273,26,,CHL,28680,224,146,140786,29176,Total,Urban,Both sexes,Chile,2006
23.200000762939453,26,,CHL,28680,224,265,140786,29176,Total,Urban,Men,Chile,2006
24.600000381469727,26,,CHL,28680,224,266,140786,29176,Total,Urban,Women,Chile,2006
24.899999618530273,26,,CHL,28681,224,146,140785,29179,36 years and older,National,Both sexes,Chile,2009
23.399999618530273,26,,CHL,28681,224,265,140785,29179,36 years and older,National,Men,Chile,2009
26.799999237060547,26,,CHL,28681,224,266,140785,29179,36 years and older,National,Women,Chile,2009
28.100000381469727,26,,CHL,28681,224,146,140784,29179,Under 36 years old,National,Both sexes,Chile,2009
27.799999237060547,26,,CHL,28681,224,265,140784,29179,Under 36 years old,National,Men,Chile,2009
28.299999237060547,26,,CHL,28681,224,266,140784,29179,Under 36 years old,National,Women,Chile,2009
26.700000762939453,26,,CHL,28681,224,146,140786,29179,Total,National,Both sexes,Chile,2009
25.799999237060547,26,,CHL,28681,224,265,140786,29179,Total,National,Men,Chile,2009
27.700000762939453,26,,CHL,28681,224,266,140786,29179,Total,National,Women,Chile,2009
16,26,,CHL,28679,224,146,140785,29179,36 years and older,Rural,Both sexes,Chile,2009
15.100000381469727,26,,CHL,28679,224,265,140785,29179,36 years and older,Rural,Men,Chile,2009
17.200000762939453,26,,CHL,28679,224,266,140785,29179,36 years and older,Rural,Women,Chile,2009
18.100000381469727,26,,CHL,28679,224,146,140784,29179,Under 36 years old,Rural,Both sexes,Chile,2009
18.299999237060547,26,,CHL,28679,224,265,140784,29179,Under 36 years old,Rural,Men,Chile,2009
17.799999237060547,26,,CHL,28679,224,266,140784,29179,Under 36 years old,Rural,Women,Chile,2009
17.100000381469727,26,,CHL,28679,224,146,140786,29179,Total,Rural,Both sexes,Chile,2009
16.799999237060547,26,,CHL,28679,224,265,140786,29179,Total,Rural,Men,Chile,2009
17.600000381469727,26,,CHL,28679,224,266,140786,29179,Total,Rural,Women,Chile,2009
35.599998474121094,26,,CHL,28680,224,146,140785,29179,36 years and older,Urban,Both sexes,Chile,2009
34,26,,CHL,28680,224,265,140785,29179,36 years and older,Urban,Men,Chile,2009
37.400001525878906,26,,CHL,28680,224,266,140785,29179,36 years and older,Urban,Women,Chile,2009
38.900001525878906,26,,CHL,28680,224,146,140784,29179,Under 36 years old,Urban,Both sexes,Chile,2009
38.20000076293945,26,,CHL,28680,224,265,140784,29179,Under 36 years old,Urban,Men,Chile,2009
39.599998474121094,26,,CHL,28680,224,266,140784,29179,Under 36 years old,Urban,Women,Chile,2009
37.5,26,,CHL,28680,224,146,140786,29179,Total,Urban,Both sexes,Chile,2009
36.400001525878906,26,,CHL,28680,224,265,140786,29179,Total,Urban,Men,Chile,2009
38.70000076293945,26,,CHL,28680,224,266,140786,29179,Total,Urban,Women,Chile,2009
33.70000076293945,26,,CHL,28681,224,146,140785,29181,36 years and older,National,Both sexes,Chile,2011
32,26,,CHL,28681,224,265,140785,29181,36 years and older,National,Men,Chile,2011
35.70000076293945,26,,CHL,28681,224,266,140785,29181,36 years and older,National,Women,Chile,2011
38.20000076293945,26,,CHL,28681,224,146,140784,29181,Under 36 years old,National,Both sexes,Chile,2011
37.5,26,,CHL,28681,224,265,140784,29181,Under 36 years old,National,Men,Chile,2011
38.900001525878906,26,,CHL,28681,224,266,140784,29181,Under 36 years old,National,Women,Chile,2011
36.099998474121094,26,,CHL,28681,224,146,140786,29181,Total,National,Both sexes,Chile,2011
34.900001525878906,26,,CHL,28681,224,265,140786,29181,Total,National,Men,Chile,2011
37.5,26,,CHL,28681,224,266,140786,29181,Total,National,Women,Chile,2011
25.399999618530273,26,,CHL,28679,224,146,140785,29181,36 years and older,Rural,Both sexes,Chile,2011
23.799999237060547,26,,CHL,28679,224,265,140785,29181,36 years and older,Rural,Men,Chile,2011
27.600000381469727,26,,CHL,28679,224,266,140785,29181,36 years and older,Rural,Women,Chile,2011
30.899999618530273,26,,CHL,28679,224,146,140784,29181,Under 36 years old,Rural,Both sexes,Chile,2011
29.899999618530273,26,,CHL,28679,224,265,140784,29181,Under 36 years old,Rural,Men,Chile,2011
31.899999618530273,26,,CHL,28679,224,266,140784,29181,Under 36 years old,Rural,Women,Chile,2011
28.299999237060547,26,,CHL,28679,224,146,140786,29181,Total,Rural,Both sexes,Chile,2011
26.899999618530273,26,,CHL,28679,224,265,140786,29181,Total,Rural,Men,Chile,2011
30,26,,CHL,28679,224,266,140786,29181,Total,Rural,Women,Chile,2011
46.599998474121094,26,,CHL,28680,224,146,140785,29181,36 years and older,Urban,Both sexes,Chile,2011
45.79999923706055,26,13639,CHL,28680,224,265,140785,29181,36 years and older,Urban,Men,Chile,2011
47.5,26,13639,CHL,28680,224,266,140785,29181,36 years and older,Urban,Women,Chile,2011
48,26,,CHL,28680,224,146,140784,29181,Under 36 years old,Urban,Both sexes,Chile,2011
48,26,,CHL,28680,224,265,140784,29181,Under 36 years old,Urban,Men,Chile,2011
48.099998474121094,26,,CHL,28680,224,266,140784,29181,Under 36 years old,Urban,Women,Chile,2011
47.400001525878906,26,,CHL,28680,224,146,140786,29181,Total,Urban,Both sexes,Chile,2011
47,26,,CHL,28680,224,265,140786,29181,Total,Urban,Men,Chile,2011
47.79999923706055,26,,CHL,28680,224,266,140786,29181,Total,Urban,Women,Chile,2011
39.20000076293945,26,,CHL,28681,224,146,140785,29183,36 years and older,National,Both sexes,Chile,2013
37.099998474121094,26,,CHL,28681,224,265,140785,29183,36 years and older,National,Men,Chile,2013
41.79999923706055,26,,CHL,28681,224,266,140785,29183,36 years and older,National,Women,Chile,2013
49.29999923706055,26,,CHL,28681,224,146,140784,29183,Under 36 years old,National,Both sexes,Chile,2013
48.29999923706055,26,,CHL,28681,224,265,140784,29183,Under 36 years old,National,Men,Chile,2013
50.5,26,,CHL,28681,224,266,140784,29183,Under 36 years old,National,Women,Chile,2013
44.599998474121094,26,,CHL,28681,224,146,140786,29183,Total,National,Both sexes,Chile,2013
42.900001525878906,26,,CHL,28681,224,265,140786,29183,Total,National,Men,Chile,2013
46.5,26,,CHL,28681,224,266,140786,29183,Total,National,Women,Chile,2013
30.600000381469727,26,,CHL,28679,224,146,140785,29183,36 years and older,Rural,Both sexes,Chile,2013
29,26,,CHL,28679,224,265,140785,29183,36 years and older,Rural,Men,Chile,2013
32.599998474121094,26,,CHL,28679,224,266,140785,29183,36 years and older,Rural,Women,Chile,2013
39.400001525878906,26,,CHL,28679,224,146,140784,29183,Under 36 years old,Rural,Both sexes,Chile,2013
38.5,26,,CHL,28679,224,265,140784,29183,Under 36 years old,Rural,Men,Chile,2013
40.5,26,,CHL,28679,224,266,140784,29183,Under 36 years old,Rural,Women,Chile,2013
35.099998474121094,26,,CHL,28679,224,146,140786,29183,Total,Rural,Both sexes,Chile,2013
33.70000076293945,26,,CHL,28679,224,265,140786,29183,Total,Rural,Men,Chile,2013
36.70000076293945,26,,CHL,28679,224,266,140786,29183,Total,Rural,Women,Chile,2013
52.79999923706055,26,,CHL,28680,224,146,140785,29183,36 years and older,Urban,Both sexes,Chile,2013
50.29999923706055,26,,CHL,28680,224,265,140785,29183,36 years and older,Urban,Men,Chile,2013
55.5,26,,CHL,28680,224,266,140785,29183,36 years and older,Urban,Women,Chile,2013
61.599998474121094,26,,CHL,28680,224,146,140784,29183,Under 36 years old,Urban,Both sexes,Chile,2013
61,26,,CHL,28680,224,265,140784,29183,Under 36 years old,Urban,Men,Chile,2013
62.29999923706055,26,,CHL,28680,224,266,140784,29183,Under 36 years old,Urban,Women,Chile,2013
57.79999923706055,26,,CHL,28680,224,146,140786,29183,Total,Urban,Both sexes,Chile,2013
56.20000076293945,26,,CHL,28680,224,265,140786,29183,Total,Urban,Men,Chile,2013
59.400001525878906,26,,CHL,28680,224,266,140786,29183,Total,Urban,Women,Chile,2013
42.70000076293945,26,,CHL,28681,224,146,140785,29185,36 years and older,National,Both sexes,Chile,2015
40,26,,CHL,28681,224,265,140785,29185,36 years and older,National,Men,Chile,2015
46,26,,CHL,28681,224,266,140785,29185,36 years and older,National,Women,Chile,2015
53.70000076293945,26,,CHL,28681,224,146,140784,29185,Under 36 years old,National,Both sexes,Chile,2015
53.099998474121094,26,,CHL,28681,224,265,140784,29185,Under 36 years old,National,Men,Chile,2015
54.29999923706055,26,,CHL,28681,224,266,140784,29185,Under 36 years old,National,Women,Chile,2015
48.400001525878906,26,,CHL,28681,224,146,140786,29185,Total,National,Both sexes,Chile,2015
46.599998474121094,26,,CHL,28681,224,265,140786,29185,Total,National,Men,Chile,2015
50.5,26,,CHL,28681,224,266,140786,29185,Total,National,Women,Chile,2015
34.900001525878906,26,,CHL,28679,224,146,140785,29185,36 years and older,Rural,Both sexes,Chile,2015
32.79999923706055,26,,CHL,28679,224,265,140785,29185,36 years and older,Rural,Men,Chile,2015
37.5,26,,CHL,28679,224,266,140785,29185,36 years and older,Rural,Women,Chile,2015
45.79999923706055,26,,CHL,28679,224,146,140784,29185,Under 36 years old,Rural,Both sexes,Chile,2015
45,26,,CHL,28679,224,265,140784,29185,Under 36 years old,Rural,Men,Chile,2015
46.70000076293945,26,,CHL,28679,224,266,140784,29185,Under 36 years old,Rural,Women,Chile,2015
40.400001525878906,26,,CHL,28679,224,146,140786,29185,Total,Rural,Both sexes,Chile,2015
38.599998474121094,26,,CHL,28679,224,265,140786,29185,Total,Rural,Men,Chile,2015
42.400001525878906,26,,CHL,28679,224,266,140786,29185,Total,Rural,Women,Chile,2015
53.400001525878906,26,,CHL,28680,224,146,140785,29185,36 years and older,Urban,Both sexes,Chile,2015
50.29999923706055,26,,CHL,28680,224,265,140785,29185,36 years and older,Urban,Men,Chile,2015
56.900001525878906,26,,CHL,28680,224,266,140785,29185,36 years and older,Urban,Women,Chile,2015
62.70000076293945,26,,CHL,28680,224,146,140784,29185,Under 36 years old,Urban,Both sexes,Chile,2015
62.29999923706055,26,,CHL,28680,224,265,140784,29185,Under 36 years old,Urban,Men,Chile,2015
63.099998474121094,26,,CHL,28680,224,266,140784,29185,Under 36 years old,Urban,Women,Chile,2015
58.5,26,,CHL,28680,224,146,140786,29185,Total,Urban,Both sexes,Chile,2015
56.70000076293945,26,,CHL,28680,224,265,140786,29185,Total,Urban,Men,Chile,2015
60.29999923706055,26,,CHL,28680,224,266,140786,29185,Total,Urban,Women,Chile,2015
42.400001525878906,26,,CHL,28681,224,146,140785,29187,36 years and older,National,Both sexes,Chile,2017
39.5,26,,CHL,28681,224,265,140785,29187,36 years and older,National,Men,Chile,2017
45.70000076293945,26,,CHL,28681,224,266,140785,29187,36 years and older,National,Women,Chile,2017
51.599998474121094,26,,CHL,28681,224,146,140784,29187,Under 36 years old,National,Both sexes,Chile,2017
50,26,,CHL,28681,224,265,140784,29187,Under 36 years old,National,Men,Chile,2017
53.20000076293945,26,,CHL,28681,224,266,140784,29187,Under 36 years old,National,Women,Chile,2017
47,26,,CHL,28681,224,146,140786,29187,Total,National,Both sexes,Chile,2017
44.599998474121094,26,,CHL,28681,224,265,140786,29187,Total,National,Men,Chile,2017
49.599998474121094,26,,CHL,28681,224,266,140786,29187,Total,National,Women,Chile,2017
34.400001525878906,26,,CHL,28679,224,146,140785,29187,36 years and older,Rural,Both sexes,Chile,2017
32.099998474121094,26,,CHL,28679,224,265,140785,29187,36 years and older,Rural,Men,Chile,2017
37.20000076293945,26,,CHL,28679,224,266,140785,29187,36 years and older,Rural,Women,Chile,2017
44.099998474121094,26,,CHL,28679,224,146,140784,29187,Under 36 years old,Rural,Both sexes,Chile,2017
42.400001525878906,26,,CHL,28679,224,265,140784,29187,Under 36 years old,Rural,Men,Chile,2017
45.900001525878906,26,,CHL,28679,224,266,140784,29187,Under 36 years old,Rural,Women,Chile,2017
39,26,,CHL,28679,224,146,140786,29187,Total,Rural,Both sexes,Chile,2017
36.79999923706055,26,,CHL,28679,224,265,140786,29187,Total,Rural,Men,Chile,2017
41.599998474121094,26,,CHL,28679,224,266,140786,29187,Total,Rural,Women,Chile,2017
51.900001525878906,26,,CHL,28680,224,146,140785,29187,36 years and older,Urban,Both sexes,Chile,2017
49,26,,CHL,28680,224,265,140785,29187,36 years and older,Urban,Men,Chile,2017
55.20000076293945,26,,CHL,28680,224,266,140785,29187,36 years and older,Urban,Women,Chile,2017
58.79999923706055,26,,CHL,28680,224,146,140784,29187,Under 36 years old,Urban,Both sexes,Chile,2017
57.5,26,,CHL,28680,224,265,140784,29187,Under 36 years old,Urban,Men,Chile,2017
60,26,,CHL,28680,224,266,140784,29187,Under 36 years old,Urban,Women,Chile,2017
55.599998474121094,26,,CHL,28680,224,146,140786,29187,Total,Urban,Both sexes,Chile,2017
53.400001525878906,26,,CHL,28680,224,265,140786,29187,Total,Urban,Men,Chile,2017
57.79999923706055,26,,CHL,28680,224,266,140786,29187,Total,Urban,Women,Chile,2017
4.099999904632568,26,8611,COL,28681,225,146,140785,29178,36 years and older,National,Both sexes,Colombia,2008
3.799999952316284,26,8611,COL,28681,225,265,140785,29178,36 years and older,National,Men,Colombia,2008
4.599999904632568,26,8611,COL,28681,225,266,140785,29178,36 years and older,National,Women,Colombia,2008
2.9000000953674316,26,8611,COL,28681,225,146,140784,29178,Under 36 years old,National,Both sexes,Colombia,2008
2.700000047683716,26,8611,COL,28681,225,265,140784,29178,Under 36 years old,National,Men,Colombia,2008
3.0999999046325684,26,8611,COL,28681,225,266,140784,29178,Under 36 years old,National,Women,Colombia,2008
3.299999952316284,26,8611,COL,28681,225,146,140786,29178,Total,National,Both sexes,Colombia,2008
3.0999999046325684,26,8611,COL,28681,225,265,140786,29178,Total,National,Men,Colombia,2008
3.5999999046325684,26,8611,COL,28681,225,266,140786,29178,Total,National,Women,Colombia,2008
1.600000023841858,26,8611,COL,28679,225,146,140785,29178,36 years and older,Rural,Both sexes,Colombia,2008
1.5,26,8611,COL,28679,225,265,140785,29178,36 years and older,Rural,Men,Colombia,2008
1.7000000476837158,26,8611,COL,28679,225,266,140785,29178,36 years and older,Rural,Women,Colombia,2008
1.2999999523162842,26,8611,COL,28679,225,146,140784,29178,Under 36 years old,Rural,Both sexes,Colombia,2008
1.2000000476837158,26,8611,COL,28679,225,265,140784,29178,Under 36 years old,Rural,Men,Colombia,2008
1.399999976158142,26,8611,COL,28679,225,266,140784,29178,Under 36 years old,Rural,Women,Colombia,2008
1.399999976158142,26,8611,COL,28679,225,146,140786,29178,Total,Rural,Both sexes,Colombia,2008
1.2999999523162842,26,8611,COL,28679,225,265,140786,29178,Total,Rural,Men,Colombia,2008
1.5,26,8611,COL,28679,225,266,140786,29178,Total,Rural,Women,Colombia,2008
12.899999618530273,26,8611,COL,28680,225,146,140785,29178,36 years and older,Urban,Both sexes,Colombia,2008
12.300000190734863,26,8611,COL,28680,225,265,140785,29178,36 years and older,Urban,Men,Colombia,2008
13.600000381469727,26,8611,COL,28680,225,266,140785,29178,36 years and older,Urban,Women,Colombia,2008
9.5,26,8611,COL,28680,225,146,140784,29178,Under 36 years old,Urban,Both sexes,Colombia,2008
9.300000190734863,26,8611,COL,28680,225,265,140784,29178,Under 36 years old,Urban,Men,Colombia,2008
9.699999809265137,26,8611,COL,28680,225,266,140784,29178,Under 36 years old,Urban,Women,Colombia,2008
10.699999809265137,26,8611,COL,28680,225,146,140786,29178,Total,Urban,Both sexes,Colombia,2008
10.399999618530273,26,8611,COL,28680,225,265,140786,29178,Total,Urban,Men,Colombia,2008
11,26,8611,COL,28680,225,266,140786,29178,Total,Urban,Women,Colombia,2008
4.5,26,8611,COL,28681,225,146,140785,29179,36 years and older,National,Both sexes,Colombia,2009
4.199999809265137,26,8611,COL,28681,225,265,140785,29179,36 years and older,National,Men,Colombia,2009
5,26,8611,COL,28681,225,266,140785,29179,36 years and older,National,Women,Colombia,2009
3.5,26,8611,COL,28681,225,146,140784,29179,Under 36 years old,National,Both sexes,Colombia,2009
3.4000000953674316,26,8611,COL,28681,225,265,140784,29179,Under 36 years old,National,Men,Colombia,2009
3.700000047683716,26,8611,COL,28681,225,266,140784,29179,Under 36 years old,National,Women,Colombia,2009
3.9000000953674316,26,8611,COL,28681,225,146,140786,29179,Total,National,Both sexes,Colombia,2009
3.700000047683716,26,8611,COL,28681,225,265,140786,29179,Total,National,Men,Colombia,2009
4.099999904632568,26,8611,COL,28681,225,266,140786,29179,Total,National,Women,Colombia,2009
2,26,8611,COL,28679,225,146,140785,29179,36 years and older,Rural,Both sexes,Colombia,2009
1.899999976158142,26,8611,COL,28679,225,265,140785,29179,36 years and older,Rural,Men,Colombia,2009
2.0999999046325684,26,8611,COL,28679,225,266,140785,29179,36 years and older,Rural,Women,Colombia,2009
1.7000000476837158,26,8611,COL,28679,225,146,140784,29179,Under 36 years old,Rural,Both sexes,Colombia,2009
1.7000000476837158,26,8611,COL,28679,225,265,140784,29179,Under 36 years old,Rural,Men,Colombia,2009
1.600000023841858,26,8611,COL,28679,225,266,140784,29179,Under 36 years old,Rural,Women,Colombia,2009
1.7999999523162842,26,8611,COL,28679,225,146,140786,29179,Total,Rural,Both sexes,Colombia,2009
1.7999999523162842,26,8611,COL,28679,225,265,140786,29179,Total,Rural,Men,Colombia,2009
1.7999999523162842,26,8611,COL,28679,225,266,140786,29179,Total,Rural,Women,Colombia,2009
13.300000190734863,26,8611,COL,28680,225,146,140785,29179,36 years and older,Urban,Both sexes,Colombia,2009
12.600000381469727,26,8611,COL,28680,225,265,140785,29179,36 years and older,Urban,Men,Colombia,2009
14.300000190734863,26,8611,COL,28680,225,266,140785,29179,36 years and older,Urban,Women,Colombia,2009
10.800000190734863,26,8611,COL,28680,225,146,140784,29179,Under 36 years old,Urban,Both sexes,Colombia,2009
10.100000381469727,26,8611,COL,28680,225,265,140784,29179,Under 36 years old,Urban,Men,Colombia,2009
11.5,26,8611,COL,28680,225,266,140784,29179,Under 36 years old,Urban,Women,Colombia,2009
11.699999809265137,26,8611,COL,28680,225,146,140786,29179,Total,Urban,Both sexes,Colombia,2009
11.100000381469727,26,8611,COL,28680,225,265,140786,29179,Total,Urban,Men,Colombia,2009
12.5,26,8611,COL,28680,225,266,140786,29179,Total,Urban,Women,Colombia,2009
5.400000095367432,26,8611,COL,28681,225,146,140785,29180,36 years and older,National,Both sexes,Colombia,2010
4.800000190734863,26,8611,COL,28681,225,265,140785,29180,36 years and older,National,Men,Colombia,2010
6.199999809265137,26,8611,COL,28681,225,266,140785,29180,36 years and older,National,Women,Colombia,2010
4.300000190734863,26,8611,COL,28681,225,146,140784,29180,Under 36 years old,National,Both sexes,Colombia,2010
4.300000190734863,26,8611,COL,28681,225,265,140784,29180,Under 36 years old,National,Men,Colombia,2010
4.400000095367432,26,8611,COL,28681,225,266,140784,29180,Under 36 years old,National,Women,Colombia,2010
4.800000190734863,26,8611,COL,28681,225,146,140786,29180,Total,National,Both sexes,Colombia,2010
4.5,26,8611,COL,28681,225,265,140786,29180,Total,National,Men,Colombia,2010
5.099999904632568,26,8611,COL,28681,225,266,140786,29180,Total,National,Women,Colombia,2010
2.700000047683716,26,8611,COL,28679,225,146,140785,29180,36 years and older,Rural,Both sexes,Colombia,2010
2.4000000953674316,26,8611,COL,28679,225,265,140785,29180,36 years and older,Rural,Men,Colombia,2010
3.0999999046325684,26,8611,COL,28679,225,266,140785,29180,36 years and older,Rural,Women,Colombia,2010
2.299999952316284,26,8611,COL,28679,225,146,140784,29180,Under 36 years old,Rural,Both sexes,Colombia,2010
2.299999952316284,26,8611,COL,28679,225,265,140784,29180,Under 36 years old,Rural,Men,Colombia,2010
2.200000047683716,26,8611,COL,28679,225,266,140784,29180,Under 36 years old,Rural,Women,Colombia,2010
2.4000000953674316,26,8611,COL,28679,225,146,140786,29180,Total,Rural,Both sexes,Colombia,2010
2.4000000953674316,26,8611,COL,28679,225,265,140786,29180,Total,Rural,Men,Colombia,2010
2.5,26,8611,COL,28679,225,266,140786,29180,Total,Rural,Women,Colombia,2010
15.100000381469727,26,8611,COL,28680,225,146,140785,29180,36 years and older,Urban,Both sexes,Colombia,2010
13.899999618530273,26,8611,COL,28680,225,265,140785,29180,36 years and older,Urban,Men,Colombia,2010
16.5,26,8611,COL,28680,225,266,140785,29180,36 years and older,Urban,Women,Colombia,2010
12.699999809265137,26,8611,COL,28680,225,146,140784,29180,Under 36 years old,Urban,Both sexes,Colombia,2010
12.100000381469727,26,8611,COL,28680,225,265,140784,29180,Under 36 years old,Urban,Men,Colombia,2010
13.300000190734863,26,8611,COL,28680,225,266,140784,29180,Under 36 years old,Urban,Women,Colombia,2010
13.699999809265137,26,8611,COL,28680,225,146,140786,29180,Total,Urban,Both sexes,Colombia,2010
12.800000190734863,26,8611,COL,28680,225,265,140786,29180,Total,Urban,Men,Colombia,2010
14.600000381469727,26,8611,COL,28680,225,266,140786,29180,Total,Urban,Women,Colombia,2010
7,26,8611,COL,28681,225,146,140785,29181,36 years and older,National,Both sexes,Colombia,2011
6.5,26,8611,COL,28681,225,265,140785,29181,36 years and older,National,Men,Colombia,2011
7.599999904632568,26,8611,COL,28681,225,266,140785,29181,36 years and older,National,Women,Colombia,2011
6.300000190734863,26,8611,COL,28681,225,146,140784,29181,Under 36 years old,National,Both sexes,Colombia,2011
6,26,8611,COL,28681,225,265,140784,29181,Under 36 years old,National,Men,Colombia,2011
6.5,26,8611,COL,28681,225,266,140784,29181,Under 36 years old,National,Women,Colombia,2011
6.599999904632568,26,8611,COL,28681,225,146,140786,29181,Total,National,Both sexes,Colombia,2011
6.199999809265137,26,8611,COL,28681,225,265,140786,29181,Total,National,Men,Colombia,2011
6.900000095367432,26,8611,COL,28681,225,266,140786,29181,Total,National,Women,Colombia,2011
3.799999952316284,26,8611,COL,28679,225,146,140785,29181,36 years and older,Rural,Both sexes,Colombia,2011
3.799999952316284,26,8611,COL,28679,225,265,140785,29181,36 years and older,Rural,Men,Colombia,2011
3.9000000953674316,26,8611,COL,28679,225,266,140785,29181,36 years and older,Rural,Women,Colombia,2011
3.700000047683716,26,8611,COL,28679,225,146,140784,29181,Under 36 years old,Rural,Both sexes,Colombia,2011
3.5999999046325684,26,8611,COL,28679,225,265,140784,29181,Under 36 years old,Rural,Men,Colombia,2011
3.799999952316284,26,8611,COL,28679,225,266,140784,29181,Under 36 years old,Rural,Women,Colombia,2011
3.799999952316284,26,8611,COL,28679,225,146,140786,29181,Total,Rural,Both sexes,Colombia,2011
3.700000047683716,26,8611,COL,28679,225,265,140786,29181,Total,Rural,Men,Colombia,2011
3.9000000953674316,26,8611,COL,28679,225,266,140786,29181,Total,Rural,Women,Colombia,2011
19,26,8611,COL,28680,225,146,140785,29181,36 years and older,Urban,Both sexes,Colombia,2011
17.5,26,8611,COL,28680,225,265,140785,29181,36 years and older,Urban,Men,Colombia,2011
20.799999237060547,26,8611,COL,28680,225,266,140785,29181,36 years and older,Urban,Women,Colombia,2011
16.799999237060547,26,8611,COL,28680,225,146,140784,29181,Under 36 years old,Urban,Both sexes,Colombia,2011
16.299999237060547,26,8611,COL,28680,225,265,140784,29181,Under 36 years old,Urban,Men,Colombia,2011
17.200000762939453,26,8611,COL,28680,225,266,140784,29181,Under 36 years old,Urban,Women,Colombia,2011
17.600000381469727,26,8611,COL,28680,225,146,140786,29181,Total,Urban,Both sexes,Colombia,2011
16.799999237060547,26,8611,COL,28680,225,265,140786,29181,Total,Urban,Men,Colombia,2011
18.600000381469727,26,8611,COL,28680,225,266,140786,29181,Total,Urban,Women,Colombia,2011
5,26,8612,CRI,28681,226,146,140785,29170,36 years and older,National,Both sexes,Costa Rica,2000
4.5,26,8612,CRI,28681,226,265,140785,29170,36 years and older,National,Men,Costa Rica,2000
5.5,26,8612,CRI,28681,226,266,140785,29170,36 years and older,National,Women,Costa Rica,2000
4.099999904632568,26,8612,CRI,28681,226,146,140784,29170,Under 36 years old,National,Both sexes,Costa Rica,2000
4.5,26,8612,CRI,28681,226,265,140784,29170,Under 36 years old,National,Men,Costa Rica,2000
3.700000047683716,26,8612,CRI,28681,226,266,140784,29170,Under 36 years old,National,Women,Costa Rica,2000
4.400000095367432,26,8612,CRI,28681,226,146,140786,29170,Total,National,Both sexes,Costa Rica,2000
4.5,26,8612,CRI,28681,226,265,140786,29170,Total,National,Men,Costa Rica,2000
4.199999809265137,26,8612,CRI,28681,226,266,140786,29170,Total,National,Women,Costa Rica,2000
2.700000047683716,26,8612,CRI,28679,226,146,140785,29170,36 years and older,Rural,Both sexes,Costa Rica,2000
2.299999952316284,26,8612,CRI,28679,226,265,140785,29170,36 years and older,Rural,Men,Costa Rica,2000
3.200000047683716,26,8612,CRI,28679,226,266,140785,29170,36 years and older,Rural,Women,Costa Rica,2000
1.899999976158142,26,8612,CRI,28679,226,146,140784,29170,Under 36 years old,Rural,Both sexes,Costa Rica,2000
2.200000047683716,26,8612,CRI,28679,226,265,140784,29170,Under 36 years old,Rural,Men,Costa Rica,2000
1.600000023841858,26,8612,CRI,28679,226,266,140784,29170,Under 36 years old,Rural,Women,Costa Rica,2000
2.0999999046325684,26,8612,CRI,28679,226,146,140786,29170,Total,Rural,Both sexes,Costa Rica,2000
2.200000047683716,26,8612,CRI,28679,226,265,140786,29170,Total,Rural,Men,Costa Rica,2000
2.0999999046325684,26,8612,CRI,28679,226,266,140786,29170,Total,Rural,Women,Costa Rica,2000
16.5,26,8612,CRI,28680,226,146,140785,29170,36 years and older,Urban,Both sexes,Costa Rica,2000
16.600000381469727,26,8612,CRI,28680,226,265,140785,29170,36 years and older,Urban,Men,Costa Rica,2000
16.399999618530273,26,8612,CRI,28680,226,266,140785,29170,36 years and older,Urban,Women,Costa Rica,2000
15.899999618530273,26,8612,CRI,28680,226,146,140784,29170,Under 36 years old,Urban,Both sexes,Costa Rica,2000
15.899999618530273,26,8612,CRI,28680,226,265,140784,29170,Under 36 years old,Urban,Men,Costa Rica,2000
15.800000190734863,26,8612,CRI,28680,226,266,140784,29170,Under 36 years old,Urban,Women,Costa Rica,2000
16.100000381469727,26,8612,CRI,28680,226,146,140786,29170,Total,Urban,Both sexes,Costa Rica,2000
16.200000762939453,26,8612,CRI,28680,226,265,140786,29170,Total,Urban,Men,Costa Rica,2000
16,26,8612,CRI,28680,226,266,140786,29170,Total,Urban,Women,Costa Rica,2000
6.300000190734863,26,8612,CRI,28681,226,146,140785,29171,36 years and older,National,Both sexes,Costa Rica,2001
5.900000095367432,26,8612,CRI,28681,226,265,140785,29171,36 years and older,National,Men,Costa Rica,2001
6.800000190734863,26,8612,CRI,28681,226,266,140785,29171,36 years and older,National,Women,Costa Rica,2001
4.599999904632568,26,8612,CRI,28681,226,146,140784,29171,Under 36 years old,National,Both sexes,Costa Rica,2001
4.199999809265137,26,8612,CRI,28681,226,265,140784,29171,Under 36 years old,National,Men,Costa Rica,2001
5.099999904632568,26,8612,CRI,28681,226,266,140784,29171,Under 36 years old,National,Women,Costa Rica,2001
5.099999904632568,26,8612,CRI,28681,226,146,140786,29171,Total,National,Both sexes,Costa Rica,2001
4.699999809265137,26,8612,CRI,28681,226,265,140786,29171,Total,National,Men,Costa Rica,2001
5.599999904632568,26,8612,CRI,28681,226,266,140786,29171,Total,National,Women,Costa Rica,2001
3.9000000953674316,26,8612,CRI,28679,226,146,140785,29171,36 years and older,Rural,Both sexes,Costa Rica,2001
3.5999999046325684,26,8612,CRI,28679,226,265,140785,29171,36 years and older,Rural,Men,Costa Rica,2001
4.199999809265137,26,8612,CRI,28679,226,266,140785,29171,36 years and older,Rural,Women,Costa Rica,2001
2.9000000953674316,26,8612,CRI,28679,226,146,140784,29171,Under 36 years old,Rural,Both sexes,Costa Rica,2001
2.700000047683716,26,8612,CRI,28679,226,265,140784,29171,Under 36 years old,Rural,Men,Costa Rica,2001
3.0999999046325684,26,8612,CRI,28679,226,266,140784,29171,Under 36 years old,Rural,Women,Costa Rica,2001
3.200000047683716,26,8612,CRI,28679,226,146,140786,29171,Total,Rural,Both sexes,Costa Rica,2001
3,26,8612,CRI,28679,226,265,140786,29171,Total,Rural,Men,Costa Rica,2001
3.4000000953674316,26,8612,CRI,28679,226,266,140786,29171,Total,Rural,Women,Costa Rica,2001
19.399999618530273,26,8612,CRI,28680,226,146,140785,29171,36 years and older,Urban,Both sexes,Costa Rica,2001
17.899999618530273,26,8612,CRI,28680,226,265,140785,29171,36 years and older,Urban,Men,Costa Rica,2001
21.5,26,"8612,13639",CRI,28680,226,266,140785,29171,36 years and older,Urban,Women,Costa Rica,2001
15.800000190734863,26,8612,CRI,28680,226,146,140784,29171,Under 36 years old,Urban,Both sexes,Costa Rica,2001
13.800000190734863,26,8612,CRI,28680,226,265,140784,29171,Under 36 years old,Urban,Men,Costa Rica,2001
18.100000381469727,26,8612,CRI,28680,226,266,140784,29171,Under 36 years old,Urban,Women,Costa Rica,2001
17.100000381469727,26,8612,CRI,28680,226,146,140786,29171,Total,Urban,Both sexes,Costa Rica,2001
15.399999618530273,26,8612,CRI,28680,226,265,140786,29171,Total,Urban,Men,Costa Rica,2001
19.200000762939453,26,8612,CRI,28680,226,266,140786,29171,Total,Urban,Women,Costa Rica,2001
8.699999809265137,26,8612,CRI,28681,226,146,140785,29172,36 years and older,National,Both sexes,Costa Rica,2002
7.900000095367432,26,8612,CRI,28681,226,265,140785,29172,36 years and older,National,Men,Costa Rica,2002
9.699999809265137,26,8612,CRI,28681,226,266,140785,29172,36 years and older,National,Women,Costa Rica,2002
5.900000095367432,26,8612,CRI,28681,226,146,140784,29172,Under 36 years old,National,Both sexes,Costa Rica,2002
5.800000190734863,26,8612,CRI,28681,226,265,140784,29172,Under 36 years old,National,Men,Costa Rica,2002
6,26,8612,CRI,28681,226,266,140784,29172,Under 36 years old,National,Women,Costa Rica,2002
6.800000190734863,26,8612,CRI,28681,226,146,140786,29172,Total,National,Both sexes,Costa Rica,2002
6.5,26,8612,CRI,28681,226,265,140786,29172,Total,National,Men,Costa Rica,2002
7.099999904632568,26,8612,CRI,28681,226,266,140786,29172,Total,National,Women,Costa Rica,2002
5.5,26,8612,CRI,28679,226,146,140785,29172,36 years and older,Rural,Both sexes,Costa Rica,2002
4.900000095367432,26,8612,CRI,28679,226,265,140785,29172,36 years and older,Rural,Men,Costa Rica,2002
6.300000190734863,26,8612,CRI,28679,226,266,140785,29172,36 years and older,Rural,Women,Costa Rica,2002
3.700000047683716,26,8612,CRI,28679,226,146,140784,29172,Under 36 years old,Rural,Both sexes,Costa Rica,2002
3.700000047683716,26,8612,CRI,28679,226,265,140784,29172,Under 36 years old,Rural,Men,Costa Rica,2002
3.799999952316284,26,8612,CRI,28679,226,266,140784,29172,Under 36 years old,Rural,Women,Costa Rica,2002
4.300000190734863,26,8612,CRI,28679,226,146,140786,29172,Total,Rural,Both sexes,Costa Rica,2002
4.099999904632568,26,8612,CRI,28679,226,265,140786,29172,Total,Rural,Men,Costa Rica,2002
4.5,26,8612,CRI,28679,226,266,140786,29172,Total,Rural,Women,Costa Rica,2002
27.5,26,8612,CRI,28680,226,146,140785,29172,36 years and older,Urban,Both sexes,Costa Rica,2002
26.100000381469727,26,8612,CRI,28680,226,265,140785,29172,36 years and older,Urban,Men,Costa Rica,2002
29.299999237060547,26,8612,CRI,28680,226,266,140785,29172,36 years and older,Urban,Women,Costa Rica,2002
21.600000381469727,26,8612,CRI,28680,226,146,140784,29172,Under 36 years old,Urban,Both sexes,Costa Rica,2002
22.399999618530273,26,8612,CRI,28680,226,265,140784,29172,Under 36 years old,Urban,Men,Costa Rica,2002
21,26,8612,CRI,28680,226,266,140784,29172,Under 36 years old,Urban,Women,Costa Rica,2002
23.799999237060547,26,8612,CRI,28680,226,146,140786,29172,Total,Urban,Both sexes,Costa Rica,2002
23.799999237060547,26,8612,CRI,28680,226,265,140786,29172,Total,Urban,Men,Costa Rica,2002
23.700000762939453,26,8612,CRI,28680,226,266,140786,29172,Total,Urban,Women,Costa Rica,2002
8.600000381469727,26,8612,CRI,28681,226,146,140785,29174,36 years and older,National,Both sexes,Costa Rica,2004
8,26,8612,CRI,28681,226,265,140785,29174,36 years and older,National,Men,Costa Rica,2004
9.5,26,8612,CRI,28681,226,266,140785,29174,36 years and older,National,Women,Costa Rica,2004
6.300000190734863,26,8612,CRI,28681,226,146,140784,29174,Under 36 years old,National,Both sexes,Costa Rica,2004
7.099999904632568,26,8612,CRI,28681,226,265,140784,29174,Under 36 years old,National,Men,Costa Rica,2004
5.5,26,8612,CRI,28681,226,266,140784,29174,Under 36 years old,National,Women,Costa Rica,2004
7.099999904632568,26,8612,CRI,28681,226,146,140786,29174,Total,National,Both sexes,Costa Rica,2004
7.400000095367432,26,8612,CRI,28681,226,265,140786,29174,Total,National,Men,Costa Rica,2004
6.699999809265137,26,8612,CRI,28681,226,266,140786,29174,Total,National,Women,Costa Rica,2004
6.199999809265137,26,8612,CRI,28679,226,146,140785,29174,36 years and older,Rural,Both sexes,Costa Rica,2004
5.599999904632568,26,8612,CRI,28679,226,265,140785,29174,36 years and older,Rural,Men,Costa Rica,2004
6.900000095367432,26,8612,CRI,28679,226,266,140785,29174,36 years and older,Rural,Women,Costa Rica,2004
4.800000190734863,26,8612,CRI,28679,226,146,140784,29174,Under 36 years old,Rural,Both sexes,Costa Rica,2004
5.5,26,8612,CRI,28679,226,265,140784,29174,Under 36 years old,Rural,Men,Costa Rica,2004
4.099999904632568,26,8612,CRI,28679,226,266,140784,29174,Under 36 years old,Rural,Women,Costa Rica,2004
5.300000190734863,26,8612,CRI,28679,226,146,140786,29174,Total,Rural,Both sexes,Costa Rica,2004
5.5,26,8612,CRI,28679,226,265,140786,29174,Total,Rural,Men,Costa Rica,2004
5,26,8612,CRI,28679,226,266,140786,29174,Total,Rural,Women,Costa Rica,2004
23.299999237060547,26,8612,CRI,28680,226,146,140785,29174,36 years and older,Urban,Both sexes,Costa Rica,2004
21.899999618530273,26,"8612,13639",CRI,28680,226,265,140785,29174,36 years and older,Urban,Men,Costa Rica,2004
25.200000762939453,26,8612,CRI,28680,226,266,140785,29174,36 years and older,Urban,Women,Costa Rica,2004
16.399999618530273,26,8612,CRI,28680,226,146,140784,29174,Under 36 years old,Urban,Both sexes,Costa Rica,2004
17.600000381469727,26,8612,CRI,28680,226,265,140784,29174,Under 36 years old,Urban,Men,Costa Rica,2004
15.100000381469727,26,8612,CRI,28680,226,266,140784,29174,Under 36 years old,Urban,Women,Costa Rica,2004
18.899999618530273,26,8612,CRI,28680,226,146,140786,29174,Total,Urban,Both sexes,Costa Rica,2004
19.299999237060547,26,8612,CRI,28680,226,265,140786,29174,Total,Urban,Men,Costa Rica,2004
18.600000381469727,26,8612,CRI,28680,226,266,140786,29174,Total,Urban,Women,Costa Rica,2004
11,26,8612,CRI,28681,226,146,140785,29175,36 years and older,National,Both sexes,Costa Rica,2005
10.199999809265137,26,8612,CRI,28681,226,265,140785,29175,36 years and older,National,Men,Costa Rica,2005
12.100000381469727,26,8612,CRI,28681,226,266,140785,29175,36 years and older,National,Women,Costa Rica,2005
7.5,26,8612,CRI,28681,226,146,140784,29175,Under 36 years old,National,Both sexes,Costa Rica,2005
7.300000190734863,26,8612,CRI,28681,226,265,140784,29175,Under 36 years old,National,Men,Costa Rica,2005
7.800000190734863,26,8612,CRI,28681,226,266,140784,29175,Under 36 years old,National,Women,Costa Rica,2005
8.699999809265137,26,8612,CRI,28681,226,146,140786,29175,Total,National,Both sexes,Costa Rica,2005
8.399999618530273,26,8612,CRI,28681,226,265,140786,29175,Total,National,Men,Costa Rica,2005
9.100000381469727,26,8612,CRI,28681,226,266,140786,29175,Total,National,Women,Costa Rica,2005
9.199999809265137,26,8612,CRI,28679,226,146,140785,29175,36 years and older,Rural,Both sexes,Costa Rica,2005
8.5,26,8612,CRI,28679,226,265,140785,29175,36 years and older,Rural,Men,Costa Rica,2005
10.199999809265137,26,8612,CRI,28679,226,266,140785,29175,36 years and older,Rural,Women,Costa Rica,2005
6.300000190734863,26,8612,CRI,28679,226,146,140784,29175,Under 36 years old,Rural,Both sexes,Costa Rica,2005
6,26,8612,CRI,28679,226,265,140784,29175,Under 36 years old,Rural,Men,Costa Rica,2005
6.699999809265137,26,8612,CRI,28679,226,266,140784,29175,Under 36 years old,Rural,Women,Costa Rica,2005
7.300000190734863,26,8612,CRI,28679,226,146,140786,29175,Total,Rural,Both sexes,Costa Rica,2005
6.900000095367432,26,8612,CRI,28679,226,265,140786,29175,Total,Rural,Men,Costa Rica,2005
7.800000190734863,26,8612,CRI,28679,226,266,140786,29175,Total,Rural,Women,Costa Rica,2005
20.399999618530273,26,8612,CRI,28680,226,146,140785,29175,36 years and older,Urban,Both sexes,Costa Rica,2005
19.200000762939453,26,8612,CRI,28680,226,265,140785,29175,36 years and older,Urban,Men,Costa Rica,2005
22.100000381469727,26,"8612,13639",CRI,28680,226,266,140785,29175,36 years and older,Urban,Women,Costa Rica,2005
15.5,26,8612,CRI,28680,226,146,140784,29175,Under 36 years old,Urban,Both sexes,Costa Rica,2005
15.600000381469727,26,8612,CRI,28680,226,265,140784,29175,Under 36 years old,Urban,Men,Costa Rica,2005
15.399999618530273,26,8612,CRI,28680,226,266,140784,29175,Under 36 years old,Urban,Women,Costa Rica,2005
17.399999618530273,26,8612,CRI,28680,226,146,140786,29175,Total,Urban,Both sexes,Costa Rica,2005
17,26,8612,CRI,28680,226,265,140786,29175,Total,Urban,Men,Costa Rica,2005
17.899999618530273,26,8612,CRI,28680,226,266,140786,29175,Total,Urban,Women,Costa Rica,2005
11.600000381469727,26,8612,CRI,28681,226,146,140785,29176,36 years and older,National,Both sexes,Costa Rica,2006
10.800000190734863,26,8612,CRI,28681,226,265,140785,29176,36 years and older,National,Men,Costa Rica,2006
12.699999809265137,26,8612,CRI,28681,226,266,140785,29176,36 years and older,National,Women,Costa Rica,2006
10.100000381469727,26,8612,CRI,28681,226,146,140784,29176,Under 36 years old,National,Both sexes,Costa Rica,2006
10.300000190734863,26,8612,CRI,28681,226,265,140784,29176,Under 36 years old,National,Men,Costa Rica,2006
10,26,8612,CRI,28681,226,266,140784,29176,Under 36 years old,National,Women,Costa Rica,2006
10.699999809265137,26,8612,CRI,28681,226,146,140786,29176,Total,National,Both sexes,Costa Rica,2006
10.5,26,8612,CRI,28681,226,265,140786,29176,Total,National,Men,Costa Rica,2006
10.899999618530273,26,8612,CRI,28681,226,266,140786,29176,Total,National,Women,Costa Rica,2006
10.399999618530273,26,8612,CRI,28679,226,146,140785,29176,36 years and older,Rural,Both sexes,Costa Rica,2006
9.800000190734863,26,8612,CRI,28679,226,265,140785,29176,36 years and older,Rural,Men,Costa Rica,2006
11.300000190734863,26,8612,CRI,28679,226,266,140785,29176,36 years and older,Rural,Women,Costa Rica,2006
8.300000190734863,26,8612,CRI,28679,226,146,140784,29176,Under 36 years old,Rural,Both sexes,Costa Rica,2006
8.199999809265137,26,8612,CRI,28679,226,265,140784,29176,Under 36 years old,Rural,Men,Costa Rica,2006
8.5,26,8612,CRI,28679,226,266,140784,29176,Under 36 years old,Rural,Women,Costa Rica,2006
9.100000381469727,26,8612,CRI,28679,226,146,140786,29176,Total,Rural,Both sexes,Costa Rica,2006
8.800000190734863,26,8612,CRI,28679,226,265,140786,29176,Total,Rural,Men,Costa Rica,2006
9.300000190734863,26,8612,CRI,28679,226,266,140786,29176,Total,Rural,Women,Costa Rica,2006
17.799999237060547,26,8612,CRI,28680,226,146,140785,29176,36 years and older,Urban,Both sexes,Costa Rica,2006
16.200000762939453,26,8612,CRI,28680,226,265,140785,29176,36 years and older,Urban,Men,Costa Rica,2006
19.600000381469727,26,8612,CRI,28680,226,266,140785,29176,36 years and older,Urban,Women,Costa Rica,2006
20.600000381469727,26,8612,CRI,28680,226,146,140784,29176,Under 36 years old,Urban,Both sexes,Costa Rica,2006
21.700000762939453,26,8612,CRI,28680,226,265,140784,29176,Under 36 years old,Urban,Men,Costa Rica,2006
19.399999618530273,26,8612,CRI,28680,226,266,140784,29176,Under 36 years old,Urban,Women,Costa Rica,2006
19.600000381469727,26,8612,CRI,28680,226,146,140786,29176,Total,Urban,Both sexes,Costa Rica,2006
19.700000762939453,26,8612,CRI,28680,226,265,140786,29176,Total,Urban,Men,Costa Rica,2006
19.5,26,8612,CRI,28680,226,266,140786,29176,Total,Urban,Women,Costa Rica,2006
15.300000190734863,26,8612,CRI,28681,226,146,140785,29177,36 years and older,National,Both sexes,Costa Rica,2007
14.399999618530273,26,8612,CRI,28681,226,265,140785,29177,36 years and older,National,Men,Costa Rica,2007
16.399999618530273,26,8612,CRI,28681,226,266,140785,29177,36 years and older,National,Women,Costa Rica,2007
13.100000381469727,26,8612,CRI,28681,226,146,140784,29177,Under 36 years old,National,Both sexes,Costa Rica,2007
12.899999618530273,26,8612,CRI,28681,226,265,140784,29177,Under 36 years old,National,Men,Costa Rica,2007
13.300000190734863,26,8612,CRI,28681,226,266,140784,29177,Under 36 years old,National,Women,Costa Rica,2007
13.899999618530273,26,8612,CRI,28681,226,146,140786,29177,Total,National,Both sexes,Costa Rica,2007
13.5,26,8612,CRI,28681,226,265,140786,29177,Total,National,Men,Costa Rica,2007
14.399999618530273,26,8612,CRI,28681,226,266,140786,29177,Total,National,Women,Costa Rica,2007
12.100000381469727,26,8612,CRI,28679,226,146,140785,29177,36 years and older,Rural,Both sexes,Costa Rica,2007
11.600000381469727,26,8612,CRI,28679,226,265,140785,29177,36 years and older,Rural,Men,Costa Rica,2007
12.699999809265137,26,8612,CRI,28679,226,266,140785,29177,36 years and older,Rural,Women,Costa Rica,2007
10.399999618530273,26,8612,CRI,28679,226,146,140784,29177,Under 36 years old,Rural,Both sexes,Costa Rica,2007
10.100000381469727,26,8612,CRI,28679,226,265,140784,29177,Under 36 years old,Rural,Men,Costa Rica,2007
10.600000381469727,26,8612,CRI,28679,226,266,140784,29177,Under 36 years old,Rural,Women,Costa Rica,2007
10.899999618530273,26,8612,CRI,28679,226,146,140786,29177,Total,Rural,Both sexes,Costa Rica,2007
10.699999809265137,26,8612,CRI,28679,226,265,140786,29177,Total,Rural,Men,Costa Rica,2007
11.300000190734863,26,8612,CRI,28679,226,266,140786,29177,Total,Rural,Women,Costa Rica,2007
29.399999618530273,26,8612,CRI,28680,226,146,140785,29177,36 years and older,Urban,Both sexes,Costa Rica,2007
27.5,26,8612,CRI,28680,226,265,140785,29177,36 years and older,Urban,Men,Costa Rica,2007
31.5,26,8612,CRI,28680,226,266,140785,29177,36 years and older,Urban,Women,Costa Rica,2007
27.899999618530273,26,8612,CRI,28680,226,146,140784,29177,Under 36 years old,Urban,Both sexes,Costa Rica,2007
27,26,8612,CRI,28680,226,265,140784,29177,Under 36 years old,Urban,Men,Costa Rica,2007
29.100000381469727,26,8612,CRI,28680,226,266,140784,29177,Under 36 years old,Urban,Women,Costa Rica,2007
28.5,26,8612,CRI,28680,226,146,140786,29177,Total,Urban,Both sexes,Costa Rica,2007
27.200000762939453,26,8612,CRI,28680,226,265,140786,29177,Total,Urban,Men,Costa Rica,2007
30,26,8612,CRI,28680,226,266,140786,29177,Total,Urban,Women,Costa Rica,2007
16.600000381469727,26,8612,CRI,28681,226,146,140785,29178,36 years and older,National,Both sexes,Costa Rica,2008
15.899999618530273,26,8612,CRI,28681,226,265,140785,29178,36 years and older,National,Men,Costa Rica,2008
17.600000381469727,26,8612,CRI,28681,226,266,140785,29178,36 years and older,National,Women,Costa Rica,2008
14.399999618530273,26,8612,CRI,28681,226,146,140784,29178,Under 36 years old,National,Both sexes,Costa Rica,2008
13.899999618530273,26,8612,CRI,28681,226,265,140784,29178,Under 36 years old,National,Men,Costa Rica,2008
14.899999618530273,26,8612,CRI,28681,226,266,140784,29178,Under 36 years old,National,Women,Costa Rica,2008
15.199999809265137,26,8612,CRI,28681,226,146,140786,29178,Total,National,Both sexes,Costa Rica,2008
14.600000381469727,26,8612,CRI,28681,226,265,140786,29178,Total,National,Men,Costa Rica,2008
15.800000190734863,26,8612,CRI,28681,226,266,140786,29178,Total,National,Women,Costa Rica,2008
12.899999618530273,26,8612,CRI,28679,226,146,140785,29178,36 years and older,Rural,Both sexes,Costa Rica,2008
12.699999809265137,26,8612,CRI,28679,226,265,140785,29178,36 years and older,Rural,Men,Costa Rica,2008
13.300000190734863,26,8612,CRI,28679,226,266,140785,29178,36 years and older,Rural,Women,Costa Rica,2008
11.300000190734863,26,8612,CRI,28679,226,146,140784,29178,Under 36 years old,Rural,Both sexes,Costa Rica,2008
10.699999809265137,26,8612,CRI,28679,226,265,140784,29178,Under 36 years old,Rural,Men,Costa Rica,2008
11.899999618530273,26,8612,CRI,28679,226,266,140784,29178,Under 36 years old,Rural,Women,Costa Rica,2008
11.800000190734863,26,8612,CRI,28679,226,146,140786,29178,Total,Rural,Both sexes,Costa Rica,2008
11.5,26,8612,CRI,28679,226,265,140786,29178,Total,Rural,Men,Costa Rica,2008
12.300000190734863,26,8612,CRI,28679,226,266,140786,29178,Total,Rural,Women,Costa Rica,2008
30.799999237060547,26,8612,CRI,28680,226,146,140785,29178,36 years and older,Urban,Both sexes,Costa Rica,2008
28.799999237060547,26,8612,CRI,28680,226,265,140785,29178,36 years and older,Urban,Men,Costa Rica,2008
33.29999923706055,26,8612,CRI,28680,226,266,140785,29178,36 years and older,Urban,Women,Costa Rica,2008
30.5,26,8612,CRI,28680,226,146,140784,29178,Under 36 years old,Urban,Both sexes,Costa Rica,2008
30.100000381469727,26,8612,CRI,28680,226,265,140784,29178,Under 36 years old,Urban,Men,Costa Rica,2008
30.899999618530273,26,8612,CRI,28680,226,266,140784,29178,Under 36 years old,Urban,Women,Costa Rica,2008
30.600000381469727,26,8612,CRI,28680,226,146,140786,29178,Total,Urban,Both sexes,Costa Rica,2008
29.600000381469727,26,8612,CRI,28680,226,265,140786,29178,Total,Urban,Men,Costa Rica,2008
31.899999618530273,26,8612,CRI,28680,226,266,140786,29178,Total,Urban,Women,Costa Rica,2008
17.100000381469727,26,8612,CRI,28681,226,146,140785,29179,36 years and older,National,Both sexes,Costa Rica,2009
15.699999809265137,26,8612,CRI,28681,226,265,140785,29179,36 years and older,National,Men,Costa Rica,2009
18.899999618530273,26,8612,CRI,28681,226,266,140785,29179,36 years and older,National,Women,Costa Rica,2009
14.899999618530273,26,8612,CRI,28681,226,146,140784,29179,Under 36 years old,National,Both sexes,Costa Rica,2009
13.800000190734863,26,8612,CRI,28681,226,265,140784,29179,Under 36 years old,National,Men,Costa Rica,2009
16,26,8612,CRI,28681,226,266,140784,29179,Under 36 years old,National,Women,Costa Rica,2009
15.699999809265137,26,8612,CRI,28681,226,146,140786,29179,Total,National,Both sexes,Costa Rica,2009
14.5,26,8612,CRI,28681,226,265,140786,29179,Total,National,Men,Costa Rica,2009
17,26,8612,CRI,28681,226,266,140786,29179,Total,National,Women,Costa Rica,2009
12.600000381469727,26,8612,CRI,28679,226,146,140785,29179,36 years and older,Rural,Both sexes,Costa Rica,2009
11.399999618530273,26,8612,CRI,28679,226,265,140785,29179,36 years and older,Rural,Men,Costa Rica,2009
14.300000190734863,26,8612,CRI,28679,226,266,140785,29179,36 years and older,Rural,Women,Costa Rica,2009
11.800000190734863,26,8612,CRI,28679,226,146,140784,29179,Under 36 years old,Rural,Both sexes,Costa Rica,2009
10.899999618530273,26,8612,CRI,28679,226,265,140784,29179,Under 36 years old,Rural,Men,Costa Rica,2009
12.800000190734863,26,8612,CRI,28679,226,266,140784,29179,Under 36 years old,Rural,Women,Costa Rica,2009
12.100000381469727,26,8612,CRI,28679,226,146,140786,29179,Total,Rural,Both sexes,Costa Rica,2009
11.100000381469727,26,8612,CRI,28679,226,265,140786,29179,Total,Rural,Men,Costa Rica,2009
13.300000190734863,26,8612,CRI,28679,226,266,140786,29179,Total,Rural,Women,Costa Rica,2009
36.5,26,8612,CRI,28680,226,146,140785,29179,36 years and older,Urban,Both sexes,Costa Rica,2009
35.900001525878906,26,8612,CRI,28680,226,265,140785,29179,36 years and older,Urban,Men,Costa Rica,2009
37.29999923706055,26,8612,CRI,28680,226,266,140785,29179,36 years and older,Urban,Women,Costa Rica,2009
31.899999618530273,26,8612,CRI,28680,226,146,140784,29179,Under 36 years old,Urban,Both sexes,Costa Rica,2009
30.399999618530273,26,8612,CRI,28680,226,265,140784,29179,Under 36 years old,Urban,Men,Costa Rica,2009
33.29999923706055,26,8612,CRI,28680,226,266,140784,29179,Under 36 years old,Urban,Women,Costa Rica,2009
33.79999923706055,26,8612,CRI,28680,226,146,140786,29179,Total,Urban,Both sexes,Costa Rica,2009
32.79999923706055,26,8612,CRI,28680,226,265,140786,29179,Total,Urban,Men,Costa Rica,2009
34.900001525878906,26,8612,CRI,28680,226,266,140786,29179,Total,Urban,Women,Costa Rica,2009
22.5,26,8613,CRI,28681,226,146,140785,29180,36 years and older,National,Both sexes,Costa Rica,2010
21.700000762939453,26,8613,CRI,28681,226,265,140785,29180,36 years and older,National,Men,Costa Rica,2010
23.700000762939453,26,8613,CRI,28681,226,266,140785,29180,36 years and older,National,Women,Costa Rica,2010
20.200000762939453,26,8613,CRI,28681,226,146,140784,29180,Under 36 years old,National,Both sexes,Costa Rica,2010
20.299999237060547,26,8613,CRI,28681,226,265,140784,29180,Under 36 years old,National,Men,Costa Rica,2010
20.100000381469727,26,8613,CRI,28681,226,266,140784,29180,Under 36 years old,National,Women,Costa Rica,2010
21,26,8613,CRI,28681,226,146,140786,29180,Total,National,Both sexes,Costa Rica,2010
20.799999237060547,26,8613,CRI,28681,226,265,140786,29180,Total,National,Men,Costa Rica,2010
21.299999237060547,26,8613,CRI,28681,226,266,140786,29180,Total,National,Women,Costa Rica,2010
19.100000381469727,26,8613,CRI,28679,226,146,140785,29180,36 years and older,Rural,Both sexes,Costa Rica,2010
18.399999618530273,26,8613,CRI,28679,226,265,140785,29180,36 years and older,Rural,Men,Costa Rica,2010
20,26,8613,CRI,28679,226,266,140785,29180,36 years and older,Rural,Women,Costa Rica,2010
17,26,8613,CRI,28679,226,146,140784,29180,Under 36 years old,Rural,Both sexes,Costa Rica,2010
16.600000381469727,26,8613,CRI,28679,226,265,140784,29180,Under 36 years old,Rural,Men,Costa Rica,2010
17.5,26,8613,CRI,28679,226,266,140784,29180,Under 36 years old,Rural,Women,Costa Rica,2010
17.799999237060547,26,8613,CRI,28679,226,146,140786,29180,Total,Rural,Both sexes,Costa Rica,2010
17.299999237060547,26,8613,CRI,28679,226,265,140786,29180,Total,Rural,Men,Costa Rica,2010
18.299999237060547,26,8613,CRI,28679,226,266,140786,29180,Total,Rural,Women,Costa Rica,2010
40.5,26,8613,CRI,28680,226,146,140785,29180,36 years and older,Urban,Both sexes,Costa Rica,2010
39.099998474121094,26,8613,CRI,28680,226,265,140785,29180,36 years and older,Urban,Men,Costa Rica,2010
42.099998474121094,26,8613,CRI,28680,226,266,140785,29180,36 years and older,Urban,Women,Costa Rica,2010
41,26,8613,CRI,28680,226,146,140784,29180,Under 36 years old,Urban,Both sexes,Costa Rica,2010
44,26,8613,CRI,28680,226,265,140784,29180,Under 36 years old,Urban,Men,Costa Rica,2010
37.79999923706055,26,8613,CRI,28680,226,266,140784,29180,Under 36 years old,Urban,Women,Costa Rica,2010
40.79999923706055,26,8613,CRI,28680,226,146,140786,29180,Total,Urban,Both sexes,Costa Rica,2010
41.900001525878906,26,8613,CRI,28680,226,265,140786,29180,Total,Urban,Men,Costa Rica,2010
39.5,26,8613,CRI,28680,226,266,140786,29180,Total,Urban,Women,Costa Rica,2010
25.799999237060547,26,8613,CRI,28681,226,146,140785,29181,36 years and older,National,Both sexes,Costa Rica,2011
23.399999618530273,26,8613,CRI,28681,226,265,140785,29181,36 years and older,National,Men,Costa Rica,2011
28.899999618530273,26,8613,CRI,28681,226,266,140785,29181,36 years and older,National,Women,Costa Rica,2011
23.799999237060547,26,8613,CRI,28681,226,146,140784,29181,Under 36 years old,National,Both sexes,Costa Rica,2011
23.799999237060547,26,8613,CRI,28681,226,265,140784,29181,Under 36 years old,National,Men,Costa Rica,2011
23.899999618530273,26,8613,CRI,28681,226,266,140784,29181,Under 36 years old,National,Women,Costa Rica,2011
24.600000381469727,26,8613,CRI,28681,226,146,140786,29181,Total,National,Both sexes,Costa Rica,2011
23.600000381469727,26,8613,CRI,28681,226,265,140786,29181,Total,National,Men,Costa Rica,2011
25.600000381469727,26,8613,CRI,28681,226,266,140786,29181,Total,National,Women,Costa Rica,2011
21.5,26,8613,CRI,28679,226,146,140785,29181,36 years and older,Rural,Both sexes,Costa Rica,2011
19.899999618530273,26,8613,CRI,28679,226,265,140785,29181,36 years and older,Rural,Men,Costa Rica,2011
23.600000381469727,26,8613,CRI,28679,226,266,140785,29181,36 years and older,Rural,Women,Costa Rica,2011
20.100000381469727,26,8613,CRI,28679,226,146,140784,29181,Under 36 years old,Rural,Both sexes,Costa Rica,2011
19.5,26,8613,CRI,28679,226,265,140784,29181,Under 36 years old,Rural,Men,Costa Rica,2011
20.799999237060547,26,8613,CRI,28679,226,266,140784,29181,Under 36 years old,Rural,Women,Costa Rica,2011
20.600000381469727,26,8613,CRI,28679,226,146,140786,29181,Total,Rural,Both sexes,Costa Rica,2011
19.600000381469727,26,8613,CRI,28679,226,265,140786,29181,Total,Rural,Men,Costa Rica,2011
21.700000762939453,26,8613,CRI,28679,226,266,140786,29181,Total,Rural,Women,Costa Rica,2011
45.099998474121094,26,8613,CRI,28680,226,146,140785,29181,36 years and older,Urban,Both sexes,Costa Rica,2011
38.900001525878906,26,8613,CRI,28680,226,265,140785,29181,36 years and older,Urban,Men,Costa Rica,2011
53.599998474121094,26,8613,CRI,28680,226,266,140785,29181,36 years and older,Urban,Women,Costa Rica,2011
42.29999923706055,26,8613,CRI,28680,226,146,140784,29181,Under 36 years old,Urban,Both sexes,Costa Rica,2011
44.20000076293945,26,8613,CRI,28680,226,265,140784,29181,Under 36 years old,Urban,Men,Costa Rica,2011
40.20000076293945,26,8613,CRI,28680,226,266,140784,29181,Under 36 years old,Urban,Women,Costa Rica,2011
43.400001525878906,26,8613,CRI,28680,226,146,140786,29181,Total,Urban,Both sexes,Costa Rica,2011
42,26,8613,CRI,28680,226,265,140786,29181,Total,Urban,Men,Costa Rica,2011
45.20000076293945,26,8613,CRI,28680,226,266,140786,29181,Total,Urban,Women,Costa Rica,2011
28.899999618530273,26,8613,CRI,28681,226,146,140785,29182,36 years and older,National,Both sexes,Costa Rica,2012
27.399999618530273,26,8613,CRI,28681,226,265,140785,29182,36 years and older,National,Men,Costa Rica,2012
30.799999237060547,26,8613,CRI,28681,226,266,140785,29182,36 years and older,National,Women,Costa Rica,2012
26.399999618530273,26,8613,CRI,28681,226,146,140784,29182,Under 36 years old,National,Both sexes,Costa Rica,2012
27.299999237060547,26,8613,CRI,28681,226,265,140784,29182,Under 36 years old,National,Men,Costa Rica,2012
25.5,26,8613,CRI,28681,226,266,140784,29182,Under 36 years old,National,Women,Costa Rica,2012
27.399999618530273,26,8613,CRI,28681,226,146,140786,29182,Total,National,Both sexes,Costa Rica,2012
27.299999237060547,26,8613,CRI,28681,226,265,140786,29182,Total,National,Men,Costa Rica,2012
27.399999618530273,26,8613,CRI,28681,226,266,140786,29182,Total,National,Women,Costa Rica,2012
24.700000762939453,26,8613,CRI,28679,226,146,140785,29182,36 years and older,Rural,Both sexes,Costa Rica,2012
23.200000762939453,26,8613,CRI,28679,226,265,140785,29182,36 years and older,Rural,Men,Costa Rica,2012
26.600000381469727,26,8613,CRI,28679,226,266,140785,29182,36 years and older,Rural,Women,Costa Rica,2012
23.399999618530273,26,8613,CRI,28679,226,146,140784,29182,Under 36 years old,Rural,Both sexes,Costa Rica,2012
24,26,8613,CRI,28679,226,265,140784,29182,Under 36 years old,Rural,Men,Costa Rica,2012
22.700000762939453,26,8613,CRI,28679,226,266,140784,29182,Under 36 years old,Rural,Women,Costa Rica,2012
23.899999618530273,26,8613,CRI,28679,226,146,140786,29182,Total,Rural,Both sexes,Costa Rica,2012
23.700000762939453,26,8613,CRI,28679,226,265,140786,29182,Total,Rural,Men,Costa Rica,2012
24.100000381469727,26,8613,CRI,28679,226,266,140786,29182,Total,Rural,Women,Costa Rica,2012
52.20000076293945,26,8613,CRI,28680,226,146,140785,29182,36 years and older,Urban,Both sexes,Costa Rica,2012
51.400001525878906,26,"8613,13639",CRI,28680,226,265,140785,29182,36 years and older,Urban,Men,Costa Rica,2012
53,26,"8613,13639",CRI,28680,226,266,140785,29182,36 years and older,Urban,Women,Costa Rica,2012
48.20000076293945,26,8613,CRI,28680,226,146,140784,29182,Under 36 years old,Urban,Both sexes,Costa Rica,2012
49.79999923706055,26,8613,CRI,28680,226,265,140784,29182,Under 36 years old,Urban,Men,Costa Rica,2012
46.400001525878906,26,8613,CRI,28680,226,266,140784,29182,Under 36 years old,Urban,Women,Costa Rica,2012
50,26,8613,CRI,28680,226,146,140786,29182,Total,Urban,Both sexes,Costa Rica,2012
50.5,26,8613,CRI,28680,226,265,140786,29182,Total,Urban,Men,Costa Rica,2012
49.29999923706055,26,8613,CRI,28680,226,266,140786,29182,Total,Urban,Women,Costa Rica,2012
35.099998474121094,26,8613,CRI,28681,226,146,140785,29183,36 years and older,National,Both sexes,Costa Rica,2013
33.29999923706055,26,8613,CRI,28681,226,265,140785,29183,36 years and older,National,Men,Costa Rica,2013
37.5,26,8613,CRI,28681,226,266,140785,29183,36 years and older,National,Women,Costa Rica,2013
31.100000381469727,26,8613,CRI,28681,226,146,140784,29183,Under 36 years old,National,Both sexes,Costa Rica,2013
30.899999618530273,26,8613,CRI,28681,226,265,140784,29183,Under 36 years old,National,Men,Costa Rica,2013
31.399999618530273,26,8613,CRI,28681,226,266,140784,29183,Under 36 years old,National,Women,Costa Rica,2013
32.70000076293945,26,8613,CRI,28681,226,146,140786,29183,Total,National,Both sexes,Costa Rica,2013
31.899999618530273,26,8613,CRI,28681,226,265,140786,29183,Total,National,Men,Costa Rica,2013
33.599998474121094,26,8613,CRI,28681,226,266,140786,29183,Total,National,Women,Costa Rica,2013
30.200000762939453,26,8613,CRI,28679,226,146,140785,29183,36 years and older,Rural,Both sexes,Costa Rica,2013
28.200000762939453,26,8613,CRI,28679,226,265,140785,29183,36 years and older,Rural,Men,Costa Rica,2013
32.79999923706055,26,8613,CRI,28679,226,266,140785,29183,36 years and older,Rural,Women,Costa Rica,2013
27.600000381469727,26,8613,CRI,28679,226,146,140784,29183,Under 36 years old,Rural,Both sexes,Costa Rica,2013
27.5,26,8613,CRI,28679,226,265,140784,29183,Under 36 years old,Rural,Men,Costa Rica,2013
27.600000381469727,26,8613,CRI,28679,226,266,140784,29183,Under 36 years old,Rural,Women,Costa Rica,2013
28.600000381469727,26,8613,CRI,28679,226,146,140786,29183,Total,Rural,Both sexes,Costa Rica,2013
27.799999237060547,26,8613,CRI,28679,226,265,140786,29183,Total,Rural,Men,Costa Rica,2013
29.399999618530273,26,8613,CRI,28679,226,266,140786,29183,Total,Rural,Women,Costa Rica,2013
61.70000076293945,26,8613,CRI,28680,226,146,140785,29183,36 years and older,Urban,Both sexes,Costa Rica,2013
60.70000076293945,26,8613,CRI,28680,226,265,140785,29183,36 years and older,Urban,Men,Costa Rica,2013
63.099998474121094,26,8613,CRI,28680,226,266,140785,29183,36 years and older,Urban,Women,Costa Rica,2013
58.70000076293945,26,8613,CRI,28680,226,146,140784,29183,Under 36 years old,Urban,Both sexes,Costa Rica,2013
55.20000076293945,26,8613,CRI,28680,226,265,140784,29183,Under 36 years old,Urban,Men,Costa Rica,2013
62.900001525878906,26,8613,CRI,28680,226,266,140784,29183,Under 36 years old,Urban,Women,Costa Rica,2013
60.099998474121094,26,8613,CRI,28680,226,146,140786,29183,Total,Urban,Both sexes,Costa Rica,2013
57.79999923706055,26,8613,CRI,28680,226,265,140786,29183,Total,Urban,Men,Costa Rica,2013
63,26,8613,CRI,28680,226,266,140786,29183,Total,Urban,Women,Costa Rica,2013
34.5,26,8613,CRI,28681,226,146,140785,29184,36 years and older,National,Both sexes,Costa Rica,2014
30.899999618530273,26,8613,CRI,28681,226,265,140785,29184,36 years and older,National,Men,Costa Rica,2014
39.29999923706055,26,8613,CRI,28681,226,266,140785,29184,36 years and older,National,Women,Costa Rica,2014
34.29999923706055,26,8613,CRI,28681,226,146,140784,29184,Under 36 years old,National,Both sexes,Costa Rica,2014
34,26,8613,CRI,28681,226,265,140784,29184,Under 36 years old,National,Men,Costa Rica,2014
34.5,26,8613,CRI,28681,226,266,140784,29184,Under 36 years old,National,Women,Costa Rica,2014
34.400001525878906,26,8613,CRI,28681,226,146,140786,29184,Total,National,Both sexes,Costa Rica,2014
32.70000076293945,26,8613,CRI,28681,226,265,140786,29184,Total,National,Men,Costa Rica,2014
36.29999923706055,26,8613,CRI,28681,226,266,140786,29184,Total,National,Women,Costa Rica,2014
30.299999237060547,26,8613,CRI,28679,226,146,140785,29184,36 years and older,Rural,Both sexes,Costa Rica,2014
27.600000381469727,26,8613,CRI,28679,226,265,140785,29184,36 years and older,Rural,Men,Costa Rica,2014
34.099998474121094,26,8613,CRI,28679,226,266,140785,29184,36 years and older,Rural,Women,Costa Rica,2014
28.5,26,8613,CRI,28679,226,146,140784,29184,Under 36 years old,Rural,Both sexes,Costa Rica,2014
28.200000762939453,26,8613,CRI,28679,226,265,140784,29184,Under 36 years old,Rural,Men,Costa Rica,2014
28.799999237060547,26,8613,CRI,28679,226,266,140784,29184,Under 36 years old,Rural,Women,Costa Rica,2014
29.200000762939453,26,8613,CRI,28679,226,146,140786,29184,Total,Rural,Both sexes,Costa Rica,2014
27.899999618530273,26,8613,CRI,28679,226,265,140786,29184,Total,Rural,Men,Costa Rica,2014
30.799999237060547,26,8613,CRI,28679,226,266,140786,29184,Total,Rural,Women,Costa Rica,2014
46.20000076293945,26,8613,CRI,28680,226,146,140785,29184,36 years and older,Urban,Both sexes,Costa Rica,2014
40.79999923706055,26,8613,CRI,28680,226,265,140785,29184,36 years and older,Urban,Men,Costa Rica,2014
52.70000076293945,26,8613,CRI,28680,226,266,140785,29184,36 years and older,Urban,Women,Costa Rica,2014
53.400001525878906,26,8613,CRI,28680,226,146,140784,29184,Under 36 years old,Urban,Both sexes,Costa Rica,2014
53.29999923706055,26,8613,CRI,28680,226,265,140784,29184,Under 36 years old,Urban,Men,Costa Rica,2014
53.5,26,8613,CRI,28680,226,266,140784,29184,Under 36 years old,Urban,Women,Costa Rica,2014
50.29999923706055,26,8613,CRI,28680,226,146,140786,29184,Total,Urban,Both sexes,Costa Rica,2014
47.79999923706055,26,8613,CRI,28680,226,265,140786,29184,Total,Urban,Men,Costa Rica,2014
53.099998474121094,26,8613,CRI,28680,226,266,140786,29184,Total,Urban,Women,Costa Rica,2014
37.5,26,"8613,13639",CRI,28681,226,146,140785,29185,36 years and older,National,Both sexes,Costa Rica,2015
35.79999923706055,26,"8613,13639",CRI,28681,226,265,140785,29185,36 years and older,National,Men,Costa Rica,2015
39.599998474121094,26,"8613,13639",CRI,28681,226,266,140785,29185,36 years and older,National,Women,Costa Rica,2015
36.70000076293945,26,8613,CRI,28681,226,146,140784,29185,Under 36 years old,National,Both sexes,Costa Rica,2015
36,26,"8613,13639",CRI,28681,226,265,140784,29185,Under 36 years old,National,Men,Costa Rica,2015
37.5,26,"8613,13639",CRI,28681,226,266,140784,29185,Under 36 years old,National,Women,Costa Rica,2015
37,26,8613,CRI,28681,226,146,140786,29185,Total,National,Both sexes,Costa Rica,2015
35.900001525878906,26,8613,CRI,28681,226,265,140786,29185,Total,National,Men,Costa Rica,2015
38.29999923706055,26,8613,CRI,28681,226,266,140786,29185,Total,National,Women,Costa Rica,2015
33.20000076293945,26,"8613,13639",CRI,28679,226,146,140785,29185,36 years and older,Rural,Both sexes,Costa Rica,2015
31.299999237060547,26,"8613,13639",CRI,28679,226,265,140785,29185,36 years and older,Rural,Men,Costa Rica,2015
35.79999923706055,26,"8613,13639",CRI,28679,226,266,140785,29185,36 years and older,Rural,Women,Costa Rica,2015
32.599998474121094,26,"8613,13639",CRI,28679,226,146,140784,29185,Under 36 years old,Rural,Both sexes,Costa Rica,2015
32.70000076293945,26,"8613,13639",CRI,28679,226,265,140784,29185,Under 36 years old,Rural,Men,Costa Rica,2015
32.400001525878906,26,"8613,13639",CRI,28679,226,266,140784,29185,Under 36 years old,Rural,Women,Costa Rica,2015
32.79999923706055,26,8613,CRI,28679,226,146,140786,29185,Total,Rural,Both sexes,Costa Rica,2015
32.099998474121094,26,"8613,13639",CRI,28679,226,265,140786,29185,Total,Rural,Men,Costa Rica,2015
33.70000076293945,26,"8613,13639",CRI,28679,226,266,140786,29185,Total,Rural,Women,Costa Rica,2015
46.599998474121094,26,"8613,13639",CRI,28680,226,146,140785,29185,36 years and older,Urban,Both sexes,Costa Rica,2015
46,26,"8613,13639",CRI,28680,226,265,140785,29185,36 years and older,Urban,Men,Costa Rica,2015
47.20000076293945,26,"8613,13639",CRI,28680,226,266,140785,29185,36 years and older,Urban,Women,Costa Rica,2015
46,26,"8613,13639",CRI,28680,226,146,140784,29185,Under 36 years old,Urban,Both sexes,Costa Rica,2015
43.20000076293945,26,"8613,13639",CRI,28680,226,265,140784,29185,Under 36 years old,Urban,Men,Costa Rica,2015
48.900001525878906,26,"8613,13639",CRI,28680,226,266,140784,29185,Under 36 years old,Urban,Women,Costa Rica,2015
46.20000076293945,26,"8613,13639",CRI,28680,226,146,140786,29185,Total,Urban,Both sexes,Costa Rica,2015
44.400001525878906,26,"8613,13639",CRI,28680,226,265,140786,29185,Total,Urban,Men,Costa Rica,2015
48.20000076293945,26,"8613,13639",CRI,28680,226,266,140786,29185,Total,Urban,Women,Costa Rica,2015
35,26,"8613,13639",CRI,28681,226,146,140785,29186,36 years and older,National,Both sexes,Costa Rica,2016
31.700000762939453,26,"8613,13639",CRI,28681,226,265,140785,29186,36 years and older,National,Men,Costa Rica,2016
39.099998474121094,26,"8613,13639",CRI,28681,226,266,140785,29186,36 years and older,National,Women,Costa Rica,2016
33.900001525878906,26,8613,CRI,28681,226,146,140784,29186,Under 36 years old,National,Both sexes,Costa Rica,2016
33.099998474121094,26,"8613,13639",CRI,28681,226,265,140784,29186,Under 36 years old,National,Men,Costa Rica,2016
34.599998474121094,26,"8613,13639",CRI,28681,226,266,140784,29186,Under 36 years old,National,Women,Costa Rica,2016
34.29999923706055,26,8613,CRI,28681,226,146,140786,29186,Total,National,Both sexes,Costa Rica,2016
32.5,26,8613,CRI,28681,226,265,140786,29186,Total,National,Men,Costa Rica,2016
36.29999923706055,26,8613,CRI,28681,226,266,140786,29186,Total,National,Women,Costa Rica,2016
30.5,26,"8613,13639",CRI,28679,226,146,140785,29186,36 years and older,Rural,Both sexes,Costa Rica,2016
28.200000762939453,26,"8613,13639",CRI,28679,226,265,140785,29186,36 years and older,Rural,Men,Costa Rica,2016
33.599998474121094,26,"8613,13639",CRI,28679,226,266,140785,29186,36 years and older,Rural,Women,Costa Rica,2016
29.200000762939453,26,8613,CRI,28679,226,146,140784,29186,Under 36 years old,Rural,Both sexes,Costa Rica,2016
28.5,26,"8613,13639",CRI,28679,226,265,140784,29186,Under 36 years old,Rural,Men,Costa Rica,2016
30,26,"8613,13639",CRI,28679,226,266,140784,29186,Under 36 years old,Rural,Women,Costa Rica,2016
29.700000762939453,26,8613,CRI,28679,226,146,140786,29186,Total,Rural,Both sexes,Costa Rica,2016
28.399999618530273,26,"8613,13639",CRI,28679,226,265,140786,29186,Total,Rural,Men,Costa Rica,2016
31.299999237060547,26,"8613,13639",CRI,28679,226,266,140786,29186,Total,Rural,Women,Costa Rica,2016
45.5,26,"8613,13639",CRI,28680,226,146,140785,29186,36 years and older,Urban,Both sexes,Costa Rica,2016
40.400001525878906,26,"8613,13639",CRI,28680,226,265,140785,29186,36 years and older,Urban,Men,Costa Rica,2016
51.5,26,"8613,13639",CRI,28680,226,266,140785,29186,36 years and older,Urban,Women,Costa Rica,2016
45,26,"8613,13639",CRI,28680,226,146,140784,29186,Under 36 years old,Urban,Both sexes,Costa Rica,2016
44.099998474121094,26,"8613,13639",CRI,28680,226,265,140784,29186,Under 36 years old,Urban,Men,Costa Rica,2016
46,26,"8613,13639",CRI,28680,226,266,140784,29186,Under 36 years old,Urban,Women,Costa Rica,2016
45.20000076293945,26,"8613,13639",CRI,28680,226,146,140786,29186,Total,Urban,Both sexes,Costa Rica,2016
42.599998474121094,26,"8613,13639",CRI,28680,226,265,140786,29186,Total,Urban,Men,Costa Rica,2016
48.099998474121094,26,"8613,13639",CRI,28680,226,266,140786,29186,Total,Urban,Women,Costa Rica,2016
35,26,"8613,13639",CRI,28681,226,146,140785,29187,36 years and older,National,Both sexes,Costa Rica,2017
32.599998474121094,26,"8613,13639",CRI,28681,226,265,140785,29187,36 years and older,National,Men,Costa Rica,2017
38.20000076293945,26,"8613,13639",CRI,28681,226,266,140785,29187,36 years and older,National,Women,Costa Rica,2017
34.099998474121094,26,8613,CRI,28681,226,146,140784,29187,Under 36 years old,National,Both sexes,Costa Rica,2017
31.799999237060547,26,"8613,13639",CRI,28681,226,265,140784,29187,Under 36 years old,National,Men,Costa Rica,2017
36.599998474121094,26,"8613,13639",CRI,28681,226,266,140784,29187,Under 36 years old,National,Women,Costa Rica,2017
34.5,26,8613,CRI,28681,226,146,140786,29187,Total,National,Both sexes,Costa Rica,2017
32.099998474121094,26,8613,CRI,28681,226,265,140786,29187,Total,National,Men,Costa Rica,2017
37.20000076293945,26,"8613,13639",CRI,28681,226,266,140786,29187,Total,National,Women,Costa Rica,2017
29.600000381469727,26,"8613,13639",CRI,28679,226,146,140785,29187,36 years and older,Rural,Both sexes,Costa Rica,2017
27.799999237060547,26,"8613,13639",CRI,28679,226,265,140785,29187,36 years and older,Rural,Men,Costa Rica,2017
32.099998474121094,26,"8613,13639",CRI,28679,226,266,140785,29187,36 years and older,Rural,Women,Costa Rica,2017
30,26,"8613,13639",CRI,28679,226,146,140784,29187,Under 36 years old,Rural,Both sexes,Costa Rica,2017
27.899999618530273,26,"8613,13639",CRI,28679,226,265,140784,29187,Under 36 years old,Rural,Men,Costa Rica,2017
32.29999923706055,26,"8613,13639",CRI,28679,226,266,140784,29187,Under 36 years old,Rural,Women,Costa Rica,2017
29.899999618530273,26,8613,CRI,28679,226,146,140786,29187,Total,Rural,Both sexes,Costa Rica,2017
27.899999618530273,26,"8613,13639",CRI,28679,226,265,140786,29187,Total,Rural,Men,Costa Rica,2017
32.20000076293945,26,"8613,13639",CRI,28679,226,266,140786,29187,Total,Rural,Women,Costa Rica,2017
48.29999923706055,26,"8613,13639",CRI,28680,226,146,140785,29187,36 years and older,Urban,Both sexes,Costa Rica,2017
45,26,"8613,13639",CRI,28680,226,265,140785,29187,36 years and older,Urban,Men,Costa Rica,2017
52.5,26,"8613,13639",CRI,28680,226,266,140785,29187,36 years and older,Urban,Women,Costa Rica,2017
44.79999923706055,26,"8613,13639",CRI,28680,226,146,140784,29187,Under 36 years old,Urban,Both sexes,Costa Rica,2017
41.79999923706055,26,"8613,13639",CRI,28680,226,265,140784,29187,Under 36 years old,Urban,Men,Costa Rica,2017
47.900001525878906,26,"8613,13639",CRI,28680,226,266,140784,29187,Under 36 years old,Urban,Women,Costa Rica,2017
46.20000076293945,26,"8613,13639",CRI,28680,226,146,140786,29187,Total,Urban,Both sexes,Costa Rica,2017
43.099998474121094,26,"8613,13639",CRI,28680,226,265,140786,29187,Total,Urban,Men,Costa Rica,2017
49.79999923706055,26,"8613,13639",CRI,28680,226,266,140786,29187,Total,Urban,Women,Costa Rica,2017
31.600000381469727,26,"8613,13639",CRI,28681,226,146,140785,29188,36 years and older,National,Both sexes,Costa Rica,2018
28.700000762939453,26,"8613,13639",CRI,28681,226,265,140785,29188,36 years and older,National,Men,Costa Rica,2018
35.5,26,"8613,13639",CRI,28681,226,266,140785,29188,36 years and older,National,Women,Costa Rica,2018
34.70000076293945,26,8613,CRI,28681,226,146,140784,29188,Under 36 years old,National,Both sexes,Costa Rica,2018
32.400001525878906,26,"8613,13639",CRI,28681,226,265,140784,29188,Under 36 years old,National,Men,Costa Rica,2018
37.29999923706055,26,"8613,13639",CRI,28681,226,266,140784,29188,Under 36 years old,National,Women,Costa Rica,2018
33.400001525878906,26,8613,CRI,28681,226,146,140786,29188,Total,National,Both sexes,Costa Rica,2018
30.799999237060547,26,8613,CRI,28681,226,265,140786,29188,Total,National,Men,Costa Rica,2018
36.599998474121094,26,"8613,13639",CRI,28681,226,266,140786,29188,Total,National,Women,Costa Rica,2018
27.799999237060547,26,"8613,13639",CRI,28679,226,146,140785,29188,36 years and older,Rural,Both sexes,Costa Rica,2018
26.200000762939453,26,"8613,13639",CRI,28679,226,265,140785,29188,36 years and older,Rural,Men,Costa Rica,2018
30.100000381469727,26,"8613,13639",CRI,28679,226,266,140785,29188,36 years and older,Rural,Women,Costa Rica,2018
30.600000381469727,26,"8613,13639",CRI,28679,226,146,140784,29188,Under 36 years old,Rural,Both sexes,Costa Rica,2018
27.5,26,"8613,13639",CRI,28679,226,265,140784,29188,Under 36 years old,Rural,Men,Costa Rica,2018
34,26,"8613,13639",CRI,28679,226,266,140784,29188,Under 36 years old,Rural,Women,Costa Rica,2018
29.399999618530273,26,8613,CRI,28679,226,146,140786,29188,Total,Rural,Both sexes,Costa Rica,2018
26.899999618530273,26,"8613,13639",CRI,28679,226,265,140786,29188,Total,Rural,Men,Costa Rica,2018
32.400001525878906,26,"8613,13639",CRI,28679,226,266,140786,29188,Total,Rural,Women,Costa Rica,2018
41,26,"8613,13639",CRI,28680,226,146,140785,29188,36 years and older,Urban,Both sexes,Costa Rica,2018
35.20000076293945,26,"8613,13639",CRI,28680,226,265,140785,29188,36 years and older,Urban,Men,Costa Rica,2018
48.5,26,"8613,13639",CRI,28680,226,266,140785,29188,36 years and older,Urban,Women,Costa Rica,2018
44.20000076293945,26,"8613,13639",CRI,28680,226,146,140784,29188,Under 36 years old,Urban,Both sexes,Costa Rica,2018
43.5,26,"8613,13639",CRI,28680,226,265,140784,29188,Under 36 years old,Urban,Men,Costa Rica,2018
45.099998474121094,26,"8613,13639",CRI,28680,226,266,140784,29188,Under 36 years old,Urban,Women,Costa Rica,2018
42.900001525878906,26,"8613,13639",CRI,28680,226,146,140786,29188,Total,Urban,Both sexes,Costa Rica,2018
40,26,"8613,13639",CRI,28680,226,265,140786,29188,Total,Urban,Men,Costa Rica,2018
46.400001525878906,26,"8613,13639",CRI,28680,226,266,140786,29188,Total,Urban,Women,Costa Rica,2018
33.400001525878906,26,"8613,13639",CRI,28681,226,146,140785,29189,36 years and older,National,Both sexes,Costa Rica,2019
31.100000381469727,26,"8613,13639",CRI,28681,226,265,140785,29189,36 years and older,National,Men,Costa Rica,2019
36.29999923706055,26,"8613,13639",CRI,28681,226,266,140785,29189,36 years and older,National,Women,Costa Rica,2019
33.099998474121094,26,8613,CRI,28681,226,146,140784,29189,Under 36 years old,National,Both sexes,Costa Rica,2019
32.79999923706055,26,"8613,13639",CRI,28681,226,265,140784,29189,Under 36 years old,National,Men,Costa Rica,2019
33.400001525878906,26,"8613,13639",CRI,28681,226,266,140784,29189,Under 36 years old,National,Women,Costa Rica,2019
33.20000076293945,26,8613,CRI,28681,226,146,140786,29189,Total,National,Both sexes,Costa Rica,2019
32,26,"8613,13639",CRI,28681,226,265,140786,29189,Total,National,Men,Costa Rica,2019
34.5,26,"8613,13639",CRI,28681,226,266,140786,29189,Total,National,Women,Costa Rica,2019
25.899999618530273,26,"8613,13639",CRI,28681,226,265,140784,29193,Under 36 years old,National,Men,Costa Rica,2023
28.700000762939453,26,"8613,13639",CRI,28681,226,266,140784,29193,Under 36 years old,National,Women,Costa Rica,2023
27.299999237060547,26,8613,CRI,28681,226,146,140786,29193,Total,National,Both sexes,Costa Rica,2023
26,26,"8613,13639",CRI,28681,226,265,140786,29193,Total,National,Men,Costa Rica,2023
28.799999237060547,26,"8613,13639",CRI,28681,226,266,140786,29193,Total,National,Women,Costa Rica,2023
25.399999618530273,26,"8613,13639",CRI,28679,226,146,140785,29193,36 years and older,Rural,Both sexes,Costa Rica,2023
24,26,"8613,13639",CRI,28679,226,265,140785,29193,36 years and older,Rural,Men,Costa Rica,2023
27.399999618530273,26,"8613,13639",CRI,28679,226,266,140785,29193,36 years and older,Rural,Women,Costa Rica,2023
26.200000762939453,26,"8613,13639",CRI,28679,226,146,140784,29193,Under 36 years old,Rural,Both sexes,Costa Rica,2023
23.799999237060547,26,"8613,13639",CRI,28679,226,265,140784,29193,Under 36 years old,Rural,Men,Costa Rica,2023
28.799999237060547,26,"8613,13639",CRI,28679,226,266,140784,29193,Under 36 years old,Rural,Women,Costa Rica,2023
25.899999618530273,26,8613,CRI,28679,226,146,140786,29193,Total,Rural,Both sexes,Costa Rica,2023
23.899999618530273,26,"8613,13639",CRI,28679,226,265,140786,29193,Total,Rural,Men,Costa Rica,2023
28.200000762939453,26,"8613,13639",CRI,28679,226,266,140786,29193,Total,Rural,Women,Costa Rica,2023
32.400001525878906,26,"8613,13639",CRI,28680,226,146,140785,29193,36 years and older,Urban,Both sexes,Costa Rica,2023
32.20000076293945,26,"8613,13639",CRI,28680,226,265,140785,29193,36 years and older,Urban,Men,Costa Rica,2023
32.70000076293945,26,"8613,13639",CRI,28680,226,266,140785,29193,36 years and older,Urban,Women,Costa Rica,2023
30.299999237060547,26,"8613,13639",CRI,28680,226,146,140784,29193,Under 36 years old,Urban,Both sexes,Costa Rica,2023
32,26,"8613,13639",CRI,28680,226,265,140784,29193,Under 36 years old,Urban,Men,Costa Rica,2023
28.5,26,"8613,13639",CRI,28680,226,266,140784,29193,Under 36 years old,Urban,Women,Costa Rica,2023
31.299999237060547,26,"8613,13639",CRI,28680,226,146,140786,29193,Total,Urban,Both sexes,Costa Rica,2023
32.099998474121094,26,"8613,13639",CRI,28680,226,265,140786,29193,Total,Urban,Men,Costa Rica,2023
30.399999618530273,26,"8613,13639",CRI,28680,226,266,140786,29193,Total,Urban,Women,Costa Rica,2023
27.700000762939453,26,"8613,13639",CRI,28681,226,146,140785,29194,36 years and older,National,Both sexes,Costa Rica,2024
26.200000762939453,26,"8613,13639",CRI,28681,226,265,140785,29194,36 years and older,National,Men,Costa Rica,2024
29.600000381469727,26,"8613,13639",CRI,28681,226,266,140785,29194,36 years and older,National,Women,Costa Rica,2024
27.799999237060547,26,"8613,13639",CRI,28681,226,146,140784,29194,Under 36 years old,National,Both sexes,Costa Rica,2024
27.100000381469727,26,"8613,13639",CRI,28681,226,265,140784,29194,Under 36 years old,National,Men,Costa Rica,2024
28.600000381469727,26,"8613,13639",CRI,28681,226,266,140784,29194,Under 36 years old,National,Women,Costa Rica,2024
27.799999237060547,26,8613,CRI,28681,226,146,140786,29194,Total,National,Both sexes,Costa Rica,2024
26.600000381469727,26,"8613,13639",CRI,28681,226,265,140786,29194,Total,National,Men,Costa Rica,2024
29.100000381469727,26,"8613,13639",CRI,28681,226,266,140786,29194,Total,National,Women,Costa Rica,2024
26,26,"8613,13639",CRI,28679,226,146,140785,29194,36 years and older,Rural,Both sexes,Costa Rica,2024
24.399999618530273,26,"8613,13639",CRI,28679,226,265,140785,29194,36 years and older,Rural,Men,Costa Rica,2024
28,26,"8613,13639",CRI,28679,226,266,140785,29194,36 years and older,Rural,Women,Costa Rica,2024
27.5,26,"8613,13639",CRI,28679,226,146,140784,29194,Under 36 years old,Rural,Both sexes,Costa Rica,2024
25.899999618530273,26,"8613,13639",CRI,28679,226,265,140784,29194,Under 36 years old,Rural,Men,Costa Rica,2024
29.200000762939453,26,"8613,13639",CRI,28679,226,266,140784,29194,Under 36 years old,Rural,Women,Costa Rica,2024
26.799999237060547,26,"8613,13639",CRI,28679,226,146,140786,29194,Total,Rural,Both sexes,Costa Rica,2024
25.200000762939453,26,"8613,13639",CRI,28679,226,265,140786,29194,Total,Rural,Men,Costa Rica,2024
28.700000762939453,26,"8613,13639",CRI,28679,226,266,140786,29194,Total,Rural,Women,Costa Rica,2024
31.899999618530273,26,"8613,13639",CRI,28680,226,146,140785,29194,36 years and older,Urban,Both sexes,Costa Rica,2024
30.600000381469727,26,"8613,13639",CRI,28680,226,265,140785,29194,36 years and older,Urban,Men,Costa Rica,2024
33.400001525878906,26,"8613,13639",CRI,28680,226,266,140785,29194,36 years and older,Urban,Women,Costa Rica,2024
28.5,26,"8613,13639",CRI,28680,226,146,140784,29194,Under 36 years old,Urban,Both sexes,Costa Rica,2024
29.799999237060547,26,"8613,13639",CRI,28680,226,265,140784,29194,Under 36 years old,Urban,Men,Costa Rica,2024
26.899999618530273,26,"8613,13639",CRI,28680,226,266,140784,29194,Under 36 years old,Urban,Women,Costa Rica,2024
30.100000381469727,26,"8613,13639",CRI,28680,226,146,140786,29194,Total,Urban,Both sexes,Costa Rica,2024
30.200000762939453,26,"8613,13639",CRI,28680,226,265,140786,29194,Total,Urban,Men,Costa Rica,2024
30.100000381469727,26,"8613,13639",CRI,28680,226,266,140786,29194,Total,Urban,Women,Costa Rica,2024
2.299999952316284,26,,ECU,28681,229,146,140785,29171,36 years and older,National,Both sexes,Ecuador,2001
2.5,26,,ECU,28681,229,265,140785,29171,36 years and older,National,Men,Ecuador,2001
2.200000047683716,26,,ECU,28681,229,266,140785,29171,36 years and older,National,Women,Ecuador,2001
1.600000023841858,26,,ECU,28681,229,146,140784,29171,Under 36 years old,National,Both sexes,Ecuador,2001
1.2999999523162842,26,,ECU,28681,229,265,140784,29171,Under 36 years old,National,Men,Ecuador,2001
2,26,,ECU,28681,229,266,140784,29171,Under 36 years old,National,Women,Ecuador,2001
1.7999999523162842,26,,ECU,28681,229,146,140786,29171,Total,National,Both sexes,Ecuador,2001
1.7000000476837158,26,,ECU,28681,229,265,140786,29171,Total,National,Men,Ecuador,2001
2,26,,ECU,28681,229,266,140786,29171,Total,National,Women,Ecuador,2001
0.8999999761581421,26,,ECU,28679,229,146,140785,29171,36 years and older,Rural,Both sexes,Ecuador,2001
0.8999999761581421,26,,ECU,28679,229,265,140785,29171,36 years and older,Rural,Men,Ecuador,2001
0.8999999761581421,26,,ECU,28679,229,266,140785,29171,36 years and older,Rural,Women,Ecuador,2001
0.699999988079071,26,,ECU,28679,229,146,140784,29171,Under 36 years old,Rural,Both sexes,Ecuador,2001
0.5,26,,ECU,28679,229,265,140784,29171,Under 36 years old,Rural,Men,Ecuador,2001
0.800000011920929,26,,ECU,28679,229,266,140784,29171,Under 36 years old,Rural,Women,Ecuador,2001
0.699999988079071,26,,ECU,28679,229,146,140786,29171,Total,Rural,Both sexes,Ecuador,2001
0.6000000238418579,26,,ECU,28679,229,265,140786,29171,Total,Rural,Men,Ecuador,2001
0.800000011920929,26,,ECU,28679,229,266,140786,29171,Total,Rural,Women,Ecuador,2001
8.600000381469727,26,,ECU,28680,229,146,140785,29171,36 years and older,Urban,Both sexes,Ecuador,2001
9.100000381469727,26,,ECU,28680,229,265,140785,29171,36 years and older,Urban,Men,Ecuador,2001
7.900000095367432,26,,ECU,28680,229,266,140785,29171,36 years and older,Urban,Women,Ecuador,2001
5.400000095367432,26,,ECU,28680,229,146,140784,29171,Under 36 years old,Urban,Both sexes,Ecuador,2001
4.400000095367432,26,,ECU,28680,229,265,140784,29171,Under 36 years old,Urban,Men,Ecuador,2001
6.400000095367432,26,,ECU,28680,229,266,140784,29171,Under 36 years old,Urban,Women,Ecuador,2001
6.400000095367432,26,,ECU,28680,229,146,140786,29171,Total,Urban,Both sexes,Ecuador,2001
6,26,,ECU,28680,229,265,140786,29171,Total,Urban,Men,Ecuador,2001
6.800000190734863,26,,ECU,28680,229,266,140786,29171,Total,Urban,Women,Ecuador,2001
4.300000190734863,26,,ECU,28681,229,146,140785,29176,36 years and older,National,Both sexes,Ecuador,2006
4.099999904632568,26,,ECU,28681,229,265,140785,29176,36 years and older,National,Men,Ecuador,2006
4.5,26,,ECU,28681,229,266,140785,29176,36 years and older,National,Women,Ecuador,2006
3.700000047683716,26,,ECU,28681,229,146,140784,29176,Under 36 years old,National,Both sexes,Ecuador,2006
3.5,26,,ECU,28681,229,265,140784,29176,Under 36 years old,National,Men,Ecuador,2006
3.9000000953674316,26,,ECU,28681,229,266,140784,29176,Under 36 years old,National,Women,Ecuador,2006
3.9000000953674316,26,,ECU,28681,229,146,140786,29176,Total,National,Both sexes,Ecuador,2006
3.700000047683716,26,,ECU,28681,229,265,140786,29176,Total,National,Men,Ecuador,2006
4.099999904632568,26,,ECU,28681,229,266,140786,29176,Total,National,Women,Ecuador,2006
2.200000047683716,26,,ECU,28679,229,146,140785,29176,36 years and older,Rural,Both sexes,Ecuador,2006
2.0999999046325684,26,,ECU,28679,229,265,140785,29176,36 years and older,Rural,Men,Ecuador,2006
2.299999952316284,26,,ECU,28679,229,266,140785,29176,36 years and older,Rural,Women,Ecuador,2006
2.0999999046325684,26,,ECU,28679,229,146,140784,29176,Under 36 years old,Rural,Both sexes,Ecuador,2006
2.0999999046325684,26,,ECU,28679,229,265,140784,29176,Under 36 years old,Rural,Men,Ecuador,2006
2.200000047683716,26,,ECU,28679,229,266,140784,29176,Under 36 years old,Rural,Women,Ecuador,2006
2.0999999046325684,26,,ECU,28679,229,146,140786,29176,Total,Rural,Both sexes,Ecuador,2006
2.0999999046325684,26,,ECU,28679,229,265,140786,29176,Total,Rural,Men,Ecuador,2006
29.700000762939453,26,"8613,13639",CRI,28679,226,146,140785,29189,36 years and older,Rural,Both sexes,Costa Rica,2019
27.5,26,"8613,13639",CRI,28679,226,265,140785,29189,36 years and older,Rural,Men,Costa Rica,2019
32.400001525878906,26,"8613,13639",CRI,28679,226,266,140785,29189,36 years and older,Rural,Women,Costa Rica,2019
29.600000381469727,26,"8613,13639",CRI,28679,226,146,140784,29189,Under 36 years old,Rural,Both sexes,Costa Rica,2019
29.399999618530273,26,"8613,13639",CRI,28679,226,265,140784,29189,Under 36 years old,Rural,Men,Costa Rica,2019
29.899999618530273,26,"8613,13639",CRI,28679,226,266,140784,29189,Under 36 years old,Rural,Women,Costa Rica,2019
29.600000381469727,26,8613,CRI,28679,226,146,140786,29189,Total,Rural,Both sexes,Costa Rica,2019
28.5,26,"8613,13639",CRI,28679,226,265,140786,29189,Total,Rural,Men,Costa Rica,2019
30.799999237060547,26,"8613,13639",CRI,28679,226,266,140786,29189,Total,Rural,Women,Costa Rica,2019
43.599998474121094,26,"8613,13639",CRI,28680,226,146,140785,29189,36 years and older,Urban,Both sexes,Costa Rica,2019
41.099998474121094,26,"8613,13639",CRI,28680,226,265,140785,29189,36 years and older,Urban,Men,Costa Rica,2019
46.599998474121094,26,"8613,13639",CRI,28680,226,266,140785,29189,36 years and older,Urban,Women,Costa Rica,2019
43.099998474121094,26,"8613,13639",CRI,28680,226,146,140784,29189,Under 36 years old,Urban,Both sexes,Costa Rica,2019
42.5,26,"8613,13639",CRI,28680,226,265,140784,29189,Under 36 years old,Urban,Men,Costa Rica,2019
43.70000076293945,26,"8613,13639",CRI,28680,226,266,140784,29189,Under 36 years old,Urban,Women,Costa Rica,2019
43.29999923706055,26,"8613,13639",CRI,28680,226,146,140786,29189,Total,Urban,Both sexes,Costa Rica,2019
41.900001525878906,26,"8613,13639",CRI,28680,226,265,140786,29189,Total,Urban,Men,Costa Rica,2019
44.900001525878906,26,"8613,13639",CRI,28680,226,266,140786,29189,Total,Urban,Women,Costa Rica,2019
37.29999923706055,26,"8613,13639",CRI,28681,226,146,140785,29190,36 years and older,National,Both sexes,Costa Rica,2020
34.29999923706055,26,"8613,13639",CRI,28681,226,265,140785,29190,36 years and older,National,Men,Costa Rica,2020
40.900001525878906,26,"8613,13639",CRI,28681,226,266,140785,29190,36 years and older,National,Women,Costa Rica,2020
37.5,26,"8613,13639",CRI,28681,226,146,140784,29190,Under 36 years old,National,Both sexes,Costa Rica,2020
35.79999923706055,26,"8613,13639",CRI,28681,226,265,140784,29190,Under 36 years old,National,Men,Costa Rica,2020
39.29999923706055,26,"8613,13639",CRI,28681,226,266,140784,29190,Under 36 years old,National,Women,Costa Rica,2020
37.400001525878906,26,8613,CRI,28681,226,146,140786,29190,Total,National,Both sexes,Costa Rica,2020
35.099998474121094,26,"8613,13639",CRI,28681,226,265,140786,29190,Total,National,Men,Costa Rica,2020
40,26,"8613,13639",CRI,28681,226,266,140786,29190,Total,National,Women,Costa Rica,2020
34.5,26,"8613,13639",CRI,28679,226,146,140785,29190,36 years and older,Rural,Both sexes,Costa Rica,2020
31.799999237060547,26,"8613,13639",CRI,28679,226,265,140785,29190,36 years and older,Rural,Men,Costa Rica,2020
38,26,"8613,13639",CRI,28679,226,266,140785,29190,36 years and older,Rural,Women,Costa Rica,2020
37.099998474121094,26,"8613,13639",CRI,28679,226,146,140784,29190,Under 36 years old,Rural,Both sexes,Costa Rica,2020
36.900001525878906,26,"8613,13639",CRI,28679,226,265,140784,29190,Under 36 years old,Rural,Men,Costa Rica,2020
37.400001525878906,26,"8613,13639",CRI,28679,226,266,140784,29190,Under 36 years old,Rural,Women,Costa Rica,2020
36,26,8613,CRI,28679,226,146,140786,29190,Total,Rural,Both sexes,Costa Rica,2020
34.5,26,"8613,13639",CRI,28679,226,265,140786,29190,Total,Rural,Men,Costa Rica,2020
37.599998474121094,26,"8613,13639",CRI,28679,226,266,140786,29190,Total,Rural,Women,Costa Rica,2020
44.099998474121094,26,"8613,13639",CRI,28680,226,146,140785,29190,36 years and older,Urban,Both sexes,Costa Rica,2020
40.70000076293945,26,"8613,13639",CRI,28680,226,265,140785,29190,36 years and older,Urban,Men,Costa Rica,2020
48.099998474121094,26,"8613,13639",CRI,28680,226,266,140785,29190,36 years and older,Urban,Women,Costa Rica,2020
38.599998474121094,26,"8613,13639",CRI,28680,226,146,140784,29190,Under 36 years old,Urban,Both sexes,Costa Rica,2020
32.900001525878906,26,"8613,13639",CRI,28680,226,265,140784,29190,Under 36 years old,Urban,Men,Costa Rica,2020
44.29999923706055,26,"8613,13639",CRI,28680,226,266,140784,29190,Under 36 years old,Urban,Women,Costa Rica,2020
41.099998474121094,26,"8613,13639",CRI,28680,226,146,140786,29190,Total,Urban,Both sexes,Costa Rica,2020
36.599998474121094,26,"8613,13639",CRI,28680,226,265,140786,29190,Total,Urban,Men,Costa Rica,2020
46,26,"8613,13639",CRI,28680,226,266,140786,29190,Total,Urban,Women,Costa Rica,2020
37.29999923706055,26,"8613,13639",CRI,28681,226,146,140785,29191,36 years and older,National,Both sexes,Costa Rica,2021
34.599998474121094,26,"8613,13639",CRI,28681,226,265,140785,29191,36 years and older,National,Men,Costa Rica,2021
40.599998474121094,26,"8613,13639",CRI,28681,226,266,140785,29191,36 years and older,National,Women,Costa Rica,2021
38.79999923706055,26,"8613,13639",CRI,28681,226,146,140784,29191,Under 36 years old,National,Both sexes,Costa Rica,2021
38.5,26,"8613,13639",CRI,28681,226,265,140784,29191,Under 36 years old,National,Men,Costa Rica,2021
39.099998474121094,26,"8613,13639",CRI,28681,226,266,140784,29191,Under 36 years old,National,Women,Costa Rica,2021
38.099998474121094,26,8613,CRI,28681,226,146,140786,29191,Total,National,Both sexes,Costa Rica,2021
36.70000076293945,26,"8613,13639",CRI,28681,226,265,140786,29191,Total,National,Men,Costa Rica,2021
39.70000076293945,26,"8613,13639",CRI,28681,226,266,140786,29191,Total,National,Women,Costa Rica,2021
33.099998474121094,26,"8613,13639",CRI,28679,226,146,140785,29191,36 years and older,Rural,Both sexes,Costa Rica,2021
30.600000381469727,26,"8613,13639",CRI,28679,226,265,140785,29191,36 years and older,Rural,Men,Costa Rica,2021
36.29999923706055,26,"8613,13639",CRI,28679,226,266,140785,29191,36 years and older,Rural,Women,Costa Rica,2021
34.400001525878906,26,"8613,13639",CRI,28679,226,146,140784,29191,Under 36 years old,Rural,Both sexes,Costa Rica,2021
33.900001525878906,26,"8613,13639",CRI,28679,226,265,140784,29191,Under 36 years old,Rural,Men,Costa Rica,2021
34.900001525878906,26,"8613,13639",CRI,28679,226,266,140784,29191,Under 36 years old,Rural,Women,Costa Rica,2021
33.79999923706055,26,8613,CRI,28679,226,146,140786,29191,Total,Rural,Both sexes,Costa Rica,2021
32.29999923706055,26,"8613,13639",CRI,28679,226,265,140786,29191,Total,Rural,Men,Costa Rica,2021
35.5,26,"8613,13639",CRI,28679,226,266,140786,29191,Total,Rural,Women,Costa Rica,2021
48.099998474121094,26,"8613,13639",CRI,28680,226,146,140785,29191,36 years and older,Urban,Both sexes,Costa Rica,2021
45.70000076293945,26,"8613,13639",CRI,28680,226,265,140785,29191,36 years and older,Urban,Men,Costa Rica,2021
50.79999923706055,26,"8613,13639",CRI,28680,226,266,140785,29191,36 years and older,Urban,Women,Costa Rica,2021
51,26,"8613,13639",CRI,28680,226,146,140784,29191,Under 36 years old,Urban,Both sexes,Costa Rica,2021
50.599998474121094,26,"8613,13639",CRI,28680,226,265,140784,29191,Under 36 years old,Urban,Men,Costa Rica,2021
51.400001525878906,26,"8613,13639",CRI,28680,226,266,140784,29191,Under 36 years old,Urban,Women,Costa Rica,2021
49.599998474121094,26,"8613,13639",CRI,28680,226,146,140786,29191,Total,Urban,Both sexes,Costa Rica,2021
48.400001525878906,26,"8613,13639",CRI,28680,226,265,140786,29191,Total,Urban,Men,Costa Rica,2021
51.099998474121094,26,"8613,13639",CRI,28680,226,266,140786,29191,Total,Urban,Women,Costa Rica,2021
35,26,"8613,13639",CRI,28681,226,146,140785,29192,36 years and older,National,Both sexes,Costa Rica,2022
33.400001525878906,26,"8613,13639",CRI,28681,226,265,140785,29192,36 years and older,National,Men,Costa Rica,2022
37.099998474121094,26,"8613,13639",CRI,28681,226,266,140785,29192,36 years and older,National,Women,Costa Rica,2022
38,26,"8613,13639",CRI,28681,226,146,140784,29192,Under 36 years old,National,Both sexes,Costa Rica,2022
35.099998474121094,26,"8613,13639",CRI,28681,226,265,140784,29192,Under 36 years old,National,Men,Costa Rica,2022
41,26,"8613,13639",CRI,28681,226,266,140784,29192,Under 36 years old,National,Women,Costa Rica,2022
36.599998474121094,26,8613,CRI,28681,226,146,140786,29192,Total,National,Both sexes,Costa Rica,2022
34.29999923706055,26,"8613,13639",CRI,28681,226,265,140786,29192,Total,National,Men,Costa Rica,2022
39.29999923706055,26,"8613,13639",CRI,28681,226,266,140786,29192,Total,National,Women,Costa Rica,2022
31.600000381469727,26,"8613,13639",CRI,28679,226,146,140785,29192,36 years and older,Rural,Both sexes,Costa Rica,2022
29.700000762939453,26,"8613,13639",CRI,28679,226,265,140785,29192,36 years and older,Rural,Men,Costa Rica,2022
34.099998474121094,26,"8613,13639",CRI,28679,226,266,140785,29192,36 years and older,Rural,Women,Costa Rica,2022
35.400001525878906,26,"8613,13639",CRI,28679,226,146,140784,29192,Under 36 years old,Rural,Both sexes,Costa Rica,2022
32.29999923706055,26,"8613,13639",CRI,28679,226,265,140784,29192,Under 36 years old,Rural,Men,Costa Rica,2022
38.599998474121094,26,"8613,13639",CRI,28679,226,266,140784,29192,Under 36 years old,Rural,Women,Costa Rica,2022
33.599998474121094,26,8613,CRI,28679,226,146,140786,29192,Total,Rural,Both sexes,Costa Rica,2022
31,26,"8613,13639",CRI,28679,226,265,140786,29192,Total,Rural,Men,Costa Rica,2022
36.599998474121094,26,"8613,13639",CRI,28679,226,266,140786,29192,Total,Rural,Women,Costa Rica,2022
43.900001525878906,26,"8613,13639",CRI,28680,226,146,140785,29192,36 years and older,Urban,Both sexes,Costa Rica,2022
43.5,26,"8613,13639",CRI,28680,226,265,140785,29192,36 years and older,Urban,Men,Costa Rica,2022
44.400001525878906,26,"8613,13639",CRI,28680,226,266,140785,29192,36 years and older,Urban,Women,Costa Rica,2022
44,26,"8613,13639",CRI,28680,226,146,140784,29192,Under 36 years old,Urban,Both sexes,Costa Rica,2022
41.5,26,"8613,13639",CRI,28680,226,265,140784,29192,Under 36 years old,Urban,Men,Costa Rica,2022
46.79999923706055,26,"8613,13639",CRI,28680,226,266,140784,29192,Under 36 years old,Urban,Women,Costa Rica,2022
44,26,"8613,13639",CRI,28680,226,146,140786,29192,Total,Urban,Both sexes,Costa Rica,2022
42.400001525878906,26,"8613,13639",CRI,28680,226,265,140786,29192,Total,Urban,Men,Costa Rica,2022
45.79999923706055,26,"8613,13639",CRI,28680,226,266,140786,29192,Total,Urban,Women,Costa Rica,2022
27.299999237060547,26,"8613,13639",CRI,28681,226,146,140785,29193,36 years and older,National,Both sexes,Costa Rica,2023
26.100000381469727,26,"8613,13639",CRI,28681,226,265,140785,29193,36 years and older,National,Men,Costa Rica,2023
28.799999237060547,26,"8613,13639",CRI,28681,226,266,140785,29193,36 years and older,National,Women,Costa Rica,2023
27.299999237060547,26,"8613,13639",CRI,28681,226,146,140784,29193,Under 36 years old,National,Both sexes,Costa Rica,2023
2.200000047683716,26,,ECU,28679,229,266,140786,29176,Total,Rural,Women,Ecuador,2006
12,26,,ECU,28680,229,146,140785,29176,36 years and older,Urban,Both sexes,Ecuador,2006
11.5,26,,ECU,28680,229,265,140785,29176,36 years and older,Urban,Men,Ecuador,2006
12.699999809265137,26,,ECU,28680,229,266,140785,29176,36 years and older,Urban,Women,Ecuador,2006
9,26,,ECU,28680,229,146,140784,29176,Under 36 years old,Urban,Both sexes,Ecuador,2006
8.300000190734863,26,,ECU,28680,229,265,140784,29176,Under 36 years old,Urban,Men,Ecuador,2006
9.800000190734863,26,,ECU,28680,229,266,140784,29176,Under 36 years old,Urban,Women,Ecuador,2006
10,26,,ECU,28680,229,146,140786,29176,Total,Urban,Both sexes,Ecuador,2006
9.399999618530273,26,,ECU,28680,229,265,140786,29176,Total,Urban,Men,Ecuador,2006
10.699999809265137,26,,ECU,28680,229,266,140786,29176,Total,Urban,Women,Ecuador,2006
4.5,26,,ECU,28681,229,146,140785,29177,36 years and older,National,Both sexes,Ecuador,2007
4.400000095367432,26,,ECU,28681,229,265,140785,29177,36 years and older,National,Men,Ecuador,2007
4.599999904632568,26,,ECU,28681,229,266,140785,29177,36 years and older,National,Women,Ecuador,2007
4.400000095367432,26,,ECU,28681,229,146,140784,29177,Under 36 years old,National,Both sexes,Ecuador,2007
4,26,,ECU,28681,229,265,140784,29177,Under 36 years old,National,Men,Ecuador,2007
4.800000190734863,26,,ECU,28681,229,266,140784,29177,Under 36 years old,National,Women,Ecuador,2007
4.400000095367432,26,,ECU,28681,229,146,140786,29177,Total,National,Both sexes,Ecuador,2007
4.199999809265137,26,,ECU,28681,229,265,140786,29177,Total,National,Men,Ecuador,2007
4.699999809265137,26,,ECU,28681,229,266,140786,29177,Total,National,Women,Ecuador,2007
2.4000000953674316,26,,ECU,28679,229,146,140785,29177,36 years and older,Rural,Both sexes,Ecuador,2007
2.4000000953674316,26,,ECU,28679,229,265,140785,29177,36 years and older,Rural,Men,Ecuador,2007
2.5,26,,ECU,28679,229,266,140785,29177,36 years and older,Rural,Women,Ecuador,2007
2.299999952316284,26,,ECU,28679,229,146,140784,29177,Under 36 years old,Rural,Both sexes,Ecuador,2007
2.200000047683716,26,,ECU,28679,229,265,140784,29177,Under 36 years old,Rural,Men,Ecuador,2007
2.4000000953674316,26,,ECU,28679,229,266,140784,29177,Under 36 years old,Rural,Women,Ecuador,2007
2.299999952316284,26,,ECU,28679,229,146,140786,29177,Total,Rural,Both sexes,Ecuador,2007
2.299999952316284,26,,ECU,28679,229,265,140786,29177,Total,Rural,Men,Ecuador,2007
2.4000000953674316,26,,ECU,28679,229,266,140786,29177,Total,Rural,Women,Ecuador,2007
13,26,,ECU,28680,229,146,140785,29177,36 years and older,Urban,Both sexes,Ecuador,2007
12.399999618530273,26,,ECU,28680,229,265,140785,29177,36 years and older,Urban,Men,Ecuador,2007
13.699999809265137,26,,ECU,28680,229,266,140785,29177,36 years and older,Urban,Women,Ecuador,2007
12.199999809265137,26,,ECU,28680,229,146,140784,29177,Under 36 years old,Urban,Both sexes,Ecuador,2007
11.100000381469727,26,,ECU,28680,229,265,140784,29177,Under 36 years old,Urban,Men,Ecuador,2007
13.399999618530273,26,,ECU,28680,229,266,140784,29177,Under 36 years old,Urban,Women,Ecuador,2007
12.5,26,,ECU,28680,229,146,140786,29177,Total,Urban,Both sexes,Ecuador,2007
11.600000381469727,26,,ECU,28680,229,265,140786,29177,Total,Urban,Men,Ecuador,2007
13.5,26,,ECU,28680,229,266,140786,29177,Total,Urban,Women,Ecuador,2007
5.900000095367432,26,,ECU,28681,229,146,140785,29178,36 years and older,National,Both sexes,Ecuador,2008
5.400000095367432,26,,ECU,28681,229,265,140785,29178,36 years and older,National,Men,Ecuador,2008
6.300000190734863,26,,ECU,28681,229,266,140785,29178,36 years and older,National,Women,Ecuador,2008
5,26,,ECU,28681,229,146,140784,29178,Under 36 years old,National,Both sexes,Ecuador,2008
4.900000095367432,26,,ECU,28681,229,265,140784,29178,Under 36 years old,National,Men,Ecuador,2008
5.099999904632568,26,,ECU,28681,229,266,140784,29178,Under 36 years old,National,Women,Ecuador,2008
5.300000190734863,26,,ECU,28681,229,146,140786,29178,Total,National,Both sexes,Ecuador,2008
5.099999904632568,26,,ECU,28681,229,265,140786,29178,Total,National,Men,Ecuador,2008
5.5,26,,ECU,28681,229,266,140786,29178,Total,National,Women,Ecuador,2008
2.700000047683716,26,,ECU,28679,229,146,140785,29178,36 years and older,Rural,Both sexes,Ecuador,2008
2.5,26,,ECU,28679,229,265,140785,29178,36 years and older,Rural,Men,Ecuador,2008
3,26,,ECU,28679,229,266,140785,29178,36 years and older,Rural,Women,Ecuador,2008
2.700000047683716,26,,ECU,28679,229,146,140784,29178,Under 36 years old,Rural,Both sexes,Ecuador,2008
2.5999999046325684,26,,ECU,28679,229,265,140784,29178,Under 36 years old,Rural,Men,Ecuador,2008
2.799999952316284,26,,ECU,28679,229,266,140784,29178,Under 36 years old,Rural,Women,Ecuador,2008
2.700000047683716,26,,ECU,28679,229,146,140786,29178,Total,Rural,Both sexes,Ecuador,2008
2.5999999046325684,26,,ECU,28679,229,265,140786,29178,Total,Rural,Men,Ecuador,2008
2.9000000953674316,26,,ECU,28679,229,266,140786,29178,Total,Rural,Women,Ecuador,2008
18.399999618530273,26,,ECU,28680,229,146,140785,29178,36 years and older,Urban,Both sexes,Ecuador,2008
17.100000381469727,26,,ECU,28680,229,265,140785,29178,36 years and older,Urban,Men,Ecuador,2008
19.899999618530273,26,,ECU,28680,229,266,140785,29178,36 years and older,Urban,Women,Ecuador,2008
15.399999618530273,26,,ECU,28680,229,146,140784,29178,Under 36 years old,Urban,Both sexes,Ecuador,2008
15.399999618530273,26,,ECU,28680,229,265,140784,29178,Under 36 years old,Urban,Men,Ecuador,2008
15.5,26,,ECU,28680,229,266,140784,29178,Under 36 years old,Urban,Women,Ecuador,2008
16.600000381469727,26,,ECU,28680,229,146,140786,29178,Total,Urban,Both sexes,Ecuador,2008
16,26,,ECU,28680,229,265,140786,29178,Total,Urban,Men,Ecuador,2008
17.100000381469727,26,,ECU,28680,229,266,140786,29178,Total,Urban,Women,Ecuador,2008
5.900000095367432,26,,ECU,28681,229,146,140785,29179,36 years and older,National,Both sexes,Ecuador,2009
5.5,26,,ECU,28681,229,265,140785,29179,36 years and older,National,Men,Ecuador,2009
6.300000190734863,26,,ECU,28681,229,266,140785,29179,36 years and older,National,Women,Ecuador,2009
6.199999809265137,26,,ECU,28681,229,146,140784,29179,Under 36 years old,National,Both sexes,Ecuador,2009
5.400000095367432,26,,ECU,28681,229,265,140784,29179,Under 36 years old,National,Men,Ecuador,2009
7,26,,ECU,28681,229,266,140784,29179,Under 36 years old,National,Women,Ecuador,2009
6.099999904632568,26,,ECU,28681,229,146,140786,29179,Total,National,Both sexes,Ecuador,2009
5.5,26,,ECU,28681,229,265,140786,29179,Total,National,Men,Ecuador,2009
6.699999809265137,26,,ECU,28681,229,266,140786,29179,Total,National,Women,Ecuador,2009
3,26,,ECU,28679,229,146,140785,29179,36 years and older,Rural,Both sexes,Ecuador,2009
2.799999952316284,26,,ECU,28679,229,265,140785,29179,36 years and older,Rural,Men,Ecuador,2009
3.200000047683716,26,,ECU,28679,229,266,140785,29179,36 years and older,Rural,Women,Ecuador,2009
3.0999999046325684,26,,ECU,28679,229,146,140784,29179,Under 36 years old,Rural,Both sexes,Ecuador,2009
2.799999952316284,26,,ECU,28679,229,265,140784,29179,Under 36 years old,Rural,Men,Ecuador,2009
3.5,26,,ECU,28679,229,266,140784,29179,Under 36 years old,Rural,Women,Ecuador,2009
3.0999999046325684,26,,ECU,28679,229,146,140786,29179,Total,Rural,Both sexes,Ecuador,2009
2.799999952316284,26,,ECU,28679,229,265,140786,29179,Total,Rural,Men,Ecuador,2009
3.4000000953674316,26,,ECU,28679,229,266,140786,29179,Total,Rural,Women,Ecuador,2009
17.100000381469727,26,,ECU,28680,229,146,140785,29179,36 years and older,Urban,Both sexes,Ecuador,2009
16.200000762939453,26,,ECU,28680,229,265,140785,29179,36 years and older,Urban,Men,Ecuador,2009
18.200000762939453,26,,ECU,28680,229,266,140785,29179,36 years and older,Urban,Women,Ecuador,2009
17.200000762939453,26,,ECU,28680,229,146,140784,29179,Under 36 years old,Urban,Both sexes,Ecuador,2009
15.300000190734863,26,,ECU,28680,229,265,140784,29179,Under 36 years old,Urban,Men,Ecuador,2009
19.200000762939453,26,,ECU,28680,229,266,140784,29179,Under 36 years old,Urban,Women,Ecuador,2009
17.200000762939453,26,,ECU,28680,229,146,140786,29179,Total,Urban,Both sexes,Ecuador,2009
15.600000381469727,26,,ECU,28680,229,265,140786,29179,Total,Urban,Men,Ecuador,2009
18.799999237060547,26,,ECU,28680,229,266,140786,29179,Total,Urban,Women,Ecuador,2009
7.300000190734863,26,,ECU,28681,229,146,140785,29180,36 years and older,National,Both sexes,Ecuador,2010
7.099999904632568,26,,ECU,28681,229,265,140785,29180,36 years and older,National,Men,Ecuador,2010
7.5,26,,ECU,28681,229,266,140785,29180,36 years and older,National,Women,Ecuador,2010
7.199999809265137,26,,ECU,28681,229,146,140784,29180,Under 36 years old,National,Both sexes,Ecuador,2010
7.199999809265137,26,,ECU,28681,229,265,140784,29180,Under 36 years old,National,Men,Ecuador,2010
7.300000190734863,26,,ECU,28681,229,266,140784,29180,Under 36 years old,National,Women,Ecuador,2010
7.300000190734863,26,,ECU,28681,229,146,140786,29180,Total,National,Both sexes,Ecuador,2010
7.199999809265137,26,,ECU,28681,229,265,140786,29180,Total,National,Men,Ecuador,2010
7.400000095367432,26,,ECU,28681,229,266,140786,29180,Total,National,Women,Ecuador,2010
4.599999904632568,26,,ECU,28679,229,146,140785,29180,36 years and older,Rural,Both sexes,Ecuador,2010
4.5,26,,ECU,28679,229,265,140785,29180,36 years and older,Rural,Men,Ecuador,2010
4.599999904632568,26,,ECU,28679,229,266,140785,29180,36 years and older,Rural,Women,Ecuador,2010
5.099999904632568,26,,ECU,28679,229,146,140784,29180,Under 36 years old,Rural,Both sexes,Ecuador,2010
5.099999904632568,26,,ECU,28679,229,265,140784,29180,Under 36 years old,Rural,Men,Ecuador,2010
5.099999904632568,26,,ECU,28679,229,266,140784,29180,Under 36 years old,Rural,Women,Ecuador,2010
4.900000095367432,26,,ECU,28679,229,146,140786,29180,Total,Rural,Both sexes,Ecuador,2010
4.900000095367432,26,,ECU,28679,229,265,140786,29180,Total,Rural,Men,Ecuador,2010
4.900000095367432,26,,ECU,28679,229,266,140786,29180,Total,Rural,Women,Ecuador,2010
18.600000381469727,26,,ECU,28680,229,146,140785,29180,36 years and older,Urban,Both sexes,Ecuador,2010
17.899999618530273,26,,ECU,28680,229,265,140785,29180,36 years and older,Urban,Men,Ecuador,2010
19.299999237060547,26,,ECU,28680,229,266,140785,29180,36 years and older,Urban,Women,Ecuador,2010
16.5,26,,ECU,28680,229,146,140784,29180,Under 36 years old,Urban,Both sexes,Ecuador,2010
16.200000762939453,26,,ECU,28680,229,265,140784,29180,Under 36 years old,Urban,Men,Ecuador,2010
16.799999237060547,26,,ECU,28680,229,266,140784,29180,Under 36 years old,Urban,Women,Ecuador,2010
17.299999237060547,26,,ECU,28680,229,146,140786,29180,Total,Urban,Both sexes,Ecuador,2010
16.899999618530273,26,,ECU,28680,229,265,140786,29180,Total,Urban,Men,Ecuador,2010
17.799999237060547,26,,ECU,28680,229,266,140786,29180,Total,Urban,Women,Ecuador,2010
8.399999618530273,26,,ECU,28681,229,146,140785,29181,36 years and older,National,Both sexes,Ecuador,2011
7.900000095367432,26,,ECU,28681,229,265,140785,29181,36 years and older,National,Men,Ecuador,2011
9,26,,ECU,28681,229,266,140785,29181,36 years and older,National,Women,Ecuador,2011
9.100000381469727,26,,ECU,28681,229,146,140784,29181,Under 36 years old,National,Both sexes,Ecuador,2011
8.899999618530273,26,,ECU,28681,229,265,140784,29181,Under 36 years old,National,Men,Ecuador,2011
9.300000190734863,26,,ECU,28681,229,266,140784,29181,Under 36 years old,National,Women,Ecuador,2011
8.800000190734863,26,,ECU,28681,229,146,140786,29181,Total,National,Both sexes,Ecuador,2011
8.5,26,,ECU,28681,229,265,140786,29181,Total,National,Men,Ecuador,2011
9.199999809265137,26,,ECU,28681,229,266,140786,29181,Total,National,Women,Ecuador,2011
5.699999809265137,26,,ECU,28679,229,146,140785,29181,36 years and older,Rural,Both sexes,Ecuador,2011
5.300000190734863,26,,ECU,28679,229,265,140785,29181,36 years and older,Rural,Men,Ecuador,2011
6.099999904632568,26,,ECU,28679,229,266,140785,29181,36 years and older,Rural,Women,Ecuador,2011
6.400000095367432,26,,ECU,28679,229,146,140784,29181,Under 36 years old,Rural,Both sexes,Ecuador,2011
6.5,26,,ECU,28679,229,265,140784,29181,Under 36 years old,Rural,Men,Ecuador,2011
6.199999809265137,26,,ECU,28679,229,266,140784,29181,Under 36 years old,Rural,Women,Ecuador,2011
6.099999904632568,26,,ECU,28679,229,146,140786,29181,Total,Rural,Both sexes,Ecuador,2011
6,26,,ECU,28679,229,265,140786,29181,Total,Rural,Men,Ecuador,2011
6.199999809265137,26,,ECU,28679,229,266,140786,29181,Total,Rural,Women,Ecuador,2011
20.200000762939453,26,,ECU,28680,229,146,140785,29181,36 years and older,Urban,Both sexes,Ecuador,2011
19.399999618530273,26,,ECU,28680,229,265,140785,29181,36 years and older,Urban,Men,Ecuador,2011
21.100000381469727,26,,ECU,28680,229,266,140785,29181,36 years and older,Urban,Women,Ecuador,2011
19.5,26,,ECU,28680,229,146,140784,29181,Under 36 years old,Urban,Both sexes,Ecuador,2011
18.200000762939453,26,,ECU,28680,229,265,140784,29181,Under 36 years old,Urban,Men,Ecuador,2011
20.700000762939453,26,,ECU,28680,229,266,140784,29181,Under 36 years old,Urban,Women,Ecuador,2011
19.799999237060547,26,,ECU,28680,229,146,140786,29181,Total,Urban,Both sexes,Ecuador,2011
18.700000762939453,26,,ECU,28680,229,265,140786,29181,Total,Urban,Men,Ecuador,2011
20.899999618530273,26,,ECU,28680,229,266,140786,29181,Total,Urban,Women,Ecuador,2011
10.800000190734863,26,,ECU,28681,229,146,140785,29182,36 years and older,National,Both sexes,Ecuador,2012
10.100000381469727,26,,ECU,28681,229,265,140785,29182,36 years and older,National,Men,Ecuador,2012
11.5,26,,ECU,28681,229,266,140785,29182,36 years and older,National,Women,Ecuador,2012
12.199999809265137,26,,ECU,28681,229,146,140784,29182,Under 36 years old,National,Both sexes,Ecuador,2012
12.199999809265137,26,,ECU,28681,229,265,140784,29182,Under 36 years old,National,Men,Ecuador,2012
12.300000190734863,26,,ECU,28681,229,266,140784,29182,Under 36 years old,National,Women,Ecuador,2012
11.600000381469727,26,,ECU,28681,229,146,140786,29182,Total,National,Both sexes,Ecuador,2012
11.199999809265137,26,,ECU,28681,229,265,140786,29182,Total,National,Men,Ecuador,2012
12,26,,ECU,28681,229,266,140786,29182,Total,National,Women,Ecuador,2012
7.300000190734863,26,,ECU,28679,229,146,140785,29182,36 years and older,Rural,Both sexes,Ecuador,2012
6.699999809265137,26,,ECU,28679,229,265,140785,29182,36 years and older,Rural,Men,Ecuador,2012
8,26,,ECU,28679,229,266,140785,29182,36 years and older,Rural,Women,Ecuador,2012
8.600000381469727,26,,ECU,28679,229,146,140784,29182,Under 36 years old,Rural,Both sexes,Ecuador,2012
8.800000190734863,26,,ECU,28679,229,265,140784,29182,Under 36 years old,Rural,Men,Ecuador,2012
8.399999618530273,26,,ECU,28679,229,266,140784,29182,Under 36 years old,Rural,Women,Ecuador,2012
8,26,,ECU,28679,229,146,140786,29182,Total,Rural,Both sexes,Ecuador,2012
7.800000190734863,26,,ECU,28679,229,265,140786,29182,Total,Rural,Men,Ecuador,2012
8.199999809265137,26,,ECU,28679,229,266,140786,29182,Total,Rural,Women,Ecuador,2012
27.399999618530273,26,,ECU,28680,229,146,140785,29182,36 years and older,Urban,Both sexes,Ecuador,2012
26.600000381469727,26,,ECU,28680,229,265,140785,29182,36 years and older,Urban,Men,Ecuador,2012
28.200000762939453,26,,ECU,28680,229,266,140785,29182,36 years and older,Urban,Women,Ecuador,2012
27,26,,ECU,28680,229,146,140784,29182,Under 36 years old,Urban,Both sexes,Ecuador,2012
26.700000762939453,26,,ECU,28680,229,265,140784,29182,Under 36 years old,Urban,Men,Ecuador,2012
27.200000762939453,26,,ECU,28680,229,266,140784,29182,Under 36 years old,Urban,Women,Ecuador,2012
27.100000381469727,26,,ECU,28680,229,146,140786,29182,Total,Urban,Both sexes,Ecuador,2012
26.700000762939453,26,,ECU,28680,229,265,140786,29182,Total,Urban,Men,Ecuador,2012
27.600000381469727,26,,ECU,28680,229,266,140786,29182,Total,Urban,Women,Ecuador,2012
13.300000190734863,26,,ECU,28681,229,146,140785,29183,36 years and older,National,Both sexes,Ecuador,2013
12.5,26,,ECU,28681,229,265,140785,29183,36 years and older,National,Men,Ecuador,2013
14.100000381469727,26,,ECU,28681,229,266,140785,29183,36 years and older,National,Women,Ecuador,2013
12.899999618530273,26,,ECU,28681,229,146,140784,29183,Under 36 years old,National,Both sexes,Ecuador,2013
13,26,,ECU,28681,229,265,140784,29183,Under 36 years old,National,Men,Ecuador,2013
12.800000190734863,26,,ECU,28681,229,266,140784,29183,Under 36 years old,National,Women,Ecuador,2013
13.100000381469727,26,,ECU,28681,229,146,140786,29183,Total,National,Both sexes,Ecuador,2013
12.800000190734863,26,,ECU,28681,229,265,140786,29183,Total,National,Men,Ecuador,2013
13.300000190734863,26,,ECU,28681,229,266,140786,29183,Total,National,Women,Ecuador,2013
8.600000381469727,26,,ECU,28679,229,146,140785,29183,36 years and older,Rural,Both sexes,Ecuador,2013
8,26,,ECU,28679,229,265,140785,29183,36 years and older,Rural,Men,Ecuador,2013
9.300000190734863,26,,ECU,28679,229,266,140785,29183,36 years and older,Rural,Women,Ecuador,2013
9.100000381469727,26,,ECU,28679,229,146,140784,29183,Under 36 years old,Rural,Both sexes,Ecuador,2013
9.300000190734863,26,,ECU,28679,229,265,140784,29183,Under 36 years old,Rural,Men,Ecuador,2013
8.800000190734863,26,,ECU,28679,229,266,140784,29183,Under 36 years old,Rural,Women,Ecuador,2013
8.899999618530273,26,,ECU,28679,229,146,140786,29183,Total,Rural,Both sexes,Ecuador,2013
8.800000190734863,26,,ECU,28679,229,265,140786,29183,Total,Rural,Men,Ecuador,2013
9,26,,ECU,28679,229,266,140786,29183,Total,Rural,Women,Ecuador,2013
30.100000381469727,26,,ECU,28680,229,146,140785,29183,36 years and older,Urban,Both sexes,Ecuador,2013
28.399999618530273,26,,ECU,28680,229,265,140785,29183,36 years and older,Urban,Men,Ecuador,2013
32.20000076293945,26,,ECU,28680,229,266,140785,29183,36 years and older,Urban,Women,Ecuador,2013
25.899999618530273,26,,ECU,28680,229,146,140784,29183,Under 36 years old,Urban,Both sexes,Ecuador,2013
26.299999237060547,26,,ECU,28680,229,265,140784,29183,Under 36 years old,Urban,Men,Ecuador,2013
25.600000381469727,26,,ECU,28680,229,266,140784,29183,Under 36 years old,Urban,Women,Ecuador,2013
27.399999618530273,26,,ECU,28680,229,146,140786,29183,Total,Urban,Both sexes,Ecuador,2013
27.100000381469727,26,,ECU,28680,229,265,140786,29183,Total,Urban,Men,Ecuador,2013
27.799999237060547,26,,ECU,28680,229,266,140786,29183,Total,Urban,Women,Ecuador,2013
15.5,26,,ECU,28681,229,146,140785,29184,36 years and older,National,Both sexes,Ecuador,2014
14.5,26,,ECU,28681,229,265,140785,29184,36 years and older,National,Men,Ecuador,2014
16.600000381469727,26,,ECU,28681,229,266,140785,29184,36 years and older,National,Women,Ecuador,2014
15,26,,ECU,28681,229,146,140784,29184,Under 36 years old,National,Both sexes,Ecuador,2014
14.600000381469727,26,,ECU,28681,229,265,140784,29184,Under 36 years old,National,Men,Ecuador,2014
15.5,26,,ECU,28681,229,266,140784,29184,Under 36 years old,National,Women,Ecuador,2014
15.199999809265137,26,,ECU,28681,229,146,140786,29184,Total,National,Both sexes,Ecuador,2014
14.5,26,,ECU,28681,229,265,140786,29184,Total,National,Men,Ecuador,2014
15.899999618530273,26,,ECU,28681,229,266,140786,29184,Total,National,Women,Ecuador,2014
10.600000381469727,26,,ECU,28679,229,146,140785,29184,36 years and older,Rural,Both sexes,Ecuador,2014
10,26,,ECU,28679,229,265,140785,29184,36 years and older,Rural,Men,Ecuador,2014
11.300000190734863,26,,ECU,28679,229,266,140785,29184,36 years and older,Rural,Women,Ecuador,2014
11.199999809265137,26,,ECU,28679,229,146,140784,29184,Under 36 years old,Rural,Both sexes,Ecuador,2014
10.600000381469727,26,,ECU,28679,229,265,140784,29184,Under 36 years old,Rural,Men,Ecuador,2014
11.699999809265137,26,,ECU,28679,229,266,140784,29184,Under 36 years old,Rural,Women,Ecuador,2014
11,26,,ECU,28679,229,146,140786,29184,Total,Rural,Both sexes,Ecuador,2014
10.399999618530273,26,,ECU,28679,229,265,140786,29184,Total,Rural,Men,Ecuador,2014
11.600000381469727,26,,ECU,28679,229,266,140786,29184,Total,Rural,Women,Ecuador,2014
30.200000762939453,26,,ECU,28680,229,146,140785,29184,36 years and older,Urban,Both sexes,Ecuador,2014
28.299999237060547,26,,ECU,28680,229,265,140785,29184,36 years and older,Urban,Men,Ecuador,2014
32.29999923706055,26,,ECU,28680,229,266,140785,29184,36 years and older,Urban,Women,Ecuador,2014
26.5,26,,ECU,28680,229,146,140784,29184,Under 36 years old,Urban,Both sexes,Ecuador,2014
26.100000381469727,26,,ECU,28680,229,265,140784,29184,Under 36 years old,Urban,Men,Ecuador,2014
27,26,,ECU,28680,229,266,140784,29184,Under 36 years old,Urban,Women,Ecuador,2014
27.899999618530273,26,,ECU,28680,229,146,140786,29184,Total,Urban,Both sexes,Ecuador,2014
26.899999618530273,26,,ECU,28680,229,265,140786,29184,Total,Urban,Men,Ecuador,2014
28.899999618530273,26,,ECU,28680,229,266,140786,29184,Total,Urban,Women,Ecuador,2014
17.399999618530273,26,,ECU,28681,229,146,140785,29185,36 years and older,National,Both sexes,Ecuador,2015
15.899999618530273,26,,ECU,28681,229,265,140785,29185,36 years and older,National,Men,Ecuador,2015
19,26,,ECU,28681,229,266,140785,29185,36 years and older,National,Women,Ecuador,2015
16.100000381469727,26,,ECU,28681,229,146,140784,29185,Under 36 years old,National,Both sexes,Ecuador,2015
16.200000762939453,26,,ECU,28681,229,265,140784,29185,Under 36 years old,National,Men,Ecuador,2015
16,26,,ECU,28681,229,266,140784,29185,Under 36 years old,National,Women,Ecuador,2015
16.600000381469727,26,,ECU,28681,229,146,140786,29185,Total,National,Both sexes,Ecuador,2015
16.100000381469727,26,,ECU,28681,229,265,140786,29185,Total,National,Men,Ecuador,2015
17,26,,ECU,28681,229,266,140786,29185,Total,National,Women,Ecuador,2015
11.699999809265137,26,,ECU,28679,229,146,140785,29185,36 years and older,Rural,Both sexes,Ecuador,2015
10.800000190734863,26,,ECU,28679,229,265,140785,29185,36 years and older,Rural,Men,Ecuador,2015
12.800000190734863,26,,ECU,28679,229,266,140785,29185,36 years and older,Rural,Women,Ecuador,2015
11.100000381469727,26,,ECU,28679,229,146,140784,29185,Under 36 years old,Rural,Both sexes,Ecuador,2015
11.300000190734863,26,,ECU,28679,229,265,140784,29185,Under 36 years old,Rural,Men,Ecuador,2015
10.800000190734863,26,,ECU,28679,229,266,140784,29185,Under 36 years old,Rural,Women,Ecuador,2015
11.300000190734863,26,,ECU,28679,229,146,140786,29185,Total,Rural,Both sexes,Ecuador,2015
11.100000381469727,26,,ECU,28679,229,265,140786,29185,Total,Rural,Men,Ecuador,2015
11.5,26,,ECU,28679,229,266,140786,29185,Total,Rural,Women,Ecuador,2015
34.099998474121094,26,,ECU,28680,229,146,140785,29185,36 years and older,Urban,Both sexes,Ecuador,2015
31.200000762939453,26,,ECU,28680,229,265,140785,29185,36 years and older,Urban,Men,Ecuador,2015
37.29999923706055,26,,ECU,28680,229,266,140785,29185,36 years and older,Urban,Women,Ecuador,2015
31.700000762939453,26,,ECU,28680,229,146,140784,29185,Under 36 years old,Urban,Both sexes,Ecuador,2015
31.299999237060547,26,,ECU,28680,229,265,140784,29185,Under 36 years old,Urban,Men,Ecuador,2015
32.20000076293945,26,,ECU,28680,229,266,140784,29185,Under 36 years old,Urban,Women,Ecuador,2015
32.599998474121094,26,,ECU,28680,229,146,140786,29185,Total,Urban,Both sexes,Ecuador,2015
31.200000762939453,26,,ECU,28680,229,265,140786,29185,Total,Urban,Men,Ecuador,2015
34,26,,ECU,28680,229,266,140786,29185,Total,Urban,Women,Ecuador,2015
18.299999237060547,26,,ECU,28681,229,146,140785,29186,36 years and older,National,Both sexes,Ecuador,2016
17.700000762939453,26,,ECU,28681,229,265,140785,29186,36 years and older,National,Men,Ecuador,2016
19.100000381469727,26,,ECU,28681,229,266,140785,29186,36 years and older,National,Women,Ecuador,2016
17.600000381469727,26,,ECU,28681,229,146,140784,29186,Under 36 years old,National,Both sexes,Ecuador,2016
17.299999237060547,26,,ECU,28681,229,265,140784,29186,Under 36 years old,National,Men,Ecuador,2016
18,26,,ECU,28681,229,266,140784,29186,Under 36 years old,National,Women,Ecuador,2016
17.899999618530273,26,,ECU,28681,229,146,140786,29186,Total,National,Both sexes,Ecuador,2016
17.399999618530273,26,,ECU,28681,229,265,140786,29186,Total,National,Men,Ecuador,2016
18.399999618530273,26,,ECU,28681,229,266,140786,29186,Total,National,Women,Ecuador,2016
12,26,,ECU,28679,229,146,140785,29186,36 years and older,Rural,Both sexes,Ecuador,2016
11.699999809265137,26,,ECU,28679,229,265,140785,29186,36 years and older,Rural,Men,Ecuador,2016
12.199999809265137,26,,ECU,28679,229,266,140785,29186,36 years and older,Rural,Women,Ecuador,2016
11.5,26,,ECU,28679,229,146,140784,29186,Under 36 years old,Rural,Both sexes,Ecuador,2016
11.5,26,,ECU,28679,229,265,140784,29186,Under 36 years old,Rural,Men,Ecuador,2016
11.5,26,,ECU,28679,229,266,140784,29186,Under 36 years old,Rural,Women,Ecuador,2016
11.699999809265137,26,,ECU,28679,229,146,140786,29186,Total,Rural,Both sexes,Ecuador,2016
11.600000381469727,26,,ECU,28679,229,265,140786,29186,Total,Rural,Men,Ecuador,2016
11.800000190734863,26,,ECU,28679,229,266,140786,29186,Total,Rural,Women,Ecuador,2016
37.79999923706055,26,,ECU,28680,229,146,140785,29186,36 years and older,Urban,Both sexes,Ecuador,2016
36,26,,ECU,28680,229,265,140785,29186,36 years and older,Urban,Men,Ecuador,2016
39.599998474121094,26,,ECU,28680,229,266,140785,29186,36 years and older,Urban,Women,Ecuador,2016
36.400001525878906,26,,ECU,28680,229,146,140784,29186,Under 36 years old,Urban,Both sexes,Ecuador,2016
35.099998474121094,26,,ECU,28680,229,265,140784,29186,Under 36 years old,Urban,Men,Ecuador,2016
37.79999923706055,26,,ECU,28680,229,266,140784,29186,Under 36 years old,Urban,Women,Ecuador,2016
36.900001525878906,26,,ECU,28680,229,146,140786,29186,Total,Urban,Both sexes,Ecuador,2016
35.400001525878906,26,,ECU,28680,229,265,140786,29186,Total,Urban,Men,Ecuador,2016
38.400001525878906,26,,ECU,28680,229,266,140786,29186,Total,Urban,Women,Ecuador,2016
17.899999618530273,26,,ECU,28681,229,146,140785,29187,36 years and older,National,Both sexes,Ecuador,2017
16.799999237060547,26,,ECU,28681,229,265,140785,29187,36 years and older,National,Men,Ecuador,2017
19,26,,ECU,28681,229,266,140785,29187,36 years and older,National,Women,Ecuador,2017
15.899999618530273,26,,ECU,28681,229,146,140784,29187,Under 36 years old,National,Both sexes,Ecuador,2017
15.5,26,,ECU,28681,229,265,140784,29187,Under 36 years old,National,Men,Ecuador,2017
16.399999618530273,26,,ECU,28681,229,266,140784,29187,Under 36 years old,National,Women,Ecuador,2017
16.600000381469727,26,,ECU,28681,229,146,140786,29187,Total,National,Both sexes,Ecuador,2017
16,26,,ECU,28681,229,265,140786,29187,Total,National,Men,Ecuador,2017
17.299999237060547,26,,ECU,28681,229,266,140786,29187,Total,National,Women,Ecuador,2017
11.600000381469727,26,,ECU,28679,229,146,140785,29187,36 years and older,Rural,Both sexes,Ecuador,2017
10.899999618530273,26,,ECU,28679,229,265,140785,29187,36 years and older,Rural,Men,Ecuador,2017
12.399999618530273,26,,ECU,28679,229,266,140785,29187,36 years and older,Rural,Women,Ecuador,2017
11,26,,ECU,28679,229,146,140784,29187,Under 36 years old,Rural,Both sexes,Ecuador,2017
10.600000381469727,26,,ECU,28679,229,265,140784,29187,Under 36 years old,Rural,Men,Ecuador,2017
11.399999618530273,26,,ECU,28679,229,266,140784,29187,Under 36 years old,Rural,Women,Ecuador,2017
11.199999809265137,26,,ECU,28679,229,146,140786,29187,Total,Rural,Both sexes,Ecuador,2017
10.699999809265137,26,,ECU,28679,229,265,140786,29187,Total,Rural,Men,Ecuador,2017
11.800000190734863,26,,ECU,28679,229,266,140786,29187,Total,Rural,Women,Ecuador,2017
37.5,26,,ECU,28680,229,146,140785,29187,36 years and older,Urban,Both sexes,Ecuador,2017
35.20000076293945,26,,ECU,28680,229,265,140785,29187,36 years and older,Urban,Men,Ecuador,2017
40,26,,ECU,28680,229,266,140785,29187,36 years and older,Urban,Women,Ecuador,2017
32.900001525878906,26,,ECU,28680,229,146,140784,29187,Under 36 years old,Urban,Both sexes,Ecuador,2017
32.099998474121094,26,,ECU,28680,229,265,140784,29187,Under 36 years old,Urban,Men,Ecuador,2017
33.79999923706055,26,,ECU,28680,229,266,140784,29187,Under 36 years old,Urban,Women,Ecuador,2017
34.70000076293945,26,,ECU,28680,229,146,140786,29187,Total,Urban,Both sexes,Ecuador,2017
33.29999923706055,26,,ECU,28680,229,265,140786,29187,Total,Urban,Men,Ecuador,2017
36.20000076293945,26,,ECU,28680,229,266,140786,29187,Total,Urban,Women,Ecuador,2017
0.5,26,,SLV,28681,230,146,140785,29170,36 years and older,National,Both sexes,El Salvador,2000
0.5,26,,SLV,28681,230,265,140785,29170,36 years and older,National,Men,El Salvador,2000
0.6000000238418579,26,,SLV,28681,230,266,140785,29170,36 years and older,National,Women,El Salvador,2000
0.4000000059604645,26,,SLV,28681,230,146,140784,29170,Under 36 years old,National,Both sexes,El Salvador,2000
0.30000001192092896,26,,SLV,28681,230,265,140784,29170,Under 36 years old,National,Men,El Salvador,2000
0.5,26,,SLV,28681,230,266,140784,29170,Under 36 years old,National,Women,El Salvador,2000
0.4000000059604645,26,,SLV,28681,230,146,140786,29170,Total,National,Both sexes,El Salvador,2000
0.30000001192092896,26,,SLV,28681,230,265,140786,29170,Total,National,Men,El Salvador,2000
0.5,26,,SLV,28681,230,266,140786,29170,Total,National,Women,El Salvador,2000
0.10000000149011612,26,,SLV,28679,230,146,140785,29170,36 years and older,Rural,Both sexes,El Salvador,2000
0.10000000149011612,26,,SLV,28679,230,265,140785,29170,36 years and older,Rural,Men,El Salvador,2000
0.10000000149011612,26,,SLV,28679,230,266,140785,29170,36 years and older,Rural,Women,El Salvador,2000
0.10000000149011612,26,,SLV,28679,230,146,140784,29170,Under 36 years old,Rural,Both sexes,El Salvador,2000
0.10000000149011612,26,,SLV,28679,230,265,140784,29170,Under 36 years old,Rural,Men,El Salvador,2000
0.10000000149011612,26,,SLV,28679,230,266,140784,29170,Under 36 years old,Rural,Women,El Salvador,2000
0.10000000149011612,26,,SLV,28679,230,146,140786,29170,Total,Rural,Both sexes,El Salvador,2000
0.10000000149011612,26,,SLV,28679,230,265,140786,29170,Total,Rural,Men,El Salvador,2000
0.10000000149011612,26,,SLV,28679,230,266,140786,29170,Total,Rural,Women,El Salvador,2000
2.4000000953674316,26,,SLV,28680,230,146,140785,29170,36 years and older,Urban,Both sexes,El Salvador,2000
2.200000047683716,26,,SLV,28680,230,265,140785,29170,36 years and older,Urban,Men,El Salvador,2000
2.5999999046325684,26,,SLV,28680,230,266,140785,29170,36 years and older,Urban,Women,El Salvador,2000
2.0999999046325684,26,,SLV,28680,230,146,140784,29170,Under 36 years old,Urban,Both sexes,El Salvador,2000
1.5,26,,SLV,28680,230,265,140784,29170,Under 36 years old,Urban,Men,El Salvador,2000
2.700000047683716,26,,SLV,28680,230,266,140784,29170,Under 36 years old,Urban,Women,El Salvador,2000
2.200000047683716,26,,SLV,28680,230,146,140786,29170,Total,Urban,Both sexes,El Salvador,2000
1.7999999523162842,26,,SLV,28680,230,265,140786,29170,Total,Urban,Men,El Salvador,2000
2.700000047683716,26,,SLV,28680,230,266,140786,29170,Total,Urban,Women,El Salvador,2000
1,26,,SLV,28681,230,146,140785,29171,36 years and older,National,Both sexes,El Salvador,2001
0.8999999761581421,26,,SLV,28681,230,265,140785,29171,36 years and older,National,Men,El Salvador,2001
1.2000000476837158,26,,SLV,28681,230,266,140785,29171,36 years and older,National,Women,El Salvador,2001
0.5,26,,SLV,28681,230,146,140784,29171,Under 36 years old,National,Both sexes,El Salvador,2001
0.5,26,,SLV,28681,230,265,140784,29171,Under 36 years old,National,Men,El Salvador,2001
0.6000000238418579,26,,SLV,28681,230,266,140784,29171,Under 36 years old,National,Women,El Salvador,2001
0.699999988079071,26,,SLV,28681,230,146,140786,29171,Total,National,Both sexes,El Salvador,2001
0.6000000238418579,26,,SLV,28681,230,265,140786,29171,Total,National,Men,El Salvador,2001
0.699999988079071,26,,SLV,28681,230,266,140786,29171,Total,National,Women,El Salvador,2001
0.10000000149011612,26,,SLV,28679,230,146,140785,29171,36 years and older,Rural,Both sexes,El Salvador,2001
0.20000000298023224,26,,SLV,28679,230,265,140785,29171,36 years and older,Rural,Men,El Salvador,2001
0.10000000149011612,26,,SLV,28679,230,266,140785,29171,36 years and older,Rural,Women,El Salvador,2001
0.10000000149011612,26,,SLV,28679,230,146,140784,29171,Under 36 years old,Rural,Both sexes,El Salvador,2001
0.20000000298023224,26,,SLV,28679,230,266,140784,29171,Under 36 years old,Rural,Women,El Salvador,2001
0.10000000149011612,26,,SLV,28679,230,146,140786,29171,Total,Rural,Both sexes,El Salvador,2001
0.10000000149011612,26,,SLV,28679,230,265,140786,29171,Total,Rural,Men,El Salvador,2001
0.10000000149011612,26,,SLV,28679,230,266,140786,29171,Total,Rural,Women,El Salvador,2001
5.300000190734863,26,,SLV,28680,230,146,140785,29171,36 years and older,Urban,Both sexes,El Salvador,2001
4.300000190734863,26,,SLV,28680,230,265,140785,29171,36 years and older,Urban,Men,El Salvador,2001
6.599999904632568,26,,SLV,28680,230,266,140785,29171,36 years and older,Urban,Women,El Salvador,2001
3.4000000953674316,26,,SLV,28680,230,146,140784,29171,Under 36 years old,Urban,Both sexes,El Salvador,2001
3.5,26,,SLV,28680,230,265,140784,29171,Under 36 years old,Urban,Men,El Salvador,2001
3.299999952316284,26,,SLV,28680,230,266,140784,29171,Under 36 years old,Urban,Women,El Salvador,2001
4.099999904632568,26,,SLV,28680,230,146,140786,29171,Total,Urban,Both sexes,El Salvador,2001
3.799999952316284,26,,SLV,28680,230,265,140786,29171,Total,Urban,Men,El Salvador,2001
4.400000095367432,26,,SLV,28680,230,266,140786,29171,Total,Urban,Women,El Salvador,2001
1.2000000476837158,26,,SLV,28681,230,146,140785,29172,36 years and older,National,Both sexes,El Salvador,2002
0.8999999761581421,26,,SLV,28681,230,265,140785,29172,36 years and older,National,Men,El Salvador,2002
1.5,26,,SLV,28681,230,266,140785,29172,36 years and older,National,Women,El Salvador,2002
0.5,26,,SLV,28681,230,146,140784,29172,Under 36 years old,National,Both sexes,El Salvador,2002
0.6000000238418579,26,,SLV,28681,230,265,140784,29172,Under 36 years old,National,Men,El Salvador,2002
0.5,26,,SLV,28681,230,266,140784,29172,Under 36 years old,National,Women,El Salvador,2002
0.699999988079071,26,,SLV,28681,230,146,140786,29172,Total,National,Both sexes,El Salvador,2002
0.699999988079071,26,,SLV,28681,230,265,140786,29172,Total,National,Men,El Salvador,2002
0.800000011920929,26,,SLV,28681,230,266,140786,29172,Total,National,Women,El Salvador,2002
0.10000000149011612,26,,SLV,28679,230,146,140785,29172,36 years and older,Rural,Both sexes,El Salvador,2002
0.10000000149011612,26,,SLV,28679,230,265,140785,29172,36 years and older,Rural,Men,El Salvador,2002
0.10000000149011612,26,,SLV,28679,230,266,140785,29172,36 years and older,Rural,Women,El Salvador,2002
0.10000000149011612,26,,SLV,28679,230,146,140784,29172,Under 36 years old,Rural,Both sexes,El Salvador,2002
0.20000000298023224,26,,SLV,28679,230,265,140784,29172,Under 36 years old,Rural,Men,El Salvador,2002
0.10000000149011612,26,,SLV,28679,230,266,140784,29172,Under 36 years old,Rural,Women,El Salvador,2002
0.10000000149011612,26,,SLV,28679,230,146,140786,29172,Total,Rural,Both sexes,El Salvador,2002
0.10000000149011612,26,,SLV,28679,230,265,140786,29172,Total,Rural,Men,El Salvador,2002
0.10000000149011612,26,,SLV,28679,230,266,140786,29172,Total,Rural,Women,El Salvador,2002
6.099999904632568,26,,SLV,28680,230,146,140785,29172,36 years and older,Urban,Both sexes,El Salvador,2002
4.699999809265137,26,,SLV,28680,230,265,140785,29172,36 years and older,Urban,Men,El Salvador,2002
7.699999809265137,26,,SLV,28680,230,266,140785,29172,36 years and older,Urban,Women,El Salvador,2002
3,26,,SLV,28680,230,146,140784,29172,Under 36 years old,Urban,Both sexes,El Salvador,2002
3,26,,SLV,28680,230,265,140784,29172,Under 36 years old,Urban,Men,El Salvador,2002
3,26,,SLV,28680,230,266,140784,29172,Under 36 years old,Urban,Women,El Salvador,2002
4.199999809265137,26,,SLV,28680,230,146,140786,29172,Total,Urban,Both sexes,El Salvador,2002
3.700000047683716,26,,SLV,28680,230,265,140786,29172,Total,Urban,Men,El Salvador,2002
4.699999809265137,26,,SLV,28680,230,266,140786,29172,Total,Urban,Women,El Salvador,2002
1.100000023841858,26,,SLV,28681,230,146,140785,29173,36 years and older,National,Both sexes,El Salvador,2003
0.8999999761581421,26,,SLV,28681,230,265,140785,29173,36 years and older,National,Men,El Salvador,2003
1.2999999523162842,26,,SLV,28681,230,266,140785,29173,36 years and older,National,Women,El Salvador,2003
0.6000000238418579,26,,SLV,28681,230,146,140784,29173,Under 36 years old,National,Both sexes,El Salvador,2003
0.6000000238418579,26,,SLV,28681,230,265,140784,29173,Under 36 years old,National,Men,El Salvador,2003
0.699999988079071,26,,SLV,28681,230,266,140784,29173,Under 36 years old,National,Women,El Salvador,2003
0.699999988079071,26,,SLV,28681,230,146,140786,29173,Total,National,Both sexes,El Salvador,2003
0.699999988079071,26,,SLV,28681,230,265,140786,29173,Total,National,Men,El Salvador,2003
0.8999999761581421,26,,SLV,28681,230,266,140786,29173,Total,National,Women,El Salvador,2003
0.5,26,,SLV,28679,230,146,140785,29173,36 years and older,Rural,Both sexes,El Salvador,2003
0.4000000059604645,26,13639,SLV,28679,230,265,140785,29173,36 years and older,Rural,Men,El Salvador,2003
0.6000000238418579,26,13639,SLV,28679,230,266,140785,29173,36 years and older,Rural,Women,El Salvador,2003
0.30000001192092896,26,,SLV,28679,230,146,140784,29173,Under 36 years old,Rural,Both sexes,El Salvador,2003
0.20000000298023224,26,,SLV,28679,230,265,140784,29173,Under 36 years old,Rural,Men,El Salvador,2003
0.30000001192092896,26,,SLV,28679,230,266,140784,29173,Under 36 years old,Rural,Women,El Salvador,2003
0.30000001192092896,26,,SLV,28679,230,146,140786,29173,Total,Rural,Both sexes,El Salvador,2003
0.30000001192092896,26,,SLV,28679,230,265,140786,29173,Total,Rural,Men,El Salvador,2003
0.4000000059604645,26,,SLV,28679,230,266,140786,29173,Total,Rural,Women,El Salvador,2003
3.700000047683716,26,13639,SLV,28680,230,146,140785,29173,36 years and older,Urban,Both sexes,El Salvador,2003
3.299999952316284,26,13639,SLV,28680,230,265,140785,29173,36 years and older,Urban,Men,El Salvador,2003
4.199999809265137,26,13639,SLV,28680,230,266,140785,29173,36 years and older,Urban,Women,El Salvador,2003
2.700000047683716,26,13639,SLV,28680,230,146,140784,29173,Under 36 years old,Urban,Both sexes,El Salvador,2003
2.5,26,13639,SLV,28680,230,265,140784,29173,Under 36 years old,Urban,Men,El Salvador,2003
3,26,13639,SLV,28680,230,266,140784,29173,Under 36 years old,Urban,Women,El Salvador,2003
3,26,,SLV,28680,230,146,140786,29173,Total,Urban,Both sexes,El Salvador,2003
2.799999952316284,26,13639,SLV,28680,230,265,140786,29173,Total,Urban,Men,El Salvador,2003
3.4000000953674316,26,13639,SLV,28680,230,266,140786,29173,Total,Urban,Women,El Salvador,2003
1.600000023841858,26,,SLV,28681,230,146,140785,29174,36 years and older,National,Both sexes,El Salvador,2004
1.600000023841858,26,,SLV,28681,230,265,140785,29174,36 years and older,National,Men,El Salvador,2004
1.7000000476837158,26,,SLV,28681,230,266,140785,29174,36 years and older,National,Women,El Salvador,2004
1.100000023841858,26,,SLV,28681,230,146,140784,29174,Under 36 years old,National,Both sexes,El Salvador,2004
1.100000023841858,26,,SLV,28681,230,265,140784,29174,Under 36 years old,National,Men,El Salvador,2004
1.100000023841858,26,,SLV,28681,230,266,140784,29174,Under 36 years old,National,Women,El Salvador,2004
1.2999999523162842,26,,SLV,28681,230,146,140786,29174,Total,National,Both sexes,El Salvador,2004
1.2999999523162842,26,,SLV,28681,230,265,140786,29174,Total,National,Men,El Salvador,2004
1.2000000476837158,26,,SLV,28681,230,266,140786,29174,Total,National,Women,El Salvador,2004
0.30000001192092896,26,,SLV,28679,230,146,140785,29174,36 years and older,Rural,Both sexes,El Salvador,2004
0.4000000059604645,26,,SLV,28679,230,265,140785,29174,36 years and older,Rural,Men,El Salvador,2004
0.30000001192092896,26,13639,SLV,28679,230,266,140785,29174,36 years and older,Rural,Women,El Salvador,2004
0.4000000059604645,26,,SLV,28679,230,146,140784,29174,Under 36 years old,Rural,Both sexes,El Salvador,2004
0.30000001192092896,26,,SLV,28679,230,265,140784,29174,Under 36 years old,Rural,Men,El Salvador,2004
0.5,26,,SLV,28679,230,266,140784,29174,Under 36 years old,Rural,Women,El Salvador,2004
0.4000000059604645,26,,SLV,28679,230,146,140786,29174,Total,Rural,Both sexes,El Salvador,2004
0.30000001192092896,26,,SLV,28679,230,265,140786,29174,Total,Rural,Men,El Salvador,2004
0.4000000059604645,26,,SLV,28679,230,266,140786,29174,Total,Rural,Women,El Salvador,2004
7,26,13639,SLV,28680,230,146,140785,29174,36 years and older,Urban,Both sexes,El Salvador,2004
6.800000190734863,26,13639,SLV,28680,230,265,140785,29174,36 years and older,Urban,Men,El Salvador,2004
7.300000190734863,26,13639,SLV,28680,230,266,140785,29174,36 years and older,Urban,Women,El Salvador,2004
4.5,26,13639,SLV,28680,230,146,140784,29174,Under 36 years old,Urban,Both sexes,El Salvador,2004
5,26,13639,SLV,28680,230,265,140784,29174,Under 36 years old,Urban,Men,El Salvador,2004
4,26,13639,SLV,28680,230,266,140784,29174,Under 36 years old,Urban,Women,El Salvador,2004
5.400000095367432,26,,SLV,28680,230,146,140786,29174,Total,Urban,Both sexes,El Salvador,2004
5.599999904632568,26,13639,SLV,28680,230,265,140786,29174,Total,Urban,Men,El Salvador,2004
5.099999904632568,26,13639,SLV,28680,230,266,140786,29174,Total,Urban,Women,El Salvador,2004
1.600000023841858,26,,SLV,28681,230,146,140785,29175,36 years and older,National,Both sexes,El Salvador,2005
1.7000000476837158,26,,SLV,28681,230,265,140785,29175,36 years and older,National,Men,El Salvador,2005
1.399999976158142,26,,SLV,28681,230,266,140785,29175,36 years and older,National,Women,El Salvador,2005
1,26,,SLV,28681,230,146,140784,29175,Under 36 years old,National,Both sexes,El Salvador,2005
1,26,,SLV,28681,230,265,140784,29175,Under 36 years old,National,Men,El Salvador,2005
1,26,,SLV,28681,230,266,140784,29175,Under 36 years old,National,Women,El Salvador,2005
1.2000000476837158,26,,SLV,28681,230,146,140786,29175,Total,National,Both sexes,El Salvador,2005
1.2000000476837158,26,,SLV,28681,230,265,140786,29175,Total,National,Men,El Salvador,2005
1.100000023841858,26,,SLV,28681,230,266,140786,29175,Total,National,Women,El Salvador,2005
0.5,26,,SLV,28679,230,146,140785,29175,36 years and older,Rural,Both sexes,El Salvador,2005
0.5,26,,SLV,28679,230,265,140785,29175,36 years and older,Rural,Men,El Salvador,2005
0.5,26,13639,SLV,28679,230,266,140785,29175,36 years and older,Rural,Women,El Salvador,2005
0.30000001192092896,26,,SLV,28679,230,146,140784,29175,Under 36 years old,Rural,Both sexes,El Salvador,2005
0.4000000059604645,26,,SLV,28679,230,265,140784,29175,Under 36 years old,Rural,Men,El Salvador,2005
0.30000001192092896,26,,SLV,28679,230,266,140784,29175,Under 36 years old,Rural,Women,El Salvador,2005
0.4000000059604645,26,,SLV,28679,230,146,140786,29175,Total,Rural,Both sexes,El Salvador,2005
0.4000000059604645,26,,SLV,28679,230,265,140786,29175,Total,Rural,Men,El Salvador,2005
0.4000000059604645,26,,SLV,28679,230,266,140786,29175,Total,Rural,Women,El Salvador,2005
5.5,26,13639,SLV,28680,230,146,140785,29175,36 years and older,Urban,Both sexes,El Salvador,2005
6.099999904632568,26,13639,SLV,28680,230,265,140785,29175,36 years and older,Urban,Men,El Salvador,2005
4.800000190734863,26,13639,SLV,28680,230,266,140785,29175,36 years and older,Urban,Women,El Salvador,2005
4,26,13639,SLV,28680,230,146,140784,29175,Under 36 years old,Urban,Both sexes,El Salvador,2005
3.9000000953674316,26,13639,SLV,28680,230,265,140784,29175,Under 36 years old,Urban,Men,El Salvador,2005
4.099999904632568,26,13639,SLV,28680,230,266,140784,29175,Under 36 years old,Urban,Women,El Salvador,2005
4.5,26,,SLV,28680,230,146,140786,29175,Total,Urban,Both sexes,El Salvador,2005
4.699999809265137,26,13639,SLV,28680,230,265,140786,29175,Total,Urban,Men,El Salvador,2005
4.300000190734863,26,13639,SLV,28680,230,266,140786,29175,Total,Urban,Women,El Salvador,2005
2.5999999046325684,26,,SLV,28681,230,146,140785,29176,36 years and older,National,Both sexes,El Salvador,2006
2.5,26,,SLV,28681,230,265,140785,29176,36 years and older,National,Men,El Salvador,2006
2.799999952316284,26,13639,SLV,28681,230,266,140785,29176,36 years and older,National,Women,El Salvador,2006
2.0999999046325684,26,,SLV,28681,230,146,140784,29176,Under 36 years old,National,Both sexes,El Salvador,2006
1.600000023841858,26,,SLV,28681,230,265,140784,29176,Under 36 years old,National,Men,El Salvador,2006
2.5999999046325684,26,,SLV,28681,230,266,140784,29176,Under 36 years old,National,Women,El Salvador,2006
2.299999952316284,26,,SLV,28681,230,146,140786,29176,Total,National,Both sexes,El Salvador,2006
1.899999976158142,26,,SLV,28681,230,265,140786,29176,Total,National,Men,El Salvador,2006
2.5999999046325684,26,,SLV,28681,230,266,140786,29176,Total,National,Women,El Salvador,2006
0.6000000238418579,26,,SLV,28679,230,146,140785,29176,36 years and older,Rural,Both sexes,El Salvador,2006
0.6000000238418579,26,13639,SLV,28679,230,265,140785,29176,36 years and older,Rural,Men,El Salvador,2006
0.699999988079071,26,13639,SLV,28679,230,266,140785,29176,36 years and older,Rural,Women,El Salvador,2006
0.800000011920929,26,,SLV,28679,230,146,140784,29176,Under 36 years old,Rural,Both sexes,El Salvador,2006
0.6000000238418579,26,,SLV,28679,230,265,140784,29176,Under 36 years old,Rural,Men,El Salvador,2006
1,26,,SLV,28679,230,266,140784,29176,Under 36 years old,Rural,Women,El Salvador,2006
0.800000011920929,26,,SLV,28679,230,146,140786,29176,Total,Rural,Both sexes,El Salvador,2006
0.6000000238418579,26,,SLV,28679,230,265,140786,29176,Total,Rural,Men,El Salvador,2006
0.8999999761581421,26,,SLV,28679,230,266,140786,29176,Total,Rural,Women,El Salvador,2006
9.600000381469727,26,13639,SLV,28680,230,146,140785,29176,36 years and older,Urban,Both sexes,El Salvador,2006
9.300000190734863,26,13639,SLV,28680,230,265,140785,29176,36 years and older,Urban,Men,El Salvador,2006
10,26,13639,SLV,28680,230,266,140785,29176,36 years and older,Urban,Women,El Salvador,2006
8.899999618530273,26,13639,SLV,28680,230,146,140784,29176,Under 36 years old,Urban,Both sexes,El Salvador,2006
6.5,26,13639,SLV,28680,230,265,140784,29176,Under 36 years old,Urban,Men,El Salvador,2006
11.399999618530273,26,13639,SLV,28680,230,266,140784,29176,Under 36 years old,Urban,Women,El Salvador,2006
9.199999809265137,26,,SLV,28680,230,146,140786,29176,Total,Urban,Both sexes,El Salvador,2006
7.599999904632568,26,13639,SLV,28680,230,265,140786,29176,Total,Urban,Men,El Salvador,2006
10.899999618530273,26,13639,SLV,28680,230,266,140786,29176,Total,Urban,Women,El Salvador,2006
2.799999952316284,26,,SLV,28681,230,146,140785,29177,36 years and older,National,Both sexes,El Salvador,2007
2.4000000953674316,26,,SLV,28681,230,265,140785,29177,36 years and older,National,Men,El Salvador,2007
3.299999952316284,26,,SLV,28681,230,266,140785,29177,36 years and older,National,Women,El Salvador,2007
1.899999976158142,26,,SLV,28681,230,146,140784,29177,Under 36 years old,National,Both sexes,El Salvador,2007
1.7999999523162842,26,,SLV,28681,230,265,140784,29177,Under 36 years old,National,Men,El Salvador,2007
2,26,,SLV,28681,230,266,140784,29177,Under 36 years old,National,Women,El Salvador,2007
2.200000047683716,26,,SLV,28681,230,146,140786,29177,Total,National,Both sexes,El Salvador,2007
2,26,,SLV,28681,230,265,140786,29177,Total,National,Men,El Salvador,2007
2.4000000953674316,26,,SLV,28681,230,266,140786,29177,Total,National,Women,El Salvador,2007
0.8999999761581421,26,,SLV,28679,230,146,140785,29177,36 years and older,Rural,Both sexes,El Salvador,2007
0.8999999761581421,26,13639,SLV,28679,230,265,140785,29177,36 years and older,Rural,Men,El Salvador,2007
1,26,13639,SLV,28679,230,266,140785,29177,36 years and older,Rural,Women,El Salvador,2007
0.800000011920929,26,,SLV,28679,230,146,140784,29177,Under 36 years old,Rural,Both sexes,El Salvador,2007
0.800000011920929,26,,SLV,28679,230,265,140784,29177,Under 36 years old,Rural,Men,El Salvador,2007
0.699999988079071,26,,SLV,28679,230,266,140784,29177,Under 36 years old,Rural,Women,El Salvador,2007
0.800000011920929,26,,SLV,28679,230,146,140786,29177,Total,Rural,Both sexes,El Salvador,2007
0.800000011920929,26,,SLV,28679,230,265,140786,29177,Total,Rural,Men,El Salvador,2007
0.800000011920929,26,,SLV,28679,230,266,140786,29177,Total,Rural,Women,El Salvador,2007
8.600000381469727,26,13639,SLV,28680,230,146,140785,29177,36 years and older,Urban,Both sexes,El Salvador,2007
7.199999809265137,26,13639,SLV,28680,230,265,140785,29177,36 years and older,Urban,Men,El Salvador,2007
10.100000381469727,26,13639,SLV,28680,230,266,140785,29177,36 years and older,Urban,Women,El Salvador,2007
6.599999904632568,26,13639,SLV,28680,230,146,140784,29177,Under 36 years old,Urban,Both sexes,El Salvador,2007
6,26,13639,SLV,28680,230,265,140784,29177,Under 36 years old,Urban,Men,El Salvador,2007
7.099999904632568,26,13639,SLV,28680,230,266,140784,29177,Under 36 years old,Urban,Women,El Salvador,2007
7.300000190734863,26,,SLV,28680,230,146,140786,29177,Total,Urban,Both sexes,El Salvador,2007
6.5,26,13639,SLV,28680,230,265,140786,29177,Total,Urban,Men,El Salvador,2007
8.100000381469727,26,13639,SLV,28680,230,266,140786,29177,Total,Urban,Women,El Salvador,2007
3.4000000953674316,26,,SLV,28681,230,146,140785,29179,36 years and older,National,Both sexes,El Salvador,2009
3.0999999046325684,26,,SLV,28681,230,265,140785,29179,36 years and older,National,Men,El Salvador,2009
3.700000047683716,26,,SLV,28681,230,266,140785,29179,36 years and older,National,Women,El Salvador,2009
2.299999952316284,26,,SLV,28681,230,146,140784,29179,Under 36 years old,National,Both sexes,El Salvador,2009
2.4000000953674316,26,,SLV,28681,230,265,140784,29179,Under 36 years old,National,Men,El Salvador,2009
2.0999999046325684,26,,SLV,28681,230,266,140784,29179,Under 36 years old,National,Women,El Salvador,2009
2.5999999046325684,26,,SLV,28681,230,146,140786,29179,Total,National,Both sexes,El Salvador,2009
2.5999999046325684,26,,SLV,28681,230,265,140786,29179,Total,National,Men,El Salvador,2009
2.5999999046325684,26,,SLV,28681,230,266,140786,29179,Total,National,Women,El Salvador,2009
1.5,26,,SLV,28679,230,146,140785,29179,36 years and older,Rural,Both sexes,El Salvador,2009
1.399999976158142,26,,SLV,28679,230,265,140785,29179,36 years and older,Rural,Men,El Salvador,2009
1.7000000476837158,26,,SLV,28679,230,266,140785,29179,36 years and older,Rural,Women,El Salvador,2009
1.100000023841858,26,,SLV,28679,230,146,140784,29179,Under 36 years old,Rural,Both sexes,El Salvador,2009
1.2000000476837158,26,,SLV,28679,230,265,140784,29179,Under 36 years old,Rural,Men,El Salvador,2009
0.8999999761581421,26,,SLV,28679,230,266,140784,29179,Under 36 years old,Rural,Women,El Salvador,2009
1.2000000476837158,26,,SLV,28679,230,146,140786,29179,Total,Rural,Both sexes,El Salvador,2009
1.2999999523162842,26,,SLV,28679,230,265,140786,29179,Total,Rural,Men,El Salvador,2009
1.100000023841858,26,,SLV,28679,230,266,140786,29179,Total,Rural,Women,El Salvador,2009
8.800000190734863,26,13639,SLV,28680,230,146,140785,29179,36 years and older,Urban,Both sexes,El Salvador,2009
8.300000190734863,26,13639,SLV,28680,230,265,140785,29179,36 years and older,Urban,Men,El Salvador,2009
9.399999618530273,26,13639,SLV,28680,230,266,140785,29179,36 years and older,Urban,Women,El Salvador,2009
6.5,26,,SLV,28680,230,146,140784,29179,Under 36 years old,Urban,Both sexes,El Salvador,2009
6.699999809265137,26,13639,SLV,28680,230,265,140784,29179,Under 36 years old,Urban,Men,El Salvador,2009
6.400000095367432,26,13639,SLV,28680,230,266,140784,29179,Under 36 years old,Urban,Women,El Salvador,2009
7.400000095367432,26,,SLV,28680,230,146,140786,29179,Total,Urban,Both sexes,El Salvador,2009
7.300000190734863,26,,SLV,28680,230,265,140786,29179,Total,Urban,Men,El Salvador,2009
7.400000095367432,26,,SLV,28680,230,266,140786,29179,Total,Urban,Women,El Salvador,2009
3.299999952316284,26,,SLV,28681,230,146,140785,29180,36 years and older,National,Both sexes,El Salvador,2010
3.0999999046325684,26,,SLV,28681,230,265,140785,29180,36 years and older,National,Men,El Salvador,2010
3.700000047683716,26,,SLV,28681,230,266,140785,29180,36 years and older,National,Women,El Salvador,2010
2.5,26,,SLV,28681,230,146,140784,29180,Under 36 years old,National,Both sexes,El Salvador,2010
2.200000047683716,26,,SLV,28681,230,265,140784,29180,Under 36 years old,National,Men,El Salvador,2010
2.700000047683716,26,,SLV,28681,230,266,140784,29180,Under 36 years old,National,Women,El Salvador,2010
2.700000047683716,26,,SLV,28681,230,146,140786,29180,Total,National,Both sexes,El Salvador,2010
2.5,26,,SLV,28681,230,265,140786,29180,Total,National,Men,El Salvador,2010
3,26,,SLV,28681,230,266,140786,29180,Total,National,Women,El Salvador,2010
1.7000000476837158,26,,SLV,28679,230,146,140785,29180,36 years and older,Rural,Both sexes,El Salvador,2010
1.600000023841858,26,,SLV,28679,230,265,140785,29180,36 years and older,Rural,Men,El Salvador,2010
1.7999999523162842,26,,SLV,28679,230,266,140785,29180,36 years and older,Rural,Women,El Salvador,2010
1.5,26,,SLV,28679,230,146,140784,29180,Under 36 years old,Rural,Both sexes,El Salvador,2010
1.399999976158142,26,,SLV,28679,230,265,140784,29180,Under 36 years old,Rural,Men,El Salvador,2010
1.600000023841858,26,,SLV,28679,230,266,140784,29180,Under 36 years old,Rural,Women,El Salvador,2010
1.600000023841858,26,,SLV,28679,230,146,140786,29180,Total,Rural,Both sexes,El Salvador,2010
1.5,26,,SLV,28679,230,265,140786,29180,Total,Rural,Men,El Salvador,2010
1.7000000476837158,26,,SLV,28679,230,266,140786,29180,Total,Rural,Women,El Salvador,2010
8.399999618530273,26,13639,SLV,28680,230,146,140785,29180,36 years and older,Urban,Both sexes,El Salvador,2010
7.699999809265137,26,13639,SLV,28680,230,265,140785,29180,36 years and older,Urban,Men,El Salvador,2010
9.199999809265137,26,13639,SLV,28680,230,266,140785,29180,36 years and older,Urban,Women,El Salvador,2010
5.900000095367432,26,,SLV,28680,230,146,140784,29180,Under 36 years old,Urban,Both sexes,El Salvador,2010
5,26,13639,SLV,28680,230,265,140784,29180,Under 36 years old,Urban,Men,El Salvador,2010
6.800000190734863,26,13639,SLV,28680,230,266,140784,29180,Under 36 years old,Urban,Women,El Salvador,2010
6.800000190734863,26,,SLV,28680,230,146,140786,29180,Total,Urban,Both sexes,El Salvador,2010
6,26,,SLV,28680,230,265,140786,29180,Total,Urban,Men,El Salvador,2010
7.599999904632568,26,,SLV,28680,230,266,140786,29180,Total,Urban,Women,El Salvador,2010
5.699999809265137,26,,SLV,28681,230,146,140785,29182,36 years and older,National,Both sexes,El Salvador,2012
5.400000095367432,26,,SLV,28681,230,265,140785,29182,36 years and older,National,Men,El Salvador,2012
6,26,,SLV,28681,230,266,140785,29182,36 years and older,National,Women,El Salvador,2012
5,26,,SLV,28681,230,146,140784,29182,Under 36 years old,National,Both sexes,El Salvador,2012
4.800000190734863,26,,SLV,28681,230,265,140784,29182,Under 36 years old,National,Men,El Salvador,2012
5.300000190734863,26,,SLV,28681,230,266,140784,29182,Under 36 years old,National,Women,El Salvador,2012
5.199999809265137,26,,SLV,28681,230,146,140786,29182,Total,National,Both sexes,El Salvador,2012
5,26,,SLV,28681,230,265,140786,29182,Total,National,Men,El Salvador,2012
5.5,26,,SLV,28681,230,266,140786,29182,Total,National,Women,El Salvador,2012
4,26,,SLV,28679,230,146,140785,29182,36 years and older,Rural,Both sexes,El Salvador,2012
3.9000000953674316,26,,SLV,28679,230,265,140785,29182,36 years and older,Rural,Men,El Salvador,2012
4.300000190734863,26,,SLV,28679,230,266,140785,29182,36 years and older,Rural,Women,El Salvador,2012
3.200000047683716,26,,SLV,28679,230,146,140784,29182,Under 36 years old,Rural,Both sexes,El Salvador,2012
3.299999952316284,26,,SLV,28679,230,265,140784,29182,Under 36 years old,Rural,Men,El Salvador,2012
3.0999999046325684,26,,SLV,28679,230,266,140784,29182,Under 36 years old,Rural,Women,El Salvador,2012
3.5,26,,SLV,28679,230,146,140786,29182,Total,Rural,Both sexes,El Salvador,2012
3.5,26,,SLV,28679,230,265,140786,29182,Total,Rural,Men,El Salvador,2012
3.5,26,,SLV,28679,230,266,140786,29182,Total,Rural,Women,El Salvador,2012
10.699999809265137,26,,SLV,28680,230,146,140785,29182,36 years and older,Urban,Both sexes,El Salvador,2012
10.100000381469727,26,,SLV,28680,230,265,140785,29182,36 years and older,Urban,Men,El Salvador,2012
11.399999618530273,26,,SLV,28680,230,266,140785,29182,36 years and older,Urban,Women,El Salvador,2012
12.199999809265137,26,,SLV,28680,230,146,140784,29182,Under 36 years old,Urban,Both sexes,El Salvador,2012
10.899999618530273,26,,SLV,28680,230,265,140784,29182,Under 36 years old,Urban,Men,El Salvador,2012
13.5,26,,SLV,28680,230,266,140784,29182,Under 36 years old,Urban,Women,El Salvador,2012
11.699999809265137,26,,SLV,28680,230,146,140786,29182,Total,Urban,Both sexes,El Salvador,2012
10.600000381469727,26,,SLV,28680,230,265,140786,29182,Total,Urban,Men,El Salvador,2012
12.800000190734863,26,,SLV,28680,230,266,140786,29182,Total,Urban,Women,El Salvador,2012
8.100000381469727,26,,SLV,28681,230,146,140785,29183,36 years and older,National,Both sexes,El Salvador,2013
7.400000095367432,26,,SLV,28681,230,265,140785,29183,36 years and older,National,Men,El Salvador,2013
9,26,,SLV,28681,230,266,140785,29183,36 years and older,National,Women,El Salvador,2013
6.400000095367432,26,,SLV,28681,230,146,140784,29183,Under 36 years old,National,Both sexes,El Salvador,2013
6.400000095367432,26,,SLV,28681,230,265,140784,29183,Under 36 years old,National,Men,El Salvador,2013
6.400000095367432,26,,SLV,28681,230,266,140784,29183,Under 36 years old,National,Women,El Salvador,2013
7,26,,SLV,28681,230,146,140786,29183,Total,National,Both sexes,El Salvador,2013
6.699999809265137,26,,SLV,28681,230,265,140786,29183,Total,National,Men,El Salvador,2013
7.300000190734863,26,,SLV,28681,230,266,140786,29183,Total,National,Women,El Salvador,2013
5.800000190734863,26,,SLV,28679,230,146,140785,29183,36 years and older,Rural,Both sexes,El Salvador,2013
5.199999809265137,26,,SLV,28679,230,265,140785,29183,36 years and older,Rural,Men,El Salvador,2013
6.5,26,,SLV,28679,230,266,140785,29183,36 years and older,Rural,Women,El Salvador,2013
4.800000190734863,26,,SLV,28679,230,146,140784,29183,Under 36 years old,Rural,Both sexes,El Salvador,2013
4.800000190734863,26,,SLV,28679,230,265,140784,29183,Under 36 years old,Rural,Men,El Salvador,2013
4.800000190734863,26,,SLV,28679,230,266,140784,29183,Under 36 years old,Rural,Women,El Salvador,2013
5.099999904632568,26,,SLV,28679,230,146,140786,29183,Total,Rural,Both sexes,El Salvador,2013
4.900000095367432,26,,SLV,28679,230,265,140786,29183,Total,Rural,Men,El Salvador,2013
5.300000190734863,26,,SLV,28679,230,266,140786,29183,Total,Rural,Women,El Salvador,2013
15.5,26,,SLV,28680,230,146,140785,29183,36 years and older,Urban,Both sexes,El Salvador,2013
14.300000190734863,26,,SLV,28680,230,265,140785,29183,36 years and older,Urban,Men,El Salvador,2013
17,26,,SLV,28680,230,266,140785,29183,36 years and older,Urban,Women,El Salvador,2013
13.100000381469727,26,,SLV,28680,230,146,140784,29183,Under 36 years old,Urban,Both sexes,El Salvador,2013
13.100000381469727,26,,SLV,28680,230,265,140784,29183,Under 36 years old,Urban,Men,El Salvador,2013
13.100000381469727,26,,SLV,28680,230,266,140784,29183,Under 36 years old,Urban,Women,El Salvador,2013
14.100000381469727,26,,SLV,28680,230,146,140786,29183,Total,Urban,Both sexes,El Salvador,2013
13.600000381469727,26,,SLV,28680,230,265,140786,29183,Total,Urban,Men,El Salvador,2013
14.5,26,,SLV,28680,230,266,140786,29183,Total,Urban,Women,El Salvador,2013
6.800000190734863,26,,SLV,28681,230,146,140785,29184,36 years and older,National,Both sexes,El Salvador,2014
6.199999809265137,26,,SLV,28681,230,265,140785,29184,36 years and older,National,Men,El Salvador,2014
7.599999904632568,26,,SLV,28681,230,266,140785,29184,36 years and older,National,Women,El Salvador,2014
5.400000095367432,26,,SLV,28681,230,146,140784,29184,Under 36 years old,National,Both sexes,El Salvador,2014
5,26,,SLV,28681,230,265,140784,29184,Under 36 years old,National,Men,El Salvador,2014
5.900000095367432,26,,SLV,28681,230,266,140784,29184,Under 36 years old,National,Women,El Salvador,2014
5.900000095367432,26,,SLV,28681,230,146,140786,29184,Total,National,Both sexes,El Salvador,2014
5.5,26,,SLV,28681,230,265,140786,29184,Total,National,Men,El Salvador,2014
6.400000095367432,26,,SLV,28681,230,266,140786,29184,Total,National,Women,El Salvador,2014
4.900000095367432,26,,SLV,28679,230,146,140785,29184,36 years and older,Rural,Both sexes,El Salvador,2014
4.400000095367432,26,,SLV,28679,230,265,140785,29184,36 years and older,Rural,Men,El Salvador,2014
5.400000095367432,26,,SLV,28679,230,266,140785,29184,36 years and older,Rural,Women,El Salvador,2014
3.9000000953674316,26,,SLV,28679,230,146,140784,29184,Under 36 years old,Rural,Both sexes,El Salvador,2014
3.4000000953674316,26,,SLV,28679,230,265,140784,29184,Under 36 years old,Rural,Men,El Salvador,2014
4.400000095367432,26,,SLV,28679,230,266,140784,29184,Under 36 years old,Rural,Women,El Salvador,2014
4.199999809265137,26,,SLV,28679,230,146,140786,29184,Total,Rural,Both sexes,El Salvador,2014
3.799999952316284,26,,SLV,28679,230,265,140786,29184,Total,Rural,Men,El Salvador,2014
4.800000190734863,26,,SLV,28679,230,266,140786,29184,Total,Rural,Women,El Salvador,2014
13.5,26,,SLV,28680,230,146,140785,29184,36 years and older,Urban,Both sexes,El Salvador,2014
12.5,26,,SLV,28680,230,265,140785,29184,36 years and older,Urban,Men,El Salvador,2014
14.800000190734863,26,,SLV,28680,230,266,140785,29184,36 years and older,Urban,Women,El Salvador,2014
11.899999618530273,26,,SLV,28680,230,146,140784,29184,Under 36 years old,Urban,Both sexes,El Salvador,2014
12,26,,SLV,28680,230,265,140784,29184,Under 36 years old,Urban,Men,El Salvador,2014
11.899999618530273,26,,SLV,28680,230,266,140784,29184,Under 36 years old,Urban,Women,El Salvador,2014
12.600000381469727,26,,SLV,28680,230,146,140786,29184,Total,Urban,Both sexes,El Salvador,2014
12.199999809265137,26,,SLV,28680,230,265,140786,29184,Total,Urban,Men,El Salvador,2014
13,26,,SLV,28680,230,266,140786,29184,Total,Urban,Women,El Salvador,2014
7.099999904632568,26,,SLV,28681,230,146,140785,29185,36 years and older,National,Both sexes,El Salvador,2015
6.800000190734863,26,,SLV,28681,230,265,140785,29185,36 years and older,National,Men,El Salvador,2015
7.400000095367432,26,,SLV,28681,230,266,140785,29185,36 years and older,National,Women,El Salvador,2015
5.5,26,,SLV,28681,230,146,140784,29185,Under 36 years old,National,Both sexes,El Salvador,2015
5.5,26,,SLV,28681,230,265,140784,29185,Under 36 years old,National,Men,El Salvador,2015
5.5,26,,SLV,28681,230,266,140784,29185,Under 36 years old,National,Women,El Salvador,2015
6.099999904632568,26,,SLV,28681,230,146,140786,29185,Total,National,Both sexes,El Salvador,2015
6,26,,SLV,28681,230,265,140786,29185,Total,National,Men,El Salvador,2015
6.199999809265137,26,,SLV,28681,230,266,140786,29185,Total,National,Women,El Salvador,2015
4.400000095367432,26,,SLV,28679,230,146,140785,29185,36 years and older,Rural,Both sexes,El Salvador,2015
4.199999809265137,26,,SLV,28679,230,265,140785,29185,36 years and older,Rural,Men,El Salvador,2015
4.699999809265137,26,,SLV,28679,230,266,140785,29185,36 years and older,Rural,Women,El Salvador,2015
3.799999952316284,26,,SLV,28679,230,146,140784,29185,Under 36 years old,Rural,Both sexes,El Salvador,2015
3.5,26,,SLV,28679,230,265,140784,29185,Under 36 years old,Rural,Men,El Salvador,2015
4,26,,SLV,28679,230,266,140784,29185,Under 36 years old,Rural,Women,El Salvador,2015
4,26,,SLV,28679,230,146,140786,29185,Total,Rural,Both sexes,El Salvador,2015
3.799999952316284,26,,SLV,28679,230,265,140786,29185,Total,Rural,Men,El Salvador,2015
4.199999809265137,26,,SLV,28679,230,266,140786,29185,Total,Rural,Women,El Salvador,2015
15.899999618530273,26,,SLV,28680,230,146,140785,29185,36 years and older,Urban,Both sexes,El Salvador,2015
15.600000381469727,26,,SLV,28680,230,265,140785,29185,36 years and older,Urban,Men,El Salvador,2015
16.299999237060547,26,,SLV,28680,230,266,140785,29185,36 years and older,Urban,Women,El Salvador,2015
13.100000381469727,26,,SLV,28680,230,146,140784,29185,Under 36 years old,Urban,Both sexes,El Salvador,2015
14.100000381469727,26,,SLV,28680,230,265,140784,29185,Under 36 years old,Urban,Men,El Salvador,2015
12.100000381469727,26,,SLV,28680,230,266,140784,29185,Under 36 years old,Urban,Women,El Salvador,2015
14.300000190734863,26,,SLV,28680,230,146,140786,29185,Total,Urban,Both sexes,El Salvador,2015
14.699999809265137,26,,SLV,28680,230,265,140786,29185,Total,Urban,Men,El Salvador,2015
13.800000190734863,26,,SLV,28680,230,266,140786,29185,Total,Urban,Women,El Salvador,2015
7,26,,SLV,28681,230,146,140785,29186,36 years and older,National,Both sexes,El Salvador,2016
5.900000095367432,26,,SLV,28681,230,265,140785,29186,36 years and older,National,Men,El Salvador,2016
8.199999809265137,26,,SLV,28681,230,266,140785,29186,36 years and older,National,Women,El Salvador,2016
4.699999809265137,26,,SLV,28681,230,146,140784,29186,Under 36 years old,National,Both sexes,El Salvador,2016
4.5,26,,SLV,28681,230,265,140784,29186,Under 36 years old,National,Men,El Salvador,2016
4.900000095367432,26,,SLV,28681,230,266,140784,29186,Under 36 years old,National,Women,El Salvador,2016
5.5,26,,SLV,28681,230,146,140786,29186,Total,National,Both sexes,El Salvador,2016
5,26,,SLV,28681,230,265,140786,29186,Total,National,Men,El Salvador,2016
6,26,,SLV,28681,230,266,140786,29186,Total,National,Women,El Salvador,2016
3.4000000953674316,26,,SLV,28679,230,146,140785,29186,36 years and older,Rural,Both sexes,El Salvador,2016
3,26,,SLV,28679,230,265,140785,29186,36 years and older,Rural,Men,El Salvador,2016
3.799999952316284,26,,SLV,28679,230,266,140785,29186,36 years and older,Rural,Women,El Salvador,2016
2.4000000953674316,26,,SLV,28679,230,146,140784,29186,Under 36 years old,Rural,Both sexes,El Salvador,2016
2.200000047683716,26,,SLV,28679,230,265,140784,29186,Under 36 years old,Rural,Men,El Salvador,2016
2.5999999046325684,26,,SLV,28679,230,266,140784,29186,Under 36 years old,Rural,Women,El Salvador,2016
2.799999952316284,26,,SLV,28679,230,146,140786,29186,Total,Rural,Both sexes,El Salvador,2016
2.5,26,,SLV,28679,230,265,140786,29186,Total,Rural,Men,El Salvador,2016
3,26,,SLV,28679,230,266,140786,29186,Total,Rural,Women,El Salvador,2016
19.299999237060547,26,,SLV,28680,230,146,140785,29186,36 years and older,Urban,Both sexes,El Salvador,2016
16.700000762939453,26,,SLV,28680,230,265,140785,29186,36 years and older,Urban,Men,El Salvador,2016
22.100000381469727,26,,SLV,28680,230,266,140785,29186,36 years and older,Urban,Women,El Salvador,2016
14.699999809265137,26,,SLV,28680,230,146,140784,29186,Under 36 years old,Urban,Both sexes,El Salvador,2016
14.600000381469727,26,,SLV,28680,230,265,140784,29186,Under 36 years old,Urban,Men,El Salvador,2016
14.800000190734863,26,,SLV,28680,230,266,140784,29186,Under 36 years old,Urban,Women,El Salvador,2016
16.600000381469727,26,,SLV,28680,230,146,140786,29186,Total,Urban,Both sexes,El Salvador,2016
15.399999618530273,26,,SLV,28680,230,265,140786,29186,Total,Urban,Men,El Salvador,2016
17.799999237060547,26,,SLV,28680,230,266,140786,29186,Total,Urban,Women,El Salvador,2016
4.900000095367432,26,,SLV,28681,230,146,140785,29187,36 years and older,National,Both sexes,El Salvador,2017
4.599999904632568,26,,SLV,28681,230,265,140785,29187,36 years and older,National,Men,El Salvador,2017
5.400000095367432,26,,SLV,28681,230,266,140785,29187,36 years and older,National,Women,El Salvador,2017
4.099999904632568,26,,SLV,28681,230,146,140784,29187,Under 36 years old,National,Both sexes,El Salvador,2017
4.300000190734863,26,,SLV,28681,230,265,140784,29187,Under 36 years old,National,Men,El Salvador,2017
3.9000000953674316,26,,SLV,28681,230,266,140784,29187,Under 36 years old,National,Women,El Salvador,2017
4.400000095367432,26,,SLV,28681,230,146,140786,29187,Total,National,Both sexes,El Salvador,2017
4.400000095367432,26,,SLV,28681,230,265,140786,29187,Total,National,Men,El Salvador,2017
4.400000095367432,26,,SLV,28681,230,266,140786,29187,Total,National,Women,El Salvador,2017
3,26,,SLV,28679,230,146,140785,29187,36 years and older,Rural,Both sexes,El Salvador,2017
2.799999952316284,26,,SLV,28679,230,265,140785,29187,36 years and older,Rural,Men,El Salvador,2017
3.4000000953674316,26,,SLV,28679,230,266,140785,29187,36 years and older,Rural,Women,El Salvador,2017
2.5,26,,SLV,28679,230,146,140784,29187,Under 36 years old,Rural,Both sexes,El Salvador,2017
2.5999999046325684,26,,SLV,28679,230,265,140784,29187,Under 36 years old,Rural,Men,El Salvador,2017
2.4000000953674316,26,,SLV,28679,230,266,140784,29187,Under 36 years old,Rural,Women,El Salvador,2017
2.700000047683716,26,,SLV,28679,230,146,140786,29187,Total,Rural,Both sexes,El Salvador,2017
2.5999999046325684,26,,SLV,28679,230,265,140786,29187,Total,Rural,Men,El Salvador,2017
2.700000047683716,26,,SLV,28679,230,266,140786,29187,Total,Rural,Women,El Salvador,2017
11.600000381469727,26,,SLV,28680,230,146,140785,29187,36 years and older,Urban,Both sexes,El Salvador,2017
11,26,,SLV,28680,230,265,140785,29187,36 years and older,Urban,Men,El Salvador,2017
12.399999618530273,26,,SLV,28680,230,266,140785,29187,36 years and older,Urban,Women,El Salvador,2017
11.699999809265137,26,,SLV,28680,230,146,140784,29187,Under 36 years old,Urban,Both sexes,El Salvador,2017
12.5,26,,SLV,28680,230,265,140784,29187,Under 36 years old,Urban,Men,El Salvador,2017
10.800000190734863,26,,SLV,28680,230,266,140784,29187,Under 36 years old,Urban,Women,El Salvador,2017
11.600000381469727,26,,SLV,28680,230,146,140786,29187,Total,Urban,Both sexes,El Salvador,2017
11.800000190734863,26,,SLV,28680,230,265,140786,29187,Total,Urban,Men,El Salvador,2017
11.399999618530273,26,,SLV,28680,230,266,140786,29187,Total,Urban,Women,El Salvador,2017
5.199999809265137,26,,SLV,28681,230,146,140785,29188,36 years and older,National,Both sexes,El Salvador,2018
4.699999809265137,26,,SLV,28681,230,265,140785,29188,36 years and older,National,Men,El Salvador,2018
5.699999809265137,26,,SLV,28681,230,266,140785,29188,36 years and older,National,Women,El Salvador,2018
4.400000095367432,26,,SLV,28681,230,146,140784,29188,Under 36 years old,National,Both sexes,El Salvador,2018
4.599999904632568,26,,SLV,28681,230,265,140784,29188,Under 36 years old,National,Men,El Salvador,2018
4.099999904632568,26,,SLV,28681,230,266,140784,29188,Under 36 years old,National,Women,El Salvador,2018
4.699999809265137,26,,SLV,28681,230,146,140786,29188,Total,National,Both sexes,El Salvador,2018
4.599999904632568,26,,SLV,28681,230,265,140786,29188,Total,National,Men,El Salvador,2018
4.699999809265137,26,,SLV,28681,230,266,140786,29188,Total,National,Women,El Salvador,2018
3.299999952316284,26,,SLV,28679,230,146,140785,29188,36 years and older,Rural,Both sexes,El Salvador,2018
2.9000000953674316,26,,SLV,28679,230,265,140785,29188,36 years and older,Rural,Men,El Salvador,2018
3.700000047683716,26,,SLV,28679,230,266,140785,29188,36 years and older,Rural,Women,El Salvador,2018
2.4000000953674316,26,,SLV,28679,230,146,140784,29188,Under 36 years old,Rural,Both sexes,El Salvador,2018
2.9000000953674316,26,,SLV,28679,230,265,140784,29188,Under 36 years old,Rural,Men,El Salvador,2018
2,26,,SLV,28679,230,266,140784,29188,Under 36 years old,Rural,Women,El Salvador,2018
2.700000047683716,26,,SLV,28679,230,146,140786,29188,Total,Rural,Both sexes,El Salvador,2018
2.9000000953674316,26,,SLV,28679,230,265,140786,29188,Total,Rural,Men,El Salvador,2018
2.5999999046325684,26,,SLV,28679,230,266,140786,29188,Total,Rural,Women,El Salvador,2018
12.399999618530273,26,,SLV,28680,230,146,140785,29188,36 years and older,Urban,Both sexes,El Salvador,2018
11.899999618530273,26,,SLV,28680,230,265,140785,29188,36 years and older,Urban,Men,El Salvador,2018
13,26,,SLV,28680,230,266,140785,29188,36 years and older,Urban,Women,El Salvador,2018
13.199999809265137,26,,SLV,28680,230,146,140784,29188,Under 36 years old,Urban,Both sexes,El Salvador,2018
12.199999809265137,26,,SLV,28680,230,265,140784,29188,Under 36 years old,Urban,Men,El Salvador,2018
14.100000381469727,26,,SLV,28680,230,266,140784,29188,Under 36 years old,Urban,Women,El Salvador,2018
12.800000190734863,26,,SLV,28680,230,146,140786,29188,Total,Urban,Both sexes,El Salvador,2018
12.100000381469727,26,,SLV,28680,230,265,140786,29188,Total,Urban,Men,El Salvador,2018
13.699999809265137,26,,SLV,28680,230,266,140786,29188,Total,Urban,Women,El Salvador,2018
6.199999809265137,26,,SLV,28681,230,146,140785,29189,36 years and older,National,Both sexes,El Salvador,2019
5.5,26,,SLV,28681,230,265,140785,29189,36 years and older,National,Men,El Salvador,2019
7.099999904632568,26,,SLV,28681,230,266,140785,29189,36 years and older,National,Women,El Salvador,2019
5.099999904632568,26,,SLV,28681,230,146,140784,29189,Under 36 years old,National,Both sexes,El Salvador,2019
5.300000190734863,26,,SLV,28681,230,265,140784,29189,Under 36 years old,National,Men,El Salvador,2019
4.900000095367432,26,,SLV,28681,230,266,140784,29189,Under 36 years old,National,Women,El Salvador,2019
5.599999904632568,26,,SLV,28681,230,146,140786,29189,Total,National,Both sexes,El Salvador,2019
5.400000095367432,26,,SLV,28681,230,265,140786,29189,Total,National,Men,El Salvador,2019
5.800000190734863,26,,SLV,28681,230,266,140786,29189,Total,National,Women,El Salvador,2019
4,26,,SLV,28679,230,146,140785,29189,36 years and older,Rural,Both sexes,El Salvador,2019
3.4000000953674316,26,,SLV,28679,230,265,140785,29189,36 years and older,Rural,Men,El Salvador,2019
4.800000190734863,26,,SLV,28679,230,266,140785,29189,36 years and older,Rural,Women,El Salvador,2019
3.5999999046325684,26,,SLV,28679,230,146,140784,29189,Under 36 years old,Rural,Both sexes,El Salvador,2019
3.799999952316284,26,,SLV,28679,230,265,140784,29189,Under 36 years old,Rural,Men,El Salvador,2019
3.4000000953674316,26,,SLV,28679,230,266,140784,29189,Under 36 years old,Rural,Women,El Salvador,2019
3.799999952316284,26,,SLV,28679,230,146,140786,29189,Total,Rural,Both sexes,El Salvador,2019
3.700000047683716,26,,SLV,28679,230,265,140786,29189,Total,Rural,Men,El Salvador,2019
3.9000000953674316,26,,SLV,28679,230,266,140786,29189,Total,Rural,Women,El Salvador,2019
13.5,26,,SLV,28680,230,146,140785,29189,36 years and older,Urban,Both sexes,El Salvador,2019
12.5,26,,SLV,28680,230,265,140785,29189,36 years and older,Urban,Men,El Salvador,2019
14.699999809265137,26,,SLV,28680,230,266,140785,29189,36 years and older,Urban,Women,El Salvador,2019
11.899999618530273,26,,SLV,28680,230,146,140784,29189,Under 36 years old,Urban,Both sexes,El Salvador,2019
11.899999618530273,26,,SLV,28680,230,265,140784,29189,Under 36 years old,Urban,Men,El Salvador,2019
11.800000190734863,26,,SLV,28680,230,266,140784,29189,Under 36 years old,Urban,Women,El Salvador,2019
12.600000381469727,26,,SLV,28680,230,146,140786,29189,Total,Urban,Both sexes,El Salvador,2019
12.199999809265137,26,,SLV,28680,230,265,140786,29189,Total,Urban,Men,El Salvador,2019
13,26,,SLV,28680,230,266,140786,29189,Total,Urban,Women,El Salvador,2019
6.5,26,,SLV,28681,230,146,140785,29190,36 years and older,National,Both sexes,El Salvador,2020
5.900000095367432,26,,SLV,28681,230,265,140785,29190,36 years and older,National,Men,El Salvador,2020
7.099999904632568,26,,SLV,28681,230,266,140785,29190,36 years and older,National,Women,El Salvador,2020
5.099999904632568,26,,SLV,28681,230,146,140784,29190,Under 36 years old,National,Both sexes,El Salvador,2020
5,26,,SLV,28681,230,265,140784,29190,Under 36 years old,National,Men,El Salvador,2020
5.199999809265137,26,,SLV,28681,230,266,140784,29190,Under 36 years old,National,Women,El Salvador,2020
5.699999809265137,26,,SLV,28681,230,146,140786,29190,Total,National,Both sexes,El Salvador,2020
5.400000095367432,26,,SLV,28681,230,265,140786,29190,Total,National,Men,El Salvador,2020
5.900000095367432,26,,SLV,28681,230,266,140786,29190,Total,National,Women,El Salvador,2020
4,26,,SLV,28679,230,146,140785,29190,36 years and older,Rural,Both sexes,El Salvador,2020
3.799999952316284,26,,SLV,28679,230,265,140785,29190,36 years and older,Rural,Men,El Salvador,2020
4.300000190734863,26,,SLV,28679,230,266,140785,29190,36 years and older,Rural,Women,El Salvador,2020
3.299999952316284,26,,SLV,28679,230,146,140784,29190,Under 36 years old,Rural,Both sexes,El Salvador,2020
3.200000047683716,26,,SLV,28679,230,265,140784,29190,Under 36 years old,Rural,Men,El Salvador,2020
3.4000000953674316,26,,SLV,28679,230,266,140784,29190,Under 36 years old,Rural,Women,El Salvador,2020
3.5999999046325684,26,,SLV,28679,230,146,140786,29190,Total,Rural,Both sexes,El Salvador,2020
3.5,26,,SLV,28679,230,265,140786,29190,Total,Rural,Men,El Salvador,2020
3.700000047683716,26,,SLV,28679,230,266,140786,29190,Total,Rural,Women,El Salvador,2020
14.899999618530273,26,,SLV,28680,230,146,140785,29190,36 years and older,Urban,Both sexes,El Salvador,2020
13.5,26,,SLV,28680,230,265,140785,29190,36 years and older,Urban,Men,El Salvador,2020
16.299999237060547,26,,SLV,28680,230,266,140785,29190,36 years and older,Urban,Women,El Salvador,2020
13.399999618530273,26,,SLV,28680,230,146,140784,29190,Under 36 years old,Urban,Both sexes,El Salvador,2020
12.800000190734863,26,,SLV,28680,230,265,140784,29190,Under 36 years old,Urban,Men,El Salvador,2020
14.100000381469727,26,,SLV,28680,230,266,140784,29190,Under 36 years old,Urban,Women,El Salvador,2020
14.100000381469727,26,,SLV,28680,230,146,140786,29190,Total,Urban,Both sexes,El Salvador,2020
13.100000381469727,26,,SLV,28680,230,265,140786,29190,Total,Urban,Men,El Salvador,2020
15.100000381469727,26,,SLV,28680,230,266,140786,29190,Total,Urban,Women,El Salvador,2020
10.399999618530273,26,,SLV,28681,230,146,140785,29191,36 years and older,National,Both sexes,El Salvador,2021
9.300000190734863,26,,SLV,28681,230,265,140785,29191,36 years and older,National,Men,El Salvador,2021
11.800000190734863,26,,SLV,28681,230,266,140785,29191,36 years and older,National,Women,El Salvador,2021
9.5,26,,SLV,28681,230,146,140784,29191,Under 36 years old,National,Both sexes,El Salvador,2021
8.699999809265137,26,,SLV,28681,230,265,140784,29191,Under 36 years old,National,Men,El Salvador,2021
10.399999618530273,26,,SLV,28681,230,266,140784,29191,Under 36 years old,National,Women,El Salvador,2021
9.899999618530273,26,,SLV,28681,230,146,140786,29191,Total,National,Both sexes,El Salvador,2021
9,26,,SLV,28681,230,265,140786,29191,Total,National,Men,El Salvador,2021
10.899999618530273,26,,SLV,28681,230,266,140786,29191,Total,National,Women,El Salvador,2021
8.800000190734863,26,,SLV,28679,230,146,140785,29191,36 years and older,Rural,Both sexes,El Salvador,2021
7.599999904632568,26,,SLV,28679,230,265,140785,29191,36 years and older,Rural,Men,El Salvador,2021
10.300000190734863,26,,SLV,28679,230,266,140785,29191,36 years and older,Rural,Women,El Salvador,2021
8.199999809265137,26,,SLV,28679,230,146,140784,29191,Under 36 years old,Rural,Both sexes,El Salvador,2021
7.599999904632568,26,,SLV,28679,230,265,140784,29191,Under 36 years old,Rural,Men,El Salvador,2021
8.899999618530273,26,,SLV,28679,230,266,140784,29191,Under 36 years old,Rural,Women,El Salvador,2021
8.399999618530273,26,,SLV,28679,230,146,140786,29191,Total,Rural,Both sexes,El Salvador,2021
7.599999904632568,26,,SLV,28679,230,265,140786,29191,Total,Rural,Men,El Salvador,2021
9.399999618530273,26,,SLV,28679,230,266,140786,29191,Total,Rural,Women,El Salvador,2021
15.399999618530273,26,,SLV,28680,230,146,140785,29191,36 years and older,Urban,Both sexes,El Salvador,2021
14.699999809265137,26,,SLV,28680,230,265,140785,29191,36 years and older,Urban,Men,El Salvador,2021
16.299999237060547,26,,SLV,28680,230,266,140785,29191,36 years and older,Urban,Women,El Salvador,2021
15,26,,SLV,28680,230,146,140784,29191,Under 36 years old,Urban,Both sexes,El Salvador,2021
13.699999809265137,26,,SLV,28680,230,265,140784,29191,Under 36 years old,Urban,Men,El Salvador,2021
16.299999237060547,26,,SLV,28680,230,266,140784,29191,Under 36 years old,Urban,Women,El Salvador,2021
15.199999809265137,26,,SLV,28680,230,146,140786,29191,Total,Urban,Both sexes,El Salvador,2021
14.199999809265137,26,,SLV,28680,230,265,140786,29191,Total,Urban,Men,El Salvador,2021
16.299999237060547,26,,SLV,28680,230,266,140786,29191,Total,Urban,Women,El Salvador,2021
38.400001525878906,26,,SLV,28681,230,146,140785,29192,36 years and older,National,Both sexes,El Salvador,2022
36.5,26,,SLV,28681,230,265,140785,29192,36 years and older,National,Men,El Salvador,2022
40.599998474121094,26,,SLV,28681,230,266,140785,29192,36 years and older,National,Women,El Salvador,2022
48.599998474121094,26,,SLV,28681,230,146,140784,29192,Under 36 years old,National,Both sexes,El Salvador,2022
47.29999923706055,26,,SLV,28681,230,265,140784,29192,Under 36 years old,National,Men,El Salvador,2022
50.099998474121094,26,,SLV,28681,230,266,140784,29192,Under 36 years old,National,Women,El Salvador,2022
44.5,26,,SLV,28681,230,146,140786,29192,Total,National,Both sexes,El Salvador,2022
42.70000076293945,26,,SLV,28681,230,265,140786,29192,Total,National,Men,El Salvador,2022
46.400001525878906,26,,SLV,28681,230,266,140786,29192,Total,National,Women,El Salvador,2022
38.599998474121094,26,,SLV,28679,230,146,140785,29192,36 years and older,Rural,Both sexes,El Salvador,2022
36.70000076293945,26,,SLV,28679,230,265,140785,29192,36 years and older,Rural,Men,El Salvador,2022
40.900001525878906,26,,SLV,28679,230,266,140785,29192,36 years and older,Rural,Women,El Salvador,2022
48.400001525878906,26,,SLV,28679,230,146,140784,29192,Under 36 years old,Rural,Both sexes,El Salvador,2022
46.599998474121094,26,,SLV,28679,230,265,140784,29192,Under 36 years old,Rural,Men,El Salvador,2022
50.29999923706055,26,,SLV,28679,230,266,140784,29192,Under 36 years old,Rural,Women,El Salvador,2022
44.599998474121094,26,,SLV,28679,230,146,140786,29192,Total,Rural,Both sexes,El Salvador,2022
42.599998474121094,26,,SLV,28679,230,265,140786,29192,Total,Rural,Men,El Salvador,2022
46.70000076293945,26,,SLV,28679,230,266,140786,29192,Total,Rural,Women,El Salvador,2022
37.599998474121094,26,,SLV,28680,230,146,140785,29192,36 years and older,Urban,Both sexes,El Salvador,2022
35.79999923706055,26,,SLV,28680,230,265,140785,29192,36 years and older,Urban,Men,El Salvador,2022
39.70000076293945,26,,SLV,28680,230,266,140785,29192,36 years and older,Urban,Women,El Salvador,2022
49.5,26,,SLV,28680,230,146,140784,29192,Under 36 years old,Urban,Both sexes,El Salvador,2022
49.900001525878906,26,,SLV,28680,230,265,140784,29192,Under 36 years old,Urban,Men,El Salvador,2022
49.099998474121094,26,,SLV,28680,230,266,140784,29192,Under 36 years old,Urban,Women,El Salvador,2022
44.099998474121094,26,,SLV,28680,230,146,140786,29192,Total,Urban,Both sexes,El Salvador,2022
43.099998474121094,26,,SLV,28680,230,265,140786,29192,Total,Urban,Men,El Salvador,2022
45.099998474121094,26,,SLV,28680,230,266,140786,29192,Total,Urban,Women,El Salvador,2022
47,26,,SLV,28681,230,146,140785,29193,36 years and older,National,Both sexes,El Salvador,2023
44,26,,SLV,28681,230,265,140785,29193,36 years and older,National,Men,El Salvador,2023
50.70000076293945,26,,SLV,28681,230,266,140785,29193,36 years and older,National,Women,El Salvador,2023
64.69999694824219,26,,SLV,28681,230,146,140784,29193,Under 36 years old,National,Both sexes,El Salvador,2023
62.79999923706055,26,,SLV,28681,230,265,140784,29193,Under 36 years old,National,Men,El Salvador,2023
66.5999984741211,26,,SLV,28681,230,266,140784,29193,Under 36 years old,National,Women,El Salvador,2023
57.20000076293945,26,,SLV,28681,230,146,140786,29193,Total,National,Both sexes,El Salvador,2023
54.400001525878906,26,,SLV,28681,230,265,140786,29193,Total,National,Men,El Salvador,2023
60.29999923706055,26,,SLV,28681,230,266,140786,29193,Total,National,Women,El Salvador,2023
45.70000076293945,26,,SLV,28679,230,146,140785,29193,36 years and older,Rural,Both sexes,El Salvador,2023
43.900001525878906,26,,SLV,28679,230,265,140785,29193,36 years and older,Rural,Men,El Salvador,2023
48,26,,SLV,28679,230,266,140785,29193,36 years and older,Rural,Women,El Salvador,2023
63.400001525878906,26,,SLV,28679,230,146,140784,29193,Under 36 years old,Rural,Both sexes,El Salvador,2023
61.599998474121094,26,,SLV,28679,230,265,140784,29193,Under 36 years old,Rural,Men,El Salvador,2023
65.19999694824219,26,,SLV,28679,230,266,140784,29193,Under 36 years old,Rural,Women,El Salvador,2023
56.099998474121094,26,,SLV,28679,230,146,140786,29193,Total,Rural,Both sexes,El Salvador,2023
53.900001525878906,26,,SLV,28679,230,265,140786,29193,Total,Rural,Men,El Salvador,2023
58.599998474121094,26,,SLV,28679,230,266,140786,29193,Total,Rural,Women,El Salvador,2023
51,26,,SLV,28680,230,146,140785,29193,36 years and older,Urban,Both sexes,El Salvador,2023
44.599998474121094,26,,SLV,28680,230,265,140785,29193,36 years and older,Urban,Men,El Salvador,2023
58.79999923706055,26,,SLV,28680,230,266,140785,29193,36 years and older,Urban,Women,El Salvador,2023
69.9000015258789,26,,SLV,28680,230,146,140784,29193,Under 36 years old,Urban,Both sexes,El Salvador,2023
67.5999984741211,26,,SLV,28680,230,265,140784,29193,Under 36 years old,Urban,Men,El Salvador,2023
72.0999984741211,26,,SLV,28680,230,266,140784,29193,Under 36 years old,Urban,Women,El Salvador,2023
60.900001525878906,26,,SLV,28680,230,146,140786,29193,Total,Urban,Both sexes,El Salvador,2023
56,26,,SLV,28680,230,265,140786,29193,Total,Urban,Men,El Salvador,2023
66.19999694824219,26,,SLV,28680,230,266,140786,29193,Total,Urban,Women,El Salvador,2023
1,26,355,HND,28681,239,146,140785,29174,36 years and older,National,Both sexes,Honduras,2004
0.8999999761581421,26,355,HND,28681,239,265,140785,29174,36 years and older,National,Men,Honduras,2004
1.2000000476837158,26,355,HND,28681,239,266,140785,29174,36 years and older,National,Women,Honduras,2004
0.6000000238418579,26,355,HND,28681,239,146,140784,29174,Under 36 years old,National,Both sexes,Honduras,2004
0.4000000059604645,26,355,HND,28681,239,265,140784,29174,Under 36 years old,National,Men,Honduras,2004
0.800000011920929,26,355,HND,28681,239,266,140784,29174,Under 36 years old,National,Women,Honduras,2004
0.699999988079071,26,355,HND,28681,239,146,140786,29174,Total,National,Both sexes,Honduras,2004
0.6000000238418579,26,355,HND,28681,239,265,140786,29174,Total,National,Men,Honduras,2004
0.8999999761581421,26,355,HND,28681,239,266,140786,29174,Total,National,Women,Honduras,2004
8,26,355,HND,28680,239,146,140785,29174,36 years and older,Urban,Both sexes,Honduras,2004
7,26,355,HND,28680,239,265,140785,29174,36 years and older,Urban,Men,Honduras,2004
9.199999809265137,26,355,HND,28680,239,266,140785,29174,36 years and older,Urban,Women,Honduras,2004
6.300000190734863,26,355,HND,28680,239,146,140784,29174,Under 36 years old,Urban,Both sexes,Honduras,2004
4.699999809265137,26,355,HND,28680,239,265,140784,29174,Under 36 years old,Urban,Men,Honduras,2004
7.800000190734863,26,355,HND,28680,239,266,140784,29174,Under 36 years old,Urban,Women,Honduras,2004
6.900000095367432,26,355,HND,28680,239,146,140786,29174,Total,Urban,Both sexes,Honduras,2004
5.5,26,355,HND,28680,239,265,140786,29174,Total,Urban,Men,Honduras,2004
8.199999809265137,26,355,HND,28680,239,266,140786,29174,Total,Urban,Women,Honduras,2004
1.2000000476837158,26,355,HND,28681,239,146,140785,29175,36 years and older,National,Both sexes,Honduras,2005
1.2000000476837158,26,355,HND,28681,239,265,140785,29175,36 years and older,National,Men,Honduras,2005
1.100000023841858,26,355,HND,28681,239,266,140785,29175,36 years and older,National,Women,Honduras,2005
0.800000011920929,26,355,HND,28681,239,146,140784,29175,Under 36 years old,National,Both sexes,Honduras,2005
0.6000000238418579,26,355,HND,28681,239,265,140784,29175,Under 36 years old,National,Men,Honduras,2005
1,26,355,HND,28681,239,266,140784,29175,Under 36 years old,National,Women,Honduras,2005
0.8999999761581421,26,355,HND,28681,239,146,140786,29175,Total,National,Both sexes,Honduras,2005
0.800000011920929,26,355,HND,28681,239,265,140786,29175,Total,National,Men,Honduras,2005
1.100000023841858,26,355,HND,28681,239,266,140786,29175,Total,National,Women,Honduras,2005
0.4000000059604645,26,355,HND,28679,239,146,140785,29175,36 years and older,Rural,Both sexes,Honduras,2005
0.30000001192092896,26,355,HND,28679,239,265,140785,29175,36 years and older,Rural,Men,Honduras,2005
0.4000000059604645,26,355,HND,28679,239,266,140785,29175,36 years and older,Rural,Women,Honduras,2005
0.30000001192092896,26,355,HND,28679,239,146,140784,29175,Under 36 years old,Rural,Both sexes,Honduras,2005
0.30000001192092896,26,355,HND,28679,239,265,140784,29175,Under 36 years old,Rural,Men,Honduras,2005
0.30000001192092896,26,355,HND,28679,239,266,140784,29175,Under 36 years old,Rural,Women,Honduras,2005
0.30000001192092896,26,355,HND,28679,239,146,140786,29175,Total,Rural,Both sexes,Honduras,2005
0.30000001192092896,26,355,HND,28679,239,265,140786,29175,Total,Rural,Men,Honduras,2005
0.30000001192092896,26,355,HND,28679,239,266,140786,29175,Total,Rural,Women,Honduras,2005
5.900000095367432,26,355,HND,28680,239,146,140785,29175,36 years and older,Urban,Both sexes,Honduras,2005
6.300000190734863,26,355,HND,28680,239,265,140785,29175,36 years and older,Urban,Men,Honduras,2005
5.400000095367432,26,355,HND,28680,239,266,140785,29175,36 years and older,Urban,Women,Honduras,2005
5.199999809265137,26,355,HND,28680,239,146,140784,29175,Under 36 years old,Urban,Both sexes,Honduras,2005
3.700000047683716,26,355,HND,28680,239,265,140784,29175,Under 36 years old,Urban,Men,Honduras,2005
6.599999904632568,26,355,HND,28680,239,266,140784,29175,Under 36 years old,Urban,Women,Honduras,2005
5.400000095367432,26,355,HND,28680,239,146,140786,29175,Total,Urban,Both sexes,Honduras,2005
4.599999904632568,26,355,HND,28680,239,265,140786,29175,Total,Urban,Men,Honduras,2005
6.199999809265137,26,355,HND,28680,239,266,140786,29175,Total,Urban,Women,Honduras,2005
3.799999952316284,26,355,HND,28681,239,146,140785,29180,36 years and older,National,Both sexes,Honduras,2010
3.5,26,355,HND,28681,239,265,140785,29180,36 years and older,National,Men,Honduras,2010
4,26,355,HND,28681,239,266,140785,29180,36 years and older,National,Women,Honduras,2010
2.700000047683716,26,355,HND,28681,239,146,140784,29180,Under 36 years old,National,Both sexes,Honduras,2010
2.0999999046325684,26,355,HND,28681,239,265,140784,29180,Under 36 years old,National,Men,Honduras,2010
3.4000000953674316,26,355,HND,28681,239,266,140784,29180,Under 36 years old,National,Women,Honduras,2010
3,26,355,HND,28681,239,146,140786,29180,Total,National,Both sexes,Honduras,2010
2.5,26,355,HND,28681,239,265,140786,29180,Total,National,Men,Honduras,2010
3.5999999046325684,26,355,HND,28681,239,266,140786,29180,Total,National,Women,Honduras,2010
2.4000000953674316,26,355,HND,28679,239,146,140785,29180,36 years and older,Rural,Both sexes,Honduras,2010
2.0999999046325684,26,355,HND,28679,239,265,140785,29180,36 years and older,Rural,Men,Honduras,2010
2.700000047683716,26,355,HND,28679,239,266,140785,29180,36 years and older,Rural,Women,Honduras,2010
1.7999999523162842,26,355,HND,28679,239,146,140784,29180,Under 36 years old,Rural,Both sexes,Honduras,2010
1.399999976158142,26,355,HND,28679,239,265,140784,29180,Under 36 years old,Rural,Men,Honduras,2010
2.200000047683716,26,355,HND,28679,239,266,140784,29180,Under 36 years old,Rural,Women,Honduras,2010
2,26,355,HND,28679,239,146,140786,29180,Total,Rural,Both sexes,Honduras,2010
1.600000023841858,26,355,HND,28679,239,265,140786,29180,Total,Rural,Men,Honduras,2010
2.4000000953674316,26,355,HND,28679,239,266,140786,29180,Total,Rural,Women,Honduras,2010
13.199999809265137,26,355,HND,28680,239,146,140785,29180,36 years and older,Urban,Both sexes,Honduras,2010
12.899999618530273,26,355,HND,28680,239,265,140785,29180,36 years and older,Urban,Men,Honduras,2010
13.5,26,355,HND,28680,239,266,140785,29180,36 years and older,Urban,Women,Honduras,2010
11.699999809265137,26,355,HND,28680,239,146,140784,29180,Under 36 years old,Urban,Both sexes,Honduras,2010
8.899999618530273,26,355,HND,28680,239,265,140784,29180,Under 36 years old,Urban,Men,Honduras,2010
14.5,26,355,HND,28680,239,266,140784,29180,Under 36 years old,Urban,Women,Honduras,2010
12.300000190734863,26,355,HND,28680,239,146,140786,29180,Total,Urban,Both sexes,Honduras,2010
10.5,26,355,HND,28680,239,265,140786,29180,Total,Urban,Men,Honduras,2010
14.100000381469727,26,355,HND,28680,239,266,140786,29180,Total,Urban,Women,Honduras,2010
4,26,355,HND,28681,239,146,140785,29181,36 years and older,National,Both sexes,Honduras,2011
3.799999952316284,26,355,HND,28681,239,265,140785,29181,36 years and older,National,Men,Honduras,2011
4.300000190734863,26,355,HND,28681,239,266,140785,29181,36 years and older,National,Women,Honduras,2011
3.0999999046325684,26,355,HND,28681,239,146,140784,29181,Under 36 years old,National,Both sexes,Honduras,2011
3.200000047683716,26,355,HND,28681,239,265,140784,29181,Under 36 years old,National,Men,Honduras,2011
3,26,355,HND,28681,239,266,140784,29181,Under 36 years old,National,Women,Honduras,2011
3.4000000953674316,26,355,HND,28681,239,146,140786,29181,Total,National,Both sexes,Honduras,2011
3.4000000953674316,26,355,HND,28681,239,265,140786,29181,Total,National,Men,Honduras,2011
3.4000000953674316,26,355,HND,28681,239,266,140786,29181,Total,National,Women,Honduras,2011
2.200000047683716,26,355,HND,28679,239,146,140785,29181,36 years and older,Rural,Both sexes,Honduras,2011
2.0999999046325684,26,355,HND,28679,239,265,140785,29181,36 years and older,Rural,Men,Honduras,2011
2.200000047683716,26,355,HND,28679,239,266,140785,29181,36 years and older,Rural,Women,Honduras,2011
1.7000000476837158,26,355,HND,28679,239,146,140784,29181,Under 36 years old,Rural,Both sexes,Honduras,2011
1.7000000476837158,26,355,HND,28679,239,265,140784,29181,Under 36 years old,Rural,Men,Honduras,2011
1.7999999523162842,26,355,HND,28679,239,266,140784,29181,Under 36 years old,Rural,Women,Honduras,2011
1.899999976158142,26,355,HND,28679,239,146,140786,29181,Total,Rural,Both sexes,Honduras,2011
1.899999976158142,26,355,HND,28679,239,265,140786,29181,Total,Rural,Men,Honduras,2011
1.899999976158142,26,355,HND,28679,239,266,140786,29181,Total,Rural,Women,Honduras,2011
18.600000381469727,26,355,HND,28680,239,146,140785,29181,36 years and older,Urban,Both sexes,Honduras,2011
17.700000762939453,26,355,HND,28680,239,265,140785,29181,36 years and older,Urban,Men,Honduras,2011
19.5,26,355,HND,28680,239,266,140785,29181,36 years and older,Urban,Women,Honduras,2011
18.200000762939453,26,355,HND,28680,239,146,140784,29181,Under 36 years old,Urban,Both sexes,Honduras,2011
20.200000762939453,26,355,HND,28680,239,265,140784,29181,Under 36 years old,Urban,Men,Honduras,2011
16.100000381469727,26,355,HND,28680,239,266,140784,29181,Under 36 years old,Urban,Women,Honduras,2011
18.299999237060547,26,355,HND,28680,239,146,140786,29181,Total,Urban,Both sexes,Honduras,2011
19.299999237060547,26,355,HND,28680,239,265,140786,29181,Total,Urban,Men,Honduras,2011
17.299999237060547,26,355,HND,28680,239,266,140786,29181,Total,Urban,Women,Honduras,2011
4.5,26,355,HND,28681,239,146,140785,29182,36 years and older,National,Both sexes,Honduras,2012
4.5,26,355,HND,28681,239,265,140785,29182,36 years and older,National,Men,Honduras,2012
4.599999904632568,26,355,HND,28681,239,266,140785,29182,36 years and older,National,Women,Honduras,2012
3.200000047683716,26,355,HND,28681,239,146,140784,29182,Under 36 years old,National,Both sexes,Honduras,2012
3.0999999046325684,26,355,HND,28681,239,265,140784,29182,Under 36 years old,National,Men,Honduras,2012
3.4000000953674316,26,355,HND,28681,239,266,140784,29182,Under 36 years old,National,Women,Honduras,2012
3.5999999046325684,26,355,HND,28681,239,146,140786,29182,Total,National,Both sexes,Honduras,2012
3.5,26,355,HND,28681,239,265,140786,29182,Total,National,Men,Honduras,2012
3.799999952316284,26,355,HND,28681,239,266,140786,29182,Total,National,Women,Honduras,2012
2.299999952316284,26,355,HND,28679,239,146,140785,29182,36 years and older,Rural,Both sexes,Honduras,2012
2.4000000953674316,26,355,HND,28679,239,265,140785,29182,36 years and older,Rural,Men,Honduras,2012
2.0999999046325684,26,355,HND,28679,239,266,140785,29182,36 years and older,Rural,Women,Honduras,2012
1.600000023841858,26,355,HND,28679,239,146,140784,29182,Under 36 years old,Rural,Both sexes,Honduras,2012
1.7999999523162842,26,355,HND,28679,239,265,140784,29182,Under 36 years old,Rural,Men,Honduras,2012
1.5,26,355,HND,28679,239,266,140784,29182,Under 36 years old,Rural,Women,Honduras,2012
1.7999999523162842,26,355,HND,28679,239,146,140786,29182,Total,Rural,Both sexes,Honduras,2012
2,26,355,HND,28679,239,265,140786,29182,Total,Rural,Men,Honduras,2012
1.600000023841858,26,355,HND,28679,239,266,140786,29182,Total,Rural,Women,Honduras,2012
18.600000381469727,26,355,HND,28680,239,146,140785,29182,36 years and older,Urban,Both sexes,Honduras,2012
17.5,26,355,HND,28680,239,265,140785,29182,36 years and older,Urban,Men,Honduras,2012
19.899999618530273,26,355,HND,28680,239,266,140785,29182,36 years and older,Urban,Women,Honduras,2012
17.399999618530273,26,355,HND,28680,239,146,140784,29182,Under 36 years old,Urban,Both sexes,Honduras,2012
15.199999809265137,26,355,HND,28680,239,265,140784,29182,Under 36 years old,Urban,Men,Honduras,2012
19.5,26,355,HND,28680,239,266,140784,29182,Under 36 years old,Urban,Women,Honduras,2012
17.799999237060547,26,355,HND,28680,239,146,140786,29182,Total,Urban,Both sexes,Honduras,2012
16.100000381469727,26,355,HND,28680,239,265,140786,29182,Total,Urban,Men,Honduras,2012
19.600000381469727,26,355,HND,28680,239,266,140786,29182,Total,Urban,Women,Honduras,2012
8.100000381469727,26,355,HND,28681,239,146,140785,29183,36 years and older,National,Both sexes,Honduras,2013
7.400000095367432,26,355,HND,28681,239,265,140785,29183,36 years and older,National,Men,Honduras,2013
8.899999618530273,26,355,HND,28681,239,266,140785,29183,36 years and older,National,Women,Honduras,2013
6.300000190734863,26,355,HND,28681,239,146,140784,29183,Under 36 years old,National,Both sexes,Honduras,2013
5.599999904632568,26,355,HND,28681,239,265,140784,29183,Under 36 years old,National,Men,Honduras,2013
7,26,355,HND,28681,239,266,140784,29183,Under 36 years old,National,Women,Honduras,2013
6.900000095367432,26,355,HND,28681,239,146,140786,29183,Total,National,Both sexes,Honduras,2013
6.199999809265137,26,355,HND,28681,239,265,140786,29183,Total,National,Men,Honduras,2013
7.599999904632568,26,355,HND,28681,239,266,140786,29183,Total,National,Women,Honduras,2013
5.199999809265137,26,355,HND,28679,239,146,140785,29183,36 years and older,Rural,Both sexes,Honduras,2013
4.800000190734863,26,355,HND,28679,239,265,140785,29183,36 years and older,Rural,Men,Honduras,2013
5.599999904632568,26,355,HND,28679,239,266,140785,29183,36 years and older,Rural,Women,Honduras,2013
4.400000095367432,26,355,HND,28679,239,146,140784,29183,Under 36 years old,Rural,Both sexes,Honduras,2013
4,26,355,HND,28679,239,265,140784,29183,Under 36 years old,Rural,Men,Honduras,2013
4.800000190734863,26,355,HND,28679,239,266,140784,29183,Under 36 years old,Rural,Women,Honduras,2013
4.599999904632568,26,355,HND,28679,239,146,140786,29183,Total,Rural,Both sexes,Honduras,2013
4.199999809265137,26,355,HND,28679,239,265,140786,29183,Total,Rural,Men,Honduras,2013
5.099999904632568,26,355,HND,28679,239,266,140786,29183,Total,Rural,Women,Honduras,2013
24.399999618530273,26,355,HND,28680,239,146,140785,29183,36 years and older,Urban,Both sexes,Honduras,2013
22.100000381469727,26,355,HND,28680,239,265,140785,29183,36 years and older,Urban,Men,Honduras,2013
27.100000381469727,26,355,HND,28680,239,266,140785,29183,36 years and older,Urban,Women,Honduras,2013
21.399999618530273,26,355,HND,28680,239,146,140784,29183,Under 36 years old,Urban,Both sexes,Honduras,2013
19.899999618530273,26,355,HND,28680,239,265,140784,29183,Under 36 years old,Urban,Men,Honduras,2013
22.799999237060547,26,355,HND,28680,239,266,140784,29183,Under 36 years old,Urban,Women,Honduras,2013
22.600000381469727,26,355,HND,28680,239,146,140786,29183,Total,Urban,Both sexes,Honduras,2013
20.799999237060547,26,355,HND,28680,239,265,140786,29183,Total,Urban,Men,Honduras,2013
24.299999237060547,26,355,HND,28680,239,266,140786,29183,Total,Urban,Women,Honduras,2013
7,26,8615,HND,28681,239,146,140785,29184,36 years and older,National,Both sexes,Honduras,2014
6.699999809265137,26,8615,HND,28681,239,265,140785,29184,36 years and older,National,Men,Honduras,2014
7.400000095367432,26,8615,HND,28681,239,266,140785,29184,36 years and older,National,Women,Honduras,2014
5.5,26,8615,HND,28681,239,146,140784,29184,Under 36 years old,National,Both sexes,Honduras,2014
4.800000190734863,26,8615,HND,28681,239,265,140784,29184,Under 36 years old,National,Men,Honduras,2014
6.099999904632568,26,8615,HND,28681,239,266,140784,29184,Under 36 years old,National,Women,Honduras,2014
6,26,8615,HND,28681,239,146,140786,29184,Total,National,Both sexes,Honduras,2014
5.400000095367432,26,8615,HND,28681,239,265,140786,29184,Total,National,Men,Honduras,2014
6.5,26,8615,HND,28681,239,266,140786,29184,Total,National,Women,Honduras,2014
3.9000000953674316,26,8615,HND,28679,239,146,140785,29184,36 years and older,Rural,Both sexes,Honduras,2014
3.700000047683716,26,8615,HND,28679,239,265,140785,29184,36 years and older,Rural,Men,Honduras,2014
4.199999809265137,26,8615,HND,28679,239,266,140785,29184,36 years and older,Rural,Women,Honduras,2014
2.5999999046325684,26,8615,HND,28679,239,146,140784,29184,Under 36 years old,Rural,Both sexes,Honduras,2014
2.299999952316284,26,8615,HND,28679,239,265,140784,29184,Under 36 years old,Rural,Men,Honduras,2014
3,26,8615,HND,28679,239,266,140784,29184,Under 36 years old,Rural,Women,Honduras,2014
3,26,8615,HND,28679,239,146,140786,29184,Total,Rural,Both sexes,Honduras,2014
2.700000047683716,26,8615,HND,28679,239,265,140786,29184,Total,Rural,Men,Honduras,2014
3.4000000953674316,26,8615,HND,28679,239,266,140786,29184,Total,Rural,Women,Honduras,2014
22.100000381469727,26,8615,HND,28680,239,146,140785,29184,36 years and older,Urban,Both sexes,Honduras,2014
21.200000762939453,26,8615,HND,28680,239,265,140785,29184,36 years and older,Urban,Men,Honduras,2014
23.200000762939453,26,8615,HND,28680,239,266,140785,29184,36 years and older,Urban,Women,Honduras,2014
23.5,26,8615,HND,28680,239,146,140784,29184,Under 36 years old,Urban,Both sexes,Honduras,2014
21.100000381469727,26,8615,HND,28680,239,265,140784,29184,Under 36 years old,Urban,Men,Honduras,2014
26,26,8615,HND,28680,239,266,140784,29184,Under 36 years old,Urban,Women,Honduras,2014
23,26,8615,HND,28680,239,146,140786,29184,Total,Urban,Both sexes,Honduras,2014
21.100000381469727,26,8615,HND,28680,239,265,140786,29184,Total,Urban,Men,Honduras,2014
25,26,8615,HND,28680,239,266,140786,29184,Total,Urban,Women,Honduras,2014
7.099999904632568,26,8615,HND,28681,239,146,140785,29185,36 years and older,National,Both sexes,Honduras,2015
6.099999904632568,26,8615,HND,28681,239,265,140785,29185,36 years and older,National,Men,Honduras,2015
8.199999809265137,26,8615,HND,28681,239,266,140785,29185,36 years and older,National,Women,Honduras,2015
5,26,8615,HND,28681,239,146,140784,29185,Under 36 years old,National,Both sexes,Honduras,2015
4.800000190734863,26,8615,HND,28681,239,265,140784,29185,Under 36 years old,National,Men,Honduras,2015
5.199999809265137,26,8615,HND,28681,239,266,140784,29185,Under 36 years old,National,Women,Honduras,2015
5.599999904632568,26,8615,HND,28681,239,146,140786,29185,Total,National,Both sexes,Honduras,2015
5.199999809265137,26,8615,HND,28681,239,265,140786,29185,Total,National,Men,Honduras,2015
6.099999904632568,26,8615,HND,28681,239,266,140786,29185,Total,National,Women,Honduras,2015
3,26,8615,HND,28679,239,146,140785,29185,36 years and older,Rural,Both sexes,Honduras,2015
2.799999952316284,26,8615,HND,28679,239,265,140785,29185,36 years and older,Rural,Men,Honduras,2015
3.4000000953674316,26,8615,HND,28679,239,266,140785,29185,36 years and older,Rural,Women,Honduras,2015
2.9000000953674316,26,8615,HND,28679,239,146,140784,29185,Under 36 years old,Rural,Both sexes,Honduras,2015
2.9000000953674316,26,8615,HND,28679,239,265,140784,29185,Under 36 years old,Rural,Men,Honduras,2015
2.9000000953674316,26,8615,HND,28679,239,266,140784,29185,Under 36 years old,Rural,Women,Honduras,2015
2.9000000953674316,26,8615,HND,28679,239,146,140786,29185,Total,Rural,Both sexes,Honduras,2015
2.799999952316284,26,8615,HND,28679,239,265,140786,29185,Total,Rural,Men,Honduras,2015
3,26,8615,HND,28679,239,266,140786,29185,Total,Rural,Women,Honduras,2015
26.799999237060547,26,8615,HND,28680,239,146,140785,29185,36 years and older,Urban,Both sexes,Honduras,2015
23.600000381469727,26,8615,HND,28680,239,265,140785,29185,36 years and older,Urban,Men,Honduras,2015
30.600000381469727,26,8615,HND,28680,239,266,140785,29185,36 years and older,Urban,Women,Honduras,2015
20.899999618530273,26,8615,HND,28680,239,146,140784,29185,Under 36 years old,Urban,Both sexes,Honduras,2015
20.299999237060547,26,8615,HND,28680,239,265,140784,29185,Under 36 years old,Urban,Men,Honduras,2015
21.5,26,8615,HND,28680,239,266,140784,29185,Under 36 years old,Urban,Women,Honduras,2015
23.299999237060547,26,8615,HND,28680,239,146,140786,29185,Total,Urban,Both sexes,Honduras,2015
21.700000762939453,26,8615,HND,28680,239,265,140786,29185,Total,Urban,Men,Honduras,2015
24.899999618530273,26,8615,HND,28680,239,266,140786,29185,Total,Urban,Women,Honduras,2015
6.900000095367432,26,8615,HND,28681,239,146,140785,29186,36 years and older,National,Both sexes,Honduras,2016
6.400000095367432,26,8615,HND,28681,239,265,140785,29186,36 years and older,National,Men,Honduras,2016
7.5,26,8615,HND,28681,239,266,140785,29186,36 years and older,National,Women,Honduras,2016
5.5,26,8615,HND,28681,239,146,140784,29186,Under 36 years old,National,Both sexes,Honduras,2016
4.699999809265137,26,8615,HND,28681,239,265,140784,29186,Under 36 years old,National,Men,Honduras,2016
6.400000095367432,26,8615,HND,28681,239,266,140784,29186,Under 36 years old,National,Women,Honduras,2016
6,26,8615,HND,28681,239,146,140786,29186,Total,National,Both sexes,Honduras,2016
5.300000190734863,26,8615,HND,28681,239,265,140786,29186,Total,National,Men,Honduras,2016
6.699999809265137,26,8615,HND,28681,239,266,140786,29186,Total,National,Women,Honduras,2016
5.199999809265137,26,8615,HND,28679,239,146,140785,29186,36 years and older,Rural,Both sexes,Honduras,2016
4.800000190734863,26,8615,HND,28679,239,265,140785,29186,36 years and older,Rural,Men,Honduras,2016
5.699999809265137,26,8615,HND,28679,239,266,140785,29186,36 years and older,Rural,Women,Honduras,2016
4,26,8615,HND,28679,239,146,140784,29186,Under 36 years old,Rural,Both sexes,Honduras,2016
3.4000000953674316,26,8615,HND,28679,239,265,140784,29186,Under 36 years old,Rural,Men,Honduras,2016
4.5,26,8615,HND,28679,239,266,140784,29186,Under 36 years old,Rural,Women,Honduras,2016
4.300000190734863,26,8615,HND,28679,239,146,140786,29186,Total,Rural,Both sexes,Honduras,2016
3.9000000953674316,26,8615,HND,28679,239,265,140786,29186,Total,Rural,Men,Honduras,2016
4.800000190734863,26,8615,HND,28679,239,266,140786,29186,Total,Rural,Women,Honduras,2016
16.299999237060547,26,8615,HND,28680,239,146,140785,29186,36 years and older,Urban,Both sexes,Honduras,2016
15.5,26,8615,HND,28680,239,265,140785,29186,36 years and older,Urban,Men,Honduras,2016
17.100000381469727,26,8615,HND,28680,239,266,140785,29186,36 years and older,Urban,Women,Honduras,2016
15.600000381469727,26,8615,HND,28680,239,146,140784,29186,Under 36 years old,Urban,Both sexes,Honduras,2016
13.199999809265137,26,8615,HND,28680,239,265,140784,29186,Under 36 years old,Urban,Men,Honduras,2016
17.799999237060547,26,8615,HND,28680,239,266,140784,29186,Under 36 years old,Urban,Women,Honduras,2016
15.800000190734863,26,8615,HND,28680,239,146,140786,29186,Total,Urban,Both sexes,Honduras,2016
14.100000381469727,26,8615,HND,28680,239,265,140786,29186,Total,Urban,Men,Honduras,2016
17.600000381469727,26,8615,HND,28680,239,266,140786,29186,Total,Urban,Women,Honduras,2016
4.5,26,8615,HND,28681,239,146,140785,29188,36 years and older,National,Both sexes,Honduras,2018
4.400000095367432,26,8615,HND,28681,239,265,140785,29188,36 years and older,National,Men,Honduras,2018
4.699999809265137,26,8615,HND,28681,239,266,140785,29188,36 years and older,National,Women,Honduras,2018
4.099999904632568,26,8615,HND,28681,239,146,140784,29188,Under 36 years old,National,Both sexes,Honduras,2018
4.099999904632568,26,8615,HND,28681,239,265,140784,29188,Under 36 years old,National,Men,Honduras,2018
4.099999904632568,26,8615,HND,28681,239,266,140784,29188,Under 36 years old,National,Women,Honduras,2018
4.300000190734863,26,8615,HND,28681,239,146,140786,29188,Total,National,Both sexes,Honduras,2018
4.199999809265137,26,8615,HND,28681,239,265,140786,29188,Total,National,Men,Honduras,2018
4.300000190734863,26,8615,HND,28681,239,266,140786,29188,Total,National,Women,Honduras,2018
3.200000047683716,26,8615,HND,28679,239,146,140785,29188,36 years and older,Rural,Both sexes,Honduras,2018
2.9000000953674316,26,8615,HND,28679,239,265,140785,29188,36 years and older,Rural,Men,Honduras,2018
3.4000000953674316,26,8615,HND,28679,239,266,140785,29188,36 years and older,Rural,Women,Honduras,2018
2.9000000953674316,26,8615,HND,28679,239,146,140784,29188,Under 36 years old,Rural,Both sexes,Honduras,2018
3,26,8615,HND,28679,239,265,140784,29188,Under 36 years old,Rural,Men,Honduras,2018
2.799999952316284,26,8615,HND,28679,239,266,140784,29188,Under 36 years old,Rural,Women,Honduras,2018
3,26,8615,HND,28679,239,146,140786,29188,Total,Rural,Both sexes,Honduras,2018
3,26,8615,HND,28679,239,265,140786,29188,Total,Rural,Men,Honduras,2018
3,26,8615,HND,28679,239,266,140786,29188,Total,Rural,Women,Honduras,2018
13.199999809265137,26,8615,HND,28680,239,146,140785,29188,36 years and older,Urban,Both sexes,Honduras,2018
13.899999618530273,26,8615,HND,28680,239,265,140785,29188,36 years and older,Urban,Men,Honduras,2018
12.5,26,8615,HND,28680,239,266,140785,29188,36 years and older,Urban,Women,Honduras,2018
12.399999618530273,26,8615,HND,28680,239,146,140784,29188,Under 36 years old,Urban,Both sexes,Honduras,2018
11.5,26,8615,HND,28680,239,265,140784,29188,Under 36 years old,Urban,Men,Honduras,2018
13.399999618530273,26,8615,HND,28680,239,266,140784,29188,Under 36 years old,Urban,Women,Honduras,2018
12.699999809265137,26,8615,HND,28680,239,146,140786,29188,Total,Urban,Both sexes,Honduras,2018
12.399999618530273,26,8615,HND,28680,239,265,140786,29188,Total,Urban,Men,Honduras,2018
13.100000381469727,26,8615,HND,28680,239,266,140786,29188,Total,Urban,Women,Honduras,2018
4.5,26,8615,HND,28681,239,146,140785,29189,36 years and older,National,Both sexes,Honduras,2019
4.400000095367432,26,8615,HND,28681,239,265,140785,29189,36 years and older,National,Men,Honduras,2019
4.599999904632568,26,8615,HND,28681,239,266,140785,29189,36 years and older,National,Women,Honduras,2019
3.700000047683716,26,8615,HND,28681,239,146,140784,29189,Under 36 years old,National,Both sexes,Honduras,2019
3.0999999046325684,26,8615,HND,28681,239,265,140784,29189,Under 36 years old,National,Men,Honduras,2019
4.199999809265137,26,8615,HND,28681,239,266,140784,29189,Under 36 years old,National,Women,Honduras,2019
4,26,8615,HND,28681,239,146,140786,29189,Total,National,Both sexes,Honduras,2019
3.5999999046325684,26,8615,HND,28681,239,265,140786,29189,Total,National,Men,Honduras,2019
4.400000095367432,26,8615,HND,28681,239,266,140786,29189,Total,National,Women,Honduras,2019
2,26,8615,HND,28679,239,146,140785,29189,36 years and older,Rural,Both sexes,Honduras,2019
1.7999999523162842,26,8615,HND,28679,239,265,140785,29189,36 years and older,Rural,Men,Honduras,2019
2.0999999046325684,26,8615,HND,28679,239,266,140785,29189,36 years and older,Rural,Women,Honduras,2019
2.0999999046325684,26,8615,HND,28679,239,146,140784,29189,Under 36 years old,Rural,Both sexes,Honduras,2019
2,26,8615,HND,28679,239,265,140784,29189,Under 36 years old,Rural,Men,Honduras,2019
2.4000000953674316,26,8615,HND,28679,239,266,140784,29189,Under 36 years old,Rural,Women,Honduras,2019
2.0999999046325684,26,8615,HND,28679,239,146,140786,29189,Total,Rural,Both sexes,Honduras,2019
1.899999976158142,26,8615,HND,28679,239,265,140786,29189,Total,Rural,Men,Honduras,2019
2.299999952316284,26,8615,HND,28679,239,266,140786,29189,Total,Rural,Women,Honduras,2019
19.5,26,8615,HND,28680,239,146,140785,29189,36 years and older,Urban,Both sexes,Honduras,2019
20.600000381469727,26,"8615,13639",HND,28680,239,265,140785,29189,36 years and older,Urban,Men,Honduras,2019
18.399999618530273,26,8615,HND,28680,239,266,140785,29189,36 years and older,Urban,Women,Honduras,2019
13.399999618530273,26,8615,HND,28680,239,146,140784,29189,Under 36 years old,Urban,Both sexes,Honduras,2019
10.800000190734863,26,8615,HND,28680,239,265,140784,29189,Under 36 years old,Urban,Men,Honduras,2019
16.399999618530273,26,8615,HND,28680,239,266,140784,29189,Under 36 years old,Urban,Women,Honduras,2019
15.600000381469727,26,8615,HND,28680,239,146,140786,29189,Total,Urban,Both sexes,Honduras,2019
14.199999809265137,26,8615,HND,28680,239,265,140786,29189,Total,Urban,Men,Honduras,2019
17.100000381469727,26,8615,HND,28680,239,266,140786,29189,Total,Urban,Women,Honduras,2019
5.5,26,8615,HND,28681,239,146,140785,29194,36 years and older,National,Both sexes,Honduras,2024
4.599999904632568,26,8615,HND,28681,239,265,140785,29194,36 years and older,National,Men,Honduras,2024
6.400000095367432,26,8615,HND,28681,239,266,140785,29194,36 years and older,National,Women,Honduras,2024
4.099999904632568,26,8615,HND,28681,239,146,140784,29194,Under 36 years old,National,Both sexes,Honduras,2024
4.199999809265137,26,8615,HND,28681,239,265,140784,29194,Under 36 years old,National,Men,Honduras,2024
4,26,8615,HND,28681,239,266,140784,29194,Under 36 years old,National,Women,Honduras,2024
4.599999904632568,26,8615,HND,28681,239,146,140786,29194,Total,National,Both sexes,Honduras,2024
4.400000095367432,26,8615,HND,28681,239,265,140786,29194,Total,National,Men,Honduras,2024
4.900000095367432,26,8615,HND,28681,239,266,140786,29194,Total,National,Women,Honduras,2024
3.0999999046325684,26,8615,HND,28679,239,146,140785,29194,36 years and older,Rural,Both sexes,Honduras,2024
2.5999999046325684,26,8615,HND,28679,239,265,140785,29194,36 years and older,Rural,Men,Honduras,2024
3.5999999046325684,26,8615,HND,28679,239,266,140785,29194,36 years and older,Rural,Women,Honduras,2024
2.799999952316284,26,8615,HND,28679,239,146,140784,29194,Under 36 years old,Rural,Both sexes,Honduras,2024
2.799999952316284,26,8615,HND,28679,239,265,140784,29194,Under 36 years old,Rural,Men,Honduras,2024
2.9000000953674316,26,8615,HND,28679,239,266,140784,29194,Under 36 years old,Rural,Women,Honduras,2024
2.9000000953674316,26,8615,HND,28679,239,146,140786,29194,Total,Rural,Both sexes,Honduras,2024
2.700000047683716,26,8615,HND,28679,239,265,140786,29194,Total,Rural,Men,Honduras,2024
3.200000047683716,26,8615,HND,28679,239,266,140786,29194,Total,Rural,Women,Honduras,2024
20,26,"8615,13639",HND,28680,239,146,140785,29194,36 years and older,Urban,Both sexes,Honduras,2024
17.299999237060547,26,"8615,13639",HND,28680,239,265,140785,29194,36 years and older,Urban,Men,Honduras,2024
22.899999618530273,26,"8615,13639",HND,28680,239,266,140785,29194,36 years and older,Urban,Women,Honduras,2024
14.100000381469727,26,8615,HND,28680,239,146,140784,29194,Under 36 years old,Urban,Both sexes,Honduras,2024
15.699999809265137,26,8615,HND,28680,239,265,140784,29194,Under 36 years old,Urban,Men,Honduras,2024
12.399999618530273,26,8615,HND,28680,239,266,140784,29194,Under 36 years old,Urban,Women,Honduras,2024
16.600000381469727,26,8615,HND,28680,239,146,140786,29194,Total,Urban,Both sexes,Honduras,2024
16.399999618530273,26,8615,HND,28680,239,265,140786,29194,Total,Urban,Men,Honduras,2024
16.899999618530273,26,8615,HND,28680,239,266,140786,29194,Total,Urban,Women,Honduras,2024
0.699999988079071,26,,MEX,28681,233,146,140785,29170,36 years and older,National,Both sexes,Mexico,2000
0.699999988079071,26,,MEX,28681,233,265,140785,29170,36 years and older,National,Men,Mexico,2000
0.699999988079071,26,,MEX,28681,233,266,140785,29170,36 years and older,National,Women,Mexico,2000
0.6000000238418579,26,,MEX,28681,233,146,140784,29170,Under 36 years old,National,Both sexes,Mexico,2000
0.6000000238418579,26,,MEX,28681,233,265,140784,29170,Under 36 years old,National,Men,Mexico,2000
0.699999988079071,26,,MEX,28681,233,266,140784,29170,Under 36 years old,National,Women,Mexico,2000
0.6000000238418579,26,,MEX,28681,233,146,140786,29170,Total,National,Both sexes,Mexico,2000
0.6000000238418579,26,,MEX,28681,233,265,140786,29170,Total,National,Men,Mexico,2000
0.699999988079071,26,,MEX,28681,233,266,140786,29170,Total,National,Women,Mexico,2000
0.30000001192092896,26,,MEX,28679,233,146,140785,29170,36 years and older,Rural,Both sexes,Mexico,2000
0.30000001192092896,26,,MEX,28679,233,265,140785,29170,36 years and older,Rural,Men,Mexico,2000
0.30000001192092896,26,,MEX,28679,233,266,140785,29170,36 years and older,Rural,Women,Mexico,2000
0.4000000059604645,26,,MEX,28679,233,146,140784,29170,Under 36 years old,Rural,Both sexes,Mexico,2000
0.30000001192092896,26,,MEX,28679,233,265,140784,29170,Under 36 years old,Rural,Men,Mexico,2000
0.5,26,,MEX,28679,233,266,140784,29170,Under 36 years old,Rural,Women,Mexico,2000
0.4000000059604645,26,,MEX,28679,233,146,140786,29170,Total,Rural,Both sexes,Mexico,2000
0.30000001192092896,26,,MEX,28679,233,265,140786,29170,Total,Rural,Men,Mexico,2000
0.4000000059604645,26,,MEX,28679,233,266,140786,29170,Total,Rural,Women,Mexico,2000
1.7999999523162842,26,,MEX,28680,233,146,140785,29170,36 years and older,Urban,Both sexes,Mexico,2000
1.600000023841858,26,,MEX,28680,233,265,140785,29170,36 years and older,Urban,Men,Mexico,2000
1.899999976158142,26,,MEX,28680,233,266,140785,29170,36 years and older,Urban,Women,Mexico,2000
1.2999999523162842,26,,MEX,28680,233,146,140784,29170,Under 36 years old,Urban,Both sexes,Mexico,2000
1.399999976158142,26,,MEX,28680,233,265,140784,29170,Under 36 years old,Urban,Men,Mexico,2000
1.100000023841858,26,,MEX,28680,233,266,140784,29170,Under 36 years old,Urban,Women,Mexico,2000
1.5,26,,MEX,28680,233,146,140786,29170,Total,Urban,Both sexes,Mexico,2000
1.5,26,,MEX,28680,233,265,140786,29170,Total,Urban,Men,Mexico,2000
1.399999976158142,26,,MEX,28680,233,266,140786,29170,Total,Urban,Women,Mexico,2000
1.399999976158142,26,,MEX,28681,233,146,140785,29172,36 years and older,National,Both sexes,Mexico,2002
1.2999999523162842,26,,MEX,28681,233,265,140785,29172,36 years and older,National,Men,Mexico,2002
1.600000023841858,26,,MEX,28681,233,266,140785,29172,36 years and older,National,Women,Mexico,2002
1.2000000476837158,26,,MEX,28681,233,146,140784,29172,Under 36 years old,National,Both sexes,Mexico,2002
1.2999999523162842,26,,MEX,28681,233,265,140784,29172,Under 36 years old,National,Men,Mexico,2002
1.100000023841858,26,,MEX,28681,233,266,140784,29172,Under 36 years old,National,Women,Mexico,2002
1.2999999523162842,26,,MEX,28681,233,146,140786,29172,Total,National,Both sexes,Mexico,2002
1.2999999523162842,26,,MEX,28681,233,265,140786,29172,Total,National,Men,Mexico,2002
1.2999999523162842,26,,MEX,28681,233,266,140786,29172,Total,National,Women,Mexico,2002
0.699999988079071,26,,MEX,28679,233,146,140785,29172,36 years and older,Rural,Both sexes,Mexico,2002
0.699999988079071,26,,MEX,28679,233,265,140785,29172,36 years and older,Rural,Men,Mexico,2002
0.800000011920929,26,,MEX,28679,233,266,140785,29172,36 years and older,Rural,Women,Mexico,2002
0.6000000238418579,26,,MEX,28679,233,146,140784,29172,Under 36 years old,Rural,Both sexes,Mexico,2002
0.699999988079071,26,,MEX,28679,233,265,140784,29172,Under 36 years old,Rural,Men,Mexico,2002
0.5,26,,MEX,28679,233,266,140784,29172,Under 36 years old,Rural,Women,Mexico,2002
0.699999988079071,26,,MEX,28679,233,146,140786,29172,Total,Rural,Both sexes,Mexico,2002
0.699999988079071,26,,MEX,28679,233,265,140786,29172,Total,Rural,Men,Mexico,2002
0.6000000238418579,26,,MEX,28679,233,266,140786,29172,Total,Rural,Women,Mexico,2002
3.5,26,,MEX,28680,233,146,140785,29172,36 years and older,Urban,Both sexes,Mexico,2002
3.299999952316284,26,,MEX,28680,233,265,140785,29172,36 years and older,Urban,Men,Mexico,2002
3.700000047683716,26,,MEX,28680,233,266,140785,29172,36 years and older,Urban,Women,Mexico,2002
2.799999952316284,26,,MEX,28680,233,146,140784,29172,Under 36 years old,Urban,Both sexes,Mexico,2002
2.9000000953674316,26,,MEX,28680,233,265,140784,29172,Under 36 years old,Urban,Men,Mexico,2002
2.700000047683716,26,,MEX,28680,233,266,140784,29172,Under 36 years old,Urban,Women,Mexico,2002
3,26,,MEX,28680,233,146,140786,29172,Total,Urban,Both sexes,Mexico,2002
3,26,,MEX,28680,233,265,140786,29172,Total,Urban,Men,Mexico,2002
3.0999999046325684,26,,MEX,28680,233,266,140786,29172,Total,Urban,Women,Mexico,2002
3.0999999046325684,26,,MEX,28681,233,146,140785,29174,36 years and older,National,Both sexes,Mexico,2004
2.9000000953674316,26,,MEX,28681,233,265,140785,29174,36 years and older,National,Men,Mexico,2004
3.299999952316284,26,,MEX,28681,233,266,140785,29174,36 years and older,National,Women,Mexico,2004
2.299999952316284,26,,MEX,28681,233,146,140784,29174,Under 36 years old,National,Both sexes,Mexico,2004
2.200000047683716,26,,MEX,28681,233,265,140784,29174,Under 36 years old,National,Men,Mexico,2004
2.299999952316284,26,,MEX,28681,233,266,140784,29174,Under 36 years old,National,Women,Mexico,2004
2.5,26,,MEX,28681,233,146,140786,29174,Total,National,Both sexes,Mexico,2004
2.4000000953674316,26,,MEX,28681,233,265,140786,29174,Total,National,Men,Mexico,2004
2.700000047683716,26,,MEX,28681,233,266,140786,29174,Total,National,Women,Mexico,2004
1.399999976158142,26,,MEX,28679,233,146,140785,29174,36 years and older,Rural,Both sexes,Mexico,2004
1.100000023841858,26,,MEX,28679,233,265,140785,29174,36 years and older,Rural,Men,Mexico,2004
1.7000000476837158,26,,MEX,28679,233,266,140785,29174,36 years and older,Rural,Women,Mexico,2004
1,26,,MEX,28679,233,146,140784,29174,Under 36 years old,Rural,Both sexes,Mexico,2004
0.800000011920929,26,,MEX,28679,233,265,140784,29174,Under 36 years old,Rural,Men,Mexico,2004
1.2000000476837158,26,,MEX,28679,233,266,140784,29174,Under 36 years old,Rural,Women,Mexico,2004
1.100000023841858,26,,MEX,28679,233,146,140786,29174,Total,Rural,Both sexes,Mexico,2004
0.8999999761581421,26,,MEX,28679,233,265,140786,29174,Total,Rural,Men,Mexico,2004
1.399999976158142,26,,MEX,28679,233,266,140786,29174,Total,Rural,Women,Mexico,2004
7.5,26,,MEX,28680,233,146,140785,29174,36 years and older,Urban,Both sexes,Mexico,2004
7.099999904632568,26,,MEX,28680,233,265,140785,29174,36 years and older,Urban,Men,Mexico,2004
7.800000190734863,26,,MEX,28680,233,266,140785,29174,36 years and older,Urban,Women,Mexico,2004
5.699999809265137,26,,MEX,28680,233,146,140784,29174,Under 36 years old,Urban,Both sexes,Mexico,2004
6.099999904632568,26,,MEX,28680,233,265,140784,29174,Under 36 years old,Urban,Men,Mexico,2004
5.300000190734863,26,,MEX,28680,233,266,140784,29174,Under 36 years old,Urban,Women,Mexico,2004
6.300000190734863,26,,MEX,28680,233,146,140786,29174,Total,Urban,Both sexes,Mexico,2004
6.5,26,,MEX,28680,233,265,140786,29174,Total,Urban,Men,Mexico,2004
6.099999904632568,26,,MEX,28680,233,266,140786,29174,Total,Urban,Women,Mexico,2004
4.599999904632568,26,,MEX,28681,233,146,140785,29176,36 years and older,National,Both sexes,Mexico,2006
4.800000190734863,26,,MEX,28681,233,265,140785,29176,36 years and older,National,Men,Mexico,2006
4.400000095367432,26,,MEX,28681,233,266,140785,29176,36 years and older,National,Women,Mexico,2006
4.099999904632568,26,,MEX,28681,233,146,140784,29176,Under 36 years old,National,Both sexes,Mexico,2006
4.5,26,,MEX,28681,233,265,140784,29176,Under 36 years old,National,Men,Mexico,2006
3.799999952316284,26,,MEX,28681,233,266,140784,29176,Under 36 years old,National,Women,Mexico,2006
4.300000190734863,26,,MEX,28681,233,146,140786,29176,Total,National,Both sexes,Mexico,2006
4.599999904632568,26,,MEX,28681,233,265,140786,29176,Total,National,Men,Mexico,2006
4,26,,MEX,28681,233,266,140786,29176,Total,National,Women,Mexico,2006
2.200000047683716,26,,MEX,28679,233,146,140785,29176,36 years and older,Rural,Both sexes,Mexico,2006
2.299999952316284,26,,MEX,28679,233,265,140785,29176,36 years and older,Rural,Men,Mexico,2006
2.200000047683716,26,,MEX,28679,233,266,140785,29176,36 years and older,Rural,Women,Mexico,2006
2.200000047683716,26,,MEX,28679,233,146,140784,29176,Under 36 years old,Rural,Both sexes,Mexico,2006
2.5999999046325684,26,,MEX,28679,233,265,140784,29176,Under 36 years old,Rural,Men,Mexico,2006
1.899999976158142,26,,MEX,28679,233,266,140784,29176,Under 36 years old,Rural,Women,Mexico,2006
2.200000047683716,26,,MEX,28679,233,146,140786,29176,Total,Rural,Both sexes,Mexico,2006
2.5,26,,MEX,28679,233,265,140786,29176,Total,Rural,Men,Mexico,2006
2,26,,MEX,28679,233,266,140786,29176,Total,Rural,Women,Mexico,2006
9.800000190734863,26,,MEX,28680,233,146,140785,29176,36 years and older,Urban,Both sexes,Mexico,2006
10.300000190734863,26,,MEX,28680,233,265,140785,29176,36 years and older,Urban,Men,Mexico,2006
9.300000190734863,26,,MEX,28680,233,266,140785,29176,36 years and older,Urban,Women,Mexico,2006
8.199999809265137,26,,MEX,28680,233,146,140784,29176,Under 36 years old,Urban,Both sexes,Mexico,2006
8.699999809265137,26,,MEX,28680,233,265,140784,29176,Under 36 years old,Urban,Men,Mexico,2006
7.800000190734863,26,,MEX,28680,233,266,140784,29176,Under 36 years old,Urban,Women,Mexico,2006
8.800000190734863,26,,MEX,28680,233,146,140786,29176,Total,Urban,Both sexes,Mexico,2006
9.300000190734863,26,,MEX,28680,233,265,140786,29176,Total,Urban,Men,Mexico,2006
8.399999618530273,26,,MEX,28680,233,266,140786,29176,Total,Urban,Women,Mexico,2006
4.5,26,,MEX,28681,233,146,140785,29178,36 years and older,National,Both sexes,Mexico,2008
4.5,26,,MEX,28681,233,265,140785,29178,36 years and older,National,Men,Mexico,2008
4.599999904632568,26,,MEX,28681,233,266,140785,29178,36 years and older,National,Women,Mexico,2008
3.5,26,,MEX,28681,233,146,140784,29178,Under 36 years old,National,Both sexes,Mexico,2008
3.5999999046325684,26,,MEX,28681,233,265,140784,29178,Under 36 years old,National,Men,Mexico,2008
3.5,26,,MEX,28681,233,266,140784,29178,Under 36 years old,National,Women,Mexico,2008
3.9000000953674316,26,,MEX,28681,233,146,140786,29178,Total,National,Both sexes,Mexico,2008
3.9000000953674316,26,,MEX,28681,233,265,140786,29178,Total,National,Men,Mexico,2008
3.9000000953674316,26,,MEX,28681,233,266,140786,29178,Total,National,Women,Mexico,2008
1.7000000476837158,26,,MEX,28679,233,146,140785,29178,36 years and older,Rural,Both sexes,Mexico,2008
1.600000023841858,26,,MEX,28679,233,265,140785,29178,36 years and older,Rural,Men,Mexico,2008
1.7999999523162842,26,,MEX,28679,233,266,140785,29178,36 years and older,Rural,Women,Mexico,2008
1.399999976158142,26,,MEX,28679,233,146,140784,29178,Under 36 years old,Rural,Both sexes,Mexico,2008
1.2999999523162842,26,,MEX,28679,233,265,140784,29178,Under 36 years old,Rural,Men,Mexico,2008
1.399999976158142,26,,MEX,28679,233,266,140784,29178,Under 36 years old,Rural,Women,Mexico,2008
1.5,26,,MEX,28679,233,146,140786,29178,Total,Rural,Both sexes,Mexico,2008
1.399999976158142,26,,MEX,28679,233,265,140786,29178,Total,Rural,Men,Mexico,2008
1.5,26,,MEX,28679,233,266,140786,29178,Total,Rural,Women,Mexico,2008
12,26,,MEX,28680,233,146,140785,29178,36 years and older,Urban,Both sexes,Mexico,2008
12.199999809265137,26,,MEX,28680,233,265,140785,29178,36 years and older,Urban,Men,Mexico,2008
11.899999618530273,26,13639,MEX,28680,233,266,140785,29178,36 years and older,Urban,Women,Mexico,2008
10.100000381469727,26,,MEX,28680,233,146,140784,29178,Under 36 years old,Urban,Both sexes,Mexico,2008
10.300000190734863,26,,MEX,28680,233,265,140784,29178,Under 36 years old,Urban,Men,Mexico,2008
9.800000190734863,26,,MEX,28680,233,266,140784,29178,Under 36 years old,Urban,Women,Mexico,2008
10.800000190734863,26,,MEX,28680,233,146,140786,29178,Total,Urban,Both sexes,Mexico,2008
11.100000381469727,26,,MEX,28680,233,265,140786,29178,Total,Urban,Men,Mexico,2008
10.5,26,,MEX,28680,233,266,140786,29178,Total,Urban,Women,Mexico,2008
5.5,26,,MEX,28681,233,146,140785,29180,36 years and older,National,Both sexes,Mexico,2010
5.5,26,,MEX,28681,233,265,140785,29180,36 years and older,National,Men,Mexico,2010
5.5,26,,MEX,28681,233,266,140785,29180,36 years and older,National,Women,Mexico,2010
4.900000095367432,26,,MEX,28681,233,146,140784,29180,Under 36 years old,National,Both sexes,Mexico,2010
4.900000095367432,26,,MEX,28681,233,265,140784,29180,Under 36 years old,National,Men,Mexico,2010
4.900000095367432,26,,MEX,28681,233,266,140784,29180,Under 36 years old,National,Women,Mexico,2010
5.099999904632568,26,,MEX,28681,233,146,140786,29180,Total,National,Both sexes,Mexico,2010
5.099999904632568,26,,MEX,28681,233,265,140786,29180,Total,National,Men,Mexico,2010
5.099999904632568,26,,MEX,28681,233,266,140786,29180,Total,National,Women,Mexico,2010
2.4000000953674316,26,,MEX,28679,233,146,140785,29180,36 years and older,Rural,Both sexes,Mexico,2010
2.5,26,,MEX,28679,233,265,140785,29180,36 years and older,Rural,Men,Mexico,2010
2.299999952316284,26,,MEX,28679,233,266,140785,29180,36 years and older,Rural,Women,Mexico,2010
2.200000047683716,26,,MEX,28679,233,146,140784,29180,Under 36 years old,Rural,Both sexes,Mexico,2010
2.0999999046325684,26,,MEX,28679,233,265,140784,29180,Under 36 years old,Rural,Men,Mexico,2010
2.4000000953674316,26,,MEX,28679,233,266,140784,29180,Under 36 years old,Rural,Women,Mexico,2010
2.299999952316284,26,,MEX,28679,233,146,140786,29180,Total,Rural,Both sexes,Mexico,2010
2.200000047683716,26,,MEX,28679,233,265,140786,29180,Total,Rural,Men,Mexico,2010
2.4000000953674316,26,,MEX,28679,233,266,140786,29180,Total,Rural,Women,Mexico,2010
13.399999618530273,26,,MEX,28680,233,146,140785,29180,36 years and older,Urban,Both sexes,Mexico,2010
13.100000381469727,26,,MEX,28680,233,265,140785,29180,36 years and older,Urban,Men,Mexico,2010
13.800000190734863,26,13639,MEX,28680,233,266,140785,29180,36 years and older,Urban,Women,Mexico,2010
12.199999809265137,26,,MEX,28680,233,146,140784,29180,Under 36 years old,Urban,Both sexes,Mexico,2010
12.800000190734863,26,,MEX,28680,233,265,140784,29180,Under 36 years old,Urban,Men,Mexico,2010
11.600000381469727,26,,MEX,28680,233,266,140784,29180,Under 36 years old,Urban,Women,Mexico,2010
12.600000381469727,26,,MEX,28680,233,146,140786,29180,Total,Urban,Both sexes,Mexico,2010
12.899999618530273,26,,MEX,28680,233,265,140786,29180,Total,Urban,Men,Mexico,2010
12.300000190734863,26,,MEX,28680,233,266,140786,29180,Total,Urban,Women,Mexico,2010
7.099999904632568,26,,MEX,28681,233,146,140785,29182,36 years and older,National,Both sexes,Mexico,2012
7,26,,MEX,28681,233,265,140785,29182,36 years and older,National,Men,Mexico,2012
7.199999809265137,26,,MEX,28681,233,266,140785,29182,36 years and older,National,Women,Mexico,2012
6.300000190734863,26,,MEX,28681,233,146,140784,29182,Under 36 years old,National,Both sexes,Mexico,2012
6,26,,MEX,28681,233,265,140784,29182,Under 36 years old,National,Men,Mexico,2012
6.5,26,,MEX,28681,233,266,140784,29182,Under 36 years old,National,Women,Mexico,2012
6.599999904632568,26,,MEX,28681,233,146,140786,29182,Total,National,Both sexes,Mexico,2012
6.400000095367432,26,,MEX,28681,233,265,140786,29182,Total,National,Men,Mexico,2012
6.800000190734863,26,,MEX,28681,233,266,140786,29182,Total,National,Women,Mexico,2012
3.9000000953674316,26,,MEX,28679,233,146,140785,29182,36 years and older,Rural,Both sexes,Mexico,2012
3.700000047683716,26,,MEX,28679,233,265,140785,29182,36 years and older,Rural,Men,Mexico,2012
4,26,,MEX,28679,233,266,140785,29182,36 years and older,Rural,Women,Mexico,2012
3.5999999046325684,26,,MEX,28679,233,146,140784,29182,Under 36 years old,Rural,Both sexes,Mexico,2012
3.4000000953674316,26,,MEX,28679,233,265,140784,29182,Under 36 years old,Rural,Men,Mexico,2012
3.799999952316284,26,,MEX,28679,233,266,140784,29182,Under 36 years old,Rural,Women,Mexico,2012
3.700000047683716,26,,MEX,28679,233,146,140786,29182,Total,Rural,Both sexes,Mexico,2012
3.5999999046325684,26,,MEX,28679,233,265,140786,29182,Total,Rural,Men,Mexico,2012
3.799999952316284,26,,MEX,28679,233,266,140786,29182,Total,Rural,Women,Mexico,2012
15.5,26,,MEX,28680,233,146,140785,29182,36 years and older,Urban,Both sexes,Mexico,2012
15.399999618530273,26,,MEX,28680,233,265,140785,29182,36 years and older,Urban,Men,Mexico,2012
15.600000381469727,26,,MEX,28680,233,266,140785,29182,36 years and older,Urban,Women,Mexico,2012
13.199999809265137,26,,MEX,28680,233,146,140784,29182,Under 36 years old,Urban,Both sexes,Mexico,2012
12.5,26,,MEX,28680,233,265,140784,29182,Under 36 years old,Urban,Men,Mexico,2012
13.899999618530273,26,,MEX,28680,233,266,140784,29182,Under 36 years old,Urban,Women,Mexico,2012
14.100000381469727,26,,MEX,28680,233,146,140786,29182,Total,Urban,Both sexes,Mexico,2012
13.699999809265137,26,,MEX,28680,233,265,140786,29182,Total,Urban,Men,Mexico,2012
14.5,26,,MEX,28680,233,266,140786,29182,Total,Urban,Women,Mexico,2012
7.699999809265137,26,,MEX,28681,233,146,140785,29184,36 years and older,National,Both sexes,Mexico,2014
7.599999904632568,26,,MEX,28681,233,265,140785,29184,36 years and older,National,Men,Mexico,2014
7.900000095367432,26,,MEX,28681,233,266,140785,29184,36 years and older,National,Women,Mexico,2014
7.400000095367432,26,,MEX,28681,233,146,140784,29184,Under 36 years old,National,Both sexes,Mexico,2014
7.099999904632568,26,,MEX,28681,233,265,140784,29184,Under 36 years old,National,Men,Mexico,2014
7.699999809265137,26,,MEX,28681,233,266,140784,29184,Under 36 years old,National,Women,Mexico,2014
7.5,26,,MEX,28681,233,146,140786,29184,Total,National,Both sexes,Mexico,2014
7.300000190734863,26,,MEX,28681,233,265,140786,29184,Total,National,Men,Mexico,2014
7.800000190734863,26,,MEX,28681,233,266,140786,29184,Total,National,Women,Mexico,2014
4.099999904632568,26,,MEX,28679,233,146,140785,29184,36 years and older,Rural,Both sexes,Mexico,2014
4,26,,MEX,28679,233,265,140785,29184,36 years and older,Rural,Men,Mexico,2014
4.199999809265137,26,,MEX,28679,233,266,140785,29184,36 years and older,Rural,Women,Mexico,2014
4.199999809265137,26,,MEX,28679,233,146,140784,29184,Under 36 years old,Rural,Both sexes,Mexico,2014
3.9000000953674316,26,,MEX,28679,233,265,140784,29184,Under 36 years old,Rural,Men,Mexico,2014
4.400000095367432,26,,MEX,28679,233,266,140784,29184,Under 36 years old,Rural,Women,Mexico,2014
4.099999904632568,26,,MEX,28679,233,146,140786,29184,Total,Rural,Both sexes,Mexico,2014
4,26,,MEX,28679,233,265,140786,29184,Total,Rural,Men,Mexico,2014
4.300000190734863,26,,MEX,28679,233,266,140786,29184,Total,Rural,Women,Mexico,2014
16.600000381469727,26,,MEX,28680,233,146,140785,29184,36 years and older,Urban,Both sexes,Mexico,2014
16.299999237060547,26,,MEX,28680,233,265,140785,29184,36 years and older,Urban,Men,Mexico,2014
17,26,13639,MEX,28680,233,266,140785,29184,36 years and older,Urban,Women,Mexico,2014
16.200000762939453,26,,MEX,28680,233,146,140784,29184,Under 36 years old,Urban,Both sexes,Mexico,2014
15.899999618530273,26,,MEX,28680,233,265,140784,29184,Under 36 years old,Urban,Men,Mexico,2014
16.5,26,,MEX,28680,233,266,140784,29184,Under 36 years old,Urban,Women,Mexico,2014
16.399999618530273,26,,MEX,28680,233,146,140786,29184,Total,Urban,Both sexes,Mexico,2014
16.100000381469727,26,,MEX,28680,233,265,140786,29184,Total,Urban,Men,Mexico,2014
16.700000762939453,26,,MEX,28680,233,266,140786,29184,Total,Urban,Women,Mexico,2014
7.900000095367432,26,,MEX,28681,233,146,140785,29186,36 years and older,National,Both sexes,Mexico,2016
7.699999809265137,26,,MEX,28681,233,265,140785,29186,36 years and older,National,Men,Mexico,2016
8.100000381469727,26,,MEX,28681,233,266,140785,29186,36 years and older,National,Women,Mexico,2016
7.400000095367432,26,,MEX,28681,233,146,140784,29186,Under 36 years old,National,Both sexes,Mexico,2016
6.900000095367432,26,,MEX,28681,233,265,140784,29186,Under 36 years old,National,Men,Mexico,2016
7.800000190734863,26,,MEX,28681,233,266,140784,29186,Under 36 years old,National,Women,Mexico,2016
7.599999904632568,26,,MEX,28681,233,146,140786,29186,Total,National,Both sexes,Mexico,2016
7.199999809265137,26,,MEX,28681,233,265,140786,29186,Total,National,Men,Mexico,2016
7.900000095367432,26,,MEX,28681,233,266,140786,29186,Total,National,Women,Mexico,2016
4.699999809265137,26,,MEX,28679,233,146,140785,29186,36 years and older,Rural,Both sexes,Mexico,2016
4.599999904632568,26,,MEX,28679,233,265,140785,29186,36 years and older,Rural,Men,Mexico,2016
4.900000095367432,26,,MEX,28679,233,266,140785,29186,36 years and older,Rural,Women,Mexico,2016
4.5,26,,MEX,28679,233,146,140784,29186,Under 36 years old,Rural,Both sexes,Mexico,2016
4.400000095367432,26,,MEX,28679,233,265,140784,29186,Under 36 years old,Rural,Men,Mexico,2016
4.599999904632568,26,,MEX,28679,233,266,140784,29186,Under 36 years old,Rural,Women,Mexico,2016
4.599999904632568,26,,MEX,28679,233,146,140786,29186,Total,Rural,Both sexes,Mexico,2016
4.5,26,,MEX,28679,233,265,140786,29186,Total,Rural,Men,Mexico,2016
4.699999809265137,26,,MEX,28679,233,266,140786,29186,Total,Rural,Women,Mexico,2016
14.899999618530273,26,,MEX,28680,233,146,140785,29186,36 years and older,Urban,Both sexes,Mexico,2016
14.800000190734863,26,,MEX,28680,233,265,140785,29186,36 years and older,Urban,Men,Mexico,2016
15.100000381469727,26,,MEX,28680,233,266,140785,29186,36 years and older,Urban,Women,Mexico,2016
14.5,26,,MEX,28680,233,146,140784,29186,Under 36 years old,Urban,Both sexes,Mexico,2016
13.199999809265137,26,,MEX,28680,233,265,140784,29186,Under 36 years old,Urban,Men,Mexico,2016
15.800000190734863,26,,MEX,28680,233,266,140784,29186,Under 36 years old,Urban,Women,Mexico,2016
14.699999809265137,26,,MEX,28680,233,146,140786,29186,Total,Urban,Both sexes,Mexico,2016
13.899999618530273,26,,MEX,28680,233,265,140786,29186,Total,Urban,Men,Mexico,2016
15.5,26,,MEX,28680,233,266,140786,29186,Total,Urban,Women,Mexico,2016
7.599999904632568,26,,MEX,28681,233,146,140785,29188,36 years and older,National,Both sexes,Mexico,2018
7.199999809265137,26,,MEX,28681,233,265,140785,29188,36 years and older,National,Men,Mexico,2018
8,26,,MEX,28681,233,266,140785,29188,36 years and older,National,Women,Mexico,2018
6.800000190734863,26,,MEX,28681,233,146,140784,29188,Under 36 years old,National,Both sexes,Mexico,2018
6.5,26,,MEX,28681,233,265,140784,29188,Under 36 years old,National,Men,Mexico,2018
7,26,,MEX,28681,233,266,140784,29188,Under 36 years old,National,Women,Mexico,2018
7.099999904632568,26,,MEX,28681,233,146,140786,29188,Total,National,Both sexes,Mexico,2018
6.800000190734863,26,,MEX,28681,233,265,140786,29188,Total,National,Men,Mexico,2018
7.400000095367432,26,,MEX,28681,233,266,140786,29188,Total,National,Women,Mexico,2018
5.300000190734863,26,,MEX,28679,233,146,140785,29188,36 years and older,Rural,Both sexes,Mexico,2018
5.099999904632568,26,,MEX,28679,233,265,140785,29188,36 years and older,Rural,Men,Mexico,2018
5.400000095367432,26,,MEX,28679,233,266,140785,29188,36 years and older,Rural,Women,Mexico,2018
4.900000095367432,26,,MEX,28679,233,146,140784,29188,Under 36 years old,Rural,Both sexes,Mexico,2018
4.699999809265137,26,,MEX,28679,233,265,140784,29188,Under 36 years old,Rural,Men,Mexico,2018
5.099999904632568,26,,MEX,28679,233,266,140784,29188,Under 36 years old,Rural,Women,Mexico,2018
5,26,,MEX,28679,233,146,140786,29188,Total,Rural,Both sexes,Mexico,2018
4.900000095367432,26,,MEX,28679,233,265,140786,29188,Total,Rural,Men,Mexico,2018
5.199999809265137,26,,MEX,28679,233,266,140786,29188,Total,Rural,Women,Mexico,2018
13.699999809265137,26,,MEX,28680,233,146,140785,29188,36 years and older,Urban,Both sexes,Mexico,2018
12.600000381469727,26,,MEX,28680,233,265,140785,29188,36 years and older,Urban,Men,Mexico,2018
14.800000190734863,26,,MEX,28680,233,266,140785,29188,36 years and older,Urban,Women,Mexico,2018
12.300000190734863,26,,MEX,28680,233,146,140784,29188,Under 36 years old,Urban,Both sexes,Mexico,2018
12.100000381469727,26,,MEX,28680,233,265,140784,29188,Under 36 years old,Urban,Men,Mexico,2018
12.5,26,,MEX,28680,233,266,140784,29188,Under 36 years old,Urban,Women,Mexico,2018
12.899999618530273,26,,MEX,28680,233,146,140786,29188,Total,Urban,Both sexes,Mexico,2018
12.300000190734863,26,,MEX,28680,233,265,140786,29188,Total,Urban,Men,Mexico,2018
13.399999618530273,26,,MEX,28680,233,266,140786,29188,Total,Urban,Women,Mexico,2018
10.699999809265137,26,,MEX,28681,233,146,140785,29190,36 years and older,National,Both sexes,Mexico,2020
10.199999809265137,26,,MEX,28681,233,265,140785,29190,36 years and older,National,Men,Mexico,2020
11.199999809265137,26,,MEX,28681,233,266,140785,29190,36 years and older,National,Women,Mexico,2020
10,26,,MEX,28681,233,146,140784,29190,Under 36 years old,National,Both sexes,Mexico,2020
9.800000190734863,26,,MEX,28681,233,265,140784,29190,Under 36 years old,National,Men,Mexico,2020
10.199999809265137,26,,MEX,28681,233,266,140784,29190,Under 36 years old,National,Women,Mexico,2020
10.300000190734863,26,,MEX,28681,233,146,140786,29190,Total,National,Both sexes,Mexico,2020
10,26,,MEX,28681,233,265,140786,29190,Total,National,Men,Mexico,2020
10.600000381469727,26,,MEX,28681,233,266,140786,29190,Total,National,Women,Mexico,2020
8.100000381469727,26,,MEX,28679,233,146,140785,29190,36 years and older,Rural,Both sexes,Mexico,2020
7.599999904632568,26,,MEX,28679,233,265,140785,29190,36 years and older,Rural,Men,Mexico,2020
8.600000381469727,26,,MEX,28679,233,266,140785,29190,36 years and older,Rural,Women,Mexico,2020
7.300000190734863,26,,MEX,28679,233,146,140784,29190,Under 36 years old,Rural,Both sexes,Mexico,2020
7.099999904632568,26,,MEX,28679,233,265,140784,29190,Under 36 years old,Rural,Men,Mexico,2020
7.5,26,,MEX,28679,233,266,140784,29190,Under 36 years old,Rural,Women,Mexico,2020
7.599999904632568,26,,MEX,28679,233,146,140786,29190,Total,Rural,Both sexes,Mexico,2020
7.400000095367432,26,,MEX,28679,233,265,140786,29190,Total,Rural,Men,Mexico,2020
7.900000095367432,26,,MEX,28679,233,266,140786,29190,Total,Rural,Women,Mexico,2020
17.200000762939453,26,,MEX,28680,233,146,140785,29190,36 years and older,Urban,Both sexes,Mexico,2020
16.600000381469727,26,,MEX,28680,233,265,140785,29190,36 years and older,Urban,Men,Mexico,2020
17.799999237060547,26,,MEX,28680,233,266,140785,29190,36 years and older,Urban,Women,Mexico,2020
17.299999237060547,26,,MEX,28680,233,146,140784,29190,Under 36 years old,Urban,Both sexes,Mexico,2020
17,26,,MEX,28680,233,265,140784,29190,Under 36 years old,Urban,Men,Mexico,2020
17.5,26,,MEX,28680,233,266,140784,29190,Under 36 years old,Urban,Women,Mexico,2020
17.200000762939453,26,,MEX,28680,233,146,140786,29190,Total,Urban,Both sexes,Mexico,2020
16.799999237060547,26,,MEX,28680,233,265,140786,29190,Total,Urban,Men,Mexico,2020
17.600000381469727,26,,MEX,28680,233,266,140786,29190,Total,Urban,Women,Mexico,2020
10.100000381469727,26,,MEX,28681,233,146,140785,29192,36 years and older,National,Both sexes,Mexico,2022
9.600000381469727,26,,MEX,28681,233,265,140785,29192,36 years and older,National,Men,Mexico,2022
10.600000381469727,26,,MEX,28681,233,266,140785,29192,36 years and older,National,Women,Mexico,2022
9.899999618530273,26,,MEX,28681,233,146,140784,29192,Under 36 years old,National,Both sexes,Mexico,2022
9.5,26,,MEX,28681,233,265,140784,29192,Under 36 years old,National,Men,Mexico,2022
10.199999809265137,26,,MEX,28681,233,266,140784,29192,Under 36 years old,National,Women,Mexico,2022
10,26,,MEX,28681,233,146,140786,29192,Total,National,Both sexes,Mexico,2022
9.600000381469727,26,,MEX,28681,233,265,140786,29192,Total,National,Men,Mexico,2022
10.399999618530273,26,,MEX,28681,233,266,140786,29192,Total,National,Women,Mexico,2022
6.800000190734863,26,,MEX,28679,233,146,140785,29192,36 years and older,Rural,Both sexes,Mexico,2022
6.599999904632568,26,,MEX,28679,233,265,140785,29192,36 years and older,Rural,Men,Mexico,2022
7.199999809265137,26,,MEX,28679,233,266,140785,29192,36 years and older,Rural,Women,Mexico,2022
7.099999904632568,26,,MEX,28679,233,146,140784,29192,Under 36 years old,Rural,Both sexes,Mexico,2022
6.800000190734863,26,,MEX,28679,233,265,140784,29192,Under 36 years old,Rural,Men,Mexico,2022
7.400000095367432,26,,MEX,28679,233,266,140784,29192,Under 36 years old,Rural,Women,Mexico,2022
7,26,,MEX,28679,233,146,140786,29192,Total,Rural,Both sexes,Mexico,2022
6.699999809265137,26,,MEX,28679,233,265,140786,29192,Total,Rural,Men,Mexico,2022
7.300000190734863,26,,MEX,28679,233,266,140786,29192,Total,Rural,Women,Mexico,2022
18.399999618530273,26,,MEX,28680,233,146,140785,29192,36 years and older,Urban,Both sexes,Mexico,2022
17.5,26,,MEX,28680,233,265,140785,29192,36 years and older,Urban,Men,Mexico,2022
19.299999237060547,26,,MEX,28680,233,266,140785,29192,36 years and older,Urban,Women,Mexico,2022
18,26,,MEX,28680,233,146,140784,29192,Under 36 years old,Urban,Both sexes,Mexico,2022
17.700000762939453,26,,MEX,28680,233,265,140784,29192,Under 36 years old,Urban,Men,Mexico,2022
18.399999618530273,26,,MEX,28680,233,266,140784,29192,Under 36 years old,Urban,Women,Mexico,2022
18.200000762939453,26,,MEX,28680,233,146,140786,29192,Total,Urban,Both sexes,Mexico,2022
17.600000381469727,26,,MEX,28680,233,265,140786,29192,Total,Urban,Men,Mexico,2022
18.799999237060547,26,,MEX,28680,233,266,140786,29192,Total,Urban,Women,Mexico,2022
2,26,,MEX,28681,233,146,140785,29194,36 years and older,National,Both sexes,Mexico,2024
1.899999976158142,26,,MEX,28681,233,265,140785,29194,36 years and older,National,Men,Mexico,2024
2.0999999046325684,26,,MEX,28681,233,266,140785,29194,36 years and older,National,Women,Mexico,2024
2.0999999046325684,26,,MEX,28681,233,146,140784,29194,Under 36 years old,National,Both sexes,Mexico,2024
2.200000047683716,26,,MEX,28681,233,265,140784,29194,Under 36 years old,National,Men,Mexico,2024
1.899999976158142,26,,MEX,28681,233,266,140784,29194,Under 36 years old,National,Women,Mexico,2024
2,26,,MEX,28681,233,146,140786,29194,Total,National,Both sexes,Mexico,2024
2.0999999046325684,26,,MEX,28681,233,265,140786,29194,Total,National,Men,Mexico,2024
2,26,,MEX,28681,233,266,140786,29194,Total,National,Women,Mexico,2024
1.100000023841858,26,,MEX,28679,233,146,140785,29194,36 years and older,Rural,Both sexes,Mexico,2024
1,26,,MEX,28679,233,265,140785,29194,36 years and older,Rural,Men,Mexico,2024
1.100000023841858,26,,MEX,28679,233,266,140785,29194,36 years and older,Rural,Women,Mexico,2024
1.100000023841858,26,,MEX,28679,233,146,140784,29194,Under 36 years old,Rural,Both sexes,Mexico,2024
1.2999999523162842,26,,MEX,28679,233,265,140784,29194,Under 36 years old,Rural,Men,Mexico,2024
0.8999999761581421,26,,MEX,28679,233,266,140784,29194,Under 36 years old,Rural,Women,Mexico,2024
1.100000023841858,26,,MEX,28679,233,146,140786,29194,Total,Rural,Both sexes,Mexico,2024
1.2000000476837158,26,,MEX,28679,233,265,140786,29194,Total,Rural,Men,Mexico,2024
1,26,,MEX,28679,233,266,140786,29194,Total,Rural,Women,Mexico,2024
4.400000095367432,26,,MEX,28680,233,146,140785,29194,36 years and older,Urban,Both sexes,Mexico,2024
4.199999809265137,26,,MEX,28680,233,265,140785,29194,36 years and older,Urban,Men,Mexico,2024
4.599999904632568,26,,MEX,28680,233,266,140785,29194,36 years and older,Urban,Women,Mexico,2024
4.699999809265137,26,,MEX,28680,233,146,140784,29194,Under 36 years old,Urban,Both sexes,Mexico,2024
4.800000190734863,26,,MEX,28680,233,265,140784,29194,Under 36 years old,Urban,Men,Mexico,2024
4.699999809265137,26,,MEX,28680,233,266,140784,29194,Under 36 years old,Urban,Women,Mexico,2024
4.599999904632568,26,,MEX,28680,233,146,140786,29194,Total,Urban,Both sexes,Mexico,2024
4.5,26,,MEX,28680,233,265,140786,29194,Total,Urban,Men,Mexico,2024
4.599999904632568,26,,MEX,28680,233,266,140786,29194,Total,Urban,Women,Mexico,2024
0.6000000238418579,26,,NIC,28681,240,146,140785,29171,36 years and older,National,Both sexes,Nicaragua,2001
0.699999988079071,26,,NIC,28681,240,265,140785,29171,36 years and older,National,Men,Nicaragua,2001
0.6000000238418579,26,,NIC,28681,240,266,140785,29171,36 years and older,National,Women,Nicaragua,2001
0.30000001192092896,26,,NIC,28681,240,146,140784,29171,Under 36 years old,National,Both sexes,Nicaragua,2001
0.20000000298023224,26,,NIC,28681,240,265,140784,29171,Under 36 years old,National,Men,Nicaragua,2001
0.30000001192092896,26,,NIC,28681,240,266,140784,29171,Under 36 years old,National,Women,Nicaragua,2001
0.30000001192092896,26,,NIC,28681,240,146,140786,29171,Total,National,Both sexes,Nicaragua,2001
0.30000001192092896,26,,NIC,28681,240,265,140786,29171,Total,National,Men,Nicaragua,2001
0.4000000059604645,26,,NIC,28681,240,266,140786,29171,Total,National,Women,Nicaragua,2001
0.5,26,,NIC,28679,240,146,140785,29171,36 years and older,Rural,Both sexes,Nicaragua,2001
0.4000000059604645,26,,NIC,28679,240,265,140785,29171,36 years and older,Rural,Men,Nicaragua,2001
0.5,26,,NIC,28679,240,266,140785,29171,36 years and older,Rural,Women,Nicaragua,2001
0.20000000298023224,26,,NIC,28679,240,146,140784,29171,Under 36 years old,Rural,Both sexes,Nicaragua,2001
0.10000000149011612,26,,NIC,28679,240,265,140784,29171,Under 36 years old,Rural,Men,Nicaragua,2001
0.30000001192092896,26,,NIC,28679,240,266,140784,29171,Under 36 years old,Rural,Women,Nicaragua,2001
0.30000001192092896,26,,NIC,28679,240,146,140786,29171,Total,Rural,Both sexes,Nicaragua,2001
0.20000000298023224,26,,NIC,28679,240,265,140786,29171,Total,Rural,Men,Nicaragua,2001
0.4000000059604645,26,,NIC,28679,240,266,140786,29171,Total,Rural,Women,Nicaragua,2001
1.2000000476837158,26,,NIC,28680,240,146,140785,29171,36 years and older,Urban,Both sexes,Nicaragua,2001
1.399999976158142,26,,NIC,28680,240,265,140785,29171,36 years and older,Urban,Men,Nicaragua,2001
0.8999999761581421,26,,NIC,28680,240,266,140785,29171,36 years and older,Urban,Women,Nicaragua,2001
0.5,26,,NIC,28680,240,146,140784,29171,Under 36 years old,Urban,Both sexes,Nicaragua,2001
0.6000000238418579,26,,NIC,28680,240,265,140784,29171,Under 36 years old,Urban,Men,Nicaragua,2001
0.30000001192092896,26,,NIC,28680,240,266,140784,29171,Under 36 years old,Urban,Women,Nicaragua,2001
0.699999988079071,26,,NIC,28680,240,146,140786,29171,Total,Urban,Both sexes,Nicaragua,2001
0.8999999761581421,26,,NIC,28680,240,265,140786,29171,Total,Urban,Men,Nicaragua,2001
0.5,26,,NIC,28680,240,266,140786,29171,Total,Urban,Women,Nicaragua,2001
0.30000001192092896,26,,NIC,28681,240,146,140785,29175,36 years and older,National,Both sexes,Nicaragua,2005
0.30000001192092896,26,,NIC,28681,240,265,140785,29175,36 years and older,National,Men,Nicaragua,2005
0.4000000059604645,26,,NIC,28681,240,266,140785,29175,36 years and older,National,Women,Nicaragua,2005
0.10000000149011612,26,,NIC,28681,240,146,140784,29175,Under 36 years old,National,Both sexes,Nicaragua,2005
0.10000000149011612,26,,NIC,28681,240,265,140784,29175,Under 36 years old,National,Men,Nicaragua,2005
0.20000000298023224,26,,NIC,28681,240,266,140784,29175,Under 36 years old,National,Women,Nicaragua,2005
0.20000000298023224,26,,NIC,28681,240,146,140786,29175,Total,National,Both sexes,Nicaragua,2005
0.10000000149011612,26,,NIC,28681,240,265,140786,29175,Total,National,Men,Nicaragua,2005
0.30000001192092896,26,,NIC,28681,240,266,140786,29175,Total,National,Women,Nicaragua,2005
0.10000000149011612,26,,NIC,28679,240,146,140785,29175,36 years and older,Rural,Both sexes,Nicaragua,2005
0.10000000149011612,26,,NIC,28679,240,265,140785,29175,36 years and older,Rural,Men,Nicaragua,2005
0.10000000149011612,26,,NIC,28679,240,266,140785,29175,36 years and older,Rural,Women,Nicaragua,2005
0.10000000149011612,26,,NIC,28679,240,146,140786,29175,Total,Rural,Both sexes,Nicaragua,2005
0.10000000149011612,26,,NIC,28679,240,265,140786,29175,Total,Rural,Men,Nicaragua,2005
0.10000000149011612,26,,NIC,28679,240,266,140786,29175,Total,Rural,Women,Nicaragua,2005
1.5,26,,NIC,28680,240,146,140785,29175,36 years and older,Urban,Both sexes,Nicaragua,2005
1.2000000476837158,26,,NIC,28680,240,265,140785,29175,36 years and older,Urban,Men,Nicaragua,2005
1.7999999523162842,26,,NIC,28680,240,266,140785,29175,36 years and older,Urban,Women,Nicaragua,2005
0.8999999761581421,26,,NIC,28680,240,146,140784,29175,Under 36 years old,Urban,Both sexes,Nicaragua,2005
0.10000000149011612,26,,NIC,28680,240,265,140784,29175,Under 36 years old,Urban,Men,Nicaragua,2005
1.600000023841858,26,,NIC,28680,240,266,140784,29175,Under 36 years old,Urban,Women,Nicaragua,2005
1.100000023841858,26,,NIC,28680,240,146,140786,29175,Total,Urban,Both sexes,Nicaragua,2005
0.5,26,,NIC,28680,240,265,140786,29175,Total,Urban,Men,Nicaragua,2005
1.7000000476837158,26,,NIC,28680,240,266,140786,29175,Total,Urban,Women,Nicaragua,2005
0.8999999761581421,26,13639,NIC,28681,240,146,140785,29179,36 years and older,National,Both sexes,Nicaragua,2009
0.8999999761581421,26,13639,NIC,28681,240,265,140785,29179,36 years and older,National,Men,Nicaragua,2009
1,26,13639,NIC,28681,240,266,140785,29179,36 years and older,National,Women,Nicaragua,2009
0.5,26,,NIC,28681,240,146,140784,29179,Under 36 years old,National,Both sexes,Nicaragua,2009
0.6000000238418579,26,,NIC,28681,240,265,140784,29179,Under 36 years old,National,Men,Nicaragua,2009
0.4000000059604645,26,,NIC,28681,240,266,140784,29179,Under 36 years old,National,Women,Nicaragua,2009
0.6000000238418579,26,,NIC,28681,240,146,140786,29179,Total,National,Both sexes,Nicaragua,2009
0.699999988079071,26,,NIC,28681,240,265,140786,29179,Total,National,Men,Nicaragua,2009
0.6000000238418579,26,,NIC,28681,240,266,140786,29179,Total,National,Women,Nicaragua,2009
0.10000000149011612,26,13639,NIC,28679,240,146,140785,29179,36 years and older,Rural,Both sexes,Nicaragua,2009
0.20000000298023224,26,13639,NIC,28679,240,266,140785,29179,36 years and older,Rural,Women,Nicaragua,2009
0.10000000149011612,26,13639,NIC,28679,240,265,140784,29179,Under 36 years old,Rural,Men,Nicaragua,2009
0.10000000149011612,26,,NIC,28679,240,146,140786,29179,Total,Rural,Both sexes,Nicaragua,2009
0.10000000149011612,26,,NIC,28679,240,266,140786,29179,Total,Rural,Women,Nicaragua,2009
5.099999904632568,26,13639,NIC,28680,240,146,140785,29179,36 years and older,Urban,Both sexes,Nicaragua,2009
5.400000095367432,26,13639,NIC,28680,240,265,140785,29179,36 years and older,Urban,Men,Nicaragua,2009
4.800000190734863,26,13639,NIC,28680,240,266,140785,29179,36 years and older,Urban,Women,Nicaragua,2009
3.5999999046325684,26,13639,NIC,28680,240,146,140784,29179,Under 36 years old,Urban,Both sexes,Nicaragua,2009
4.400000095367432,26,13639,NIC,28680,240,265,140784,29179,Under 36 years old,Urban,Men,Nicaragua,2009
2.799999952316284,26,13639,NIC,28680,240,266,140784,29179,Under 36 years old,Urban,Women,Nicaragua,2009
4.099999904632568,26,13639,NIC,28680,240,146,140786,29179,Total,Urban,Both sexes,Nicaragua,2009
4.699999809265137,26,13639,NIC,28680,240,265,140786,29179,Total,Urban,Men,Nicaragua,2009
3.5,26,13639,NIC,28680,240,266,140786,29179,Total,Urban,Women,Nicaragua,2009
13.899999618530273,26,10360,PAN,28681,241,146,140785,29184,36 years and older,National,Both sexes,Panama,2014
12.800000190734863,26,10360,PAN,28681,241,265,140785,29184,36 years and older,National,Men,Panama,2014
15.300000190734863,26,10360,PAN,28681,241,266,140785,29184,36 years and older,National,Women,Panama,2014
13,26,10360,PAN,28681,241,146,140784,29184,Under 36 years old,National,Both sexes,Panama,2014
13.300000190734863,26,10360,PAN,28681,241,265,140784,29184,Under 36 years old,National,Men,Panama,2014
12.699999809265137,26,10360,PAN,28681,241,266,140784,29184,Under 36 years old,National,Women,Panama,2014
13.300000190734863,26,10360,PAN,28681,241,146,140786,29184,Total,National,Both sexes,Panama,2014
13.100000381469727,26,10360,PAN,28681,241,265,140786,29184,Total,National,Men,Panama,2014
13.600000381469727,26,10360,PAN,28681,241,266,140786,29184,Total,National,Women,Panama,2014
11.300000190734863,26,10360,PAN,28679,241,146,140785,29184,36 years and older,Rural,Both sexes,Panama,2014
10.5,26,10360,PAN,28679,241,265,140785,29184,36 years and older,Rural,Men,Panama,2014
12.399999618530273,26,10360,PAN,28679,241,266,140785,29184,36 years and older,Rural,Women,Panama,2014
11.100000381469727,26,10360,PAN,28679,241,146,140784,29184,Under 36 years old,Rural,Both sexes,Panama,2014
11.800000190734863,26,10360,PAN,28679,241,265,140784,29184,Under 36 years old,Rural,Men,Panama,2014
10.399999618530273,26,10360,PAN,28679,241,266,140784,29184,Under 36 years old,Rural,Women,Panama,2014
11.199999809265137,26,10360,PAN,28679,241,146,140786,29184,Total,Rural,Both sexes,Panama,2014
11.300000190734863,26,10360,PAN,28679,241,265,140786,29184,Total,Rural,Men,Panama,2014
11.100000381469727,26,10360,PAN,28679,241,266,140786,29184,Total,Rural,Women,Panama,2014
34.79999923706055,26,10360,PAN,28680,241,146,140785,29184,36 years and older,Urban,Both sexes,Panama,2014
32.70000076293945,26,10360,PAN,28680,241,265,140785,29184,36 years and older,Urban,Men,Panama,2014
37.400001525878906,26,10360,PAN,28680,241,266,140785,29184,36 years and older,Urban,Women,Panama,2014
35.900001525878906,26,10360,PAN,28680,241,146,140784,29184,Under 36 years old,Urban,Both sexes,Panama,2014
32.20000076293945,26,10360,PAN,28680,241,265,140784,29184,Under 36 years old,Urban,Men,Panama,2014
40.099998474121094,26,10360,PAN,28680,241,266,140784,29184,Under 36 years old,Urban,Women,Panama,2014
35.400001525878906,26,10360,PAN,28680,241,146,140786,29184,Total,Urban,Both sexes,Panama,2014
32.400001525878906,26,10360,PAN,28680,241,265,140786,29184,Total,Urban,Men,Panama,2014
38.900001525878906,26,10360,PAN,28680,241,266,140786,29184,Total,Urban,Women,Panama,2014
15.800000190734863,26,10360,PAN,28681,241,146,140785,29185,36 years and older,National,Both sexes,Panama,2015
14.300000190734863,26,10360,PAN,28681,241,265,140785,29185,36 years and older,National,Men,Panama,2015
17.799999237060547,26,10360,PAN,28681,241,266,140785,29185,36 years and older,National,Women,Panama,2015
14.5,26,10360,PAN,28681,241,146,140784,29185,Under 36 years old,National,Both sexes,Panama,2015
13.699999809265137,26,10360,PAN,28681,241,265,140784,29185,Under 36 years old,National,Men,Panama,2015
15.5,26,10360,PAN,28681,241,266,140784,29185,Under 36 years old,National,Women,Panama,2015
15,26,10360,PAN,28681,241,146,140786,29185,Total,National,Both sexes,Panama,2015
14,26,10360,PAN,28681,241,265,140786,29185,Total,National,Men,Panama,2015
16.299999237060547,26,10360,PAN,28681,241,266,140786,29185,Total,National,Women,Panama,2015
12.199999809265137,26,10360,PAN,28679,241,146,140785,29185,36 years and older,Rural,Both sexes,Panama,2015
11.399999618530273,26,10360,PAN,28679,241,265,140785,29185,36 years and older,Rural,Men,Panama,2015
13.300000190734863,26,10360,PAN,28679,241,266,140785,29185,36 years and older,Rural,Women,Panama,2015
12.699999809265137,26,10360,PAN,28679,241,146,140784,29185,Under 36 years old,Rural,Both sexes,Panama,2015
11.800000190734863,26,10360,PAN,28679,241,265,140784,29185,Under 36 years old,Rural,Men,Panama,2015
13.800000190734863,26,10360,PAN,28679,241,266,140784,29185,Under 36 years old,Rural,Women,Panama,2015
12.5,26,10360,PAN,28679,241,146,140786,29185,Total,Rural,Both sexes,Panama,2015
11.699999809265137,26,10360,PAN,28679,241,265,140786,29185,Total,Rural,Men,Panama,2015
13.600000381469727,26,10360,PAN,28679,241,266,140786,29185,Total,Rural,Women,Panama,2015
41.900001525878906,26,10360,PAN,28680,241,146,140785,29185,36 years and older,Urban,Both sexes,Panama,2015
36.5,26,10360,PAN,28680,241,265,140785,29185,36 years and older,Urban,Men,Panama,2015
48.29999923706055,26,10360,PAN,28680,241,266,140785,29185,36 years and older,Urban,Women,Panama,2015
35.79999923706055,26,10360,PAN,28680,241,146,140784,29185,Under 36 years old,Urban,Both sexes,Panama,2015
35.79999923706055,26,10360,PAN,28680,241,265,140784,29185,Under 36 years old,Urban,Men,Panama,2015
35.900001525878906,26,10360,PAN,28680,241,266,140784,29185,Under 36 years old,Urban,Women,Panama,2015
38.79999923706055,26,10360,PAN,28680,241,146,140786,29185,Total,Urban,Both sexes,Panama,2015
36.20000076293945,26,10360,PAN,28680,241,265,140786,29185,Total,Urban,Men,Panama,2015
41.79999923706055,26,10360,PAN,28680,241,266,140786,29185,Total,Urban,Women,Panama,2015
13,26,10360,PAN,28681,241,146,140785,29186,36 years and older,National,Both sexes,Panama,2016
11.300000190734863,26,10360,PAN,28681,241,265,140785,29186,36 years and older,National,Men,Panama,2016
15.199999809265137,26,10360,PAN,28681,241,266,140785,29186,36 years and older,National,Women,Panama,2016
11.300000190734863,26,10360,PAN,28681,241,146,140784,29186,Under 36 years old,National,Both sexes,Panama,2016
11.100000381469727,26,10360,PAN,28681,241,265,140784,29186,Under 36 years old,National,Men,Panama,2016
11.600000381469727,26,10360,PAN,28681,241,266,140784,29186,Under 36 years old,National,Women,Panama,2016
12,26,10360,PAN,28681,241,146,140786,29186,Total,National,Both sexes,Panama,2016
11.199999809265137,26,10360,PAN,28681,241,265,140786,29186,Total,National,Men,Panama,2016
12.899999618530273,26,10360,PAN,28681,241,266,140786,29186,Total,National,Women,Panama,2016
9.5,26,10360,PAN,28679,241,146,140785,29186,36 years and older,Rural,Both sexes,Panama,2016
8.100000381469727,26,10360,PAN,28679,241,265,140785,29186,36 years and older,Rural,Men,Panama,2016
11.399999618530273,26,10360,PAN,28679,241,266,140785,29186,36 years and older,Rural,Women,Panama,2016
8.899999618530273,26,10360,PAN,28679,241,146,140784,29186,Under 36 years old,Rural,Both sexes,Panama,2016
8.300000190734863,26,10360,PAN,28679,241,265,140784,29186,Under 36 years old,Rural,Men,Panama,2016
9.600000381469727,26,10360,PAN,28679,241,266,140784,29186,Under 36 years old,Rural,Women,Panama,2016
9.199999809265137,26,10360,PAN,28679,241,146,140786,29186,Total,Rural,Both sexes,Panama,2016
8.300000190734863,26,10360,PAN,28679,241,265,140786,29186,Total,Rural,Men,Panama,2016
10.199999809265137,26,10360,PAN,28679,241,266,140786,29186,Total,Rural,Women,Panama,2016
35,26,10360,PAN,28680,241,146,140785,29186,36 years and older,Urban,Both sexes,Panama,2016
32.70000076293945,26,10360,PAN,28680,241,265,140785,29186,36 years and older,Urban,Men,Panama,2016
37.70000076293945,26,10360,PAN,28680,241,266,140785,29186,36 years and older,Urban,Women,Panama,2016
31.799999237060547,26,10360,PAN,28680,241,146,140784,29186,Under 36 years old,Urban,Both sexes,Panama,2016
34.5,26,10360,PAN,28680,241,265,140784,29186,Under 36 years old,Urban,Men,Panama,2016
29.100000381469727,26,10360,PAN,28680,241,266,140784,29186,Under 36 years old,Urban,Women,Panama,2016
33.29999923706055,26,10360,PAN,28680,241,146,140786,29186,Total,Urban,Both sexes,Panama,2016
33.70000076293945,26,10360,PAN,28680,241,265,140786,29186,Total,Urban,Men,Panama,2016
32.79999923706055,26,10360,PAN,28680,241,266,140786,29186,Total,Urban,Women,Panama,2016
13,26,10360,PAN,28681,241,146,140785,29187,36 years and older,National,Both sexes,Panama,2017
11.199999809265137,26,10360,PAN,28681,241,265,140785,29187,36 years and older,National,Men,Panama,2017
15.300000190734863,26,10360,PAN,28681,241,266,140785,29187,36 years and older,National,Women,Panama,2017
12.199999809265137,26,10360,PAN,28681,241,146,140784,29187,Under 36 years old,National,Both sexes,Panama,2017
12.399999618530273,26,10360,PAN,28681,241,265,140784,29187,Under 36 years old,National,Men,Panama,2017
12,26,10360,PAN,28681,241,266,140784,29187,Under 36 years old,National,Women,Panama,2017
12.5,26,10360,PAN,28681,241,146,140786,29187,Total,National,Both sexes,Panama,2017
11.899999618530273,26,10360,PAN,28681,241,265,140786,29187,Total,National,Men,Panama,2017
13.199999809265137,26,10360,PAN,28681,241,266,140786,29187,Total,National,Women,Panama,2017
9.899999618530273,26,10360,PAN,28679,241,146,140785,29187,36 years and older,Rural,Both sexes,Panama,2017
8.699999809265137,26,10360,PAN,28679,241,265,140785,29187,36 years and older,Rural,Men,Panama,2017
11.600000381469727,26,10360,PAN,28679,241,266,140785,29187,36 years and older,Rural,Women,Panama,2017
9.199999809265137,26,10360,PAN,28679,241,146,140784,29187,Under 36 years old,Rural,Both sexes,Panama,2017
9.100000381469727,26,10360,PAN,28679,241,265,140784,29187,Under 36 years old,Rural,Men,Panama,2017
9.199999809265137,26,10360,PAN,28679,241,266,140784,29187,Under 36 years old,Rural,Women,Panama,2017
9.5,26,10360,PAN,28679,241,146,140786,29187,Total,Rural,Both sexes,Panama,2017
8.899999618530273,26,10360,PAN,28679,241,265,140786,29187,Total,Rural,Men,Panama,2017
10.100000381469727,26,10360,PAN,28679,241,266,140786,29187,Total,Rural,Women,Panama,2017
36.599998474121094,26,10360,PAN,28680,241,146,140785,29187,36 years and older,Urban,Both sexes,Panama,2017
31.299999237060547,26,10360,PAN,28680,241,265,140785,29187,36 years and older,Urban,Men,Panama,2017
43.20000076293945,26,10360,PAN,28680,241,266,140785,29187,36 years and older,Urban,Women,Panama,2017
37.5,26,10360,PAN,28680,241,146,140784,29187,Under 36 years old,Urban,Both sexes,Panama,2017
37.79999923706055,26,10360,PAN,28680,241,265,140784,29187,Under 36 years old,Urban,Men,Panama,2017
37,26,10360,PAN,28680,241,266,140784,29187,Under 36 years old,Urban,Women,Panama,2017
37.099998474121094,26,10360,PAN,28680,241,146,140786,29187,Total,Urban,Both sexes,Panama,2017
35.099998474121094,26,10360,PAN,28680,241,265,140786,29187,Total,Urban,Men,Panama,2017
39.5,26,10360,PAN,28680,241,266,140786,29187,Total,Urban,Women,Panama,2017
12.300000190734863,26,10360,PAN,28681,241,146,140785,29189,36 years and older,National,Both sexes,Panama,2019
10.899999618530273,26,10360,PAN,28681,241,265,140785,29189,36 years and older,National,Men,Panama,2019
14,26,10360,PAN,28681,241,266,140785,29189,36 years and older,National,Women,Panama,2019
10.199999809265137,26,10360,PAN,28681,241,146,140784,29189,Under 36 years old,National,Both sexes,Panama,2019
9.199999809265137,26,10360,PAN,28681,241,265,140784,29189,Under 36 years old,National,Men,Panama,2019
11.199999809265137,26,10360,PAN,28681,241,266,140784,29189,Under 36 years old,National,Women,Panama,2019
11,26,10360,PAN,28681,241,146,140786,29189,Total,National,Both sexes,Panama,2019
9.899999618530273,26,10360,PAN,28681,241,265,140786,29189,Total,National,Men,Panama,2019
12.199999809265137,26,10360,PAN,28681,241,266,140786,29189,Total,National,Women,Panama,2019
8.100000381469727,26,10360,PAN,28679,241,146,140785,29189,36 years and older,Rural,Both sexes,Panama,2019
7.300000190734863,26,10360,PAN,28679,241,265,140785,29189,36 years and older,Rural,Men,Panama,2019
9.199999809265137,26,10360,PAN,28679,241,266,140785,29189,36 years and older,Rural,Women,Panama,2019
6.900000095367432,26,10360,PAN,28679,241,146,140784,29189,Under 36 years old,Rural,Both sexes,Panama,2019
5.400000095367432,26,10360,PAN,28679,241,265,140784,29189,Under 36 years old,Rural,Men,Panama,2019
8.399999618530273,26,10360,PAN,28679,241,266,140784,29189,Under 36 years old,Rural,Women,Panama,2019
7.400000095367432,26,10360,PAN,28679,241,146,140786,29189,Total,Rural,Both sexes,Panama,2019
6.199999809265137,26,10360,PAN,28679,241,265,140786,29189,Total,Rural,Men,Panama,2019
8.699999809265137,26,10360,PAN,28679,241,266,140786,29189,Total,Rural,Women,Panama,2019
39.70000076293945,26,10360,PAN,28680,241,146,140785,29189,36 years and older,Urban,Both sexes,Panama,2019
35.099998474121094,26,10360,PAN,28680,241,265,140785,29189,36 years and older,Urban,Men,Panama,2019
45.5,26,10360,PAN,28680,241,266,140785,29189,36 years and older,Urban,Women,Panama,2019
44.70000076293945,26,10360,PAN,28680,241,146,140784,29189,Under 36 years old,Urban,Both sexes,Panama,2019
45.79999923706055,26,10360,PAN,28680,241,265,140784,29189,Under 36 years old,Urban,Men,Panama,2019
43.400001525878906,26,10360,PAN,28680,241,266,140784,29189,Under 36 years old,Urban,Women,Panama,2019
42.20000076293945,26,10360,PAN,28680,241,146,140786,29189,Total,Urban,Both sexes,Panama,2019
40.400001525878906,26,10360,PAN,28680,241,265,140786,29189,Total,Urban,Men,Panama,2019
44.5,26,10360,PAN,28680,241,266,140786,29189,Total,Urban,Women,Panama,2019
17.5,26,10360,PAN,28681,241,146,140785,29191,36 years and older,National,Both sexes,Panama,2021
15.800000190734863,26,10360,PAN,28681,241,265,140785,29191,36 years and older,National,Men,Panama,2021
19.799999237060547,26,10360,PAN,28681,241,266,140785,29191,36 years and older,National,Women,Panama,2021
13.699999809265137,26,10360,PAN,28681,241,146,140784,29191,Under 36 years old,National,Both sexes,Panama,2021
13.399999618530273,26,10360,PAN,28681,241,265,140784,29191,Under 36 years old,National,Men,Panama,2021
14,26,10360,PAN,28681,241,266,140784,29191,Under 36 years old,National,Women,Panama,2021
15.199999809265137,26,10360,PAN,28681,241,146,140786,29191,Total,National,Both sexes,Panama,2021
14.399999618530273,26,10360,PAN,28681,241,265,140786,29191,Total,National,Men,Panama,2021
16.100000381469727,26,10360,PAN,28681,241,266,140786,29191,Total,National,Women,Panama,2021
13.100000381469727,26,10360,PAN,28679,241,146,140785,29191,36 years and older,Rural,Both sexes,Panama,2021
11.699999809265137,26,10360,PAN,28679,241,265,140785,29191,36 years and older,Rural,Men,Panama,2021
14.899999618530273,26,10360,PAN,28679,241,266,140785,29191,36 years and older,Rural,Women,Panama,2021
10.699999809265137,26,10360,PAN,28679,241,146,140784,29191,Under 36 years old,Rural,Both sexes,Panama,2021
10.5,26,10360,PAN,28679,241,265,140784,29191,Under 36 years old,Rural,Men,Panama,2021
11,26,10360,PAN,28679,241,266,140784,29191,Under 36 years old,Rural,Women,Panama,2021
11.600000381469727,26,10360,PAN,28679,241,146,140786,29191,Total,Rural,Both sexes,Panama,2021
11,26,10360,PAN,28679,241,265,140786,29191,Total,Rural,Men,Panama,2021
12.399999618530273,26,10360,PAN,28679,241,266,140786,29191,Total,Rural,Women,Panama,2021
43.599998474121094,26,10360,PAN,28680,241,146,140785,29191,36 years and older,Urban,Both sexes,Panama,2021
40.5,26,10360,PAN,28680,241,265,140785,29191,36 years and older,Urban,Men,Panama,2021
47.599998474121094,26,10360,PAN,28680,241,266,140785,29191,36 years and older,Urban,Women,Panama,2021
42.599998474121094,26,10360,PAN,28680,241,146,140784,29191,Under 36 years old,Urban,Both sexes,Panama,2021
40.79999923706055,26,10360,PAN,28680,241,265,140784,29191,Under 36 years old,Urban,Men,Panama,2021
44.599998474121094,26,10360,PAN,28680,241,266,140784,29191,Under 36 years old,Urban,Women,Panama,2021
43.099998474121094,26,10360,PAN,28680,241,146,140786,29191,Total,Urban,Both sexes,Panama,2021
40.70000076293945,26,10360,PAN,28680,241,265,140786,29191,Total,Urban,Men,Panama,2021
46.099998474121094,26,10360,PAN,28680,241,266,140786,29191,Total,Urban,Women,Panama,2021
15.199999809265137,26,10360,PAN,28681,241,146,140785,29192,36 years and older,National,Both sexes,Panama,2022
13.699999809265137,26,10360,PAN,28681,241,265,140785,29192,36 years and older,National,Men,Panama,2022
17.200000762939453,26,10360,PAN,28681,241,266,140785,29192,36 years and older,National,Women,Panama,2022
13.699999809265137,26,10360,PAN,28681,241,146,140784,29192,Under 36 years old,National,Both sexes,Panama,2022
13.600000381469727,26,10360,PAN,28681,241,265,140784,29192,Under 36 years old,National,Men,Panama,2022
13.800000190734863,26,10360,PAN,28681,241,266,140784,29192,Under 36 years old,National,Women,Panama,2022
14.300000190734863,26,10360,PAN,28681,241,146,140786,29192,Total,National,Both sexes,Panama,2022
13.699999809265137,26,10360,PAN,28681,241,265,140786,29192,Total,National,Men,Panama,2022
15.100000381469727,26,10360,PAN,28681,241,266,140786,29192,Total,National,Women,Panama,2022
11.600000381469727,26,10360,PAN,28679,241,146,140785,29192,36 years and older,Rural,Both sexes,Panama,2022
10.199999809265137,26,10360,PAN,28679,241,265,140785,29192,36 years and older,Rural,Men,Panama,2022
13.300000190734863,26,10360,PAN,28679,241,266,140785,29192,36 years and older,Rural,Women,Panama,2022
11.300000190734863,26,10360,PAN,28679,241,146,140784,29192,Under 36 years old,Rural,Both sexes,Panama,2022
11.300000190734863,26,10360,PAN,28679,241,265,140784,29192,Under 36 years old,Rural,Men,Panama,2022
11.300000190734863,26,10360,PAN,28679,241,266,140784,29192,Under 36 years old,Rural,Women,Panama,2022
11.399999618530273,26,10360,PAN,28679,241,146,140786,29192,Total,Rural,Both sexes,Panama,2022
10.899999618530273,26,10360,PAN,28679,241,265,140786,29192,Total,Rural,Men,Panama,2022
12,26,10360,PAN,28679,241,266,140786,29192,Total,Rural,Women,Panama,2022
36.599998474121094,26,10360,PAN,28680,241,146,140785,29192,36 years and older,Urban,Both sexes,Panama,2022
34.099998474121094,26,10360,PAN,28680,241,265,140785,29192,36 years and older,Urban,Men,Panama,2022
39.70000076293945,26,10360,PAN,28680,241,266,140785,29192,36 years and older,Urban,Women,Panama,2022
40.400001525878906,26,10360,PAN,28680,241,146,140784,29192,Under 36 years old,Urban,Both sexes,Panama,2022
41.29999923706055,26,10360,PAN,28680,241,265,140784,29192,Under 36 years old,Urban,Men,Panama,2022
39.70000076293945,26,10360,PAN,28680,241,266,140784,29192,Under 36 years old,Urban,Women,Panama,2022
38.29999923706055,26,10360,PAN,28680,241,146,140786,29192,Total,Urban,Both sexes,Panama,2022
37,26,10360,PAN,28680,241,265,140786,29192,Total,Urban,Men,Panama,2022
39.70000076293945,26,10360,PAN,28680,241,266,140786,29192,Total,Urban,Women,Panama,2022
0.8999999761581421,26,337,PRY,28681,242,146,140785,29172,36 years and older,National,Both sexes,Paraguay,2002
0.8999999761581421,26,337,PRY,28681,242,265,140785,29172,36 years and older,National,Men,Paraguay,2002
0.800000011920929,26,337,PRY,28681,242,266,140785,29172,36 years and older,National,Women,Paraguay,2002
0.699999988079071,26,337,PRY,28681,242,146,140784,29172,Under 36 years old,National,Both sexes,Paraguay,2002
0.4000000059604645,26,337,PRY,28681,242,265,140784,29172,Under 36 years old,National,Men,Paraguay,2002
1,26,337,PRY,28681,242,266,140784,29172,Under 36 years old,National,Women,Paraguay,2002
0.699999988079071,26,337,PRY,28681,242,146,140786,29172,Total,National,Both sexes,Paraguay,2002
0.6000000238418579,26,337,PRY,28681,242,265,140786,29172,Total,National,Men,Paraguay,2002
0.8999999761581421,26,337,PRY,28681,242,266,140786,29172,Total,National,Women,Paraguay,2002
0.4000000059604645,26,337,PRY,28679,242,146,140785,29172,36 years and older,Rural,Both sexes,Paraguay,2002
0.5,26,337,PRY,28679,242,265,140785,29172,36 years and older,Rural,Men,Paraguay,2002
0.4000000059604645,26,337,PRY,28679,242,266,140785,29172,36 years and older,Rural,Women,Paraguay,2002
0.4000000059604645,26,337,PRY,28679,242,146,140784,29172,Under 36 years old,Rural,Both sexes,Paraguay,2002
0.10000000149011612,26,337,PRY,28679,242,265,140784,29172,Under 36 years old,Rural,Men,Paraguay,2002
0.6000000238418579,26,337,PRY,28679,242,266,140784,29172,Under 36 years old,Rural,Women,Paraguay,2002
0.4000000059604645,26,337,PRY,28679,242,146,140786,29172,Total,Rural,Both sexes,Paraguay,2002
0.20000000298023224,26,337,PRY,28679,242,265,140786,29172,Total,Rural,Men,Paraguay,2002
0.6000000238418579,26,337,PRY,28679,242,266,140786,29172,Total,Rural,Women,Paraguay,2002
4.300000190734863,26,337,PRY,28680,242,146,140785,29172,36 years and older,Urban,Both sexes,Paraguay,2002
5.599999904632568,26,"337,13639",PRY,28680,242,265,140785,29172,36 years and older,Urban,Men,Paraguay,2002
3.0999999046325684,26,"337,13639",PRY,28680,242,266,140785,29172,36 years and older,Urban,Women,Paraguay,2002
4.099999904632568,26,337,PRY,28680,242,146,140784,29172,Under 36 years old,Urban,Both sexes,Paraguay,2002
3.799999952316284,26,337,PRY,28680,242,265,140784,29172,Under 36 years old,Urban,Men,Paraguay,2002
4.400000095367432,26,337,PRY,28680,242,266,140784,29172,Under 36 years old,Urban,Women,Paraguay,2002
4.199999809265137,26,337,PRY,28680,242,146,140786,29172,Total,Urban,Both sexes,Paraguay,2002
4.5,26,337,PRY,28680,242,265,140786,29172,Total,Urban,Men,Paraguay,2002
3.9000000953674316,26,337,PRY,28680,242,266,140786,29172,Total,Urban,Women,Paraguay,2002
1.2000000476837158,26,337,PRY,28681,242,146,140785,29173,36 years and older,National,Both sexes,Paraguay,2003
1,26,337,PRY,28681,242,265,140785,29173,36 years and older,National,Men,Paraguay,2003
1.2999999523162842,26,337,PRY,28681,242,266,140785,29173,36 years and older,National,Women,Paraguay,2003
0.8999999761581421,26,337,PRY,28681,242,146,140784,29173,Under 36 years old,National,Both sexes,Paraguay,2003
0.8999999761581421,26,337,PRY,28681,242,265,140784,29173,Under 36 years old,National,Men,Paraguay,2003
0.800000011920929,26,337,PRY,28681,242,266,140784,29173,Under 36 years old,National,Women,Paraguay,2003
1,26,337,PRY,28681,242,146,140786,29173,Total,National,Both sexes,Paraguay,2003
0.8999999761581421,26,337,PRY,28681,242,265,140786,29173,Total,National,Men,Paraguay,2003
1,26,337,PRY,28681,242,266,140786,29173,Total,National,Women,Paraguay,2003
0.699999988079071,26,337,PRY,28679,242,146,140785,29173,36 years and older,Rural,Both sexes,Paraguay,2003
0.6000000238418579,26,337,PRY,28679,242,265,140785,29173,36 years and older,Rural,Men,Paraguay,2003
0.8999999761581421,26,337,PRY,28679,242,266,140785,29173,36 years and older,Rural,Women,Paraguay,2003
0.5,26,337,PRY,28679,242,146,140784,29173,Under 36 years old,Rural,Both sexes,Paraguay,2003
0.4000000059604645,26,337,PRY,28679,242,265,140784,29173,Under 36 years old,Rural,Men,Paraguay,2003
0.6000000238418579,26,337,PRY,28679,242,266,140784,29173,Under 36 years old,Rural,Women,Paraguay,2003
0.6000000238418579,26,337,PRY,28679,242,146,140786,29173,Total,Rural,Both sexes,Paraguay,2003
0.5,26,337,PRY,28679,242,265,140786,29173,Total,Rural,Men,Paraguay,2003
0.699999988079071,26,337,PRY,28679,242,266,140786,29173,Total,Rural,Women,Paraguay,2003
4.400000095367432,26,337,PRY,28680,242,146,140785,29173,36 years and older,Urban,Both sexes,Paraguay,2003
4.300000190734863,26,337,PRY,28680,242,265,140785,29173,36 years and older,Urban,Men,Paraguay,2003
4.599999904632568,26,337,PRY,28680,242,266,140785,29173,36 years and older,Urban,Women,Paraguay,2003
4.900000095367432,26,337,PRY,28680,242,146,140784,29173,Under 36 years old,Urban,Both sexes,Paraguay,2003
6.400000095367432,26,337,PRY,28680,242,265,140784,29173,Under 36 years old,Urban,Men,Paraguay,2003
3.5,26,337,PRY,28680,242,266,140784,29173,Under 36 years old,Urban,Women,Paraguay,2003
4.699999809265137,26,337,PRY,28680,242,146,140786,29173,Total,Urban,Both sexes,Paraguay,2003
5.599999904632568,26,337,PRY,28680,242,265,140786,29173,Total,Urban,Men,Paraguay,2003
3.9000000953674316,26,337,PRY,28680,242,266,140786,29173,Total,Urban,Women,Paraguay,2003
1.2999999523162842,26,337,PRY,28681,242,146,140785,29174,36 years and older,National,Both sexes,Paraguay,2004
1.2999999523162842,26,337,PRY,28681,242,265,140785,29174,36 years and older,National,Men,Paraguay,2004
1.2999999523162842,26,337,PRY,28681,242,266,140785,29174,36 years and older,National,Women,Paraguay,2004
1,26,337,PRY,28681,242,146,140784,29174,Under 36 years old,National,Both sexes,Paraguay,2004
0.8999999761581421,26,337,PRY,28681,242,265,140784,29174,Under 36 years old,National,Men,Paraguay,2004
1.100000023841858,26,337,PRY,28681,242,266,140784,29174,Under 36 years old,National,Women,Paraguay,2004
1.100000023841858,26,337,PRY,28681,242,146,140786,29174,Total,National,Both sexes,Paraguay,2004
1,26,337,PRY,28681,242,265,140786,29174,Total,National,Men,Paraguay,2004
1.100000023841858,26,337,PRY,28681,242,266,140786,29174,Total,National,Women,Paraguay,2004
1.100000023841858,26,337,PRY,28679,242,146,140785,29174,36 years and older,Rural,Both sexes,Paraguay,2004
1,26,337,PRY,28679,242,265,140785,29174,36 years and older,Rural,Men,Paraguay,2004
1.2000000476837158,26,337,PRY,28679,242,266,140785,29174,36 years and older,Rural,Women,Paraguay,2004
0.800000011920929,26,337,PRY,28679,242,146,140784,29174,Under 36 years old,Rural,Both sexes,Paraguay,2004
0.800000011920929,26,337,PRY,28679,242,265,140784,29174,Under 36 years old,Rural,Men,Paraguay,2004
0.800000011920929,26,337,PRY,28679,242,266,140784,29174,Under 36 years old,Rural,Women,Paraguay,2004
0.8999999761581421,26,337,PRY,28679,242,146,140786,29174,Total,Rural,Both sexes,Paraguay,2004
0.8999999761581421,26,337,PRY,28679,242,265,140786,29174,Total,Rural,Men,Paraguay,2004
0.8999999761581421,26,337,PRY,28679,242,266,140786,29174,Total,Rural,Women,Paraguay,2004
3.200000047683716,26,337,PRY,28680,242,146,140785,29174,36 years and older,Urban,Both sexes,Paraguay,2004
3.700000047683716,26,337,PRY,28680,242,265,140785,29174,36 years and older,Urban,Men,Paraguay,2004
2.5,26,337,PRY,28680,242,266,140785,29174,36 years and older,Urban,Women,Paraguay,2004
2.0999999046325684,26,337,PRY,28680,242,146,140784,29174,Under 36 years old,Urban,Both sexes,Paraguay,2004
1.2000000476837158,26,337,PRY,28680,242,265,140784,29174,Under 36 years old,Urban,Men,Paraguay,2004
3.200000047683716,26,337,PRY,28680,242,266,140784,29174,Under 36 years old,Urban,Women,Paraguay,2004
2.5,26,337,PRY,28680,242,146,140786,29174,Total,Urban,Both sexes,Paraguay,2004
2,26,337,PRY,28680,242,265,140786,29174,Total,Urban,Men,Paraguay,2004
3,26,337,PRY,28680,242,266,140786,29174,Total,Urban,Women,Paraguay,2004
1.7999999523162842,26,337,PRY,28681,242,146,140785,29175,36 years and older,National,Both sexes,Paraguay,2005
1.899999976158142,26,337,PRY,28681,242,265,140785,29175,36 years and older,National,Men,Paraguay,2005
1.600000023841858,26,337,PRY,28681,242,266,140785,29175,36 years and older,National,Women,Paraguay,2005
1.2000000476837158,26,337,PRY,28681,242,146,140784,29175,Under 36 years old,National,Both sexes,Paraguay,2005
1.100000023841858,26,337,PRY,28681,242,265,140784,29175,Under 36 years old,National,Men,Paraguay,2005
1.2999999523162842,26,337,PRY,28681,242,266,140784,29175,Under 36 years old,National,Women,Paraguay,2005
1.399999976158142,26,337,PRY,28681,242,146,140786,29175,Total,National,Both sexes,Paraguay,2005
1.2999999523162842,26,337,PRY,28681,242,265,140786,29175,Total,National,Men,Paraguay,2005
1.399999976158142,26,337,PRY,28681,242,266,140786,29175,Total,National,Women,Paraguay,2005
0.800000011920929,26,337,PRY,28679,242,146,140785,29175,36 years and older,Rural,Both sexes,Paraguay,2005
0.8999999761581421,26,337,PRY,28679,242,265,140785,29175,36 years and older,Rural,Men,Paraguay,2005
0.800000011920929,26,337,PRY,28679,242,266,140785,29175,36 years and older,Rural,Women,Paraguay,2005
0.699999988079071,26,337,PRY,28679,242,146,140784,29175,Under 36 years old,Rural,Both sexes,Paraguay,2005
0.5,26,337,PRY,28679,242,265,140784,29175,Under 36 years old,Rural,Men,Paraguay,2005
0.800000011920929,26,337,PRY,28679,242,266,140784,29175,Under 36 years old,Rural,Women,Paraguay,2005
0.699999988079071,26,337,PRY,28679,242,146,140786,29175,Total,Rural,Both sexes,Paraguay,2005
0.6000000238418579,26,337,PRY,28679,242,265,140786,29175,Total,Rural,Men,Paraguay,2005
0.800000011920929,26,337,PRY,28679,242,266,140786,29175,Total,Rural,Women,Paraguay,2005
8,26,337,PRY,28680,242,146,140785,29175,36 years and older,Urban,Both sexes,Paraguay,2005
9.199999809265137,26,337,PRY,28680,242,265,140785,29175,36 years and older,Urban,Men,Paraguay,2005
6.699999809265137,26,337,PRY,28680,242,266,140785,29175,36 years and older,Urban,Women,Paraguay,2005
6.699999809265137,26,337,PRY,28680,242,146,140784,29175,Under 36 years old,Urban,Both sexes,Paraguay,2005
6.599999904632568,26,337,PRY,28680,242,265,140784,29175,Under 36 years old,Urban,Men,Paraguay,2005
6.699999809265137,26,337,PRY,28680,242,266,140784,29175,Under 36 years old,Urban,Women,Paraguay,2005
7.199999809265137,26,337,PRY,28680,242,146,140786,29175,Total,Urban,Both sexes,Paraguay,2005
7.699999809265137,26,337,PRY,28680,242,265,140786,29175,Total,Urban,Men,Paraguay,2005
6.699999809265137,26,337,PRY,28680,242,266,140786,29175,Total,Urban,Women,Paraguay,2005
1.5,26,337,PRY,28681,242,146,140785,29176,36 years and older,National,Both sexes,Paraguay,2006
1.399999976158142,26,337,PRY,28681,242,265,140785,29176,36 years and older,National,Men,Paraguay,2006
1.600000023841858,26,337,PRY,28681,242,266,140785,29176,36 years and older,National,Women,Paraguay,2006
1,26,337,PRY,28681,242,146,140784,29176,Under 36 years old,National,Both sexes,Paraguay,2006
1.100000023841858,26,337,PRY,28681,242,265,140784,29176,Under 36 years old,National,Men,Paraguay,2006
0.800000011920929,26,337,PRY,28681,242,266,140784,29176,Under 36 years old,National,Women,Paraguay,2006
1.100000023841858,26,337,PRY,28681,242,146,140786,29176,Total,National,Both sexes,Paraguay,2006
1.2000000476837158,26,337,PRY,28681,242,265,140786,29176,Total,National,Men,Paraguay,2006
1.100000023841858,26,337,PRY,28681,242,266,140786,29176,Total,National,Women,Paraguay,2006
1.399999976158142,26,337,PRY,28679,242,146,140785,29176,36 years and older,Rural,Both sexes,Paraguay,2006
1.2999999523162842,26,337,PRY,28679,242,265,140785,29176,36 years and older,Rural,Men,Paraguay,2006
1.5,26,337,PRY,28679,242,266,140785,29176,36 years and older,Rural,Women,Paraguay,2006
0.699999988079071,26,337,PRY,28679,242,146,140784,29176,Under 36 years old,Rural,Both sexes,Paraguay,2006
0.800000011920929,26,337,PRY,28679,242,265,140784,29176,Under 36 years old,Rural,Men,Paraguay,2006
0.6000000238418579,26,337,PRY,28679,242,266,140784,29176,Under 36 years old,Rural,Women,Paraguay,2006
0.8999999761581421,26,337,PRY,28679,242,146,140786,29176,Total,Rural,Both sexes,Paraguay,2006
1,26,337,PRY,28679,242,265,140786,29176,Total,Rural,Men,Paraguay,2006
0.8999999761581421,26,337,PRY,28679,242,266,140786,29176,Total,Rural,Women,Paraguay,2006
2.799999952316284,26,337,PRY,28680,242,146,140785,29176,36 years and older,Urban,Both sexes,Paraguay,2006
3,26,337,PRY,28680,242,265,140785,29176,36 years and older,Urban,Men,Paraguay,2006
2.5,26,337,PRY,28680,242,266,140785,29176,36 years and older,Urban,Women,Paraguay,2006
4,26,337,PRY,28680,242,146,140784,29176,Under 36 years old,Urban,Both sexes,Paraguay,2006
4.400000095367432,26,337,PRY,28680,242,265,140784,29176,Under 36 years old,Urban,Men,Paraguay,2006
3.700000047683716,26,337,PRY,28680,242,266,140784,29176,Under 36 years old,Urban,Women,Paraguay,2006
3.5,26,337,PRY,28680,242,146,140786,29176,Total,Urban,Both sexes,Paraguay,2006
3.799999952316284,26,337,PRY,28680,242,265,140786,29176,Total,Urban,Men,Paraguay,2006
3.200000047683716,26,337,PRY,28680,242,266,140786,29176,Total,Urban,Women,Paraguay,2006
2.700000047683716,26,337,PRY,28681,242,146,140785,29177,36 years and older,National,Both sexes,Paraguay,2007
2.4000000953674316,26,337,PRY,28681,242,265,140785,29177,36 years and older,National,Men,Paraguay,2007
2.9000000953674316,26,337,PRY,28681,242,266,140785,29177,36 years and older,National,Women,Paraguay,2007
2.4000000953674316,26,337,PRY,28681,242,146,140784,29177,Under 36 years old,National,Both sexes,Paraguay,2007
2.4000000953674316,26,337,PRY,28681,242,265,140784,29177,Under 36 years old,National,Men,Paraguay,2007
2.4000000953674316,26,337,PRY,28681,242,266,140784,29177,Under 36 years old,National,Women,Paraguay,2007
2.5,26,337,PRY,28681,242,146,140786,29177,Total,National,Both sexes,Paraguay,2007
2.4000000953674316,26,337,PRY,28681,242,265,140786,29177,Total,National,Men,Paraguay,2007
2.5,26,337,PRY,28681,242,266,140786,29177,Total,National,Women,Paraguay,2007
2.299999952316284,26,337,PRY,28679,242,146,140785,29177,36 years and older,Rural,Both sexes,Paraguay,2007
2,26,337,PRY,28679,242,265,140785,29177,36 years and older,Rural,Men,Paraguay,2007
2.5999999046325684,26,337,PRY,28679,242,266,140785,29177,36 years and older,Rural,Women,Paraguay,2007
1.7999999523162842,26,337,PRY,28679,242,146,140784,29177,Under 36 years old,Rural,Both sexes,Paraguay,2007
1.899999976158142,26,337,PRY,28679,242,265,140784,29177,Under 36 years old,Rural,Men,Paraguay,2007
1.7999999523162842,26,337,PRY,28679,242,266,140784,29177,Under 36 years old,Rural,Women,Paraguay,2007
2,26,337,PRY,28679,242,146,140786,29177,Total,Rural,Both sexes,Paraguay,2007
1.899999976158142,26,337,PRY,28679,242,265,140786,29177,Total,Rural,Men,Paraguay,2007
2,26,337,PRY,28679,242,266,140786,29177,Total,Rural,Women,Paraguay,2007
5.400000095367432,26,337,PRY,28680,242,146,140785,29177,36 years and older,Urban,Both sexes,Paraguay,2007
5.699999809265137,26,337,PRY,28680,242,265,140785,29177,36 years and older,Urban,Men,Paraguay,2007
5.199999809265137,26,337,PRY,28680,242,266,140785,29177,36 years and older,Urban,Women,Paraguay,2007
7.300000190734863,26,337,PRY,28680,242,146,140784,29177,Under 36 years old,Urban,Both sexes,Paraguay,2007
6.900000095367432,26,337,PRY,28680,242,265,140784,29177,Under 36 years old,Urban,Men,Paraguay,2007
7.800000190734863,26,337,PRY,28680,242,266,140784,29177,Under 36 years old,Urban,Women,Paraguay,2007
6.599999904632568,26,337,PRY,28680,242,146,140786,29177,Total,Urban,Both sexes,Paraguay,2007
6.5,26,337,PRY,28680,242,265,140786,29177,Total,Urban,Men,Paraguay,2007
6.800000190734863,26,337,PRY,28680,242,266,140786,29177,Total,Urban,Women,Paraguay,2007
2.700000047683716,26,337,PRY,28681,242,146,140785,29178,36 years and older,National,Both sexes,Paraguay,2008
2.5,26,337,PRY,28681,242,265,140785,29178,36 years and older,National,Men,Paraguay,2008
2.799999952316284,26,337,PRY,28681,242,266,140785,29178,36 years and older,National,Women,Paraguay,2008
2.5,26,337,PRY,28681,242,146,140784,29178,Under 36 years old,National,Both sexes,Paraguay,2008
2.200000047683716,26,337,PRY,28681,242,265,140784,29178,Under 36 years old,National,Men,Paraguay,2008
2.700000047683716,26,337,PRY,28681,242,266,140784,29178,Under 36 years old,National,Women,Paraguay,2008
2.5,26,337,PRY,28681,242,146,140786,29178,Total,National,Both sexes,Paraguay,2008
2.299999952316284,26,337,PRY,28681,242,265,140786,29178,Total,National,Men,Paraguay,2008
2.799999952316284,26,337,PRY,28681,242,266,140786,29178,Total,National,Women,Paraguay,2008
2.200000047683716,26,337,PRY,28679,242,146,140785,29178,36 years and older,Rural,Both sexes,Paraguay,2008
2.0999999046325684,26,337,PRY,28679,242,265,140785,29178,36 years and older,Rural,Men,Paraguay,2008
2.200000047683716,26,337,PRY,28679,242,266,140785,29178,36 years and older,Rural,Women,Paraguay,2008
1.7999999523162842,26,337,PRY,28679,242,146,140784,29178,Under 36 years old,Rural,Both sexes,Paraguay,2008
1.7000000476837158,26,337,PRY,28679,242,265,140784,29178,Under 36 years old,Rural,Men,Paraguay,2008
1.7999999523162842,26,337,PRY,28679,242,266,140784,29178,Under 36 years old,Rural,Women,Paraguay,2008
1.899999976158142,26,337,PRY,28679,242,146,140786,29178,Total,Rural,Both sexes,Paraguay,2008
1.899999976158142,26,337,PRY,28679,242,265,140786,29178,Total,Rural,Men,Paraguay,2008
1.899999976158142,26,337,PRY,28679,242,266,140786,29178,Total,Rural,Women,Paraguay,2008
7,26,337,PRY,28680,242,146,140785,29178,36 years and older,Urban,Both sexes,Paraguay,2008
6.300000190734863,26,"337,13639",PRY,28680,242,265,140785,29178,36 years and older,Urban,Men,Paraguay,2008
7.800000190734863,26,"337,13639",PRY,28680,242,266,140785,29178,36 years and older,Urban,Women,Paraguay,2008
9.699999809265137,26,337,PRY,28680,242,146,140784,29178,Under 36 years old,Urban,Both sexes,Paraguay,2008
6.800000190734863,26,337,PRY,28680,242,265,140784,29178,Under 36 years old,Urban,Men,Paraguay,2008
13,26,337,PRY,28680,242,266,140784,29178,Under 36 years old,Urban,Women,Paraguay,2008
8.699999809265137,26,337,PRY,28680,242,146,140786,29178,Total,Urban,Both sexes,Paraguay,2008
6.599999904632568,26,337,PRY,28680,242,265,140786,29178,Total,Urban,Men,Paraguay,2008
11.100000381469727,26,337,PRY,28680,242,266,140786,29178,Total,Urban,Women,Paraguay,2008
4.599999904632568,26,337,PRY,28681,242,146,140785,29179,36 years and older,National,Both sexes,Paraguay,2009
4.300000190734863,26,337,PRY,28681,242,265,140785,29179,36 years and older,National,Men,Paraguay,2009
5,26,337,PRY,28681,242,266,140785,29179,36 years and older,National,Women,Paraguay,2009
3.5999999046325684,26,337,PRY,28681,242,146,140784,29179,Under 36 years old,National,Both sexes,Paraguay,2009
3.799999952316284,26,337,PRY,28681,242,265,140784,29179,Under 36 years old,National,Men,Paraguay,2009
3.4000000953674316,26,337,PRY,28681,242,266,140784,29179,Under 36 years old,National,Women,Paraguay,2009
3.9000000953674316,26,337,PRY,28681,242,146,140786,29179,Total,National,Both sexes,Paraguay,2009
4,26,337,PRY,28681,242,265,140786,29179,Total,National,Men,Paraguay,2009
3.9000000953674316,26,337,PRY,28681,242,266,140786,29179,Total,National,Women,Paraguay,2009
4.099999904632568,26,337,PRY,28679,242,146,140785,29179,36 years and older,Rural,Both sexes,Paraguay,2009
3.799999952316284,26,337,PRY,28679,242,265,140785,29179,36 years and older,Rural,Men,Paraguay,2009
4.400000095367432,26,337,PRY,28679,242,266,140785,29179,36 years and older,Rural,Women,Paraguay,2009
3.0999999046325684,26,337,PRY,28679,242,146,140784,29179,Under 36 years old,Rural,Both sexes,Paraguay,2009
3.200000047683716,26,337,PRY,28679,242,265,140784,29179,Under 36 years old,Rural,Men,Paraguay,2009
3,26,337,PRY,28679,242,266,140784,29179,Under 36 years old,Rural,Women,Paraguay,2009
3.4000000953674316,26,337,PRY,28679,242,146,140786,29179,Total,Rural,Both sexes,Paraguay,2009
3.4000000953674316,26,337,PRY,28679,242,265,140786,29179,Total,Rural,Men,Paraguay,2009
3.5,26,337,PRY,28679,242,266,140786,29179,Total,Rural,Women,Paraguay,2009
9.300000190734863,26,337,PRY,28680,242,146,140785,29179,36 years and older,Urban,Both sexes,Paraguay,2009
8.699999809265137,26,"337,13639",PRY,28680,242,265,140785,29179,36 years and older,Urban,Men,Paraguay,2009
10.100000381469727,26,"337,13639",PRY,28680,242,266,140785,29179,36 years and older,Urban,Women,Paraguay,2009
9.399999618530273,26,337,PRY,28680,242,146,140784,29179,Under 36 years old,Urban,Both sexes,Paraguay,2009
10.899999618530273,26,337,PRY,28680,242,265,140784,29179,Under 36 years old,Urban,Men,Paraguay,2009
7.699999809265137,26,337,PRY,28680,242,266,140784,29179,Under 36 years old,Urban,Women,Paraguay,2009
9.399999618530273,26,337,PRY,28680,242,146,140786,29179,Total,Urban,Both sexes,Paraguay,2009
10.100000381469727,26,337,PRY,28680,242,265,140786,29179,Total,Urban,Men,Paraguay,2009
8.5,26,337,PRY,28680,242,266,140786,29179,Total,Urban,Women,Paraguay,2009
5.5,26,337,PRY,28681,242,146,140785,29180,36 years and older,National,Both sexes,Paraguay,2010
5.599999904632568,26,337,PRY,28681,242,265,140785,29180,36 years and older,National,Men,Paraguay,2010
5.400000095367432,26,337,PRY,28681,242,266,140785,29180,36 years and older,National,Women,Paraguay,2010
4.300000190734863,26,337,PRY,28681,242,146,140784,29180,Under 36 years old,National,Both sexes,Paraguay,2010
3.9000000953674316,26,337,PRY,28681,242,265,140784,29180,Under 36 years old,National,Men,Paraguay,2010
4.699999809265137,26,337,PRY,28681,242,266,140784,29180,Under 36 years old,National,Women,Paraguay,2010
4.699999809265137,26,337,PRY,28681,242,146,140786,29180,Total,National,Both sexes,Paraguay,2010
4.5,26,337,PRY,28681,242,265,140786,29180,Total,National,Men,Paraguay,2010
4.900000095367432,26,337,PRY,28681,242,266,140786,29180,Total,National,Women,Paraguay,2010
2.9000000953674316,26,337,PRY,28679,242,146,140785,29180,36 years and older,Rural,Both sexes,Paraguay,2010
3.200000047683716,26,337,PRY,28679,242,265,140785,29180,36 years and older,Rural,Men,Paraguay,2010
2.5999999046325684,26,337,PRY,28679,242,266,140785,29180,36 years and older,Rural,Women,Paraguay,2010
2.5999999046325684,26,337,PRY,28679,242,146,140784,29180,Under 36 years old,Rural,Both sexes,Paraguay,2010
2.299999952316284,26,337,PRY,28679,242,265,140784,29180,Under 36 years old,Rural,Men,Paraguay,2010
2.9000000953674316,26,337,PRY,28679,242,266,140784,29180,Under 36 years old,Rural,Women,Paraguay,2010
2.700000047683716,26,337,PRY,28679,242,146,140786,29180,Total,Rural,Both sexes,Paraguay,2010
2.5999999046325684,26,337,PRY,28679,242,265,140786,29180,Total,Rural,Men,Paraguay,2010
2.799999952316284,26,337,PRY,28679,242,266,140786,29180,Total,Rural,Women,Paraguay,2010
27.299999237060547,26,337,PRY,28680,242,146,140785,29180,36 years and older,Urban,Both sexes,Paraguay,2010
26.399999618530273,26,337,PRY,28680,242,265,140785,29180,36 years and older,Urban,Men,Paraguay,2010
28.399999618530273,26,337,PRY,28680,242,266,140785,29180,36 years and older,Urban,Women,Paraguay,2010
22.200000762939453,26,337,PRY,28680,242,146,140784,29180,Under 36 years old,Urban,Both sexes,Paraguay,2010
20.899999618530273,26,337,PRY,28680,242,265,140784,29180,Under 36 years old,Urban,Men,Paraguay,2010
23.600000381469727,26,337,PRY,28680,242,266,140784,29180,Under 36 years old,Urban,Women,Paraguay,2010
24,26,337,PRY,28680,242,146,140786,29180,Total,Urban,Both sexes,Paraguay,2010
22.899999618530273,26,337,PRY,28680,242,265,140786,29180,Total,Urban,Men,Paraguay,2010
25.299999237060547,26,337,PRY,28680,242,266,140786,29180,Total,Urban,Women,Paraguay,2010
8.5,26,337,PRY,28681,242,146,140785,29181,36 years and older,National,Both sexes,Paraguay,2011
7.699999809265137,26,337,PRY,28681,242,265,140785,29181,36 years and older,National,Men,Paraguay,2011
9.399999618530273,26,337,PRY,28681,242,266,140785,29181,36 years and older,National,Women,Paraguay,2011
7.900000095367432,26,337,PRY,28681,242,146,140784,29181,Under 36 years old,National,Both sexes,Paraguay,2011
7.400000095367432,26,337,PRY,28681,242,265,140784,29181,Under 36 years old,National,Men,Paraguay,2011
8.300000190734863,26,337,PRY,28681,242,266,140784,29181,Under 36 years old,National,Women,Paraguay,2011
8.100000381469727,26,337,PRY,28681,242,146,140786,29181,Total,National,Both sexes,Paraguay,2011
7.5,26,337,PRY,28681,242,265,140786,29181,Total,National,Men,Paraguay,2011
8.699999809265137,26,337,PRY,28681,242,266,140786,29181,Total,National,Women,Paraguay,2011
7,26,337,PRY,28679,242,146,140785,29181,36 years and older,Rural,Both sexes,Paraguay,2011
6.5,26,337,PRY,28679,242,265,140785,29181,36 years and older,Rural,Men,Paraguay,2011
7.599999904632568,26,337,PRY,28679,242,266,140785,29181,36 years and older,Rural,Women,Paraguay,2011
6.300000190734863,26,337,PRY,28679,242,146,140784,29181,Under 36 years old,Rural,Both sexes,Paraguay,2011
6.199999809265137,26,337,PRY,28679,242,265,140784,29181,Under 36 years old,Rural,Men,Paraguay,2011
6.400000095367432,26,337,PRY,28679,242,266,140784,29181,Under 36 years old,Rural,Women,Paraguay,2011
6.5,26,337,PRY,28679,242,146,140786,29181,Total,Rural,Both sexes,Paraguay,2011
6.300000190734863,26,337,PRY,28679,242,265,140786,29181,Total,Rural,Men,Paraguay,2011
6.699999809265137,26,337,PRY,28679,242,266,140786,29181,Total,Rural,Women,Paraguay,2011
19.399999618530273,26,337,PRY,28680,242,146,140785,29181,36 years and older,Urban,Both sexes,Paraguay,2011
17.700000762939453,26,337,PRY,28680,242,265,140785,29181,36 years and older,Urban,Men,Paraguay,2011
21,26,"337,13639",PRY,28680,242,266,140785,29181,36 years and older,Urban,Women,Paraguay,2011
22.799999237060547,26,337,PRY,28680,242,146,140784,29181,Under 36 years old,Urban,Both sexes,Paraguay,2011
19,26,337,PRY,28680,242,265,140784,29181,Under 36 years old,Urban,Men,Paraguay,2011
26.899999618530273,26,337,PRY,28680,242,266,140784,29181,Under 36 years old,Urban,Women,Paraguay,2011
21.5,26,337,PRY,28680,242,146,140786,29181,Total,Urban,Both sexes,Paraguay,2011
18.5,26,337,PRY,28680,242,265,140786,29181,Total,Urban,Men,Paraguay,2011
24.5,26,337,PRY,28680,242,266,140786,29181,Total,Urban,Women,Paraguay,2011
8.100000381469727,26,337,PRY,28681,242,146,140785,29182,36 years and older,National,Both sexes,Paraguay,2012
7.400000095367432,26,337,PRY,28681,242,265,140785,29182,36 years and older,National,Men,Paraguay,2012
8.899999618530273,26,337,PRY,28681,242,266,140785,29182,36 years and older,National,Women,Paraguay,2012
5,26,337,PRY,28681,242,146,140784,29182,Under 36 years old,National,Both sexes,Paraguay,2012
4.5,26,337,PRY,28681,242,265,140784,29182,Under 36 years old,National,Men,Paraguay,2012
5.599999904632568,26,337,PRY,28681,242,266,140784,29182,Under 36 years old,National,Women,Paraguay,2012
6.099999904632568,26,337,PRY,28681,242,146,140786,29182,Total,National,Both sexes,Paraguay,2012
5.5,26,337,PRY,28681,242,265,140786,29182,Total,National,Men,Paraguay,2012
6.699999809265137,26,337,PRY,28681,242,266,140786,29182,Total,National,Women,Paraguay,2012
5.5,26,337,PRY,28679,242,146,140785,29182,36 years and older,Rural,Both sexes,Paraguay,2012
5.300000190734863,26,337,PRY,28679,242,265,140785,29182,36 years and older,Rural,Men,Paraguay,2012
5.800000190734863,26,337,PRY,28679,242,266,140785,29182,36 years and older,Rural,Women,Paraguay,2012
3.4000000953674316,26,337,PRY,28679,242,146,140784,29182,Under 36 years old,Rural,Both sexes,Paraguay,2012
3.0999999046325684,26,337,PRY,28679,242,265,140784,29182,Under 36 years old,Rural,Men,Paraguay,2012
3.799999952316284,26,337,PRY,28679,242,266,140784,29182,Under 36 years old,Rural,Women,Paraguay,2012
4.099999904632568,26,337,PRY,28679,242,146,140786,29182,Total,Rural,Both sexes,Paraguay,2012
3.799999952316284,26,337,PRY,28679,242,265,140786,29182,Total,Rural,Men,Paraguay,2012
4.400000095367432,26,337,PRY,28679,242,266,140786,29182,Total,Rural,Women,Paraguay,2012
25.799999237060547,26,337,PRY,28680,242,146,140785,29182,36 years and older,Urban,Both sexes,Paraguay,2012
23.399999618530273,26,337,PRY,28680,242,265,140785,29182,36 years and older,Urban,Men,Paraguay,2012
28,26,337,PRY,28680,242,266,140785,29182,36 years and older,Urban,Women,Paraguay,2012
22.200000762939453,26,337,PRY,28680,242,146,140784,29182,Under 36 years old,Urban,Both sexes,Paraguay,2012
20.600000381469727,26,"337,13639",PRY,28680,242,265,140784,29182,Under 36 years old,Urban,Men,Paraguay,2012
23.799999237060547,26,337,PRY,28680,242,266,140784,29182,Under 36 years old,Urban,Women,Paraguay,2012
23.799999237060547,26,337,PRY,28680,242,146,140786,29182,Total,Urban,Both sexes,Paraguay,2012
21.799999237060547,26,337,PRY,28680,242,265,140786,29182,Total,Urban,Men,Paraguay,2012
25.700000762939453,26,337,PRY,28680,242,266,140786,29182,Total,Urban,Women,Paraguay,2012
9.199999809265137,26,337,PRY,28681,242,146,140785,29183,36 years and older,National,Both sexes,Paraguay,2013
8,26,337,PRY,28681,242,265,140785,29183,36 years and older,National,Men,Paraguay,2013
10.800000190734863,26,337,PRY,28681,242,266,140785,29183,36 years and older,National,Women,Paraguay,2013
9.199999809265137,26,337,PRY,28681,242,146,140784,29183,Under 36 years old,National,Both sexes,Paraguay,2013
8.699999809265137,26,337,PRY,28681,242,265,140784,29183,Under 36 years old,National,Men,Paraguay,2013
9.800000190734863,26,337,PRY,28681,242,266,140784,29183,Under 36 years old,National,Women,Paraguay,2013
9.199999809265137,26,337,PRY,28681,242,146,140786,29183,Total,National,Both sexes,Paraguay,2013
8.399999618530273,26,337,PRY,28681,242,265,140786,29183,Total,National,Men,Paraguay,2013
10.199999809265137,26,337,PRY,28681,242,266,140786,29183,Total,National,Women,Paraguay,2013
7.199999809265137,26,337,PRY,28679,242,146,140785,29183,36 years and older,Rural,Both sexes,Paraguay,2013
6.400000095367432,26,337,PRY,28679,242,265,140785,29183,36 years and older,Rural,Men,Paraguay,2013
8.100000381469727,26,337,PRY,28679,242,266,140785,29183,36 years and older,Rural,Women,Paraguay,2013
7.099999904632568,26,337,PRY,28679,242,146,140784,29183,Under 36 years old,Rural,Both sexes,Paraguay,2013
6.900000095367432,26,337,PRY,28679,242,265,140784,29183,Under 36 years old,Rural,Men,Paraguay,2013
7.5,26,337,PRY,28679,242,266,140784,29183,Under 36 years old,Rural,Women,Paraguay,2013
7.099999904632568,26,337,PRY,28679,242,146,140786,29183,Total,Rural,Both sexes,Paraguay,2013
6.699999809265137,26,337,PRY,28679,242,265,140786,29183,Total,Rural,Men,Paraguay,2013
7.699999809265137,26,337,PRY,28679,242,266,140786,29183,Total,Rural,Women,Paraguay,2013
24.899999618530273,26,337,PRY,28680,242,146,140785,29183,36 years and older,Urban,Both sexes,Paraguay,2013
21.100000381469727,26,"337,13639",PRY,28680,242,265,140785,29183,36 years and older,Urban,Men,Paraguay,2013
29.100000381469727,26,337,PRY,28680,242,266,140785,29183,36 years and older,Urban,Women,Paraguay,2013
31.200000762939453,26,337,PRY,28680,242,146,140784,29183,Under 36 years old,Urban,Both sexes,Paraguay,2013
28.600000381469727,26,337,PRY,28680,242,265,140784,29183,Under 36 years old,Urban,Men,Paraguay,2013
33.79999923706055,26,337,PRY,28680,242,266,140784,29183,Under 36 years old,Urban,Women,Paraguay,2013
28.600000381469727,26,337,PRY,28680,242,146,140786,29183,Total,Urban,Both sexes,Paraguay,2013
25.299999237060547,26,337,PRY,28680,242,265,140786,29183,Total,Urban,Men,Paraguay,2013
31.899999618530273,26,337,PRY,28680,242,266,140786,29183,Total,Urban,Women,Paraguay,2013
9,26,337,PRY,28681,242,146,140785,29184,36 years and older,National,Both sexes,Paraguay,2014
8.899999618530273,26,337,PRY,28681,242,265,140785,29184,36 years and older,National,Men,Paraguay,2014
9,26,337,PRY,28681,242,266,140785,29184,36 years and older,National,Women,Paraguay,2014
7.599999904632568,26,337,PRY,28681,242,146,140784,29184,Under 36 years old,National,Both sexes,Paraguay,2014
6.900000095367432,26,337,PRY,28681,242,265,140784,29184,Under 36 years old,National,Men,Paraguay,2014
8.300000190734863,26,337,PRY,28681,242,266,140784,29184,Under 36 years old,National,Women,Paraguay,2014
8,26,337,PRY,28681,242,146,140786,29184,Total,National,Both sexes,Paraguay,2014
7.599999904632568,26,337,PRY,28681,242,265,140786,29184,Total,National,Men,Paraguay,2014
8.600000381469727,26,337,PRY,28681,242,266,140786,29184,Total,National,Women,Paraguay,2014
6.599999904632568,26,337,PRY,28679,242,146,140785,29184,36 years and older,Rural,Both sexes,Paraguay,2014
6.400000095367432,26,337,PRY,28679,242,265,140785,29184,36 years and older,Rural,Men,Paraguay,2014
7,26,337,PRY,28679,242,266,140785,29184,36 years and older,Rural,Women,Paraguay,2014
5.800000190734863,26,337,PRY,28679,242,146,140784,29184,Under 36 years old,Rural,Both sexes,Paraguay,2014
5.599999904632568,26,337,PRY,28679,242,265,140784,29184,Under 36 years old,Rural,Men,Paraguay,2014
6,26,337,PRY,28679,242,266,140784,29184,Under 36 years old,Rural,Women,Paraguay,2014
6.099999904632568,26,337,PRY,28679,242,146,140786,29184,Total,Rural,Both sexes,Paraguay,2014
5.900000095367432,26,337,PRY,28679,242,265,140786,29184,Total,Rural,Men,Paraguay,2014
6.300000190734863,26,337,PRY,28679,242,266,140786,29184,Total,Rural,Women,Paraguay,2014
28.899999618530273,26,337,PRY,28680,242,146,140785,29184,36 years and older,Urban,Both sexes,Paraguay,2014
32,26,337,PRY,28680,242,265,140785,29184,36 years and older,Urban,Men,Paraguay,2014
25.600000381469727,26,337,PRY,28680,242,266,140785,29184,36 years and older,Urban,Women,Paraguay,2014
29.899999618530273,26,337,PRY,28680,242,146,140784,29184,Under 36 years old,Urban,Both sexes,Paraguay,2014
24.100000381469727,26,337,PRY,28680,242,265,140784,29184,Under 36 years old,Urban,Men,Paraguay,2014
35.599998474121094,26,337,PRY,28680,242,266,140784,29184,Under 36 years old,Urban,Women,Paraguay,2014
29.5,26,337,PRY,28680,242,146,140786,29184,Total,Urban,Both sexes,Paraguay,2014
27.600000381469727,26,337,PRY,28680,242,265,140786,29184,Total,Urban,Men,Paraguay,2014
31.399999618530273,26,337,PRY,28680,242,266,140786,29184,Total,Urban,Women,Paraguay,2014
8.100000381469727,26,337,PRY,28681,242,146,140785,29185,36 years and older,National,Both sexes,Paraguay,2015
8.100000381469727,26,337,PRY,28681,242,265,140785,29185,36 years and older,National,Men,Paraguay,2015
8.100000381469727,26,337,PRY,28681,242,266,140785,29185,36 years and older,National,Women,Paraguay,2015
6.599999904632568,26,337,PRY,28681,242,146,140784,29185,Under 36 years old,National,Both sexes,Paraguay,2015
6.099999904632568,26,337,PRY,28681,242,265,140784,29185,Under 36 years old,National,Men,Paraguay,2015
7.099999904632568,26,337,PRY,28681,242,266,140784,29185,Under 36 years old,National,Women,Paraguay,2015
7.099999904632568,26,337,PRY,28681,242,146,140786,29185,Total,National,Both sexes,Paraguay,2015
6.800000190734863,26,337,PRY,28681,242,265,140786,29185,Total,National,Men,Paraguay,2015
7.5,26,337,PRY,28681,242,266,140786,29185,Total,National,Women,Paraguay,2015
5.300000190734863,26,337,PRY,28679,242,146,140785,29185,36 years and older,Rural,Both sexes,Paraguay,2015
5.599999904632568,26,337,PRY,28679,242,265,140785,29185,36 years and older,Rural,Men,Paraguay,2015
4.900000095367432,26,337,PRY,28679,242,266,140785,29185,36 years and older,Rural,Women,Paraguay,2015
4.400000095367432,26,337,PRY,28679,242,146,140784,29185,Under 36 years old,Rural,Both sexes,Paraguay,2015
3.799999952316284,26,337,PRY,28679,242,265,140784,29185,Under 36 years old,Rural,Men,Paraguay,2015
5.099999904632568,26,337,PRY,28679,242,266,140784,29185,Under 36 years old,Rural,Women,Paraguay,2015
4.699999809265137,26,337,PRY,28679,242,146,140786,29185,Total,Rural,Both sexes,Paraguay,2015
4.400000095367432,26,337,PRY,28679,242,265,140786,29185,Total,Rural,Men,Paraguay,2015
5,26,337,PRY,28679,242,266,140786,29185,Total,Rural,Women,Paraguay,2015
31.700000762939453,26,337,PRY,28680,242,146,140785,29185,36 years and older,Urban,Both sexes,Paraguay,2015
29.799999237060547,26,337,PRY,28680,242,265,140785,29185,36 years and older,Urban,Men,Paraguay,2015
33.900001525878906,26,337,PRY,28680,242,266,140785,29185,36 years and older,Urban,Women,Paraguay,2015
28.600000381469727,26,337,PRY,28680,242,146,140784,29185,Under 36 years old,Urban,Both sexes,Paraguay,2015
28.799999237060547,26,337,PRY,28680,242,265,140784,29185,Under 36 years old,Urban,Men,Paraguay,2015
28.299999237060547,26,337,PRY,28680,242,266,140784,29185,Under 36 years old,Urban,Women,Paraguay,2015
29.799999237060547,26,337,PRY,28680,242,146,140786,29185,Total,Urban,Both sexes,Paraguay,2015
29.200000762939453,26,337,PRY,28680,242,265,140786,29185,Total,Urban,Men,Paraguay,2015
30.600000381469727,26,337,PRY,28680,242,266,140786,29185,Total,Urban,Women,Paraguay,2015
8.300000190734863,26,337,PRY,28681,242,146,140785,29186,36 years and older,National,Both sexes,Paraguay,2016
7.5,26,337,PRY,28681,242,265,140785,29186,36 years and older,National,Men,Paraguay,2016
9.300000190734863,26,337,PRY,28681,242,266,140785,29186,36 years and older,National,Women,Paraguay,2016
7.900000095367432,26,337,PRY,28681,242,146,140784,29186,Under 36 years old,National,Both sexes,Paraguay,2016
8.199999809265137,26,337,PRY,28681,242,265,140784,29186,Under 36 years old,National,Men,Paraguay,2016
7.699999809265137,26,337,PRY,28681,242,266,140784,29186,Under 36 years old,National,Women,Paraguay,2016
8.100000381469727,26,337,PRY,28681,242,146,140786,29186,Total,National,Both sexes,Paraguay,2016
7.900000095367432,26,337,PRY,28681,242,265,140786,29186,Total,National,Men,Paraguay,2016
8.300000190734863,26,337,PRY,28681,242,266,140786,29186,Total,National,Women,Paraguay,2016
5.800000190734863,26,337,PRY,28679,242,146,140785,29186,36 years and older,Rural,Both sexes,Paraguay,2016
5.199999809265137,26,337,PRY,28679,242,265,140785,29186,36 years and older,Rural,Men,Paraguay,2016
6.5,26,337,PRY,28679,242,266,140785,29186,36 years and older,Rural,Women,Paraguay,2016
5.400000095367432,26,337,PRY,28679,242,146,140784,29186,Under 36 years old,Rural,Both sexes,Paraguay,2016
5.699999809265137,26,337,PRY,28679,242,265,140784,29186,Under 36 years old,Rural,Men,Paraguay,2016
5,26,337,PRY,28679,242,266,140784,29186,Under 36 years old,Rural,Women,Paraguay,2016
5.5,26,337,PRY,28679,242,146,140786,29186,Total,Rural,Both sexes,Paraguay,2016
5.5,26,337,PRY,28679,242,265,140786,29186,Total,Rural,Men,Paraguay,2016
5.5,26,337,PRY,28679,242,266,140786,29186,Total,Rural,Women,Paraguay,2016
26.200000762939453,26,337,PRY,28680,242,146,140785,29186,36 years and older,Urban,Both sexes,Paraguay,2016
23.600000381469727,26,337,PRY,28680,242,265,140785,29186,36 years and older,Urban,Men,Paraguay,2016
29.399999618530273,26,337,PRY,28680,242,266,140785,29186,36 years and older,Urban,Women,Paraguay,2016
26.700000762939453,26,337,PRY,28680,242,146,140784,29186,Under 36 years old,Urban,Both sexes,Paraguay,2016
27.799999237060547,26,337,PRY,28680,242,265,140784,29186,Under 36 years old,Urban,Men,Paraguay,2016
25.600000381469727,26,337,PRY,28680,242,266,140784,29186,Under 36 years old,Urban,Women,Paraguay,2016
26.5,26,337,PRY,28680,242,146,140786,29186,Total,Urban,Both sexes,Paraguay,2016
26.100000381469727,26,337,PRY,28680,242,265,140786,29186,Total,Urban,Men,Paraguay,2016
27,26,337,PRY,28680,242,266,140786,29186,Total,Urban,Women,Paraguay,2016
7.800000190734863,26,16003,PRY,28681,242,146,140785,29187,36 years and older,National,Both sexes,Paraguay,2017
7.300000190734863,26,16003,PRY,28681,242,265,140785,29187,36 years and older,National,Men,Paraguay,2017
8.300000190734863,26,16003,PRY,28681,242,266,140785,29187,36 years and older,National,Women,Paraguay,2017
7.900000095367432,26,16003,PRY,28681,242,146,140784,29187,Under 36 years old,National,Both sexes,Paraguay,2017
7.5,26,16003,PRY,28681,242,265,140784,29187,Under 36 years old,National,Men,Paraguay,2017
8.399999618530273,26,16003,PRY,28681,242,266,140784,29187,Under 36 years old,National,Women,Paraguay,2017
7.900000095367432,26,16003,PRY,28681,242,146,140786,29187,Total,National,Both sexes,Paraguay,2017
7.400000095367432,26,16003,PRY,28681,242,265,140786,29187,Total,National,Men,Paraguay,2017
8.300000190734863,26,16003,PRY,28681,242,266,140786,29187,Total,National,Women,Paraguay,2017
5.699999809265137,26,16003,PRY,28679,242,146,140785,29187,36 years and older,Rural,Both sexes,Paraguay,2017
5.400000095367432,26,16003,PRY,28679,242,265,140785,29187,36 years and older,Rural,Men,Paraguay,2017
6.099999904632568,26,16003,PRY,28679,242,266,140785,29187,36 years and older,Rural,Women,Paraguay,2017
5.800000190734863,26,16003,PRY,28679,242,146,140784,29187,Under 36 years old,Rural,Both sexes,Paraguay,2017
5.599999904632568,26,16003,PRY,28679,242,265,140784,29187,Under 36 years old,Rural,Men,Paraguay,2017
6.099999904632568,26,16003,PRY,28679,242,266,140784,29187,Under 36 years old,Rural,Women,Paraguay,2017
5.800000190734863,26,16003,PRY,28679,242,146,140786,29187,Total,Rural,Both sexes,Paraguay,2017
5.5,26,16003,PRY,28679,242,265,140786,29187,Total,Rural,Men,Paraguay,2017
6.099999904632568,26,16003,PRY,28679,242,266,140786,29187,Total,Rural,Women,Paraguay,2017
27.799999237060547,26,16003,PRY,28680,242,146,140785,29187,36 years and older,Urban,Both sexes,Paraguay,2017
25.799999237060547,26,16003,PRY,28680,242,265,140785,29187,36 years and older,Urban,Men,Paraguay,2017
30.299999237060547,26,16003,PRY,28680,242,266,140785,29187,36 years and older,Urban,Women,Paraguay,2017
30.299999237060547,26,16003,PRY,28680,242,146,140784,29187,Under 36 years old,Urban,Both sexes,Paraguay,2017
27.399999618530273,26,16003,PRY,28680,242,265,140784,29187,Under 36 years old,Urban,Men,Paraguay,2017
33.70000076293945,26,16003,PRY,28680,242,266,140784,29187,Under 36 years old,Urban,Women,Paraguay,2017
29.299999237060547,26,16003,PRY,28680,242,146,140786,29187,Total,Urban,Both sexes,Paraguay,2017
26.700000762939453,26,16003,PRY,28680,242,265,140786,29187,Total,Urban,Men,Paraguay,2017
32.400001525878906,26,16003,PRY,28680,242,266,140786,29187,Total,Urban,Women,Paraguay,2017
8,26,16003,PRY,28681,242,146,140785,29188,36 years and older,National,Both sexes,Paraguay,2018
7.400000095367432,26,16003,PRY,28681,242,265,140785,29188,36 years and older,National,Men,Paraguay,2018
8.600000381469727,26,16003,PRY,28681,242,266,140785,29188,36 years and older,National,Women,Paraguay,2018
7,26,16003,PRY,28681,242,146,140784,29188,Under 36 years old,National,Both sexes,Paraguay,2018
6.400000095367432,26,16003,PRY,28681,242,265,140784,29188,Under 36 years old,National,Men,Paraguay,2018
7.699999809265137,26,16003,PRY,28681,242,266,140784,29188,Under 36 years old,National,Women,Paraguay,2018
7.400000095367432,26,16003,PRY,28681,242,146,140786,29188,Total,National,Both sexes,Paraguay,2018
6.800000190734863,26,16003,PRY,28681,242,265,140786,29188,Total,National,Men,Paraguay,2018
8.100000381469727,26,16003,PRY,28681,242,266,140786,29188,Total,National,Women,Paraguay,2018
6.699999809265137,26,16003,PRY,28679,242,146,140785,29188,36 years and older,Rural,Both sexes,Paraguay,2018
6.300000190734863,26,16003,PRY,28679,242,265,140785,29188,36 years and older,Rural,Men,Paraguay,2018
7.199999809265137,26,16003,PRY,28679,242,266,140785,29188,36 years and older,Rural,Women,Paraguay,2018
5.400000095367432,26,16003,PRY,28679,242,146,140784,29188,Under 36 years old,Rural,Both sexes,Paraguay,2018
5.199999809265137,26,16003,PRY,28679,242,265,140784,29188,Under 36 years old,Rural,Men,Paraguay,2018
5.699999809265137,26,16003,PRY,28679,242,266,140784,29188,Under 36 years old,Rural,Women,Paraguay,2018
5.900000095367432,26,16003,PRY,28679,242,146,140786,29188,Total,Rural,Both sexes,Paraguay,2018
5.599999904632568,26,16003,PRY,28679,242,265,140786,29188,Total,Rural,Men,Paraguay,2018
6.300000190734863,26,16003,PRY,28679,242,266,140786,29188,Total,Rural,Women,Paraguay,2018
16,26,16003,PRY,28680,242,146,140785,29188,36 years and older,Urban,Both sexes,Paraguay,2018
14.699999809265137,26,16003,PRY,28680,242,265,140785,29188,36 years and older,Urban,Men,Paraguay,2018
17.5,26,16003,PRY,28680,242,266,140785,29188,36 years and older,Urban,Women,Paraguay,2018
19.799999237060547,26,16003,PRY,28680,242,146,140784,29188,Under 36 years old,Urban,Both sexes,Paraguay,2018
17,26,16003,PRY,28680,242,265,140784,29188,Under 36 years old,Urban,Men,Paraguay,2018
22.399999618530273,26,16003,PRY,28680,242,266,140784,29188,Under 36 years old,Urban,Women,Paraguay,2018
18.100000381469727,26,16003,PRY,28680,242,146,140786,29188,Total,Urban,Both sexes,Paraguay,2018
15.899999618530273,26,16003,PRY,28680,242,265,140786,29188,Total,Urban,Men,Paraguay,2018
20.299999237060547,26,16003,PRY,28680,242,266,140786,29188,Total,Urban,Women,Paraguay,2018
8.100000381469727,26,16003,PRY,28681,242,146,140785,29189,36 years and older,National,Both sexes,Paraguay,2019
7.699999809265137,26,16003,PRY,28681,242,265,140785,29189,36 years and older,National,Men,Paraguay,2019
8.699999809265137,26,16003,PRY,28681,242,266,140785,29189,36 years and older,National,Women,Paraguay,2019
8.699999809265137,26,16003,PRY,28681,242,146,140784,29189,Under 36 years old,National,Both sexes,Paraguay,2019
8.199999809265137,26,16003,PRY,28681,242,265,140784,29189,Under 36 years old,National,Men,Paraguay,2019
9.199999809265137,26,16003,PRY,28681,242,266,140784,29189,Under 36 years old,National,Women,Paraguay,2019
8.5,26,16003,PRY,28681,242,146,140786,29189,Total,National,Both sexes,Paraguay,2019
8,26,16003,PRY,28681,242,265,140786,29189,Total,National,Men,Paraguay,2019
9,26,16003,PRY,28681,242,266,140786,29189,Total,National,Women,Paraguay,2019
6.599999904632568,26,16003,PRY,28679,242,146,140785,29189,36 years and older,Rural,Both sexes,Paraguay,2019
6.099999904632568,26,16003,PRY,28679,242,265,140785,29189,36 years and older,Rural,Men,Paraguay,2019
7.199999809265137,26,16003,PRY,28679,242,266,140785,29189,36 years and older,Rural,Women,Paraguay,2019
6.300000190734863,26,16003,PRY,28679,242,146,140784,29189,Under 36 years old,Rural,Both sexes,Paraguay,2019
5.699999809265137,26,16003,PRY,28679,242,265,140784,29189,Under 36 years old,Rural,Men,Paraguay,2019
7.099999904632568,26,16003,PRY,28679,242,266,140784,29189,Under 36 years old,Rural,Women,Paraguay,2019
6.400000095367432,26,16003,PRY,28679,242,146,140786,29189,Total,Rural,Both sexes,Paraguay,2019
5.800000190734863,26,16003,PRY,28679,242,265,140786,29189,Total,Rural,Men,Paraguay,2019
7.099999904632568,26,16003,PRY,28679,242,266,140786,29189,Total,Rural,Women,Paraguay,2019
20.299999237060547,26,"13639,16003",PRY,28680,242,146,140785,29189,36 years and older,Urban,Both sexes,Paraguay,2019
20.700000762939453,26,"13639,16003",PRY,28680,242,265,140785,29189,36 years and older,Urban,Men,Paraguay,2019
20,26,"13639,16003",PRY,28680,242,266,140785,29189,36 years and older,Urban,Women,Paraguay,2019
31.299999237060547,26,16003,PRY,28680,242,146,140784,29189,Under 36 years old,Urban,Both sexes,Paraguay,2019
41.400001525878906,26,"13639,16003",PRY,28680,242,265,140784,29189,Under 36 years old,Urban,Men,Paraguay,2019
24.799999237060547,26,16003,PRY,28680,242,266,140784,29189,Under 36 years old,Urban,Women,Paraguay,2019
26.5,26,16003,PRY,28680,242,146,140786,29189,Total,Urban,Both sexes,Paraguay,2019
30.799999237060547,26,16003,PRY,28680,242,265,140786,29189,Total,Urban,Men,Paraguay,2019
23,26,16003,PRY,28680,242,266,140786,29189,Total,Urban,Women,Paraguay,2019
9,26,16003,PRY,28681,242,146,140785,29190,36 years and older,National,Both sexes,Paraguay,2020
7.800000190734863,26,16003,PRY,28681,242,265,140785,29190,36 years and older,National,Men,Paraguay,2020
10.399999618530273,26,16003,PRY,28681,242,266,140785,29190,36 years and older,National,Women,Paraguay,2020
9.800000190734863,26,16003,PRY,28681,242,146,140784,29190,Under 36 years old,National,Both sexes,Paraguay,2020
9.199999809265137,26,16003,PRY,28681,242,265,140784,29190,Under 36 years old,National,Men,Paraguay,2020
10.399999618530273,26,16003,PRY,28681,242,266,140784,29190,Under 36 years old,National,Women,Paraguay,2020
9.5,26,16003,PRY,28681,242,146,140786,29190,Total,National,Both sexes,Paraguay,2020
8.699999809265137,26,16003,PRY,28681,242,265,140786,29190,Total,National,Men,Paraguay,2020
10.399999618530273,26,16003,PRY,28681,242,266,140786,29190,Total,National,Women,Paraguay,2020
7.800000190734863,26,16003,PRY,28679,242,146,140785,29190,36 years and older,Rural,Both sexes,Paraguay,2020
6.900000095367432,26,16003,PRY,28679,242,265,140785,29190,36 years and older,Rural,Men,Paraguay,2020
9,26,16003,PRY,28679,242,266,140785,29190,36 years and older,Rural,Women,Paraguay,2020
7.5,26,16003,PRY,28679,242,146,140784,29190,Under 36 years old,Rural,Both sexes,Paraguay,2020
7.199999809265137,26,16003,PRY,28679,242,265,140784,29190,Under 36 years old,Rural,Men,Paraguay,2020
7.900000095367432,26,16003,PRY,28679,242,266,140784,29190,Under 36 years old,Rural,Women,Paraguay,2020
7.699999809265137,26,16003,PRY,28679,242,146,140786,29190,Total,Rural,Both sexes,Paraguay,2020
7.099999904632568,26,16003,PRY,28679,242,265,140786,29190,Total,Rural,Men,Paraguay,2020
8.300000190734863,26,16003,PRY,28679,242,266,140786,29190,Total,Rural,Women,Paraguay,2020
18,26,16003,PRY,28680,242,146,140785,29190,36 years and older,Urban,Both sexes,Paraguay,2020
15.399999618530273,26,"13639,16003",PRY,28680,242,265,140785,29190,36 years and older,Urban,Men,Paraguay,2020
20.600000381469727,26,"13639,16003",PRY,28680,242,266,140785,29190,36 years and older,Urban,Women,Paraguay,2020
23.5,26,16003,PRY,28680,242,146,140784,29190,Under 36 years old,Urban,Both sexes,Paraguay,2020
22.299999237060547,26,16003,PRY,28680,242,265,140784,29190,Under 36 years old,Urban,Men,Paraguay,2020
24.799999237060547,26,16003,PRY,28680,242,266,140784,29190,Under 36 years old,Urban,Women,Paraguay,2020
21.600000381469727,26,16003,PRY,28680,242,146,140786,29190,Total,Urban,Both sexes,Paraguay,2020
19.899999618530273,26,16003,PRY,28680,242,265,140786,29190,Total,Urban,Men,Paraguay,2020
23.299999237060547,26,16003,PRY,28680,242,266,140786,29190,Total,Urban,Women,Paraguay,2020
10.5,26,16003,PRY,28681,242,146,140785,29191,36 years and older,National,Both sexes,Paraguay,2021
9.199999809265137,26,16003,PRY,28681,242,265,140785,29191,36 years and older,National,Men,Paraguay,2021
11.899999618530273,26,16003,PRY,28681,242,266,140785,29191,36 years and older,National,Women,Paraguay,2021
9.300000190734863,26,16003,PRY,28681,242,146,140784,29191,Under 36 years old,National,Both sexes,Paraguay,2021
9.600000381469727,26,16003,PRY,28681,242,265,140784,29191,Under 36 years old,National,Men,Paraguay,2021
8.899999618530273,26,16003,PRY,28681,242,266,140784,29191,Under 36 years old,National,Women,Paraguay,2021
9.699999809265137,26,16003,PRY,28681,242,146,140786,29191,Total,National,Both sexes,Paraguay,2021
9.399999618530273,26,16003,PRY,28681,242,265,140786,29191,Total,National,Men,Paraguay,2021
10.100000381469727,26,16003,PRY,28681,242,266,140786,29191,Total,National,Women,Paraguay,2021
7,26,16003,PRY,28679,242,146,140785,29191,36 years and older,Rural,Both sexes,Paraguay,2021
6,26,16003,PRY,28679,242,265,140785,29191,36 years and older,Rural,Men,Paraguay,2021
8.100000381469727,26,16003,PRY,28679,242,266,140785,29191,36 years and older,Rural,Women,Paraguay,2021
6.699999809265137,26,16003,PRY,28679,242,146,140784,29191,Under 36 years old,Rural,Both sexes,Paraguay,2021
6,26,16003,PRY,28679,242,265,140784,29191,Under 36 years old,Rural,Men,Paraguay,2021
7.5,26,16003,PRY,28679,242,266,140784,29191,Under 36 years old,Rural,Women,Paraguay,2021
6.800000190734863,26,16003,PRY,28679,242,146,140786,29191,Total,Rural,Both sexes,Paraguay,2021
6,26,16003,PRY,28679,242,265,140786,29191,Total,Rural,Men,Paraguay,2021
7.699999809265137,26,16003,PRY,28679,242,266,140786,29191,Total,Rural,Women,Paraguay,2021
33.099998474121094,26,16003,PRY,28680,242,146,140785,29191,36 years and older,Urban,Both sexes,Paraguay,2021
30.600000381469727,26,"13639,16003",PRY,28680,242,265,140785,29191,36 years and older,Urban,Men,Paraguay,2021
35.79999923706055,26,"13639,16003",PRY,28680,242,266,140785,29191,36 years and older,Urban,Women,Paraguay,2021
29.600000381469727,26,16003,PRY,28680,242,146,140784,29191,Under 36 years old,Urban,Both sexes,Paraguay,2021
34.79999923706055,26,16003,PRY,28680,242,265,140784,29191,Under 36 years old,Urban,Men,Paraguay,2021
21.899999618530273,26,"13639,16003",PRY,28680,242,266,140784,29191,Under 36 years old,Urban,Women,Paraguay,2021
31.100000381469727,26,16003,PRY,28680,242,146,140786,29191,Total,Urban,Both sexes,Paraguay,2021
33.099998474121094,26,16003,PRY,28680,242,265,140786,29191,Total,Urban,Men,Paraguay,2021
28.399999618530273,26,16003,PRY,28680,242,266,140786,29191,Total,Urban,Women,Paraguay,2021
10.300000190734863,26,16004,PRY,28681,242,146,140785,29192,36 years and older,National,Both sexes,Paraguay,2022
9.300000190734863,26,16004,PRY,28681,242,265,140785,29192,36 years and older,National,Men,Paraguay,2022
11.399999618530273,26,16004,PRY,28681,242,266,140785,29192,36 years and older,National,Women,Paraguay,2022
11.300000190734863,26,16004,PRY,28681,242,146,140784,29192,Under 36 years old,National,Both sexes,Paraguay,2022
10.399999618530273,26,16004,PRY,28681,242,265,140784,29192,Under 36 years old,National,Men,Paraguay,2022
12.199999809265137,26,16004,PRY,28681,242,266,140784,29192,Under 36 years old,National,Women,Paraguay,2022
10.800000190734863,26,16004,PRY,28681,242,146,140786,29192,Total,National,Both sexes,Paraguay,2022
10,26,16004,PRY,28681,242,265,140786,29192,Total,National,Men,Paraguay,2022
11.899999618530273,26,16004,PRY,28681,242,266,140786,29192,Total,National,Women,Paraguay,2022
7.900000095367432,26,16004,PRY,28679,242,146,140785,29192,36 years and older,Rural,Both sexes,Paraguay,2022
7.400000095367432,26,16004,PRY,28679,242,265,140785,29192,36 years and older,Rural,Men,Paraguay,2022
8.600000381469727,26,16004,PRY,28679,242,266,140785,29192,36 years and older,Rural,Women,Paraguay,2022
8.399999618530273,26,16004,PRY,28679,242,146,140784,29192,Under 36 years old,Rural,Both sexes,Paraguay,2022
8.100000381469727,26,16004,PRY,28679,242,265,140784,29192,Under 36 years old,Rural,Men,Paraguay,2022
8.899999618530273,26,16004,PRY,28679,242,266,140784,29192,Under 36 years old,Rural,Women,Paraguay,2022
8.199999809265137,26,16004,PRY,28679,242,146,140786,29192,Total,Rural,Both sexes,Paraguay,2022
7.800000190734863,26,16004,PRY,28679,242,265,140786,29192,Total,Rural,Men,Paraguay,2022
8.699999809265137,26,16004,PRY,28679,242,266,140786,29192,Total,Rural,Women,Paraguay,2022
27.5,26,16004,PRY,28680,242,146,140785,29192,36 years and older,Urban,Both sexes,Paraguay,2022
24.100000381469727,26,"13639,16004",PRY,28680,242,265,140785,29192,36 years and older,Urban,Men,Paraguay,2022
31.399999618530273,26,"13639,16004",PRY,28680,242,266,140785,29192,36 years and older,Urban,Women,Paraguay,2022
32.900001525878906,26,16004,PRY,28680,242,146,140784,29192,Under 36 years old,Urban,Both sexes,Paraguay,2022
30.799999237060547,26,"13639,16004",PRY,28680,242,265,140784,29192,Under 36 years old,Urban,Men,Paraguay,2022
35,26,16004,PRY,28680,242,266,140784,29192,Under 36 years old,Urban,Women,Paraguay,2022
30.5,26,16004,PRY,28680,242,146,140786,29192,Total,Urban,Both sexes,Paraguay,2022
27.600000381469727,26,16004,PRY,28680,242,265,140786,29192,Total,Urban,Men,Paraguay,2022
33.5,26,16004,PRY,28680,242,266,140786,29192,Total,Urban,Women,Paraguay,2022
9.699999809265137,26,16004,PRY,28681,242,146,140785,29193,36 years and older,National,Both sexes,Paraguay,2023
9.100000381469727,26,16004,PRY,28681,242,265,140785,29193,36 years and older,National,Men,Paraguay,2023
10.399999618530273,26,16004,PRY,28681,242,266,140785,29193,36 years and older,National,Women,Paraguay,2023
10.899999618530273,26,16004,PRY,28681,242,146,140784,29193,Under 36 years old,National,Both sexes,Paraguay,2023
9.399999618530273,26,16004,PRY,28681,242,265,140784,29193,Under 36 years old,National,Men,Paraguay,2023
12.699999809265137,26,16004,PRY,28681,242,266,140784,29193,Under 36 years old,National,Women,Paraguay,2023
10.399999618530273,26,16004,PRY,28681,242,146,140786,29193,Total,National,Both sexes,Paraguay,2023
9.300000190734863,26,16004,PRY,28681,242,265,140786,29193,Total,National,Men,Paraguay,2023
11.699999809265137,26,16004,PRY,28681,242,266,140786,29193,Total,National,Women,Paraguay,2023
6.699999809265137,26,16004,PRY,28679,242,146,140785,29193,36 years and older,Rural,Both sexes,Paraguay,2023
6.800000190734863,26,16004,PRY,28679,242,265,140785,29193,36 years and older,Rural,Men,Paraguay,2023
6.599999904632568,26,16004,PRY,28679,242,266,140785,29193,36 years and older,Rural,Women,Paraguay,2023
7.900000095367432,26,16004,PRY,28679,242,146,140784,29193,Under 36 years old,Rural,Both sexes,Paraguay,2023
7,26,16004,PRY,28679,242,265,140784,29193,Under 36 years old,Rural,Men,Paraguay,2023
8.800000190734863,26,16004,PRY,28679,242,266,140784,29193,Under 36 years old,Rural,Women,Paraguay,2023
7.400000095367432,26,16004,PRY,28679,242,146,140786,29193,Total,Rural,Both sexes,Paraguay,2023
6.900000095367432,26,16004,PRY,28679,242,265,140786,29193,Total,Rural,Men,Paraguay,2023
7.900000095367432,26,16004,PRY,28679,242,266,140786,29193,Total,Rural,Women,Paraguay,2023
35,26,16004,PRY,28680,242,146,140785,29193,36 years and older,Urban,Both sexes,Paraguay,2023
32.20000076293945,26,"13639,16004",PRY,28680,242,265,140785,29193,36 years and older,Urban,Men,Paraguay,2023
37.599998474121094,26,"13639,16004",PRY,28680,242,266,140785,29193,36 years and older,Urban,Women,Paraguay,2023
37,26,16004,PRY,28680,242,146,140784,29193,Under 36 years old,Urban,Both sexes,Paraguay,2023
31,26,"13639,16004",PRY,28680,242,265,140784,29193,Under 36 years old,Urban,Men,Paraguay,2023
42.79999923706055,26,"13639,16004",PRY,28680,242,266,140784,29193,Under 36 years old,Urban,Women,Paraguay,2023
36.099998474121094,26,16004,PRY,28680,242,146,140786,29193,Total,Urban,Both sexes,Paraguay,2023
31.5,26,16004,PRY,28680,242,265,140786,29193,Total,Urban,Men,Paraguay,2023
40.400001525878906,26,16004,PRY,28680,242,266,140786,29193,Total,Urban,Women,Paraguay,2023
9.899999618530273,26,16004,PRY,28681,242,146,140785,29194,36 years and older,National,Both sexes,Paraguay,2024
9.300000190734863,26,16004,PRY,28681,242,265,140785,29194,36 years and older,National,Men,Paraguay,2024
10.699999809265137,26,16004,PRY,28681,242,266,140785,29194,36 years and older,National,Women,Paraguay,2024
11.199999809265137,26,16004,PRY,28681,242,146,140784,29194,Under 36 years old,National,Both sexes,Paraguay,2024
10.300000190734863,26,16004,PRY,28681,242,265,140784,29194,Under 36 years old,National,Men,Paraguay,2024
12.100000381469727,26,16004,PRY,28681,242,266,140784,29194,Under 36 years old,National,Women,Paraguay,2024
10.600000381469727,26,16004,PRY,28681,242,146,140786,29194,Total,National,Both sexes,Paraguay,2024
9.800000190734863,26,16004,PRY,28681,242,265,140786,29194,Total,National,Men,Paraguay,2024
11.5,26,16004,PRY,28681,242,266,140786,29194,Total,National,Women,Paraguay,2024
7.099999904632568,26,16004,PRY,28679,242,146,140785,29194,36 years and older,Rural,Both sexes,Paraguay,2024
6.599999904632568,26,16004,PRY,28679,242,265,140785,29194,36 years and older,Rural,Men,Paraguay,2024
7.699999809265137,26,16004,PRY,28679,242,266,140785,29194,36 years and older,Rural,Women,Paraguay,2024
8.300000190734863,26,16004,PRY,28679,242,146,140784,29194,Under 36 years old,Rural,Both sexes,Paraguay,2024
7.900000095367432,26,16004,PRY,28679,242,265,140784,29194,Under 36 years old,Rural,Men,Paraguay,2024
8.699999809265137,26,16004,PRY,28679,242,266,140784,29194,Under 36 years old,Rural,Women,Paraguay,2024
7.800000190734863,26,16004,PRY,28679,242,146,140786,29194,Total,Rural,Both sexes,Paraguay,2024
7.300000190734863,26,16004,PRY,28679,242,265,140786,29194,Total,Rural,Men,Paraguay,2024
8.300000190734863,26,16004,PRY,28679,242,266,140786,29194,Total,Rural,Women,Paraguay,2024
31.799999237060547,26,16004,PRY,28680,242,146,140785,29194,36 years and older,Urban,Both sexes,Paraguay,2024
30.700000762939453,26,16004,PRY,28680,242,265,140785,29194,36 years and older,Urban,Men,Paraguay,2024
33.099998474121094,26,16004,PRY,28680,242,266,140785,29194,36 years and older,Urban,Women,Paraguay,2024
36.900001525878906,26,16004,PRY,28680,242,146,140784,29194,Under 36 years old,Urban,Both sexes,Paraguay,2024
31.899999618530273,26,16004,PRY,28680,242,265,140784,29194,Under 36 years old,Urban,Men,Paraguay,2024
41.900001525878906,26,16004,PRY,28680,242,266,140784,29194,Under 36 years old,Urban,Women,Paraguay,2024
34.5,26,16004,PRY,28680,242,146,140786,29194,Total,Urban,Both sexes,Paraguay,2024
31.299999237060547,26,16004,PRY,28680,242,265,140786,29194,Total,Urban,Men,Paraguay,2024
37.900001525878906,26,16004,PRY,28680,242,266,140786,29194,Total,Urban,Women,Paraguay,2024
0.4000000059604645,26,337,PER,28681,244,146,140785,29171,36 years and older,National,Both sexes,Peru,2001
0.4000000059604645,26,337,PER,28681,244,265,140785,29171,36 years and older,National,Men,Peru,2001
0.4000000059604645,26,337,PER,28681,244,266,140785,29171,36 years and older,National,Women,Peru,2001
0.20000000298023224,26,337,PER,28681,244,146,140784,29171,Under 36 years old,National,Both sexes,Peru,2001
0.20000000298023224,26,337,PER,28681,244,265,140784,29171,Under 36 years old,National,Men,Peru,2001
0.30000001192092896,26,337,PER,28681,244,266,140784,29171,Under 36 years old,National,Women,Peru,2001
0.30000001192092896,26,337,PER,28681,244,146,140786,29171,Total,National,Both sexes,Peru,2001
0.30000001192092896,26,337,PER,28681,244,265,140786,29171,Total,National,Men,Peru,2001
0.30000001192092896,26,337,PER,28681,244,266,140786,29171,Total,National,Women,Peru,2001
0.10000000149011612,26,337,PER,28679,244,266,140784,29171,Under 36 years old,Rural,Women,Peru,2001
0.10000000149011612,26,337,PER,28679,244,266,140786,29171,Total,Rural,Women,Peru,2001
1.399999976158142,26,337,PER,28680,244,146,140785,29171,36 years and older,Urban,Both sexes,Peru,2001
1.5,26,"337,13639",PER,28680,244,265,140785,29171,36 years and older,Urban,Men,Peru,2001
1.399999976158142,26,"337,13639",PER,28680,244,266,140785,29171,36 years and older,Urban,Women,Peru,2001
0.8999999761581421,26,337,PER,28680,244,146,140784,29171,Under 36 years old,Urban,Both sexes,Peru,2001
0.8999999761581421,26,337,PER,28680,244,265,140784,29171,Under 36 years old,Urban,Men,Peru,2001
0.8999999761581421,26,337,PER,28680,244,266,140784,29171,Under 36 years old,Urban,Women,Peru,2001
1.100000023841858,26,337,PER,28680,244,146,140786,29171,Total,Urban,Both sexes,Peru,2001
1.100000023841858,26,337,PER,28680,244,265,140786,29171,Total,Urban,Men,Peru,2001
1.100000023841858,26,337,PER,28680,244,266,140786,29171,Total,Urban,Women,Peru,2001
0.6000000238418579,26,337,PER,28681,244,146,140785,29172,36 years and older,National,Both sexes,Peru,2002
0.699999988079071,26,337,PER,28681,244,265,140785,29172,36 years and older,National,Men,Peru,2002
0.4000000059604645,26,337,PER,28681,244,266,140785,29172,36 years and older,National,Women,Peru,2002
0.4000000059604645,26,337,PER,28681,244,146,140784,29172,Under 36 years old,National,Both sexes,Peru,2002
0.30000001192092896,26,337,PER,28681,244,265,140784,29172,Under 36 years old,National,Men,Peru,2002
0.5,26,337,PER,28681,244,266,140784,29172,Under 36 years old,National,Women,Peru,2002
0.5,26,337,PER,28681,244,146,140786,29172,Total,National,Both sexes,Peru,2002
0.4000000059604645,26,337,PER,28681,244,265,140786,29172,Total,National,Men,Peru,2002
0.5,26,337,PER,28681,244,266,140786,29172,Total,National,Women,Peru,2002
2.200000047683716,26,337,PER,28680,244,146,140785,29172,36 years and older,Urban,Both sexes,Peru,2002
2.5999999046325684,26,"337,13639",PER,28680,244,265,140785,29172,36 years and older,Urban,Men,Peru,2002
1.7000000476837158,26,"337,13639",PER,28680,244,266,140785,29172,36 years and older,Urban,Women,Peru,2002
1.7999999523162842,26,337,PER,28680,244,146,140784,29172,Under 36 years old,Urban,Both sexes,Peru,2002
1.399999976158142,26,337,PER,28680,244,265,140784,29172,Under 36 years old,Urban,Men,Peru,2002
2.0999999046325684,26,337,PER,28680,244,266,140784,29172,Under 36 years old,Urban,Women,Peru,2002
1.899999976158142,26,337,PER,28680,244,146,140786,29172,Total,Urban,Both sexes,Peru,2002
1.899999976158142,26,337,PER,28680,244,265,140786,29172,Total,Urban,Men,Peru,2002
2,26,337,PER,28680,244,266,140786,29172,Total,Urban,Women,Peru,2002
1,26,8648,PER,28681,244,146,140785,29173,36 years and older,National,Both sexes,Peru,2003
1.100000023841858,26,8648,PER,28681,244,265,140785,29173,36 years and older,National,Men,Peru,2003
0.8999999761581421,26,8648,PER,28681,244,266,140785,29173,36 years and older,National,Women,Peru,2003
0.6000000238418579,26,8648,PER,28681,244,146,140784,29173,Under 36 years old,National,Both sexes,Peru,2003
0.6000000238418579,26,8648,PER,28681,244,265,140784,29173,Under 36 years old,National,Men,Peru,2003
0.6000000238418579,26,8648,PER,28681,244,266,140784,29173,Under 36 years old,National,Women,Peru,2003
0.699999988079071,26,8648,PER,28681,244,146,140786,29173,Total,National,Both sexes,Peru,2003
0.699999988079071,26,8648,PER,28681,244,265,140786,29173,Total,National,Men,Peru,2003
0.699999988079071,26,8648,PER,28681,244,266,140786,29173,Total,National,Women,Peru,2003
0.10000000149011612,26,8648,PER,28679,244,146,140785,29173,36 years and older,Rural,Both sexes,Peru,2003
0.10000000149011612,26,8648,PER,28679,244,265,140785,29173,36 years and older,Rural,Men,Peru,2003
0.10000000149011612,26,8648,PER,28679,244,266,140785,29173,36 years and older,Rural,Women,Peru,2003
0.10000000149011612,26,8648,PER,28679,244,265,140784,29173,Under 36 years old,Rural,Men,Peru,2003
0.10000000149011612,26,8648,PER,28679,244,265,140786,29173,Total,Rural,Men,Peru,2003
3.4000000953674316,26,"8648,13639",PER,28680,244,146,140785,29173,36 years and older,Urban,Both sexes,Peru,2003
3.700000047683716,26,"8648,13639",PER,28680,244,265,140785,29173,36 years and older,Urban,Men,Peru,2003
3,26,"8648,13639",PER,28680,244,266,140785,29173,36 years and older,Urban,Women,Peru,2003
2.0999999046325684,26,8648,PER,28680,244,146,140784,29173,Under 36 years old,Urban,Both sexes,Peru,2003
2.0999999046325684,26,"8648,13639",PER,28680,244,265,140784,29173,Under 36 years old,Urban,Men,Peru,2003
2.200000047683716,26,"8648,13639",PER,28680,244,266,140784,29173,Under 36 years old,Urban,Women,Peru,2003
2.5,26,8648,PER,28680,244,146,140786,29173,Total,Urban,Both sexes,Peru,2003
2.5999999046325684,26,8648,PER,28680,244,265,140786,29173,Total,Urban,Men,Peru,2003
2.5,26,8648,PER,28680,244,266,140786,29173,Total,Urban,Women,Peru,2003
1,26,8649,PER,28681,244,146,140785,29174,36 years and older,National,Both sexes,Peru,2004
1,26,8649,PER,28681,244,265,140785,29174,36 years and older,National,Men,Peru,2004
1,26,8649,PER,28681,244,266,140785,29174,36 years and older,National,Women,Peru,2004
0.8999999761581421,26,8649,PER,28681,244,146,140784,29174,Under 36 years old,National,Both sexes,Peru,2004
0.800000011920929,26,8649,PER,28681,244,265,140784,29174,Under 36 years old,National,Men,Peru,2004
0.8999999761581421,26,8649,PER,28681,244,266,140784,29174,Under 36 years old,National,Women,Peru,2004
0.8999999761581421,26,8649,PER,28681,244,146,140786,29174,Total,National,Both sexes,Peru,2004
0.8999999761581421,26,8649,PER,28681,244,265,140786,29174,Total,National,Men,Peru,2004
1,26,8649,PER,28681,244,266,140786,29174,Total,National,Women,Peru,2004
0.10000000149011612,26,8649,PER,28679,244,146,140785,29174,36 years and older,Rural,Both sexes,Peru,2004
0.10000000149011612,26,8649,PER,28679,244,265,140785,29174,36 years and older,Rural,Men,Peru,2004
0.10000000149011612,26,8649,PER,28679,244,266,140785,29174,36 years and older,Rural,Women,Peru,2004
0.10000000149011612,26,8649,PER,28679,244,146,140784,29174,Under 36 years old,Rural,Both sexes,Peru,2004
0.10000000149011612,26,8649,PER,28679,244,265,140784,29174,Under 36 years old,Rural,Men,Peru,2004
0.10000000149011612,26,8649,PER,28679,244,266,140784,29174,Under 36 years old,Rural,Women,Peru,2004
0.10000000149011612,26,8649,PER,28679,244,146,140786,29174,Total,Rural,Both sexes,Peru,2004
0.10000000149011612,26,8649,PER,28679,244,265,140786,29174,Total,Rural,Men,Peru,2004
0.10000000149011612,26,8649,PER,28679,244,266,140786,29174,Total,Rural,Women,Peru,2004
3.799999952316284,26,8649,PER,28680,244,146,140785,29174,36 years and older,Urban,Both sexes,Peru,2004
3.9000000953674316,26,"8649,13639",PER,28680,244,265,140785,29174,36 years and older,Urban,Men,Peru,2004
3.799999952316284,26,"8649,13639",PER,28680,244,266,140785,29174,36 years and older,Urban,Women,Peru,2004
3.4000000953674316,26,8649,PER,28680,244,146,140784,29174,Under 36 years old,Urban,Both sexes,Peru,2004
3.0999999046325684,26,8649,PER,28680,244,265,140784,29174,Under 36 years old,Urban,Men,Peru,2004
3.5999999046325684,26,8649,PER,28680,244,266,140784,29174,Under 36 years old,Urban,Women,Peru,2004
3.5,26,8649,PER,28680,244,146,140786,29174,Total,Urban,Both sexes,Peru,2004
3.4000000953674316,26,8649,PER,28680,244,265,140786,29174,Total,Urban,Men,Peru,2004
3.700000047683716,26,8649,PER,28680,244,266,140786,29174,Total,Urban,Women,Peru,2004
1.2999999523162842,26,8649,PER,28681,244,146,140785,29175,36 years and older,National,Both sexes,Peru,2005
1.2000000476837158,26,8649,PER,28681,244,265,140785,29175,36 years and older,National,Men,Peru,2005
1.399999976158142,26,8649,PER,28681,244,266,140785,29175,36 years and older,National,Women,Peru,2005
1,26,8649,PER,28681,244,146,140784,29175,Under 36 years old,National,Both sexes,Peru,2005
1.2000000476837158,26,8649,PER,28681,244,265,140784,29175,Under 36 years old,National,Men,Peru,2005
0.8999999761581421,26,8649,PER,28681,244,266,140784,29175,Under 36 years old,National,Women,Peru,2005
1.100000023841858,26,8649,PER,28681,244,146,140786,29175,Total,National,Both sexes,Peru,2005
1.2000000476837158,26,8649,PER,28681,244,265,140786,29175,Total,National,Men,Peru,2005
1.100000023841858,26,8649,PER,28681,244,266,140786,29175,Total,National,Women,Peru,2005
0.20000000298023224,26,8649,PER,28679,244,146,140785,29175,36 years and older,Rural,Both sexes,Peru,2005
0.20000000298023224,26,8649,PER,28679,244,265,140785,29175,36 years and older,Rural,Men,Peru,2005
0.20000000298023224,26,8649,PER,28679,244,266,140785,29175,36 years and older,Rural,Women,Peru,2005
0.10000000149011612,26,8649,PER,28679,244,146,140784,29175,Under 36 years old,Rural,Both sexes,Peru,2005
0.10000000149011612,26,8649,PER,28679,244,265,140784,29175,Under 36 years old,Rural,Men,Peru,2005
0.10000000149011612,26,8649,PER,28679,244,266,140784,29175,Under 36 years old,Rural,Women,Peru,2005
0.10000000149011612,26,8649,PER,28679,244,146,140786,29175,Total,Rural,Both sexes,Peru,2005
0.10000000149011612,26,8649,PER,28679,244,265,140786,29175,Total,Rural,Men,Peru,2005
0.10000000149011612,26,8649,PER,28679,244,266,140786,29175,Total,Rural,Women,Peru,2005
4.300000190734863,26,8649,PER,28680,244,146,140785,29175,36 years and older,Urban,Both sexes,Peru,2005
4.099999904632568,26,"8649,13639",PER,28680,244,265,140785,29175,36 years and older,Urban,Men,Peru,2005
4.599999904632568,26,"8649,13639",PER,28680,244,266,140785,29175,36 years and older,Urban,Women,Peru,2005
3.799999952316284,26,8649,PER,28680,244,146,140784,29175,Under 36 years old,Urban,Both sexes,Peru,2005
4.400000095367432,26,"8649,13639",PER,28680,244,265,140784,29175,Under 36 years old,Urban,Men,Peru,2005
3.299999952316284,26,"8649,13639",PER,28680,244,266,140784,29175,Under 36 years old,Urban,Women,Peru,2005
4,26,8649,PER,28680,244,146,140786,29175,Total,Urban,Both sexes,Peru,2005
4.300000190734863,26,8649,PER,28680,244,265,140786,29175,Total,Urban,Men,Peru,2005
3.700000047683716,26,8649,PER,28680,244,266,140786,29175,Total,Urban,Women,Peru,2005
1.399999976158142,26,8649,PER,28681,244,146,140785,29176,36 years and older,National,Both sexes,Peru,2006
1.2999999523162842,26,8649,PER,28681,244,265,140785,29176,36 years and older,National,Men,Peru,2006
1.399999976158142,26,8649,PER,28681,244,266,140785,29176,36 years and older,National,Women,Peru,2006
1.2000000476837158,26,8649,PER,28681,244,146,140784,29176,Under 36 years old,National,Both sexes,Peru,2006
1.2999999523162842,26,8649,PER,28681,244,265,140784,29176,Under 36 years old,National,Men,Peru,2006
1.2000000476837158,26,8649,PER,28681,244,266,140784,29176,Under 36 years old,National,Women,Peru,2006
1.2999999523162842,26,8649,PER,28681,244,146,140786,29176,Total,National,Both sexes,Peru,2006
1.2999999523162842,26,8649,PER,28681,244,265,140786,29176,Total,National,Men,Peru,2006
1.2999999523162842,26,8649,PER,28681,244,266,140786,29176,Total,National,Women,Peru,2006
0.30000001192092896,26,8649,PER,28679,244,146,140785,29176,36 years and older,Rural,Both sexes,Peru,2006
0.30000001192092896,26,8649,PER,28679,244,265,140785,29176,36 years and older,Rural,Men,Peru,2006
0.4000000059604645,26,8649,PER,28679,244,266,140785,29176,36 years and older,Rural,Women,Peru,2006
0.30000001192092896,26,8649,PER,28679,244,146,140784,29176,Under 36 years old,Rural,Both sexes,Peru,2006
0.30000001192092896,26,8649,PER,28679,244,265,140784,29176,Under 36 years old,Rural,Men,Peru,2006
0.20000000298023224,26,8649,PER,28679,244,266,140784,29176,Under 36 years old,Rural,Women,Peru,2006
0.30000001192092896,26,8649,PER,28679,244,146,140786,29176,Total,Rural,Both sexes,Peru,2006
0.30000001192092896,26,8649,PER,28679,244,265,140786,29176,Total,Rural,Men,Peru,2006
0.30000001192092896,26,8649,PER,28679,244,266,140786,29176,Total,Rural,Women,Peru,2006
4.099999904632568,26,8649,PER,28680,244,146,140785,29176,36 years and older,Urban,Both sexes,Peru,2006
4,26,"8649,13639",PER,28680,244,265,140785,29176,36 years and older,Urban,Men,Peru,2006
4.199999809265137,26,"8649,13639",PER,28680,244,266,140785,29176,36 years and older,Urban,Women,Peru,2006
4.199999809265137,26,8649,PER,28680,244,146,140784,29176,Under 36 years old,Urban,Both sexes,Peru,2006
4.199999809265137,26,"8649,13639",PER,28680,244,265,140784,29176,Under 36 years old,Urban,Men,Peru,2006
4.199999809265137,26,"8649,13639",PER,28680,244,266,140784,29176,Under 36 years old,Urban,Women,Peru,2006
4.099999904632568,26,8649,PER,28680,244,146,140786,29176,Total,Urban,Both sexes,Peru,2006
4.099999904632568,26,8649,PER,28680,244,265,140786,29176,Total,Urban,Men,Peru,2006
4.199999809265137,26,8649,PER,28680,244,266,140786,29176,Total,Urban,Women,Peru,2006
2.799999952316284,26,8649,PER,28681,244,146,140785,29177,36 years and older,National,Both sexes,Peru,2007
2.799999952316284,26,8649,PER,28681,244,265,140785,29177,36 years and older,National,Men,Peru,2007
2.700000047683716,26,8649,PER,28681,244,266,140785,29177,36 years and older,National,Women,Peru,2007
2.0999999046325684,26,8649,PER,28681,244,146,140784,29177,Under 36 years old,National,Both sexes,Peru,2007
2.200000047683716,26,8649,PER,28681,244,265,140784,29177,Under 36 years old,National,Men,Peru,2007
2,26,8649,PER,28681,244,266,140784,29177,Under 36 years old,National,Women,Peru,2007
2.299999952316284,26,8649,PER,28681,244,146,140786,29177,Total,National,Both sexes,Peru,2007
2.4000000953674316,26,8649,PER,28681,244,265,140786,29177,Total,National,Men,Peru,2007
2.299999952316284,26,8649,PER,28681,244,266,140786,29177,Total,National,Women,Peru,2007
0.699999988079071,26,8649,PER,28679,244,146,140785,29177,36 years and older,Rural,Both sexes,Peru,2007
0.699999988079071,26,8649,PER,28679,244,265,140785,29177,36 years and older,Rural,Men,Peru,2007
0.699999988079071,26,8649,PER,28679,244,266,140785,29177,36 years and older,Rural,Women,Peru,2007
0.6000000238418579,26,8649,PER,28679,244,146,140784,29177,Under 36 years old,Rural,Both sexes,Peru,2007
0.6000000238418579,26,8649,PER,28679,244,265,140784,29177,Under 36 years old,Rural,Men,Peru,2007
0.5,26,8649,PER,28679,244,266,140784,29177,Under 36 years old,Rural,Women,Peru,2007
0.6000000238418579,26,8649,PER,28679,244,146,140786,29177,Total,Rural,Both sexes,Peru,2007
0.6000000238418579,26,8649,PER,28679,244,265,140786,29177,Total,Rural,Men,Peru,2007
0.6000000238418579,26,8649,PER,28679,244,266,140786,29177,Total,Rural,Women,Peru,2007
8.800000190734863,26,8649,PER,28680,244,146,140785,29177,36 years and older,Urban,Both sexes,Peru,2007
8.600000381469727,26,"8649,13639",PER,28680,244,265,140785,29177,36 years and older,Urban,Men,Peru,2007
8.899999618530273,26,"8649,13639",PER,28680,244,266,140785,29177,36 years and older,Urban,Women,Peru,2007
7.300000190734863,26,8649,PER,28680,244,146,140784,29177,Under 36 years old,Urban,Both sexes,Peru,2007
7.699999809265137,26,8649,PER,28680,244,265,140784,29177,Under 36 years old,Urban,Men,Peru,2007
6.900000095367432,26,8649,PER,28680,244,266,140784,29177,Under 36 years old,Urban,Women,Peru,2007
7.800000190734863,26,8649,PER,28680,244,146,140786,29177,Total,Urban,Both sexes,Peru,2007
8,26,8649,PER,28680,244,265,140786,29177,Total,Urban,Men,Peru,2007
7.599999904632568,26,8649,PER,28680,244,266,140786,29177,Total,Urban,Women,Peru,2007
2.799999952316284,26,8649,PER,28681,244,146,140785,29178,36 years and older,National,Both sexes,Peru,2008
2.700000047683716,26,8649,PER,28681,244,265,140785,29178,36 years and older,National,Men,Peru,2008
2.799999952316284,26,8649,PER,28681,244,266,140785,29178,36 years and older,National,Women,Peru,2008
2.0999999046325684,26,8649,PER,28681,244,146,140784,29178,Under 36 years old,National,Both sexes,Peru,2008
2,26,8649,PER,28681,244,265,140784,29178,Under 36 years old,National,Men,Peru,2008
2.200000047683716,26,8649,PER,28681,244,266,140784,29178,Under 36 years old,National,Women,Peru,2008
2.299999952316284,26,8649,PER,28681,244,146,140786,29178,Total,National,Both sexes,Peru,2008
2.200000047683716,26,8649,PER,28681,244,265,140786,29178,Total,National,Men,Peru,2008
2.5,26,8649,PER,28681,244,266,140786,29178,Total,National,Women,Peru,2008
0.699999988079071,26,8649,PER,28679,244,146,140785,29178,36 years and older,Rural,Both sexes,Peru,2008
0.699999988079071,26,8649,PER,28679,244,265,140785,29178,36 years and older,Rural,Men,Peru,2008
0.6000000238418579,26,8649,PER,28679,244,266,140785,29178,36 years and older,Rural,Women,Peru,2008
0.5,26,8649,PER,28679,244,146,140784,29178,Under 36 years old,Rural,Both sexes,Peru,2008
0.5,26,8649,PER,28679,244,265,140784,29178,Under 36 years old,Rural,Men,Peru,2008
0.5,26,8649,PER,28679,244,266,140784,29178,Under 36 years old,Rural,Women,Peru,2008
0.6000000238418579,26,8649,PER,28679,244,146,140786,29178,Total,Rural,Both sexes,Peru,2008
0.6000000238418579,26,8649,PER,28679,244,265,140786,29178,Total,Rural,Men,Peru,2008
0.6000000238418579,26,8649,PER,28679,244,266,140786,29178,Total,Rural,Women,Peru,2008
8.699999809265137,26,8649,PER,28680,244,146,140785,29178,36 years and older,Urban,Both sexes,Peru,2008
8.300000190734863,26,"8649,13639",PER,28680,244,265,140785,29178,36 years and older,Urban,Men,Peru,2008
9.100000381469727,26,"8649,13639",PER,28680,244,266,140785,29178,36 years and older,Urban,Women,Peru,2008
7.300000190734863,26,8649,PER,28680,244,146,140784,29178,Under 36 years old,Urban,Both sexes,Peru,2008
6.699999809265137,26,8649,PER,28680,244,265,140784,29178,Under 36 years old,Urban,Men,Peru,2008
7.800000190734863,26,"8649,13639",PER,28680,244,266,140784,29178,Under 36 years old,Urban,Women,Peru,2008
7.800000190734863,26,8649,PER,28680,244,146,140786,29178,Total,Urban,Both sexes,Peru,2008
7.300000190734863,26,8649,PER,28680,244,265,140786,29178,Total,Urban,Men,Peru,2008
8.300000190734863,26,8649,PER,28680,244,266,140786,29178,Total,Urban,Women,Peru,2008
4.400000095367432,26,8649,PER,28681,244,146,140785,29179,36 years and older,National,Both sexes,Peru,2009
4.199999809265137,26,8649,PER,28681,244,265,140785,29179,36 years and older,National,Men,Peru,2009
4.5,26,8649,PER,28681,244,266,140785,29179,36 years and older,National,Women,Peru,2009
4,26,8649,PER,28681,244,146,140784,29179,Under 36 years old,National,Both sexes,Peru,2009
3.9000000953674316,26,8649,PER,28681,244,265,140784,29179,Under 36 years old,National,Men,Peru,2009
4.099999904632568,26,8649,PER,28681,244,266,140784,29179,Under 36 years old,National,Women,Peru,2009
4.099999904632568,26,8649,PER,28681,244,146,140786,29179,Total,National,Both sexes,Peru,2009
4,26,8649,PER,28681,244,265,140786,29179,Total,National,Men,Peru,2009
4.199999809265137,26,8649,PER,28681,244,266,140786,29179,Total,National,Women,Peru,2009
1.100000023841858,26,8649,PER,28679,244,146,140785,29179,36 years and older,Rural,Both sexes,Peru,2009
1.2000000476837158,26,8649,PER,28679,244,265,140785,29179,36 years and older,Rural,Men,Peru,2009
1.100000023841858,26,8649,PER,28679,244,266,140785,29179,36 years and older,Rural,Women,Peru,2009
1.100000023841858,26,8649,PER,28679,244,146,140784,29179,Under 36 years old,Rural,Both sexes,Peru,2009
1.2000000476837158,26,8649,PER,28679,244,265,140784,29179,Under 36 years old,Rural,Men,Peru,2009
1.100000023841858,26,8649,PER,28679,244,266,140784,29179,Under 36 years old,Rural,Women,Peru,2009
1.100000023841858,26,8649,PER,28679,244,146,140786,29179,Total,Rural,Both sexes,Peru,2009
1.2000000476837158,26,8649,PER,28679,244,265,140786,29179,Total,Rural,Men,Peru,2009
1.100000023841858,26,8649,PER,28679,244,266,140786,29179,Total,Rural,Women,Peru,2009
13.800000190734863,26,8649,PER,28680,244,146,140785,29179,36 years and older,Urban,Both sexes,Peru,2009
13.100000381469727,26,"8649,13639",PER,28680,244,265,140785,29179,36 years and older,Urban,Men,Peru,2009
14.399999618530273,26,"8649,13639",PER,28680,244,266,140785,29179,36 years and older,Urban,Women,Peru,2009
13.300000190734863,26,8649,PER,28680,244,146,140784,29179,Under 36 years old,Urban,Both sexes,Peru,2009
13,26,"8649,13639",PER,28680,244,265,140784,29179,Under 36 years old,Urban,Men,Peru,2009
13.600000381469727,26,"8649,13639",PER,28680,244,266,140784,29179,Under 36 years old,Urban,Women,Peru,2009
13.5,26,8649,PER,28680,244,146,140786,29179,Total,Urban,Both sexes,Peru,2009
13,26,8649,PER,28680,244,265,140786,29179,Total,Urban,Men,Peru,2009
13.899999618530273,26,8649,PER,28680,244,266,140786,29179,Total,Urban,Women,Peru,2009
4.800000190734863,26,8649,PER,28681,244,146,140785,29180,36 years and older,National,Both sexes,Peru,2010
4.900000095367432,26,8649,PER,28681,244,265,140785,29180,36 years and older,National,Men,Peru,2010
4.599999904632568,26,8649,PER,28681,244,266,140785,29180,36 years and older,National,Women,Peru,2010
4.5,26,8649,PER,28681,244,146,140784,29180,Under 36 years old,National,Both sexes,Peru,2010
4.400000095367432,26,8649,PER,28681,244,265,140784,29180,Under 36 years old,National,Men,Peru,2010
4.699999809265137,26,8649,PER,28681,244,266,140784,29180,Under 36 years old,National,Women,Peru,2010
4.599999904632568,26,8649,PER,28681,244,146,140786,29180,Total,National,Both sexes,Peru,2010
4.599999904632568,26,8649,PER,28681,244,265,140786,29180,Total,National,Men,Peru,2010
4.699999809265137,26,8649,PER,28681,244,266,140786,29180,Total,National,Women,Peru,2010
1.5,26,8649,PER,28679,244,146,140785,29180,36 years and older,Rural,Both sexes,Peru,2010
1.5,26,8649,PER,28679,244,265,140785,29180,36 years and older,Rural,Men,Peru,2010
1.5,26,8649,PER,28679,244,266,140785,29180,36 years and older,Rural,Women,Peru,2010
1.399999976158142,26,8649,PER,28679,244,146,140784,29180,Under 36 years old,Rural,Both sexes,Peru,2010
1.399999976158142,26,8649,PER,28679,244,265,140784,29180,Under 36 years old,Rural,Men,Peru,2010
1.2999999523162842,26,8649,PER,28679,244,266,140784,29180,Under 36 years old,Rural,Women,Peru,2010
1.399999976158142,26,8649,PER,28679,244,146,140786,29180,Total,Rural,Both sexes,Peru,2010
1.5,26,8649,PER,28679,244,265,140786,29180,Total,Rural,Men,Peru,2010
1.399999976158142,26,8649,PER,28679,244,266,140786,29180,Total,Rural,Women,Peru,2010
13.800000190734863,26,8649,PER,28680,244,146,140785,29180,36 years and older,Urban,Both sexes,Peru,2010
14.199999809265137,26,"8649,13639",PER,28680,244,265,140785,29180,36 years and older,Urban,Men,Peru,2010
13.300000190734863,26,"8649,13639",PER,28680,244,266,140785,29180,36 years and older,Urban,Women,Peru,2010
14,26,8649,PER,28680,244,146,140784,29180,Under 36 years old,Urban,Both sexes,Peru,2010
13.100000381469727,26,"8649,13639",PER,28680,244,265,140784,29180,Under 36 years old,Urban,Men,Peru,2010
14.899999618530273,26,"8649,13639",PER,28680,244,266,140784,29180,Under 36 years old,Urban,Women,Peru,2010
13.899999618530273,26,8649,PER,28680,244,146,140786,29180,Total,Urban,Both sexes,Peru,2010
13.5,26,8649,PER,28680,244,265,140786,29180,Total,Urban,Men,Peru,2010
14.300000190734863,26,8649,PER,28680,244,266,140786,29180,Total,Urban,Women,Peru,2010
5.5,26,8649,PER,28681,244,146,140785,29181,36 years and older,National,Both sexes,Peru,2011
5.400000095367432,26,8649,PER,28681,244,265,140785,29181,36 years and older,National,Men,Peru,2011
5.5,26,8649,PER,28681,244,266,140785,29181,36 years and older,National,Women,Peru,2011
5.300000190734863,26,8649,PER,28681,244,146,140784,29181,Under 36 years old,National,Both sexes,Peru,2011
5.199999809265137,26,8649,PER,28681,244,265,140784,29181,Under 36 years old,National,Men,Peru,2011
5.400000095367432,26,8649,PER,28681,244,266,140784,29181,Under 36 years old,National,Women,Peru,2011
5.400000095367432,26,8649,PER,28681,244,146,140786,29181,Total,National,Both sexes,Peru,2011
5.300000190734863,26,8649,PER,28681,244,265,140786,29181,Total,National,Men,Peru,2011
5.5,26,8649,PER,28681,244,266,140786,29181,Total,National,Women,Peru,2011
2.0999999046325684,26,8649,PER,28679,244,146,140785,29181,36 years and older,Rural,Both sexes,Peru,2011
2.0999999046325684,26,8649,PER,28679,244,265,140785,29181,36 years and older,Rural,Men,Peru,2011
2.0999999046325684,26,8649,PER,28679,244,266,140785,29181,36 years and older,Rural,Women,Peru,2011
2,26,8649,PER,28679,244,146,140784,29181,Under 36 years old,Rural,Both sexes,Peru,2011
2.200000047683716,26,8649,PER,28679,244,265,140784,29181,Under 36 years old,Rural,Men,Peru,2011
1.899999976158142,26,8649,PER,28679,244,266,140784,29181,Under 36 years old,Rural,Women,Peru,2011
2.0999999046325684,26,8649,PER,28679,244,146,140786,29181,Total,Rural,Both sexes,Peru,2011
2.0999999046325684,26,8649,PER,28679,244,265,140786,29181,Total,Rural,Men,Peru,2011
2,26,8649,PER,28679,244,266,140786,29181,Total,Rural,Women,Peru,2011
14.399999618530273,26,8649,PER,28680,244,146,140785,29181,36 years and older,Urban,Both sexes,Peru,2011
14.199999809265137,26,"8649,13639",PER,28680,244,265,140785,29181,36 years and older,Urban,Men,Peru,2011
14.699999809265137,26,"8649,13639",PER,28680,244,266,140785,29181,36 years and older,Urban,Women,Peru,2011
14.800000190734863,26,8649,PER,28680,244,146,140784,29181,Under 36 years old,Urban,Both sexes,Peru,2011
14.100000381469727,26,8649,PER,28680,244,265,140784,29181,Under 36 years old,Urban,Men,Peru,2011
15.5,26,8649,PER,28680,244,266,140784,29181,Under 36 years old,Urban,Women,Peru,2011
14.699999809265137,26,8649,PER,28680,244,146,140786,29181,Total,Urban,Both sexes,Peru,2011
14.199999809265137,26,8649,PER,28680,244,265,140786,29181,Total,Urban,Men,Peru,2011
15.100000381469727,26,8649,PER,28680,244,266,140786,29181,Total,Urban,Women,Peru,2011
7.5,26,8649,PER,28681,244,146,140785,29182,36 years and older,National,Both sexes,Peru,2012
7.400000095367432,26,8649,PER,28681,244,265,140785,29182,36 years and older,National,Men,Peru,2012
7.599999904632568,26,8649,PER,28681,244,266,140785,29182,36 years and older,National,Women,Peru,2012
6.800000190734863,26,8649,PER,28681,244,146,140784,29182,Under 36 years old,National,Both sexes,Peru,2012
7,26,8649,PER,28681,244,265,140784,29182,Under 36 years old,National,Men,Peru,2012
6.599999904632568,26,8649,PER,28681,244,266,140784,29182,Under 36 years old,National,Women,Peru,2012
7.099999904632568,26,8649,PER,28681,244,146,140786,29182,Total,National,Both sexes,Peru,2012
7.099999904632568,26,8649,PER,28681,244,265,140786,29182,Total,National,Men,Peru,2012
7,26,8649,PER,28681,244,266,140786,29182,Total,National,Women,Peru,2012
3,26,8649,PER,28679,244,146,140785,29182,36 years and older,Rural,Both sexes,Peru,2012
3,26,8649,PER,28679,244,265,140785,29182,36 years and older,Rural,Men,Peru,2012
3,26,8649,PER,28679,244,266,140785,29182,36 years and older,Rural,Women,Peru,2012
2.9000000953674316,26,8649,PER,28679,244,146,140784,29182,Under 36 years old,Rural,Both sexes,Peru,2012
3,26,8649,PER,28679,244,265,140784,29182,Under 36 years old,Rural,Men,Peru,2012
2.799999952316284,26,8649,PER,28679,244,266,140784,29182,Under 36 years old,Rural,Women,Peru,2012
2.9000000953674316,26,8649,PER,28679,244,146,140786,29182,Total,Rural,Both sexes,Peru,2012
3,26,8649,PER,28679,244,265,140786,29182,Total,Rural,Men,Peru,2012
2.799999952316284,26,8649,PER,28679,244,266,140786,29182,Total,Rural,Women,Peru,2012
19.5,26,8649,PER,28680,244,146,140785,29182,36 years and older,Urban,Both sexes,Peru,2012
18.799999237060547,26,"8649,13639",PER,28680,244,265,140785,29182,36 years and older,Urban,Men,Peru,2012
20.100000381469727,26,"8649,13639",PER,28680,244,266,140785,29182,36 years and older,Urban,Women,Peru,2012
18.100000381469727,26,8649,PER,28680,244,146,140784,29182,Under 36 years old,Urban,Both sexes,Peru,2012
18.299999237060547,26,8649,PER,28680,244,265,140784,29182,Under 36 years old,Urban,Men,Peru,2012
17.899999618530273,26,"8649,13639",PER,28680,244,266,140784,29182,Under 36 years old,Urban,Women,Peru,2012
18.700000762939453,26,8649,PER,28680,244,146,140786,29182,Total,Urban,Both sexes,Peru,2012
18.5,26,8649,PER,28680,244,265,140786,29182,Total,Urban,Men,Peru,2012
18.899999618530273,26,8649,PER,28680,244,266,140786,29182,Total,Urban,Women,Peru,2012
9,26,8649,PER,28681,244,146,140785,29183,36 years and older,National,Both sexes,Peru,2013
8.899999618530273,26,8649,PER,28681,244,265,140785,29183,36 years and older,National,Men,Peru,2013
9,26,8649,PER,28681,244,266,140785,29183,36 years and older,National,Women,Peru,2013
9.100000381469727,26,8649,PER,28681,244,146,140784,29183,Under 36 years old,National,Both sexes,Peru,2013
9.199999809265137,26,8649,PER,28681,244,265,140784,29183,Under 36 years old,National,Men,Peru,2013
9,26,8649,PER,28681,244,266,140784,29183,Under 36 years old,National,Women,Peru,2013
9,26,8649,PER,28681,244,146,140786,29183,Total,National,Both sexes,Peru,2013
9.100000381469727,26,8649,PER,28681,244,265,140786,29183,Total,National,Men,Peru,2013
9,26,8649,PER,28681,244,266,140786,29183,Total,National,Women,Peru,2013
4.099999904632568,26,8649,PER,28679,244,146,140785,29183,36 years and older,Rural,Both sexes,Peru,2013
4.099999904632568,26,8649,PER,28679,244,265,140785,29183,36 years and older,Rural,Men,Peru,2013
4.199999809265137,26,8649,PER,28679,244,266,140785,29183,36 years and older,Rural,Women,Peru,2013
4.199999809265137,26,8649,PER,28679,244,146,140784,29183,Under 36 years old,Rural,Both sexes,Peru,2013
4.300000190734863,26,8649,PER,28679,244,265,140784,29183,Under 36 years old,Rural,Men,Peru,2013
4,26,8649,PER,28679,244,266,140784,29183,Under 36 years old,Rural,Women,Peru,2013
4.199999809265137,26,8649,PER,28679,244,146,140786,29183,Total,Rural,Both sexes,Peru,2013
4.300000190734863,26,8649,PER,28679,244,265,140786,29183,Total,Rural,Men,Peru,2013
4.099999904632568,26,8649,PER,28679,244,266,140786,29183,Total,Rural,Women,Peru,2013
21,26,8649,PER,28680,244,146,140785,29183,36 years and older,Urban,Both sexes,Peru,2013
20.700000762939453,26,"8649,13639",PER,28680,244,265,140785,29183,36 years and older,Urban,Men,Peru,2013
21.200000762939453,26,"8649,13639",PER,28680,244,266,140785,29183,36 years and older,Urban,Women,Peru,2013
21.700000762939453,26,8649,PER,28680,244,146,140784,29183,Under 36 years old,Urban,Both sexes,Peru,2013
21.799999237060547,26,8649,PER,28680,244,265,140784,29183,Under 36 years old,Urban,Men,Peru,2013
21.600000381469727,26,8649,PER,28680,244,266,140784,29183,Under 36 years old,Urban,Women,Peru,2013
21.399999618530273,26,8649,PER,28680,244,146,140786,29183,Total,Urban,Both sexes,Peru,2013
21.299999237060547,26,8649,PER,28680,244,265,140786,29183,Total,Urban,Men,Peru,2013
21.5,26,8649,PER,28680,244,266,140786,29183,Total,Urban,Women,Peru,2013
9,26,8649,PER,28681,244,146,140785,29184,36 years and older,National,Both sexes,Peru,2014
9.100000381469727,26,8649,PER,28681,244,265,140785,29184,36 years and older,National,Men,Peru,2014
8.899999618530273,26,8649,PER,28681,244,266,140785,29184,36 years and older,National,Women,Peru,2014
9.100000381469727,26,8649,PER,28681,244,146,140784,29184,Under 36 years old,National,Both sexes,Peru,2014
8.800000190734863,26,8649,PER,28681,244,265,140784,29184,Under 36 years old,National,Men,Peru,2014
9.399999618530273,26,8649,PER,28681,244,266,140784,29184,Under 36 years old,National,Women,Peru,2014
9.100000381469727,26,8649,PER,28681,244,146,140786,29184,Total,National,Both sexes,Peru,2014
8.899999618530273,26,8649,PER,28681,244,265,140786,29184,Total,National,Men,Peru,2014
9.199999809265137,26,8649,PER,28681,244,266,140786,29184,Total,National,Women,Peru,2014
4.300000190734863,26,8649,PER,28679,244,146,140785,29184,36 years and older,Rural,Both sexes,Peru,2014
4.199999809265137,26,8649,PER,28679,244,265,140785,29184,36 years and older,Rural,Men,Peru,2014
4.400000095367432,26,8649,PER,28679,244,266,140785,29184,36 years and older,Rural,Women,Peru,2014
4.599999904632568,26,8649,PER,28679,244,146,140784,29184,Under 36 years old,Rural,Both sexes,Peru,2014
4.699999809265137,26,8649,PER,28679,244,265,140784,29184,Under 36 years old,Rural,Men,Peru,2014
4.599999904632568,26,8649,PER,28679,244,266,140784,29184,Under 36 years old,Rural,Women,Peru,2014
4.5,26,8649,PER,28679,244,146,140786,29184,Total,Rural,Both sexes,Peru,2014
4.5,26,8649,PER,28679,244,265,140786,29184,Total,Rural,Men,Peru,2014
4.5,26,8649,PER,28679,244,266,140786,29184,Total,Rural,Women,Peru,2014
20,26,8649,PER,28680,244,146,140785,29184,36 years and older,Urban,Both sexes,Peru,2014
20.399999618530273,26,"8649,13639",PER,28680,244,265,140785,29184,36 years and older,Urban,Men,Peru,2014
19.700000762939453,26,"8649,13639",PER,28680,244,266,140785,29184,36 years and older,Urban,Women,Peru,2014
19.899999618530273,26,8649,PER,28680,244,146,140784,29184,Under 36 years old,Urban,Both sexes,Peru,2014
18.799999237060547,26,8649,PER,28680,244,265,140784,29184,Under 36 years old,Urban,Men,Peru,2014
21,26,8649,PER,28680,244,266,140784,29184,Under 36 years old,Urban,Women,Peru,2014
19.899999618530273,26,8649,PER,28680,244,146,140786,29184,Total,Urban,Both sexes,Peru,2014
19.5,26,8649,PER,28680,244,265,140786,29184,Total,Urban,Men,Peru,2014
20.399999618530273,26,8649,PER,28680,244,266,140786,29184,Total,Urban,Women,Peru,2014
9,26,8649,PER,28681,244,146,140785,29185,36 years and older,National,Both sexes,Peru,2015
8.899999618530273,26,8649,PER,28681,244,265,140785,29185,36 years and older,National,Men,Peru,2015
9,26,8649,PER,28681,244,266,140785,29185,36 years and older,National,Women,Peru,2015
8.800000190734863,26,8649,PER,28681,244,146,140784,29185,Under 36 years old,National,Both sexes,Peru,2015
8.699999809265137,26,8649,PER,28681,244,265,140784,29185,Under 36 years old,National,Men,Peru,2015
8.899999618530273,26,8649,PER,28681,244,266,140784,29185,Under 36 years old,National,Women,Peru,2015
8.899999618530273,26,8649,PER,28681,244,146,140786,29185,Total,National,Both sexes,Peru,2015
8.800000190734863,26,8649,PER,28681,244,265,140786,29185,Total,National,Men,Peru,2015
8.899999618530273,26,8649,PER,28681,244,266,140786,29185,Total,National,Women,Peru,2015
4,26,8649,PER,28679,244,146,140785,29185,36 years and older,Rural,Both sexes,Peru,2015
4,26,8649,PER,28679,244,265,140785,29185,36 years and older,Rural,Men,Peru,2015
4,26,8649,PER,28679,244,266,140785,29185,36 years and older,Rural,Women,Peru,2015
4.199999809265137,26,8649,PER,28679,244,146,140784,29185,Under 36 years old,Rural,Both sexes,Peru,2015
4.300000190734863,26,8649,PER,28679,244,265,140784,29185,Under 36 years old,Rural,Men,Peru,2015
4,26,8649,PER,28679,244,266,140784,29185,Under 36 years old,Rural,Women,Peru,2015
4.099999904632568,26,8649,PER,28679,244,146,140786,29185,Total,Rural,Both sexes,Peru,2015
4.199999809265137,26,8649,PER,28679,244,265,140786,29185,Total,Rural,Men,Peru,2015
4,26,8649,PER,28679,244,266,140786,29185,Total,Rural,Women,Peru,2015
19.899999618530273,26,8649,PER,28680,244,146,140785,29185,36 years and older,Urban,Both sexes,Peru,2015
19.799999237060547,26,8649,PER,28680,244,265,140785,29185,36 years and older,Urban,Men,Peru,2015
20.100000381469727,26,"8649,13639",PER,28680,244,266,140785,29185,36 years and older,Urban,Women,Peru,2015
19.200000762939453,26,8649,PER,28680,244,146,140784,29185,Under 36 years old,Urban,Both sexes,Peru,2015
18.799999237060547,26,8649,PER,28680,244,265,140784,29185,Under 36 years old,Urban,Men,Peru,2015
19.600000381469727,26,8649,PER,28680,244,266,140784,29185,Under 36 years old,Urban,Women,Peru,2015
19.5,26,8649,PER,28680,244,146,140786,29185,Total,Urban,Both sexes,Peru,2015
19.200000762939453,26,8649,PER,28680,244,265,140786,29185,Total,Urban,Men,Peru,2015
19.799999237060547,26,8649,PER,28680,244,266,140786,29185,Total,Urban,Women,Peru,2015
9.5,26,8649,PER,28681,244,146,140785,29186,36 years and older,National,Both sexes,Peru,2016
9.5,26,8649,PER,28681,244,265,140785,29186,36 years and older,National,Men,Peru,2016
9.399999618530273,26,8649,PER,28681,244,266,140785,29186,36 years and older,National,Women,Peru,2016
9.5,26,8649,PER,28681,244,146,140784,29186,Under 36 years old,National,Both sexes,Peru,2016
9.699999809265137,26,8649,PER,28681,244,265,140784,29186,Under 36 years old,National,Men,Peru,2016
9.300000190734863,26,8649,PER,28681,244,266,140784,29186,Under 36 years old,National,Women,Peru,2016
9.5,26,8649,PER,28681,244,146,140786,29186,Total,National,Both sexes,Peru,2016
9.600000381469727,26,8649,PER,28681,244,265,140786,29186,Total,National,Men,Peru,2016
9.300000190734863,26,8649,PER,28681,244,266,140786,29186,Total,National,Women,Peru,2016
4.5,26,8649,PER,28679,244,146,140785,29186,36 years and older,Rural,Both sexes,Peru,2016
4.5,26,8649,PER,28679,244,265,140785,29186,36 years and older,Rural,Men,Peru,2016
4.599999904632568,26,8649,PER,28679,244,266,140785,29186,36 years and older,Rural,Women,Peru,2016
4.800000190734863,26,8649,PER,28679,244,146,140784,29186,Under 36 years old,Rural,Both sexes,Peru,2016
5,26,8649,PER,28679,244,265,140784,29186,Under 36 years old,Rural,Men,Peru,2016
4.5,26,8649,PER,28679,244,266,140784,29186,Under 36 years old,Rural,Women,Peru,2016
4.699999809265137,26,8649,PER,28679,244,146,140786,29186,Total,Rural,Both sexes,Peru,2016
4.800000190734863,26,8649,PER,28679,244,265,140786,29186,Total,Rural,Men,Peru,2016
4.5,26,8649,PER,28679,244,266,140786,29186,Total,Rural,Women,Peru,2016
19.399999618530273,26,8649,PER,28680,244,146,140785,29186,36 years and older,Urban,Both sexes,Peru,2016
19.600000381469727,26,8649,PER,28680,244,265,140785,29186,36 years and older,Urban,Men,Peru,2016
19.200000762939453,26,8649,PER,28680,244,266,140785,29186,36 years and older,Urban,Women,Peru,2016
19.299999237060547,26,8649,PER,28680,244,146,140784,29186,Under 36 years old,Urban,Both sexes,Peru,2016
19.5,26,8649,PER,28680,244,265,140784,29186,Under 36 years old,Urban,Men,Peru,2016
19.100000381469727,26,8649,PER,28680,244,266,140784,29186,Under 36 years old,Urban,Women,Peru,2016
19.399999618530273,26,8649,PER,28680,244,146,140786,29186,Total,Urban,Both sexes,Peru,2016
19.600000381469727,26,8649,PER,28680,244,265,140786,29186,Total,Urban,Men,Peru,2016
19.200000762939453,26,8649,PER,28680,244,266,140786,29186,Total,Urban,Women,Peru,2016
9.399999618530273,26,8649,PER,28681,244,146,140785,29187,36 years and older,National,Both sexes,Peru,2017
9.399999618530273,26,8649,PER,28681,244,265,140785,29187,36 years and older,National,Men,Peru,2017
9.5,26,8649,PER,28681,244,266,140785,29187,36 years and older,National,Women,Peru,2017
10.199999809265137,26,8649,PER,28681,244,146,140784,29187,Under 36 years old,National,Both sexes,Peru,2017
10.399999618530273,26,8649,PER,28681,244,265,140784,29187,Under 36 years old,National,Men,Peru,2017
9.899999618530273,26,8649,PER,28681,244,266,140784,29187,Under 36 years old,National,Women,Peru,2017
9.800000190734863,26,8649,PER,28681,244,146,140786,29187,Total,National,Both sexes,Peru,2017
10,26,8649,PER,28681,244,265,140786,29187,Total,National,Men,Peru,2017
9.699999809265137,26,8649,PER,28681,244,266,140786,29187,Total,National,Women,Peru,2017
4.5,26,8649,PER,28679,244,146,140785,29187,36 years and older,Rural,Both sexes,Peru,2017
4.5,26,8649,PER,28679,244,265,140785,29187,36 years and older,Rural,Men,Peru,2017
4.400000095367432,26,8649,PER,28679,244,266,140785,29187,36 years and older,Rural,Women,Peru,2017
5,26,8649,PER,28679,244,146,140784,29187,Under 36 years old,Rural,Both sexes,Peru,2017
5,26,8649,PER,28679,244,265,140784,29187,Under 36 years old,Rural,Men,Peru,2017
5,26,8649,PER,28679,244,266,140784,29187,Under 36 years old,Rural,Women,Peru,2017
4.800000190734863,26,8649,PER,28679,244,146,140786,29187,Total,Rural,Both sexes,Peru,2017
4.800000190734863,26,8649,PER,28679,244,265,140786,29187,Total,Rural,Men,Peru,2017
4.800000190734863,26,8649,PER,28679,244,266,140786,29187,Total,Rural,Women,Peru,2017
19.299999237060547,26,8649,PER,28680,244,146,140785,29187,36 years and older,Urban,Both sexes,Peru,2017
19.200000762939453,26,8649,PER,28680,244,265,140785,29187,36 years and older,Urban,Men,Peru,2017
19.399999618530273,26,8649,PER,28680,244,266,140785,29187,36 years and older,Urban,Women,Peru,2017
20.700000762939453,26,8649,PER,28680,244,146,140784,29187,Under 36 years old,Urban,Both sexes,Peru,2017
21.399999618530273,26,8649,PER,28680,244,265,140784,29187,Under 36 years old,Urban,Men,Peru,2017
19.899999618530273,26,8649,PER,28680,244,266,140784,29187,Under 36 years old,Urban,Women,Peru,2017
20.100000381469727,26,8649,PER,28680,244,146,140786,29187,Total,Urban,Both sexes,Peru,2017
20.5,26,8649,PER,28680,244,265,140786,29187,Total,Urban,Men,Peru,2017
19.700000762939453,26,8649,PER,28680,244,266,140786,29187,Total,Urban,Women,Peru,2017
9.800000190734863,26,8649,PER,28681,244,146,140785,29188,36 years and older,National,Both sexes,Peru,2018
9.800000190734863,26,8649,PER,28681,244,265,140785,29188,36 years and older,National,Men,Peru,2018
9.699999809265137,26,8649,PER,28681,244,266,140785,29188,36 years and older,National,Women,Peru,2018
10.699999809265137,26,8649,PER,28681,244,146,140784,29188,Under 36 years old,National,Both sexes,Peru,2018
11.100000381469727,26,8649,PER,28681,244,265,140784,29188,Under 36 years old,National,Men,Peru,2018
10.199999809265137,26,8649,PER,28681,244,266,140784,29188,Under 36 years old,National,Women,Peru,2018
10.300000190734863,26,8649,PER,28681,244,146,140786,29188,Total,National,Both sexes,Peru,2018
10.600000381469727,26,8649,PER,28681,244,265,140786,29188,Total,National,Men,Peru,2018
10,26,8649,PER,28681,244,266,140786,29188,Total,National,Women,Peru,2018
4.300000190734863,26,8649,PER,28679,244,146,140785,29188,36 years and older,Rural,Both sexes,Peru,2018
4.400000095367432,26,8649,PER,28679,244,265,140785,29188,36 years and older,Rural,Men,Peru,2018
4.199999809265137,26,8649,PER,28679,244,266,140785,29188,36 years and older,Rural,Women,Peru,2018
5.199999809265137,26,8649,PER,28679,244,146,140784,29188,Under 36 years old,Rural,Both sexes,Peru,2018
5.5,26,8649,PER,28679,244,265,140784,29188,Under 36 years old,Rural,Men,Peru,2018
4.900000095367432,26,8649,PER,28679,244,266,140784,29188,Under 36 years old,Rural,Women,Peru,2018
4.800000190734863,26,8649,PER,28679,244,146,140786,29188,Total,Rural,Both sexes,Peru,2018
5,26,8649,PER,28679,244,265,140786,29188,Total,Rural,Men,Peru,2018
4.599999904632568,26,8649,PER,28679,244,266,140786,29188,Total,Rural,Women,Peru,2018
20.299999237060547,26,8649,PER,28680,244,146,140785,29188,36 years and older,Urban,Both sexes,Peru,2018
20.200000762939453,26,8649,PER,28680,244,265,140785,29188,36 years and older,Urban,Men,Peru,2018
20.299999237060547,26,8649,PER,28680,244,266,140785,29188,36 years and older,Urban,Women,Peru,2018
21.100000381469727,26,8649,PER,28680,244,146,140784,29188,Under 36 years old,Urban,Both sexes,Peru,2018
22.100000381469727,26,8649,PER,28680,244,265,140784,29188,Under 36 years old,Urban,Men,Peru,2018
20.100000381469727,26,8649,PER,28680,244,266,140784,29188,Under 36 years old,Urban,Women,Peru,2018
20.700000762939453,26,8649,PER,28680,244,146,140786,29188,Total,Urban,Both sexes,Peru,2018
21.299999237060547,26,8649,PER,28680,244,265,140786,29188,Total,Urban,Men,Peru,2018
20.200000762939453,26,8649,PER,28680,244,266,140786,29188,Total,Urban,Women,Peru,2018
10.199999809265137,26,8649,PER,28681,244,146,140785,29189,36 years and older,National,Both sexes,Peru,2019
10.100000381469727,26,8649,PER,28681,244,265,140785,29189,36 years and older,National,Men,Peru,2019
10.300000190734863,26,8649,PER,28681,244,266,140785,29189,36 years and older,National,Women,Peru,2019
11.300000190734863,26,8649,PER,28681,244,146,140784,29189,Under 36 years old,National,Both sexes,Peru,2019
11.699999809265137,26,8649,PER,28681,244,265,140784,29189,Under 36 years old,National,Men,Peru,2019
10.899999618530273,26,8649,PER,28681,244,266,140784,29189,Under 36 years old,National,Women,Peru,2019
10.800000190734863,26,8649,PER,28681,244,146,140786,29189,Total,National,Both sexes,Peru,2019
11,26,8649,PER,28681,244,265,140786,29189,Total,National,Men,Peru,2019
10.600000381469727,26,8649,PER,28681,244,266,140786,29189,Total,National,Women,Peru,2019
4.900000095367432,26,8649,PER,28679,244,146,140785,29189,36 years and older,Rural,Both sexes,Peru,2019
4.900000095367432,26,8649,PER,28679,244,265,140785,29189,36 years and older,Rural,Men,Peru,2019
5,26,8649,PER,28679,244,266,140785,29189,36 years and older,Rural,Women,Peru,2019
5.599999904632568,26,8649,PER,28679,244,146,140784,29189,Under 36 years old,Rural,Both sexes,Peru,2019
5.800000190734863,26,8649,PER,28679,244,265,140784,29189,Under 36 years old,Rural,Men,Peru,2019
5.300000190734863,26,8649,PER,28679,244,266,140784,29189,Under 36 years old,Rural,Women,Peru,2019
5.300000190734863,26,8649,PER,28679,244,146,140786,29189,Total,Rural,Both sexes,Peru,2019
5.400000095367432,26,8649,PER,28679,244,265,140786,29189,Total,Rural,Men,Peru,2019
5.099999904632568,26,8649,PER,28679,244,266,140786,29189,Total,Rural,Women,Peru,2019
20.5,26,8649,PER,28680,244,146,140785,29189,36 years and older,Urban,Both sexes,Peru,2019
20.399999618530273,26,8649,PER,28680,244,265,140785,29189,36 years and older,Urban,Men,Peru,2019
20.600000381469727,26,8649,PER,28680,244,266,140785,29189,36 years and older,Urban,Women,Peru,2019
22.399999618530273,26,8649,PER,28680,244,146,140784,29189,Under 36 years old,Urban,Both sexes,Peru,2019
23,26,8649,PER,28680,244,265,140784,29189,Under 36 years old,Urban,Men,Peru,2019
21.700000762939453,26,8649,PER,28680,244,266,140784,29189,Under 36 years old,Urban,Women,Peru,2019
21.5,26,8649,PER,28680,244,146,140786,29189,Total,Urban,Both sexes,Peru,2019
21.799999237060547,26,8649,PER,28680,244,265,140786,29189,Total,Urban,Men,Peru,2019
21.200000762939453,26,8649,PER,28680,244,266,140786,29189,Total,Urban,Women,Peru,2019
12.699999809265137,26,8649,PER,28681,244,146,140785,29190,36 years and older,National,Both sexes,Peru,2020
12.300000190734863,26,8649,PER,28681,244,265,140785,29190,36 years and older,National,Men,Peru,2020
13.100000381469727,26,8649,PER,28681,244,266,140785,29190,36 years and older,National,Women,Peru,2020
13.699999809265137,26,8649,PER,28681,244,146,140784,29190,Under 36 years old,National,Both sexes,Peru,2020
14.300000190734863,26,8649,PER,28681,244,265,140784,29190,Under 36 years old,National,Men,Peru,2020
13.199999809265137,26,8649,PER,28681,244,266,140784,29190,Under 36 years old,National,Women,Peru,2020
13.300000190734863,26,8649,PER,28681,244,146,140786,29190,Total,National,Both sexes,Peru,2020
13.399999618530273,26,8649,PER,28681,244,265,140786,29190,Total,National,Men,Peru,2020
13.100000381469727,26,8649,PER,28681,244,266,140786,29190,Total,National,Women,Peru,2020
6.800000190734863,26,8649,PER,28679,244,146,140785,29190,36 years and older,Rural,Both sexes,Peru,2020
6.599999904632568,26,8649,PER,28679,244,265,140785,29190,36 years and older,Rural,Men,Peru,2020
7,26,8649,PER,28679,244,266,140785,29190,36 years and older,Rural,Women,Peru,2020
7.400000095367432,26,8649,PER,28679,244,146,140784,29190,Under 36 years old,Rural,Both sexes,Peru,2020
7.199999809265137,26,8649,PER,28679,244,265,140784,29190,Under 36 years old,Rural,Men,Peru,2020
7.699999809265137,26,8649,PER,28679,244,266,140784,29190,Under 36 years old,Rural,Women,Peru,2020
7.099999904632568,26,8649,PER,28679,244,146,140786,29190,Total,Rural,Both sexes,Peru,2020
6.900000095367432,26,8649,PER,28679,244,265,140786,29190,Total,Rural,Men,Peru,2020
7.400000095367432,26,8649,PER,28679,244,266,140786,29190,Total,Rural,Women,Peru,2020
22.399999618530273,26,8649,PER,28680,244,146,140785,29190,36 years and older,Urban,Both sexes,Peru,2020
21.700000762939453,26,8649,PER,28680,244,265,140785,29190,36 years and older,Urban,Men,Peru,2020
23,26,8649,PER,28680,244,266,140785,29190,36 years and older,Urban,Women,Peru,2020
23.799999237060547,26,8649,PER,28680,244,146,140784,29190,Under 36 years old,Urban,Both sexes,Peru,2020
25.799999237060547,26,8649,PER,28680,244,265,140784,29190,Under 36 years old,Urban,Men,Peru,2020
21.799999237060547,26,8649,PER,28680,244,266,140784,29190,Under 36 years old,Urban,Women,Peru,2020
23.200000762939453,26,8649,PER,28680,244,146,140786,29190,Total,Urban,Both sexes,Peru,2020
24,26,8649,PER,28680,244,265,140786,29190,Total,Urban,Men,Peru,2020
22.299999237060547,26,8649,PER,28680,244,266,140786,29190,Total,Urban,Women,Peru,2020
13.199999809265137,26,8649,PER,28681,244,146,140785,29191,36 years and older,National,Both sexes,Peru,2021
12.699999809265137,26,8649,PER,28681,244,265,140785,29191,36 years and older,National,Men,Peru,2021
13.699999809265137,26,8649,PER,28681,244,266,140785,29191,36 years and older,National,Women,Peru,2021
15.899999618530273,26,8649,PER,28681,244,146,140784,29191,Under 36 years old,National,Both sexes,Peru,2021
15.800000190734863,26,8649,PER,28681,244,265,140784,29191,Under 36 years old,National,Men,Peru,2021
16.100000381469727,26,8649,PER,28681,244,266,140784,29191,Under 36 years old,National,Women,Peru,2021
14.699999809265137,26,8649,PER,28681,244,146,140786,29191,Total,National,Both sexes,Peru,2021
14.399999618530273,26,8649,PER,28681,244,265,140786,29191,Total,National,Men,Peru,2021
14.899999618530273,26,8649,PER,28681,244,266,140786,29191,Total,National,Women,Peru,2021
7.400000095367432,26,8649,PER,28679,244,146,140785,29191,36 years and older,Rural,Both sexes,Peru,2021
7.400000095367432,26,8649,PER,28679,244,265,140785,29191,36 years and older,Rural,Men,Peru,2021
7.400000095367432,26,8649,PER,28679,244,266,140785,29191,36 years and older,Rural,Women,Peru,2021
9.100000381469727,26,8649,PER,28679,244,146,140784,29191,Under 36 years old,Rural,Both sexes,Peru,2021
9.300000190734863,26,8649,PER,28679,244,265,140784,29191,Under 36 years old,Rural,Men,Peru,2021
8.800000190734863,26,8649,PER,28679,244,266,140784,29191,Under 36 years old,Rural,Women,Peru,2021
8.300000190734863,26,8649,PER,28679,244,146,140786,29191,Total,Rural,Both sexes,Peru,2021
8.399999618530273,26,8649,PER,28679,244,265,140786,29191,Total,Rural,Men,Peru,2021
8.100000381469727,26,8649,PER,28679,244,266,140786,29191,Total,Rural,Women,Peru,2021
22.200000762939453,26,8649,PER,28680,244,146,140785,29191,36 years and older,Urban,Both sexes,Peru,2021
21.100000381469727,26,8649,PER,28680,244,265,140785,29191,36 years and older,Urban,Men,Peru,2021
23.399999618530273,26,8649,PER,28680,244,266,140785,29191,36 years and older,Urban,Women,Peru,2021
25.600000381469727,26,8649,PER,28680,244,146,140784,29191,Under 36 years old,Urban,Both sexes,Peru,2021
24.899999618530273,26,8649,PER,28680,244,265,140784,29191,Under 36 years old,Urban,Men,Peru,2021
26.200000762939453,26,8649,PER,28680,244,266,140784,29191,Under 36 years old,Urban,Women,Peru,2021
24.100000381469727,26,8649,PER,28680,244,146,140786,29191,Total,Urban,Both sexes,Peru,2021
23.200000762939453,26,8649,PER,28680,244,265,140786,29191,Total,Urban,Men,Peru,2021
24.899999618530273,26,8649,PER,28680,244,266,140786,29191,Total,Urban,Women,Peru,2021
13.5,26,8649,PER,28681,244,146,140785,29192,36 years and older,National,Both sexes,Peru,2022
13.100000381469727,26,8649,PER,28681,244,265,140785,29192,36 years and older,National,Men,Peru,2022
13.800000190734863,26,8649,PER,28681,244,266,140785,29192,36 years and older,National,Women,Peru,2022
16.299999237060547,26,8649,PER,28681,244,146,140784,29192,Under 36 years old,National,Both sexes,Peru,2022
16.600000381469727,26,8649,PER,28681,244,265,140784,29192,Under 36 years old,National,Men,Peru,2022
16,26,8649,PER,28681,244,266,140784,29192,Under 36 years old,National,Women,Peru,2022
15,26,8649,PER,28681,244,146,140786,29192,Total,National,Both sexes,Peru,2022
15,26,8649,PER,28681,244,265,140786,29192,Total,National,Men,Peru,2022
14.899999618530273,26,8649,PER,28681,244,266,140786,29192,Total,National,Women,Peru,2022
7.599999904632568,26,8649,PER,28679,244,146,140785,29192,36 years and older,Rural,Both sexes,Peru,2022
7.599999904632568,26,8649,PER,28679,244,265,140785,29192,36 years and older,Rural,Men,Peru,2022
7.699999809265137,26,8649,PER,28679,244,266,140785,29192,36 years and older,Rural,Women,Peru,2022
9.399999618530273,26,8649,PER,28679,244,146,140784,29192,Under 36 years old,Rural,Both sexes,Peru,2022
9.699999809265137,26,8649,PER,28679,244,265,140784,29192,Under 36 years old,Rural,Men,Peru,2022
9,26,8649,PER,28679,244,266,140784,29192,Under 36 years old,Rural,Women,Peru,2022
8.5,26,8649,PER,28679,244,146,140786,29192,Total,Rural,Both sexes,Peru,2022
8.699999809265137,26,8649,PER,28679,244,265,140786,29192,Total,Rural,Men,Peru,2022
8.300000190734863,26,8649,PER,28679,244,266,140786,29192,Total,Rural,Women,Peru,2022
23.5,26,8649,PER,28680,244,146,140785,29192,36 years and older,Urban,Both sexes,Peru,2022
22.399999618530273,26,8649,PER,28680,244,265,140785,29192,36 years and older,Urban,Men,Peru,2022
24.5,26,8649,PER,28680,244,266,140785,29192,36 years and older,Urban,Women,Peru,2022
27.100000381469727,26,8649,PER,28680,244,146,140784,29192,Under 36 years old,Urban,Both sexes,Peru,2022
27.399999618530273,26,8649,PER,28680,244,265,140784,29192,Under 36 years old,Urban,Men,Peru,2022
26.799999237060547,26,8649,PER,28680,244,266,140784,29192,Under 36 years old,Urban,Women,Peru,2022
25.399999618530273,26,8649,PER,28680,244,146,140786,29192,Total,Urban,Both sexes,Peru,2022
25.200000762939453,26,8649,PER,28680,244,265,140786,29192,Total,Urban,Men,Peru,2022
25.700000762939453,26,8649,PER,28680,244,266,140786,29192,Total,Urban,Women,Peru,2022
14.300000190734863,26,8649,PER,28681,244,146,140785,29193,36 years and older,National,Both sexes,Peru,2023
14.100000381469727,26,8649,PER,28681,244,265,140785,29193,36 years and older,National,Men,Peru,2023
14.399999618530273,26,8649,PER,28681,244,266,140785,29193,36 years and older,National,Women,Peru,2023
16.600000381469727,26,8649,PER,28681,244,146,140784,29193,Under 36 years old,National,Both sexes,Peru,2023
17,26,8649,PER,28681,244,265,140784,29193,Under 36 years old,National,Men,Peru,2023
16.100000381469727,26,8649,PER,28681,244,266,140784,29193,Under 36 years old,National,Women,Peru,2023
15.5,26,8649,PER,28681,244,146,140786,29193,Total,National,Both sexes,Peru,2023
15.699999809265137,26,8649,PER,28681,244,265,140786,29193,Total,National,Men,Peru,2023
15.300000190734863,26,8649,PER,28681,244,266,140786,29193,Total,National,Women,Peru,2023
8.300000190734863,26,8649,PER,28679,244,146,140785,29193,36 years and older,Rural,Both sexes,Peru,2023
8.399999618530273,26,8649,PER,28679,244,265,140785,29193,36 years and older,Rural,Men,Peru,2023
8.199999809265137,26,8649,PER,28679,244,266,140785,29193,36 years and older,Rural,Women,Peru,2023
10.100000381469727,26,8649,PER,28679,244,146,140784,29193,Under 36 years old,Rural,Both sexes,Peru,2023
10.399999618530273,26,8649,PER,28679,244,265,140784,29193,Under 36 years old,Rural,Men,Peru,2023
9.800000190734863,26,8649,PER,28679,244,266,140784,29193,Under 36 years old,Rural,Women,Peru,2023
9.199999809265137,26,8649,PER,28679,244,146,140786,29193,Total,Rural,Both sexes,Peru,2023
9.5,26,8649,PER,28679,244,265,140786,29193,Total,Rural,Men,Peru,2023
9,26,8649,PER,28679,244,266,140786,29193,Total,Rural,Women,Peru,2023
23.600000381469727,26,8649,PER,28680,244,146,140785,29193,36 years and older,Urban,Both sexes,Peru,2023
22.899999618530273,26,8649,PER,28680,244,265,140785,29193,36 years and older,Urban,Men,Peru,2023
24.299999237060547,26,8649,PER,28680,244,266,140785,29193,36 years and older,Urban,Women,Peru,2023
26,26,8649,PER,28680,244,146,140784,29193,Under 36 years old,Urban,Both sexes,Peru,2023
26.600000381469727,26,8649,PER,28680,244,265,140784,29193,Under 36 years old,Urban,Men,Peru,2023
25.299999237060547,26,8649,PER,28680,244,266,140784,29193,Under 36 years old,Urban,Women,Peru,2023
24.899999618530273,26,8649,PER,28680,244,146,140786,29193,Total,Urban,Both sexes,Peru,2023
24.899999618530273,26,8649,PER,28680,244,265,140786,29193,Total,Urban,Men,Peru,2023
24.899999618530273,26,8649,PER,28680,244,266,140786,29193,Total,Urban,Women,Peru,2023
14.100000381469727,26,8649,PER,28681,244,146,140785,29194,36 years and older,National,Both sexes,Peru,2024
13.899999618530273,26,8649,PER,28681,244,265,140785,29194,36 years and older,National,Men,Peru,2024
14.300000190734863,26,8649,PER,28681,244,266,140785,29194,36 years and older,National,Women,Peru,2024
17.600000381469727,26,8649,PER,28681,244,146,140784,29194,Under 36 years old,National,Both sexes,Peru,2024
17.299999237060547,26,8649,PER,28681,244,265,140784,29194,Under 36 years old,National,Men,Peru,2024
18,26,8649,PER,28681,244,266,140784,29194,Under 36 years old,National,Women,Peru,2024
15.899999618530273,26,8649,PER,28681,244,146,140786,29194,Total,National,Both sexes,Peru,2024
15.699999809265137,26,8649,PER,28681,244,265,140786,29194,Total,National,Men,Peru,2024
16.100000381469727,26,8649,PER,28681,244,266,140786,29194,Total,National,Women,Peru,2024
8.300000190734863,26,8649,PER,28679,244,146,140785,29194,36 years and older,Rural,Both sexes,Peru,2024
8.300000190734863,26,8649,PER,28679,244,265,140785,29194,36 years and older,Rural,Men,Peru,2024
8.300000190734863,26,8649,PER,28679,244,266,140785,29194,36 years and older,Rural,Women,Peru,2024
10.699999809265137,26,8649,PER,28679,244,146,140784,29194,Under 36 years old,Rural,Both sexes,Peru,2024
11,26,8649,PER,28679,244,265,140784,29194,Under 36 years old,Rural,Men,Peru,2024
10.300000190734863,26,8649,PER,28679,244,266,140784,29194,Under 36 years old,Rural,Women,Peru,2024
9.5,26,8649,PER,28679,244,146,140786,29194,Total,Rural,Both sexes,Peru,2024
9.699999809265137,26,8649,PER,28679,244,265,140786,29194,Total,Rural,Men,Peru,2024
9.300000190734863,26,8649,PER,28679,244,266,140786,29194,Total,Rural,Women,Peru,2024
23.799999237060547,26,8649,PER,28680,244,146,140785,29194,36 years and older,Urban,Both sexes,Peru,2024
22.899999618530273,26,8649,PER,28680,244,265,140785,29194,36 years and older,Urban,Men,Peru,2024
24.600000381469727,26,8649,PER,28680,244,266,140785,29194,36 years and older,Urban,Women,Peru,2024
28,26,8649,PER,28680,244,146,140784,29194,Under 36 years old,Urban,Both sexes,Peru,2024
26.700000762939453,26,8649,PER,28680,244,265,140784,29194,Under 36 years old,Urban,Men,Peru,2024
29.299999237060547,26,8649,PER,28680,244,266,140784,29194,Under 36 years old,Urban,Women,Peru,2024
26,26,8649,PER,28680,244,146,140786,29194,Total,Urban,Both sexes,Peru,2024
24.899999618530273,26,8649,PER,28680,244,265,140786,29194,Total,Urban,Men,Peru,2024
27.100000381469727,26,8649,PER,28680,244,266,140786,29194,Total,Urban,Women,Peru,2024
1,26,"8618,13639",DOM,28681,264,146,140785,29171,36 years and older,National,Both sexes,Dominican Republic,2001
1,26,"8618,13639",DOM,28681,264,265,140785,29171,36 years and older,National,Men,Dominican Republic,2001
1.100000023841858,26,"8618,13639",DOM,28681,264,266,140785,29171,36 years and older,National,Women,Dominican Republic,2001
0.699999988079071,26,"8618,13639",DOM,28681,264,146,140784,29171,Under 36 years old,National,Both sexes,Dominican Republic,2001
1,26,"8618,13639",DOM,28681,264,265,140784,29171,Under 36 years old,National,Men,Dominican Republic,2001
0.30000001192092896,26,"8618,13639",DOM,28681,264,266,140784,29171,Under 36 years old,National,Women,Dominican Republic,2001
0.800000011920929,26,8618,DOM,28681,264,146,140786,29171,Total,National,Both sexes,Dominican Republic,2001
1,26,"8618,13639",DOM,28681,264,265,140786,29171,Total,National,Men,Dominican Republic,2001
0.5,26,"8618,13639",DOM,28681,264,266,140786,29171,Total,National,Women,Dominican Republic,2001
1.2999999523162842,26,"8618,13639",DOM,28679,264,146,140785,29171,36 years and older,Rural,Both sexes,Dominican Republic,2001
1.2000000476837158,26,"8618,13639",DOM,28679,264,265,140785,29171,36 years and older,Rural,Men,Dominican Republic,2001
1.2999999523162842,26,"8618,13639",DOM,28679,264,266,140785,29171,36 years and older,Rural,Women,Dominican Republic,2001
0.800000011920929,26,"8618,13639",DOM,28679,264,146,140784,29171,Under 36 years old,Rural,Both sexes,Dominican Republic,2001
1.2999999523162842,26,"8618,13639",DOM,28679,264,265,140784,29171,Under 36 years old,Rural,Men,Dominican Republic,2001
0.30000001192092896,26,"8618,13639",DOM,28679,264,266,140784,29171,Under 36 years old,Rural,Women,Dominican Republic,2001
1,26,8618,DOM,28679,264,146,140786,29171,Total,Rural,Both sexes,Dominican Republic,2001
1.2000000476837158,26,"8618,13639",DOM,28679,264,265,140786,29171,Total,Rural,Men,Dominican Republic,2001
0.6000000238418579,26,"8618,13639",DOM,28679,264,266,140786,29171,Total,Rural,Women,Dominican Republic,2001
0.699999988079071,26,"8618,13639",DOM,28681,264,146,140785,29172,36 years and older,National,Both sexes,Dominican Republic,2002
0.699999988079071,26,"8618,13639",DOM,28681,264,265,140785,29172,36 years and older,National,Men,Dominican Republic,2002
0.699999988079071,26,"8618,13639",DOM,28681,264,266,140785,29172,36 years and older,National,Women,Dominican Republic,2002
0.4000000059604645,26,"8618,13639",DOM,28681,264,146,140784,29172,Under 36 years old,National,Both sexes,Dominican Republic,2002
0.4000000059604645,26,"8618,13639",DOM,28681,264,265,140784,29172,Under 36 years old,National,Men,Dominican Republic,2002
0.30000001192092896,26,"8618,13639",DOM,28681,264,266,140784,29172,Under 36 years old,National,Women,Dominican Republic,2002
0.5,26,8618,DOM,28681,264,146,140786,29172,Total,National,Both sexes,Dominican Republic,2002
0.5,26,"8618,13639",DOM,28681,264,265,140786,29172,Total,National,Men,Dominican Republic,2002
0.5,26,"8618,13639",DOM,28681,264,266,140786,29172,Total,National,Women,Dominican Republic,2002
0.10000000149011612,26,"8618,13639",DOM,28679,264,146,140785,29172,36 years and older,Rural,Both sexes,Dominican Republic,2002
0.20000000298023224,26,"8618,13639",DOM,28679,264,265,140785,29172,36 years and older,Rural,Men,Dominican Republic,2002
0.10000000149011612,26,"8618,13639",DOM,28679,264,265,140786,29172,Total,Rural,Men,Dominican Republic,2002
3,26,"8618,13639",DOM,28680,264,146,140785,29172,36 years and older,Urban,Both sexes,Dominican Republic,2002
2.700000047683716,26,"8618,13639",DOM,28680,264,265,140785,29172,36 years and older,Urban,Men,Dominican Republic,2002
3.5999999046325684,26,"8618,13639",DOM,28680,264,266,140785,29172,36 years and older,Urban,Women,Dominican Republic,2002
2.299999952316284,26,"8618,13639",DOM,28680,264,146,140784,29172,Under 36 years old,Urban,Both sexes,Dominican Republic,2002
2.5,26,"8618,13639",DOM,28680,264,265,140784,29172,Under 36 years old,Urban,Men,Dominican Republic,2002
2.200000047683716,26,"8618,13639",DOM,28680,264,266,140784,29172,Under 36 years old,Urban,Women,Dominican Republic,2002
2.5999999046325684,26,"8618,13639",DOM,28680,264,146,140786,29172,Total,Urban,Both sexes,Dominican Republic,2002
2.5,26,"8618,13639",DOM,28680,264,265,140786,29172,Total,Urban,Men,Dominican Republic,2002
2.799999952316284,26,"8618,13639",DOM,28680,264,266,140786,29172,Total,Urban,Women,Dominican Republic,2002
1.100000023841858,26,"8618,13639",DOM,28681,264,146,140785,29173,36 years and older,National,Both sexes,Dominican Republic,2003
1.100000023841858,26,"8618,13639",DOM,28681,264,265,140785,29173,36 years and older,National,Men,Dominican Republic,2003
1,26,"8618,13639",DOM,28681,264,266,140785,29173,36 years and older,National,Women,Dominican Republic,2003
0.8999999761581421,26,8618,DOM,28681,264,146,140784,29173,Under 36 years old,National,Both sexes,Dominican Republic,2003
0.8999999761581421,26,"8618,13639",DOM,28681,264,265,140784,29173,Under 36 years old,National,Men,Dominican Republic,2003
0.8999999761581421,26,"8618,13639",DOM,28681,264,266,140784,29173,Under 36 years old,National,Women,Dominican Republic,2003
1,26,8618,DOM,28681,264,146,140786,29173,Total,National,Both sexes,Dominican Republic,2003
1,26,8618,DOM,28681,264,265,140786,29173,Total,National,Men,Dominican Republic,2003
1,26,"8618,13639",DOM,28681,264,266,140786,29173,Total,National,Women,Dominican Republic,2003
0.30000001192092896,26,"8618,13639",DOM,28679,264,146,140785,29173,36 years and older,Rural,Both sexes,Dominican Republic,2003
0.30000001192092896,26,"8618,13639",DOM,28679,264,265,140785,29173,36 years and older,Rural,Men,Dominican Republic,2003
0.30000001192092896,26,"8618,13639",DOM,28679,264,266,140785,29173,36 years and older,Rural,Women,Dominican Republic,2003
0.699999988079071,26,"8618,13639",DOM,28679,264,146,140784,29173,Under 36 years old,Rural,Both sexes,Dominican Republic,2003
0.6000000238418579,26,"8618,13639",DOM,28679,264,265,140784,29173,Under 36 years old,Rural,Men,Dominican Republic,2003
0.699999988079071,26,"8618,13639",DOM,28679,264,266,140784,29173,Under 36 years old,Rural,Women,Dominican Republic,2003
0.5,26,8618,DOM,28679,264,146,140786,29173,Total,Rural,Both sexes,Dominican Republic,2003
0.5,26,"8618,13639",DOM,28679,264,265,140786,29173,Total,Rural,Men,Dominican Republic,2003
0.5,26,"8618,13639",DOM,28679,264,266,140786,29173,Total,Rural,Women,Dominican Republic,2003
3.700000047683716,26,"8618,13639",DOM,28680,264,146,140785,29173,36 years and older,Urban,Both sexes,Dominican Republic,2003
4,26,"8618,13639",DOM,28680,264,265,140785,29173,36 years and older,Urban,Men,Dominican Republic,2003
3.200000047683716,26,"8618,13639",DOM,28680,264,266,140785,29173,36 years and older,Urban,Women,Dominican Republic,2003
1.7999999523162842,26,"8618,13639",DOM,28680,264,146,140784,29173,Under 36 years old,Urban,Both sexes,Dominican Republic,2003
1.7999999523162842,26,"8618,13639",DOM,28680,264,265,140784,29173,Under 36 years old,Urban,Men,Dominican Republic,2003
1.7000000476837158,26,"8618,13639",DOM,28680,264,266,140784,29173,Under 36 years old,Urban,Women,Dominican Republic,2003
2.5,26,"8618,13639",DOM,28680,264,146,140786,29173,Total,Urban,Both sexes,Dominican Republic,2003
2.5999999046325684,26,"8618,13639",DOM,28680,264,265,140786,29173,Total,Urban,Men,Dominican Republic,2003
2.299999952316284,26,"8618,13639",DOM,28680,264,266,140786,29173,Total,Urban,Women,Dominican Republic,2003
2.299999952316284,26,"8618,13639",DOM,28681,264,146,140785,29174,36 years and older,National,Both sexes,Dominican Republic,2004
2.299999952316284,26,"8618,13639",DOM,28681,264,265,140785,29174,36 years and older,National,Men,Dominican Republic,2004
2.299999952316284,26,"8618,13639",DOM,28681,264,266,140785,29174,36 years and older,National,Women,Dominican Republic,2004
2.299999952316284,26,8618,DOM,28681,264,146,140784,29174,Under 36 years old,National,Both sexes,Dominican Republic,2004
1.899999976158142,26,"8618,13639",DOM,28681,264,265,140784,29174,Under 36 years old,National,Men,Dominican Republic,2004
2.799999952316284,26,"8618,13639",DOM,28681,264,266,140784,29174,Under 36 years old,National,Women,Dominican Republic,2004
2.299999952316284,26,8618,DOM,28681,264,146,140786,29174,Total,National,Both sexes,Dominican Republic,2004
2,26,8618,DOM,28681,264,265,140786,29174,Total,National,Men,Dominican Republic,2004
2.5999999046325684,26,"8618,13639",DOM,28681,264,266,140786,29174,Total,National,Women,Dominican Republic,2004
0.6000000238418579,26,"8618,13639",DOM,28679,264,146,140785,29174,36 years and older,Rural,Both sexes,Dominican Republic,2004
0.800000011920929,26,"8618,13639",DOM,28679,264,265,140785,29174,36 years and older,Rural,Men,Dominican Republic,2004
0.30000001192092896,26,"8618,13639",DOM,28679,264,266,140785,29174,36 years and older,Rural,Women,Dominican Republic,2004
0.8999999761581421,26,"8618,13639",DOM,28679,264,146,140784,29174,Under 36 years old,Rural,Both sexes,Dominican Republic,2004
0.6000000238418579,26,"8618,13639",DOM,28679,264,265,140784,29174,Under 36 years old,Rural,Men,Dominican Republic,2004
1.2000000476837158,26,"8618,13639",DOM,28679,264,266,140784,29174,Under 36 years old,Rural,Women,Dominican Republic,2004
0.800000011920929,26,8618,DOM,28679,264,146,140786,29174,Total,Rural,Both sexes,Dominican Republic,2004
0.699999988079071,26,"8618,13639",DOM,28679,264,265,140786,29174,Total,Rural,Men,Dominican Republic,2004
0.8999999761581421,26,"8618,13639",DOM,28679,264,266,140786,29174,Total,Rural,Women,Dominican Republic,2004
7.300000190734863,26,"8618,13639",DOM,28680,264,146,140785,29174,36 years and older,Urban,Both sexes,Dominican Republic,2004
7.099999904632568,26,"8618,13639",DOM,28680,264,265,140785,29174,36 years and older,Urban,Men,Dominican Republic,2004
7.5,26,"8618,13639",DOM,28680,264,266,140785,29174,36 years and older,Urban,Women,Dominican Republic,2004
7,26,"8618,13639",DOM,28680,264,146,140784,29174,Under 36 years old,Urban,Both sexes,Dominican Republic,2004
6.5,26,"8618,13639",DOM,28680,264,265,140784,29174,Under 36 years old,Urban,Men,Dominican Republic,2004
7.5,26,"8618,13639",DOM,28680,264,266,140784,29174,Under 36 years old,Urban,Women,Dominican Republic,2004
7.099999904632568,26,"8618,13639",DOM,28680,264,146,140786,29174,Total,Urban,Both sexes,Dominican Republic,2004
6.699999809265137,26,"8618,13639",DOM,28680,264,265,140786,29174,Total,Urban,Men,Dominican Republic,2004
7.5,26,"8618,13639",DOM,28680,264,266,140786,29174,Total,Urban,Women,Dominican Republic,2004
2.5,26,"8618,13639",DOM,28681,264,146,140785,29175,36 years and older,National,Both sexes,Dominican Republic,2005
2.200000047683716,26,"8618,13639",DOM,28681,264,265,140785,29175,36 years and older,National,Men,Dominican Republic,2005
3,26,"8618,13639",DOM,28681,264,266,140785,29175,36 years and older,National,Women,Dominican Republic,2005
1.600000023841858,26,8618,DOM,28681,264,146,140784,29175,Under 36 years old,National,Both sexes,Dominican Republic,2005
1.399999976158142,26,"8618,13639",DOM,28681,264,265,140784,29175,Under 36 years old,National,Men,Dominican Republic,2005
1.7999999523162842,26,"8618,13639",DOM,28681,264,266,140784,29175,Under 36 years old,National,Women,Dominican Republic,2005
1.899999976158142,26,8618,DOM,28681,264,146,140786,29175,Total,National,Both sexes,Dominican Republic,2005
1.7000000476837158,26,"8618,13639",DOM,28681,264,265,140786,29175,Total,National,Men,Dominican Republic,2005
2.200000047683716,26,"8618,13639",DOM,28681,264,266,140786,29175,Total,National,Women,Dominican Republic,2005
9,26,"8618,13639",DOM,28680,264,146,140785,29175,36 years and older,Urban,Both sexes,Dominican Republic,2005
8,26,"8618,13639",DOM,28680,264,265,140785,29175,36 years and older,Urban,Men,Dominican Republic,2005
10.399999618530273,26,"8618,13639",DOM,28680,264,266,140785,29175,36 years and older,Urban,Women,Dominican Republic,2005
6.300000190734863,26,"8618,13639",DOM,28680,264,146,140784,29175,Under 36 years old,Urban,Both sexes,Dominican Republic,2005
5.400000095367432,26,"8618,13639",DOM,28680,264,265,140784,29175,Under 36 years old,Urban,Men,Dominican Republic,2005
7.300000190734863,26,"8618,13639",DOM,28680,264,266,140784,29175,Under 36 years old,Urban,Women,Dominican Republic,2005
7.300000190734863,26,"8618,13639",DOM,28680,264,146,140786,29175,Total,Urban,Both sexes,Dominican Republic,2005
6.400000095367432,26,"8618,13639",DOM,28680,264,265,140786,29175,Total,Urban,Men,Dominican Republic,2005
8.5,26,"8618,13639",DOM,28680,264,266,140786,29175,Total,Urban,Women,Dominican Republic,2005
3.0999999046325684,26,"8618,13639",DOM,28681,264,146,140785,29176,36 years and older,National,Both sexes,Dominican Republic,2006
2.700000047683716,26,"8618,13639",DOM,28681,264,265,140785,29176,36 years and older,National,Men,Dominican Republic,2006
3.5999999046325684,26,"8618,13639",DOM,28681,264,266,140785,29176,36 years and older,National,Women,Dominican Republic,2006
3,26,8618,DOM,28681,264,146,140784,29176,Under 36 years old,National,Both sexes,Dominican Republic,2006
3,26,"8618,13639",DOM,28681,264,265,140784,29176,Under 36 years old,National,Men,Dominican Republic,2006
3.0999999046325684,26,"8618,13639",DOM,28681,264,266,140784,29176,Under 36 years old,National,Women,Dominican Republic,2006
3,26,8618,DOM,28681,264,146,140786,29176,Total,National,Both sexes,Dominican Republic,2006
2.9000000953674316,26,8618,DOM,28681,264,265,140786,29176,Total,National,Men,Dominican Republic,2006
3.299999952316284,26,"8618,13639",DOM,28681,264,266,140786,29176,Total,National,Women,Dominican Republic,2006
0.6000000238418579,26,"8618,13639",DOM,28679,264,146,140785,29176,36 years and older,Rural,Both sexes,Dominican Republic,2006
0.5,26,"8618,13639",DOM,28679,264,265,140785,29176,36 years and older,Rural,Men,Dominican Republic,2006
0.699999988079071,26,"8618,13639",DOM,28679,264,266,140785,29176,36 years and older,Rural,Women,Dominican Republic,2006
0.5,26,"8618,13639",DOM,28679,264,146,140784,29176,Under 36 years old,Rural,Both sexes,Dominican Republic,2006
0.5,26,"8618,13639",DOM,28679,264,265,140784,29176,Under 36 years old,Rural,Men,Dominican Republic,2006
0.5,26,"8618,13639",DOM,28679,264,266,140784,29176,Under 36 years old,Rural,Women,Dominican Republic,2006
0.5,26,8618,DOM,28679,264,146,140786,29176,Total,Rural,Both sexes,Dominican Republic,2006
0.5,26,"8618,13639",DOM,28679,264,265,140786,29176,Total,Rural,Men,Dominican Republic,2006
0.5,26,"8618,13639",DOM,28679,264,266,140786,29176,Total,Rural,Women,Dominican Republic,2006
8.399999618530273,26,"8618,13639",DOM,28680,264,146,140785,29176,36 years and older,Urban,Both sexes,Dominican Republic,2006
7.599999904632568,26,"8618,13639",DOM,28680,264,265,140785,29176,36 years and older,Urban,Men,Dominican Republic,2006
9.300000190734863,26,"8618,13639",DOM,28680,264,266,140785,29176,36 years and older,Urban,Women,Dominican Republic,2006
8.600000381469727,26,"8618,13639",DOM,28680,264,146,140784,29176,Under 36 years old,Urban,Both sexes,Dominican Republic,2006
8.600000381469727,26,"8618,13639",DOM,28680,264,265,140784,29176,Under 36 years old,Urban,Men,Dominican Republic,2006
8.699999809265137,26,"8618,13639",DOM,28680,264,266,140784,29176,Under 36 years old,Urban,Women,Dominican Republic,2006
8.5,26,"8618,13639",DOM,28680,264,146,140786,29176,Total,Urban,Both sexes,Dominican Republic,2006
8.199999809265137,26,"8618,13639",DOM,28680,264,265,140786,29176,Total,Urban,Men,Dominican Republic,2006
9,26,"8618,13639",DOM,28680,264,266,140786,29176,Total,Urban,Women,Dominican Republic,2006
1.100000023841858,26,"8618,13639",DOM,28681,264,146,140785,29177,36 years and older,National,Both sexes,Dominican Republic,2007
1,26,"8618,13639",DOM,28681,264,265,140785,29177,36 years and older,National,Men,Dominican Republic,2007
1.2999999523162842,26,"8618,13639",DOM,28681,264,266,140785,29177,36 years and older,National,Women,Dominican Republic,2007
1.600000023841858,26,8618,DOM,28681,264,146,140784,29177,Under 36 years old,National,Both sexes,Dominican Republic,2007
1.899999976158142,26,"8618,13639",DOM,28681,264,265,140784,29177,Under 36 years old,National,Men,Dominican Republic,2007
1.2000000476837158,26,"8618,13639",DOM,28681,264,266,140784,29177,Under 36 years old,National,Women,Dominican Republic,2007
1.399999976158142,26,8618,DOM,28681,264,146,140786,29177,Total,National,Both sexes,Dominican Republic,2007
1.5,26,"8618,13639",DOM,28681,264,265,140786,29177,Total,National,Men,Dominican Republic,2007
1.2000000476837158,26,"8618,13639",DOM,28681,264,266,140786,29177,Total,National,Women,Dominican Republic,2007
1,26,"8618,13639",DOM,28679,264,146,140785,29177,36 years and older,Rural,Both sexes,Dominican Republic,2007
0.800000011920929,26,"8618,13639",DOM,28679,264,265,140785,29177,36 years and older,Rural,Men,Dominican Republic,2007
1.2000000476837158,26,"8618,13639",DOM,28679,264,266,140785,29177,36 years and older,Rural,Women,Dominican Republic,2007
0.800000011920929,26,"8618,13639",DOM,28679,264,146,140784,29177,Under 36 years old,Rural,Both sexes,Dominican Republic,2007
1.100000023841858,26,"8618,13639",DOM,28679,264,265,140784,29177,Under 36 years old,Rural,Men,Dominican Republic,2007
0.5,26,"8618,13639",DOM,28679,264,266,140784,29177,Under 36 years old,Rural,Women,Dominican Republic,2007
0.8999999761581421,26,8618,DOM,28679,264,146,140786,29177,Total,Rural,Both sexes,Dominican Republic,2007
1,26,"8618,13639",DOM,28679,264,265,140786,29177,Total,Rural,Men,Dominican Republic,2007
0.699999988079071,26,"8618,13639",DOM,28679,264,266,140786,29177,Total,Rural,Women,Dominican Republic,2007
1.399999976158142,26,"8618,13639",DOM,28680,264,146,140785,29177,36 years and older,Urban,Both sexes,Dominican Republic,2007
1.399999976158142,26,"8618,13639",DOM,28680,264,265,140785,29177,36 years and older,Urban,Men,Dominican Republic,2007
1.399999976158142,26,"8618,13639",DOM,28680,264,266,140785,29177,36 years and older,Urban,Women,Dominican Republic,2007
3.0999999046325684,26,"8618,13639",DOM,28680,264,146,140784,29177,Under 36 years old,Urban,Both sexes,Dominican Republic,2007
3.5,26,"8618,13639",DOM,28680,264,265,140784,29177,Under 36 years old,Urban,Men,Dominican Republic,2007
2.5999999046325684,26,"8618,13639",DOM,28680,264,266,140784,29177,Under 36 years old,Urban,Women,Dominican Republic,2007
2.5,26,"8618,13639",DOM,28680,264,146,140786,29177,Total,Urban,Both sexes,Dominican Republic,2007
2.700000047683716,26,"8618,13639",DOM,28680,264,265,140786,29177,Total,Urban,Men,Dominican Republic,2007
2.200000047683716,26,"8618,13639",DOM,28680,264,266,140786,29177,Total,Urban,Women,Dominican Republic,2007
3,26,8618,DOM,28681,264,146,140785,29178,36 years and older,National,Both sexes,Dominican Republic,2008
2.9000000953674316,26,"8618,13639",DOM,28681,264,265,140785,29178,36 years and older,National,Men,Dominican Republic,2008
3.299999952316284,26,"8618,13639",DOM,28681,264,266,140785,29178,36 years and older,National,Women,Dominican Republic,2008
2.0999999046325684,26,8618,DOM,28681,264,146,140784,29178,Under 36 years old,National,Both sexes,Dominican Republic,2008
2,26,8618,DOM,28681,264,265,140784,29178,Under 36 years old,National,Men,Dominican Republic,2008
2.0999999046325684,26,"8618,13639",DOM,28681,264,266,140784,29178,Under 36 years old,National,Women,Dominican Republic,2008
2.5,26,8618,DOM,28681,264,146,140786,29178,Total,National,Both sexes,Dominican Republic,2008
2.4000000953674316,26,8618,DOM,28681,264,265,140786,29178,Total,National,Men,Dominican Republic,2008
2.5,26,8618,DOM,28681,264,266,140786,29178,Total,National,Women,Dominican Republic,2008
2.200000047683716,26,"8618,13639",DOM,28679,264,146,140785,29178,36 years and older,Rural,Both sexes,Dominican Republic,2008
2.200000047683716,26,"8618,13639",DOM,28679,264,265,140785,29178,36 years and older,Rural,Men,Dominican Republic,2008
2.200000047683716,26,"8618,13639",DOM,28679,264,266,140785,29178,36 years and older,Rural,Women,Dominican Republic,2008
2,26,8618,DOM,28679,264,146,140784,29178,Under 36 years old,Rural,Both sexes,Dominican Republic,2008
2.200000047683716,26,"8618,13639",DOM,28679,264,265,140784,29178,Under 36 years old,Rural,Men,Dominican Republic,2008
1.7999999523162842,26,"8618,13639",DOM,28679,264,266,140784,29178,Under 36 years old,Rural,Women,Dominican Republic,2008
2.0999999046325684,26,8618,DOM,28679,264,146,140786,29178,Total,Rural,Both sexes,Dominican Republic,2008
2.200000047683716,26,8618,DOM,28679,264,265,140786,29178,Total,Rural,Men,Dominican Republic,2008
1.899999976158142,26,"8618,13639",DOM,28679,264,266,140786,29178,Total,Rural,Women,Dominican Republic,2008
4.900000095367432,26,"8618,13639",DOM,28680,264,146,140785,29178,36 years and older,Urban,Both sexes,Dominican Republic,2008
4.5,26,"8618,13639",DOM,28680,264,265,140785,29178,36 years and older,Urban,Men,Dominican Republic,2008
5.599999904632568,26,"8618,13639",DOM,28680,264,266,140785,29178,36 years and older,Urban,Women,Dominican Republic,2008
2.299999952316284,26,"8618,13639",DOM,28680,264,146,140784,29178,Under 36 years old,Urban,Both sexes,Dominican Republic,2008
1.7999999523162842,26,"8618,13639",DOM,28680,264,265,140784,29178,Under 36 years old,Urban,Men,Dominican Republic,2008
2.9000000953674316,26,"8618,13639",DOM,28680,264,266,140784,29178,Under 36 years old,Urban,Women,Dominican Republic,2008
3.299999952316284,26,"8618,13639",DOM,28680,264,146,140786,29178,Total,Urban,Both sexes,Dominican Republic,2008
2.9000000953674316,26,"8618,13639",DOM,28680,264,265,140786,29178,Total,Urban,Men,Dominican Republic,2008
3.9000000953674316,26,"8618,13639",DOM,28680,264,266,140786,29178,Total,Urban,Women,Dominican Republic,2008
7,26,8618,DOM,28681,264,146,140785,29179,36 years and older,National,Both sexes,Dominican Republic,2009
6.599999904632568,26,"8618,13639",DOM,28681,264,265,140785,29179,36 years and older,National,Men,Dominican Republic,2009
7.5,26,"8618,13639",DOM,28681,264,266,140785,29179,36 years and older,National,Women,Dominican Republic,2009
6.099999904632568,26,8618,DOM,28681,264,146,140784,29179,Under 36 years old,National,Both sexes,Dominican Republic,2009
5.099999904632568,26,"8618,13639",DOM,28681,264,265,140784,29179,Under 36 years old,National,Men,Dominican Republic,2009
7.300000190734863,26,"8618,13639",DOM,28681,264,266,140784,29179,Under 36 years old,National,Women,Dominican Republic,2009
6.400000095367432,26,8618,DOM,28681,264,146,140786,29179,Total,National,Both sexes,Dominican Republic,2009
5.800000190734863,26,8618,DOM,28681,264,265,140786,29179,Total,National,Men,Dominican Republic,2009
7.300000190734863,26,8618,DOM,28681,264,266,140786,29179,Total,National,Women,Dominican Republic,2009
3.200000047683716,26,"8618,13639",DOM,28679,264,146,140785,29179,36 years and older,Rural,Both sexes,Dominican Republic,2009
3.0999999046325684,26,"8618,13639",DOM,28679,264,265,140785,29179,36 years and older,Rural,Men,Dominican Republic,2009
3.5,26,"8618,13639",DOM,28679,264,266,140785,29179,36 years and older,Rural,Women,Dominican Republic,2009
2.9000000953674316,26,8618,DOM,28679,264,146,140784,29179,Under 36 years old,Rural,Both sexes,Dominican Republic,2009
2.5999999046325684,26,"8618,13639",DOM,28679,264,265,140784,29179,Under 36 years old,Rural,Men,Dominican Republic,2009
3.0999999046325684,26,"8618,13639",DOM,28679,264,266,140784,29179,Under 36 years old,Rural,Women,Dominican Republic,2009
3,26,8618,DOM,28679,264,146,140786,29179,Total,Rural,Both sexes,Dominican Republic,2009
2.799999952316284,26,8618,DOM,28679,264,265,140786,29179,Total,Rural,Men,Dominican Republic,2009
3.299999952316284,26,"8618,13639",DOM,28679,264,266,140786,29179,Total,Rural,Women,Dominican Republic,2009
13.5,26,"8618,13639",DOM,28680,264,146,140785,29179,36 years and older,Urban,Both sexes,Dominican Republic,2009
13.300000190734863,26,"8618,13639",DOM,28680,264,265,140785,29179,36 years and older,Urban,Men,Dominican Republic,2009
13.800000190734863,26,"8618,13639",DOM,28680,264,266,140785,29179,36 years and older,Urban,Women,Dominican Republic,2009
12.300000190734863,26,"8618,13639",DOM,28680,264,146,140784,29179,Under 36 years old,Urban,Both sexes,Dominican Republic,2009
10,26,"8618,13639",DOM,28680,264,265,140784,29179,Under 36 years old,Urban,Men,Dominican Republic,2009
14.899999618530273,26,"8618,13639",DOM,28680,264,266,140784,29179,Under 36 years old,Urban,Women,Dominican Republic,2009
12.800000190734863,26,"8618,13639",DOM,28680,264,146,140786,29179,Total,Urban,Both sexes,Dominican Republic,2009
11.399999618530273,26,"8618,13639",DOM,28680,264,265,140786,29179,Total,Urban,Men,Dominican Republic,2009
14.399999618530273,26,"8618,13639",DOM,28680,264,266,140786,29179,Total,Urban,Women,Dominican Republic,2009
6.599999904632568,26,8618,DOM,28681,264,146,140785,29180,36 years and older,National,Both sexes,Dominican Republic,2010
6.400000095367432,26,"8618,13639",DOM,28681,264,265,140785,29180,36 years and older,National,Men,Dominican Republic,2010
7,26,"8618,13639",DOM,28681,264,266,140785,29180,36 years and older,National,Women,Dominican Republic,2010
5.599999904632568,26,8618,DOM,28681,264,146,140784,29180,Under 36 years old,National,Both sexes,Dominican Republic,2010
5.300000190734863,26,8618,DOM,28681,264,265,140784,29180,Under 36 years old,National,Men,Dominican Republic,2010
5.900000095367432,26,"8618,13639",DOM,28681,264,266,140784,29180,Under 36 years old,National,Women,Dominican Republic,2010
6,26,8618,DOM,28681,264,146,140786,29180,Total,National,Both sexes,Dominican Republic,2010
5.800000190734863,26,8618,DOM,28681,264,265,140786,29180,Total,National,Men,Dominican Republic,2010
6.300000190734863,26,8618,DOM,28681,264,266,140786,29180,Total,National,Women,Dominican Republic,2010
3.9000000953674316,26,"8618,13639",DOM,28679,264,146,140785,29180,36 years and older,Rural,Both sexes,Dominican Republic,2010
3.9000000953674316,26,"8618,13639",DOM,28679,264,265,140785,29180,36 years and older,Rural,Men,Dominican Republic,2010
4.099999904632568,26,"8618,13639",DOM,28679,264,266,140785,29180,36 years and older,Rural,Women,Dominican Republic,2010
4.099999904632568,26,8618,DOM,28679,264,146,140784,29180,Under 36 years old,Rural,Both sexes,Dominican Republic,2010
3.700000047683716,26,"8618,13639",DOM,28679,264,265,140784,29180,Under 36 years old,Rural,Men,Dominican Republic,2010
4.599999904632568,26,"8618,13639",DOM,28679,264,266,140784,29180,Under 36 years old,Rural,Women,Dominican Republic,2010
4,26,8618,DOM,28679,264,146,140786,29180,Total,Rural,Both sexes,Dominican Republic,2010
3.799999952316284,26,8618,DOM,28679,264,265,140786,29180,Total,Rural,Men,Dominican Republic,2010
4.400000095367432,26,"8618,13639",DOM,28679,264,266,140786,29180,Total,Rural,Women,Dominican Republic,2010
11.800000190734863,26,"8618,13639",DOM,28680,264,146,140785,29180,36 years and older,Urban,Both sexes,Dominican Republic,2010
11.600000381469727,26,"8618,13639",DOM,28680,264,265,140785,29180,36 years and older,Urban,Men,Dominican Republic,2010
12,26,"8618,13639",DOM,28680,264,266,140785,29180,36 years and older,Urban,Women,Dominican Republic,2010
8.600000381469727,26,"8618,13639",DOM,28680,264,146,140784,29180,Under 36 years old,Urban,Both sexes,Dominican Republic,2010
8.600000381469727,26,"8618,13639",DOM,28680,264,265,140784,29180,Under 36 years old,Urban,Men,Dominican Republic,2010
8.699999809265137,26,"8618,13639",DOM,28680,264,266,140784,29180,Under 36 years old,Urban,Women,Dominican Republic,2010
9.899999618530273,26,"8618,13639",DOM,28680,264,146,140786,29180,Total,Urban,Both sexes,Dominican Republic,2010
9.800000190734863,26,"8618,13639",DOM,28680,264,265,140786,29180,Total,Urban,Men,Dominican Republic,2010
10,26,"8618,13639",DOM,28680,264,266,140786,29180,Total,Urban,Women,Dominican Republic,2010
5.5,26,8618,DOM,28681,264,146,140785,29181,36 years and older,National,Both sexes,Dominican Republic,2011
5.300000190734863,26,"8618,13639",DOM,28681,264,265,140785,29181,36 years and older,National,Men,Dominican Republic,2011
5.699999809265137,26,"8618,13639",DOM,28681,264,266,140785,29181,36 years and older,National,Women,Dominican Republic,2011
5.400000095367432,26,8618,DOM,28681,264,146,140784,29181,Under 36 years old,National,Both sexes,Dominican Republic,2011
4.599999904632568,26,8618,DOM,28681,264,265,140784,29181,Under 36 years old,National,Men,Dominican Republic,2011
6.300000190734863,26,"8618,13639",DOM,28681,264,266,140784,29181,Under 36 years old,National,Women,Dominican Republic,2011
5.400000095367432,26,8618,DOM,28681,264,146,140786,29181,Total,National,Both sexes,Dominican Republic,2011
4.900000095367432,26,8618,DOM,28681,264,265,140786,29181,Total,National,Men,Dominican Republic,2011
6.099999904632568,26,8618,DOM,28681,264,266,140786,29181,Total,National,Women,Dominican Republic,2011
3.799999952316284,26,"8618,13639",DOM,28679,264,146,140785,29181,36 years and older,Rural,Both sexes,Dominican Republic,2011
3.5999999046325684,26,"8618,13639",DOM,28679,264,265,140785,29181,36 years and older,Rural,Men,Dominican Republic,2011
4,26,"8618,13639",DOM,28679,264,266,140785,29181,36 years and older,Rural,Women,Dominican Republic,2011
4.300000190734863,26,8618,DOM,28679,264,146,140784,29181,Under 36 years old,Rural,Both sexes,Dominican Republic,2011
3.5999999046325684,26,"8618,13639",DOM,28679,264,265,140784,29181,Under 36 years old,Rural,Men,Dominican Republic,2011
5.300000190734863,26,"8618,13639",DOM,28679,264,266,140784,29181,Under 36 years old,Rural,Women,Dominican Republic,2011
4.099999904632568,26,8618,DOM,28679,264,146,140786,29181,Total,Rural,Both sexes,Dominican Republic,2011
3.5999999046325684,26,8618,DOM,28679,264,265,140786,29181,Total,Rural,Men,Dominican Republic,2011
4.800000190734863,26,"8618,13639",DOM,28679,264,266,140786,29181,Total,Rural,Women,Dominican Republic,2011
9.600000381469727,26,"8618,13639",DOM,28680,264,146,140785,29181,36 years and older,Urban,Both sexes,Dominican Republic,2011
9.5,26,"8618,13639",DOM,28680,264,265,140785,29181,36 years and older,Urban,Men,Dominican Republic,2011
9.699999809265137,26,"8618,13639",DOM,28680,264,266,140785,29181,36 years and older,Urban,Women,Dominican Republic,2011
7.699999809265137,26,"8618,13639",DOM,28680,264,146,140784,29181,Under 36 years old,Urban,Both sexes,Dominican Republic,2011
6.900000095367432,26,"8618,13639",DOM,28680,264,265,140784,29181,Under 36 years old,Urban,Men,Dominican Republic,2011
8.600000381469727,26,"8618,13639",DOM,28680,264,266,140784,29181,Under 36 years old,Urban,Women,Dominican Republic,2011
8.399999618530273,26,"8618,13639",DOM,28680,264,146,140786,29181,Total,Urban,Both sexes,Dominican Republic,2011
7.900000095367432,26,"8618,13639",DOM,28680,264,265,140786,29181,Total,Urban,Men,Dominican Republic,2011
9,26,"8618,13639",DOM,28680,264,266,140786,29181,Total,Urban,Women,Dominican Republic,2011
5.800000190734863,26,8618,DOM,28681,264,146,140785,29182,36 years and older,National,Both sexes,Dominican Republic,2012
5.199999809265137,26,"8618,13639",DOM,28681,264,265,140785,29182,36 years and older,National,Men,Dominican Republic,2012
6.599999904632568,26,"8618,13639",DOM,28681,264,266,140785,29182,36 years and older,National,Women,Dominican Republic,2012
5.900000095367432,26,8618,DOM,28681,264,146,140784,29182,Under 36 years old,National,Both sexes,Dominican Republic,2012
5.300000190734863,26,"8618,13639",DOM,28681,264,265,140784,29182,Under 36 years old,National,Men,Dominican Republic,2012
6.599999904632568,26,"8618,13639",DOM,28681,264,266,140784,29182,Under 36 years old,National,Women,Dominican Republic,2012
5.800000190734863,26,8618,DOM,28681,264,146,140786,29182,Total,National,Both sexes,Dominican Republic,2012
5.300000190734863,26,8618,DOM,28681,264,265,140786,29182,Total,National,Men,Dominican Republic,2012
6.599999904632568,26,8618,DOM,28681,264,266,140786,29182,Total,National,Women,Dominican Republic,2012
3.5999999046325684,26,"8618,13639",DOM,28679,264,146,140785,29182,36 years and older,Rural,Both sexes,Dominican Republic,2012
3.299999952316284,26,"8618,13639",DOM,28679,264,265,140785,29182,36 years and older,Rural,Men,Dominican Republic,2012
4,26,"8618,13639",DOM,28679,264,266,140785,29182,36 years and older,Rural,Women,Dominican Republic,2012
4.400000095367432,26,8618,DOM,28679,264,146,140784,29182,Under 36 years old,Rural,Both sexes,Dominican Republic,2012
4.099999904632568,26,"8618,13639",DOM,28679,264,265,140784,29182,Under 36 years old,Rural,Men,Dominican Republic,2012
4.800000190734863,26,"8618,13639",DOM,28679,264,266,140784,29182,Under 36 years old,Rural,Women,Dominican Republic,2012
4.099999904632568,26,8618,DOM,28679,264,146,140786,29182,Total,Rural,Both sexes,Dominican Republic,2012
3.700000047683716,26,8618,DOM,28679,264,265,140786,29182,Total,Rural,Men,Dominican Republic,2012
4.5,26,"8618,13639",DOM,28679,264,266,140786,29182,Total,Rural,Women,Dominican Republic,2012
10.300000190734863,26,"8618,13639",DOM,28680,264,146,140785,29182,36 years and older,Urban,Both sexes,Dominican Republic,2012
9.399999618530273,26,"8618,13639",DOM,28680,264,265,140785,29182,36 years and older,Urban,Men,Dominican Republic,2012
11.399999618530273,26,"8618,13639",DOM,28680,264,266,140785,29182,36 years and older,Urban,Women,Dominican Republic,2012
8.800000190734863,26,"8618,13639",DOM,28680,264,146,140784,29182,Under 36 years old,Urban,Both sexes,Dominican Republic,2012
7.800000190734863,26,"8618,13639",DOM,28680,264,265,140784,29182,Under 36 years old,Urban,Men,Dominican Republic,2012
10.199999809265137,26,"8618,13639",DOM,28680,264,266,140784,29182,Under 36 years old,Urban,Women,Dominican Republic,2012
9.399999618530273,26,"8618,13639",DOM,28680,264,146,140786,29182,Total,Urban,Both sexes,Dominican Republic,2012
8.399999618530273,26,"8618,13639",DOM,28680,264,265,140786,29182,Total,Urban,Men,Dominican Republic,2012
10.699999809265137,26,"8618,13639",DOM,28680,264,266,140786,29182,Total,Urban,Women,Dominican Republic,2012
5.5,26,8618,DOM,28681,264,146,140785,29183,36 years and older,National,Both sexes,Dominican Republic,2013
5.199999809265137,26,"8618,13639",DOM,28681,264,265,140785,29183,36 years and older,National,Men,Dominican Republic,2013
6,26,"8618,13639",DOM,28681,264,266,140785,29183,36 years and older,National,Women,Dominican Republic,2013
6.5,26,8618,DOM,28681,264,146,140784,29183,Under 36 years old,National,Both sexes,Dominican Republic,2013
5.699999809265137,26,"8618,13639",DOM,28681,264,265,140784,29183,Under 36 years old,National,Men,Dominican Republic,2013
7.400000095367432,26,"8618,13639",DOM,28681,264,266,140784,29183,Under 36 years old,National,Women,Dominican Republic,2013
6.099999904632568,26,8618,DOM,28681,264,146,140786,29183,Total,National,Both sexes,Dominican Republic,2013
5.5,26,8618,DOM,28681,264,265,140786,29183,Total,National,Men,Dominican Republic,2013
6.900000095367432,26,8618,DOM,28681,264,266,140786,29183,Total,National,Women,Dominican Republic,2013
3.5999999046325684,26,"8618,13639",DOM,28679,264,146,140785,29183,36 years and older,Rural,Both sexes,Dominican Republic,2013
3.299999952316284,26,"8618,13639",DOM,28679,264,265,140785,29183,36 years and older,Rural,Men,Dominican Republic,2013
4,26,"8618,13639",DOM,28679,264,266,140785,29183,36 years and older,Rural,Women,Dominican Republic,2013
3.9000000953674316,26,8618,DOM,28679,264,146,140784,29183,Under 36 years old,Rural,Both sexes,Dominican Republic,2013
3.9000000953674316,26,"8618,13639",DOM,28679,264,265,140784,29183,Under 36 years old,Rural,Men,Dominican Republic,2013
3.799999952316284,26,"8618,13639",DOM,28679,264,266,140784,29183,Under 36 years old,Rural,Women,Dominican Republic,2013
3.700000047683716,26,8618,DOM,28679,264,146,140786,29183,Total,Rural,Both sexes,Dominican Republic,2013
3.5999999046325684,26,8618,DOM,28679,264,265,140786,29183,Total,Rural,Men,Dominican Republic,2013
3.9000000953674316,26,"8618,13639",DOM,28679,264,266,140786,29183,Total,Rural,Women,Dominican Republic,2013
9.800000190734863,26,"8618,13639",DOM,28680,264,146,140785,29183,36 years and older,Urban,Both sexes,Dominican Republic,2013
9.600000381469727,26,"8618,13639",DOM,28680,264,265,140785,29183,36 years and older,Urban,Men,Dominican Republic,2013
10,26,"8618,13639",DOM,28680,264,266,140785,29183,36 years and older,Urban,Women,Dominican Republic,2013
12.399999618530273,26,"8618,13639",DOM,28680,264,146,140784,29183,Under 36 years old,Urban,Both sexes,Dominican Republic,2013
9.899999618530273,26,"8618,13639",DOM,28680,264,265,140784,29183,Under 36 years old,Urban,Men,Dominican Republic,2013
15.300000190734863,26,"8618,13639",DOM,28680,264,266,140784,29183,Under 36 years old,Urban,Women,Dominican Republic,2013
11.300000190734863,26,"8618,13639",DOM,28680,264,146,140786,29183,Total,Urban,Both sexes,Dominican Republic,2013
9.800000190734863,26,"8618,13639",DOM,28680,264,265,140786,29183,Total,Urban,Men,Dominican Republic,2013
13.100000381469727,26,"8618,13639",DOM,28680,264,266,140786,29183,Total,Urban,Women,Dominican Republic,2013
13.199999809265137,26,8618,DOM,28681,264,146,140785,29184,36 years and older,National,Both sexes,Dominican Republic,2014
9.5,26,"8618,13639",DOM,28681,264,265,140785,29184,36 years and older,National,Men,Dominican Republic,2014
18.299999237060547,26,"8618,13639",DOM,28681,264,266,140785,29184,36 years and older,National,Women,Dominican Republic,2014
7.5,26,8618,DOM,28681,264,146,140784,29184,Under 36 years old,National,Both sexes,Dominican Republic,2014
6.5,26,"8618,13639",DOM,28681,264,265,140784,29184,Under 36 years old,National,Men,Dominican Republic,2014
8.800000190734863,26,"8618,13639",DOM,28681,264,266,140784,29184,Under 36 years old,National,Women,Dominican Republic,2014
10.100000381469727,26,8618,DOM,28681,264,146,140786,29184,Total,National,Both sexes,Dominican Republic,2014
7.900000095367432,26,8618,DOM,28681,264,265,140786,29184,Total,National,Men,Dominican Republic,2014
12.800000190734863,26,8618,DOM,28681,264,266,140786,29184,Total,National,Women,Dominican Republic,2014
4.199999809265137,26,"8618,13639",DOM,28679,264,146,140785,29184,36 years and older,Rural,Both sexes,Dominican Republic,2014
3.9000000953674316,26,"8618,13639",DOM,28679,264,265,140785,29184,36 years and older,Rural,Men,Dominican Republic,2014
4.699999809265137,26,"8618,13639",DOM,28679,264,266,140785,29184,36 years and older,Rural,Women,Dominican Republic,2014
4.800000190734863,26,8618,DOM,28679,264,146,140784,29184,Under 36 years old,Rural,Both sexes,Dominican Republic,2014
4.599999904632568,26,"8618,13639",DOM,28679,264,265,140784,29184,Under 36 years old,Rural,Men,Dominican Republic,2014
5,26,"8618,13639",DOM,28679,264,266,140784,29184,Under 36 years old,Rural,Women,Dominican Republic,2014
4.5,26,8618,DOM,28679,264,146,140786,29184,Total,Rural,Both sexes,Dominican Republic,2014
4.300000190734863,26,8618,DOM,28679,264,265,140786,29184,Total,Rural,Men,Dominican Republic,2014
4.800000190734863,26,"8618,13639",DOM,28679,264,266,140786,29184,Total,Rural,Women,Dominican Republic,2014
27.399999618530273,26,"8618,13639",DOM,28680,264,146,140785,29184,36 years and older,Urban,Both sexes,Dominican Republic,2014
19.600000381469727,26,"8618,13639",DOM,28680,264,265,140785,29184,36 years and older,Urban,Men,Dominican Republic,2014
36,26,"8618,13639",DOM,28680,264,266,140785,29184,36 years and older,Urban,Women,Dominican Republic,2014
12.800000190734863,26,"8618,13639",DOM,28680,264,146,140784,29184,Under 36 years old,Urban,Both sexes,Dominican Republic,2014
10,26,"8618,13639",DOM,28680,264,265,140784,29184,Under 36 years old,Urban,Men,Dominican Republic,2014
15.699999809265137,26,"8618,13639",DOM,28680,264,266,140784,29184,Under 36 years old,Urban,Women,Dominican Republic,2014
19.799999237060547,26,"8618,13639",DOM,28680,264,146,140786,29184,Total,Urban,Both sexes,Dominican Republic,2014
14.600000381469727,26,"8618,13639",DOM,28680,264,265,140786,29184,Total,Urban,Men,Dominican Republic,2014
25.399999618530273,26,"8618,13639",DOM,28680,264,266,140786,29184,Total,Urban,Women,Dominican Republic,2014
8.399999618530273,26,"8618,13639",DOM,28681,264,146,140785,29185,36 years and older,National,Both sexes,Dominican Republic,2015
6.900000095367432,26,"8618,13639",DOM,28681,264,265,140785,29185,36 years and older,National,Men,Dominican Republic,2015
10.5,26,"8618,13639",DOM,28681,264,266,140785,29185,36 years and older,National,Women,Dominican Republic,2015
8.800000190734863,26,8618,DOM,28681,264,146,140784,29185,Under 36 years old,National,Both sexes,Dominican Republic,2015
8.800000190734863,26,"8618,13639",DOM,28681,264,265,140784,29185,Under 36 years old,National,Men,Dominican Republic,2015
8.699999809265137,26,"8618,13639",DOM,28681,264,266,140784,29185,Under 36 years old,National,Women,Dominican Republic,2015
8.600000381469727,26,8618,DOM,28681,264,146,140786,29185,Total,National,Both sexes,Dominican Republic,2015
8,26,8618,DOM,28681,264,265,140786,29185,Total,National,Men,Dominican Republic,2015
9.5,26,8618,DOM,28681,264,266,140786,29185,Total,National,Women,Dominican Republic,2015
4,26,"8618,13639",DOM,28679,264,146,140785,29185,36 years and older,Rural,Both sexes,Dominican Republic,2015
3.5,26,"8618,13639",DOM,28679,264,265,140785,29185,36 years and older,Rural,Men,Dominican Republic,2015
4.599999904632568,26,"8618,13639",DOM,28679,264,266,140785,29185,36 years and older,Rural,Women,Dominican Republic,2015
4.199999809265137,26,"8618,13639",DOM,28679,264,146,140784,29185,Under 36 years old,Rural,Both sexes,Dominican Republic,2015
4.099999904632568,26,"8618,13639",DOM,28679,264,265,140784,29185,Under 36 years old,Rural,Men,Dominican Republic,2015
4.300000190734863,26,"8618,13639",DOM,28679,264,266,140784,29185,Under 36 years old,Rural,Women,Dominican Republic,2015
4.099999904632568,26,8618,DOM,28679,264,146,140786,29185,Total,Rural,Both sexes,Dominican Republic,2015
3.799999952316284,26,"8618,13639",DOM,28679,264,265,140786,29185,Total,Rural,Men,Dominican Republic,2015
4.400000095367432,26,"8618,13639",DOM,28679,264,266,140786,29185,Total,Rural,Women,Dominican Republic,2015
15.5,26,"8618,13639",DOM,28680,264,146,140785,29185,36 years and older,Urban,Both sexes,Dominican Republic,2015
12.899999618530273,26,"8618,13639",DOM,28680,264,265,140785,29185,36 years and older,Urban,Men,Dominican Republic,2015
18.899999618530273,26,"8618,13639",DOM,28680,264,266,140785,29185,36 years and older,Urban,Women,Dominican Republic,2015
17.299999237060547,26,"8618,13639",DOM,28680,264,146,140784,29185,Under 36 years old,Urban,Both sexes,Dominican Republic,2015
17.600000381469727,26,"8618,13639",DOM,28680,264,265,140784,29185,Under 36 years old,Urban,Men,Dominican Republic,2015
16.799999237060547,26,"8618,13639",DOM,28680,264,266,140784,29185,Under 36 years old,Urban,Women,Dominican Republic,2015
16.5,26,"8618,13639",DOM,28680,264,146,140786,29185,Total,Urban,Both sexes,Dominican Republic,2015
15.399999618530273,26,"8618,13639",DOM,28680,264,265,140786,29185,Total,Urban,Men,Dominican Republic,2015
17.799999237060547,26,"8618,13639",DOM,28680,264,266,140786,29185,Total,Urban,Women,Dominican Republic,2015
8.100000381469727,26,8618,DOM,28681,264,146,140785,29186,36 years and older,National,Both sexes,Dominican Republic,2016
7,26,8618,DOM,28681,264,265,140785,29186,36 years and older,National,Men,Dominican Republic,2016
9.800000190734863,26,"8618,13639",DOM,28681,264,266,140785,29186,36 years and older,National,Women,Dominican Republic,2016
8.899999618530273,26,8618,DOM,28681,264,146,140784,29186,Under 36 years old,National,Both sexes,Dominican Republic,2016
9.300000190734863,26,8618,DOM,28681,264,265,140784,29186,Under 36 years old,National,Men,Dominican Republic,2016
8.399999618530273,26,8618,DOM,28681,264,266,140784,29186,Under 36 years old,National,Women,Dominican Republic,2016
8.600000381469727,26,8618,DOM,28681,264,146,140786,29186,Total,National,Both sexes,Dominican Republic,2016
8.300000190734863,26,8618,DOM,28681,264,265,140786,29186,Total,National,Men,Dominican Republic,2016
9,26,8618,DOM,28681,264,266,140786,29186,Total,National,Women,Dominican Republic,2016
4.599999904632568,26,8618,DOM,28679,264,146,140785,29186,36 years and older,Rural,Both sexes,Dominican Republic,2016
4,26,"8618,13639",DOM,28679,264,265,140785,29186,36 years and older,Rural,Men,Dominican Republic,2016
5.699999809265137,26,"8618,13639",DOM,28679,264,266,140785,29186,36 years and older,Rural,Women,Dominican Republic,2016
4,26,8618,DOM,28679,264,146,140784,29186,Under 36 years old,Rural,Both sexes,Dominican Republic,2016
3.700000047683716,26,"8618,13639",DOM,28679,264,265,140784,29186,Under 36 years old,Rural,Men,Dominican Republic,2016
4.300000190734863,26,"8618,13639",DOM,28679,264,266,140784,29186,Under 36 years old,Rural,Women,Dominican Republic,2016
4.300000190734863,26,8618,DOM,28679,264,146,140786,29186,Total,Rural,Both sexes,Dominican Republic,2016
3.799999952316284,26,8618,DOM,28679,264,265,140786,29186,Total,Rural,Men,Dominican Republic,2016
4.900000095367432,26,8618,DOM,28679,264,266,140786,29186,Total,Rural,Women,Dominican Republic,2016
13.100000381469727,26,"8618,13639",DOM,28680,264,146,140785,29186,36 years and older,Urban,Both sexes,Dominican Republic,2016
11.600000381469727,26,"8618,13639",DOM,28680,264,265,140785,29186,36 years and older,Urban,Men,Dominican Republic,2016
15.100000381469727,26,"8618,13639",DOM,28680,264,266,140785,29186,36 years and older,Urban,Women,Dominican Republic,2016
14.800000190734863,26,"8618,13639",DOM,28680,264,146,140784,29186,Under 36 years old,Urban,Both sexes,Dominican Republic,2016
15.699999809265137,26,"8618,13639",DOM,28680,264,265,140784,29186,Under 36 years old,Urban,Men,Dominican Republic,2016
13.600000381469727,26,"8618,13639",DOM,28680,264,266,140784,29186,Under 36 years old,Urban,Women,Dominican Republic,2016
14.100000381469727,26,8618,DOM,28680,264,146,140786,29186,Total,Urban,Both sexes,Dominican Republic,2016
14,26,"8618,13639",DOM,28680,264,265,140786,29186,Total,Urban,Men,Dominican Republic,2016
14.199999809265137,26,"8618,13639",DOM,28680,264,266,140786,29186,Total,Urban,Women,Dominican Republic,2016
6.599999904632568,26,8619,DOM,28681,264,146,140785,29187,36 years and older,National,Both sexes,Dominican Republic,2017
6,26,8619,DOM,28681,264,265,140785,29187,36 years and older,National,Men,Dominican Republic,2017
7.5,26,"8619,13639",DOM,28681,264,266,140785,29187,36 years and older,National,Women,Dominican Republic,2017
7.400000095367432,26,8619,DOM,28681,264,146,140784,29187,Under 36 years old,National,Both sexes,Dominican Republic,2017
7.599999904632568,26,8619,DOM,28681,264,265,140784,29187,Under 36 years old,National,Men,Dominican Republic,2017
7.099999904632568,26,8619,DOM,28681,264,266,140784,29187,Under 36 years old,National,Women,Dominican Republic,2017
7,26,8619,DOM,28681,264,146,140786,29187,Total,National,Both sexes,Dominican Republic,2017
6.900000095367432,26,8619,DOM,28681,264,265,140786,29187,Total,National,Men,Dominican Republic,2017
7.199999809265137,26,8619,DOM,28681,264,266,140786,29187,Total,National,Women,Dominican Republic,2017
3.700000047683716,26,8619,DOM,28679,264,146,140785,29187,36 years and older,Rural,Both sexes,Dominican Republic,2017
3.4000000953674316,26,"8619,13639",DOM,28679,264,265,140785,29187,36 years and older,Rural,Men,Dominican Republic,2017
4,26,"8619,13639",DOM,28679,264,266,140785,29187,36 years and older,Rural,Women,Dominican Republic,2017
3.299999952316284,26,8619,DOM,28679,264,146,140784,29187,Under 36 years old,Rural,Both sexes,Dominican Republic,2017
3.5999999046325684,26,"8619,13639",DOM,28679,264,265,140784,29187,Under 36 years old,Rural,Men,Dominican Republic,2017
2.799999952316284,26,"8619,13639",DOM,28679,264,266,140784,29187,Under 36 years old,Rural,Women,Dominican Republic,2017
3.4000000953674316,26,8619,DOM,28679,264,146,140786,29187,Total,Rural,Both sexes,Dominican Republic,2017
3.5,26,8619,DOM,28679,264,265,140786,29187,Total,Rural,Men,Dominican Republic,2017
3.299999952316284,26,8619,DOM,28679,264,266,140786,29187,Total,Rural,Women,Dominican Republic,2017
10.5,26,"8619,13639",DOM,28680,264,146,140785,29187,36 years and older,Urban,Both sexes,Dominican Republic,2017
9.5,26,"8619,13639",DOM,28680,264,265,140785,29187,36 years and older,Urban,Men,Dominican Republic,2017
11.899999618530273,26,"8619,13639",DOM,28680,264,266,140785,29187,36 years and older,Urban,Women,Dominican Republic,2017
12.600000381469727,26,"8619,13639",DOM,28680,264,146,140784,29187,Under 36 years old,Urban,Both sexes,Dominican Republic,2017
12.699999809265137,26,"8619,13639",DOM,28680,264,265,140784,29187,Under 36 years old,Urban,Men,Dominican Republic,2017
12.600000381469727,26,"8619,13639",DOM,28680,264,266,140784,29187,Under 36 years old,Urban,Women,Dominican Republic,2017
11.699999809265137,26,8619,DOM,28680,264,146,140786,29187,Total,Urban,Both sexes,Dominican Republic,2017
11.300000190734863,26,"8619,13639",DOM,28680,264,265,140786,29187,Total,Urban,Men,Dominican Republic,2017
12.300000190734863,26,"8619,13639",DOM,28680,264,266,140786,29187,Total,Urban,Women,Dominican Republic,2017
8,26,8619,DOM,28681,264,146,140785,29188,36 years and older,National,Both sexes,Dominican Republic,2018
7.199999809265137,26,8619,DOM,28681,264,265,140785,29188,36 years and older,National,Men,Dominican Republic,2018
9.199999809265137,26,"8619,13639",DOM,28681,264,266,140785,29188,36 years and older,National,Women,Dominican Republic,2018
8.699999809265137,26,8619,DOM,28681,264,146,140784,29188,Under 36 years old,National,Both sexes,Dominican Republic,2018
7.900000095367432,26,8619,DOM,28681,264,265,140784,29188,Under 36 years old,National,Men,Dominican Republic,2018
9.600000381469727,26,8619,DOM,28681,264,266,140784,29188,Under 36 years old,National,Women,Dominican Republic,2018
8.399999618530273,26,8619,DOM,28681,264,146,140786,29188,Total,National,Both sexes,Dominican Republic,2018
7.599999904632568,26,8619,DOM,28681,264,265,140786,29188,Total,National,Men,Dominican Republic,2018
9.399999618530273,26,8619,DOM,28681,264,266,140786,29188,Total,National,Women,Dominican Republic,2018
3.5999999046325684,26,8619,DOM,28679,264,146,140785,29188,36 years and older,Rural,Both sexes,Dominican Republic,2018
3.4000000953674316,26,"8619,13639",DOM,28679,264,265,140785,29188,36 years and older,Rural,Men,Dominican Republic,2018
4,26,"8619,13639",DOM,28679,264,266,140785,29188,36 years and older,Rural,Women,Dominican Republic,2018
3.4000000953674316,26,8619,DOM,28679,264,146,140784,29188,Under 36 years old,Rural,Both sexes,Dominican Republic,2018
2.5999999046325684,26,"8619,13639",DOM,28679,264,265,140784,29188,Under 36 years old,Rural,Men,Dominican Republic,2018
4.300000190734863,26,"8619,13639",DOM,28679,264,266,140784,29188,Under 36 years old,Rural,Women,Dominican Republic,2018
3.5,26,8619,DOM,28679,264,146,140786,29188,Total,Rural,Both sexes,Dominican Republic,2018
3,26,8619,DOM,28679,264,265,140786,29188,Total,Rural,Men,Dominican Republic,2018
4.199999809265137,26,8619,DOM,28679,264,266,140786,29188,Total,Rural,Women,Dominican Republic,2018
13.300000190734863,26,"8619,13639",DOM,28680,264,146,140785,29188,36 years and older,Urban,Both sexes,Dominican Republic,2018
12,26,"8619,13639",DOM,28680,264,265,140785,29188,36 years and older,Urban,Men,Dominican Republic,2018
15.300000190734863,26,"8619,13639",DOM,28680,264,266,140785,29188,36 years and older,Urban,Women,Dominican Republic,2018
15.399999618530273,26,"8619,13639",DOM,28680,264,146,140784,29188,Under 36 years old,Urban,Both sexes,Dominican Republic,2018
14.800000190734863,26,"8619,13639",DOM,28680,264,265,140784,29188,Under 36 years old,Urban,Men,Dominican Republic,2018
16,26,"8619,13639",DOM,28680,264,266,140784,29188,Under 36 years old,Urban,Women,Dominican Republic,2018
14.399999618530273,26,8619,DOM,28680,264,146,140786,29188,Total,Urban,Both sexes,Dominican Republic,2018
13.399999618530273,26,"8619,13639",DOM,28680,264,265,140786,29188,Total,Urban,Men,Dominican Republic,2018
15.699999809265137,26,"8619,13639",DOM,28680,264,266,140786,29188,Total,Urban,Women,Dominican Republic,2018
7.800000190734863,26,8619,DOM,28681,264,146,140785,29189,36 years and older,National,Both sexes,Dominican Republic,2019
6.900000095367432,26,8619,DOM,28681,264,265,140785,29189,36 years and older,National,Men,Dominican Republic,2019
9.100000381469727,26,"8619,13639",DOM,28681,264,266,140785,29189,36 years and older,National,Women,Dominican Republic,2019
6,26,8619,DOM,28681,264,146,140784,29189,Under 36 years old,National,Both sexes,Dominican Republic,2019
5.599999904632568,26,8619,DOM,28681,264,265,140784,29189,Under 36 years old,National,Men,Dominican Republic,2019
6.5,26,8619,DOM,28681,264,266,140784,29189,Under 36 years old,National,Women,Dominican Republic,2019
6.900000095367432,26,8619,DOM,28681,264,146,140786,29189,Total,National,Both sexes,Dominican Republic,2019
6.300000190734863,26,8619,DOM,28681,264,265,140786,29189,Total,National,Men,Dominican Republic,2019
7.699999809265137,26,8619,DOM,28681,264,266,140786,29189,Total,National,Women,Dominican Republic,2019
4.900000095367432,26,8619,DOM,28679,264,146,140785,29189,36 years and older,Rural,Both sexes,Dominican Republic,2019
4.5,26,"8619,13639",DOM,28679,264,265,140785,29189,36 years and older,Rural,Men,Dominican Republic,2019
5.599999904632568,26,"8619,13639",DOM,28679,264,266,140785,29189,36 years and older,Rural,Women,Dominican Republic,2019
3.9000000953674316,26,8619,DOM,28679,264,146,140784,29189,Under 36 years old,Rural,Both sexes,Dominican Republic,2019
3.9000000953674316,26,"8619,13639",DOM,28679,264,265,140784,29189,Under 36 years old,Rural,Men,Dominican Republic,2019
3.9000000953674316,26,"8619,13639",DOM,28679,264,266,140784,29189,Under 36 years old,Rural,Women,Dominican Republic,2019
4.400000095367432,26,8619,DOM,28679,264,146,140786,29189,Total,Rural,Both sexes,Dominican Republic,2019
4.199999809265137,26,8619,DOM,28679,264,265,140786,29189,Total,Rural,Men,Dominican Republic,2019
4.599999904632568,26,8619,DOM,28679,264,266,140786,29189,Total,Rural,Women,Dominican Republic,2019
11.5,26,"8619,13639",DOM,28680,264,146,140785,29189,36 years and older,Urban,Both sexes,Dominican Republic,2019
10.199999809265137,26,"8619,13639",DOM,28680,264,265,140785,29189,36 years and older,Urban,Men,Dominican Republic,2019
13.5,26,"8619,13639",DOM,28680,264,266,140785,29189,36 years and older,Urban,Women,Dominican Republic,2019
8.899999618530273,26,"8619,13639",DOM,28680,264,146,140784,29189,Under 36 years old,Urban,Both sexes,Dominican Republic,2019
7.800000190734863,26,"8619,13639",DOM,28680,264,265,140784,29189,Under 36 years old,Urban,Men,Dominican Republic,2019
10.199999809265137,26,"8619,13639",DOM,28680,264,266,140784,29189,Under 36 years old,Urban,Women,Dominican Republic,2019
10.100000381469727,26,8619,DOM,28680,264,146,140786,29189,Total,Urban,Both sexes,Dominican Republic,2019
9,26,"8619,13639",DOM,28680,264,265,140786,29189,Total,Urban,Men,Dominican Republic,2019
11.699999809265137,26,"8619,13639",DOM,28680,264,266,140786,29189,Total,Urban,Women,Dominican Republic,2019
7.5,26,8619,DOM,28681,264,146,140785,29190,36 years and older,National,Both sexes,Dominican Republic,2020
6.5,26,8619,DOM,28681,264,265,140785,29190,36 years and older,National,Men,Dominican Republic,2020
9.100000381469727,26,"8619,13639",DOM,28681,264,266,140785,29190,36 years and older,National,Women,Dominican Republic,2020
6.900000095367432,26,8619,DOM,28681,264,146,140784,29190,Under 36 years old,National,Both sexes,Dominican Republic,2020
6.199999809265137,26,8619,DOM,28681,264,265,140784,29190,Under 36 years old,National,Men,Dominican Republic,2020
7.699999809265137,26,"8619,13639",DOM,28681,264,266,140784,29190,Under 36 years old,National,Women,Dominican Republic,2020
7.199999809265137,26,8619,DOM,28681,264,146,140786,29190,Total,National,Both sexes,Dominican Republic,2020
6.300000190734863,26,8619,DOM,28681,264,265,140786,29190,Total,National,Men,Dominican Republic,2020
8.300000190734863,26,8619,DOM,28681,264,266,140786,29190,Total,National,Women,Dominican Republic,2020
4.599999904632568,26,8619,DOM,28679,264,146,140785,29190,36 years and older,Rural,Both sexes,Dominican Republic,2020
3.799999952316284,26,"8619,13639",DOM,28679,264,265,140785,29190,36 years and older,Rural,Men,Dominican Republic,2020
5.800000190734863,26,"8619,13639",DOM,28679,264,266,140785,29190,36 years and older,Rural,Women,Dominican Republic,2020
5.099999904632568,26,8619,DOM,28679,264,146,140784,29190,Under 36 years old,Rural,Both sexes,Dominican Republic,2020
4.300000190734863,26,"8619,13639",DOM,28679,264,265,140784,29190,Under 36 years old,Rural,Men,Dominican Republic,2020
6.099999904632568,26,"8619,13639",DOM,28679,264,266,140784,29190,Under 36 years old,Rural,Women,Dominican Republic,2020
4.900000095367432,26,8619,DOM,28679,264,146,140786,29190,Total,Rural,Both sexes,Dominican Republic,2020
4.099999904632568,26,8619,DOM,28679,264,265,140786,29190,Total,Rural,Men,Dominican Republic,2020
6,26,8619,DOM,28679,264,266,140786,29190,Total,Rural,Women,Dominican Republic,2020
11.300000190734863,26,"8619,13639",DOM,28680,264,146,140785,29190,36 years and older,Urban,Both sexes,Dominican Republic,2020
10,26,"8619,13639",DOM,28680,264,265,140785,29190,36 years and older,Urban,Men,Dominican Republic,2020
13.199999809265137,26,"8619,13639",DOM,28680,264,266,140785,29190,36 years and older,Urban,Women,Dominican Republic,2020
9,26,"8619,13639",DOM,28680,264,146,140784,29190,Under 36 years old,Urban,Both sexes,Dominican Republic,2020
8.600000381469727,26,"8619,13639",DOM,28680,264,265,140784,29190,Under 36 years old,Urban,Men,Dominican Republic,2020
9.600000381469727,26,"8619,13639",DOM,28680,264,266,140784,29190,Under 36 years old,Urban,Women,Dominican Republic,2020
10,26,8619,DOM,28680,264,146,140786,29190,Total,Urban,Both sexes,Dominican Republic,2020
9.199999809265137,26,"8619,13639",DOM,28680,264,265,140786,29190,Total,Urban,Men,Dominican Republic,2020
11.100000381469727,26,"8619,13639",DOM,28680,264,266,140786,29190,Total,Urban,Women,Dominican Republic,2020
10.100000381469727,26,8619,DOM,28681,264,146,140785,29191,36 years and older,National,Both sexes,Dominican Republic,2021
8.600000381469727,26,8619,DOM,28681,264,265,140785,29191,36 years and older,National,Men,Dominican Republic,2021
12.399999618530273,26,"8619,13639",DOM,28681,264,266,140785,29191,36 years and older,National,Women,Dominican Republic,2021
13,26,8619,DOM,28681,264,146,140784,29191,Under 36 years old,National,Both sexes,Dominican Republic,2021
12.199999809265137,26,8619,DOM,28681,264,265,140784,29191,Under 36 years old,National,Men,Dominican Republic,2021
13.899999618530273,26,8619,DOM,28681,264,266,140784,29191,Under 36 years old,National,Women,Dominican Republic,2021
11.699999809265137,26,8619,DOM,28681,264,146,140786,29191,Total,National,Both sexes,Dominican Republic,2021
10.399999618530273,26,8619,DOM,28681,264,265,140786,29191,Total,National,Men,Dominican Republic,2021
13.300000190734863,26,8619,DOM,28681,264,266,140786,29191,Total,National,Women,Dominican Republic,2021
6.5,26,8619,DOM,28679,264,146,140785,29191,36 years and older,Rural,Both sexes,Dominican Republic,2021
5.199999809265137,26,"8619,13639",DOM,28679,264,265,140785,29191,36 years and older,Rural,Men,Dominican Republic,2021
8.600000381469727,26,"8619,13639",DOM,28679,264,266,140785,29191,36 years and older,Rural,Women,Dominican Republic,2021
8.100000381469727,26,8619,DOM,28679,264,146,140784,29191,Under 36 years old,Rural,Both sexes,Dominican Republic,2021
7.699999809265137,26,"8619,13639",DOM,28679,264,265,140784,29191,Under 36 years old,Rural,Men,Dominican Republic,2021
8.600000381469727,26,"8619,13639",DOM,28679,264,266,140784,29191,Under 36 years old,Rural,Women,Dominican Republic,2021
7.400000095367432,26,8619,DOM,28679,264,146,140786,29191,Total,Rural,Both sexes,Dominican Republic,2021
6.5,26,8619,DOM,28679,264,265,140786,29191,Total,Rural,Men,Dominican Republic,2021
8.600000381469727,26,8619,DOM,28679,264,266,140786,29191,Total,Rural,Women,Dominican Republic,2021
14.300000190734863,26,"8619,13639",DOM,28680,264,146,140785,29191,36 years and older,Urban,Both sexes,Dominican Republic,2021
12.600000381469727,26,"8619,13639",DOM,28680,264,265,140785,29191,36 years and older,Urban,Men,Dominican Republic,2021
16.700000762939453,26,"8619,13639",DOM,28680,264,266,140785,29191,36 years and older,Urban,Women,Dominican Republic,2021
18.600000381469727,26,"8619,13639",DOM,28680,264,146,140784,29191,Under 36 years old,Urban,Both sexes,Dominican Republic,2021
17.700000762939453,26,"8619,13639",DOM,28680,264,265,140784,29191,Under 36 years old,Urban,Men,Dominican Republic,2021
19.5,26,"8619,13639",DOM,28680,264,266,140784,29191,Under 36 years old,Urban,Women,Dominican Republic,2021
16.600000381469727,26,8619,DOM,28680,264,146,140786,29191,Total,Urban,Both sexes,Dominican Republic,2021
15.199999809265137,26,"8619,13639",DOM,28680,264,265,140786,29191,Total,Urban,Men,Dominican Republic,2021
18.399999618530273,26,"8619,13639",DOM,28680,264,266,140786,29191,Total,Urban,Women,Dominican Republic,2021
13.899999618530273,26,8619,DOM,28681,264,146,140785,29192,36 years and older,National,Both sexes,Dominican Republic,2022
12.100000381469727,26,8619,DOM,28681,264,265,140785,29192,36 years and older,National,Men,Dominican Republic,2022
16.600000381469727,26,"8619,13639",DOM,28681,264,266,140785,29192,36 years and older,National,Women,Dominican Republic,2022
17.200000762939453,26,8619,DOM,28681,264,146,140784,29192,Under 36 years old,National,Both sexes,Dominican Republic,2022
16.200000762939453,26,8619,DOM,28681,264,265,140784,29192,Under 36 years old,National,Men,Dominican Republic,2022
18.200000762939453,26,8619,DOM,28681,264,266,140784,29192,Under 36 years old,National,Women,Dominican Republic,2022
15.600000381469727,26,8619,DOM,28681,264,146,140786,29192,Total,National,Both sexes,Dominican Republic,2022
14.100000381469727,26,8619,DOM,28681,264,265,140786,29192,Total,National,Men,Dominican Republic,2022
17.5,26,8619,DOM,28681,264,266,140786,29192,Total,National,Women,Dominican Republic,2022
10.600000381469727,26,8619,DOM,28679,264,146,140785,29192,36 years and older,Rural,Both sexes,Dominican Republic,2022
9.300000190734863,26,"8619,13639",DOM,28679,264,265,140785,29192,36 years and older,Rural,Men,Dominican Republic,2022
12.600000381469727,26,"8619,13639",DOM,28679,264,266,140785,29192,36 years and older,Rural,Women,Dominican Republic,2022
17.700000762939453,26,8619,DOM,28679,264,146,140784,29192,Under 36 years old,Rural,Both sexes,Dominican Republic,2022
15,26,"8619,13639",DOM,28679,264,265,140784,29192,Under 36 years old,Rural,Men,Dominican Republic,2022
20.899999618530273,26,"8619,13639",DOM,28679,264,266,140784,29192,Under 36 years old,Rural,Women,Dominican Republic,2022
14.300000190734863,26,8619,DOM,28679,264,146,140786,29192,Total,Rural,Both sexes,Dominican Republic,2022
12.199999809265137,26,8619,DOM,28679,264,265,140786,29192,Total,Rural,Men,Dominican Republic,2022
17.299999237060547,26,8619,DOM,28679,264,266,140786,29192,Total,Rural,Women,Dominican Republic,2022
17,26,"8619,13639",DOM,28680,264,146,140785,29192,36 years and older,Urban,Both sexes,Dominican Republic,2022
14.800000190734863,26,"8619,13639",DOM,28680,264,265,140785,29192,36 years and older,Urban,Men,Dominican Republic,2022
20.100000381469727,26,"8619,13639",DOM,28680,264,266,140785,29192,36 years and older,Urban,Women,Dominican Republic,2022
16.700000762939453,26,"8619,13639",DOM,28680,264,146,140784,29192,Under 36 years old,Urban,Both sexes,Dominican Republic,2022
17.5,26,"8619,13639",DOM,28680,264,265,140784,29192,Under 36 years old,Urban,Men,Dominican Republic,2022
15.899999618530273,26,"8619,13639",DOM,28680,264,266,140784,29192,Under 36 years old,Urban,Women,Dominican Republic,2022
16.799999237060547,26,8619,DOM,28680,264,146,140786,29192,Total,Urban,Both sexes,Dominican Republic,2022
16.100000381469727,26,"8619,13639",DOM,28680,264,265,140786,29192,Total,Urban,Men,Dominican Republic,2022
17.700000762939453,26,"8619,13639",DOM,28680,264,266,140786,29192,Total,Urban,Women,Dominican Republic,2022
10.100000381469727,26,8619,DOM,28681,264,146,140785,29193,36 years and older,National,Both sexes,Dominican Republic,2023
8.600000381469727,26,8619,DOM,28681,264,265,140785,29193,36 years and older,National,Men,Dominican Republic,2023
12.5,26,"8619,13639",DOM,28681,264,266,140785,29193,36 years and older,National,Women,Dominican Republic,2023
12.300000190734863,26,8619,DOM,28681,264,146,140784,29193,Under 36 years old,National,Both sexes,Dominican Republic,2023
11.800000190734863,26,8619,DOM,28681,264,265,140784,29193,Under 36 years old,National,Men,Dominican Republic,2023
12.899999618530273,26,"8619,13639",DOM,28681,264,266,140784,29193,Under 36 years old,National,Women,Dominican Republic,2023
11.199999809265137,26,8619,DOM,28681,264,146,140786,29193,Total,National,Both sexes,Dominican Republic,2023
10.100000381469727,26,8619,DOM,28681,264,265,140786,29193,Total,National,Men,Dominican Republic,2023
12.699999809265137,26,8619,DOM,28681,264,266,140786,29193,Total,National,Women,Dominican Republic,2023
8.600000381469727,26,8619,DOM,28679,264,146,140785,29193,36 years and older,Rural,Both sexes,Dominican Republic,2023
7.300000190734863,26,"8619,13639",DOM,28679,264,265,140785,29193,36 years and older,Rural,Men,Dominican Republic,2023
10.800000190734863,26,"8619,13639",DOM,28679,264,266,140785,29193,36 years and older,Rural,Women,Dominican Republic,2023
13.300000190734863,26,8619,DOM,28679,264,146,140784,29193,Under 36 years old,Rural,Both sexes,Dominican Republic,2023
10.600000381469727,26,"8619,13639",DOM,28679,264,265,140784,29193,Under 36 years old,Rural,Men,Dominican Republic,2023
16.399999618530273,26,"8619,13639",DOM,28679,264,266,140784,29193,Under 36 years old,Rural,Women,Dominican Republic,2023
11,26,8619,DOM,28679,264,146,140786,29193,Total,Rural,Both sexes,Dominican Republic,2023
8.899999618530273,26,8619,DOM,28679,264,265,140786,29193,Total,Rural,Men,Dominican Republic,2023
14,26,"8619,13639",DOM,28679,264,266,140786,29193,Total,Rural,Women,Dominican Republic,2023
11.5,26,"8619,13639",DOM,28680,264,146,140785,29193,36 years and older,Urban,Both sexes,Dominican Republic,2023
9.800000190734863,26,"8619,13639",DOM,28680,264,265,140785,29193,36 years and older,Urban,Men,Dominican Republic,2023
14.100000381469727,26,"8619,13639",DOM,28680,264,266,140785,29193,36 years and older,Urban,Women,Dominican Republic,2023
11.399999618530273,26,"8619,13639",DOM,28680,264,146,140784,29193,Under 36 years old,Urban,Both sexes,Dominican Republic,2023
13,26,"8619,13639",DOM,28680,264,265,140784,29193,Under 36 years old,Urban,Men,Dominican Republic,2023
9.5,26,"8619,13639",DOM,28680,264,266,140784,29193,Under 36 years old,Urban,Women,Dominican Republic,2023
11.399999618530273,26,8619,DOM,28680,264,146,140786,29193,Total,Urban,Both sexes,Dominican Republic,2023
11.399999618530273,26,"8619,13639",DOM,28680,264,265,140786,29193,Total,Urban,Men,Dominican Republic,2023
11.5,26,"8619,13639",DOM,28680,264,266,140786,29193,Total,Urban,Women,Dominican Republic,2023
8.399999618530273,26,8619,DOM,28681,264,146,140785,29194,36 years and older,National,Both sexes,Dominican Republic,2024
7,26,8619,DOM,28681,264,265,140785,29194,36 years and older,National,Men,Dominican Republic,2024
10.699999809265137,26,"8619,13639",DOM,28681,264,266,140785,29194,36 years and older,National,Women,Dominican Republic,2024
7.599999904632568,26,8619,DOM,28681,264,146,140784,29194,Under 36 years old,National,Both sexes,Dominican Republic,2024
7.599999904632568,26,8619,DOM,28681,264,265,140784,29194,Under 36 years old,National,Men,Dominican Republic,2024
7.5,26,"8619,13639",DOM,28681,264,266,140784,29194,Under 36 years old,National,Women,Dominican Republic,2024
7.900000095367432,26,8619,DOM,28681,264,146,140786,29194,Total,National,Both sexes,Dominican Republic,2024
7.300000190734863,26,8619,DOM,28681,264,265,140786,29194,Total,National,Men,Dominican Republic,2024
8.800000190734863,26,8619,DOM,28681,264,266,140786,29194,Total,National,Women,Dominican Republic,2024
5.099999904632568,26,8619,DOM,28679,264,146,140785,29194,36 years and older,Rural,Both sexes,Dominican Republic,2024
4.199999809265137,26,"8619,13639",DOM,28679,264,265,140785,29194,36 years and older,Rural,Men,Dominican Republic,2024
6.900000095367432,26,"8619,13639",DOM,28679,264,266,140785,29194,36 years and older,Rural,Women,Dominican Republic,2024
7,26,8619,DOM,28679,264,146,140784,29194,Under 36 years old,Rural,Both sexes,Dominican Republic,2024
5.599999904632568,26,"8619,13639",DOM,28679,264,265,140784,29194,Under 36 years old,Rural,Men,Dominican Republic,2024
8.699999809265137,26,"8619,13639",DOM,28679,264,266,140784,29194,Under 36 years old,Rural,Women,Dominican Republic,2024
6.099999904632568,26,8619,DOM,28679,264,146,140786,29194,Total,Rural,Both sexes,Dominican Republic,2024
4.900000095367432,26,8619,DOM,28679,264,265,140786,29194,Total,Rural,Men,Dominican Republic,2024
8,26,"8619,13639",DOM,28679,264,266,140786,29194,Total,Rural,Women,Dominican Republic,2024
11.5,26,"8619,13639",DOM,28680,264,146,140785,29194,36 years and older,Urban,Both sexes,Dominican Republic,2024
9.899999618530273,26,"8619,13639",DOM,28680,264,265,140785,29194,36 years and older,Urban,Men,Dominican Republic,2024
13.800000190734863,26,"8619,13639",DOM,28680,264,266,140785,29194,36 years and older,Urban,Women,Dominican Republic,2024
8,26,"8619,13639",DOM,28680,264,146,140784,29194,Under 36 years old,Urban,Both sexes,Dominican Republic,2024
9.5,26,"8619,13639",DOM,28680,264,265,140784,29194,Under 36 years old,Urban,Men,Dominican Republic,2024
6.400000095367432,26,"8619,13639",DOM,28680,264,266,140784,29194,Under 36 years old,Urban,Women,Dominican Republic,2024
9.600000381469727,26,8619,DOM,28680,264,146,140786,29194,Total,Urban,Both sexes,Dominican Republic,2024
9.699999809265137,26,"8619,13639",DOM,28680,264,265,140786,29194,Total,Urban,Men,Dominican Republic,2024
9.5,26,"8619,13639",DOM,28680,264,266,140786,29194,Total,Urban,Women,Dominican Republic,2024
14.800000190734863,26,"86,13639",URY,28680,258,146,140785,29171,36 years and older,Urban,Both sexes,Uruguay,2001
14.199999809265137,26,"86,13639",URY,28680,258,265,140785,29171,36 years and older,Urban,Men,Uruguay,2001
15.600000381469727,26,"86,13639",URY,28680,258,266,140785,29171,36 years and older,Urban,Women,Uruguay,2001
17.399999618530273,26,"86,13639",URY,28680,258,146,140784,29171,Under 36 years old,Urban,Both sexes,Uruguay,2001
19,26,"86,13639",URY,28680,258,265,140784,29171,Under 36 years old,Urban,Men,Uruguay,2001
15.899999618530273,26,"86,13639",URY,28680,258,266,140784,29171,Under 36 years old,Urban,Women,Uruguay,2001
16.399999618530273,26,86,URY,28680,258,146,140786,29171,Total,Urban,Both sexes,Uruguay,2001
16.899999618530273,26,"86,13639",URY,28680,258,265,140786,29171,Total,Urban,Men,Uruguay,2001
15.800000190734863,26,"86,13639",URY,28680,258,266,140786,29171,Total,Urban,Women,Uruguay,2001
16.399999618530273,26,86,URY,28680,258,146,140785,29172,36 years and older,Urban,Both sexes,Uruguay,2002
14.699999809265137,26,86,URY,28680,258,265,140785,29172,36 years and older,Urban,Men,Uruguay,2002
18.299999237060547,26,86,URY,28680,258,266,140785,29172,36 years and older,Urban,Women,Uruguay,2002
12.800000190734863,26,86,URY,28680,258,146,140784,29172,Under 36 years old,Urban,Both sexes,Uruguay,2002
14.100000381469727,26,86,URY,28680,258,265,140784,29172,Under 36 years old,Urban,Men,Uruguay,2002
11.5,26,86,URY,28680,258,266,140784,29172,Under 36 years old,Urban,Women,Uruguay,2002
14.199999809265137,26,86,URY,28680,258,146,140786,29172,Total,Urban,Both sexes,Uruguay,2002
14.399999618530273,26,86,URY,28680,258,265,140786,29172,Total,Urban,Men,Uruguay,2002
14.100000381469727,26,86,URY,28680,258,266,140786,29172,Total,Urban,Women,Uruguay,2002
20.799999237060547,26,86,URY,28680,258,146,140785,29173,36 years and older,Urban,Both sexes,Uruguay,2003
19.399999618530273,26,86,URY,28680,258,265,140785,29173,36 years and older,Urban,Men,Uruguay,2003
22.399999618530273,26,86,URY,28680,258,266,140785,29173,36 years and older,Urban,Women,Uruguay,2003
16.200000762939453,26,86,URY,28680,258,146,140784,29173,Under 36 years old,Urban,Both sexes,Uruguay,2003
15.5,26,86,URY,28680,258,265,140784,29173,Under 36 years old,Urban,Men,Uruguay,2003
17,26,86,URY,28680,258,266,140784,29173,Under 36 years old,Urban,Women,Uruguay,2003
18.100000381469727,26,86,URY,28680,258,146,140786,29173,Total,Urban,Both sexes,Uruguay,2003
17.100000381469727,26,86,URY,28680,258,265,140786,29173,Total,Urban,Men,Uruguay,2003
19.100000381469727,26,86,URY,28680,258,266,140786,29173,Total,Urban,Women,Uruguay,2003
20.399999618530273,26,86,URY,28680,258,146,140785,29174,36 years and older,Urban,Both sexes,Uruguay,2004
20.100000381469727,26,86,URY,28680,258,265,140785,29174,36 years and older,Urban,Men,Uruguay,2004
20.700000762939453,26,86,URY,28680,258,266,140785,29174,36 years and older,Urban,Women,Uruguay,2004
14,26,86,URY,28680,258,146,140784,29174,Under 36 years old,Urban,Both sexes,Uruguay,2004
13.399999618530273,26,86,URY,28680,258,265,140784,29174,Under 36 years old,Urban,Men,Uruguay,2004
14.600000381469727,26,86,URY,28680,258,266,140784,29174,Under 36 years old,Urban,Women,Uruguay,2004
16.600000381469727,26,86,URY,28680,258,146,140786,29174,Total,Urban,Both sexes,Uruguay,2004
16.200000762939453,26,86,URY,28680,258,265,140786,29174,Total,Urban,Men,Uruguay,2004
16.899999618530273,26,86,URY,28680,258,266,140786,29174,Total,Urban,Women,Uruguay,2004
28.899999618530273,26,86,URY,28680,258,146,140785,29175,36 years and older,Urban,Both sexes,Uruguay,2005
26.5,26,86,URY,28680,258,265,140785,29175,36 years and older,Urban,Men,Uruguay,2005
31.700000762939453,26,86,URY,28680,258,266,140785,29175,36 years and older,Urban,Women,Uruguay,2005
23.5,26,86,URY,28680,258,146,140784,29175,Under 36 years old,Urban,Both sexes,Uruguay,2005
25.399999618530273,26,86,URY,28680,258,265,140784,29175,Under 36 years old,Urban,Men,Uruguay,2005
21.399999618530273,26,86,URY,28680,258,266,140784,29175,Under 36 years old,Urban,Women,Uruguay,2005
25.700000762939453,26,86,URY,28680,258,146,140786,29175,Total,Urban,Both sexes,Uruguay,2005
25.899999618530273,26,86,URY,28680,258,265,140786,29175,Total,Urban,Men,Uruguay,2005
25.5,26,86,URY,28680,258,266,140786,29175,Total,Urban,Women,Uruguay,2005
20.399999618530273,26,,URY,28681,258,146,140785,29177,36 years and older,National,Both sexes,Uruguay,2007
18.600000381469727,26,,URY,28681,258,265,140785,29177,36 years and older,National,Men,Uruguay,2007
22.799999237060547,26,,URY,28681,258,266,140785,29177,36 years and older,National,Women,Uruguay,2007
18.799999237060547,26,,URY,28681,258,146,140784,29177,Under 36 years old,National,Both sexes,Uruguay,2007
18.799999237060547,26,,URY,28681,258,265,140784,29177,Under 36 years old,National,Men,Uruguay,2007
18.799999237060547,26,,URY,28681,258,266,140784,29177,Under 36 years old,National,Women,Uruguay,2007
19.399999618530273,26,,URY,28681,258,146,140786,29177,Total,National,Both sexes,Uruguay,2007
18.700000762939453,26,,URY,28681,258,265,140786,29177,Total,National,Men,Uruguay,2007
20.399999618530273,26,,URY,28681,258,266,140786,29177,Total,National,Women,Uruguay,2007
14,26,,URY,28679,258,146,140785,29177,36 years and older,Rural,Both sexes,Uruguay,2007
12.800000190734863,26,,URY,28679,258,265,140785,29177,36 years and older,Rural,Men,Uruguay,2007
16,26,,URY,28679,258,266,140785,29177,36 years and older,Rural,Women,Uruguay,2007
16.600000381469727,26,,URY,28679,258,146,140784,29177,Under 36 years old,Rural,Both sexes,Uruguay,2007
16.5,26,,URY,28679,258,265,140784,29177,Under 36 years old,Rural,Men,Uruguay,2007
16.600000381469727,26,,URY,28679,258,266,140784,29177,Under 36 years old,Rural,Women,Uruguay,2007
15.300000190734863,26,,URY,28679,258,146,140786,29177,Total,Rural,Both sexes,Uruguay,2007
14.5,26,,URY,28679,258,265,140786,29177,Total,Rural,Men,Uruguay,2007
16.299999237060547,26,,URY,28679,258,266,140786,29177,Total,Rural,Women,Uruguay,2007
26.100000381469727,26,,URY,28680,258,146,140785,29177,36 years and older,Urban,Both sexes,Uruguay,2007
24.399999618530273,26,,URY,28680,258,265,140785,29177,36 years and older,Urban,Men,Uruguay,2007
28.100000381469727,26,,URY,28680,258,266,140785,29177,36 years and older,Urban,Women,Uruguay,2007
20.100000381469727,26,,URY,28680,258,146,140784,29177,Under 36 years old,Urban,Both sexes,Uruguay,2007
20.200000762939453,26,,URY,28680,258,265,140784,29177,Under 36 years old,Urban,Men,Uruguay,2007
20,26,,URY,28680,258,266,140784,29177,Under 36 years old,Urban,Women,Uruguay,2007
22.399999618530273,26,,URY,28680,258,146,140786,29177,Total,Urban,Both sexes,Uruguay,2007
21.899999618530273,26,,URY,28680,258,265,140786,29177,Total,Urban,Men,Uruguay,2007
23,26,,URY,28680,258,266,140786,29177,Total,Urban,Women,Uruguay,2007
30.200000762939453,26,,URY,28681,258,146,140785,29178,36 years and older,National,Both sexes,Uruguay,2008
28.600000381469727,26,,URY,28681,258,265,140785,29178,36 years and older,National,Men,Uruguay,2008
32.400001525878906,26,,URY,28681,258,266,140785,29178,36 years and older,National,Women,Uruguay,2008
36.900001525878906,26,,URY,28681,258,146,140784,29178,Under 36 years old,National,Both sexes,Uruguay,2008
35.099998474121094,26,,URY,28681,258,265,140784,29178,Under 36 years old,National,Men,Uruguay,2008
38.900001525878906,26,,URY,28681,258,266,140784,29178,Under 36 years old,National,Women,Uruguay,2008
34,26,,URY,28681,258,146,140786,29178,Total,National,Both sexes,Uruguay,2008
32,26,,URY,28681,258,265,140786,29178,Total,National,Men,Uruguay,2008
36.20000076293945,26,,URY,28681,258,266,140786,29178,Total,National,Women,Uruguay,2008
22.899999618530273,26,,URY,28679,258,146,140785,29178,36 years and older,Rural,Both sexes,Uruguay,2008
21.600000381469727,26,,URY,28679,258,265,140785,29178,36 years and older,Rural,Men,Uruguay,2008
24.700000762939453,26,,URY,28679,258,266,140785,29178,36 years and older,Rural,Women,Uruguay,2008
32.5,26,,URY,28679,258,146,140784,29178,Under 36 years old,Rural,Both sexes,Uruguay,2008
30.299999237060547,26,,URY,28679,258,265,140784,29178,Under 36 years old,Rural,Men,Uruguay,2008
34.900001525878906,26,,URY,28679,258,266,140784,29178,Under 36 years old,Rural,Women,Uruguay,2008
27.700000762939453,26,,URY,28679,258,146,140786,29178,Total,Rural,Both sexes,Uruguay,2008
25.700000762939453,26,,URY,28679,258,265,140786,29178,Total,Rural,Men,Uruguay,2008
30.299999237060547,26,,URY,28679,258,266,140786,29178,Total,Rural,Women,Uruguay,2008
37.29999923706055,26,,URY,28680,258,146,140785,29178,36 years and older,Urban,Both sexes,Uruguay,2008
35.900001525878906,26,,URY,28680,258,265,140785,29178,36 years and older,Urban,Men,Uruguay,2008
39.099998474121094,26,,URY,28680,258,266,140785,29178,36 years and older,Urban,Women,Uruguay,2008
39.79999923706055,26,,URY,28680,258,146,140784,29178,Under 36 years old,Urban,Both sexes,Uruguay,2008
38.29999923706055,26,,URY,28680,258,265,140784,29178,Under 36 years old,Urban,Men,Uruguay,2008
41.5,26,,URY,28680,258,266,140784,29178,Under 36 years old,Urban,Women,Uruguay,2008
38.79999923706055,26,,URY,28680,258,146,140786,29178,Total,Urban,Both sexes,Uruguay,2008
37.20000076293945,26,,URY,28680,258,265,140786,29178,Total,Urban,Men,Uruguay,2008
40.599998474121094,26,,URY,28680,258,266,140786,29178,Total,Urban,Women,Uruguay,2008
47.5,26,,URY,28681,258,146,140785,29179,36 years and older,National,Both sexes,Uruguay,2009
45.599998474121094,26,,URY,28681,258,265,140785,29179,36 years and older,National,Men,Uruguay,2009
50,26,,URY,28681,258,266,140785,29179,36 years and older,National,Women,Uruguay,2009
65,26,,URY,28681,258,146,140784,29179,Under 36 years old,National,Both sexes,Uruguay,2009
62.5,26,,URY,28681,258,265,140784,29179,Under 36 years old,National,Men,Uruguay,2009
67.69999694824219,26,,URY,28681,258,266,140784,29179,Under 36 years old,National,Women,Uruguay,2009
57.29999923706055,26,,URY,28681,258,146,140786,29179,Total,National,Both sexes,Uruguay,2009
54.599998474121094,26,,URY,28681,258,265,140786,29179,Total,National,Men,Uruguay,2009
60.400001525878906,26,,URY,28681,258,266,140786,29179,Total,National,Women,Uruguay,2009
40,26,,URY,28679,258,146,140785,29179,36 years and older,Rural,Both sexes,Uruguay,2009
37.70000076293945,26,,URY,28679,258,265,140785,29179,36 years and older,Rural,Men,Uruguay,2009
43.29999923706055,26,,URY,28679,258,266,140785,29179,36 years and older,Rural,Women,Uruguay,2009
63,26,,URY,28679,258,146,140784,29179,Under 36 years old,Rural,Both sexes,Uruguay,2009
60.70000076293945,26,,URY,28679,258,265,140784,29179,Under 36 years old,Rural,Men,Uruguay,2009
65.4000015258789,26,,URY,28679,258,266,140784,29179,Under 36 years old,Rural,Women,Uruguay,2009
51.79999923706055,26,,URY,28679,258,146,140786,29179,Total,Rural,Both sexes,Uruguay,2009
48.79999923706055,26,,URY,28679,258,265,140786,29179,Total,Rural,Men,Uruguay,2009
55.400001525878906,26,,URY,28679,258,266,140786,29179,Total,Rural,Women,Uruguay,2009
53.70000076293945,26,,URY,28680,258,146,140785,29179,36 years and older,Urban,Both sexes,Uruguay,2009
52.400001525878906,26,,URY,28680,258,265,140785,29179,36 years and older,Urban,Men,Uruguay,2009
55.29999923706055,26,,URY,28680,258,266,140785,29179,36 years and older,Urban,Women,Uruguay,2009
66.30000305175781,26,,URY,28680,258,146,140784,29179,Under 36 years old,Urban,Both sexes,Uruguay,2009
63.5,26,,URY,28680,258,265,140784,29179,Under 36 years old,Urban,Men,Uruguay,2009
69,26,,URY,28680,258,266,140784,29179,Under 36 years old,Urban,Women,Uruguay,2009
61.099998474121094,26,,URY,28680,258,146,140786,29179,Total,Urban,Both sexes,Uruguay,2009
58.79999923706055,26,,URY,28680,258,265,140786,29179,Total,Urban,Men,Uruguay,2009
63.70000076293945,26,,URY,28680,258,266,140786,29179,Total,Urban,Women,Uruguay,2009
54.099998474121094,26,,URY,28681,258,146,140785,29180,36 years and older,National,Both sexes,Uruguay,2010
51.70000076293945,26,,URY,28681,258,265,140785,29180,36 years and older,National,Men,Uruguay,2010
57.099998474121094,26,,URY,28681,258,266,140785,29180,36 years and older,National,Women,Uruguay,2010
72.19999694824219,26,,URY,28681,258,146,140784,29180,Under 36 years old,National,Both sexes,Uruguay,2010
70,26,,URY,28681,258,265,140784,29180,Under 36 years old,National,Men,Uruguay,2010
74.5,26,,URY,28681,258,266,140784,29180,Under 36 years old,National,Women,Uruguay,2010
64.4000015258789,26,,URY,28681,258,146,140786,29180,Total,National,Both sexes,Uruguay,2010
61.79999923706055,26,,URY,28681,258,265,140786,29180,Total,National,Men,Uruguay,2010
67.4000015258789,26,,URY,28681,258,266,140786,29180,Total,National,Women,Uruguay,2010
45,26,,URY,28679,258,146,140785,29180,36 years and older,Rural,Both sexes,Uruguay,2010
42.900001525878906,26,,URY,28679,258,265,140785,29180,36 years and older,Rural,Men,Uruguay,2010
47.79999923706055,26,,URY,28679,258,266,140785,29180,36 years and older,Rural,Women,Uruguay,2010
69.5,26,,URY,28679,258,146,140784,29180,Under 36 years old,Rural,Both sexes,Uruguay,2010
68.30000305175781,26,,URY,28679,258,265,140784,29180,Under 36 years old,Rural,Men,Uruguay,2010
70.80000305175781,26,,URY,28679,258,266,140784,29180,Under 36 years old,Rural,Women,Uruguay,2010
57.20000076293945,26,,URY,28679,258,146,140786,29180,Total,Rural,Both sexes,Uruguay,2010
54.900001525878906,26,,URY,28679,258,265,140786,29180,Total,Rural,Men,Uruguay,2010
60,26,,URY,28679,258,266,140786,29180,Total,Rural,Women,Uruguay,2010
58.900001525878906,26,,URY,28680,258,146,140785,29180,36 years and older,Urban,Both sexes,Uruguay,2010
56.599998474121094,26,,URY,28680,258,265,140785,29180,36 years and older,Urban,Men,Uruguay,2010
61.79999923706055,26,,URY,28680,258,266,140785,29180,36 years and older,Urban,Women,Uruguay,2010
73.0999984741211,26,,URY,28680,258,146,140784,29180,Under 36 years old,Urban,Both sexes,Uruguay,2010
70.5999984741211,26,,URY,28680,258,265,140784,29180,Under 36 years old,Urban,Men,Uruguay,2010
75.80000305175781,26,,URY,28680,258,266,140784,29180,Under 36 years old,Urban,Women,Uruguay,2010
67.4000015258789,26,,URY,28680,258,146,140786,29180,Total,Urban,Both sexes,Uruguay,2010
64.80000305175781,26,,URY,28680,258,265,140786,29180,Total,Urban,Men,Uruguay,2010
70.4000015258789,26,,URY,28680,258,266,140786,29180,Total,Urban,Women,Uruguay,2010
55.5,26,,URY,28681,258,146,140785,29181,36 years and older,National,Both sexes,Uruguay,2011
52.900001525878906,26,,URY,28681,258,265,140785,29181,36 years and older,National,Men,Uruguay,2011
58.900001525878906,26,,URY,28681,258,266,140785,29181,36 years and older,National,Women,Uruguay,2011
76.5,26,,URY,28681,258,146,140784,29181,Under 36 years old,National,Both sexes,Uruguay,2011
75.80000305175781,26,,URY,28681,258,265,140784,29181,Under 36 years old,National,Men,Uruguay,2011
77.30000305175781,26,,URY,28681,258,266,140784,29181,Under 36 years old,National,Women,Uruguay,2011
67,26,,URY,28681,258,146,140786,29181,Total,National,Both sexes,Uruguay,2011
65,26,,URY,28681,258,265,140786,29181,Total,National,Men,Uruguay,2011
69.30000305175781,26,,URY,28681,258,266,140786,29181,Total,National,Women,Uruguay,2011
49.400001525878906,26,,URY,28679,258,146,140785,29181,36 years and older,Rural,Both sexes,Uruguay,2011
46.70000076293945,26,,URY,28679,258,265,140785,29181,36 years and older,Rural,Men,Uruguay,2011
52.79999923706055,26,,URY,28679,258,266,140785,29181,36 years and older,Rural,Women,Uruguay,2011
74.9000015258789,26,,URY,28679,258,146,140784,29181,Under 36 years old,Rural,Both sexes,Uruguay,2011
74.5,26,,URY,28679,258,265,140784,29181,Under 36 years old,Rural,Men,Uruguay,2011
75.30000305175781,26,,URY,28679,258,266,140784,29181,Under 36 years old,Rural,Women,Uruguay,2011
62.099998474121094,26,,URY,28679,258,146,140786,29181,Total,Rural,Both sexes,Uruguay,2011
60,26,,URY,28679,258,265,140786,29181,Total,Rural,Men,Uruguay,2011
64.5999984741211,26,,URY,28679,258,266,140786,29181,Total,Rural,Women,Uruguay,2011
63.599998474121094,26,,URY,28680,258,146,140785,29181,36 years and older,Urban,Both sexes,Uruguay,2011
61.099998474121094,26,,URY,28680,258,265,140785,29181,36 years and older,Urban,Men,Uruguay,2011
66.5999984741211,26,,URY,28680,258,266,140785,29181,36 years and older,Urban,Women,Uruguay,2011
77.9000015258789,26,,URY,28680,258,146,140784,29181,Under 36 years old,Urban,Both sexes,Uruguay,2011
76.9000015258789,26,,URY,28680,258,265,140784,29181,Under 36 years old,Urban,Men,Uruguay,2011
79.0999984741211,26,,URY,28680,258,266,140784,29181,Under 36 years old,Urban,Women,Uruguay,2011
72.19999694824219,26,,URY,28680,258,146,140786,29181,Total,Urban,Both sexes,Uruguay,2011
70.30000305175781,26,,URY,28680,258,265,140786,29181,Total,Urban,Men,Uruguay,2011
74.19999694824219,26,,URY,28680,258,266,140786,29181,Total,Urban,Women,Uruguay,2011
59.900001525878906,26,,URY,28681,258,146,140785,29182,36 years and older,National,Both sexes,Uruguay,2012
57,26,,URY,28681,258,265,140785,29182,36 years and older,National,Men,Uruguay,2012
63.5,26,,URY,28681,258,266,140785,29182,36 years and older,National,Women,Uruguay,2012
77.5999984741211,26,,URY,28681,258,146,140784,29182,Under 36 years old,National,Both sexes,Uruguay,2012
75.5,26,,URY,28681,258,265,140784,29182,Under 36 years old,National,Men,Uruguay,2012
79.9000015258789,26,,URY,28681,258,266,140784,29182,Under 36 years old,National,Women,Uruguay,2012
69.5999984741211,26,,URY,28681,258,146,140786,29182,Total,National,Both sexes,Uruguay,2012
66.9000015258789,26,,URY,28681,258,265,140786,29182,Total,National,Men,Uruguay,2012
72.80000305175781,26,,URY,28681,258,266,140786,29182,Total,National,Women,Uruguay,2012
53.099998474121094,26,,URY,28679,258,146,140785,29182,36 years and older,Rural,Both sexes,Uruguay,2012
50.599998474121094,26,,URY,28679,258,265,140785,29182,36 years and older,Rural,Men,Uruguay,2012
56.400001525878906,26,,URY,28679,258,266,140785,29182,36 years and older,Rural,Women,Uruguay,2012
74.80000305175781,26,,URY,28679,258,146,140784,29182,Under 36 years old,Rural,Both sexes,Uruguay,2012
72.5,26,,URY,28679,258,265,140784,29182,Under 36 years old,Rural,Men,Uruguay,2012
77.30000305175781,26,,URY,28679,258,266,140784,29182,Under 36 years old,Rural,Women,Uruguay,2012
64,26,,URY,28679,258,146,140786,29182,Total,Rural,Both sexes,Uruguay,2012
61.20000076293945,26,,URY,28679,258,265,140786,29182,Total,Rural,Men,Uruguay,2012
67.30000305175781,26,,URY,28679,258,266,140786,29182,Total,Rural,Women,Uruguay,2012
67.69999694824219,26,,URY,28680,258,146,140785,29182,36 years and older,Urban,Both sexes,Uruguay,2012
64.69999694824219,26,,URY,28680,258,265,140785,29182,36 years and older,Urban,Men,Uruguay,2012
71.30000305175781,26,,URY,28680,258,266,140785,29182,36 years and older,Urban,Women,Uruguay,2012
79.80000305175781,26,,URY,28680,258,146,140784,29182,Under 36 years old,Urban,Both sexes,Uruguay,2012
77.80000305175781,26,,URY,28680,258,265,140784,29182,Under 36 years old,Urban,Men,Uruguay,2012
81.9000015258789,26,,URY,28680,258,266,140784,29182,Under 36 years old,Urban,Women,Uruguay,2012
74.9000015258789,26,,URY,28680,258,146,140786,29182,Total,Urban,Both sexes,Uruguay,2012
72.4000015258789,26,,URY,28680,258,265,140786,29182,Total,Urban,Men,Uruguay,2012
77.69999694824219,26,,URY,28680,258,266,140786,29182,Total,Urban,Women,Uruguay,2012
66.69999694824219,26,,URY,28681,258,146,140785,29183,36 years and older,National,Both sexes,Uruguay,2013
64.4000015258789,26,,URY,28681,258,265,140785,29183,36 years and older,National,Men,Uruguay,2013
69.4000015258789,26,,URY,28681,258,266,140785,29183,36 years and older,National,Women,Uruguay,2013
80.9000015258789,26,,URY,28681,258,146,140784,29183,Under 36 years old,National,Both sexes,Uruguay,2013
79.5,26,,URY,28681,258,265,140784,29183,Under 36 years old,National,Men,Uruguay,2013
82.4000015258789,26,,URY,28681,258,266,140784,29183,Under 36 years old,National,Women,Uruguay,2013
74.69999694824219,26,,URY,28681,258,146,140786,29183,Total,National,Both sexes,Uruguay,2013
72.5999984741211,26,,URY,28681,258,265,140786,29183,Total,National,Men,Uruguay,2013
76.9000015258789,26,,URY,28681,258,266,140786,29183,Total,National,Women,Uruguay,2013
61,26,,URY,28679,258,146,140785,29183,36 years and older,Rural,Both sexes,Uruguay,2013
59,26,,URY,28679,258,265,140785,29183,36 years and older,Rural,Men,Uruguay,2013
63.29999923706055,26,,URY,28679,258,266,140785,29183,36 years and older,Rural,Women,Uruguay,2013
79.30000305175781,26,,URY,28679,258,146,140784,29183,Under 36 years old,Rural,Both sexes,Uruguay,2013
77.80000305175781,26,,URY,28679,258,265,140784,29183,Under 36 years old,Rural,Men,Uruguay,2013
80.80000305175781,26,,URY,28679,258,266,140784,29183,Under 36 years old,Rural,Women,Uruguay,2013
70.30000305175781,26,,URY,28679,258,146,140786,29183,Total,Rural,Both sexes,Uruguay,2013
68.19999694824219,26,,URY,28679,258,265,140786,29183,Total,Rural,Men,Uruguay,2013
72.5999984741211,26,,URY,28679,258,266,140786,29183,Total,Rural,Women,Uruguay,2013
71,26,,URY,28680,258,146,140785,29183,36 years and older,Urban,Both sexes,Uruguay,2013
68.5,26,,URY,28680,258,265,140785,29183,36 years and older,Urban,Men,Uruguay,2013
73.9000015258789,26,,URY,28680,258,266,140785,29183,36 years and older,Urban,Women,Uruguay,2013
81.80000305175781,26,,URY,28680,258,146,140784,29183,Under 36 years old,Urban,Both sexes,Uruguay,2013
80.4000015258789,26,,URY,28680,258,265,140784,29183,Under 36 years old,Urban,Men,Uruguay,2013
83.19999694824219,26,,URY,28680,258,266,140784,29183,Under 36 years old,Urban,Women,Uruguay,2013
77.4000015258789,26,,URY,28680,258,146,140786,29183,Total,Urban,Both sexes,Uruguay,2013
75.30000305175781,26,,URY,28680,258,265,140786,29183,Total,Urban,Men,Uruguay,2013
79.5,26,,URY,28680,258,266,140786,29183,Total,Urban,Women,Uruguay,2013
67.69999694824219,26,,URY,28681,258,146,140785,29184,36 years and older,National,Both sexes,Uruguay,2014
64.9000015258789,26,,URY,28681,258,265,140785,29184,36 years and older,National,Men,Uruguay,2014
71.19999694824219,26,,URY,28681,258,266,140785,29184,36 years and older,National,Women,Uruguay,2014
82.0999984741211,26,,URY,28681,258,146,140784,29184,Under 36 years old,National,Both sexes,Uruguay,2014
80.19999694824219,26,,URY,28681,258,265,140784,29184,Under 36 years old,National,Men,Uruguay,2014
84.0999984741211,26,,URY,28681,258,266,140784,29184,Under 36 years old,National,Women,Uruguay,2014
75.9000015258789,26,,URY,28681,258,146,140786,29184,Total,National,Both sexes,Uruguay,2014
73.30000305175781,26,,URY,28681,258,265,140786,29184,Total,National,Men,Uruguay,2014
78.80000305175781,26,,URY,28681,258,266,140786,29184,Total,National,Women,Uruguay,2014
63.900001525878906,26,,URY,28679,258,146,140785,29184,36 years and older,Rural,Both sexes,Uruguay,2014
60.70000076293945,26,,URY,28679,258,265,140785,29184,36 years and older,Rural,Men,Uruguay,2014
67.9000015258789,26,,URY,28679,258,266,140785,29184,36 years and older,Rural,Women,Uruguay,2014
82.5,26,,URY,28679,258,146,140784,29184,Under 36 years old,Rural,Both sexes,Uruguay,2014
80.80000305175781,26,,URY,28679,258,265,140784,29184,Under 36 years old,Rural,Men,Uruguay,2014
84.4000015258789,26,,URY,28679,258,266,140784,29184,Under 36 years old,Rural,Women,Uruguay,2014
73.69999694824219,26,,URY,28679,258,146,140786,29184,Total,Rural,Both sexes,Uruguay,2014
70.9000015258789,26,,URY,28679,258,265,140786,29184,Total,Rural,Men,Uruguay,2014
77,26,,URY,28679,258,266,140786,29184,Total,Rural,Women,Uruguay,2014
70.4000015258789,26,,URY,28680,258,146,140785,29184,36 years and older,Urban,Both sexes,Uruguay,2014
67.9000015258789,26,,URY,28680,258,265,140785,29184,36 years and older,Urban,Men,Uruguay,2014
73.5,26,,URY,28680,258,266,140785,29184,36 years and older,Urban,Women,Uruguay,2014
81.80000305175781,26,,URY,28680,258,146,140784,29184,Under 36 years old,Urban,Both sexes,Uruguay,2014
79.80000305175781,26,,URY,28680,258,265,140784,29184,Under 36 years old,Urban,Men,Uruguay,2014
83.9000015258789,26,,URY,28680,258,266,140784,29184,Under 36 years old,Urban,Women,Uruguay,2014
77.19999694824219,26,,URY,28680,258,146,140786,29184,Total,Urban,Both sexes,Uruguay,2014
74.69999694824219,26,,URY,28680,258,265,140786,29184,Total,Urban,Men,Uruguay,2014
79.9000015258789,26,,URY,28680,258,266,140786,29184,Total,Urban,Women,Uruguay,2014
67.80000305175781,26,,URY,28681,258,146,140785,29185,36 years and older,National,Both sexes,Uruguay,2015
64.9000015258789,26,,URY,28681,258,265,140785,29185,36 years and older,National,Men,Uruguay,2015
71.30000305175781,26,,URY,28681,258,266,140785,29185,36 years and older,National,Women,Uruguay,2015
81,26,,URY,28681,258,146,140784,29185,Under 36 years old,National,Both sexes,Uruguay,2015
80.0999984741211,26,,URY,28681,258,265,140784,29185,Under 36 years old,National,Men,Uruguay,2015
82.0999984741211,26,,URY,28681,258,266,140784,29185,Under 36 years old,National,Women,Uruguay,2015
75,26,,URY,28681,258,146,140786,29185,Total,National,Both sexes,Uruguay,2015
72.9000015258789,26,,URY,28681,258,265,140786,29185,Total,National,Men,Uruguay,2015
77.30000305175781,26,,URY,28681,258,266,140786,29185,Total,National,Women,Uruguay,2015
63.70000076293945,26,,URY,28679,258,146,140785,29185,36 years and older,Rural,Both sexes,Uruguay,2015
61.099998474121094,26,,URY,28679,258,265,140785,29185,36 years and older,Rural,Men,Uruguay,2015
66.9000015258789,26,,URY,28679,258,266,140785,29185,36 years and older,Rural,Women,Uruguay,2015
83,26,,URY,28679,258,146,140784,29185,Under 36 years old,Rural,Both sexes,Uruguay,2015
82.5999984741211,26,,URY,28679,258,265,140784,29185,Under 36 years old,Rural,Men,Uruguay,2015
83.4000015258789,26,,URY,28679,258,266,140784,29185,Under 36 years old,Rural,Women,Uruguay,2015
73.19999694824219,26,,URY,28679,258,146,140786,29185,Total,Rural,Both sexes,Uruguay,2015
71.5,26,,URY,28679,258,265,140786,29185,Total,Rural,Men,Uruguay,2015
75.0999984741211,26,,URY,28679,258,266,140786,29185,Total,Rural,Women,Uruguay,2015
71.0999984741211,26,,URY,28680,258,146,140785,29185,36 years and older,Urban,Both sexes,Uruguay,2015
68,26,,URY,28680,258,265,140785,29185,36 years and older,Urban,Men,Uruguay,2015
74.9000015258789,26,,URY,28680,258,266,140785,29185,36 years and older,Urban,Women,Uruguay,2015
79.9000015258789,26,,URY,28680,258,146,140784,29185,Under 36 years old,Urban,Both sexes,Uruguay,2015
78.5,26,,URY,28680,258,265,140784,29185,Under 36 years old,Urban,Men,Uruguay,2015
81.4000015258789,26,,URY,28680,258,266,140784,29185,Under 36 years old,Urban,Women,Uruguay,2015
76.19999694824219,26,,URY,28680,258,146,140786,29185,Total,Urban,Both sexes,Uruguay,2015
74,26,,URY,28680,258,265,140786,29185,Total,Urban,Men,Uruguay,2015
78.80000305175781,26,,URY,28680,258,266,140786,29185,Total,Urban,Women,Uruguay,2015
69.19999694824219,26,,URY,28681,258,146,140785,29186,36 years and older,National,Both sexes,Uruguay,2016
65.5,26,,URY,28681,258,265,140785,29186,36 years and older,National,Men,Uruguay,2016
73.69999694824219,26,,URY,28681,258,266,140785,29186,36 years and older,National,Women,Uruguay,2016
79.69999694824219,26,,URY,28681,258,146,140784,29186,Under 36 years old,National,Both sexes,Uruguay,2016
78.19999694824219,26,,URY,28681,258,265,140784,29186,Under 36 years old,National,Men,Uruguay,2016
81.30000305175781,26,,URY,28681,258,266,140784,29186,Under 36 years old,National,Women,Uruguay,2016
74.9000015258789,26,,URY,28681,258,146,140786,29186,Total,National,Both sexes,Uruguay,2016
72.0999984741211,26,,URY,28681,258,265,140786,29186,Total,National,Men,Uruguay,2016
78,26,,URY,28681,258,266,140786,29186,Total,National,Women,Uruguay,2016
66,26,,URY,28679,258,146,140785,29186,36 years and older,Rural,Both sexes,Uruguay,2016
62.29999923706055,26,,URY,28679,258,265,140785,29186,36 years and older,Rural,Men,Uruguay,2016
70.5999984741211,26,,URY,28679,258,266,140785,29186,36 years and older,Rural,Women,Uruguay,2016
81,26,,URY,28679,258,146,140784,29186,Under 36 years old,Rural,Both sexes,Uruguay,2016
79.30000305175781,26,,URY,28679,258,265,140784,29186,Under 36 years old,Rural,Men,Uruguay,2016
82.80000305175781,26,,URY,28679,258,266,140784,29186,Under 36 years old,Rural,Women,Uruguay,2016
73.4000015258789,26,,URY,28679,258,146,140786,29186,Total,Rural,Both sexes,Uruguay,2016
70.4000015258789,26,,URY,28679,258,265,140786,29186,Total,Rural,Men,Uruguay,2016
76.80000305175781,26,,URY,28679,258,266,140786,29186,Total,Rural,Women,Uruguay,2016
72,26,,URY,28680,258,146,140785,29186,36 years and older,Urban,Both sexes,Uruguay,2016
68.4000015258789,26,,URY,28680,258,265,140785,29186,36 years and older,Urban,Men,Uruguay,2016
76.4000015258789,26,,URY,28680,258,266,140785,29186,36 years and older,Urban,Women,Uruguay,2016
78.9000015258789,26,,URY,28680,258,146,140784,29186,Under 36 years old,Urban,Both sexes,Uruguay,2016
77.5,26,,URY,28680,258,265,140784,29186,Under 36 years old,Urban,Men,Uruguay,2016
80.4000015258789,26,,URY,28680,258,266,140784,29186,Under 36 years old,Urban,Women,Uruguay,2016
76,26,,URY,28680,258,146,140786,29186,Total,Urban,Both sexes,Uruguay,2016
73.4000015258789,26,,URY,28680,258,265,140786,29186,Total,Urban,Men,Uruguay,2016
78.80000305175781,26,,URY,28680,258,266,140786,29186,Total,Urban,Women,Uruguay,2016
69.9000015258789,26,,URY,28681,258,146,140785,29187,36 years and older,National,Both sexes,Uruguay,2017
67,26,,URY,28681,258,265,140785,29187,36 years and older,National,Men,Uruguay,2017
73.4000015258789,26,,URY,28681,258,266,140785,29187,36 years and older,National,Women,Uruguay,2017
76.69999694824219,26,,URY,28681,258,146,140784,29187,Under 36 years old,National,Both sexes,Uruguay,2017
75.80000305175781,26,,URY,28681,258,265,140784,29187,Under 36 years old,National,Men,Uruguay,2017
77.5999984741211,26,,URY,28681,258,266,140784,29187,Under 36 years old,National,Women,Uruguay,2017
73.5999984741211,26,,URY,28681,258,146,140786,29187,Total,National,Both sexes,Uruguay,2017
71.69999694824219,26,,URY,28681,258,265,140786,29187,Total,National,Men,Uruguay,2017
75.80000305175781,26,,URY,28681,258,266,140786,29187,Total,National,Women,Uruguay,2017
67.30000305175781,26,,URY,28679,258,146,140785,29187,36 years and older,Rural,Both sexes,Uruguay,2017
65,26,,URY,28679,258,265,140785,29187,36 years and older,Rural,Men,Uruguay,2017
70.19999694824219,26,,URY,28679,258,266,140785,29187,36 years and older,Rural,Women,Uruguay,2017
77.5,26,,URY,28679,258,146,140784,29187,Under 36 years old,Rural,Both sexes,Uruguay,2017
76.19999694824219,26,,URY,28679,258,265,140784,29187,Under 36 years old,Rural,Men,Uruguay,2017
79,26,,URY,28679,258,266,140784,29187,Under 36 years old,Rural,Women,Uruguay,2017
72.4000015258789,26,,URY,28679,258,146,140786,29187,Total,Rural,Both sexes,Uruguay,2017
70.4000015258789,26,,URY,28679,258,265,140786,29187,Total,Rural,Men,Uruguay,2017
74.69999694824219,26,,URY,28679,258,266,140786,29187,Total,Rural,Women,Uruguay,2017
72,26,,URY,28680,258,146,140785,29187,36 years and older,Urban,Both sexes,Uruguay,2017
68.5999984741211,26,,URY,28680,258,265,140785,29187,36 years and older,Urban,Men,Uruguay,2017
75.9000015258789,26,,URY,28680,258,266,140785,29187,36 years and older,Urban,Women,Uruguay,2017
76.19999694824219,26,,URY,28680,258,146,140784,29187,Under 36 years old,Urban,Both sexes,Uruguay,2017
75.5999984741211,26,,URY,28680,258,265,140784,29187,Under 36 years old,Urban,Men,Uruguay,2017
76.80000305175781,26,,URY,28680,258,266,140784,29187,Under 36 years old,Urban,Women,Uruguay,2017
74.4000015258789,26,,URY,28680,258,146,140786,29187,Total,Urban,Both sexes,Uruguay,2017
72.5,26,,URY,28680,258,265,140786,29187,Total,Urban,Men,Uruguay,2017
76.5,26,,URY,28680,258,266,140786,29187,Total,Urban,Women,Uruguay,2017
67.19999694824219,26,,URY,28681,258,146,140785,29188,36 years and older,National,Both sexes,Uruguay,2018
64.80000305175781,26,,URY,28681,258,265,140785,29188,36 years and older,National,Men,Uruguay,2018
70.0999984741211,26,13639,URY,28681,258,266,140785,29188,36 years and older,National,Women,Uruguay,2018
76.5,26,,URY,28681,258,146,140784,29188,Under 36 years old,National,Both sexes,Uruguay,2018
74.4000015258789,26,13639,URY,28681,258,265,140784,29188,Under 36 years old,National,Men,Uruguay,2018
78.80000305175781,26,13639,URY,28681,258,266,140784,29188,Under 36 years old,National,Women,Uruguay,2018
72.19999694824219,26,,URY,28681,258,146,140786,29188,Total,National,Both sexes,Uruguay,2018
69.80000305175781,26,,URY,28681,258,265,140786,29188,Total,National,Men,Uruguay,2018
74.9000015258789,26,,URY,28681,258,266,140786,29188,Total,National,Women,Uruguay,2018
65.0999984741211,26,13639,URY,28679,258,146,140785,29188,36 years and older,Rural,Both sexes,Uruguay,2018
62.79999923706055,26,13639,URY,28679,258,265,140785,29188,36 years and older,Rural,Men,Uruguay,2018
68,26,13639,URY,28679,258,266,140785,29188,36 years and older,Rural,Women,Uruguay,2018
77.4000015258789,26,13639,URY,28679,258,146,140784,29188,Under 36 years old,Rural,Both sexes,Uruguay,2018
76.0999984741211,26,13639,URY,28679,258,265,140784,29188,Under 36 years old,Rural,Men,Uruguay,2018
78.80000305175781,26,13639,URY,28679,258,266,140784,29188,Under 36 years old,Rural,Women,Uruguay,2018
71.19999694824219,26,,URY,28679,258,146,140786,29188,Total,Rural,Both sexes,Uruguay,2018
69.0999984741211,26,13639,URY,28679,258,265,140786,29188,Total,Rural,Men,Uruguay,2018
73.5,26,13639,URY,28679,258,266,140786,29188,Total,Rural,Women,Uruguay,2018
68.9000015258789,26,,URY,28680,258,146,140785,29188,36 years and older,Urban,Both sexes,Uruguay,2018
66.5,26,13639,URY,28680,258,265,140785,29188,36 years and older,Urban,Men,Uruguay,2018
71.80000305175781,26,13639,URY,28680,258,266,140785,29188,36 years and older,Urban,Women,Uruguay,2018
76,26,,URY,28680,258,146,140784,29188,Under 36 years old,Urban,Both sexes,Uruguay,2018
73.4000015258789,26,13639,URY,28680,258,265,140784,29188,Under 36 years old,Urban,Men,Uruguay,2018
78.80000305175781,26,13639,URY,28680,258,266,140784,29188,Under 36 years old,Urban,Women,Uruguay,2018
72.9000015258789,26,,URY,28680,258,146,140786,29188,Total,Urban,Both sexes,Uruguay,2018
70.30000305175781,26,,URY,28680,258,265,140786,29188,Total,Urban,Men,Uruguay,2018
75.9000015258789,26,,URY,28680,258,266,140786,29188,Total,Urban,Women,Uruguay,2018
64.69999694824219,26,,URY,28681,258,146,140785,29189,36 years and older,National,Both sexes,Uruguay,2019
61.599998474121094,26,,URY,28681,258,265,140785,29189,36 years and older,National,Men,Uruguay,2019
68.5999984741211,26,13639,URY,28681,258,266,140785,29189,36 years and older,National,Women,Uruguay,2019
73.30000305175781,26,,URY,28681,258,146,140784,29189,Under 36 years old,National,Both sexes,Uruguay,2019
71.69999694824219,26,13639,URY,28681,258,265,140784,29189,Under 36 years old,National,Men,Uruguay,2019
75.19999694824219,26,13639,URY,28681,258,266,140784,29189,Under 36 years old,National,Women,Uruguay,2019
69.4000015258789,26,,URY,28681,258,146,140786,29189,Total,National,Both sexes,Uruguay,2019
66.9000015258789,26,,URY,28681,258,265,140786,29189,Total,National,Men,Uruguay,2019
72.19999694824219,26,,URY,28681,258,266,140786,29189,Total,National,Women,Uruguay,2019
65,26,13639,URY,28679,258,146,140785,29189,36 years and older,Rural,Both sexes,Uruguay,2019
62.400001525878906,26,13639,URY,28679,258,265,140785,29189,36 years and older,Rural,Men,Uruguay,2019
68.0999984741211,26,13639,URY,28679,258,266,140785,29189,36 years and older,Rural,Women,Uruguay,2019
76.0999984741211,26,13639,URY,28679,258,146,140784,29189,Under 36 years old,Rural,Both sexes,Uruguay,2019
74.19999694824219,26,13639,URY,28679,258,265,140784,29189,Under 36 years old,Rural,Men,Uruguay,2019
78.4000015258789,26,13639,URY,28679,258,266,140784,29189,Under 36 years old,Rural,Women,Uruguay,2019
70.5,26,,URY,28679,258,146,140786,29189,Total,Rural,Both sexes,Uruguay,2019
68.19999694824219,26,13639,URY,28679,258,265,140786,29189,Total,Rural,Men,Uruguay,2019
73.0999984741211,26,13639,URY,28679,258,266,140786,29189,Total,Rural,Women,Uruguay,2019
64.5,26,13639,URY,28680,258,146,140785,29189,36 years and older,Urban,Both sexes,Uruguay,2019
60.900001525878906,26,13639,URY,28680,258,265,140785,29189,36 years and older,Urban,Men,Uruguay,2019
69.0999984741211,26,13639,URY,28680,258,266,140785,29189,36 years and older,Urban,Women,Uruguay,2019
71.5,26,,URY,28680,258,146,140784,29189,Under 36 years old,Urban,Both sexes,Uruguay,2019
70,26,13639,URY,28680,258,265,140784,29189,Under 36 years old,Urban,Men,Uruguay,2019
73.19999694824219,26,13639,URY,28680,258,266,140784,29189,Under 36 years old,Urban,Women,Uruguay,2019
68.5999984741211,26,,URY,28680,258,146,140786,29189,Total,Urban,Both sexes,Uruguay,2019
66,26,,URY,28680,258,265,140786,29189,Total,Urban,Men,Uruguay,2019
71.5999984741211,26,13639,URY,28680,258,266,140786,29189,Total,Urban,Women,Uruguay,2019
58.599998474121094,26,,URY,28681,258,146,140785,29191,36 years and older,National,Both sexes,Uruguay,2021
56.70000076293945,26,,URY,28681,258,265,140785,29191,36 years and older,National,Men,Uruguay,2021
60.900001525878906,26,,URY,28681,258,266,140785,29191,36 years and older,National,Women,Uruguay,2021
73.80000305175781,26,,URY,28681,258,146,140784,29191,Under 36 years old,National,Both sexes,Uruguay,2021
69.80000305175781,26,,URY,28681,258,265,140784,29191,Under 36 years old,National,Men,Uruguay,2021
77.69999694824219,26,,URY,28681,258,266,140784,29191,Under 36 years old,National,Women,Uruguay,2021
66.5,26,,URY,28681,258,146,140786,29191,Total,National,Both sexes,Uruguay,2021
63.099998474121094,26,,URY,28681,258,265,140786,29191,Total,National,Men,Uruguay,2021
70,26,,URY,28681,258,266,140786,29191,Total,National,Women,Uruguay,2021
59.29999923706055,26,,URY,28679,258,146,140785,29191,36 years and older,Rural,Both sexes,Uruguay,2021
60,26,,URY,28679,258,265,140785,29191,36 years and older,Rural,Men,Uruguay,2021
58.400001525878906,26,,URY,28679,258,266,140785,29191,36 years and older,Rural,Women,Uruguay,2021
76.0999984741211,26,,URY,28679,258,146,140784,29191,Under 36 years old,Rural,Both sexes,Uruguay,2021
73.80000305175781,26,,URY,28679,258,265,140784,29191,Under 36 years old,Rural,Men,Uruguay,2021
78.0999984741211,26,,URY,28679,258,266,140784,29191,Under 36 years old,Rural,Women,Uruguay,2021
67,26,,URY,28679,258,146,140786,29191,Total,Rural,Both sexes,Uruguay,2021
65.80000305175781,26,,URY,28679,258,265,140786,29191,Total,Rural,Men,Uruguay,2021
68.30000305175781,26,,URY,28679,258,266,140786,29191,Total,Rural,Women,Uruguay,2021
57.900001525878906,26,,URY,28680,258,146,140785,29191,36 years and older,Urban,Both sexes,Uruguay,2021
53.20000076293945,26,,URY,28680,258,265,140785,29191,36 years and older,Urban,Men,Uruguay,2021
63.29999923706055,26,,URY,28680,258,266,140785,29191,36 years and older,Urban,Women,Uruguay,2021
72.30000305175781,26,,URY,28680,258,146,140784,29191,Under 36 years old,Urban,Both sexes,Uruguay,2021
67.30000305175781,26,,URY,28680,258,265,140784,29191,Under 36 years old,Urban,Men,Uruguay,2021
77.4000015258789,26,,URY,28680,258,266,140784,29191,Under 36 years old,Urban,Women,Uruguay,2021
66,26,,URY,28680,258,146,140786,29191,Total,Urban,Both sexes,Uruguay,2021
61,26,,URY,28680,258,265,140786,29191,Total,Urban,Men,Uruguay,2021
71.4000015258789,26,,URY,28680,258,266,140786,29191,Total,Urban,Women,Uruguay,2021
58.5,26,,URY,28681,258,146,140785,29192,36 years and older,National,Both sexes,Uruguay,2022
55.900001525878906,26,,URY,28681,258,265,140785,29192,36 years and older,National,Men,Uruguay,2022
61.900001525878906,26,,URY,28681,258,266,140785,29192,36 years and older,National,Women,Uruguay,2022
72.5,26,,URY,28681,258,146,140784,29192,Under 36 years old,National,Both sexes,Uruguay,2022
69.69999694824219,26,,URY,28681,258,265,140784,29192,Under 36 years old,National,Men,Uruguay,2022
75.4000015258789,26,,URY,28681,258,266,140784,29192,Under 36 years old,National,Women,Uruguay,2022
65.80000305175781,26,,URY,28681,258,146,140786,29192,Total,National,Both sexes,Uruguay,2022
62.70000076293945,26,,URY,28681,258,265,140786,29192,Total,National,Men,Uruguay,2022
69.19999694824219,26,,URY,28681,258,266,140786,29192,Total,National,Women,Uruguay,2022
52.900001525878906,26,,URY,28679,258,146,140785,29192,36 years and older,Rural,Both sexes,Uruguay,2022
50.79999923706055,26,,URY,28679,258,265,140785,29192,36 years and older,Rural,Men,Uruguay,2022
55.5,26,,URY,28679,258,266,140785,29192,36 years and older,Rural,Women,Uruguay,2022
68.80000305175781,26,,URY,28679,258,146,140784,29192,Under 36 years old,Rural,Both sexes,Uruguay,2022
64.69999694824219,26,,URY,28679,258,265,140784,29192,Under 36 years old,Rural,Men,Uruguay,2022
73.5,26,,URY,28679,258,266,140784,29192,Under 36 years old,Rural,Women,Uruguay,2022
60.5,26,,URY,28679,258,146,140786,29192,Total,Rural,Both sexes,Uruguay,2022
57.20000076293945,26,,URY,28679,258,265,140786,29192,Total,Rural,Men,Uruguay,2022
64.30000305175781,26,,URY,28679,258,266,140786,29192,Total,Rural,Women,Uruguay,2022
64.30000305175781,26,,URY,28680,258,146,140785,29192,36 years and older,Urban,Both sexes,Uruguay,2022
61.20000076293945,26,,URY,28680,258,265,140785,29192,36 years and older,Urban,Men,Uruguay,2022
68.30000305175781,26,,URY,28680,258,266,140785,29192,36 years and older,Urban,Women,Uruguay,2022
75.19999694824219,26,,URY,28680,258,146,140784,29192,Under 36 years old,Urban,Both sexes,Uruguay,2022
73.69999694824219,26,,URY,28680,258,265,140784,29192,Under 36 years old,Urban,Men,Uruguay,2022
76.5999984741211,26,,URY,28680,258,266,140784,29192,Under 36 years old,Urban,Women,Uruguay,2022
70.4000015258789,26,,URY,28680,258,146,140786,29192,Total,Urban,Both sexes,Uruguay,2022
67.69999694824219,26,,URY,28680,258,265,140786,29192,Total,Urban,Men,Uruguay,2022
73.19999694824219,26,,URY,28680,258,266,140786,29192,Total,Urban,Women,Uruguay,2022
58.29999923706055,26,,URY,28681,258,146,140785,29193,36 years and older,National,Both sexes,Uruguay,2023
55.599998474121094,26,,URY,28681,258,265,140785,29193,36 years and older,National,Men,Uruguay,2023
61.599998474121094,26,,URY,28681,258,266,140785,29193,36 years and older,National,Women,Uruguay,2023
70.9000015258789,26,,URY,28681,258,146,140784,29193,Under 36 years old,National,Both sexes,Uruguay,2023
68.80000305175781,26,,URY,28681,258,265,140784,29193,Under 36 years old,National,Men,Uruguay,2023
73.19999694824219,26,,URY,28681,258,266,140784,29193,Under 36 years old,National,Women,Uruguay,2023
64.69999694824219,26,,URY,28681,258,146,140786,29193,Total,National,Both sexes,Uruguay,2023
62.20000076293945,26,,URY,28681,258,265,140786,29193,Total,National,Men,Uruguay,2023
67.69999694824219,26,,URY,28681,258,266,140786,29193,Total,National,Women,Uruguay,2023
56.70000076293945,26,,URY,28679,258,146,140785,29193,36 years and older,Rural,Both sexes,Uruguay,2023
54.5,26,,URY,28679,258,265,140785,29193,36 years and older,Rural,Men,Uruguay,2023
59.29999923706055,26,,URY,28679,258,266,140785,29193,36 years and older,Rural,Women,Uruguay,2023
68.5999984741211,26,,URY,28679,258,146,140784,29193,Under 36 years old,Rural,Both sexes,Uruguay,2023
67.19999694824219,26,,URY,28679,258,265,140784,29193,Under 36 years old,Rural,Men,Uruguay,2023
70.19999694824219,26,,URY,28679,258,266,140784,29193,Under 36 years old,Rural,Women,Uruguay,2023
62.20000076293945,26,,URY,28679,258,146,140786,29193,Total,Rural,Both sexes,Uruguay,2023
60.29999923706055,26,,URY,28679,258,265,140786,29193,Total,Rural,Men,Uruguay,2023
64.4000015258789,26,,URY,28679,258,266,140786,29193,Total,Rural,Women,Uruguay,2023
60.099998474121094,26,,URY,28680,258,146,140785,29193,36 years and older,Urban,Both sexes,Uruguay,2023
56.79999923706055,26,,URY,28680,258,265,140785,29193,36 years and older,Urban,Men,Uruguay,2023
64.19999694824219,26,,URY,28680,258,266,140785,29193,36 years and older,Urban,Women,Uruguay,2023
72.5999984741211,26,,URY,28680,258,146,140784,29193,Under 36 years old,Urban,Both sexes,Uruguay,2023
70.0999984741211,26,,URY,28680,258,265,140784,29193,Under 36 years old,Urban,Men,Uruguay,2023
75.30000305175781,26,,URY,28680,258,266,140784,29193,Under 36 years old,Urban,Women,Uruguay,2023
67,26,,URY,28680,258,146,140786,29193,Total,Urban,Both sexes,Uruguay,2023
64,26,,URY,28680,258,265,140786,29193,Total,Urban,Men,Uruguay,2023
70.5999984741211,26,,URY,28680,258,266,140786,29193,Total,Urban,Women,Uruguay,2023
58.599998474121094,26,,URY,28681,258,146,140785,29194,36 years and older,National,Both sexes,Uruguay,2024
55.5,26,,URY,28681,258,265,140785,29194,36 years and older,National,Men,Uruguay,2024
62.5,26,,URY,28681,258,266,140785,29194,36 years and older,National,Women,Uruguay,2024
76.0999984741211,26,,URY,28681,258,146,140784,29194,Under 36 years old,National,Both sexes,Uruguay,2024
73.80000305175781,26,,URY,28681,258,265,140784,29194,Under 36 years old,National,Men,Uruguay,2024
78.5999984741211,26,,URY,28681,258,266,140784,29194,Under 36 years old,National,Women,Uruguay,2024
67.5999984741211,26,,URY,28681,258,146,140786,29194,Total,National,Both sexes,Uruguay,2024
64.69999694824219,26,,URY,28681,258,265,140786,29194,Total,National,Men,Uruguay,2024
71.0999984741211,26,,URY,28681,258,266,140786,29194,Total,National,Women,Uruguay,2024
58.29999923706055,26,,URY,28679,258,146,140785,29194,36 years and older,Rural,Both sexes,Uruguay,2024
55,26,,URY,28679,258,265,140785,29194,36 years and older,Rural,Men,Uruguay,2024
62.5,26,,URY,28679,258,266,140785,29194,36 years and older,Rural,Women,Uruguay,2024
79.69999694824219,26,,URY,28679,258,146,140784,29194,Under 36 years old,Rural,Both sexes,Uruguay,2024
76,26,,URY,28679,258,265,140784,29194,Under 36 years old,Rural,Men,Uruguay,2024
84.30000305175781,26,,URY,28679,258,266,140784,29194,Under 36 years old,Rural,Women,Uruguay,2024
68.69999694824219,26,,URY,28679,258,146,140786,29194,Total,Rural,Both sexes,Uruguay,2024
65.19999694824219,26,,URY,28679,258,265,140786,29194,Total,Rural,Men,Uruguay,2024
73.19999694824219,26,,URY,28679,258,266,140786,29194,Total,Rural,Women,Uruguay,2024
58.900001525878906,26,,URY,28680,258,146,140785,29194,36 years and older,Urban,Both sexes,Uruguay,2024
56,26,,URY,28680,258,265,140785,29194,36 years and older,Urban,Men,Uruguay,2024
62.599998474121094,26,,URY,28680,258,266,140785,29194,36 years and older,Urban,Women,Uruguay,2024
73.0999984741211,26,,URY,28680,258,146,140784,29194,Under 36 years old,Urban,Both sexes,Uruguay,2024
71.69999694824219,26,,URY,28680,258,265,140784,29194,Under 36 years old,Urban,Men,Uruguay,2024
74.5,26,,URY,28680,258,266,140784,29194,Under 36 years old,Urban,Women,Uruguay,2024
66.5999984741211,26,,URY,28680,258,146,140786,29194,Total,Urban,Both sexes,Uruguay,2024
64.0999984741211,26,,URY,28680,258,265,140786,29194,Total,Urban,Men,Uruguay,2024
69.4000015258789,26,,URY,28680,258,266,140786,29194,Total,Urban,Women,Uruguay,2024
2,26,,VEN,28681,259,146,140785,29173,36 years and older,National,Both sexes,Venezuela (Bolivarian Republic of),2003
1.7000000476837158,26,,VEN,28681,259,265,140785,29173,36 years and older,National,Men,Venezuela (Bolivarian Republic of),2003
2.4000000953674316,26,,VEN,28681,259,266,140785,29173,36 years and older,National,Women,Venezuela (Bolivarian Republic of),2003
1.2999999523162842,26,,VEN,28681,259,146,140784,29173,Under 36 years old,National,Both sexes,Venezuela (Bolivarian Republic of),2003
1.100000023841858,26,,VEN,28681,259,265,140784,29173,Under 36 years old,National,Men,Venezuela (Bolivarian Republic of),2003
1.5,26,,VEN,28681,259,266,140784,29173,Under 36 years old,National,Women,Venezuela (Bolivarian Republic of),2003
1.5,26,,VEN,28681,259,146,140786,29173,Total,National,Both sexes,Venezuela (Bolivarian Republic of),2003
1.2999999523162842,26,,VEN,28681,259,265,140786,29173,Total,National,Men,Venezuela (Bolivarian Republic of),2003
1.7999999523162842,26,,VEN,28681,259,266,140786,29173,Total,National,Women,Venezuela (Bolivarian Republic of),2003
2.0999999046325684,26,,VEN,28681,259,146,140785,29174,36 years and older,National,Both sexes,Venezuela (Bolivarian Republic of),2004
1.600000023841858,26,,VEN,28681,259,265,140785,29174,36 years and older,National,Men,Venezuela (Bolivarian Republic of),2004
2.799999952316284,26,,VEN,28681,259,266,140785,29174,36 years and older,National,Women,Venezuela (Bolivarian Republic of),2004
1.5,26,,VEN,28681,259,146,140784,29174,Under 36 years old,National,Both sexes,Venezuela (Bolivarian Republic of),2004
1.2999999523162842,26,,VEN,28681,259,265,140784,29174,Under 36 years old,National,Men,Venezuela (Bolivarian Republic of),2004
1.7999999523162842,26,,VEN,28681,259,266,140784,29174,Under 36 years old,National,Women,Venezuela (Bolivarian Republic of),2004
1.7000000476837158,26,,VEN,28681,259,146,140786,29174,Total,National,Both sexes,Venezuela (Bolivarian Republic of),2004
1.399999976158142,26,,VEN,28681,259,265,140786,29174,Total,National,Men,Venezuela (Bolivarian Republic of),2004
2,26,,VEN,28681,259,266,140786,29174,Total,National,Women,Venezuela (Bolivarian Republic of),2004
2.9000000953674316,26,,VEN,28681,259,146,140785,29175,36 years and older,National,Both sexes,Venezuela (Bolivarian Republic of),2005
2.5999999046325684,26,,VEN,28681,259,265,140785,29175,36 years and older,National,Men,Venezuela (Bolivarian Republic of),2005
3.299999952316284,26,,VEN,28681,259,266,140785,29175,36 years and older,National,Women,Venezuela (Bolivarian Republic of),2005
1.899999976158142,26,,VEN,28681,259,146,140784,29175,Under 36 years old,National,Both sexes,Venezuela (Bolivarian Republic of),2005
1.7000000476837158,26,,VEN,28681,259,265,140784,29175,Under 36 years old,National,Men,Venezuela (Bolivarian Republic of),2005
2.200000047683716,26,,VEN,28681,259,266,140784,29175,Under 36 years old,National,Women,Venezuela (Bolivarian Republic of),2005
2.200000047683716,26,,VEN,28681,259,146,140786,29175,Total,National,Both sexes,Venezuela (Bolivarian Republic of),2005
2,26,,VEN,28681,259,265,140786,29175,Total,National,Men,Venezuela (Bolivarian Republic of),2005
2.5,26,,VEN,28681,259,266,140786,29175,Total,National,Women,Venezuela (Bolivarian Republic of),2005
3.5999999046325684,26,,VEN,28681,259,146,140785,29176,36 years and older,National,Both sexes,Venezuela (Bolivarian Republic of),2006
3.299999952316284,26,,VEN,28681,259,265,140785,29176,36 years and older,National,Men,Venezuela (Bolivarian Republic of),2006
4.099999904632568,26,,VEN,28681,259,266,140785,29176,36 years and older,National,Women,Venezuela (Bolivarian Republic of),2006
2.5,26,,VEN,28681,259,146,140784,29176,Under 36 years old,National,Both sexes,Venezuela (Bolivarian Republic of),2006
2.0999999046325684,26,,VEN,28681,259,265,140784,29176,Under 36 years old,National,Men,Venezuela (Bolivarian Republic of),2006
2.9000000953674316,26,,VEN,28681,259,266,140784,29176,Under 36 years old,National,Women,Venezuela (Bolivarian Republic of),2006
2.9000000953674316,26,,VEN,28681,259,146,140786,29176,Total,National,Both sexes,Venezuela (Bolivarian Republic of),2006
2.5,26,,VEN,28681,259,265,140786,29176,Total,National,Men,Venezuela (Bolivarian Republic of),2006
3.299999952316284,26,,VEN,28681,259,266,140786,29176,Total,National,Women,Venezuela (Bolivarian Republic of),2006
3.4000000953674316,26,,VEN,28681,259,146,140785,29177,36 years and older,National,Both sexes,Venezuela (Bolivarian Republic of),2007
3,26,,VEN,28681,259,265,140785,29177,36 years and older,National,Men,Venezuela (Bolivarian Republic of),2007
4,26,,VEN,28681,259,266,140785,29177,36 years and older,National,Women,Venezuela (Bolivarian Republic of),2007
2.700000047683716,26,,VEN,28681,259,146,140784,29177,Under 36 years old,National,Both sexes,Venezuela (Bolivarian Republic of),2007
2.299999952316284,26,,VEN,28681,259,265,140784,29177,Under 36 years old,National,Men,Venezuela (Bolivarian Republic of),2007
3.0999999046325684,26,,VEN,28681,259,266,140784,29177,Under 36 years old,National,Women,Venezuela (Bolivarian Republic of),2007
2.9000000953674316,26,,VEN,28681,259,146,140786,29177,Total,National,Both sexes,Venezuela (Bolivarian Republic of),2007
2.5,26,,VEN,28681,259,265,140786,29177,Total,National,Men,Venezuela (Bolivarian Republic of),2007
3.4000000953674316,26,,VEN,28681,259,266,140786,29177,Total,National,Women,Venezuela (Bolivarian Republic of),2007
5.199999809265137,26,,VEN,28681,259,146,140785,29178,36 years and older,National,Both sexes,Venezuela (Bolivarian Republic of),2008
4.599999904632568,26,,VEN,28681,259,265,140785,29178,36 years and older,National,Men,Venezuela (Bolivarian Republic of),2008
6.199999809265137,26,,VEN,28681,259,266,140785,29178,36 years and older,National,Women,Venezuela (Bolivarian Republic of),2008
3.5999999046325684,26,,VEN,28681,259,146,140784,29178,Under 36 years old,National,Both sexes,Venezuela (Bolivarian Republic of),2008
3.299999952316284,26,,VEN,28681,259,265,140784,29178,Under 36 years old,National,Men,Venezuela (Bolivarian Republic of),2008
3.9000000953674316,26,,VEN,28681,259,266,140784,29178,Under 36 years old,National,Women,Venezuela (Bolivarian Republic of),2008
4.099999904632568,26,,VEN,28681,259,146,140786,29178,Total,National,Both sexes,Venezuela (Bolivarian Republic of),2008
3.799999952316284,26,,VEN,28681,259,265,140786,29178,Total,National,Men,Venezuela (Bolivarian Republic of),2008
4.5,26,,VEN,28681,259,266,140786,29178,Total,National,Women,Venezuela (Bolivarian Republic of),2008
9.199999809265137,26,,VEN,28681,259,146,140785,29179,36 years and older,National,Both sexes,Venezuela (Bolivarian Republic of),2009
8.300000190734863,26,,VEN,28681,259,265,140785,29179,36 years and older,National,Men,Venezuela (Bolivarian Republic of),2009
10.600000381469727,26,,VEN,28681,259,266,140785,29179,36 years and older,National,Women,Venezuela (Bolivarian Republic of),2009
7.699999809265137,26,,VEN,28681,259,146,140784,29179,Under 36 years old,National,Both sexes,Venezuela (Bolivarian Republic of),2009
7,26,,VEN,28681,259,265,140784,29179,Under 36 years old,National,Men,Venezuela (Bolivarian Republic of),2009
8.600000381469727,26,,VEN,28681,259,266,140784,29179,Under 36 years old,National,Women,Venezuela (Bolivarian Republic of),2009
8.199999809265137,26,,VEN,28681,259,146,140786,29179,Total,National,Both sexes,Venezuela (Bolivarian Republic of),2009
7.5,26,,VEN,28681,259,265,140786,29179,Total,National,Men,Venezuela (Bolivarian Republic of),2009
9.100000381469727,26,,VEN,28681,259,266,140786,29179,Total,National,Women,Venezuela (Bolivarian Republic of),2009
8.899999618530273,26,,VEN,28681,259,146,140785,29180,36 years and older,National,Both sexes,Venezuela (Bolivarian Republic of),2010
8.100000381469727,26,,VEN,28681,259,265,140785,29180,36 years and older,National,Men,Venezuela (Bolivarian Republic of),2010
10.199999809265137,26,,VEN,28681,259,266,140785,29180,36 years and older,National,Women,Venezuela (Bolivarian Republic of),2010
7.5,26,,VEN,28681,259,146,140784,29180,Under 36 years old,National,Both sexes,Venezuela (Bolivarian Republic of),2010
6.599999904632568,26,,VEN,28681,259,265,140784,29180,Under 36 years old,National,Men,Venezuela (Bolivarian Republic of),2010
8.399999618530273,26,,VEN,28681,259,266,140784,29180,Under 36 years old,National,Women,Venezuela (Bolivarian Republic of),2010
7.900000095367432,26,,VEN,28681,259,146,140786,29180,Total,National,Both sexes,Venezuela (Bolivarian Republic of),2010
7.099999904632568,26,,VEN,28681,259,265,140786,29180,Total,National,Men,Venezuela (Bolivarian Republic of),2010
8.899999618530273,26,,VEN,28681,259,266,140786,29180,Total,National,Women,Venezuela (Bolivarian Republic of),2010
12.899999618530273,26,,VEN,28681,259,146,140785,29181,36 years and older,National,Both sexes,Venezuela (Bolivarian Republic of),2011
11.800000190734863,26,,VEN,28681,259,265,140785,29181,36 years and older,National,Men,Venezuela (Bolivarian Republic of),2011
14.600000381469727,26,,VEN,28681,259,266,140785,29181,36 years and older,National,Women,Venezuela (Bolivarian Republic of),2011
10.899999618530273,26,,VEN,28681,259,146,140784,29181,Under 36 years old,National,Both sexes,Venezuela (Bolivarian Republic of),2011
9.800000190734863,26,,VEN,28681,259,265,140784,29181,Under 36 years old,National,Men,Venezuela (Bolivarian Republic of),2011
12.199999809265137,26,,VEN,28681,259,266,140784,29181,Under 36 years old,National,Women,Venezuela (Bolivarian Republic of),2011
11.600000381469727,26,,VEN,28681,259,146,140786,29181,Total,National,Both sexes,Venezuela (Bolivarian Republic of),2011
10.5,26,,VEN,28681,259,265,140786,29181,Total,National,Men,Venezuela (Bolivarian Republic of),2011
12.899999618530273,26,,VEN,28681,259,266,140786,29181,Total,National,Women,Venezuela (Bolivarian Republic of),2011
18.100000381469727,26,,VEN,28681,259,146,140785,29182,36 years and older,National,Both sexes,Venezuela (Bolivarian Republic of),2012
16.100000381469727,26,,VEN,28681,259,265,140785,29182,36 years and older,National,Men,Venezuela (Bolivarian Republic of),2012
21,26,,VEN,28681,259,266,140785,29182,36 years and older,National,Women,Venezuela (Bolivarian Republic of),2012
20.899999618530273,26,,VEN,28681,259,146,140784,29182,Under 36 years old,National,Both sexes,Venezuela (Bolivarian Republic of),2012
20.100000381469727,26,,VEN,28681,259,265,140784,29182,Under 36 years old,National,Men,Venezuela (Bolivarian Republic of),2012
21.899999618530273,26,,VEN,28681,259,266,140784,29182,Under 36 years old,National,Women,Venezuela (Bolivarian Republic of),2012
20,26,,VEN,28681,259,146,140786,29182,Total,National,Both sexes,Venezuela (Bolivarian Republic of),2012
18.600000381469727,26,,VEN,28681,259,265,140786,29182,Total,National,Men,Venezuela (Bolivarian Republic of),2012
21.600000381469727,26,,VEN,28681,259,266,140786,29182,Total,National,Women,Venezuela (Bolivarian Republic of),2012
22.899999618530273,26,,VEN,28681,259,146,140785,29183,36 years and older,National,Both sexes,Venezuela (Bolivarian Republic of),2013
20.799999237060547,26,,VEN,28681,259,265,140785,29183,36 years and older,National,Men,Venezuela (Bolivarian Republic of),2013
26.100000381469727,26,,VEN,28681,259,266,140785,29183,36 years and older,National,Women,Venezuela (Bolivarian Republic of),2013
26.700000762939453,26,,VEN,28681,259,146,140784,29183,Under 36 years old,National,Both sexes,Venezuela (Bolivarian Republic of),2013
24.700000762939453,26,,VEN,28681,259,265,140784,29183,Under 36 years old,National,Men,Venezuela (Bolivarian Republic of),2013
29,26,,VEN,28681,259,266,140784,29183,Under 36 years old,National,Women,Venezuela (Bolivarian Republic of),2013
25.399999618530273,26,,VEN,28681,259,146,140786,29183,Total,National,Both sexes,Venezuela (Bolivarian Republic of),2013
23.299999237060547,26,,VEN,28681,259,265,140786,29183,Total,National,Men,Venezuela (Bolivarian Republic of),2013
28.100000381469727,26,,VEN,28681,259,266,140786,29183,Total,National,Women,Venezuela (Bolivarian Republic of),2013
25.600000381469727,26,,VEN,28681,259,146,140785,29184,36 years and older,National,Both sexes,Venezuela (Bolivarian Republic of),2014
23.399999618530273,26,,VEN,28681,259,265,140785,29184,36 years and older,National,Men,Venezuela (Bolivarian Republic of),2014
29,26,,VEN,28681,259,266,140785,29184,36 years and older,National,Women,Venezuela (Bolivarian Republic of),2014
30.200000762939453,26,,VEN,28681,259,146,140784,29184,Under 36 years old,National,Both sexes,Venezuela (Bolivarian Republic of),2014
29.299999237060547,26,,VEN,28681,259,265,140784,29184,Under 36 years old,National,Men,Venezuela (Bolivarian Republic of),2014
31.399999618530273,26,,VEN,28681,259,266,140784,29184,Under 36 years old,National,Women,Venezuela (Bolivarian Republic of),2014
28.600000381469727,26,,VEN,28681,259,146,140786,29184,Total,National,Both sexes,Venezuela (Bolivarian Republic of),2014
27.100000381469727,26,,VEN,28681,259,265,140786,29184,Total,National,Men,Venezuela (Bolivarian Republic of),2014
30.600000381469727,26,,VEN,28681,259,266,140786,29184,Total,National,Women,Venezuela (Bolivarian Republic of),2014
