value,source_id,notes_ids,iso3,dim_326,dim_208,dim_29117,dim_920,Country__ESTANDAR,Deciles,Geographical area,Years__ESTANDAR
1.5,26,8620,,327,43053,29170,921,Latin America (simple average),Decile 1,National,2000
35,26,8620,,327,43053,29170,930,Latin America (simple average),Decile 10,National,2000
3.200000047683716,26,8620,,327,43053,29170,922,Latin America (simple average),Decile 2,National,2000
4.300000190734863,26,8620,,327,43053,29170,923,Latin America (simple average),Decile 3,National,2000
5.400000095367432,26,8620,,327,43053,29170,924,Latin America (simple average),Decile 4,National,2000
6.400000095367432,26,8620,,327,43053,29170,925,Latin America (simple average),Decile 5,National,2000
7.699999809265137,26,8620,,327,43053,29170,926,Latin America (simple average),Decile 6,National,2000
9.199999809265137,26,8620,,327,43053,29170,927,Latin America (simple average),Decile 7,National,2000
11.5,26,8620,,327,43053,29170,928,Latin America (simple average),Decile 8,National,2000
15.699999809265137,26,8620,,327,43053,29170,929,Latin America (simple average),Decile 9,National,2000
1.7999999523162842,26,8620,,331,43053,29170,921,Latin America (simple average),Decile 1,Rural,2000
32.099998474121094,26,8620,,331,43053,29170,930,Latin America (simple average),Decile 10,Rural,2000
3.5,26,8620,,331,43053,29170,922,Latin America (simple average),Decile 2,Rural,2000
4.699999809265137,26,8620,,331,43053,29170,923,Latin America (simple average),Decile 3,Rural,2000
5.800000190734863,26,8620,,331,43053,29170,924,Latin America (simple average),Decile 4,Rural,2000
6.900000095367432,26,8620,,331,43053,29170,925,Latin America (simple average),Decile 5,Rural,2000
8.399999618530273,26,8620,,331,43053,29170,926,Latin America (simple average),Decile 6,Rural,2000
9.800000190734863,26,8620,,331,43053,29170,927,Latin America (simple average),Decile 7,Rural,2000
11.699999809265137,26,8620,,331,43053,29170,928,Latin America (simple average),Decile 8,Rural,2000
15.300000190734863,26,8620,,331,43053,29170,929,Latin America (simple average),Decile 9,Rural,2000
1.899999976158142,26,8620,,330,43053,29170,921,Latin America (simple average),Decile 1,Urban,2000
33.29999923706055,26,8620,,330,43053,29170,930,Latin America (simple average),Decile 10,Urban,2000
3.700000047683716,26,8620,,330,43053,29170,922,Latin America (simple average),Decile 2,Urban,2000
4.699999809265137,26,8620,,330,43053,29170,923,Latin America (simple average),Decile 3,Urban,2000
5.800000190734863,26,8620,,330,43053,29170,924,Latin America (simple average),Decile 4,Urban,2000
6.599999904632568,26,8620,,330,43053,29170,925,Latin America (simple average),Decile 5,Urban,2000
7.900000095367432,26,8620,,330,43053,29170,926,Latin America (simple average),Decile 6,Urban,2000
9.199999809265137,26,8620,,330,43053,29170,927,Latin America (simple average),Decile 7,Urban,2000
11.5,26,8620,,330,43053,29170,928,Latin America (simple average),Decile 8,Urban,2000
15.5,26,8620,,330,43053,29170,929,Latin America (simple average),Decile 9,Urban,2000
1.5,26,8620,,327,43053,29171,921,Latin America (simple average),Decile 1,National,2001
35.20000076293945,26,8620,,327,43053,29171,930,Latin America (simple average),Decile 10,National,2001
3.0999999046325684,26,8620,,327,43053,29171,922,Latin America (simple average),Decile 2,National,2001
4.300000190734863,26,8620,,327,43053,29171,923,Latin America (simple average),Decile 3,National,2001
5.300000190734863,26,8620,,327,43053,29171,924,Latin America (simple average),Decile 4,National,2001
6.400000095367432,26,8620,,327,43053,29171,925,Latin America (simple average),Decile 5,National,2001
7.800000190734863,26,8620,,327,43053,29171,926,Latin America (simple average),Decile 6,National,2001
9.199999809265137,26,8620,,327,43053,29171,927,Latin America (simple average),Decile 7,National,2001
11.5,26,8620,,327,43053,29171,928,Latin America (simple average),Decile 8,National,2001
15.699999809265137,26,8620,,327,43053,29171,929,Latin America (simple average),Decile 9,National,2001
1.899999976158142,26,8620,,331,43053,29171,921,Latin America (simple average),Decile 1,Rural,2001
31.5,26,8620,,331,43053,29171,930,Latin America (simple average),Decile 10,Rural,2001
3.5999999046325684,26,8620,,331,43053,29171,922,Latin America (simple average),Decile 2,Rural,2001
4.699999809265137,26,8620,,331,43053,29171,923,Latin America (simple average),Decile 3,Rural,2001
5.900000095367432,26,8620,,331,43053,29171,924,Latin America (simple average),Decile 4,Rural,2001
7,26,8620,,331,43053,29171,925,Latin America (simple average),Decile 5,Rural,2001
8.600000381469727,26,8620,,331,43053,29171,926,Latin America (simple average),Decile 6,Rural,2001
9.899999618530273,26,8620,,331,43053,29171,927,Latin America (simple average),Decile 7,Rural,2001
11.899999618530273,26,8620,,331,43053,29171,928,Latin America (simple average),Decile 8,Rural,2001
15.199999809265137,26,8620,,331,43053,29171,929,Latin America (simple average),Decile 9,Rural,2001
1.7999999523162842,26,8620,,330,43053,29171,921,Latin America (simple average),Decile 1,Urban,2001
33.599998474121094,26,8620,,330,43053,29171,930,Latin America (simple average),Decile 10,Urban,2001
3.5999999046325684,26,8620,,330,43053,29171,922,Latin America (simple average),Decile 2,Urban,2001
4.699999809265137,26,8620,,330,43053,29171,923,Latin America (simple average),Decile 3,Urban,2001
5.699999809265137,26,8620,,330,43053,29171,924,Latin America (simple average),Decile 4,Urban,2001
6.599999904632568,26,8620,,330,43053,29171,925,Latin America (simple average),Decile 5,Urban,2001
7.800000190734863,26,8620,,330,43053,29171,926,Latin America (simple average),Decile 6,Urban,2001
9.300000190734863,26,8620,,330,43053,29171,927,Latin America (simple average),Decile 7,Urban,2001
11.5,26,8620,,330,43053,29171,928,Latin America (simple average),Decile 8,Urban,2001
15.399999618530273,26,8620,,330,43053,29171,929,Latin America (simple average),Decile 9,Urban,2001
1.399999976158142,26,8620,,327,43053,29172,921,Latin America (simple average),Decile 1,National,2002
35.5,26,8620,,327,43053,29172,930,Latin America (simple average),Decile 10,National,2002
3.0999999046325684,26,8620,,327,43053,29172,922,Latin America (simple average),Decile 2,National,2002
4.300000190734863,26,8620,,327,43053,29172,923,Latin America (simple average),Decile 3,National,2002
5.300000190734863,26,8620,,327,43053,29172,924,Latin America (simple average),Decile 4,National,2002
6.400000095367432,26,8620,,327,43053,29172,925,Latin America (simple average),Decile 5,National,2002
7.699999809265137,26,8620,,327,43053,29172,926,Latin America (simple average),Decile 6,National,2002
9.199999809265137,26,8620,,327,43053,29172,927,Latin America (simple average),Decile 7,National,2002
11.399999618530273,26,8620,,327,43053,29172,928,Latin America (simple average),Decile 8,National,2002
15.5,26,8620,,327,43053,29172,929,Latin America (simple average),Decile 9,National,2002
1.7999999523162842,26,8620,,331,43053,29172,921,Latin America (simple average),Decile 1,Rural,2002
33,26,8620,,331,43053,29172,930,Latin America (simple average),Decile 10,Rural,2002
3.5,26,8620,,331,43053,29172,922,Latin America (simple average),Decile 2,Rural,2002
4.699999809265137,26,8620,,331,43053,29172,923,Latin America (simple average),Decile 3,Rural,2002
5.800000190734863,26,8620,,331,43053,29172,924,Latin America (simple average),Decile 4,Rural,2002
6.900000095367432,26,8620,,331,43053,29172,925,Latin America (simple average),Decile 5,Rural,2002
8.300000190734863,26,8620,,331,43053,29172,926,Latin America (simple average),Decile 6,Rural,2002
9.600000381469727,26,8620,,331,43053,29172,927,Latin America (simple average),Decile 7,Rural,2002
11.600000381469727,26,8620,,331,43053,29172,928,Latin America (simple average),Decile 8,Rural,2002
15,26,8620,,331,43053,29172,929,Latin America (simple average),Decile 9,Rural,2002
1.7999999523162842,26,8620,,330,43053,29172,921,Latin America (simple average),Decile 1,Urban,2002
33.79999923706055,26,8620,,330,43053,29172,930,Latin America (simple average),Decile 10,Urban,2002
3.700000047683716,26,8620,,330,43053,29172,922,Latin America (simple average),Decile 2,Urban,2002
4.699999809265137,26,8620,,330,43053,29172,923,Latin America (simple average),Decile 3,Urban,2002
5.699999809265137,26,8620,,330,43053,29172,924,Latin America (simple average),Decile 4,Urban,2002
6.699999809265137,26,8620,,330,43053,29172,925,Latin America (simple average),Decile 5,Urban,2002
7.900000095367432,26,8620,,330,43053,29172,926,Latin America (simple average),Decile 6,Urban,2002
9.199999809265137,26,8620,,330,43053,29172,927,Latin America (simple average),Decile 7,Urban,2002
11.399999618530273,26,8620,,330,43053,29172,928,Latin America (simple average),Decile 8,Urban,2002
15.199999809265137,26,8620,,330,43053,29172,929,Latin America (simple average),Decile 9,Urban,2002
1.600000023841858,26,8620,,327,43053,29173,921,Latin America (simple average),Decile 1,National,2003
35.5,26,8620,,327,43053,29173,930,Latin America (simple average),Decile 10,National,2003
3.299999952316284,26,8620,,327,43053,29173,922,Latin America (simple average),Decile 2,National,2003
4.400000095367432,26,8620,,327,43053,29173,923,Latin America (simple average),Decile 3,National,2003
5.5,26,8620,,327,43053,29173,924,Latin America (simple average),Decile 4,National,2003
6.300000190734863,26,8620,,327,43053,29173,925,Latin America (simple average),Decile 5,National,2003
7.599999904632568,26,8620,,327,43053,29173,926,Latin America (simple average),Decile 6,National,2003
9.199999809265137,26,8620,,327,43053,29173,927,Latin America (simple average),Decile 7,National,2003
11.300000190734863,26,8620,,327,43053,29173,928,Latin America (simple average),Decile 8,National,2003
15.300000190734863,26,8620,,327,43053,29173,929,Latin America (simple average),Decile 9,National,2003
2,26,8620,,331,43053,29173,921,Latin America (simple average),Decile 1,Rural,2003
31.5,26,8620,,331,43053,29173,930,Latin America (simple average),Decile 10,Rural,2003
3.700000047683716,26,8620,,331,43053,29173,922,Latin America (simple average),Decile 2,Rural,2003
4.900000095367432,26,8620,,331,43053,29173,923,Latin America (simple average),Decile 3,Rural,2003
5.900000095367432,26,8620,,331,43053,29173,924,Latin America (simple average),Decile 4,Rural,2003
7.099999904632568,26,8620,,331,43053,29173,925,Latin America (simple average),Decile 5,Rural,2003
8.399999618530273,26,8620,,331,43053,29173,926,Latin America (simple average),Decile 6,Rural,2003
9.800000190734863,26,8620,,331,43053,29173,927,Latin America (simple average),Decile 7,Rural,2003
11.699999809265137,26,8620,,331,43053,29173,928,Latin America (simple average),Decile 8,Rural,2003
14.899999618530273,26,8620,,331,43053,29173,929,Latin America (simple average),Decile 9,Rural,2003
1.899999976158142,26,8620,,330,43053,29173,921,Latin America (simple average),Decile 1,Urban,2003
34,26,8620,,330,43053,29173,930,Latin America (simple average),Decile 10,Urban,2003
3.700000047683716,26,8620,,330,43053,29173,922,Latin America (simple average),Decile 2,Urban,2003
4.800000190734863,26,8620,,330,43053,29173,923,Latin America (simple average),Decile 3,Urban,2003
5.699999809265137,26,8620,,330,43053,29173,924,Latin America (simple average),Decile 4,Urban,2003
6.5,26,8620,,330,43053,29173,925,Latin America (simple average),Decile 5,Urban,2003
7.800000190734863,26,8620,,330,43053,29173,926,Latin America (simple average),Decile 6,Urban,2003
9.300000190734863,26,8620,,330,43053,29173,927,Latin America (simple average),Decile 7,Urban,2003
11.199999809265137,26,8620,,330,43053,29173,928,Latin America (simple average),Decile 8,Urban,2003
15.199999809265137,26,8620,,330,43053,29173,929,Latin America (simple average),Decile 9,Urban,2003
1.7000000476837158,26,8620,,327,43053,29174,921,Latin America (simple average),Decile 1,National,2004
34.79999923706055,26,8620,,327,43053,29174,930,Latin America (simple average),Decile 10,National,2004
3.4000000953674316,26,8620,,327,43053,29174,922,Latin America (simple average),Decile 2,National,2004
4.5,26,8620,,327,43053,29174,923,Latin America (simple average),Decile 3,National,2004
5.5,26,8620,,327,43053,29174,924,Latin America (simple average),Decile 4,National,2004
6.599999904632568,26,8620,,327,43053,29174,925,Latin America (simple average),Decile 5,National,2004
7.599999904632568,26,8620,,327,43053,29174,926,Latin America (simple average),Decile 6,National,2004
9.199999809265137,26,8620,,327,43053,29174,927,Latin America (simple average),Decile 7,National,2004
11.399999618530273,26,8620,,327,43053,29174,928,Latin America (simple average),Decile 8,National,2004
15.399999618530273,26,8620,,327,43053,29174,929,Latin America (simple average),Decile 9,National,2004
2.0999999046325684,26,8620,,331,43053,29174,921,Latin America (simple average),Decile 1,Rural,2004
31.100000381469727,26,8620,,331,43053,29174,930,Latin America (simple average),Decile 10,Rural,2004
3.799999952316284,26,8620,,331,43053,29174,922,Latin America (simple average),Decile 2,Rural,2004
5,26,8620,,331,43053,29174,923,Latin America (simple average),Decile 3,Rural,2004
6.099999904632568,26,8620,,331,43053,29174,924,Latin America (simple average),Decile 4,Rural,2004
7.199999809265137,26,8620,,331,43053,29174,925,Latin America (simple average),Decile 5,Rural,2004
8.5,26,8620,,331,43053,29174,926,Latin America (simple average),Decile 6,Rural,2004
9.899999618530273,26,8620,,331,43053,29174,927,Latin America (simple average),Decile 7,Rural,2004
11.600000381469727,26,8620,,331,43053,29174,928,Latin America (simple average),Decile 8,Rural,2004
14.600000381469727,26,8620,,331,43053,29174,929,Latin America (simple average),Decile 9,Rural,2004
2,26,8620,,330,43053,29174,921,Latin America (simple average),Decile 1,Urban,2004
33.400001525878906,26,8620,,330,43053,29174,930,Latin America (simple average),Decile 10,Urban,2004
3.799999952316284,26,8620,,330,43053,29174,922,Latin America (simple average),Decile 2,Urban,2004
4.800000190734863,26,8620,,330,43053,29174,923,Latin America (simple average),Decile 3,Urban,2004
5.800000190734863,26,8620,,330,43053,29174,924,Latin America (simple average),Decile 4,Urban,2004
6.699999809265137,26,8620,,330,43053,29174,925,Latin America (simple average),Decile 5,Urban,2004
7.800000190734863,26,8620,,330,43053,29174,926,Latin America (simple average),Decile 6,Urban,2004
9.300000190734863,26,8620,,330,43053,29174,927,Latin America (simple average),Decile 7,Urban,2004
11.399999618530273,26,8620,,330,43053,29174,928,Latin America (simple average),Decile 8,Urban,2004
15.100000381469727,26,8620,,330,43053,29174,929,Latin America (simple average),Decile 9,Urban,2004
1.7000000476837158,26,8620,,327,43053,29175,921,Latin America (simple average),Decile 1,National,2005
34.099998474121094,26,8620,,327,43053,29175,930,Latin America (simple average),Decile 10,National,2005
3.299999952316284,26,8620,,327,43053,29175,922,Latin America (simple average),Decile 2,National,2005
4.400000095367432,26,8620,,327,43053,29175,923,Latin America (simple average),Decile 3,National,2005
5.5,26,8620,,327,43053,29175,924,Latin America (simple average),Decile 4,National,2005
6.599999904632568,26,8620,,327,43053,29175,925,Latin America (simple average),Decile 5,National,2005
7.800000190734863,26,8620,,327,43053,29175,926,Latin America (simple average),Decile 6,National,2005
9.399999618530273,26,8620,,327,43053,29175,927,Latin America (simple average),Decile 7,National,2005
11.600000381469727,26,8620,,327,43053,29175,928,Latin America (simple average),Decile 8,National,2005
15.600000381469727,26,8620,,327,43053,29175,929,Latin America (simple average),Decile 9,National,2005
1.899999976158142,26,8620,,331,43053,29175,921,Latin America (simple average),Decile 1,Rural,2005
30.899999618530273,26,8620,,331,43053,29175,930,Latin America (simple average),Decile 10,Rural,2005
3.700000047683716,26,8620,,331,43053,29175,922,Latin America (simple average),Decile 2,Rural,2005
4.900000095367432,26,8620,,331,43053,29175,923,Latin America (simple average),Decile 3,Rural,2005
5.900000095367432,26,8620,,331,43053,29175,924,Latin America (simple average),Decile 4,Rural,2005
7.300000190734863,26,8620,,331,43053,29175,925,Latin America (simple average),Decile 5,Rural,2005
8.399999618530273,26,8620,,331,43053,29175,926,Latin America (simple average),Decile 6,Rural,2005
9.800000190734863,26,8620,,331,43053,29175,927,Latin America (simple average),Decile 7,Rural,2005
11.899999618530273,26,8620,,331,43053,29175,928,Latin America (simple average),Decile 8,Rural,2005
15.300000190734863,26,8620,,331,43053,29175,929,Latin America (simple average),Decile 9,Rural,2005
1.899999976158142,26,8620,,330,43053,29175,921,Latin America (simple average),Decile 1,Urban,2005
32.5,26,8620,,330,43053,29175,930,Latin America (simple average),Decile 10,Urban,2005
3.799999952316284,26,8620,,330,43053,29175,922,Latin America (simple average),Decile 2,Urban,2005
4.800000190734863,26,8620,,330,43053,29175,923,Latin America (simple average),Decile 3,Urban,2005
5.800000190734863,26,8620,,330,43053,29175,924,Latin America (simple average),Decile 4,Urban,2005
6.800000190734863,26,8620,,330,43053,29175,925,Latin America (simple average),Decile 5,Urban,2005
7.900000095367432,26,8620,,330,43053,29175,926,Latin America (simple average),Decile 6,Urban,2005
9.399999618530273,26,8620,,330,43053,29175,927,Latin America (simple average),Decile 7,Urban,2005
11.600000381469727,26,8620,,330,43053,29175,928,Latin America (simple average),Decile 8,Urban,2005
15.399999618530273,26,8620,,330,43053,29175,929,Latin America (simple average),Decile 9,Urban,2005
1.899999976158142,26,8620,,327,43053,29176,921,Latin America (simple average),Decile 1,National,2006
33.400001525878906,26,8620,,327,43053,29176,930,Latin America (simple average),Decile 10,National,2006
3.5,26,8620,,327,43053,29176,922,Latin America (simple average),Decile 2,National,2006
4.599999904632568,26,8620,,327,43053,29176,923,Latin America (simple average),Decile 3,National,2006
5.599999904632568,26,8620,,327,43053,29176,924,Latin America (simple average),Decile 4,National,2006
6.699999809265137,26,8620,,327,43053,29176,925,Latin America (simple average),Decile 5,National,2006
7.800000190734863,26,8620,,327,43053,29176,926,Latin America (simple average),Decile 6,National,2006
9.5,26,8620,,327,43053,29176,927,Latin America (simple average),Decile 7,National,2006
11.600000381469727,26,8620,,327,43053,29176,928,Latin America (simple average),Decile 8,National,2006
15.5,26,8620,,327,43053,29176,929,Latin America (simple average),Decile 9,National,2006
2.0999999046325684,26,8620,,331,43053,29176,921,Latin America (simple average),Decile 1,Rural,2006
30.399999618530273,26,8620,,331,43053,29176,930,Latin America (simple average),Decile 10,Rural,2006
3.799999952316284,26,8620,,331,43053,29176,922,Latin America (simple average),Decile 2,Rural,2006
5,26,8620,,331,43053,29176,923,Latin America (simple average),Decile 3,Rural,2006
6,26,8620,,331,43053,29176,924,Latin America (simple average),Decile 4,Rural,2006
7.300000190734863,26,8620,,331,43053,29176,925,Latin America (simple average),Decile 5,Rural,2006
8.5,26,8620,,331,43053,29176,926,Latin America (simple average),Decile 6,Rural,2006
9.899999618530273,26,8620,,331,43053,29176,927,Latin America (simple average),Decile 7,Rural,2006
4.199999809265137,26,8620,,330,43053,29180,922,Latin America (simple average),Decile 2,Urban,2010
5.199999809265137,26,8620,,330,43053,29180,923,Latin America (simple average),Decile 3,Urban,2010
6.199999809265137,26,8620,,330,43053,29180,924,Latin America (simple average),Decile 4,Urban,2010
7.199999809265137,26,8620,,330,43053,29180,925,Latin America (simple average),Decile 5,Urban,2010
8.399999618530273,26,8620,,330,43053,29180,926,Latin America (simple average),Decile 6,Urban,2010
9.699999809265137,26,8620,,330,43053,29180,927,Latin America (simple average),Decile 7,Urban,2010
11.600000381469727,26,8620,,330,43053,29180,928,Latin America (simple average),Decile 8,Urban,2010
15.199999809265137,26,8620,,330,43053,29180,929,Latin America (simple average),Decile 9,Urban,2010
2.200000047683716,26,8620,,327,43053,29181,921,Latin America (simple average),Decile 1,National,2011
30.700000762939453,26,8620,,327,43053,29181,930,Latin America (simple average),Decile 10,National,2011
3.799999952316284,26,8620,,327,43053,29181,922,Latin America (simple average),Decile 2,National,2011
5,26,8620,,327,43053,29181,923,Latin America (simple average),Decile 3,National,2011
6,26,8620,,327,43053,29181,924,Latin America (simple average),Decile 4,National,2011
7,26,8620,,327,43053,29181,925,Latin America (simple average),Decile 5,National,2011
8.300000190734863,26,8620,,327,43053,29181,926,Latin America (simple average),Decile 6,National,2011
9.899999618530273,26,8620,,327,43053,29181,927,Latin America (simple average),Decile 7,National,2011
11.899999618530273,26,8620,,327,43053,29181,928,Latin America (simple average),Decile 8,National,2011
15.399999618530273,26,8620,,327,43053,29181,929,Latin America (simple average),Decile 9,National,2011
2.5,26,8620,,331,43053,29181,921,Latin America (simple average),Decile 1,Rural,2011
29.700000762939453,26,8620,,331,43053,29181,930,Latin America (simple average),Decile 10,Rural,2011
4.099999904632568,26,8620,,331,43053,29181,922,Latin America (simple average),Decile 2,Rural,2011
5.199999809265137,26,8620,,331,43053,29181,923,Latin America (simple average),Decile 3,Rural,2011
6.199999809265137,26,8620,,331,43053,29181,924,Latin America (simple average),Decile 4,Rural,2011
7.300000190734863,26,8620,,331,43053,29181,925,Latin America (simple average),Decile 5,Rural,2011
8.600000381469727,26,8620,,331,43053,29181,926,Latin America (simple average),Decile 6,Rural,2011
10,26,8620,,331,43053,29181,927,Latin America (simple average),Decile 7,Rural,2011
11.600000381469727,26,8620,,331,43053,29181,928,Latin America (simple average),Decile 8,Rural,2011
14.899999618530273,26,8620,,331,43053,29181,929,Latin America (simple average),Decile 9,Rural,2011
2.5,26,8620,,330,43053,29181,921,Latin America (simple average),Decile 1,Urban,2011
29.200000762939453,26,8620,,330,43053,29181,930,Latin America (simple average),Decile 10,Urban,2011
4.199999809265137,26,8620,,330,43053,29181,922,Latin America (simple average),Decile 2,Urban,2011
5.300000190734863,26,8620,,330,43053,29181,923,Latin America (simple average),Decile 3,Urban,2011
6.300000190734863,26,8620,,330,43053,29181,924,Latin America (simple average),Decile 4,Urban,2011
7.199999809265137,26,8620,,330,43053,29181,925,Latin America (simple average),Decile 5,Urban,2011
8.5,26,8620,,330,43053,29181,926,Latin America (simple average),Decile 6,Urban,2011
9.899999618530273,26,8620,,330,43053,29181,927,Latin America (simple average),Decile 7,Urban,2011
11.699999809265137,26,8620,,330,43053,29181,928,Latin America (simple average),Decile 8,Urban,2011
15.199999809265137,26,8620,,330,43053,29181,929,Latin America (simple average),Decile 9,Urban,2011
2.200000047683716,26,8620,,327,43053,29182,921,Latin America (simple average),Decile 1,National,2012
30.200000762939453,26,8620,,327,43053,29182,930,Latin America (simple average),Decile 10,National,2012
3.799999952316284,26,8620,,327,43053,29182,922,Latin America (simple average),Decile 2,National,2012
5,26,8620,,327,43053,29182,923,Latin America (simple average),Decile 3,National,2012
6.099999904632568,26,8620,,327,43053,29182,924,Latin America (simple average),Decile 4,National,2012
7.099999904632568,26,8620,,327,43053,29182,925,Latin America (simple average),Decile 5,National,2012
8.399999618530273,26,8620,,327,43053,29182,926,Latin America (simple average),Decile 6,National,2012
10,26,8620,,327,43053,29182,927,Latin America (simple average),Decile 7,National,2012
11.800000190734863,26,8620,,327,43053,29182,928,Latin America (simple average),Decile 8,National,2012
15.300000190734863,26,8620,,327,43053,29182,929,Latin America (simple average),Decile 9,National,2012
2.5,26,8620,,331,43053,29182,921,Latin America (simple average),Decile 1,Rural,2012
28.299999237060547,26,8620,,331,43053,29182,930,Latin America (simple average),Decile 10,Rural,2012
4.199999809265137,26,8620,,331,43053,29182,922,Latin America (simple average),Decile 2,Rural,2012
5.300000190734863,26,8620,,331,43053,29182,923,Latin America (simple average),Decile 3,Rural,2012
6.400000095367432,26,8620,,331,43053,29182,924,Latin America (simple average),Decile 4,Rural,2012
7.5,26,8620,,331,43053,29182,925,Latin America (simple average),Decile 5,Rural,2012
8.699999809265137,26,8620,,331,43053,29182,926,Latin America (simple average),Decile 6,Rural,2012
10.199999809265137,26,8620,,331,43053,29182,927,Latin America (simple average),Decile 7,Rural,2012
11.899999618530273,26,8620,,331,43053,29182,928,Latin America (simple average),Decile 8,Rural,2012
15.100000381469727,26,8620,,331,43053,29182,929,Latin America (simple average),Decile 9,Rural,2012
2.5,26,8620,,330,43053,29182,921,Latin America (simple average),Decile 1,Urban,2012
29,26,8620,,330,43053,29182,930,Latin America (simple average),Decile 10,Urban,2012
4.300000190734863,26,8620,,330,43053,29182,922,Latin America (simple average),Decile 2,Urban,2012
5.400000095367432,26,8620,,330,43053,29182,923,Latin America (simple average),Decile 3,Urban,2012
6.400000095367432,26,8620,,330,43053,29182,924,Latin America (simple average),Decile 4,Urban,2012
7.300000190734863,26,8620,,330,43053,29182,925,Latin America (simple average),Decile 5,Urban,2012
8.600000381469727,26,8620,,330,43053,29182,926,Latin America (simple average),Decile 6,Urban,2012
9.899999618530273,26,8620,,330,43053,29182,927,Latin America (simple average),Decile 7,Urban,2012
11.600000381469727,26,8620,,330,43053,29182,928,Latin America (simple average),Decile 8,Urban,2012
15,26,8620,,330,43053,29182,929,Latin America (simple average),Decile 9,Urban,2012
2.200000047683716,26,8620,,327,43053,29183,921,Latin America (simple average),Decile 1,National,2013
30.399999618530273,26,8620,,327,43053,29183,930,Latin America (simple average),Decile 10,National,2013
3.9000000953674316,26,8620,,327,43053,29183,922,Latin America (simple average),Decile 2,National,2013
5,26,8620,,327,43053,29183,923,Latin America (simple average),Decile 3,National,2013
6.099999904632568,26,8620,,327,43053,29183,924,Latin America (simple average),Decile 4,National,2013
7.099999904632568,26,8620,,327,43053,29183,925,Latin America (simple average),Decile 5,National,2013
11.899999618530273,26,8620,,331,43053,29176,928,Latin America (simple average),Decile 8,Rural,2006
15,26,8620,,331,43053,29176,929,Latin America (simple average),Decile 9,Rural,2006
2.0999999046325684,26,8620,,330,43053,29176,921,Latin America (simple average),Decile 1,Urban,2006
32.099998474121094,26,8620,,330,43053,29176,930,Latin America (simple average),Decile 10,Urban,2006
3.9000000953674316,26,8620,,330,43053,29176,922,Latin America (simple average),Decile 2,Urban,2006
5,26,8620,,330,43053,29176,923,Latin America (simple average),Decile 3,Urban,2006
5.900000095367432,26,8620,,330,43053,29176,924,Latin America (simple average),Decile 4,Urban,2006
6.900000095367432,26,8620,,330,43053,29176,925,Latin America (simple average),Decile 5,Urban,2006
8,26,8620,,330,43053,29176,926,Latin America (simple average),Decile 6,Urban,2006
9.399999618530273,26,8620,,330,43053,29176,927,Latin America (simple average),Decile 7,Urban,2006
11.5,26,8620,,330,43053,29176,928,Latin America (simple average),Decile 8,Urban,2006
15.199999809265137,26,8620,,330,43053,29176,929,Latin America (simple average),Decile 9,Urban,2006
2,26,8620,,327,43053,29177,921,Latin America (simple average),Decile 1,National,2007
33.5,26,8620,,327,43053,29177,930,Latin America (simple average),Decile 10,National,2007
3.5,26,8620,,327,43053,29177,922,Latin America (simple average),Decile 2,National,2007
4.599999904632568,26,8620,,327,43053,29177,923,Latin America (simple average),Decile 3,National,2007
5.599999904632568,26,8620,,327,43053,29177,924,Latin America (simple average),Decile 4,National,2007
6.699999809265137,26,8620,,327,43053,29177,925,Latin America (simple average),Decile 5,National,2007
7.800000190734863,26,8620,,327,43053,29177,926,Latin America (simple average),Decile 6,National,2007
9.5,26,8620,,327,43053,29177,927,Latin America (simple average),Decile 7,National,2007
11.5,26,8620,,327,43053,29177,928,Latin America (simple average),Decile 8,National,2007
15.300000190734863,26,8620,,327,43053,29177,929,Latin America (simple average),Decile 9,National,2007
2.299999952316284,26,8620,,331,43053,29177,921,Latin America (simple average),Decile 1,Rural,2007
30.5,26,8620,,331,43053,29177,930,Latin America (simple average),Decile 10,Rural,2007
4,26,8620,,331,43053,29177,922,Latin America (simple average),Decile 2,Rural,2007
5,26,8620,,331,43053,29177,923,Latin America (simple average),Decile 3,Rural,2007
6.099999904632568,26,8620,,331,43053,29177,924,Latin America (simple average),Decile 4,Rural,2007
7.199999809265137,26,8620,,331,43053,29177,925,Latin America (simple average),Decile 5,Rural,2007
8.399999618530273,26,8620,,331,43053,29177,926,Latin America (simple average),Decile 6,Rural,2007
10.100000381469727,26,8620,,331,43053,29177,927,Latin America (simple average),Decile 7,Rural,2007
11.699999809265137,26,8620,,331,43053,29177,928,Latin America (simple average),Decile 8,Rural,2007
14.800000190734863,26,8620,,331,43053,29177,929,Latin America (simple average),Decile 9,Rural,2007
2.299999952316284,26,8620,,330,43053,29177,921,Latin America (simple average),Decile 1,Urban,2007
32,26,8620,,330,43053,29177,930,Latin America (simple average),Decile 10,Urban,2007
3.9000000953674316,26,8620,,330,43053,29177,922,Latin America (simple average),Decile 2,Urban,2007
5,26,8620,,330,43053,29177,923,Latin America (simple average),Decile 3,Urban,2007
5.900000095367432,26,8620,,330,43053,29177,924,Latin America (simple average),Decile 4,Urban,2007
6.900000095367432,26,8620,,330,43053,29177,925,Latin America (simple average),Decile 5,Urban,2007
8,26,8620,,330,43053,29177,926,Latin America (simple average),Decile 6,Urban,2007
9.399999618530273,26,8620,,330,43053,29177,927,Latin America (simple average),Decile 7,Urban,2007
11.399999618530273,26,8620,,330,43053,29177,928,Latin America (simple average),Decile 8,Urban,2007
15.300000190734863,26,8620,,330,43053,29177,929,Latin America (simple average),Decile 9,Urban,2007
2.0999999046325684,26,8620,,327,43053,29178,921,Latin America (simple average),Decile 1,National,2008
32.20000076293945,26,8620,,327,43053,29178,930,Latin America (simple average),Decile 10,National,2008
3.700000047683716,26,8620,,327,43053,29178,922,Latin America (simple average),Decile 2,National,2008
4.699999809265137,26,8620,,327,43053,29178,923,Latin America (simple average),Decile 3,National,2008
5.699999809265137,26,8620,,327,43053,29178,924,Latin America (simple average),Decile 4,National,2008
6.900000095367432,26,8620,,327,43053,29178,925,Latin America (simple average),Decile 5,National,2008
8.100000381469727,26,8620,,327,43053,29178,926,Latin America (simple average),Decile 6,National,2008
9.699999809265137,26,8620,,327,43053,29178,927,Latin America (simple average),Decile 7,National,2008
11.600000381469727,26,8620,,327,43053,29178,928,Latin America (simple average),Decile 8,National,2008
15.5,26,8620,,327,43053,29178,929,Latin America (simple average),Decile 9,National,2008
2.4000000953674316,26,8620,,331,43053,29178,921,Latin America (simple average),Decile 1,Rural,2008
29.600000381469727,26,8620,,331,43053,29178,930,Latin America (simple average),Decile 10,Rural,2008
4,26,8620,,331,43053,29178,922,Latin America (simple average),Decile 2,Rural,2008
5.199999809265137,26,8620,,331,43053,29178,923,Latin America (simple average),Decile 3,Rural,2008
6.300000190734863,26,8620,,331,43053,29178,924,Latin America (simple average),Decile 4,Rural,2008
7.300000190734863,26,8620,,331,43053,29178,925,Latin America (simple average),Decile 5,Rural,2008
8.5,26,8620,,331,43053,29178,926,Latin America (simple average),Decile 6,Rural,2008
10,26,8620,,331,43053,29178,927,Latin America (simple average),Decile 7,Rural,2008
11.800000190734863,26,8620,,331,43053,29178,928,Latin America (simple average),Decile 8,Rural,2008
15.100000381469727,26,8620,,331,43053,29178,929,Latin America (simple average),Decile 9,Rural,2008
2.4000000953674316,26,8620,,330,43053,29178,921,Latin America (simple average),Decile 1,Urban,2008
30.799999237060547,26,8620,,330,43053,29178,930,Latin America (simple average),Decile 10,Urban,2008
4.099999904632568,26,8620,,330,43053,29178,922,Latin America (simple average),Decile 2,Urban,2008
5.099999904632568,26,8620,,330,43053,29178,923,Latin America (simple average),Decile 3,Urban,2008
6,26,8620,,330,43053,29178,924,Latin America (simple average),Decile 4,Urban,2008
7,26,8620,,330,43053,29178,925,Latin America (simple average),Decile 5,Urban,2008
8.199999809265137,26,8620,,330,43053,29178,926,Latin America (simple average),Decile 6,Urban,2008
9.699999809265137,26,8620,,330,43053,29178,927,Latin America (simple average),Decile 7,Urban,2008
11.5,26,8620,,330,43053,29178,928,Latin America (simple average),Decile 8,Urban,2008
15.300000190734863,26,8620,,330,43053,29178,929,Latin America (simple average),Decile 9,Urban,2008
2.0999999046325684,26,8620,,327,43053,29179,921,Latin America (simple average),Decile 1,National,2009
31.5,26,8620,,327,43053,29179,930,Latin America (simple average),Decile 10,National,2009
3.700000047683716,26,8620,,327,43053,29179,922,Latin America (simple average),Decile 2,National,2009
4.800000190734863,26,8620,,327,43053,29179,923,Latin America (simple average),Decile 3,National,2009
5.800000190734863,26,8620,,327,43053,29179,924,Latin America (simple average),Decile 4,National,2009
7,26,8620,,327,43053,29179,925,Latin America (simple average),Decile 5,National,2009
8.100000381469727,26,8620,,327,43053,29179,926,Latin America (simple average),Decile 6,National,2009
9.899999618530273,26,8620,,327,43053,29179,927,Latin America (simple average),Decile 7,National,2009
11.800000190734863,26,8620,,327,43053,29179,928,Latin America (simple average),Decile 8,National,2009
15.399999618530273,26,8620,,327,43053,29179,929,Latin America (simple average),Decile 9,National,2009
2.5,26,8620,,331,43053,29179,921,Latin America (simple average),Decile 1,Rural,2009
28.799999237060547,26,8620,,331,43053,29179,930,Latin America (simple average),Decile 10,Rural,2009
4.199999809265137,26,8620,,331,43053,29179,922,Latin America (simple average),Decile 2,Rural,2009
5.199999809265137,26,8620,,331,43053,29179,923,Latin America (simple average),Decile 3,Rural,2009
6.400000095367432,26,8620,,331,43053,29179,924,Latin America (simple average),Decile 4,Rural,2009
7.400000095367432,26,8620,,331,43053,29179,925,Latin America (simple average),Decile 5,Rural,2009
8.600000381469727,26,8620,,331,43053,29179,926,Latin America (simple average),Decile 6,Rural,2009
10.300000190734863,26,8620,,331,43053,29179,927,Latin America (simple average),Decile 7,Rural,2009
11.800000190734863,26,8620,,331,43053,29179,928,Latin America (simple average),Decile 8,Rural,2009
14.800000190734863,26,8620,,331,43053,29179,929,Latin America (simple average),Decile 9,Rural,2009
2.4000000953674316,26,8620,,330,43053,29179,921,Latin America (simple average),Decile 1,Urban,2009
30.200000762939453,26,8620,,330,43053,29179,930,Latin America (simple average),Decile 10,Urban,2009
4.099999904632568,26,8620,,330,43053,29179,922,Latin America (simple average),Decile 2,Urban,2009
5.199999809265137,26,8620,,330,43053,29179,923,Latin America (simple average),Decile 3,Urban,2009
6.099999904632568,26,8620,,330,43053,29179,924,Latin America (simple average),Decile 4,Urban,2009
7.099999904632568,26,8620,,330,43053,29179,925,Latin America (simple average),Decile 5,Urban,2009
8.399999618530273,26,8620,,330,43053,29179,926,Latin America (simple average),Decile 6,Urban,2009
9.699999809265137,26,8620,,330,43053,29179,927,Latin America (simple average),Decile 7,Urban,2009
11.699999809265137,26,8620,,330,43053,29179,928,Latin America (simple average),Decile 8,Urban,2009
15.199999809265137,26,8620,,330,43053,29179,929,Latin America (simple average),Decile 9,Urban,2009
2.200000047683716,26,8620,,327,43053,29180,921,Latin America (simple average),Decile 1,National,2010
31.100000381469727,26,8620,,327,43053,29180,930,Latin America (simple average),Decile 10,National,2010
3.799999952316284,26,8620,,327,43053,29180,922,Latin America (simple average),Decile 2,National,2010
4.900000095367432,26,8620,,327,43053,29180,923,Latin America (simple average),Decile 3,National,2010
5.900000095367432,26,8620,,327,43053,29180,924,Latin America (simple average),Decile 4,National,2010
7,26,8620,,327,43053,29180,925,Latin America (simple average),Decile 5,National,2010
8.199999809265137,26,8620,,327,43053,29180,926,Latin America (simple average),Decile 6,National,2010
9.800000190734863,26,8620,,327,43053,29180,927,Latin America (simple average),Decile 7,National,2010
11.800000190734863,26,8620,,327,43053,29180,928,Latin America (simple average),Decile 8,National,2010
15.399999618530273,26,8620,,327,43053,29180,929,Latin America (simple average),Decile 9,National,2010
2.5,26,8620,,331,43053,29180,921,Latin America (simple average),Decile 1,Rural,2010
28.899999618530273,26,8620,,331,43053,29180,930,Latin America (simple average),Decile 10,Rural,2010
4.199999809265137,26,8620,,331,43053,29180,922,Latin America (simple average),Decile 2,Rural,2010
5.300000190734863,26,8620,,331,43053,29180,923,Latin America (simple average),Decile 3,Rural,2010
6.300000190734863,26,8620,,331,43053,29180,924,Latin America (simple average),Decile 4,Rural,2010
7.5,26,8620,,331,43053,29180,925,Latin America (simple average),Decile 5,Rural,2010
8.600000381469727,26,8620,,331,43053,29180,926,Latin America (simple average),Decile 6,Rural,2010
10.199999809265137,26,8620,,331,43053,29180,927,Latin America (simple average),Decile 7,Rural,2010
11.800000190734863,26,8620,,331,43053,29180,928,Latin America (simple average),Decile 8,Rural,2010
14.800000190734863,26,8620,,331,43053,29180,929,Latin America (simple average),Decile 9,Rural,2010
2.5,26,8620,,330,43053,29180,921,Latin America (simple average),Decile 1,Urban,2010
29.799999237060547,26,8620,,330,43053,29180,930,Latin America (simple average),Decile 10,Urban,2010
8.199999809265137,26,8620,,327,43053,29183,926,Latin America (simple average),Decile 6,National,2013
9.899999618530273,26,8620,,327,43053,29183,927,Latin America (simple average),Decile 7,National,2013
11.800000190734863,26,8620,,327,43053,29183,928,Latin America (simple average),Decile 8,National,2013
15.300000190734863,26,8620,,327,43053,29183,929,Latin America (simple average),Decile 9,National,2013
2.5999999046325684,26,8620,,331,43053,29183,921,Latin America (simple average),Decile 1,Rural,2013
28.100000381469727,26,8620,,331,43053,29183,930,Latin America (simple average),Decile 10,Rural,2013
4.300000190734863,26,8620,,331,43053,29183,922,Latin America (simple average),Decile 2,Rural,2013
5.400000095367432,26,8620,,331,43053,29183,923,Latin America (simple average),Decile 3,Rural,2013
6.400000095367432,26,8620,,331,43053,29183,924,Latin America (simple average),Decile 4,Rural,2013
7.5,26,8620,,331,43053,29183,925,Latin America (simple average),Decile 5,Rural,2013
8.699999809265137,26,8620,,331,43053,29183,926,Latin America (simple average),Decile 6,Rural,2013
10.100000381469727,26,8620,,331,43053,29183,927,Latin America (simple average),Decile 7,Rural,2013
11.899999618530273,26,8620,,331,43053,29183,928,Latin America (simple average),Decile 8,Rural,2013
14.899999618530273,26,8620,,331,43053,29183,929,Latin America (simple average),Decile 9,Rural,2013
2.5,26,8620,,330,43053,29183,921,Latin America (simple average),Decile 1,Urban,2013
29.200000762939453,26,8620,,330,43053,29183,930,Latin America (simple average),Decile 10,Urban,2013
4.300000190734863,26,8620,,330,43053,29183,922,Latin America (simple average),Decile 2,Urban,2013
5.400000095367432,26,8620,,330,43053,29183,923,Latin America (simple average),Decile 3,Urban,2013
6.400000095367432,26,8620,,330,43053,29183,924,Latin America (simple average),Decile 4,Urban,2013
7.300000190734863,26,8620,,330,43053,29183,925,Latin America (simple average),Decile 5,Urban,2013
8.399999618530273,26,8620,,330,43053,29183,926,Latin America (simple average),Decile 6,Urban,2013
9.800000190734863,26,8620,,330,43053,29183,927,Latin America (simple average),Decile 7,Urban,2013
11.699999809265137,26,8620,,330,43053,29183,928,Latin America (simple average),Decile 8,Urban,2013
15.100000381469727,26,8620,,330,43053,29183,929,Latin America (simple average),Decile 9,Urban,2013
2.299999952316284,26,8620,,327,43053,29184,921,Latin America (simple average),Decile 1,National,2014
29.899999618530273,26,8620,,327,43053,29184,930,Latin America (simple average),Decile 10,National,2014
4,26,8620,,327,43053,29184,922,Latin America (simple average),Decile 2,National,2014
5.099999904632568,26,8620,,327,43053,29184,923,Latin America (simple average),Decile 3,National,2014
6.199999809265137,26,8620,,327,43053,29184,924,Latin America (simple average),Decile 4,National,2014
7.199999809265137,26,8620,,327,43053,29184,925,Latin America (simple average),Decile 5,National,2014
8.5,26,8620,,327,43053,29184,926,Latin America (simple average),Decile 6,National,2014
9.899999618530273,26,8620,,327,43053,29184,927,Latin America (simple average),Decile 7,National,2014
11.699999809265137,26,8620,,327,43053,29184,928,Latin America (simple average),Decile 8,National,2014
15.199999809265137,26,8620,,327,43053,29184,929,Latin America (simple average),Decile 9,National,2014
2.5999999046325684,26,8620,,331,43053,29184,921,Latin America (simple average),Decile 1,Rural,2014
27.600000381469727,26,8620,,331,43053,29184,930,Latin America (simple average),Decile 10,Rural,2014
4.400000095367432,26,8620,,331,43053,29184,922,Latin America (simple average),Decile 2,Rural,2014
5.400000095367432,26,8620,,331,43053,29184,923,Latin America (simple average),Decile 3,Rural,2014
6.5,26,8620,,331,43053,29184,924,Latin America (simple average),Decile 4,Rural,2014
7.800000190734863,26,8620,,331,43053,29184,925,Latin America (simple average),Decile 5,Rural,2014
8.800000190734863,26,8620,,331,43053,29184,926,Latin America (simple average),Decile 6,Rural,2014
10.199999809265137,26,8620,,331,43053,29184,927,Latin America (simple average),Decile 7,Rural,2014
11.899999618530273,26,8620,,331,43053,29184,928,Latin America (simple average),Decile 8,Rural,2014
14.899999618530273,26,8620,,331,43053,29184,929,Latin America (simple average),Decile 9,Rural,2014
2.5999999046325684,26,8620,,330,43053,29184,921,Latin America (simple average),Decile 1,Urban,2014
28.899999618530273,26,8620,,330,43053,29184,930,Latin America (simple average),Decile 10,Urban,2014
4.300000190734863,26,8620,,330,43053,29184,922,Latin America (simple average),Decile 2,Urban,2014
5.400000095367432,26,8620,,330,43053,29184,923,Latin America (simple average),Decile 3,Urban,2014
6.5,26,8620,,330,43053,29184,924,Latin America (simple average),Decile 4,Urban,2014
7.300000190734863,26,8620,,330,43053,29184,925,Latin America (simple average),Decile 5,Urban,2014
8.5,26,8620,,330,43053,29184,926,Latin America (simple average),Decile 6,Urban,2014
9.800000190734863,26,8620,,330,43053,29184,927,Latin America (simple average),Decile 7,Urban,2014
11.600000381469727,26,8620,,330,43053,29184,928,Latin America (simple average),Decile 8,Urban,2014
14.899999618530273,26,8620,,330,43053,29184,929,Latin America (simple average),Decile 9,Urban,2014
2.299999952316284,26,8620,,327,43053,29185,921,Latin America (simple average),Decile 1,National,2015
29.5,26,8620,,327,43053,29185,930,Latin America (simple average),Decile 10,National,2015
4,26,8620,,327,43053,29185,922,Latin America (simple average),Decile 2,National,2015
5.199999809265137,26,8620,,327,43053,29185,923,Latin America (simple average),Decile 3,National,2015
6.300000190734863,26,8620,,327,43053,29185,924,Latin America (simple average),Decile 4,National,2015
7.199999809265137,26,8620,,327,43053,29185,925,Latin America (simple average),Decile 5,National,2015
8.5,26,8620,,327,43053,29185,926,Latin America (simple average),Decile 6,National,2015
10,26,8620,,327,43053,29185,927,Latin America (simple average),Decile 7,National,2015
11.899999618530273,26,8620,,327,43053,29185,928,Latin America (simple average),Decile 8,National,2015
15.100000381469727,26,8620,,327,43053,29185,929,Latin America (simple average),Decile 9,National,2015
2.5999999046325684,26,8620,,331,43053,29185,921,Latin America (simple average),Decile 1,Rural,2015
27.5,26,8620,,331,43053,29185,930,Latin America (simple average),Decile 10,Rural,2015
4.400000095367432,26,8620,,331,43053,29185,922,Latin America (simple average),Decile 2,Rural,2015
5.400000095367432,26,8620,,331,43053,29185,923,Latin America (simple average),Decile 3,Rural,2015
6.5,26,8620,,331,43053,29185,924,Latin America (simple average),Decile 4,Rural,2015
7.599999904632568,26,8620,,331,43053,29185,925,Latin America (simple average),Decile 5,Rural,2015
8.800000190734863,26,8620,,331,43053,29185,926,Latin America (simple average),Decile 6,Rural,2015
10.100000381469727,26,8620,,331,43053,29185,927,Latin America (simple average),Decile 7,Rural,2015
12.100000381469727,26,8620,,331,43053,29185,928,Latin America (simple average),Decile 8,Rural,2015
15,26,8620,,331,43053,29185,929,Latin America (simple average),Decile 9,Rural,2015
2.700000047683716,26,8620,,330,43053,29185,921,Latin America (simple average),Decile 1,Urban,2015
28.5,26,8620,,330,43053,29185,930,Latin America (simple average),Decile 10,Urban,2015
4.400000095367432,26,8620,,330,43053,29185,922,Latin America (simple average),Decile 2,Urban,2015
5.599999904632568,26,8620,,330,43053,29185,923,Latin America (simple average),Decile 3,Urban,2015
6.5,26,8620,,330,43053,29185,924,Latin America (simple average),Decile 4,Urban,2015
7.400000095367432,26,8620,,330,43053,29185,925,Latin America (simple average),Decile 5,Urban,2015
8.600000381469727,26,8620,,330,43053,29185,926,Latin America (simple average),Decile 6,Urban,2015
9.899999618530273,26,8620,,330,43053,29185,927,Latin America (simple average),Decile 7,Urban,2015
11.699999809265137,26,8620,,330,43053,29185,928,Latin America (simple average),Decile 8,Urban,2015
14.800000190734863,26,8620,,330,43053,29185,929,Latin America (simple average),Decile 9,Urban,2015
2.4000000953674316,26,8620,,327,43053,29186,921,Latin America (simple average),Decile 1,National,2016
29.399999618530273,26,8620,,327,43053,29186,930,Latin America (simple average),Decile 10,National,2016
4,26,8620,,327,43053,29186,922,Latin America (simple average),Decile 2,National,2016
5.199999809265137,26,8620,,327,43053,29186,923,Latin America (simple average),Decile 3,National,2016
6.199999809265137,26,8620,,327,43053,29186,924,Latin America (simple average),Decile 4,National,2016
7.400000095367432,26,8620,,327,43053,29186,925,Latin America (simple average),Decile 5,National,2016
8.600000381469727,26,8620,,327,43053,29186,926,Latin America (simple average),Decile 6,National,2016
10,26,8620,,327,43053,29186,927,Latin America (simple average),Decile 7,National,2016
11.800000190734863,26,8620,,327,43053,29186,928,Latin America (simple average),Decile 8,National,2016
15.100000381469727,26,8620,,327,43053,29186,929,Latin America (simple average),Decile 9,National,2016
2.5999999046325684,26,8620,,331,43053,29186,921,Latin America (simple average),Decile 1,Rural,2016
27.100000381469727,26,8620,,331,43053,29186,930,Latin America (simple average),Decile 10,Rural,2016
4.400000095367432,26,8620,,331,43053,29186,922,Latin America (simple average),Decile 2,Rural,2016
5.5,26,8620,,331,43053,29186,923,Latin America (simple average),Decile 3,Rural,2016
6.5,26,8620,,331,43053,29186,924,Latin America (simple average),Decile 4,Rural,2016
7.599999904632568,26,8620,,331,43053,29186,925,Latin America (simple average),Decile 5,Rural,2016
8.699999809265137,26,8620,,331,43053,29186,926,Latin America (simple average),Decile 6,Rural,2016
10.399999618530273,26,8620,,331,43053,29186,927,Latin America (simple average),Decile 7,Rural,2016
12.100000381469727,26,8620,,331,43053,29186,928,Latin America (simple average),Decile 8,Rural,2016
15,26,8620,,331,43053,29186,929,Latin America (simple average),Decile 9,Rural,2016
2.5999999046325684,26,8620,,330,43053,29186,921,Latin America (simple average),Decile 1,Urban,2016
28.5,26,8620,,330,43053,29186,930,Latin America (simple average),Decile 10,Urban,2016
4.400000095367432,26,8620,,330,43053,29186,922,Latin America (simple average),Decile 2,Urban,2016
5.599999904632568,26,8620,,330,43053,29186,923,Latin America (simple average),Decile 3,Urban,2016
6.599999904632568,26,8620,,330,43053,29186,924,Latin America (simple average),Decile 4,Urban,2016
7.400000095367432,26,8620,,330,43053,29186,925,Latin America (simple average),Decile 5,Urban,2016
8.600000381469727,26,8620,,330,43053,29186,926,Latin America (simple average),Decile 6,Urban,2016
9.899999618530273,26,8620,,330,43053,29186,927,Latin America (simple average),Decile 7,Urban,2016
11.600000381469727,26,8620,,330,43053,29186,928,Latin America (simple average),Decile 8,Urban,2016
14.800000190734863,26,8620,,330,43053,29186,929,Latin America (simple average),Decile 9,Urban,2016
2.4000000953674316,26,8620,,327,43053,29187,921,Latin America (simple average),Decile 1,National,2017
29.299999237060547,26,8620,,327,43053,29187,930,Latin America (simple average),Decile 10,National,2017
4.099999904632568,26,8620,,327,43053,29187,922,Latin America (simple average),Decile 2,National,2017
5.199999809265137,26,8620,,327,43053,29187,923,Latin America (simple average),Decile 3,National,2017
6.300000190734863,26,8620,,327,43053,29187,924,Latin America (simple average),Decile 4,National,2017
7.400000095367432,26,8620,,327,43053,29187,925,Latin America (simple average),Decile 5,National,2017
8.600000381469727,26,8620,,327,43053,29187,926,Latin America (simple average),Decile 6,National,2017
9.899999618530273,26,8620,,327,43053,29187,927,Latin America (simple average),Decile 7,National,2017
11.899999618530273,26,8620,,327,43053,29187,928,Latin America (simple average),Decile 8,National,2017
15.100000381469727,26,8620,,327,43053,29187,929,Latin America (simple average),Decile 9,National,2017
2.700000047683716,26,8620,,331,43053,29187,921,Latin America (simple average),Decile 1,Rural,2017
27.899999618530273,26,8620,,331,43053,29187,930,Latin America (simple average),Decile 10,Rural,2017
4.400000095367432,26,8620,,331,43053,29187,922,Latin America (simple average),Decile 2,Rural,2017
5.5,26,8620,,331,43053,29187,923,Latin America (simple average),Decile 3,Rural,2017
6.400000095367432,26,8620,,331,43053,29187,924,Latin America (simple average),Decile 4,Rural,2017
7.5,26,8620,,331,43053,29187,925,Latin America (simple average),Decile 5,Rural,2017
8.600000381469727,26,8620,,331,43053,29187,926,Latin America (simple average),Decile 6,Rural,2017
10.199999809265137,26,8620,,331,43053,29187,927,Latin America (simple average),Decile 7,Rural,2017
12,26,8620,,331,43053,29187,928,Latin America (simple average),Decile 8,Rural,2017
14.800000190734863,26,8620,,331,43053,29187,929,Latin America (simple average),Decile 9,Rural,2017
2.700000047683716,26,8620,,330,43053,29187,921,Latin America (simple average),Decile 1,Urban,2017
28.200000762939453,26,8620,,330,43053,29187,930,Latin America (simple average),Decile 10,Urban,2017
4.5,26,8620,,330,43053,29187,922,Latin America (simple average),Decile 2,Urban,2017
5.599999904632568,26,8620,,330,43053,29187,923,Latin America (simple average),Decile 3,Urban,2017
6.599999904632568,26,8620,,330,43053,29187,924,Latin America (simple average),Decile 4,Urban,2017
7.5,26,8620,,330,43053,29187,925,Latin America (simple average),Decile 5,Urban,2017
8.600000381469727,26,8620,,330,43053,29187,926,Latin America (simple average),Decile 6,Urban,2017
9.899999618530273,26,8620,,330,43053,29187,927,Latin America (simple average),Decile 7,Urban,2017
11.600000381469727,26,8620,,330,43053,29187,928,Latin America (simple average),Decile 8,Urban,2017
14.800000190734863,26,8620,,330,43053,29187,929,Latin America (simple average),Decile 9,Urban,2017
2.4000000953674316,26,8620,,327,43053,29188,921,Latin America (simple average),Decile 1,National,2018
28.899999618530273,26,8620,,327,43053,29188,930,Latin America (simple average),Decile 10,National,2018
4.099999904632568,26,8620,,327,43053,29188,922,Latin America (simple average),Decile 2,National,2018
5.300000190734863,26,8620,,327,43053,29188,923,Latin America (simple average),Decile 3,National,2018
6.300000190734863,26,8620,,327,43053,29188,924,Latin America (simple average),Decile 4,National,2018
7.400000095367432,26,8620,,327,43053,29188,925,Latin America (simple average),Decile 5,National,2018
8.600000381469727,26,8620,,327,43053,29188,926,Latin America (simple average),Decile 6,National,2018
10.100000381469727,26,8620,,327,43053,29188,927,Latin America (simple average),Decile 7,National,2018
11.800000190734863,26,8620,,327,43053,29188,928,Latin America (simple average),Decile 8,National,2018
15,26,8620,,327,43053,29188,929,Latin America (simple average),Decile 9,National,2018
2.799999952316284,26,8620,,331,43053,29188,921,Latin America (simple average),Decile 1,Rural,2018
27,26,8620,,331,43053,29188,930,Latin America (simple average),Decile 10,Rural,2018
4.5,26,8620,,331,43053,29188,922,Latin America (simple average),Decile 2,Rural,2018
5.599999904632568,26,8620,,331,43053,29188,923,Latin America (simple average),Decile 3,Rural,2018
6.599999904632568,26,8620,,331,43053,29188,924,Latin America (simple average),Decile 4,Rural,2018
7.699999809265137,26,8620,,331,43053,29188,925,Latin America (simple average),Decile 5,Rural,2018
8.699999809265137,26,8620,,331,43053,29188,926,Latin America (simple average),Decile 6,Rural,2018
10.300000190734863,26,8620,,331,43053,29188,927,Latin America (simple average),Decile 7,Rural,2018
11.899999618530273,26,8620,,331,43053,29188,928,Latin America (simple average),Decile 8,Rural,2018
14.800000190734863,26,8620,,331,43053,29188,929,Latin America (simple average),Decile 9,Rural,2018
2.799999952316284,26,8620,,330,43053,29188,921,Latin America (simple average),Decile 1,Urban,2018
27.899999618530273,26,8620,,330,43053,29188,930,Latin America (simple average),Decile 10,Urban,2018
4.599999904632568,26,8620,,330,43053,29188,922,Latin America (simple average),Decile 2,Urban,2018
5.599999904632568,26,8620,,330,43053,29188,923,Latin America (simple average),Decile 3,Urban,2018
6.699999809265137,26,8620,,330,43053,29188,924,Latin America (simple average),Decile 4,Urban,2018
7.5,26,8620,,330,43053,29188,925,Latin America (simple average),Decile 5,Urban,2018
8.699999809265137,26,8620,,330,43053,29188,926,Latin America (simple average),Decile 6,Urban,2018
9.899999618530273,26,8620,,330,43053,29188,927,Latin America (simple average),Decile 7,Urban,2018
11.600000381469727,26,8620,,330,43053,29188,928,Latin America (simple average),Decile 8,Urban,2018
14.699999809265137,26,8620,,330,43053,29188,929,Latin America (simple average),Decile 9,Urban,2018
2.4000000953674316,26,8620,,327,43053,29189,921,Latin America (simple average),Decile 1,National,2019
28.899999618530273,26,8620,,327,43053,29189,930,Latin America (simple average),Decile 10,National,2019
4.199999809265137,26,8620,,327,43053,29189,922,Latin America (simple average),Decile 2,National,2019
5.300000190734863,26,8620,,327,43053,29189,923,Latin America (simple average),Decile 3,National,2019
6.300000190734863,26,8620,,327,43053,29189,924,Latin America (simple average),Decile 4,National,2019
7.400000095367432,26,8620,,327,43053,29189,925,Latin America (simple average),Decile 5,National,2019
8.600000381469727,26,8620,,327,43053,29189,926,Latin America (simple average),Decile 6,National,2019
10.100000381469727,26,8620,,327,43053,29189,927,Latin America (simple average),Decile 7,National,2019
11.800000190734863,26,8620,,327,43053,29189,928,Latin America (simple average),Decile 8,National,2019
15,26,8620,,327,43053,29189,929,Latin America (simple average),Decile 9,National,2019
2.799999952316284,26,8620,,331,43053,29189,921,Latin America (simple average),Decile 1,Rural,2019
26.5,26,8620,,331,43053,29189,930,Latin America (simple average),Decile 10,Rural,2019
4.5,26,8620,,331,43053,29189,922,Latin America (simple average),Decile 2,Rural,2019
5.699999809265137,26,8620,,331,43053,29189,923,Latin America (simple average),Decile 3,Rural,2019
6.699999809265137,26,8620,,331,43053,29189,924,Latin America (simple average),Decile 4,Rural,2019
7.800000190734863,26,8620,,331,43053,29189,925,Latin America (simple average),Decile 5,Rural,2019
8.800000190734863,26,8620,,331,43053,29189,926,Latin America (simple average),Decile 6,Rural,2019
10.399999618530273,26,8620,,331,43053,29189,927,Latin America (simple average),Decile 7,Rural,2019
12,26,8620,,331,43053,29189,928,Latin America (simple average),Decile 8,Rural,2019
15,26,8620,,331,43053,29189,929,Latin America (simple average),Decile 9,Rural,2019
2.799999952316284,26,8620,,330,43053,29189,921,Latin America (simple average),Decile 1,Urban,2019
27.899999618530273,26,8620,,330,43053,29189,930,Latin America (simple average),Decile 10,Urban,2019
4.599999904632568,26,8620,,330,43053,29189,922,Latin America (simple average),Decile 2,Urban,2019
5.599999904632568,26,8620,,330,43053,29189,923,Latin America (simple average),Decile 3,Urban,2019
12,26,8620,,330,43053,29193,928,Latin America (simple average),Decile 8,Urban,2023
15.100000381469727,26,8620,,330,43053,29193,929,Latin America (simple average),Decile 9,Urban,2023
2.4000000953674316,26,8620,,327,43053,29194,921,Latin America (simple average),Decile 1,National,2024
27.600000381469727,26,8620,,327,43053,29194,930,Latin America (simple average),Decile 10,National,2024
4.199999809265137,26,8620,,327,43053,29194,922,Latin America (simple average),Decile 2,National,2024
5.5,26,8620,,327,43053,29194,923,Latin America (simple average),Decile 3,National,2024
6.5,26,8620,,327,43053,29194,924,Latin America (simple average),Decile 4,National,2024
7.5,26,8620,,327,43053,29194,925,Latin America (simple average),Decile 5,National,2024
8.800000190734863,26,8620,,327,43053,29194,926,Latin America (simple average),Decile 6,National,2024
10.300000190734863,26,8620,,327,43053,29194,927,Latin America (simple average),Decile 7,National,2024
12.100000381469727,26,8620,,327,43053,29194,928,Latin America (simple average),Decile 8,National,2024
15.199999809265137,26,8620,,327,43053,29194,929,Latin America (simple average),Decile 9,National,2024
2.5,26,8620,,331,43053,29194,921,Latin America (simple average),Decile 1,Rural,2024
26.200000762939453,26,8620,,331,43053,29194,930,Latin America (simple average),Decile 10,Rural,2024
4.5,26,8620,,331,43053,29194,922,Latin America (simple average),Decile 2,Rural,2024
5.699999809265137,26,8620,,331,43053,29194,923,Latin America (simple average),Decile 3,Rural,2024
6.599999904632568,26,8620,,331,43053,29194,924,Latin America (simple average),Decile 4,Rural,2024
7.900000095367432,26,8620,,331,43053,29194,925,Latin America (simple average),Decile 5,Rural,2024
8.899999618530273,26,8620,,331,43053,29194,926,Latin America (simple average),Decile 6,Rural,2024
10.300000190734863,26,8620,,331,43053,29194,927,Latin America (simple average),Decile 7,Rural,2024
12.199999809265137,26,8620,,331,43053,29194,928,Latin America (simple average),Decile 8,Rural,2024
15.100000381469727,26,8620,,331,43053,29194,929,Latin America (simple average),Decile 9,Rural,2024
2.5999999046325684,26,8620,,330,43053,29194,921,Latin America (simple average),Decile 1,Urban,2024
26.700000762939453,26,8620,,330,43053,29194,930,Latin America (simple average),Decile 10,Urban,2024
4.5,26,8620,,330,43053,29194,922,Latin America (simple average),Decile 2,Urban,2024
5.699999809265137,26,8620,,330,43053,29194,923,Latin America (simple average),Decile 3,Urban,2024
6.800000190734863,26,8620,,330,43053,29194,924,Latin America (simple average),Decile 4,Urban,2024
7.599999904632568,26,8620,,330,43053,29194,925,Latin America (simple average),Decile 5,Urban,2024
9,26,8620,,330,43053,29194,926,Latin America (simple average),Decile 6,Urban,2024
10.100000381469727,26,8620,,330,43053,29194,927,Latin America (simple average),Decile 7,Urban,2024
11.899999618530273,26,8620,,330,43053,29194,928,Latin America (simple average),Decile 8,Urban,2024
15,26,8620,,330,43053,29194,929,Latin America (simple average),Decile 9,Urban,2024
0.699999988079071,26,"86,923",ARG,330,216,29170,921,Argentina,Decile 1,Urban,2000
29.299999237060547,26,"86,923",ARG,330,216,29170,930,Argentina,Decile 10,Urban,2000
4.5,26,"86,923",ARG,330,216,29170,922,Argentina,Decile 2,Urban,2000
6.099999904632568,26,"86,923",ARG,330,216,29170,923,Argentina,Decile 3,Urban,2000
6.800000190734863,26,"86,923",ARG,330,216,29170,924,Argentina,Decile 4,Urban,2000
7.5,26,"86,923",ARG,330,216,29170,925,Argentina,Decile 5,Urban,2000
8.100000381469727,26,"86,923",ARG,330,216,29170,926,Argentina,Decile 6,Urban,2000
9.600000381469727,26,"86,923",ARG,330,216,29170,927,Argentina,Decile 7,Urban,2000
11.600000381469727,26,"86,923",ARG,330,216,29170,928,Argentina,Decile 8,Urban,2000
15.800000190734863,26,"86,923",ARG,330,216,29170,929,Argentina,Decile 9,Urban,2000
0.30000001192092896,26,"86,923",ARG,330,216,29171,921,Argentina,Decile 1,Urban,2001
30.200000762939453,26,"86,923",ARG,330,216,29171,930,Argentina,Decile 10,Urban,2001
4,26,"86,923",ARG,330,216,29171,922,Argentina,Decile 2,Urban,2001
6.400000095367432,26,"86,923",ARG,330,216,29171,923,Argentina,Decile 3,Urban,2001
6.800000190734863,26,"86,923",ARG,330,216,29171,924,Argentina,Decile 4,Urban,2001
7.300000190734863,26,"86,923",ARG,330,216,29171,925,Argentina,Decile 5,Urban,2001
8.100000381469727,26,"86,923",ARG,330,216,29171,926,Argentina,Decile 6,Urban,2001
9.199999809265137,26,"86,923",ARG,330,216,29171,927,Argentina,Decile 7,Urban,2001
12.199999809265137,26,"86,923",ARG,330,216,29171,928,Argentina,Decile 8,Urban,2001
15.5,26,"86,923",ARG,330,216,29171,929,Argentina,Decile 9,Urban,2001
0.30000001192092896,26,"86,923",ARG,330,216,29172,921,Argentina,Decile 1,Urban,2002
31,26,"86,923",ARG,330,216,29172,930,Argentina,Decile 10,Urban,2002
3.799999952316284,26,"86,923",ARG,330,216,29172,922,Argentina,Decile 2,Urban,2002
5.5,26,"86,923",ARG,330,216,29172,923,Argentina,Decile 3,Urban,2002
7.400000095367432,26,"86,923",ARG,330,216,29172,924,Argentina,Decile 4,Urban,2002
8.199999809265137,26,"86,923",ARG,330,216,29172,925,Argentina,Decile 5,Urban,2002
9.800000190734863,26,"86,923",ARG,330,216,29172,926,Argentina,Decile 6,Urban,2002
8.699999809265137,26,"86,923",ARG,330,216,29172,927,Argentina,Decile 7,Urban,2002
11.100000381469727,26,"86,923",ARG,330,216,29172,928,Argentina,Decile 8,Urban,2002
14.300000190734863,26,"86,923",ARG,330,216,29172,929,Argentina,Decile 9,Urban,2002
1.899999976158142,26,"86,337",ARG,330,216,29173,921,Argentina,Decile 1,Urban,2003
28.600000381469727,26,"86,337",ARG,330,216,29173,930,Argentina,Decile 10,Urban,2003
4.800000190734863,26,"86,337",ARG,330,216,29173,922,Argentina,Decile 2,Urban,2003
6.300000190734863,26,"86,337",ARG,330,216,29173,923,Argentina,Decile 3,Urban,2003
7.400000095367432,26,"86,337",ARG,330,216,29173,924,Argentina,Decile 4,Urban,2003
7,26,"86,337",ARG,330,216,29173,925,Argentina,Decile 5,Urban,2003
8.100000381469727,26,"86,337",ARG,330,216,29173,926,Argentina,Decile 6,Urban,2003
10.199999809265137,26,"86,337",ARG,330,216,29173,927,Argentina,Decile 7,Urban,2003
10.699999809265137,26,"86,337",ARG,330,216,29173,928,Argentina,Decile 8,Urban,2003
15,26,"86,337",ARG,330,216,29173,929,Argentina,Decile 9,Urban,2003
2.299999952316284,26,"86,337",ARG,330,216,29174,921,Argentina,Decile 1,Urban,2004
25.700000762939453,26,"86,337",ARG,330,216,29174,930,Argentina,Decile 10,Urban,2004
6.599999904632568,26,8620,,330,43053,29189,924,Latin America (simple average),Decile 4,Urban,2019
7.5,26,8620,,330,43053,29189,925,Latin America (simple average),Decile 5,Urban,2019
8.699999809265137,26,8620,,330,43053,29189,926,Latin America (simple average),Decile 6,Urban,2019
9.899999618530273,26,8620,,330,43053,29189,927,Latin America (simple average),Decile 7,Urban,2019
11.699999809265137,26,8620,,330,43053,29189,928,Latin America (simple average),Decile 8,Urban,2019
14.699999809265137,26,8620,,330,43053,29189,929,Latin America (simple average),Decile 9,Urban,2019
2.200000047683716,26,8620,,327,43053,29190,921,Latin America (simple average),Decile 1,National,2020
29,26,8620,,327,43053,29190,930,Latin America (simple average),Decile 10,National,2020
4.099999904632568,26,8620,,327,43053,29190,922,Latin America (simple average),Decile 2,National,2020
5.300000190734863,26,8620,,327,43053,29190,923,Latin America (simple average),Decile 3,National,2020
6.400000095367432,26,8620,,327,43053,29190,924,Latin America (simple average),Decile 4,National,2020
7.400000095367432,26,8620,,327,43053,29190,925,Latin America (simple average),Decile 5,National,2020
8.600000381469727,26,8620,,327,43053,29190,926,Latin America (simple average),Decile 6,National,2020
10,26,8620,,327,43053,29190,927,Latin America (simple average),Decile 7,National,2020
11.899999618530273,26,8620,,327,43053,29190,928,Latin America (simple average),Decile 8,National,2020
15.100000381469727,26,8620,,327,43053,29190,929,Latin America (simple average),Decile 9,National,2020
2.5999999046325684,26,8620,,331,43053,29190,921,Latin America (simple average),Decile 1,Rural,2020
26.399999618530273,26,8620,,331,43053,29190,930,Latin America (simple average),Decile 10,Rural,2020
4.599999904632568,26,8620,,331,43053,29190,922,Latin America (simple average),Decile 2,Rural,2020
5.800000190734863,26,8620,,331,43053,29190,923,Latin America (simple average),Decile 3,Rural,2020
6.800000190734863,26,8620,,331,43053,29190,924,Latin America (simple average),Decile 4,Rural,2020
7.699999809265137,26,8620,,331,43053,29190,925,Latin America (simple average),Decile 5,Rural,2020
9,26,8620,,331,43053,29190,926,Latin America (simple average),Decile 6,Rural,2020
10.199999809265137,26,8620,,331,43053,29190,927,Latin America (simple average),Decile 7,Rural,2020
11.899999618530273,26,8620,,331,43053,29190,928,Latin America (simple average),Decile 8,Rural,2020
14.899999618530273,26,8620,,331,43053,29190,929,Latin America (simple average),Decile 9,Rural,2020
2.4000000953674316,26,8620,,330,43053,29190,921,Latin America (simple average),Decile 1,Urban,2020
28.200000762939453,26,8620,,330,43053,29190,930,Latin America (simple average),Decile 10,Urban,2020
4.400000095367432,26,8620,,330,43053,29190,922,Latin America (simple average),Decile 2,Urban,2020
5.599999904632568,26,8620,,330,43053,29190,923,Latin America (simple average),Decile 3,Urban,2020
6.699999809265137,26,8620,,330,43053,29190,924,Latin America (simple average),Decile 4,Urban,2020
7.5,26,8620,,330,43053,29190,925,Latin America (simple average),Decile 5,Urban,2020
8.600000381469727,26,8620,,330,43053,29190,926,Latin America (simple average),Decile 6,Urban,2020
9.899999618530273,26,8620,,330,43053,29190,927,Latin America (simple average),Decile 7,Urban,2020
11.800000190734863,26,8620,,330,43053,29190,928,Latin America (simple average),Decile 8,Urban,2020
14.899999618530273,26,8620,,330,43053,29190,929,Latin America (simple average),Decile 9,Urban,2020
2.299999952316284,26,8620,,327,43053,29191,921,Latin America (simple average),Decile 1,National,2021
28.899999618530273,26,8620,,327,43053,29191,930,Latin America (simple average),Decile 10,National,2021
4.199999809265137,26,8620,,327,43053,29191,922,Latin America (simple average),Decile 2,National,2021
5.300000190734863,26,8620,,327,43053,29191,923,Latin America (simple average),Decile 3,National,2021
6.300000190734863,26,8620,,327,43053,29191,924,Latin America (simple average),Decile 4,National,2021
7.400000095367432,26,8620,,327,43053,29191,925,Latin America (simple average),Decile 5,National,2021
8.5,26,8620,,327,43053,29191,926,Latin America (simple average),Decile 6,National,2021
10,26,8620,,327,43053,29191,927,Latin America (simple average),Decile 7,National,2021
12,26,8620,,327,43053,29191,928,Latin America (simple average),Decile 8,National,2021
15,26,8620,,327,43053,29191,929,Latin America (simple average),Decile 9,National,2021
2.5999999046325684,26,8620,,331,43053,29191,921,Latin America (simple average),Decile 1,Rural,2021
27,26,8620,,331,43053,29191,930,Latin America (simple average),Decile 10,Rural,2021
4.400000095367432,26,8620,,331,43053,29191,922,Latin America (simple average),Decile 2,Rural,2021
5.699999809265137,26,8620,,331,43053,29191,923,Latin America (simple average),Decile 3,Rural,2021
6.599999904632568,26,8620,,331,43053,29191,924,Latin America (simple average),Decile 4,Rural,2021
7.699999809265137,26,8620,,331,43053,29191,925,Latin America (simple average),Decile 5,Rural,2021
8.800000190734863,26,8620,,331,43053,29191,926,Latin America (simple average),Decile 6,Rural,2021
10.300000190734863,26,8620,,331,43053,29191,927,Latin America (simple average),Decile 7,Rural,2021
12.100000381469727,26,8620,,331,43053,29191,928,Latin America (simple average),Decile 8,Rural,2021
14.600000381469727,26,8620,,331,43053,29191,929,Latin America (simple average),Decile 9,Rural,2021
2.5,26,8620,,330,43053,29191,921,Latin America (simple average),Decile 1,Urban,2021
28.100000381469727,26,8620,,330,43053,29191,930,Latin America (simple average),Decile 10,Urban,2021
4.5,26,8620,,330,43053,29191,922,Latin America (simple average),Decile 2,Urban,2021
5.5,26,8620,,330,43053,29191,923,Latin America (simple average),Decile 3,Urban,2021
6.599999904632568,26,8620,,330,43053,29191,924,Latin America (simple average),Decile 4,Urban,2021
7.599999904632568,26,8620,,330,43053,29191,925,Latin America (simple average),Decile 5,Urban,2021
8.600000381469727,26,8620,,330,43053,29191,926,Latin America (simple average),Decile 6,Urban,2021
10,26,8620,,330,43053,29191,927,Latin America (simple average),Decile 7,Urban,2021
11.800000190734863,26,8620,,330,43053,29191,928,Latin America (simple average),Decile 8,Urban,2021
14.800000190734863,26,8620,,330,43053,29191,929,Latin America (simple average),Decile 9,Urban,2021
2.4000000953674316,26,8620,,327,43053,29192,921,Latin America (simple average),Decile 1,National,2022
27.899999618530273,26,8620,,327,43053,29192,930,Latin America (simple average),Decile 10,National,2022
4.199999809265137,26,8620,,327,43053,29192,922,Latin America (simple average),Decile 2,National,2022
5.400000095367432,26,8620,,327,43053,29192,923,Latin America (simple average),Decile 3,National,2022
6.5,26,8620,,327,43053,29192,924,Latin America (simple average),Decile 4,National,2022
7.5,26,8620,,327,43053,29192,925,Latin America (simple average),Decile 5,National,2022
8.699999809265137,26,8620,,327,43053,29192,926,Latin America (simple average),Decile 6,National,2022
10.199999809265137,26,8620,,327,43053,29192,927,Latin America (simple average),Decile 7,National,2022
12,26,8620,,327,43053,29192,928,Latin America (simple average),Decile 8,National,2022
15.199999809265137,26,8620,,327,43053,29192,929,Latin America (simple average),Decile 9,National,2022
2.5999999046325684,26,8620,,331,43053,29192,921,Latin America (simple average),Decile 1,Rural,2022
26.5,26,8620,,331,43053,29192,930,Latin America (simple average),Decile 10,Rural,2022
4.5,26,8620,,331,43053,29192,922,Latin America (simple average),Decile 2,Rural,2022
5.699999809265137,26,8620,,331,43053,29192,923,Latin America (simple average),Decile 3,Rural,2022
6.699999809265137,26,8620,,331,43053,29192,924,Latin America (simple average),Decile 4,Rural,2022
7.900000095367432,26,8620,,331,43053,29192,925,Latin America (simple average),Decile 5,Rural,2022
9,26,8620,,331,43053,29192,926,Latin America (simple average),Decile 6,Rural,2022
10.199999809265137,26,8620,,331,43053,29192,927,Latin America (simple average),Decile 7,Rural,2022
12.199999809265137,26,8620,,331,43053,29192,928,Latin America (simple average),Decile 8,Rural,2022
14.800000190734863,26,8620,,331,43053,29192,929,Latin America (simple average),Decile 9,Rural,2022
2.5999999046325684,26,8620,,330,43053,29192,921,Latin America (simple average),Decile 1,Urban,2022
27,26,8620,,330,43053,29192,930,Latin America (simple average),Decile 10,Urban,2022
4.5,26,8620,,330,43053,29192,922,Latin America (simple average),Decile 2,Urban,2022
5.699999809265137,26,8620,,330,43053,29192,923,Latin America (simple average),Decile 3,Urban,2022
6.699999809265137,26,8620,,330,43053,29192,924,Latin America (simple average),Decile 4,Urban,2022
7.599999904632568,26,8620,,330,43053,29192,925,Latin America (simple average),Decile 5,Urban,2022
8.899999618530273,26,8620,,330,43053,29192,926,Latin America (simple average),Decile 6,Urban,2022
10.100000381469727,26,8620,,330,43053,29192,927,Latin America (simple average),Decile 7,Urban,2022
11.899999618530273,26,8620,,330,43053,29192,928,Latin America (simple average),Decile 8,Urban,2022
15,26,8620,,330,43053,29192,929,Latin America (simple average),Decile 9,Urban,2022
2.4000000953674316,26,8620,,327,43053,29193,921,Latin America (simple average),Decile 1,National,2023
27.700000762939453,26,8620,,327,43053,29193,930,Latin America (simple average),Decile 10,National,2023
4.199999809265137,26,8620,,327,43053,29193,922,Latin America (simple average),Decile 2,National,2023
5.400000095367432,26,8620,,327,43053,29193,923,Latin America (simple average),Decile 3,National,2023
6.400000095367432,26,8620,,327,43053,29193,924,Latin America (simple average),Decile 4,National,2023
7.5,26,8620,,327,43053,29193,925,Latin America (simple average),Decile 5,National,2023
8.800000190734863,26,8620,,327,43053,29193,926,Latin America (simple average),Decile 6,National,2023
10.199999809265137,26,8620,,327,43053,29193,927,Latin America (simple average),Decile 7,National,2023
12.100000381469727,26,8620,,327,43053,29193,928,Latin America (simple average),Decile 8,National,2023
15.300000190734863,26,8620,,327,43053,29193,929,Latin America (simple average),Decile 9,National,2023
2.5,26,8620,,331,43053,29193,921,Latin America (simple average),Decile 1,Rural,2023
26.600000381469727,26,8620,,331,43053,29193,930,Latin America (simple average),Decile 10,Rural,2023
4.5,26,8620,,331,43053,29193,922,Latin America (simple average),Decile 2,Rural,2023
5.699999809265137,26,8620,,331,43053,29193,923,Latin America (simple average),Decile 3,Rural,2023
6.699999809265137,26,8620,,331,43053,29193,924,Latin America (simple average),Decile 4,Rural,2023
7.800000190734863,26,8620,,331,43053,29193,925,Latin America (simple average),Decile 5,Rural,2023
8.899999618530273,26,8620,,331,43053,29193,926,Latin America (simple average),Decile 6,Rural,2023
10.199999809265137,26,8620,,331,43053,29193,927,Latin America (simple average),Decile 7,Rural,2023
12,26,8620,,331,43053,29193,928,Latin America (simple average),Decile 8,Rural,2023
15,26,8620,,331,43053,29193,929,Latin America (simple average),Decile 9,Rural,2023
2.5999999046325684,26,8620,,330,43053,29193,921,Latin America (simple average),Decile 1,Urban,2023
26.799999237060547,26,8620,,330,43053,29193,930,Latin America (simple average),Decile 10,Urban,2023
4.5,26,8620,,330,43053,29193,922,Latin America (simple average),Decile 2,Urban,2023
5.699999809265137,26,8620,,330,43053,29193,923,Latin America (simple average),Decile 3,Urban,2023
6.800000190734863,26,8620,,330,43053,29193,924,Latin America (simple average),Decile 4,Urban,2023
7.699999809265137,26,8620,,330,43053,29193,925,Latin America (simple average),Decile 5,Urban,2023
8.899999618530273,26,8620,,330,43053,29193,926,Latin America (simple average),Decile 6,Urban,2023
10.100000381469727,26,8620,,330,43053,29193,927,Latin America (simple average),Decile 7,Urban,2023
5.5,26,"86,337",ARG,330,216,29174,922,Argentina,Decile 2,Urban,2004
6.699999809265137,26,"86,337",ARG,330,216,29174,923,Argentina,Decile 3,Urban,2004
7.099999904632568,26,"86,337",ARG,330,216,29174,924,Argentina,Decile 4,Urban,2004
8.600000381469727,26,"86,337",ARG,330,216,29174,925,Argentina,Decile 5,Urban,2004
7.800000190734863,26,"86,337",ARG,330,216,29174,926,Argentina,Decile 6,Urban,2004
9.899999618530273,26,"86,337",ARG,330,216,29174,927,Argentina,Decile 7,Urban,2004
11.600000381469727,26,"86,337",ARG,330,216,29174,928,Argentina,Decile 8,Urban,2004
14.800000190734863,26,"86,337",ARG,330,216,29174,929,Argentina,Decile 9,Urban,2004
2.9000000953674316,26,"86,337",ARG,330,216,29175,921,Argentina,Decile 1,Urban,2005
25.200000762939453,26,"86,337",ARG,330,216,29175,930,Argentina,Decile 10,Urban,2005
5.599999904632568,26,"86,337",ARG,330,216,29175,922,Argentina,Decile 2,Urban,2005
6.5,26,"86,337",ARG,330,216,29175,923,Argentina,Decile 3,Urban,2005
7.5,26,"86,337",ARG,330,216,29175,924,Argentina,Decile 4,Urban,2005
7.800000190734863,26,"86,337",ARG,330,216,29175,925,Argentina,Decile 5,Urban,2005
8.399999618530273,26,"86,337",ARG,330,216,29175,926,Argentina,Decile 6,Urban,2005
9.800000190734863,26,"86,337",ARG,330,216,29175,927,Argentina,Decile 7,Urban,2005
11.300000190734863,26,"86,337",ARG,330,216,29175,928,Argentina,Decile 8,Urban,2005
15,26,"86,337",ARG,330,216,29175,929,Argentina,Decile 9,Urban,2005
2.799999952316284,26,"86,337",ARG,330,216,29176,921,Argentina,Decile 1,Urban,2006
26.700000762939453,26,"86,337",ARG,330,216,29176,930,Argentina,Decile 10,Urban,2006
5.5,26,"86,337",ARG,330,216,29176,922,Argentina,Decile 2,Urban,2006
6.5,26,"86,337",ARG,330,216,29176,923,Argentina,Decile 3,Urban,2006
6.900000095367432,26,"86,337",ARG,330,216,29176,924,Argentina,Decile 4,Urban,2006
7.599999904632568,26,"86,337",ARG,330,216,29176,925,Argentina,Decile 5,Urban,2006
7.599999904632568,26,"86,337",ARG,330,216,29176,926,Argentina,Decile 6,Urban,2006
10,26,"86,337",ARG,330,216,29176,927,Argentina,Decile 7,Urban,2006
11.699999809265137,26,"86,337",ARG,330,216,29176,928,Argentina,Decile 8,Urban,2006
14.899999618530273,26,"86,337",ARG,330,216,29176,929,Argentina,Decile 9,Urban,2006
3,26,"86,337",ARG,330,216,29177,921,Argentina,Decile 1,Urban,2007
26.100000381469727,26,"86,337",ARG,330,216,29177,930,Argentina,Decile 10,Urban,2007
5.5,26,"86,337",ARG,330,216,29177,922,Argentina,Decile 2,Urban,2007
6.099999904632568,26,"86,337",ARG,330,216,29177,923,Argentina,Decile 3,Urban,2007
6.900000095367432,26,"86,337",ARG,330,216,29177,924,Argentina,Decile 4,Urban,2007
7.599999904632568,26,"86,337",ARG,330,216,29177,925,Argentina,Decile 5,Urban,2007
8.100000381469727,26,"86,337",ARG,330,216,29177,926,Argentina,Decile 6,Urban,2007
10.100000381469727,26,"86,337",ARG,330,216,29177,927,Argentina,Decile 7,Urban,2007
11.800000190734863,26,"86,337",ARG,330,216,29177,928,Argentina,Decile 8,Urban,2007
14.699999809265137,26,"86,337",ARG,330,216,29177,929,Argentina,Decile 9,Urban,2007
3.5,26,"86,337",ARG,330,216,29178,921,Argentina,Decile 1,Urban,2008
23,26,"86,337",ARG,330,216,29178,930,Argentina,Decile 10,Urban,2008
5.800000190734863,26,"86,337",ARG,330,216,29178,922,Argentina,Decile 2,Urban,2008
6.599999904632568,26,"86,337",ARG,330,216,29178,923,Argentina,Decile 3,Urban,2008
6.800000190734863,26,"86,337",ARG,330,216,29178,924,Argentina,Decile 4,Urban,2008
7,26,"86,337",ARG,330,216,29178,925,Argentina,Decile 5,Urban,2008
9.100000381469727,26,"86,337",ARG,330,216,29178,926,Argentina,Decile 6,Urban,2008
10.600000381469727,26,"86,337",ARG,330,216,29178,927,Argentina,Decile 7,Urban,2008
11.800000190734863,26,"86,337",ARG,330,216,29178,928,Argentina,Decile 8,Urban,2008
16,26,"86,337",ARG,330,216,29178,929,Argentina,Decile 9,Urban,2008
3.299999952316284,26,"86,366",ARG,330,216,29179,921,Argentina,Decile 1,Urban,2009
22.700000762939453,26,"86,366",ARG,330,216,29179,930,Argentina,Decile 10,Urban,2009
5.5,26,"86,366",ARG,330,216,29179,922,Argentina,Decile 2,Urban,2009
6.5,26,"86,366",ARG,330,216,29179,923,Argentina,Decile 3,Urban,2009
7.099999904632568,26,"86,366",ARG,330,216,29179,924,Argentina,Decile 4,Urban,2009
7.5,26,"86,366",ARG,330,216,29179,925,Argentina,Decile 5,Urban,2009
9,26,"86,366",ARG,330,216,29179,926,Argentina,Decile 6,Urban,2009
11,26,"86,366",ARG,330,216,29179,927,Argentina,Decile 7,Urban,2009
12.100000381469727,26,"86,366",ARG,330,216,29179,928,Argentina,Decile 8,Urban,2009
15.399999618530273,26,"86,366",ARG,330,216,29179,929,Argentina,Decile 9,Urban,2009
3.5,26,"86,366",ARG,330,216,29180,921,Argentina,Decile 1,Urban,2010
23,26,"86,366",ARG,330,216,29180,930,Argentina,Decile 10,Urban,2010
5.699999809265137,26,"86,366",ARG,330,216,29180,922,Argentina,Decile 2,Urban,2010
6.599999904632568,26,"86,366",ARG,330,216,29180,923,Argentina,Decile 3,Urban,2010
6.900000095367432,26,"86,366",ARG,330,216,29180,924,Argentina,Decile 4,Urban,2010
7.400000095367432,26,"86,366",ARG,330,216,29180,925,Argentina,Decile 5,Urban,2010
9,26,"86,366",ARG,330,216,29180,926,Argentina,Decile 6,Urban,2010
10.399999618530273,26,"86,366",ARG,330,216,29180,927,Argentina,Decile 7,Urban,2010
12.100000381469727,26,"86,366",ARG,330,216,29180,928,Argentina,Decile 8,Urban,2010
15.399999618530273,26,"86,366",ARG,330,216,29180,929,Argentina,Decile 9,Urban,2010
3.5,26,"86,366",ARG,330,216,29181,921,Argentina,Decile 1,Urban,2011
22.200000762939453,26,"86,366",ARG,330,216,29181,930,Argentina,Decile 10,Urban,2011
5.699999809265137,26,"86,366",ARG,330,216,29181,922,Argentina,Decile 2,Urban,2011
6.599999904632568,26,"86,366",ARG,330,216,29181,923,Argentina,Decile 3,Urban,2011
7.199999809265137,26,"86,366",ARG,330,216,29181,924,Argentina,Decile 4,Urban,2011
7.900000095367432,26,"86,366",ARG,330,216,29181,925,Argentina,Decile 5,Urban,2011
9.100000381469727,26,"86,366",ARG,330,216,29181,926,Argentina,Decile 6,Urban,2011
10.5,26,"86,366",ARG,330,216,29181,927,Argentina,Decile 7,Urban,2011
12.5,26,"86,366",ARG,330,216,29181,928,Argentina,Decile 8,Urban,2011
14.600000381469727,26,"86,366",ARG,330,216,29181,929,Argentina,Decile 9,Urban,2011
3.700000047683716,26,"86,366",ARG,330,216,29182,921,Argentina,Decile 1,Urban,2012
20.799999237060547,26,"86,366",ARG,330,216,29182,930,Argentina,Decile 10,Urban,2012
6,26,"86,366",ARG,330,216,29182,922,Argentina,Decile 2,Urban,2012
7,26,"86,366",ARG,330,216,29182,923,Argentina,Decile 3,Urban,2012
7.699999809265137,26,"86,366",ARG,330,216,29182,924,Argentina,Decile 4,Urban,2012
7.5,26,"86,366",ARG,330,216,29182,925,Argentina,Decile 5,Urban,2012
9.399999618530273,26,"86,366",ARG,330,216,29182,926,Argentina,Decile 6,Urban,2012
11.300000190734863,26,"86,366",ARG,330,216,29182,927,Argentina,Decile 7,Urban,2012
12.300000190734863,26,"86,366",ARG,330,216,29182,928,Argentina,Decile 8,Urban,2012
14.300000190734863,26,"86,366",ARG,330,216,29182,929,Argentina,Decile 9,Urban,2012
3.5999999046325684,26,"86,366",ARG,330,216,29183,921,Argentina,Decile 1,Urban,2013
20.899999618530273,26,"86,366",ARG,330,216,29183,930,Argentina,Decile 10,Urban,2013
6,26,"86,366",ARG,330,216,29183,922,Argentina,Decile 2,Urban,2013
7.199999809265137,26,"86,366",ARG,330,216,29183,923,Argentina,Decile 3,Urban,2013
7.800000190734863,26,"86,366",ARG,330,216,29183,924,Argentina,Decile 4,Urban,2013
7.900000095367432,26,"86,366",ARG,330,216,29183,925,Argentina,Decile 5,Urban,2013
9.300000190734863,26,"86,366",ARG,330,216,29183,926,Argentina,Decile 6,Urban,2013
11.100000381469727,26,"86,366",ARG,330,216,29183,927,Argentina,Decile 7,Urban,2013
12.300000190734863,26,"86,366",ARG,330,216,29183,928,Argentina,Decile 8,Urban,2013
14,26,"86,366",ARG,330,216,29183,929,Argentina,Decile 9,Urban,2013
3.700000047683716,26,"86,366",ARG,330,216,29184,921,Argentina,Decile 1,Urban,2014
21.399999618530273,26,"86,366",ARG,330,216,29184,930,Argentina,Decile 10,Urban,2014
6.199999809265137,26,"86,366",ARG,330,216,29184,922,Argentina,Decile 2,Urban,2014
7.300000190734863,26,"86,366",ARG,330,216,29184,923,Argentina,Decile 3,Urban,2014
7.900000095367432,26,"86,366",ARG,330,216,29184,924,Argentina,Decile 4,Urban,2014
7.900000095367432,26,"86,366",ARG,330,216,29184,925,Argentina,Decile 5,Urban,2014
8.699999809265137,26,"86,366",ARG,330,216,29184,926,Argentina,Decile 6,Urban,2014
10.800000190734863,26,"86,366",ARG,330,216,29184,927,Argentina,Decile 7,Urban,2014
12.199999809265137,26,"86,366",ARG,330,216,29184,928,Argentina,Decile 8,Urban,2014
13.899999618530273,26,"86,366",ARG,330,216,29184,929,Argentina,Decile 9,Urban,2014
3.799999952316284,26,"86,337",ARG,330,216,29186,921,Argentina,Decile 1,Urban,2016
22.5,26,"86,337",ARG,330,216,29186,930,Argentina,Decile 10,Urban,2016
6.099999904632568,26,"86,337",ARG,330,216,29186,922,Argentina,Decile 2,Urban,2016
7.5,26,"86,337",ARG,330,216,29186,923,Argentina,Decile 3,Urban,2016
7.699999809265137,26,"86,337",ARG,330,216,29186,924,Argentina,Decile 4,Urban,2016
7.599999904632568,26,"86,337",ARG,330,216,29186,925,Argentina,Decile 5,Urban,2016
9.300000190734863,26,"86,337",ARG,330,216,29186,926,Argentina,Decile 6,Urban,2016
10.399999618530273,26,"86,337",ARG,330,216,29186,927,Argentina,Decile 7,Urban,2016
11.399999618530273,26,"86,337",ARG,330,216,29186,928,Argentina,Decile 8,Urban,2016
13.699999809265137,26,"86,337",ARG,330,216,29186,929,Argentina,Decile 9,Urban,2016
3.700000047683716,26,"86,366",ARG,330,216,29187,921,Argentina,Decile 1,Urban,2017
20.899999618530273,26,"86,366",ARG,330,216,29187,930,Argentina,Decile 10,Urban,2017
6.300000190734863,26,"86,366",ARG,330,216,29187,922,Argentina,Decile 2,Urban,2017
7.400000095367432,26,"86,366",ARG,330,216,29187,923,Argentina,Decile 3,Urban,2017
7.699999809265137,26,"86,366",ARG,330,216,29187,924,Argentina,Decile 4,Urban,2017
7.5,26,"86,366",ARG,330,216,29187,925,Argentina,Decile 5,Urban,2017
9.5,26,"86,366",ARG,330,216,29187,926,Argentina,Decile 6,Urban,2017
10.5,26,"86,366",ARG,330,216,29187,927,Argentina,Decile 7,Urban,2017
12.100000381469727,26,"86,366",ARG,330,216,29187,928,Argentina,Decile 8,Urban,2017
14.399999618530273,26,"86,366",ARG,330,216,29187,929,Argentina,Decile 9,Urban,2017
3.5999999046325684,26,"86,366",ARG,330,216,29188,921,Argentina,Decile 1,Urban,2018
21.5,26,"86,366",ARG,330,216,29188,930,Argentina,Decile 10,Urban,2018
6.300000190734863,26,"86,366",ARG,330,216,29188,922,Argentina,Decile 2,Urban,2018
7.199999809265137,26,"86,366",ARG,330,216,29188,923,Argentina,Decile 3,Urban,2018
7.699999809265137,26,"86,366",ARG,330,216,29188,924,Argentina,Decile 4,Urban,2018
7.199999809265137,26,"86,366",ARG,330,216,29188,925,Argentina,Decile 5,Urban,2018
9.699999809265137,26,"86,366",ARG,330,216,29188,926,Argentina,Decile 6,Urban,2018
11.100000381469727,26,"86,366",ARG,330,216,29188,927,Argentina,Decile 7,Urban,2018
11.5,26,"86,366",ARG,330,216,29188,928,Argentina,Decile 8,Urban,2018
14.100000381469727,26,"86,366",ARG,330,216,29188,929,Argentina,Decile 9,Urban,2018
3.5999999046325684,26,"86,366",ARG,330,216,29189,921,Argentina,Decile 1,Urban,2019
22.5,26,"86,366",ARG,330,216,29189,930,Argentina,Decile 10,Urban,2019
6.199999809265137,26,"86,366",ARG,330,216,29189,922,Argentina,Decile 2,Urban,2019
7.099999904632568,26,"86,366",ARG,330,216,29189,923,Argentina,Decile 3,Urban,2019
7.199999809265137,26,"86,366",ARG,330,216,29189,924,Argentina,Decile 4,Urban,2019
7.699999809265137,26,"86,366",ARG,330,216,29189,925,Argentina,Decile 5,Urban,2019
9,26,"86,366",ARG,330,216,29189,926,Argentina,Decile 6,Urban,2019
10.600000381469727,26,"86,366",ARG,330,216,29189,927,Argentina,Decile 7,Urban,2019
11.899999618530273,26,"86,366",ARG,330,216,29189,928,Argentina,Decile 8,Urban,2019
14.100000381469727,26,"86,366",ARG,330,216,29189,929,Argentina,Decile 9,Urban,2019
3.299999952316284,26,"86,366",ARG,330,216,29190,921,Argentina,Decile 1,Urban,2020
21.100000381469727,26,"86,366",ARG,330,216,29190,930,Argentina,Decile 10,Urban,2020
6.300000190734863,26,"86,366",ARG,330,216,29190,922,Argentina,Decile 2,Urban,2020
7.5,26,"86,366",ARG,330,216,29190,923,Argentina,Decile 3,Urban,2020
8.300000190734863,26,"86,366",ARG,330,216,29190,924,Argentina,Decile 4,Urban,2020
8.199999809265137,26,"86,366",ARG,330,216,29190,925,Argentina,Decile 5,Urban,2020
8.699999809265137,26,"86,366",ARG,330,216,29190,926,Argentina,Decile 6,Urban,2020
10.300000190734863,26,"86,366",ARG,330,216,29190,927,Argentina,Decile 7,Urban,2020
12.600000381469727,26,"86,366",ARG,330,216,29190,928,Argentina,Decile 8,Urban,2020
13.699999809265137,26,"86,366",ARG,330,216,29190,929,Argentina,Decile 9,Urban,2020
3.5,26,"86,366",ARG,330,216,29191,921,Argentina,Decile 1,Urban,2021
22.399999618530273,26,"86,366",ARG,330,216,29191,930,Argentina,Decile 10,Urban,2021
6.400000095367432,26,"86,366",ARG,330,216,29191,922,Argentina,Decile 2,Urban,2021
7.099999904632568,26,"86,366",ARG,330,216,29191,923,Argentina,Decile 3,Urban,2021
7.800000190734863,26,"86,366",ARG,330,216,29191,924,Argentina,Decile 4,Urban,2021
8.100000381469727,26,"86,366",ARG,330,216,29191,925,Argentina,Decile 5,Urban,2021
8.5,26,"86,366",ARG,330,216,29191,926,Argentina,Decile 6,Urban,2021
10.600000381469727,26,"86,366",ARG,330,216,29191,927,Argentina,Decile 7,Urban,2021
11.800000190734863,26,"86,366",ARG,330,216,29191,928,Argentina,Decile 8,Urban,2021
13.800000190734863,26,"86,366",ARG,330,216,29191,929,Argentina,Decile 9,Urban,2021
3.5999999046325684,26,"86,366",ARG,330,216,29192,921,Argentina,Decile 1,Urban,2022
21.200000762939453,26,"86,366",ARG,330,216,29192,930,Argentina,Decile 10,Urban,2022
6.5,26,"86,366",ARG,330,216,29192,922,Argentina,Decile 2,Urban,2022
7.300000190734863,26,"86,366",ARG,330,216,29192,923,Argentina,Decile 3,Urban,2022
7.699999809265137,26,"86,366",ARG,330,216,29192,924,Argentina,Decile 4,Urban,2022
8,26,"86,366",ARG,330,216,29192,925,Argentina,Decile 5,Urban,2022
9.199999809265137,26,"86,366",ARG,330,216,29192,926,Argentina,Decile 6,Urban,2022
11,26,"86,366",ARG,330,216,29192,927,Argentina,Decile 7,Urban,2022
11.199999809265137,26,"86,366",ARG,330,216,29192,928,Argentina,Decile 8,Urban,2022
14.300000190734863,26,"86,366",ARG,330,216,29192,929,Argentina,Decile 9,Urban,2022
3.5,26,"86,366",ARG,330,216,29193,921,Argentina,Decile 1,Urban,2023
23.5,26,"86,366",ARG,330,216,29193,930,Argentina,Decile 10,Urban,2023
5.800000190734863,26,"86,366",ARG,330,216,29193,922,Argentina,Decile 2,Urban,2023
6.5,26,"86,366",ARG,330,216,29193,923,Argentina,Decile 3,Urban,2023
7,26,"86,366",ARG,330,216,29193,924,Argentina,Decile 4,Urban,2023
7.900000095367432,26,"86,366",ARG,330,216,29193,925,Argentina,Decile 5,Urban,2023
9.399999618530273,26,"86,366",ARG,330,216,29193,926,Argentina,Decile 6,Urban,2023
10.199999809265137,26,"86,366",ARG,330,216,29193,927,Argentina,Decile 7,Urban,2023
11.5,26,"86,366",ARG,330,216,29193,928,Argentina,Decile 8,Urban,2023
14.800000190734863,26,"86,366",ARG,330,216,29193,929,Argentina,Decile 9,Urban,2023
3.5,26,"86,366",ARG,330,216,29194,921,Argentina,Decile 1,Urban,2024
22.899999618530273,26,"86,366",ARG,330,216,29194,930,Argentina,Decile 10,Urban,2024
6.300000190734863,26,"86,366",ARG,330,216,29194,922,Argentina,Decile 2,Urban,2024
7.199999809265137,26,"86,366",ARG,330,216,29194,923,Argentina,Decile 3,Urban,2024
7.099999904632568,26,"86,366",ARG,330,216,29194,924,Argentina,Decile 4,Urban,2024
8.199999809265137,26,"86,366",ARG,330,216,29194,925,Argentina,Decile 5,Urban,2024
9.5,26,"86,366",ARG,330,216,29194,926,Argentina,Decile 6,Urban,2024
10,26,"86,366",ARG,330,216,29194,927,Argentina,Decile 7,Urban,2024
11.899999618530273,26,"86,366",ARG,330,216,29194,928,Argentina,Decile 8,Urban,2024
13.5,26,"86,366",ARG,330,216,29194,929,Argentina,Decile 9,Urban,2024
0.30000001192092896,26,,BOL,327,221,29170,921,Bolivia (Plurinational State of),Decile 1,National,2000
42.599998474121094,26,,BOL,327,221,29170,930,Bolivia (Plurinational State of),Decile 10,National,2000
1,26,,BOL,327,221,29170,922,Bolivia (Plurinational State of),Decile 2,National,2000
2.5,26,,BOL,327,221,29170,923,Bolivia (Plurinational State of),Decile 3,National,2000
3.9000000953674316,26,,BOL,327,221,29170,924,Bolivia (Plurinational State of),Decile 4,National,2000
5.400000095367432,26,,BOL,327,221,29170,925,Bolivia (Plurinational State of),Decile 5,National,2000
6.699999809265137,26,,BOL,327,221,29170,926,Bolivia (Plurinational State of),Decile 6,National,2000
9,26,,BOL,327,221,29170,927,Bolivia (Plurinational State of),Decile 7,National,2000
10.899999618530273,26,,BOL,327,221,29170,928,Bolivia (Plurinational State of),Decile 8,National,2000
17.700000762939453,26,,BOL,327,221,29170,929,Bolivia (Plurinational State of),Decile 9,National,2000
0.6000000238418579,26,,BOL,331,221,29170,921,Bolivia (Plurinational State of),Decile 1,Rural,2000
40.79999923706055,26,,BOL,331,221,29170,930,Bolivia (Plurinational State of),Decile 10,Rural,2000
1.100000023841858,26,,BOL,331,221,29170,922,Bolivia (Plurinational State of),Decile 2,Rural,2000
1.899999976158142,26,,BOL,331,221,29170,923,Bolivia (Plurinational State of),Decile 3,Rural,2000
2.799999952316284,26,,BOL,331,221,29170,924,Bolivia (Plurinational State of),Decile 4,Rural,2000
4.199999809265137,26,,BOL,331,221,29170,925,Bolivia (Plurinational State of),Decile 5,Rural,2000
6.699999809265137,26,,BOL,331,221,29170,926,Bolivia (Plurinational State of),Decile 6,Rural,2000
9.300000190734863,26,,BOL,331,221,29170,927,Bolivia (Plurinational State of),Decile 7,Rural,2000
12.600000381469727,26,,BOL,331,221,29170,928,Bolivia (Plurinational State of),Decile 8,Rural,2000
20.100000381469727,26,,BOL,331,221,29170,929,Bolivia (Plurinational State of),Decile 9,Rural,2000
1.5,26,,BOL,330,221,29170,921,Bolivia (Plurinational State of),Decile 1,Urban,2000
37,26,,BOL,330,221,29170,930,Bolivia (Plurinational State of),Decile 10,Urban,2000
3,26,,BOL,330,221,29170,922,Bolivia (Plurinational State of),Decile 2,Urban,2000
4,26,,BOL,330,221,29170,923,Bolivia (Plurinational State of),Decile 3,Urban,2000
4.699999809265137,26,,BOL,330,221,29170,924,Bolivia (Plurinational State of),Decile 4,Urban,2000
6,26,,BOL,330,221,29170,925,Bolivia (Plurinational State of),Decile 5,Urban,2000
6.699999809265137,26,,BOL,330,221,29170,926,Bolivia (Plurinational State of),Decile 6,Urban,2000
8.300000190734863,26,,BOL,330,221,29170,927,Bolivia (Plurinational State of),Decile 7,Urban,2000
11.800000190734863,26,,BOL,330,221,29170,928,Bolivia (Plurinational State of),Decile 8,Urban,2000
16.899999618530273,26,,BOL,330,221,29170,929,Bolivia (Plurinational State of),Decile 9,Urban,2000
0.5,26,,BOL,327,221,29171,921,Bolivia (Plurinational State of),Decile 1,National,2001
39.79999923706055,26,,BOL,327,221,29171,930,Bolivia (Plurinational State of),Decile 10,National,2001
1.600000023841858,26,,BOL,327,221,29171,922,Bolivia (Plurinational State of),Decile 2,National,2001
2.9000000953674316,26,,BOL,327,221,29171,923,Bolivia (Plurinational State of),Decile 3,National,2001
4.400000095367432,26,,BOL,327,221,29171,924,Bolivia (Plurinational State of),Decile 4,National,2001
5.699999809265137,26,,BOL,327,221,29171,925,Bolivia (Plurinational State of),Decile 5,National,2001
7.599999904632568,26,,BOL,327,221,29171,926,Bolivia (Plurinational State of),Decile 6,National,2001
9.300000190734863,26,,BOL,327,221,29171,927,Bolivia (Plurinational State of),Decile 7,National,2001
11.600000381469727,26,,BOL,327,221,29171,928,Bolivia (Plurinational State of),Decile 8,National,2001
16.700000762939453,26,,BOL,327,221,29171,929,Bolivia (Plurinational State of),Decile 9,National,2001
0.800000011920929,26,,BOL,331,221,29171,921,Bolivia (Plurinational State of),Decile 1,Rural,2001
32.29999923706055,26,,BOL,331,221,29171,930,Bolivia (Plurinational State of),Decile 10,Rural,2001
1.7000000476837158,26,,BOL,331,221,29171,922,Bolivia (Plurinational State of),Decile 2,Rural,2001
2.799999952316284,26,,BOL,331,221,29171,923,Bolivia (Plurinational State of),Decile 3,Rural,2001
4.199999809265137,26,,BOL,331,221,29171,924,Bolivia (Plurinational State of),Decile 4,Rural,2001
5.900000095367432,26,,BOL,331,221,29171,925,Bolivia (Plurinational State of),Decile 5,Rural,2001
7.599999904632568,26,,BOL,331,221,29171,926,Bolivia (Plurinational State of),Decile 6,Rural,2001
11.5,26,,BOL,331,221,29171,927,Bolivia (Plurinational State of),Decile 7,Rural,2001
14.699999809265137,26,,BOL,331,221,29171,928,Bolivia (Plurinational State of),Decile 8,Rural,2001
18.700000762939453,26,,BOL,331,221,29171,929,Bolivia (Plurinational State of),Decile 9,Rural,2001
1.600000023841858,26,,BOL,330,221,29171,921,Bolivia (Plurinational State of),Decile 1,Urban,2001
36.599998474121094,26,,BOL,330,221,29171,930,Bolivia (Plurinational State of),Decile 10,Urban,2001
3.200000047683716,26,,BOL,330,221,29171,922,Bolivia (Plurinational State of),Decile 2,Urban,2001
4,26,,BOL,330,221,29171,923,Bolivia (Plurinational State of),Decile 3,Urban,2001
5.199999809265137,26,,BOL,330,221,29171,924,Bolivia (Plurinational State of),Decile 4,Urban,2001
6.300000190734863,26,,BOL,330,221,29171,925,Bolivia (Plurinational State of),Decile 5,Urban,2001
7.199999809265137,26,,BOL,330,221,29171,926,Bolivia (Plurinational State of),Decile 6,Urban,2001
9,26,,BOL,330,221,29171,927,Bolivia (Plurinational State of),Decile 7,Urban,2001
11.399999618530273,26,,BOL,330,221,29171,928,Bolivia (Plurinational State of),Decile 8,Urban,2001
15.5,26,,BOL,330,221,29171,929,Bolivia (Plurinational State of),Decile 9,Urban,2001
0.5,26,,BOL,327,221,29172,921,Bolivia (Plurinational State of),Decile 1,National,2002
40.79999923706055,26,,BOL,327,221,29172,930,Bolivia (Plurinational State of),Decile 10,National,2002
1.7000000476837158,26,,BOL,327,221,29172,922,Bolivia (Plurinational State of),Decile 2,National,2002
2.9000000953674316,26,,BOL,327,221,29172,923,Bolivia (Plurinational State of),Decile 3,National,2002
4.400000095367432,26,,BOL,327,221,29172,924,Bolivia (Plurinational State of),Decile 4,National,2002
5.5,26,,BOL,327,221,29172,925,Bolivia (Plurinational State of),Decile 5,National,2002
7.300000190734863,26,,BOL,327,221,29172,926,Bolivia (Plurinational State of),Decile 6,National,2002
9,26,,BOL,327,221,29172,927,Bolivia (Plurinational State of),Decile 7,National,2002
11.899999618530273,26,,BOL,327,221,29172,928,Bolivia (Plurinational State of),Decile 8,National,2002
16.100000381469727,26,,BOL,327,221,29172,929,Bolivia (Plurinational State of),Decile 9,National,2002
0.6000000238418579,26,,BOL,331,221,29172,921,Bolivia (Plurinational State of),Decile 1,Rural,2002
33.599998474121094,26,,BOL,331,221,29172,930,Bolivia (Plurinational State of),Decile 10,Rural,2002
1.7000000476837158,26,,BOL,331,221,29172,922,Bolivia (Plurinational State of),Decile 2,Rural,2002
2.9000000953674316,26,,BOL,331,221,29172,923,Bolivia (Plurinational State of),Decile 3,Rural,2002
4.5,26,,BOL,331,221,29172,924,Bolivia (Plurinational State of),Decile 4,Rural,2002
6.300000190734863,26,,BOL,331,221,29172,925,Bolivia (Plurinational State of),Decile 5,Rural,2002
7.900000095367432,26,,BOL,331,221,29172,926,Bolivia (Plurinational State of),Decile 6,Rural,2002
9.699999809265137,26,,BOL,331,221,29172,927,Bolivia (Plurinational State of),Decile 7,Rural,2002
13.199999809265137,26,,BOL,331,221,29172,928,Bolivia (Plurinational State of),Decile 8,Rural,2002
19.5,26,,BOL,331,221,29172,929,Bolivia (Plurinational State of),Decile 9,Rural,2002
1.7000000476837158,26,,BOL,330,221,29172,921,Bolivia (Plurinational State of),Decile 1,Urban,2002
37.20000076293945,26,,BOL,330,221,29172,930,Bolivia (Plurinational State of),Decile 10,Urban,2002
3.299999952316284,26,,BOL,330,221,29172,922,Bolivia (Plurinational State of),Decile 2,Urban,2002
4,26,,BOL,330,221,29172,923,Bolivia (Plurinational State of),Decile 3,Urban,2002
5.300000190734863,26,,BOL,330,221,29172,924,Bolivia (Plurinational State of),Decile 4,Urban,2002
6,26,,BOL,330,221,29172,925,Bolivia (Plurinational State of),Decile 5,Urban,2002
7.099999904632568,26,,BOL,330,221,29172,926,Bolivia (Plurinational State of),Decile 6,Urban,2002
9.300000190734863,26,,BOL,330,221,29172,927,Bolivia (Plurinational State of),Decile 7,Urban,2002
11,26,,BOL,330,221,29172,928,Bolivia (Plurinational State of),Decile 8,Urban,2002
15.199999809265137,26,,BOL,330,221,29172,929,Bolivia (Plurinational State of),Decile 9,Urban,2002
1.2000000476837158,26,,BOL,327,221,29174,921,Bolivia (Plurinational State of),Decile 1,National,2004
36.400001525878906,26,,BOL,327,221,29174,930,Bolivia (Plurinational State of),Decile 10,National,2004
2.9000000953674316,26,,BOL,327,221,29174,922,Bolivia (Plurinational State of),Decile 2,National,2004
4.199999809265137,26,,BOL,327,221,29174,923,Bolivia (Plurinational State of),Decile 3,National,2004
5.199999809265137,26,,BOL,327,221,29174,924,Bolivia (Plurinational State of),Decile 4,National,2004
5.900000095367432,26,,BOL,327,221,29174,925,Bolivia (Plurinational State of),Decile 5,National,2004
7.599999904632568,26,,BOL,327,221,29174,926,Bolivia (Plurinational State of),Decile 6,National,2004
9.199999809265137,26,,BOL,327,221,29174,927,Bolivia (Plurinational State of),Decile 7,National,2004
11.899999618530273,26,,BOL,327,221,29174,928,Bolivia (Plurinational State of),Decile 8,National,2004
15.5,26,,BOL,327,221,29174,929,Bolivia (Plurinational State of),Decile 9,National,2004
1.5,26,,BOL,331,221,29174,921,Bolivia (Plurinational State of),Decile 1,Rural,2004
29.700000762939453,26,,BOL,331,221,29174,930,Bolivia (Plurinational State of),Decile 10,Rural,2004
3.0999999046325684,26,,BOL,331,221,29174,922,Bolivia (Plurinational State of),Decile 2,Rural,2004
4.800000190734863,26,,BOL,331,221,29174,923,Bolivia (Plurinational State of),Decile 3,Rural,2004
5.699999809265137,26,,BOL,331,221,29174,924,Bolivia (Plurinational State of),Decile 4,Rural,2004
7.5,26,,BOL,331,221,29174,925,Bolivia (Plurinational State of),Decile 5,Rural,2004
8.300000190734863,26,,BOL,331,221,29174,926,Bolivia (Plurinational State of),Decile 6,Rural,2004
9.899999618530273,26,,BOL,331,221,29174,927,Bolivia (Plurinational State of),Decile 7,Rural,2004
12.300000190734863,26,,BOL,331,221,29174,928,Bolivia (Plurinational State of),Decile 8,Rural,2004
17,26,,BOL,331,221,29174,929,Bolivia (Plurinational State of),Decile 9,Rural,2004
2.5,26,,BOL,330,221,29174,921,Bolivia (Plurinational State of),Decile 1,Urban,2004
35.20000076293945,26,,BOL,330,221,29174,930,Bolivia (Plurinational State of),Decile 10,Urban,2004
3.9000000953674316,26,,BOL,330,221,29174,922,Bolivia (Plurinational State of),Decile 2,Urban,2004
4.5,26,,BOL,330,221,29174,923,Bolivia (Plurinational State of),Decile 3,Urban,2004
5.599999904632568,26,,BOL,330,221,29174,924,Bolivia (Plurinational State of),Decile 4,Urban,2004
6.300000190734863,26,,BOL,330,221,29174,925,Bolivia (Plurinational State of),Decile 5,Urban,2004
7.400000095367432,26,,BOL,330,221,29174,926,Bolivia (Plurinational State of),Decile 6,Urban,2004
9.199999809265137,26,,BOL,330,221,29174,927,Bolivia (Plurinational State of),Decile 7,Urban,2004
10.699999809265137,26,,BOL,330,221,29174,928,Bolivia (Plurinational State of),Decile 8,Urban,2004
14.699999809265137,26,,BOL,330,221,29174,929,Bolivia (Plurinational State of),Decile 9,Urban,2004
0.20000000298023224,26,,BOL,327,221,29175,921,Bolivia (Plurinational State of),Decile 1,National,2005
41.099998474121094,26,,BOL,327,221,29175,930,Bolivia (Plurinational State of),Decile 10,National,2005
1.2999999523162842,26,,BOL,327,221,29175,922,Bolivia (Plurinational State of),Decile 2,National,2005
2.700000047683716,26,,BOL,327,221,29175,923,Bolivia (Plurinational State of),Decile 3,National,2005
3.9000000953674316,26,,BOL,327,221,29175,924,Bolivia (Plurinational State of),Decile 4,National,2005
5.400000095367432,26,,BOL,327,221,29175,925,Bolivia (Plurinational State of),Decile 5,National,2005
6.900000095367432,26,,BOL,327,221,29175,926,Bolivia (Plurinational State of),Decile 6,National,2005
9.600000381469727,26,,BOL,327,221,29175,927,Bolivia (Plurinational State of),Decile 7,National,2005
12,26,,BOL,327,221,29175,928,Bolivia (Plurinational State of),Decile 8,National,2005
17,26,,BOL,327,221,29175,929,Bolivia (Plurinational State of),Decile 9,National,2005
0.4000000059604645,26,,BOL,331,221,29175,921,Bolivia (Plurinational State of),Decile 1,Rural,2005
33.29999923706055,26,,BOL,331,221,29175,930,Bolivia (Plurinational State of),Decile 10,Rural,2005
1.899999976158142,26,,BOL,331,221,29175,922,Bolivia (Plurinational State of),Decile 2,Rural,2005
3.299999952316284,26,,BOL,331,221,29175,923,Bolivia (Plurinational State of),Decile 3,Rural,2005
4.300000190734863,26,,BOL,331,221,29175,924,Bolivia (Plurinational State of),Decile 4,Rural,2005
6.099999904632568,26,,BOL,331,221,29175,925,Bolivia (Plurinational State of),Decile 5,Rural,2005
7.900000095367432,26,,BOL,331,221,29175,926,Bolivia (Plurinational State of),Decile 6,Rural,2005
9.399999618530273,26,,BOL,331,221,29175,927,Bolivia (Plurinational State of),Decile 7,Rural,2005
13.5,26,,BOL,331,221,29175,928,Bolivia (Plurinational State of),Decile 8,Rural,2005
20,26,,BOL,331,221,29175,929,Bolivia (Plurinational State of),Decile 9,Rural,2005
0.20000000298023224,26,,BOL,330,221,29175,921,Bolivia (Plurinational State of),Decile 1,Urban,2005
37.79999923706055,26,,BOL,330,221,29175,930,Bolivia (Plurinational State of),Decile 10,Urban,2005
2.299999952316284,26,,BOL,330,221,29175,922,Bolivia (Plurinational State of),Decile 2,Urban,2005
3.9000000953674316,26,,BOL,330,221,29175,923,Bolivia (Plurinational State of),Decile 3,Urban,2005
4.599999904632568,26,,BOL,330,221,29175,924,Bolivia (Plurinational State of),Decile 4,Urban,2005
5.800000190734863,26,,BOL,330,221,29175,925,Bolivia (Plurinational State of),Decile 5,Urban,2005
7.699999809265137,26,,BOL,330,221,29175,926,Bolivia (Plurinational State of),Decile 6,Urban,2005
9.300000190734863,26,,BOL,330,221,29175,927,Bolivia (Plurinational State of),Decile 7,Urban,2005
12,26,,BOL,330,221,29175,928,Bolivia (Plurinational State of),Decile 8,Urban,2005
16.399999618530273,26,,BOL,330,221,29175,929,Bolivia (Plurinational State of),Decile 9,Urban,2005
0.30000001192092896,26,,BOL,327,221,29176,921,Bolivia (Plurinational State of),Decile 1,National,2006
36.599998474121094,26,,BOL,327,221,29176,930,Bolivia (Plurinational State of),Decile 10,National,2006
1.7000000476837158,26,,BOL,327,221,29176,922,Bolivia (Plurinational State of),Decile 2,National,2006
3.0999999046325684,26,,BOL,327,221,29176,923,Bolivia (Plurinational State of),Decile 3,National,2006
4.300000190734863,26,,BOL,327,221,29176,924,Bolivia (Plurinational State of),Decile 4,National,2006
6.199999809265137,26,,BOL,327,221,29176,925,Bolivia (Plurinational State of),Decile 5,National,2006
7.599999904632568,26,,BOL,327,221,29176,926,Bolivia (Plurinational State of),Decile 6,National,2006
10.300000190734863,26,,BOL,327,221,29176,927,Bolivia (Plurinational State of),Decile 7,National,2006
12.699999809265137,26,,BOL,327,221,29176,928,Bolivia (Plurinational State of),Decile 8,National,2006
17.100000381469727,26,,BOL,327,221,29176,929,Bolivia (Plurinational State of),Decile 9,National,2006
0.5,26,,BOL,331,221,29176,921,Bolivia (Plurinational State of),Decile 1,Rural,2006
31.899999618530273,26,,BOL,331,221,29176,930,Bolivia (Plurinational State of),Decile 10,Rural,2006
2,26,,BOL,331,221,29176,922,Bolivia (Plurinational State of),Decile 2,Rural,2006
3.700000047683716,26,,BOL,331,221,29176,923,Bolivia (Plurinational State of),Decile 3,Rural,2006
4.900000095367432,26,,BOL,331,221,29176,924,Bolivia (Plurinational State of),Decile 4,Rural,2006
7,26,,BOL,331,221,29176,925,Bolivia (Plurinational State of),Decile 5,Rural,2006
7.900000095367432,26,,BOL,331,221,29176,926,Bolivia (Plurinational State of),Decile 6,Rural,2006
10,26,,BOL,331,221,29176,927,Bolivia (Plurinational State of),Decile 7,Rural,2006
13.899999618530273,26,,BOL,331,221,29176,928,Bolivia (Plurinational State of),Decile 8,Rural,2006
18.200000762939453,26,,BOL,331,221,29176,929,Bolivia (Plurinational State of),Decile 9,Rural,2006
0.6000000238418579,26,,BOL,330,221,29176,921,Bolivia (Plurinational State of),Decile 1,Urban,2006
34,26,,BOL,330,221,29176,930,Bolivia (Plurinational State of),Decile 10,Urban,2006
2.799999952316284,26,,BOL,330,221,29176,922,Bolivia (Plurinational State of),Decile 2,Urban,2006
4.300000190734863,26,,BOL,330,221,29176,923,Bolivia (Plurinational State of),Decile 3,Urban,2006
5.599999904632568,26,,BOL,330,221,29176,924,Bolivia (Plurinational State of),Decile 4,Urban,2006
6.800000190734863,26,,BOL,330,221,29176,925,Bolivia (Plurinational State of),Decile 5,Urban,2006
8.100000381469727,26,,BOL,330,221,29176,926,Bolivia (Plurinational State of),Decile 6,Urban,2006
10.100000381469727,26,,BOL,330,221,29176,927,Bolivia (Plurinational State of),Decile 7,Urban,2006
12.300000190734863,26,,BOL,330,221,29176,928,Bolivia (Plurinational State of),Decile 8,Urban,2006
15.399999618530273,26,,BOL,330,221,29176,929,Bolivia (Plurinational State of),Decile 9,Urban,2006
0.5,26,,BOL,327,221,29177,921,Bolivia (Plurinational State of),Decile 1,National,2007
37.70000076293945,26,,BOL,327,221,29177,930,Bolivia (Plurinational State of),Decile 10,National,2007
2,26,,BOL,327,221,29177,922,Bolivia (Plurinational State of),Decile 2,National,2007
3.299999952316284,26,,BOL,327,221,29177,923,Bolivia (Plurinational State of),Decile 3,National,2007
4.599999904632568,26,,BOL,327,221,29177,924,Bolivia (Plurinational State of),Decile 4,National,2007
6,26,,BOL,327,221,29177,925,Bolivia (Plurinational State of),Decile 5,National,2007
7.900000095367432,26,,BOL,327,221,29177,926,Bolivia (Plurinational State of),Decile 6,National,2007
9.699999809265137,26,,BOL,327,221,29177,927,Bolivia (Plurinational State of),Decile 7,National,2007
12.100000381469727,26,,BOL,327,221,29177,928,Bolivia (Plurinational State of),Decile 8,National,2007
16.100000381469727,26,,BOL,327,221,29177,929,Bolivia (Plurinational State of),Decile 9,National,2007
0.6000000238418579,26,,BOL,331,221,29177,921,Bolivia (Plurinational State of),Decile 1,Rural,2007
29,26,,BOL,331,221,29177,930,Bolivia (Plurinational State of),Decile 10,Rural,2007
1.7999999523162842,26,,BOL,331,221,29177,922,Bolivia (Plurinational State of),Decile 2,Rural,2007
2.799999952316284,26,,BOL,331,221,29177,923,Bolivia (Plurinational State of),Decile 3,Rural,2007
4.400000095367432,26,,BOL,331,221,29177,924,Bolivia (Plurinational State of),Decile 4,Rural,2007
6.199999809265137,26,,BOL,331,221,29177,925,Bolivia (Plurinational State of),Decile 5,Rural,2007
7.699999809265137,26,,BOL,331,221,29177,926,Bolivia (Plurinational State of),Decile 6,Rural,2007
11.5,26,,BOL,331,221,29177,927,Bolivia (Plurinational State of),Decile 7,Rural,2007
16.200000762939453,26,,BOL,331,221,29177,928,Bolivia (Plurinational State of),Decile 8,Rural,2007
19.899999618530273,26,,BOL,331,221,29177,929,Bolivia (Plurinational State of),Decile 9,Rural,2007
1.5,26,,BOL,330,221,29177,921,Bolivia (Plurinational State of),Decile 1,Urban,2007
35.20000076293945,26,,BOL,330,221,29177,930,Bolivia (Plurinational State of),Decile 10,Urban,2007
3,26,,BOL,330,221,29177,922,Bolivia (Plurinational State of),Decile 2,Urban,2007
4,26,,BOL,330,221,29177,923,Bolivia (Plurinational State of),Decile 3,Urban,2007
5.099999904632568,26,,BOL,330,221,29177,924,Bolivia (Plurinational State of),Decile 4,Urban,2007
6.300000190734863,26,,BOL,330,221,29177,925,Bolivia (Plurinational State of),Decile 5,Urban,2007
8,26,,BOL,330,221,29177,926,Bolivia (Plurinational State of),Decile 6,Urban,2007
9.100000381469727,26,,BOL,330,221,29177,927,Bolivia (Plurinational State of),Decile 7,Urban,2007
11.399999618530273,26,,BOL,330,221,29177,928,Bolivia (Plurinational State of),Decile 8,Urban,2007
16.5,26,,BOL,330,221,29177,929,Bolivia (Plurinational State of),Decile 9,Urban,2007
1.2999999523162842,26,,BOL,327,221,29178,921,Bolivia (Plurinational State of),Decile 1,National,2008
30.5,26,,BOL,327,221,29178,930,Bolivia (Plurinational State of),Decile 10,National,2008
3.200000047683716,26,,BOL,327,221,29178,922,Bolivia (Plurinational State of),Decile 2,National,2008
4.300000190734863,26,,BOL,327,221,29178,923,Bolivia (Plurinational State of),Decile 3,National,2008
5.599999904632568,26,,BOL,327,221,29178,924,Bolivia (Plurinational State of),Decile 4,National,2008
7,26,,BOL,327,221,29178,925,Bolivia (Plurinational State of),Decile 5,National,2008
8.199999809265137,26,,BOL,327,221,29178,926,Bolivia (Plurinational State of),Decile 6,National,2008
10.600000381469727,26,,BOL,327,221,29178,927,Bolivia (Plurinational State of),Decile 7,National,2008
12.699999809265137,26,,BOL,327,221,29178,928,Bolivia (Plurinational State of),Decile 8,National,2008
16.600000381469727,26,,BOL,327,221,29178,929,Bolivia (Plurinational State of),Decile 9,National,2008
1.2999999523162842,26,,BOL,331,221,29178,921,Bolivia (Plurinational State of),Decile 1,Rural,2008
27,26,,BOL,331,221,29178,930,Bolivia (Plurinational State of),Decile 10,Rural,2008
2.799999952316284,26,,BOL,331,221,29178,922,Bolivia (Plurinational State of),Decile 2,Rural,2008
4.800000190734863,26,,BOL,331,221,29178,923,Bolivia (Plurinational State of),Decile 3,Rural,2008
5.900000095367432,26,,BOL,331,221,29178,924,Bolivia (Plurinational State of),Decile 4,Rural,2008
6.400000095367432,26,,BOL,331,221,29178,925,Bolivia (Plurinational State of),Decile 5,Rural,2008
8.800000190734863,26,,BOL,331,221,29178,926,Bolivia (Plurinational State of),Decile 6,Rural,2008
10.600000381469727,26,,BOL,331,221,29178,927,Bolivia (Plurinational State of),Decile 7,Rural,2008
13.199999809265137,26,,BOL,331,221,29178,928,Bolivia (Plurinational State of),Decile 8,Rural,2008
19.100000381469727,26,,BOL,331,221,29178,929,Bolivia (Plurinational State of),Decile 9,Rural,2008
2.4000000953674316,26,,BOL,330,221,29178,921,Bolivia (Plurinational State of),Decile 1,Urban,2008
28.700000762939453,26,,BOL,330,221,29178,930,Bolivia (Plurinational State of),Decile 10,Urban,2008
4,26,,BOL,330,221,29178,922,Bolivia (Plurinational State of),Decile 2,Urban,2008
5.099999904632568,26,,BOL,330,221,29178,923,Bolivia (Plurinational State of),Decile 3,Urban,2008
5.900000095367432,26,,BOL,330,221,29178,924,Bolivia (Plurinational State of),Decile 4,Urban,2008
7,26,,BOL,330,221,29178,925,Bolivia (Plurinational State of),Decile 5,Urban,2008
8.800000190734863,26,,BOL,330,221,29178,926,Bolivia (Plurinational State of),Decile 6,Urban,2008
10.5,26,,BOL,330,221,29178,927,Bolivia (Plurinational State of),Decile 7,Urban,2008
11.800000190734863,26,,BOL,330,221,29178,928,Bolivia (Plurinational State of),Decile 8,Urban,2008
15.699999809265137,26,,BOL,330,221,29178,929,Bolivia (Plurinational State of),Decile 9,Urban,2008
1.2000000476837158,26,,BOL,327,221,29179,921,Bolivia (Plurinational State of),Decile 1,National,2009
31.399999618530273,26,,BOL,327,221,29179,930,Bolivia (Plurinational State of),Decile 10,National,2009
3,26,,BOL,327,221,29179,922,Bolivia (Plurinational State of),Decile 2,National,2009
4.400000095367432,26,,BOL,327,221,29179,923,Bolivia (Plurinational State of),Decile 3,National,2009
5.699999809265137,26,,BOL,327,221,29179,924,Bolivia (Plurinational State of),Decile 4,National,2009
7.199999809265137,26,,BOL,327,221,29179,925,Bolivia (Plurinational State of),Decile 5,National,2009
8.600000381469727,26,,BOL,327,221,29179,926,Bolivia (Plurinational State of),Decile 6,National,2009
10.899999618530273,26,,BOL,327,221,29179,927,Bolivia (Plurinational State of),Decile 7,National,2009
12.899999618530273,26,,BOL,327,221,29179,928,Bolivia (Plurinational State of),Decile 8,National,2009
14.699999809265137,26,,BOL,327,221,29179,929,Bolivia (Plurinational State of),Decile 9,National,2009
1.2000000476837158,26,,BOL,331,221,29179,921,Bolivia (Plurinational State of),Decile 1,Rural,2009
26.799999237060547,26,,BOL,331,221,29179,930,Bolivia (Plurinational State of),Decile 10,Rural,2009
2.5999999046325684,26,,BOL,331,221,29179,922,Bolivia (Plurinational State of),Decile 2,Rural,2009
4.5,26,,BOL,331,221,29179,923,Bolivia (Plurinational State of),Decile 3,Rural,2009
5.699999809265137,26,,BOL,331,221,29179,924,Bolivia (Plurinational State of),Decile 4,Rural,2009
7.300000190734863,26,,BOL,331,221,29179,925,Bolivia (Plurinational State of),Decile 5,Rural,2009
8.800000190734863,26,,BOL,331,221,29179,926,Bolivia (Plurinational State of),Decile 6,Rural,2009
11.699999809265137,26,,BOL,331,221,29179,927,Bolivia (Plurinational State of),Decile 7,Rural,2009
13.899999618530273,26,,BOL,331,221,29179,928,Bolivia (Plurinational State of),Decile 8,Rural,2009
17.600000381469727,26,,BOL,331,221,29179,929,Bolivia (Plurinational State of),Decile 9,Rural,2009
2.4000000953674316,26,,BOL,330,221,29179,921,Bolivia (Plurinational State of),Decile 1,Urban,2009
29.700000762939453,26,,BOL,330,221,29179,930,Bolivia (Plurinational State of),Decile 10,Urban,2009
4.199999809265137,26,,BOL,330,221,29179,922,Bolivia (Plurinational State of),Decile 2,Urban,2009
5.099999904632568,26,,BOL,330,221,29179,923,Bolivia (Plurinational State of),Decile 3,Urban,2009
6.5,26,,BOL,330,221,29179,924,Bolivia (Plurinational State of),Decile 4,Urban,2009
7.199999809265137,26,,BOL,330,221,29179,925,Bolivia (Plurinational State of),Decile 5,Urban,2009
9.100000381469727,26,,BOL,330,221,29179,926,Bolivia (Plurinational State of),Decile 6,Urban,2009
10.199999809265137,26,,BOL,330,221,29179,927,Bolivia (Plurinational State of),Decile 7,Urban,2009
11.800000190734863,26,,BOL,330,221,29179,928,Bolivia (Plurinational State of),Decile 8,Urban,2009
14,26,,BOL,330,221,29179,929,Bolivia (Plurinational State of),Decile 9,Urban,2009
1.5,26,,BOL,327,221,29181,921,Bolivia (Plurinational State of),Decile 1,National,2011
26.5,26,,BOL,327,221,29181,930,Bolivia (Plurinational State of),Decile 10,National,2011
3.299999952316284,26,,BOL,327,221,29181,922,Bolivia (Plurinational State of),Decile 2,National,2011
4.900000095367432,26,,BOL,327,221,29181,923,Bolivia (Plurinational State of),Decile 3,National,2011
6.5,26,,BOL,327,221,29181,924,Bolivia (Plurinational State of),Decile 4,National,2011
7.900000095367432,26,,BOL,327,221,29181,925,Bolivia (Plurinational State of),Decile 5,National,2011
9.100000381469727,26,,BOL,327,221,29181,926,Bolivia (Plurinational State of),Decile 6,National,2011
11.100000381469727,26,,BOL,327,221,29181,927,Bolivia (Plurinational State of),Decile 7,National,2011
13.300000190734863,26,,BOL,327,221,29181,928,Bolivia (Plurinational State of),Decile 8,National,2011
16,26,,BOL,327,221,29181,929,Bolivia (Plurinational State of),Decile 9,National,2011
1.399999976158142,26,,BOL,331,221,29181,921,Bolivia (Plurinational State of),Decile 1,Rural,2011
28.799999237060547,26,,BOL,331,221,29181,930,Bolivia (Plurinational State of),Decile 10,Rural,2011
3,26,,BOL,331,221,29181,922,Bolivia (Plurinational State of),Decile 2,Rural,2011
3.9000000953674316,26,,BOL,331,221,29181,923,Bolivia (Plurinational State of),Decile 3,Rural,2011
5.199999809265137,26,,BOL,331,221,29181,924,Bolivia (Plurinational State of),Decile 4,Rural,2011
7.099999904632568,26,,BOL,331,221,29181,925,Bolivia (Plurinational State of),Decile 5,Rural,2011
8.699999809265137,26,,BOL,331,221,29181,926,Bolivia (Plurinational State of),Decile 6,Rural,2011
11.199999809265137,26,,BOL,331,221,29181,927,Bolivia (Plurinational State of),Decile 7,Rural,2011
13.399999618530273,26,,BOL,331,221,29181,928,Bolivia (Plurinational State of),Decile 8,Rural,2011
17.5,26,,BOL,331,221,29181,929,Bolivia (Plurinational State of),Decile 9,Rural,2011
2.700000047683716,26,,BOL,330,221,29181,921,Bolivia (Plurinational State of),Decile 1,Urban,2011
24.200000762939453,26,,BOL,330,221,29181,930,Bolivia (Plurinational State of),Decile 10,Urban,2011
4.599999904632568,26,,BOL,330,221,29181,922,Bolivia (Plurinational State of),Decile 2,Urban,2011
6,26,,BOL,330,221,29181,923,Bolivia (Plurinational State of),Decile 3,Urban,2011
6.800000190734863,26,,BOL,330,221,29181,924,Bolivia (Plurinational State of),Decile 4,Urban,2011
7.900000095367432,26,,BOL,330,221,29181,925,Bolivia (Plurinational State of),Decile 5,Urban,2011
9.5,26,,BOL,330,221,29181,926,Bolivia (Plurinational State of),Decile 6,Urban,2011
10.699999809265137,26,,BOL,330,221,29181,927,Bolivia (Plurinational State of),Decile 7,Urban,2011
12.699999809265137,26,,BOL,330,221,29181,928,Bolivia (Plurinational State of),Decile 8,Urban,2011
15,26,,BOL,330,221,29181,929,Bolivia (Plurinational State of),Decile 9,Urban,2011
1.2000000476837158,26,,BOL,327,221,29182,921,Bolivia (Plurinational State of),Decile 1,National,2012
26.600000381469727,26,,BOL,327,221,29182,930,Bolivia (Plurinational State of),Decile 10,National,2012
3,26,,BOL,327,221,29182,922,Bolivia (Plurinational State of),Decile 2,National,2012
4.800000190734863,26,,BOL,327,221,29182,923,Bolivia (Plurinational State of),Decile 3,National,2012
6.5,26,,BOL,327,221,29182,924,Bolivia (Plurinational State of),Decile 4,National,2012
7.699999809265137,26,,BOL,327,221,29182,925,Bolivia (Plurinational State of),Decile 5,National,2012
9.199999809265137,26,,BOL,327,221,29182,926,Bolivia (Plurinational State of),Decile 6,National,2012
11.399999618530273,26,,BOL,327,221,29182,927,Bolivia (Plurinational State of),Decile 7,National,2012
13.300000190734863,26,,BOL,327,221,29182,928,Bolivia (Plurinational State of),Decile 8,National,2012
16.299999237060547,26,,BOL,327,221,29182,929,Bolivia (Plurinational State of),Decile 9,National,2012
1,26,,BOL,331,221,29182,921,Bolivia (Plurinational State of),Decile 1,Rural,2012
26.299999237060547,26,,BOL,331,221,29182,930,Bolivia (Plurinational State of),Decile 10,Rural,2012
2.4000000953674316,26,,BOL,331,221,29182,922,Bolivia (Plurinational State of),Decile 2,Rural,2012
3.299999952316284,26,,BOL,331,221,29182,923,Bolivia (Plurinational State of),Decile 3,Rural,2012
5.199999809265137,26,,BOL,331,221,29182,924,Bolivia (Plurinational State of),Decile 4,Rural,2012
6.900000095367432,26,,BOL,331,221,29182,925,Bolivia (Plurinational State of),Decile 5,Rural,2012
9.399999618530273,26,,BOL,331,221,29182,926,Bolivia (Plurinational State of),Decile 6,Rural,2012
11.899999618530273,26,,BOL,331,221,29182,927,Bolivia (Plurinational State of),Decile 7,Rural,2012
14.300000190734863,26,,BOL,331,221,29182,928,Bolivia (Plurinational State of),Decile 8,Rural,2012
19.299999237060547,26,,BOL,331,221,29182,929,Bolivia (Plurinational State of),Decile 9,Rural,2012
2.5,26,,BOL,330,221,29182,921,Bolivia (Plurinational State of),Decile 1,Urban,2012
25.100000381469727,26,,BOL,330,221,29182,930,Bolivia (Plurinational State of),Decile 10,Urban,2012
4.400000095367432,26,,BOL,330,221,29182,922,Bolivia (Plurinational State of),Decile 2,Urban,2012
5.800000190734863,26,,BOL,330,221,29182,923,Bolivia (Plurinational State of),Decile 3,Urban,2012
6.599999904632568,26,,BOL,330,221,29182,924,Bolivia (Plurinational State of),Decile 4,Urban,2012
7.900000095367432,26,,BOL,330,221,29182,925,Bolivia (Plurinational State of),Decile 5,Urban,2012
9.199999809265137,26,,BOL,330,221,29182,926,Bolivia (Plurinational State of),Decile 6,Urban,2012
11,26,,BOL,330,221,29182,927,Bolivia (Plurinational State of),Decile 7,Urban,2012
12,26,,BOL,330,221,29182,928,Bolivia (Plurinational State of),Decile 8,Urban,2012
15.5,26,,BOL,330,221,29182,929,Bolivia (Plurinational State of),Decile 9,Urban,2012
1.2999999523162842,26,,BOL,327,221,29183,921,Bolivia (Plurinational State of),Decile 1,National,2013
27.399999618530273,26,,BOL,327,221,29183,930,Bolivia (Plurinational State of),Decile 10,National,2013
3,26,,BOL,327,221,29183,922,Bolivia (Plurinational State of),Decile 2,National,2013
4.5,26,,BOL,327,221,29183,923,Bolivia (Plurinational State of),Decile 3,National,2013
6.300000190734863,26,,BOL,327,221,29183,924,Bolivia (Plurinational State of),Decile 4,National,2013
7.599999904632568,26,,BOL,327,221,29183,925,Bolivia (Plurinational State of),Decile 5,National,2013
9.199999809265137,26,,BOL,327,221,29183,926,Bolivia (Plurinational State of),Decile 6,National,2013
11.100000381469727,26,,BOL,327,221,29183,927,Bolivia (Plurinational State of),Decile 7,National,2013
13.199999809265137,26,,BOL,327,221,29183,928,Bolivia (Plurinational State of),Decile 8,National,2013
16.399999618530273,26,,BOL,327,221,29183,929,Bolivia (Plurinational State of),Decile 9,National,2013
1.399999976158142,26,,BOL,331,221,29183,921,Bolivia (Plurinational State of),Decile 1,Rural,2013
29.399999618530273,26,,BOL,331,221,29183,930,Bolivia (Plurinational State of),Decile 10,Rural,2013
3.0999999046325684,26,,BOL,331,221,29183,922,Bolivia (Plurinational State of),Decile 2,Rural,2013
4.099999904632568,26,,BOL,331,221,29183,923,Bolivia (Plurinational State of),Decile 3,Rural,2013
5.099999904632568,26,,BOL,331,221,29183,924,Bolivia (Plurinational State of),Decile 4,Rural,2013
6.199999809265137,26,,BOL,331,221,29183,925,Bolivia (Plurinational State of),Decile 5,Rural,2013
8.600000381469727,26,,BOL,331,221,29183,926,Bolivia (Plurinational State of),Decile 6,Rural,2013
11.600000381469727,26,,BOL,331,221,29183,927,Bolivia (Plurinational State of),Decile 7,Rural,2013
13.600000381469727,26,,BOL,331,221,29183,928,Bolivia (Plurinational State of),Decile 8,Rural,2013
16.799999237060547,26,,BOL,331,221,29183,929,Bolivia (Plurinational State of),Decile 9,Rural,2013
2.5999999046325684,26,,BOL,330,221,29183,921,Bolivia (Plurinational State of),Decile 1,Urban,2013
24.700000762939453,26,,BOL,330,221,29183,930,Bolivia (Plurinational State of),Decile 10,Urban,2013
4.599999904632568,26,,BOL,330,221,29183,922,Bolivia (Plurinational State of),Decile 2,Urban,2013
5.699999809265137,26,,BOL,330,221,29183,923,Bolivia (Plurinational State of),Decile 3,Urban,2013
6.699999809265137,26,,BOL,330,221,29183,924,Bolivia (Plurinational State of),Decile 4,Urban,2013
8.300000190734863,26,,BOL,330,221,29183,925,Bolivia (Plurinational State of),Decile 5,Urban,2013
9.300000190734863,26,,BOL,330,221,29183,926,Bolivia (Plurinational State of),Decile 6,Urban,2013
10.399999618530273,26,,BOL,330,221,29183,927,Bolivia (Plurinational State of),Decile 7,Urban,2013
12.5,26,,BOL,330,221,29183,928,Bolivia (Plurinational State of),Decile 8,Urban,2013
15.199999809265137,26,,BOL,330,221,29183,929,Bolivia (Plurinational State of),Decile 9,Urban,2013
1.399999976158142,26,,BOL,327,221,29184,921,Bolivia (Plurinational State of),Decile 1,National,2014
26.600000381469727,26,,BOL,327,221,29184,930,Bolivia (Plurinational State of),Decile 10,National,2014
3.200000047683716,26,,BOL,327,221,29184,922,Bolivia (Plurinational State of),Decile 2,National,2014
5,26,,BOL,327,221,29184,923,Bolivia (Plurinational State of),Decile 3,National,2014
6.300000190734863,26,,BOL,327,221,29184,924,Bolivia (Plurinational State of),Decile 4,National,2014
7.800000190734863,26,,BOL,327,221,29184,925,Bolivia (Plurinational State of),Decile 5,National,2014
9.5,26,,BOL,327,221,29184,926,Bolivia (Plurinational State of),Decile 6,National,2014
10.899999618530273,26,,BOL,327,221,29184,927,Bolivia (Plurinational State of),Decile 7,National,2014
12.699999809265137,26,,BOL,327,221,29184,928,Bolivia (Plurinational State of),Decile 8,National,2014
16.600000381469727,26,,BOL,327,221,29184,929,Bolivia (Plurinational State of),Decile 9,National,2014
1.5,26,,BOL,331,221,29184,921,Bolivia (Plurinational State of),Decile 1,Rural,2014
28.799999237060547,26,,BOL,331,221,29184,930,Bolivia (Plurinational State of),Decile 10,Rural,2014
3.299999952316284,26,,BOL,331,221,29184,922,Bolivia (Plurinational State of),Decile 2,Rural,2014
3.5999999046325684,26,,BOL,331,221,29184,923,Bolivia (Plurinational State of),Decile 3,Rural,2014
5.5,26,,BOL,331,221,29184,924,Bolivia (Plurinational State of),Decile 4,Rural,2014
7,26,,BOL,331,221,29184,925,Bolivia (Plurinational State of),Decile 5,Rural,2014
8.699999809265137,26,,BOL,331,221,29184,926,Bolivia (Plurinational State of),Decile 6,Rural,2014
10.699999809265137,26,,BOL,331,221,29184,927,Bolivia (Plurinational State of),Decile 7,Rural,2014
13.800000190734863,26,,BOL,331,221,29184,928,Bolivia (Plurinational State of),Decile 8,Rural,2014
17.200000762939453,26,,BOL,331,221,29184,929,Bolivia (Plurinational State of),Decile 9,Rural,2014
2.799999952316284,26,,BOL,330,221,29184,921,Bolivia (Plurinational State of),Decile 1,Urban,2014
23.799999237060547,26,,BOL,330,221,29184,930,Bolivia (Plurinational State of),Decile 10,Urban,2014
4.699999809265137,26,,BOL,330,221,29184,922,Bolivia (Plurinational State of),Decile 2,Urban,2014
5.900000095367432,26,,BOL,330,221,29184,923,Bolivia (Plurinational State of),Decile 3,Urban,2014
7.099999904632568,26,,BOL,330,221,29184,924,Bolivia (Plurinational State of),Decile 4,Urban,2014
8.199999809265137,26,,BOL,330,221,29184,925,Bolivia (Plurinational State of),Decile 5,Urban,2014
9.199999809265137,26,,BOL,330,221,29184,926,Bolivia (Plurinational State of),Decile 6,Urban,2014
10.5,26,,BOL,330,221,29184,927,Bolivia (Plurinational State of),Decile 7,Urban,2014
12.199999809265137,26,,BOL,330,221,29184,928,Bolivia (Plurinational State of),Decile 8,Urban,2014
15.699999809265137,26,,BOL,330,221,29184,929,Bolivia (Plurinational State of),Decile 9,Urban,2014
1.600000023841858,26,,BOL,327,221,29185,921,Bolivia (Plurinational State of),Decile 1,National,2015
24.5,26,,BOL,327,221,29185,930,Bolivia (Plurinational State of),Decile 10,National,2015
3.5,26,,BOL,327,221,29185,922,Bolivia (Plurinational State of),Decile 2,National,2015
5.199999809265137,26,,BOL,327,221,29185,923,Bolivia (Plurinational State of),Decile 3,National,2015
6.699999809265137,26,,BOL,327,221,29185,924,Bolivia (Plurinational State of),Decile 4,National,2015
8,26,,BOL,327,221,29185,925,Bolivia (Plurinational State of),Decile 5,National,2015
3.5999999046325684,26,,BOL,330,221,29189,921,Bolivia (Plurinational State of),Decile 1,Urban,2019
21.399999618530273,26,,BOL,330,221,29189,930,Bolivia (Plurinational State of),Decile 10,Urban,2019
5.400000095367432,26,,BOL,330,221,29189,922,Bolivia (Plurinational State of),Decile 2,Urban,2019
6.599999904632568,26,,BOL,330,221,29189,923,Bolivia (Plurinational State of),Decile 3,Urban,2019
7.599999904632568,26,,BOL,330,221,29189,924,Bolivia (Plurinational State of),Decile 4,Urban,2019
8.699999809265137,26,,BOL,330,221,29189,925,Bolivia (Plurinational State of),Decile 5,Urban,2019
9.800000190734863,26,,BOL,330,221,29189,926,Bolivia (Plurinational State of),Decile 6,Urban,2019
11,26,,BOL,330,221,29189,927,Bolivia (Plurinational State of),Decile 7,Urban,2019
12.199999809265137,26,,BOL,330,221,29189,928,Bolivia (Plurinational State of),Decile 8,Urban,2019
13.699999809265137,26,,BOL,330,221,29189,929,Bolivia (Plurinational State of),Decile 9,Urban,2019
1.899999976158142,26,,BOL,327,221,29190,921,Bolivia (Plurinational State of),Decile 1,National,2020
23.700000762939453,26,,BOL,327,221,29190,930,Bolivia (Plurinational State of),Decile 10,National,2020
3.299999952316284,26,,BOL,327,221,29190,922,Bolivia (Plurinational State of),Decile 2,National,2020
5.300000190734863,26,,BOL,327,221,29190,923,Bolivia (Plurinational State of),Decile 3,National,2020
6.699999809265137,26,,BOL,327,221,29190,924,Bolivia (Plurinational State of),Decile 4,National,2020
8,26,,BOL,327,221,29190,925,Bolivia (Plurinational State of),Decile 5,National,2020
10.100000381469727,26,,BOL,327,221,29190,926,Bolivia (Plurinational State of),Decile 6,National,2020
11.600000381469727,26,,BOL,327,221,29190,927,Bolivia (Plurinational State of),Decile 7,National,2020
13.5,26,,BOL,327,221,29190,928,Bolivia (Plurinational State of),Decile 8,National,2020
16,26,,BOL,327,221,29190,929,Bolivia (Plurinational State of),Decile 9,National,2020
2.0999999046325684,26,,BOL,331,221,29190,921,Bolivia (Plurinational State of),Decile 1,Rural,2020
25.700000762939453,26,,BOL,331,221,29190,930,Bolivia (Plurinational State of),Decile 10,Rural,2020
4,26,,BOL,331,221,29190,922,Bolivia (Plurinational State of),Decile 2,Rural,2020
4.5,26,,BOL,331,221,29190,923,Bolivia (Plurinational State of),Decile 3,Rural,2020
5.699999809265137,26,,BOL,331,221,29190,924,Bolivia (Plurinational State of),Decile 4,Rural,2020
7,26,,BOL,331,221,29190,925,Bolivia (Plurinational State of),Decile 5,Rural,2020
8.800000190734863,26,,BOL,331,221,29190,926,Bolivia (Plurinational State of),Decile 6,Rural,2020
10.800000190734863,26,,BOL,331,221,29190,927,Bolivia (Plurinational State of),Decile 7,Rural,2020
13.699999809265137,26,,BOL,331,221,29190,928,Bolivia (Plurinational State of),Decile 8,Rural,2020
17.600000381469727,26,,BOL,331,221,29190,929,Bolivia (Plurinational State of),Decile 9,Rural,2020
2.5,26,,BOL,330,221,29190,921,Bolivia (Plurinational State of),Decile 1,Urban,2020
21.799999237060547,26,,BOL,330,221,29190,930,Bolivia (Plurinational State of),Decile 10,Urban,2020
4.900000095367432,26,,BOL,330,221,29190,922,Bolivia (Plurinational State of),Decile 2,Urban,2020
6.199999809265137,26,,BOL,330,221,29190,923,Bolivia (Plurinational State of),Decile 3,Urban,2020
7.400000095367432,26,,BOL,330,221,29190,924,Bolivia (Plurinational State of),Decile 4,Urban,2020
8.699999809265137,26,,BOL,330,221,29190,925,Bolivia (Plurinational State of),Decile 5,Urban,2020
9.899999618530273,26,,BOL,330,221,29190,926,Bolivia (Plurinational State of),Decile 6,Urban,2020
11.300000190734863,26,,BOL,330,221,29190,927,Bolivia (Plurinational State of),Decile 7,Urban,2020
12.699999809265137,26,,BOL,330,221,29190,928,Bolivia (Plurinational State of),Decile 8,Urban,2020
14.5,26,,BOL,330,221,29190,929,Bolivia (Plurinational State of),Decile 9,Urban,2020
2.4000000953674316,26,,BOL,327,221,29191,921,Bolivia (Plurinational State of),Decile 1,National,2021
21.799999237060547,26,,BOL,327,221,29191,930,Bolivia (Plurinational State of),Decile 10,National,2021
4.400000095367432,26,,BOL,327,221,29191,922,Bolivia (Plurinational State of),Decile 2,National,2021
5.900000095367432,26,,BOL,327,221,29191,923,Bolivia (Plurinational State of),Decile 3,National,2021
7.300000190734863,26,,BOL,327,221,29191,924,Bolivia (Plurinational State of),Decile 4,National,2021
8.899999618530273,26,,BOL,327,221,29191,925,Bolivia (Plurinational State of),Decile 5,National,2021
10.100000381469727,26,,BOL,327,221,29191,926,Bolivia (Plurinational State of),Decile 6,National,2021
11.199999809265137,26,,BOL,327,221,29191,927,Bolivia (Plurinational State of),Decile 7,National,2021
13.199999809265137,26,,BOL,327,221,29191,928,Bolivia (Plurinational State of),Decile 8,National,2021
14.699999809265137,26,,BOL,327,221,29191,929,Bolivia (Plurinational State of),Decile 9,National,2021
2.4000000953674316,26,,BOL,331,221,29191,921,Bolivia (Plurinational State of),Decile 1,Rural,2021
24.200000762939453,26,,BOL,331,221,29191,930,Bolivia (Plurinational State of),Decile 10,Rural,2021
4.099999904632568,26,,BOL,331,221,29191,922,Bolivia (Plurinational State of),Decile 2,Rural,2021
5.099999904632568,26,,BOL,331,221,29191,923,Bolivia (Plurinational State of),Decile 3,Rural,2021
6.199999809265137,26,,BOL,331,221,29191,924,Bolivia (Plurinational State of),Decile 4,Rural,2021
7.400000095367432,26,,BOL,331,221,29191,925,Bolivia (Plurinational State of),Decile 5,Rural,2021
9.699999809265137,26,,BOL,331,221,29191,926,Bolivia (Plurinational State of),Decile 6,Rural,2021
11.600000381469727,26,,BOL,331,221,29191,927,Bolivia (Plurinational State of),Decile 7,Rural,2021
13.399999618530273,26,,BOL,331,221,29191,928,Bolivia (Plurinational State of),Decile 8,Rural,2021
16.100000381469727,26,,BOL,331,221,29191,929,Bolivia (Plurinational State of),Decile 9,Rural,2021
3.700000047683716,26,,BOL,330,221,29191,921,Bolivia (Plurinational State of),Decile 1,Urban,2021
20.299999237060547,26,,BOL,330,221,29191,930,Bolivia (Plurinational State of),Decile 10,Urban,2021
5.5,26,,BOL,330,221,29191,922,Bolivia (Plurinational State of),Decile 2,Urban,2021
6.699999809265137,26,,BOL,330,221,29191,923,Bolivia (Plurinational State of),Decile 3,Urban,2021
9.699999809265137,26,,BOL,327,221,29185,926,Bolivia (Plurinational State of),Decile 6,National,2015
11.300000190734863,26,,BOL,327,221,29185,927,Bolivia (Plurinational State of),Decile 7,National,2015
13.800000190734863,26,,BOL,327,221,29185,928,Bolivia (Plurinational State of),Decile 8,National,2015
15.699999809265137,26,,BOL,327,221,29185,929,Bolivia (Plurinational State of),Decile 9,National,2015
1.399999976158142,26,,BOL,331,221,29185,921,Bolivia (Plurinational State of),Decile 1,Rural,2015
27.100000381469727,26,,BOL,331,221,29185,930,Bolivia (Plurinational State of),Decile 10,Rural,2015
3.200000047683716,26,,BOL,331,221,29185,922,Bolivia (Plurinational State of),Decile 2,Rural,2015
4.099999904632568,26,,BOL,331,221,29185,923,Bolivia (Plurinational State of),Decile 3,Rural,2015
5.900000095367432,26,,BOL,331,221,29185,924,Bolivia (Plurinational State of),Decile 4,Rural,2015
6.900000095367432,26,,BOL,331,221,29185,925,Bolivia (Plurinational State of),Decile 5,Rural,2015
8.800000190734863,26,,BOL,331,221,29185,926,Bolivia (Plurinational State of),Decile 6,Rural,2015
11.399999618530273,26,,BOL,331,221,29185,927,Bolivia (Plurinational State of),Decile 7,Rural,2015
14.199999809265137,26,,BOL,331,221,29185,928,Bolivia (Plurinational State of),Decile 8,Rural,2015
16.899999618530273,26,,BOL,331,221,29185,929,Bolivia (Plurinational State of),Decile 9,Rural,2015
2.9000000953674316,26,,BOL,330,221,29185,921,Bolivia (Plurinational State of),Decile 1,Urban,2015
22.299999237060547,26,,BOL,330,221,29185,930,Bolivia (Plurinational State of),Decile 10,Urban,2015
5,26,,BOL,330,221,29185,922,Bolivia (Plurinational State of),Decile 2,Urban,2015
6.099999904632568,26,,BOL,330,221,29185,923,Bolivia (Plurinational State of),Decile 3,Urban,2015
7.300000190734863,26,,BOL,330,221,29185,924,Bolivia (Plurinational State of),Decile 4,Urban,2015
8.300000190734863,26,,BOL,330,221,29185,925,Bolivia (Plurinational State of),Decile 5,Urban,2015
9.699999809265137,26,,BOL,330,221,29185,926,Bolivia (Plurinational State of),Decile 6,Urban,2015
11.199999809265137,26,,BOL,330,221,29185,927,Bolivia (Plurinational State of),Decile 7,Urban,2015
12.600000381469727,26,,BOL,330,221,29185,928,Bolivia (Plurinational State of),Decile 8,Urban,2015
14.600000381469727,26,,BOL,330,221,29185,929,Bolivia (Plurinational State of),Decile 9,Urban,2015
1.2999999523162842,26,,BOL,327,221,29186,921,Bolivia (Plurinational State of),Decile 1,National,2016
24,26,,BOL,327,221,29186,930,Bolivia (Plurinational State of),Decile 10,National,2016
3,26,,BOL,327,221,29186,922,Bolivia (Plurinational State of),Decile 2,National,2016
4.900000095367432,26,,BOL,327,221,29186,923,Bolivia (Plurinational State of),Decile 3,National,2016
6.5,26,,BOL,327,221,29186,924,Bolivia (Plurinational State of),Decile 4,National,2016
8.199999809265137,26,,BOL,327,221,29186,925,Bolivia (Plurinational State of),Decile 5,National,2016
9.800000190734863,26,,BOL,327,221,29186,926,Bolivia (Plurinational State of),Decile 6,National,2016
11.899999618530273,26,,BOL,327,221,29186,927,Bolivia (Plurinational State of),Decile 7,National,2016
13.800000190734863,26,,BOL,327,221,29186,928,Bolivia (Plurinational State of),Decile 8,National,2016
16.5,26,,BOL,327,221,29186,929,Bolivia (Plurinational State of),Decile 9,National,2016
1.399999976158142,26,,BOL,331,221,29186,921,Bolivia (Plurinational State of),Decile 1,Rural,2016
26,26,,BOL,331,221,29186,930,Bolivia (Plurinational State of),Decile 10,Rural,2016
2.9000000953674316,26,,BOL,331,221,29186,922,Bolivia (Plurinational State of),Decile 2,Rural,2016
4.099999904632568,26,,BOL,331,221,29186,923,Bolivia (Plurinational State of),Decile 3,Rural,2016
5,26,,BOL,331,221,29186,924,Bolivia (Plurinational State of),Decile 4,Rural,2016
7.099999904632568,26,,BOL,331,221,29186,925,Bolivia (Plurinational State of),Decile 5,Rural,2016
8.300000190734863,26,,BOL,331,221,29186,926,Bolivia (Plurinational State of),Decile 6,Rural,2016
11.899999618530273,26,,BOL,331,221,29186,927,Bolivia (Plurinational State of),Decile 7,Rural,2016
14.800000190734863,26,,BOL,331,221,29186,928,Bolivia (Plurinational State of),Decile 8,Rural,2016
18.5,26,,BOL,331,221,29186,929,Bolivia (Plurinational State of),Decile 9,Rural,2016
2.200000047683716,26,,BOL,330,221,29186,921,Bolivia (Plurinational State of),Decile 1,Urban,2016
22.299999237060547,26,,BOL,330,221,29186,930,Bolivia (Plurinational State of),Decile 10,Urban,2016
4.699999809265137,26,,BOL,330,221,29186,922,Bolivia (Plurinational State of),Decile 2,Urban,2016
6,26,,BOL,330,221,29186,923,Bolivia (Plurinational State of),Decile 3,Urban,2016
7.099999904632568,26,,BOL,330,221,29186,924,Bolivia (Plurinational State of),Decile 4,Urban,2016
8.399999618530273,26,,BOL,330,221,29186,925,Bolivia (Plurinational State of),Decile 5,Urban,2016
9.899999618530273,26,,BOL,330,221,29186,926,Bolivia (Plurinational State of),Decile 6,Urban,2016
11.300000190734863,26,,BOL,330,221,29186,927,Bolivia (Plurinational State of),Decile 7,Urban,2016
13.100000381469727,26,,BOL,330,221,29186,928,Bolivia (Plurinational State of),Decile 8,Urban,2016
15,26,,BOL,330,221,29186,929,Bolivia (Plurinational State of),Decile 9,Urban,2016
1.399999976158142,26,,BOL,327,221,29187,921,Bolivia (Plurinational State of),Decile 1,National,2017
24.799999237060547,26,,BOL,327,221,29187,930,Bolivia (Plurinational State of),Decile 10,National,2017
2.9000000953674316,26,,BOL,327,221,29187,922,Bolivia (Plurinational State of),Decile 2,National,2017
4.699999809265137,26,,BOL,327,221,29187,923,Bolivia (Plurinational State of),Decile 3,National,2017
6.699999809265137,26,,BOL,327,221,29187,924,Bolivia (Plurinational State of),Decile 4,National,2017
8.100000381469727,26,,BOL,327,221,29187,925,Bolivia (Plurinational State of),Decile 5,National,2017
9.899999618530273,26,,BOL,327,221,29187,926,Bolivia (Plurinational State of),Decile 6,National,2017
11.899999618530273,26,,BOL,327,221,29187,927,Bolivia (Plurinational State of),Decile 7,National,2017
13.600000381469727,26,,BOL,327,221,29187,928,Bolivia (Plurinational State of),Decile 8,National,2017
16,26,,BOL,327,221,29187,929,Bolivia (Plurinational State of),Decile 9,National,2017
1.5,26,,BOL,331,221,29187,921,Bolivia (Plurinational State of),Decile 1,Rural,2017
30,26,,BOL,331,221,29187,930,Bolivia (Plurinational State of),Decile 10,Rural,2017
3,26,,BOL,331,221,29187,922,Bolivia (Plurinational State of),Decile 2,Rural,2017
3.9000000953674316,26,,BOL,331,221,29187,923,Bolivia (Plurinational State of),Decile 3,Rural,2017
4.5,26,,BOL,331,221,29187,924,Bolivia (Plurinational State of),Decile 4,Rural,2017
6.300000190734863,26,,BOL,331,221,29187,925,Bolivia (Plurinational State of),Decile 5,Rural,2017
7.900000095367432,26,,BOL,331,221,29187,926,Bolivia (Plurinational State of),Decile 6,Rural,2017
10.699999809265137,26,,BOL,331,221,29187,927,Bolivia (Plurinational State of),Decile 7,Rural,2017
14.399999618530273,26,,BOL,331,221,29187,928,Bolivia (Plurinational State of),Decile 8,Rural,2017
17.700000762939453,26,,BOL,331,221,29187,929,Bolivia (Plurinational State of),Decile 9,Rural,2017
2.799999952316284,26,,BOL,330,221,29187,921,Bolivia (Plurinational State of),Decile 1,Urban,2017
21.5,26,,BOL,330,221,29187,930,Bolivia (Plurinational State of),Decile 10,Urban,2017
4.900000095367432,26,,BOL,330,221,29187,922,Bolivia (Plurinational State of),Decile 2,Urban,2017
6.300000190734863,26,,BOL,330,221,29187,923,Bolivia (Plurinational State of),Decile 3,Urban,2017
7.400000095367432,26,,BOL,330,221,29187,924,Bolivia (Plurinational State of),Decile 4,Urban,2017
8.600000381469727,26,,BOL,330,221,29187,925,Bolivia (Plurinational State of),Decile 5,Urban,2017
10,26,,BOL,330,221,29187,926,Bolivia (Plurinational State of),Decile 6,Urban,2017
11.100000381469727,26,,BOL,330,221,29187,927,Bolivia (Plurinational State of),Decile 7,Urban,2017
12.100000381469727,26,,BOL,330,221,29187,928,Bolivia (Plurinational State of),Decile 8,Urban,2017
15.300000190734863,26,,BOL,330,221,29187,929,Bolivia (Plurinational State of),Decile 9,Urban,2017
1.7000000476837158,26,,BOL,327,221,29188,921,Bolivia (Plurinational State of),Decile 1,National,2018
22.100000381469727,26,,BOL,327,221,29188,930,Bolivia (Plurinational State of),Decile 10,National,2018
3.5,26,,BOL,327,221,29188,922,Bolivia (Plurinational State of),Decile 2,National,2018
5.400000095367432,26,,BOL,327,221,29188,923,Bolivia (Plurinational State of),Decile 3,National,2018
7.300000190734863,26,,BOL,327,221,29188,924,Bolivia (Plurinational State of),Decile 4,National,2018
8.600000381469727,26,,BOL,327,221,29188,925,Bolivia (Plurinational State of),Decile 5,National,2018
10.199999809265137,26,,BOL,327,221,29188,926,Bolivia (Plurinational State of),Decile 6,National,2018
11.699999809265137,26,,BOL,327,221,29188,927,Bolivia (Plurinational State of),Decile 7,National,2018
14,26,,BOL,327,221,29188,928,Bolivia (Plurinational State of),Decile 8,National,2018
15.399999618530273,26,,BOL,327,221,29188,929,Bolivia (Plurinational State of),Decile 9,National,2018
2.200000047683716,26,,BOL,331,221,29188,921,Bolivia (Plurinational State of),Decile 1,Rural,2018
25.899999618530273,26,,BOL,331,221,29188,930,Bolivia (Plurinational State of),Decile 10,Rural,2018
3.799999952316284,26,,BOL,331,221,29188,922,Bolivia (Plurinational State of),Decile 2,Rural,2018
3.9000000953674316,26,,BOL,331,221,29188,923,Bolivia (Plurinational State of),Decile 3,Rural,2018
5.800000190734863,26,,BOL,331,221,29188,924,Bolivia (Plurinational State of),Decile 4,Rural,2018
7.300000190734863,26,,BOL,331,221,29188,925,Bolivia (Plurinational State of),Decile 5,Rural,2018
8.5,26,,BOL,331,221,29188,926,Bolivia (Plurinational State of),Decile 6,Rural,2018
11.699999809265137,26,,BOL,331,221,29188,927,Bolivia (Plurinational State of),Decile 7,Rural,2018
13.600000381469727,26,,BOL,331,221,29188,928,Bolivia (Plurinational State of),Decile 8,Rural,2018
17.299999237060547,26,,BOL,331,221,29188,929,Bolivia (Plurinational State of),Decile 9,Rural,2018
3.299999952316284,26,,BOL,330,221,29188,921,Bolivia (Plurinational State of),Decile 1,Urban,2018
20,26,,BOL,330,221,29188,930,Bolivia (Plurinational State of),Decile 10,Urban,2018
5.699999809265137,26,,BOL,330,221,29188,922,Bolivia (Plurinational State of),Decile 2,Urban,2018
6.800000190734863,26,,BOL,330,221,29188,923,Bolivia (Plurinational State of),Decile 3,Urban,2018
7.699999809265137,26,,BOL,330,221,29188,924,Bolivia (Plurinational State of),Decile 4,Urban,2018
8.899999618530273,26,,BOL,330,221,29188,925,Bolivia (Plurinational State of),Decile 5,Urban,2018
10.199999809265137,26,,BOL,330,221,29188,926,Bolivia (Plurinational State of),Decile 6,Urban,2018
11.300000190734863,26,,BOL,330,221,29188,927,Bolivia (Plurinational State of),Decile 7,Urban,2018
12.399999618530273,26,,BOL,330,221,29188,928,Bolivia (Plurinational State of),Decile 8,Urban,2018
13.899999618530273,26,,BOL,330,221,29188,929,Bolivia (Plurinational State of),Decile 9,Urban,2018
2.299999952316284,26,,BOL,327,221,29189,921,Bolivia (Plurinational State of),Decile 1,National,2019
22.399999618530273,26,,BOL,327,221,29189,930,Bolivia (Plurinational State of),Decile 10,National,2019
4.300000190734863,26,,BOL,327,221,29189,922,Bolivia (Plurinational State of),Decile 2,National,2019
5.800000190734863,26,,BOL,327,221,29189,923,Bolivia (Plurinational State of),Decile 3,National,2019
7.099999904632568,26,,BOL,327,221,29189,924,Bolivia (Plurinational State of),Decile 4,National,2019
8.399999618530273,26,,BOL,327,221,29189,925,Bolivia (Plurinational State of),Decile 5,National,2019
10.100000381469727,26,,BOL,327,221,29189,926,Bolivia (Plurinational State of),Decile 6,National,2019
11.600000381469727,26,,BOL,327,221,29189,927,Bolivia (Plurinational State of),Decile 7,National,2019
12.899999618530273,26,,BOL,327,221,29189,928,Bolivia (Plurinational State of),Decile 8,National,2019
15.100000381469727,26,,BOL,327,221,29189,929,Bolivia (Plurinational State of),Decile 9,National,2019
2.299999952316284,26,,BOL,331,221,29189,921,Bolivia (Plurinational State of),Decile 1,Rural,2019
22.5,26,,BOL,331,221,29189,930,Bolivia (Plurinational State of),Decile 10,Rural,2019
4.099999904632568,26,,BOL,331,221,29189,922,Bolivia (Plurinational State of),Decile 2,Rural,2019
5,26,,BOL,331,221,29189,923,Bolivia (Plurinational State of),Decile 3,Rural,2019
6.599999904632568,26,,BOL,331,221,29189,924,Bolivia (Plurinational State of),Decile 4,Rural,2019
7.900000095367432,26,,BOL,331,221,29189,925,Bolivia (Plurinational State of),Decile 5,Rural,2019
8.800000190734863,26,,BOL,331,221,29189,926,Bolivia (Plurinational State of),Decile 6,Rural,2019
11.300000190734863,26,,BOL,331,221,29189,927,Bolivia (Plurinational State of),Decile 7,Rural,2019
14.5,26,,BOL,331,221,29189,928,Bolivia (Plurinational State of),Decile 8,Rural,2019
17.100000381469727,26,,BOL,331,221,29189,929,Bolivia (Plurinational State of),Decile 9,Rural,2019
7.900000095367432,26,,BOL,330,221,29191,924,Bolivia (Plurinational State of),Decile 4,Urban,2021
9.100000381469727,26,,BOL,330,221,29191,925,Bolivia (Plurinational State of),Decile 5,Urban,2021
9.800000190734863,26,,BOL,330,221,29191,926,Bolivia (Plurinational State of),Decile 6,Urban,2021
10.899999618530273,26,,BOL,330,221,29191,927,Bolivia (Plurinational State of),Decile 7,Urban,2021
12.300000190734863,26,,BOL,330,221,29191,928,Bolivia (Plurinational State of),Decile 8,Urban,2021
13.899999618530273,26,,BOL,330,221,29191,929,Bolivia (Plurinational State of),Decile 9,Urban,2021
1.899999976158142,26,,BOL,327,221,29192,921,Bolivia (Plurinational State of),Decile 1,National,2022
23.299999237060547,26,,BOL,327,221,29192,930,Bolivia (Plurinational State of),Decile 10,National,2022
3.9000000953674316,26,,BOL,327,221,29192,922,Bolivia (Plurinational State of),Decile 2,National,2022
5.5,26,,BOL,327,221,29192,923,Bolivia (Plurinational State of),Decile 3,National,2022
6.900000095367432,26,,BOL,327,221,29192,924,Bolivia (Plurinational State of),Decile 4,National,2022
8.100000381469727,26,,BOL,327,221,29192,925,Bolivia (Plurinational State of),Decile 5,National,2022
9.800000190734863,26,,BOL,327,221,29192,926,Bolivia (Plurinational State of),Decile 6,National,2022
11.600000381469727,26,,BOL,327,221,29192,927,Bolivia (Plurinational State of),Decile 7,National,2022
13.100000381469727,26,,BOL,327,221,29192,928,Bolivia (Plurinational State of),Decile 8,National,2022
15.800000190734863,26,,BOL,327,221,29192,929,Bolivia (Plurinational State of),Decile 9,National,2022
1.899999976158142,26,,BOL,331,221,29192,921,Bolivia (Plurinational State of),Decile 1,Rural,2022
24,26,,BOL,331,221,29192,930,Bolivia (Plurinational State of),Decile 10,Rural,2022
3.799999952316284,26,,BOL,331,221,29192,922,Bolivia (Plurinational State of),Decile 2,Rural,2022
4.400000095367432,26,,BOL,331,221,29192,923,Bolivia (Plurinational State of),Decile 3,Rural,2022
6.400000095367432,26,,BOL,331,221,29192,924,Bolivia (Plurinational State of),Decile 4,Rural,2022
8,26,,BOL,331,221,29192,925,Bolivia (Plurinational State of),Decile 5,Rural,2022
9.699999809265137,26,,BOL,331,221,29192,926,Bolivia (Plurinational State of),Decile 6,Rural,2022
11,26,,BOL,331,221,29192,927,Bolivia (Plurinational State of),Decile 7,Rural,2022
14.600000381469727,26,,BOL,331,221,29192,928,Bolivia (Plurinational State of),Decile 8,Rural,2022
16.200000762939453,26,,BOL,331,221,29192,929,Bolivia (Plurinational State of),Decile 9,Rural,2022
2.700000047683716,26,,BOL,330,221,29192,921,Bolivia (Plurinational State of),Decile 1,Urban,2022
22.399999618530273,26,,BOL,330,221,29192,930,Bolivia (Plurinational State of),Decile 10,Urban,2022
5,26,,BOL,330,221,29192,922,Bolivia (Plurinational State of),Decile 2,Urban,2022
6.099999904632568,26,,BOL,330,221,29192,923,Bolivia (Plurinational State of),Decile 3,Urban,2022
7.300000190734863,26,,BOL,330,221,29192,924,Bolivia (Plurinational State of),Decile 4,Urban,2022
8.300000190734863,26,,BOL,330,221,29192,925,Bolivia (Plurinational State of),Decile 5,Urban,2022
10,26,,BOL,330,221,29192,926,Bolivia (Plurinational State of),Decile 6,Urban,2022
11.199999809265137,26,,BOL,330,221,29192,927,Bolivia (Plurinational State of),Decile 7,Urban,2022
12.600000381469727,26,,BOL,330,221,29192,928,Bolivia (Plurinational State of),Decile 8,Urban,2022
14.5,26,,BOL,330,221,29192,929,Bolivia (Plurinational State of),Decile 9,Urban,2022
2,26,,BOL,327,221,29193,921,Bolivia (Plurinational State of),Decile 1,National,2023
22.799999237060547,26,,BOL,327,221,29193,930,Bolivia (Plurinational State of),Decile 10,National,2023
3.9000000953674316,26,,BOL,327,221,29193,922,Bolivia (Plurinational State of),Decile 2,National,2023
5.699999809265137,26,,BOL,327,221,29193,923,Bolivia (Plurinational State of),Decile 3,National,2023
6.800000190734863,26,,BOL,327,221,29193,924,Bolivia (Plurinational State of),Decile 4,National,2023
8.600000381469727,26,,BOL,327,221,29193,925,Bolivia (Plurinational State of),Decile 5,National,2023
9.800000190734863,26,,BOL,327,221,29193,926,Bolivia (Plurinational State of),Decile 6,National,2023
11.399999618530273,26,,BOL,327,221,29193,927,Bolivia (Plurinational State of),Decile 7,National,2023
13.100000381469727,26,,BOL,327,221,29193,928,Bolivia (Plurinational State of),Decile 8,National,2023
15.899999618530273,26,,BOL,327,221,29193,929,Bolivia (Plurinational State of),Decile 9,National,2023
2,26,,BOL,331,221,29193,921,Bolivia (Plurinational State of),Decile 1,Rural,2023
26.200000762939453,26,,BOL,331,221,29193,930,Bolivia (Plurinational State of),Decile 10,Rural,2023
3.700000047683716,26,,BOL,331,221,29193,922,Bolivia (Plurinational State of),Decile 2,Rural,2023
4.599999904632568,26,,BOL,331,221,29193,923,Bolivia (Plurinational State of),Decile 3,Rural,2023
5.5,26,,BOL,331,221,29193,924,Bolivia (Plurinational State of),Decile 4,Rural,2023
7.599999904632568,26,,BOL,331,221,29193,925,Bolivia (Plurinational State of),Decile 5,Rural,2023
8.5,26,,BOL,331,221,29193,926,Bolivia (Plurinational State of),Decile 6,Rural,2023
11.800000190734863,26,,BOL,331,221,29193,927,Bolivia (Plurinational State of),Decile 7,Rural,2023
13.399999618530273,26,,BOL,331,221,29193,928,Bolivia (Plurinational State of),Decile 8,Rural,2023
16.700000762939453,26,,BOL,331,221,29193,929,Bolivia (Plurinational State of),Decile 9,Rural,2023
3.0999999046325684,26,,BOL,330,221,29193,921,Bolivia (Plurinational State of),Decile 1,Urban,2023
21.399999618530273,26,,BOL,330,221,29193,930,Bolivia (Plurinational State of),Decile 10,Urban,2023
5.199999809265137,26,,BOL,330,221,29193,922,Bolivia (Plurinational State of),Decile 2,Urban,2023
6.199999809265137,26,,BOL,330,221,29193,923,Bolivia (Plurinational State of),Decile 3,Urban,2023
7.800000190734863,26,,BOL,330,221,29193,924,Bolivia (Plurinational State of),Decile 4,Urban,2023
8.699999809265137,26,,BOL,330,221,29193,925,Bolivia (Plurinational State of),Decile 5,Urban,2023
9.699999809265137,26,,BOL,330,221,29193,926,Bolivia (Plurinational State of),Decile 6,Urban,2023
10.899999618530273,26,,BOL,330,221,29193,927,Bolivia (Plurinational State of),Decile 7,Urban,2023
12.5,26,,BOL,330,221,29193,928,Bolivia (Plurinational State of),Decile 8,Urban,2023
14.600000381469727,26,,BOL,330,221,29193,929,Bolivia (Plurinational State of),Decile 9,Urban,2023
1.600000023841858,26,8608,BRA,327,222,29171,921,Brazil,Decile 1,National,2001
40.5,26,8608,BRA,327,222,29171,930,Brazil,Decile 10,National,2001
3.0999999046325684,26,8608,BRA,327,222,29171,922,Brazil,Decile 2,National,2001
3.700000047683716,26,8608,BRA,327,222,29171,923,Brazil,Decile 3,National,2001
4.900000095367432,26,8608,BRA,327,222,29171,924,Brazil,Decile 4,National,2001
5.300000190734863,26,8608,BRA,327,222,29171,925,Brazil,Decile 5,National,2001
5.800000190734863,26,8608,BRA,327,222,29171,926,Brazil,Decile 6,National,2001
8.100000381469727,26,8608,BRA,327,222,29171,927,Brazil,Decile 7,National,2001
10.399999618530273,26,8608,BRA,327,222,29171,928,Brazil,Decile 8,National,2001
16.600000381469727,26,8608,BRA,327,222,29171,929,Brazil,Decile 9,National,2001
2.5,26,8608,BRA,331,222,29171,921,Brazil,Decile 1,Rural,2001
33,26,8608,BRA,331,222,29171,930,Brazil,Decile 10,Rural,2001
4.5,26,8608,BRA,331,222,29171,922,Brazil,Decile 2,Rural,2001
5.300000190734863,26,8608,BRA,331,222,29171,923,Brazil,Decile 3,Rural,2001
6.5,26,8608,BRA,331,222,29171,924,Brazil,Decile 4,Rural,2001
6.900000095367432,26,8608,BRA,331,222,29171,925,Brazil,Decile 5,Rural,2001
8.5,26,8608,BRA,331,222,29171,926,Brazil,Decile 6,Rural,2001
10.300000190734863,26,8608,BRA,331,222,29171,927,Brazil,Decile 7,Rural,2001
8.600000381469727,26,8608,BRA,331,222,29171,928,Brazil,Decile 8,Rural,2001
13.899999618530273,26,8608,BRA,331,222,29171,929,Brazil,Decile 9,Rural,2001
1.7000000476837158,26,8608,BRA,330,222,29171,921,Brazil,Decile 1,Urban,2001
39.599998474121094,26,8608,BRA,330,222,29171,930,Brazil,Decile 10,Urban,2001
3.0999999046325684,26,8608,BRA,330,222,29171,922,Brazil,Decile 2,Urban,2001
4,26,8608,BRA,330,222,29171,923,Brazil,Decile 3,Urban,2001
4.699999809265137,26,8608,BRA,330,222,29171,924,Brazil,Decile 4,Urban,2001
4.5,26,8608,BRA,330,222,29171,925,Brazil,Decile 5,Urban,2001
7,26,8608,BRA,330,222,29171,926,Brazil,Decile 6,Urban,2001
8.100000381469727,26,8608,BRA,330,222,29171,927,Brazil,Decile 7,Urban,2001
11.100000381469727,26,8608,BRA,330,222,29171,928,Brazil,Decile 8,Urban,2001
16.200000762939453,26,8608,BRA,330,222,29171,929,Brazil,Decile 9,Urban,2001
1.7999999523162842,26,8608,BRA,327,222,29172,921,Brazil,Decile 1,National,2002
40.400001525878906,26,8608,BRA,327,222,29172,930,Brazil,Decile 10,National,2002
3.200000047683716,26,8608,BRA,327,222,29172,922,Brazil,Decile 2,National,2002
3.9000000953674316,26,8608,BRA,327,222,29172,923,Brazil,Decile 3,National,2002
4.800000190734863,26,8608,BRA,327,222,29172,924,Brazil,Decile 4,National,2002
5.599999904632568,26,8608,BRA,327,222,29172,925,Brazil,Decile 5,National,2002
5.599999904632568,26,8608,BRA,327,222,29172,926,Brazil,Decile 6,National,2002
8.100000381469727,26,8608,BRA,327,222,29172,927,Brazil,Decile 7,National,2002
10.300000190734863,26,8608,BRA,327,222,29172,928,Brazil,Decile 8,National,2002
16.200000762939453,26,8608,BRA,327,222,29172,929,Brazil,Decile 9,National,2002
2.799999952316284,26,8608,BRA,331,222,29172,921,Brazil,Decile 1,Rural,2002
31.299999237060547,26,8608,BRA,331,222,29172,930,Brazil,Decile 10,Rural,2002
4.699999809265137,26,8608,BRA,331,222,29172,922,Brazil,Decile 2,Rural,2002
5.699999809265137,26,8608,BRA,331,222,29172,923,Brazil,Decile 3,Rural,2002
6.599999904632568,26,8608,BRA,331,222,29172,924,Brazil,Decile 4,Rural,2002
7.099999904632568,26,8608,BRA,331,222,29172,925,Brazil,Decile 5,Rural,2002
8.699999809265137,26,8608,BRA,331,222,29172,926,Brazil,Decile 6,Rural,2002
10.100000381469727,26,8608,BRA,331,222,29172,927,Brazil,Decile 7,Rural,2002
9.100000381469727,26,8608,BRA,331,222,29172,928,Brazil,Decile 8,Rural,2002
13.800000190734863,26,8608,BRA,331,222,29172,929,Brazil,Decile 9,Rural,2002
1.899999976158142,26,8608,BRA,330,222,29172,921,Brazil,Decile 1,Urban,2002
39.5,26,8608,BRA,330,222,29172,930,Brazil,Decile 10,Urban,2002
3.200000047683716,26,8608,BRA,330,222,29172,922,Brazil,Decile 2,Urban,2002
4,26,8608,BRA,330,222,29172,923,Brazil,Decile 3,Urban,2002
4.800000190734863,26,8608,BRA,330,222,29172,924,Brazil,Decile 4,Urban,2002
4.800000190734863,26,8608,BRA,330,222,29172,925,Brazil,Decile 5,Urban,2002
6.699999809265137,26,8608,BRA,330,222,29172,926,Brazil,Decile 6,Urban,2002
8.199999809265137,26,8608,BRA,330,222,29172,927,Brazil,Decile 7,Urban,2002
10.600000381469727,26,8608,BRA,330,222,29172,928,Brazil,Decile 8,Urban,2002
16.299999237060547,26,8608,BRA,330,222,29172,929,Brazil,Decile 9,Urban,2002
1.7000000476837158,26,8608,BRA,327,222,29173,921,Brazil,Decile 1,National,2003
39.29999923706055,26,8608,BRA,327,222,29173,930,Brazil,Decile 10,National,2003
3.299999952316284,26,8608,BRA,327,222,29173,922,Brazil,Decile 2,National,2003
4.099999904632568,26,8608,BRA,327,222,29173,923,Brazil,Decile 3,National,2003
5,26,8608,BRA,327,222,29173,924,Brazil,Decile 4,National,2003
5.800000190734863,26,8608,BRA,327,222,29173,925,Brazil,Decile 5,National,2003
5.699999809265137,26,8608,BRA,327,222,29173,926,Brazil,Decile 6,National,2003
8.300000190734863,26,8608,BRA,327,222,29173,927,Brazil,Decile 7,National,2003
10.600000381469727,26,8608,BRA,327,222,29173,928,Brazil,Decile 8,National,2003
16.200000762939453,26,8608,BRA,327,222,29173,929,Brazil,Decile 9,National,2003
2.5999999046325684,26,8608,BRA,331,222,29173,921,Brazil,Decile 1,Rural,2003
32.900001525878906,26,8608,BRA,331,222,29173,930,Brazil,Decile 10,Rural,2003
4.400000095367432,26,8608,BRA,331,222,29173,922,Brazil,Decile 2,Rural,2003
5.5,26,8608,BRA,331,222,29173,923,Brazil,Decile 3,Rural,2003
5.900000095367432,26,8608,BRA,331,222,29173,924,Brazil,Decile 4,Rural,2003
7.400000095367432,26,8608,BRA,331,222,29173,925,Brazil,Decile 5,Rural,2003
8.199999809265137,26,8608,BRA,331,222,29173,926,Brazil,Decile 6,Rural,2003
10.399999618530273,26,8608,BRA,331,222,29173,927,Brazil,Decile 7,Rural,2003
8.800000190734863,26,8608,BRA,331,222,29173,928,Brazil,Decile 8,Rural,2003
13.899999618530273,26,8608,BRA,331,222,29173,929,Brazil,Decile 9,Rural,2003
1.7999999523162842,26,8608,BRA,330,222,29173,921,Brazil,Decile 1,Urban,2003
38.599998474121094,26,8608,BRA,330,222,29173,930,Brazil,Decile 10,Urban,2003
3.4000000953674316,26,8608,BRA,330,222,29173,922,Brazil,Decile 2,Urban,2003
4.199999809265137,26,8608,BRA,330,222,29173,923,Brazil,Decile 3,Urban,2003
5.099999904632568,26,8608,BRA,330,222,29173,924,Brazil,Decile 4,Urban,2003
4.599999904632568,26,8608,BRA,330,222,29173,925,Brazil,Decile 5,Urban,2003
6.5,26,8608,BRA,330,222,29173,926,Brazil,Decile 6,Urban,2003
8.600000381469727,26,8608,BRA,330,222,29173,927,Brazil,Decile 7,Urban,2003
10.899999618530273,26,8608,BRA,330,222,29173,928,Brazil,Decile 8,Urban,2003
16.200000762939453,26,8608,BRA,330,222,29173,929,Brazil,Decile 9,Urban,2003
1.899999976158142,26,8608,BRA,327,222,29174,921,Brazil,Decile 1,National,2004
38.29999923706055,26,8608,BRA,327,222,29174,930,Brazil,Decile 10,National,2004
3.299999952316284,26,8608,BRA,327,222,29174,922,Brazil,Decile 2,National,2004
4.199999809265137,26,8608,BRA,327,222,29174,923,Brazil,Decile 3,National,2004
5,26,8608,BRA,327,222,29174,924,Brazil,Decile 4,National,2004
6,26,8608,BRA,327,222,29174,925,Brazil,Decile 5,National,2004
5.900000095367432,26,8608,BRA,327,222,29174,926,Brazil,Decile 6,National,2004
8.5,26,8608,BRA,327,222,29174,927,Brazil,Decile 7,National,2004
10.5,26,8608,BRA,327,222,29174,928,Brazil,Decile 8,National,2004
16.399999618530273,26,8608,BRA,327,222,29174,929,Brazil,Decile 9,National,2004
2.9000000953674316,26,8608,BRA,331,222,29174,921,Brazil,Decile 1,Rural,2004
32,26,8608,BRA,331,222,29174,930,Brazil,Decile 10,Rural,2004
4.699999809265137,26,8608,BRA,331,222,29174,922,Brazil,Decile 2,Rural,2004
5.300000190734863,26,8608,BRA,331,222,29174,923,Brazil,Decile 3,Rural,2004
6.400000095367432,26,8608,BRA,331,222,29174,924,Brazil,Decile 4,Rural,2004
7.099999904632568,26,8608,BRA,331,222,29174,925,Brazil,Decile 5,Rural,2004
8.399999618530273,26,8608,BRA,331,222,29174,926,Brazil,Decile 6,Rural,2004
10.5,26,8608,BRA,331,222,29174,927,Brazil,Decile 7,Rural,2004
8.699999809265137,26,8608,BRA,331,222,29174,928,Brazil,Decile 8,Rural,2004
14,26,8608,BRA,331,222,29174,929,Brazil,Decile 9,Rural,2004
2,26,8608,BRA,330,222,29174,921,Brazil,Decile 1,Urban,2004
37.900001525878906,26,8608,BRA,330,222,29174,930,Brazil,Decile 10,Urban,2004
3.5,26,8608,BRA,330,222,29174,922,Brazil,Decile 2,Urban,2004
4.199999809265137,26,8608,BRA,330,222,29174,923,Brazil,Decile 3,Urban,2004
5.099999904632568,26,8608,BRA,330,222,29174,924,Brazil,Decile 4,Urban,2004
5.099999904632568,26,8608,BRA,330,222,29174,925,Brazil,Decile 5,Urban,2004
6.800000190734863,26,8608,BRA,330,222,29174,926,Brazil,Decile 6,Urban,2004
8.5,26,8608,BRA,330,222,29174,927,Brazil,Decile 7,Urban,2004
10.800000190734863,26,8608,BRA,330,222,29174,928,Brazil,Decile 8,Urban,2004
16.200000762939453,26,8608,BRA,330,222,29174,929,Brazil,Decile 9,Urban,2004
2,26,8608,BRA,327,222,29175,921,Brazil,Decile 1,National,2005
38.70000076293945,26,8608,BRA,327,222,29175,930,Brazil,Decile 10,National,2005
3.4000000953674316,26,8608,BRA,327,222,29175,922,Brazil,Decile 2,National,2005
4.199999809265137,26,8608,BRA,327,222,29175,923,Brazil,Decile 3,National,2005
5.300000190734863,26,8608,BRA,327,222,29175,924,Brazil,Decile 4,National,2005
5.800000190734863,26,8608,BRA,327,222,29175,925,Brazil,Decile 5,National,2005
5.900000095367432,26,8608,BRA,327,222,29175,926,Brazil,Decile 6,National,2005
8.600000381469727,26,8608,BRA,327,222,29175,927,Brazil,Decile 7,National,2005
10.600000381469727,26,8608,BRA,327,222,29175,928,Brazil,Decile 8,National,2005
15.5,26,8608,BRA,327,222,29175,929,Brazil,Decile 9,National,2005
2.799999952316284,26,8608,BRA,331,222,29175,921,Brazil,Decile 1,Rural,2005
29.600000381469727,26,8608,BRA,331,222,29175,930,Brazil,Decile 10,Rural,2005
4.699999809265137,26,8608,BRA,331,222,29175,922,Brazil,Decile 2,Rural,2005
5.5,26,8608,BRA,331,222,29175,923,Brazil,Decile 3,Rural,2005
6.699999809265137,26,8608,BRA,331,222,29175,924,Brazil,Decile 4,Rural,2005
7.599999904632568,26,8608,BRA,331,222,29175,925,Brazil,Decile 5,Rural,2005
8.699999809265137,26,8608,BRA,331,222,29175,926,Brazil,Decile 6,Rural,2005
10.600000381469727,26,8608,BRA,331,222,29175,927,Brazil,Decile 7,Rural,2005
9.5,26,8608,BRA,331,222,29175,928,Brazil,Decile 8,Rural,2005
14.199999809265137,26,8608,BRA,331,222,29175,929,Brazil,Decile 9,Rural,2005
2,26,8608,BRA,330,222,29175,921,Brazil,Decile 1,Urban,2005
38,26,8608,BRA,330,222,29175,930,Brazil,Decile 10,Urban,2005
3.5999999046325684,26,8608,BRA,330,222,29175,922,Brazil,Decile 2,Urban,2005
4.199999809265137,26,8608,BRA,330,222,29175,923,Brazil,Decile 3,Urban,2005
5.199999809265137,26,8608,BRA,330,222,29175,924,Brazil,Decile 4,Urban,2005
4.800000190734863,26,8608,BRA,330,222,29175,925,Brazil,Decile 5,Urban,2005
6.900000095367432,26,8608,BRA,330,222,29175,926,Brazil,Decile 6,Urban,2005
8.699999809265137,26,8608,BRA,330,222,29175,927,Brazil,Decile 7,Urban,2005
10.699999809265137,26,8608,BRA,330,222,29175,928,Brazil,Decile 8,Urban,2005
15.800000190734863,26,8608,BRA,330,222,29175,929,Brazil,Decile 9,Urban,2005
1.899999976158142,26,8608,BRA,327,222,29176,921,Brazil,Decile 1,National,2006
38.5,26,8608,BRA,327,222,29176,930,Brazil,Decile 10,National,2006
3.4000000953674316,26,8608,BRA,327,222,29176,922,Brazil,Decile 2,National,2006
4.300000190734863,26,8608,BRA,327,222,29176,923,Brazil,Decile 3,National,2006
5.199999809265137,26,8608,BRA,327,222,29176,924,Brazil,Decile 4,National,2006
6.300000190734863,26,8608,BRA,327,222,29176,925,Brazil,Decile 5,National,2006
6.099999904632568,26,8608,BRA,327,222,29176,926,Brazil,Decile 6,National,2006
8.199999809265137,26,8608,BRA,327,222,29176,927,Brazil,Decile 7,National,2006
10.300000190734863,26,8608,BRA,327,222,29176,928,Brazil,Decile 8,National,2006
15.800000190734863,26,8608,BRA,327,222,29176,929,Brazil,Decile 9,National,2006
2.5,26,8608,BRA,331,222,29176,921,Brazil,Decile 1,Rural,2006
30.200000762939453,26,8608,BRA,331,222,29176,930,Brazil,Decile 10,Rural,2006
4.599999904632568,26,8608,BRA,331,222,29176,922,Brazil,Decile 2,Rural,2006
5.5,26,8608,BRA,331,222,29176,923,Brazil,Decile 3,Rural,2006
6.5,26,8608,BRA,331,222,29176,924,Brazil,Decile 4,Rural,2006
7.5,26,8608,BRA,331,222,29176,925,Brazil,Decile 5,Rural,2006
9.100000381469727,26,8608,BRA,331,222,29176,926,Brazil,Decile 6,Rural,2006
10.800000190734863,26,8608,BRA,331,222,29176,927,Brazil,Decile 7,Rural,2006
9.300000190734863,26,8608,BRA,331,222,29176,928,Brazil,Decile 8,Rural,2006
14,26,8608,BRA,331,222,29176,929,Brazil,Decile 9,Rural,2006
2.0999999046325684,26,8608,BRA,330,222,29176,921,Brazil,Decile 1,Urban,2006
37.79999923706055,26,8608,BRA,330,222,29176,930,Brazil,Decile 10,Urban,2006
3.5,26,8608,BRA,330,222,29176,922,Brazil,Decile 2,Urban,2006
4.300000190734863,26,8608,BRA,330,222,29176,923,Brazil,Decile 3,Urban,2006
5.400000095367432,26,8608,BRA,330,222,29176,924,Brazil,Decile 4,Urban,2006
5.300000190734863,26,8608,BRA,330,222,29176,925,Brazil,Decile 5,Urban,2006
6.5,26,8608,BRA,330,222,29176,926,Brazil,Decile 6,Urban,2006
8.5,26,8608,BRA,330,222,29176,927,Brazil,Decile 7,Urban,2006
10.699999809265137,26,8608,BRA,330,222,29176,928,Brazil,Decile 8,Urban,2006
16,26,8608,BRA,330,222,29176,929,Brazil,Decile 9,Urban,2006
1.7999999523162842,26,8608,BRA,327,222,29177,921,Brazil,Decile 1,National,2007
37.70000076293945,26,8608,BRA,327,222,29177,930,Brazil,Decile 10,National,2007
3.4000000953674316,26,8608,BRA,327,222,29177,922,Brazil,Decile 2,National,2007
4.300000190734863,26,8608,BRA,327,222,29177,923,Brazil,Decile 3,National,2007
5.400000095367432,26,8608,BRA,327,222,29177,924,Brazil,Decile 4,National,2007
6.400000095367432,26,8608,BRA,327,222,29177,925,Brazil,Decile 5,National,2007
5.800000190734863,26,8608,BRA,327,222,29177,926,Brazil,Decile 6,National,2007
8.699999809265137,26,8608,BRA,327,222,29177,927,Brazil,Decile 7,National,2007
10.699999809265137,26,8608,BRA,327,222,29177,928,Brazil,Decile 8,National,2007
15.800000190734863,26,8608,BRA,327,222,29177,929,Brazil,Decile 9,National,2007
2.200000047683716,26,8608,BRA,331,222,29177,921,Brazil,Decile 1,Rural,2007
31.200000762939453,26,8608,BRA,331,222,29177,930,Brazil,Decile 10,Rural,2007
4.5,26,8608,BRA,331,222,29177,922,Brazil,Decile 2,Rural,2007
5.5,26,8608,BRA,331,222,29177,923,Brazil,Decile 3,Rural,2007
6.5,26,8608,BRA,331,222,29177,924,Brazil,Decile 4,Rural,2007
6.900000095367432,26,8608,BRA,331,222,29177,925,Brazil,Decile 5,Rural,2007
9.100000381469727,26,8608,BRA,331,222,29177,926,Brazil,Decile 6,Rural,2007
11,26,8608,BRA,331,222,29177,927,Brazil,Decile 7,Rural,2007
8.800000190734863,26,8608,BRA,331,222,29177,928,Brazil,Decile 8,Rural,2007
14.300000190734863,26,8608,BRA,331,222,29177,929,Brazil,Decile 9,Rural,2007
1.899999976158142,26,8608,BRA,330,222,29177,921,Brazil,Decile 1,Urban,2007
37,26,8608,BRA,330,222,29177,930,Brazil,Decile 10,Urban,2007
3.5999999046325684,26,8608,BRA,330,222,29177,922,Brazil,Decile 2,Urban,2007
4.300000190734863,26,8608,BRA,330,222,29177,923,Brazil,Decile 3,Urban,2007
5.400000095367432,26,8608,BRA,330,222,29177,924,Brazil,Decile 4,Urban,2007
5.199999809265137,26,8608,BRA,330,222,29177,925,Brazil,Decile 5,Urban,2007
7.099999904632568,26,8608,BRA,330,222,29177,926,Brazil,Decile 6,Urban,2007
8.699999809265137,26,8608,BRA,330,222,29177,927,Brazil,Decile 7,Urban,2007
10.699999809265137,26,8608,BRA,330,222,29177,928,Brazil,Decile 8,Urban,2007
16.100000381469727,26,8608,BRA,330,222,29177,929,Brazil,Decile 9,Urban,2007
1.899999976158142,26,8608,BRA,327,222,29178,921,Brazil,Decile 1,National,2008
37.20000076293945,26,8608,BRA,327,222,29178,930,Brazil,Decile 10,National,2008
3.5,26,8608,BRA,327,222,29178,922,Brazil,Decile 2,National,2008
4.300000190734863,26,8608,BRA,327,222,29178,923,Brazil,Decile 3,National,2008
5.599999904632568,26,8608,BRA,327,222,29178,924,Brazil,Decile 4,National,2008
5.599999904632568,26,8608,BRA,327,222,29178,925,Brazil,Decile 5,National,2008
6.5,26,8608,BRA,327,222,29178,926,Brazil,Decile 6,National,2008
8.899999618530273,26,8608,BRA,327,222,29178,927,Brazil,Decile 7,National,2008
10.699999809265137,26,8608,BRA,327,222,29178,928,Brazil,Decile 8,National,2008
15.800000190734863,26,8608,BRA,327,222,29178,929,Brazil,Decile 9,National,2008
2.299999952316284,26,8608,BRA,331,222,29178,921,Brazil,Decile 1,Rural,2008
28.799999237060547,26,8608,BRA,331,222,29178,930,Brazil,Decile 10,Rural,2008
4.400000095367432,26,8608,BRA,331,222,29178,922,Brazil,Decile 2,Rural,2008
5.599999904632568,26,8608,BRA,331,222,29178,923,Brazil,Decile 3,Rural,2008
6.800000190734863,26,8608,BRA,331,222,29178,924,Brazil,Decile 4,Rural,2008
7.5,26,8608,BRA,331,222,29178,925,Brazil,Decile 5,Rural,2008
9.199999809265137,26,8608,BRA,331,222,29178,926,Brazil,Decile 6,Rural,2008
11.600000381469727,26,8608,BRA,331,222,29178,927,Brazil,Decile 7,Rural,2008
9,26,8608,BRA,331,222,29178,928,Brazil,Decile 8,Rural,2008
14.699999809265137,26,8608,BRA,331,222,29178,929,Brazil,Decile 9,Rural,2008
2,26,8608,BRA,330,222,29178,921,Brazil,Decile 1,Urban,2008
36.900001525878906,26,8608,BRA,330,222,29178,930,Brazil,Decile 10,Urban,2008
3.5,26,8608,BRA,330,222,29178,922,Brazil,Decile 2,Urban,2008
4.5,26,8608,BRA,330,222,29178,923,Brazil,Decile 3,Urban,2008
5.400000095367432,26,8608,BRA,330,222,29178,924,Brazil,Decile 4,Urban,2008
5.199999809265137,26,8608,BRA,330,222,29178,925,Brazil,Decile 5,Urban,2008
7.300000190734863,26,8608,BRA,330,222,29178,926,Brazil,Decile 6,Urban,2008
8.699999809265137,26,8608,BRA,330,222,29178,927,Brazil,Decile 7,Urban,2008
10.699999809265137,26,8608,BRA,330,222,29178,928,Brazil,Decile 8,Urban,2008
15.800000190734863,26,8608,BRA,330,222,29178,929,Brazil,Decile 9,Urban,2008
1.7999999523162842,26,8608,BRA,327,222,29179,921,Brazil,Decile 1,National,2009
36.900001525878906,26,8608,BRA,327,222,29179,930,Brazil,Decile 10,National,2009
3.5,26,8608,BRA,327,222,29179,922,Brazil,Decile 2,National,2009
4.400000095367432,26,8608,BRA,327,222,29179,923,Brazil,Decile 3,National,2009
5.599999904632568,26,8608,BRA,327,222,29179,924,Brazil,Decile 4,National,2009
6.699999809265137,26,8608,BRA,327,222,29179,925,Brazil,Decile 5,National,2009
5.900000095367432,26,8608,BRA,327,222,29179,926,Brazil,Decile 6,National,2009
9,26,8608,BRA,327,222,29179,927,Brazil,Decile 7,National,2009
10.600000381469727,26,8608,BRA,327,222,29179,928,Brazil,Decile 8,National,2009
15.600000381469727,26,8608,BRA,327,222,29179,929,Brazil,Decile 9,National,2009
2.0999999046325684,26,8608,BRA,331,222,29179,921,Brazil,Decile 1,Rural,2009
28.200000762939453,26,8608,BRA,331,222,29179,930,Brazil,Decile 10,Rural,2009
4.400000095367432,26,8608,BRA,331,222,29179,922,Brazil,Decile 2,Rural,2009
5.599999904632568,26,8608,BRA,331,222,29179,923,Brazil,Decile 3,Rural,2009
6.699999809265137,26,8608,BRA,331,222,29179,924,Brazil,Decile 4,Rural,2009
7.800000190734863,26,8608,BRA,331,222,29179,925,Brazil,Decile 5,Rural,2009
9.600000381469727,26,8608,BRA,331,222,29179,926,Brazil,Decile 6,Rural,2009
11.600000381469727,26,8608,BRA,331,222,29179,927,Brazil,Decile 7,Rural,2009
9,26,8608,BRA,331,222,29179,928,Brazil,Decile 8,Rural,2009
14.899999618530273,26,8608,BRA,331,222,29179,929,Brazil,Decile 9,Rural,2009
2,26,8608,BRA,330,222,29179,921,Brazil,Decile 1,Urban,2009
36.400001525878906,26,8608,BRA,330,222,29179,930,Brazil,Decile 10,Urban,2009
3.5999999046325684,26,8608,BRA,330,222,29179,922,Brazil,Decile 2,Urban,2009
4.400000095367432,26,8608,BRA,330,222,29179,923,Brazil,Decile 3,Urban,2009
5.699999809265137,26,8608,BRA,330,222,29179,924,Brazil,Decile 4,Urban,2009
5.300000190734863,26,8608,BRA,330,222,29179,925,Brazil,Decile 5,Urban,2009
7.199999809265137,26,8608,BRA,330,222,29179,926,Brazil,Decile 6,Urban,2009
9,26,8608,BRA,330,222,29179,927,Brazil,Decile 7,Urban,2009
10.5,26,8608,BRA,330,222,29179,928,Brazil,Decile 8,Urban,2009
15.899999618530273,26,8608,BRA,330,222,29179,929,Brazil,Decile 9,Urban,2009
1.7999999523162842,26,8608,BRA,327,222,29181,921,Brazil,Decile 1,National,2011
36.79999923706055,26,8608,BRA,327,222,29181,930,Brazil,Decile 10,National,2011
3.700000047683716,26,8608,BRA,327,222,29181,922,Brazil,Decile 2,National,2011
4.5,26,8608,BRA,327,222,29181,923,Brazil,Decile 3,National,2011
5.800000190734863,26,8608,BRA,327,222,29181,924,Brazil,Decile 4,National,2011
5.400000095367432,26,8608,BRA,327,222,29181,925,Brazil,Decile 5,National,2011
7.400000095367432,26,8608,BRA,327,222,29181,926,Brazil,Decile 6,National,2011
8.800000190734863,26,8608,BRA,327,222,29181,927,Brazil,Decile 7,National,2011
10.699999809265137,26,8608,BRA,327,222,29181,928,Brazil,Decile 8,National,2011
15.300000190734863,26,8608,BRA,327,222,29181,929,Brazil,Decile 9,National,2011
2,26,8608,BRA,331,222,29181,921,Brazil,Decile 1,Rural,2011
29.600000381469727,26,8608,BRA,331,222,29181,930,Brazil,Decile 10,Rural,2011
4.199999809265137,26,8608,BRA,331,222,29181,922,Brazil,Decile 2,Rural,2011
5.599999904632568,26,8608,BRA,331,222,29181,923,Brazil,Decile 3,Rural,2011
6.699999809265137,26,8608,BRA,331,222,29181,924,Brazil,Decile 4,Rural,2011
7.5,26,8608,BRA,331,222,29181,925,Brazil,Decile 5,Rural,2011
9.399999618530273,26,8608,BRA,331,222,29181,926,Brazil,Decile 6,Rural,2011
10.800000190734863,26,8608,BRA,331,222,29181,927,Brazil,Decile 7,Rural,2011
9.199999809265137,26,8608,BRA,331,222,29181,928,Brazil,Decile 8,Rural,2011
15,26,8608,BRA,331,222,29181,929,Brazil,Decile 9,Rural,2011
1.899999976158142,26,8608,BRA,330,222,29181,921,Brazil,Decile 1,Urban,2011
36.20000076293945,26,8608,BRA,330,222,29181,930,Brazil,Decile 10,Urban,2011
3.700000047683716,26,8608,BRA,330,222,29181,922,Brazil,Decile 2,Urban,2011
4.5,26,8608,BRA,330,222,29181,923,Brazil,Decile 3,Urban,2011
5.800000190734863,26,8608,BRA,330,222,29181,924,Brazil,Decile 4,Urban,2011
5.300000190734863,26,8608,BRA,330,222,29181,925,Brazil,Decile 5,Urban,2011
7.400000095367432,26,8608,BRA,330,222,29181,926,Brazil,Decile 6,Urban,2011
8.899999618530273,26,8608,BRA,330,222,29181,927,Brazil,Decile 7,Urban,2011
10.5,26,8608,BRA,330,222,29181,928,Brazil,Decile 8,Urban,2011
15.699999809265137,26,8608,BRA,330,222,29181,929,Brazil,Decile 9,Urban,2011
1.7999999523162842,26,8608,BRA,327,222,29182,921,Brazil,Decile 1,National,2012
35.900001525878906,26,8608,BRA,327,222,29182,930,Brazil,Decile 10,National,2012
3.700000047683716,26,8608,BRA,327,222,29182,922,Brazil,Decile 2,National,2012
4.599999904632568,26,8608,BRA,327,222,29182,923,Brazil,Decile 3,National,2012
5.900000095367432,26,8608,BRA,327,222,29182,924,Brazil,Decile 4,National,2012
5.5,26,8608,BRA,327,222,29182,925,Brazil,Decile 5,National,2012
7.300000190734863,26,8608,BRA,327,222,29182,926,Brazil,Decile 6,National,2012
9,26,8608,BRA,327,222,29182,927,Brazil,Decile 7,National,2012
10.5,26,8608,BRA,327,222,29182,928,Brazil,Decile 8,National,2012
15.899999618530273,26,8608,BRA,327,222,29182,929,Brazil,Decile 9,National,2012
1.899999976158142,26,8608,BRA,331,222,29182,921,Brazil,Decile 1,Rural,2012
29.100000381469727,26,8608,BRA,331,222,29182,930,Brazil,Decile 10,Rural,2012
4.099999904632568,26,8608,BRA,331,222,29182,922,Brazil,Decile 2,Rural,2012
5.400000095367432,26,8608,BRA,331,222,29182,923,Brazil,Decile 3,Rural,2012
6.900000095367432,26,8608,BRA,331,222,29182,924,Brazil,Decile 4,Rural,2012
7.5,26,8608,BRA,331,222,29182,925,Brazil,Decile 5,Rural,2012
9.699999809265137,26,8608,BRA,331,222,29182,926,Brazil,Decile 6,Rural,2012
10.199999809265137,26,8608,BRA,331,222,29182,927,Brazil,Decile 7,Rural,2012
10.199999809265137,26,8608,BRA,331,222,29182,928,Brazil,Decile 8,Rural,2012
15,26,8608,BRA,331,222,29182,929,Brazil,Decile 9,Rural,2012
2,26,8608,BRA,330,222,29182,921,Brazil,Decile 1,Urban,2012
36,26,8608,BRA,330,222,29182,930,Brazil,Decile 10,Urban,2012
3.700000047683716,26,8608,BRA,330,222,29182,922,Brazil,Decile 2,Urban,2012
4.699999809265137,26,8608,BRA,330,222,29182,923,Brazil,Decile 3,Urban,2012
5.900000095367432,26,8608,BRA,330,222,29182,924,Brazil,Decile 4,Urban,2012
5.199999809265137,26,8608,BRA,330,222,29182,925,Brazil,Decile 5,Urban,2012
7.400000095367432,26,8608,BRA,330,222,29182,926,Brazil,Decile 6,Urban,2012
9.100000381469727,26,8608,BRA,330,222,29182,927,Brazil,Decile 7,Urban,2012
10.699999809265137,26,8608,BRA,330,222,29182,928,Brazil,Decile 8,Urban,2012
15.300000190734863,26,8608,BRA,330,222,29182,929,Brazil,Decile 9,Urban,2012
1.7000000476837158,26,8608,BRA,327,222,29183,921,Brazil,Decile 1,National,2013
36.400001525878906,26,8608,BRA,327,222,29183,930,Brazil,Decile 10,National,2013
3.700000047683716,26,8608,BRA,327,222,29183,922,Brazil,Decile 2,National,2013
4.599999904632568,26,8608,BRA,327,222,29183,923,Brazil,Decile 3,National,2013
6,26,8608,BRA,327,222,29183,924,Brazil,Decile 4,National,2013
6.900000095367432,26,8608,BRA,327,222,29183,925,Brazil,Decile 5,National,2013
5.800000190734863,26,8608,BRA,327,222,29183,926,Brazil,Decile 6,National,2013
9,26,8608,BRA,327,222,29183,927,Brazil,Decile 7,National,2013
10.699999809265137,26,8608,BRA,327,222,29183,928,Brazil,Decile 8,National,2013
15.100000381469727,26,8608,BRA,327,222,29183,929,Brazil,Decile 9,National,2013
1.7999999523162842,26,8608,BRA,331,222,29183,921,Brazil,Decile 1,Rural,2013
30.200000762939453,26,8608,BRA,331,222,29183,930,Brazil,Decile 10,Rural,2013
4,26,8608,BRA,331,222,29183,922,Brazil,Decile 2,Rural,2013
5.400000095367432,26,8608,BRA,331,222,29183,923,Brazil,Decile 3,Rural,2013
6.900000095367432,26,8608,BRA,331,222,29183,924,Brazil,Decile 4,Rural,2013
7.099999904632568,26,8608,BRA,331,222,29183,925,Brazil,Decile 5,Rural,2013
9.600000381469727,26,8608,BRA,331,222,29183,926,Brazil,Decile 6,Rural,2013
7.900000095367432,26,8608,BRA,331,222,29183,927,Brazil,Decile 7,Rural,2013
12.199999809265137,26,8608,BRA,331,222,29183,928,Brazil,Decile 8,Rural,2013
14.899999618530273,26,8608,BRA,331,222,29183,929,Brazil,Decile 9,Rural,2013
1.899999976158142,26,8608,BRA,330,222,29183,921,Brazil,Decile 1,Urban,2013
35.79999923706055,26,8608,BRA,330,222,29183,930,Brazil,Decile 10,Urban,2013
3.5999999046325684,26,8608,BRA,330,222,29183,922,Brazil,Decile 2,Urban,2013
4.800000190734863,26,8608,BRA,330,222,29183,923,Brazil,Decile 3,Urban,2013
5.800000190734863,26,8608,BRA,330,222,29183,924,Brazil,Decile 4,Urban,2013
5.599999904632568,26,8608,BRA,330,222,29183,925,Brazil,Decile 5,Urban,2013
7.400000095367432,26,8608,BRA,330,222,29183,926,Brazil,Decile 6,Urban,2013
8.899999618530273,26,8608,BRA,330,222,29183,927,Brazil,Decile 7,Urban,2013
10.899999618530273,26,8608,BRA,330,222,29183,928,Brazil,Decile 8,Urban,2013
15.300000190734863,26,8608,BRA,330,222,29183,929,Brazil,Decile 9,Urban,2013
2,26,8608,BRA,327,222,29184,921,Brazil,Decile 1,National,2014
35.599998474121094,26,8608,BRA,327,222,29184,930,Brazil,Decile 10,National,2014
3.700000047683716,26,8608,BRA,327,222,29184,922,Brazil,Decile 2,National,2014
4.599999904632568,26,8608,BRA,327,222,29184,923,Brazil,Decile 3,National,2014
6.300000190734863,26,8608,BRA,327,222,29184,924,Brazil,Decile 4,National,2014
5.5,26,8608,BRA,327,222,29184,925,Brazil,Decile 5,National,2014
7.199999809265137,26,8608,BRA,327,222,29184,926,Brazil,Decile 6,National,2014
9,26,8608,BRA,327,222,29184,927,Brazil,Decile 7,National,2014
10.300000190734863,26,8608,BRA,327,222,29184,928,Brazil,Decile 8,National,2014
15.699999809265137,26,8608,BRA,327,222,29184,929,Brazil,Decile 9,National,2014
2.200000047683716,26,8608,BRA,331,222,29184,921,Brazil,Decile 1,Rural,2014
27.299999237060547,26,8608,BRA,331,222,29184,930,Brazil,Decile 10,Rural,2014
4.300000190734863,26,8608,BRA,331,222,29184,922,Brazil,Decile 2,Rural,2014
5.5,26,8608,BRA,331,222,29184,923,Brazil,Decile 3,Rural,2014
6.599999904632568,26,8608,BRA,331,222,29184,924,Brazil,Decile 4,Rural,2014
9,26,8608,BRA,331,222,29184,925,Brazil,Decile 5,Rural,2014
9.5,26,8608,BRA,331,222,29184,926,Brazil,Decile 6,Rural,2014
10.899999618530273,26,8608,BRA,331,222,29184,927,Brazil,Decile 7,Rural,2014
9.199999809265137,26,8608,BRA,331,222,29184,928,Brazil,Decile 8,Rural,2014
15.399999618530273,26,8608,BRA,331,222,29184,929,Brazil,Decile 9,Rural,2014
2.200000047683716,26,8608,BRA,330,222,29184,921,Brazil,Decile 1,Urban,2014
35.5,26,8608,BRA,330,222,29184,930,Brazil,Decile 10,Urban,2014
3.700000047683716,26,8608,BRA,330,222,29184,922,Brazil,Decile 2,Urban,2014
4.900000095367432,26,8608,BRA,330,222,29184,923,Brazil,Decile 3,Urban,2014
6,26,8608,BRA,330,222,29184,924,Brazil,Decile 4,Urban,2014
5.199999809265137,26,8608,BRA,330,222,29184,925,Brazil,Decile 5,Urban,2014
7.599999904632568,26,8608,BRA,330,222,29184,926,Brazil,Decile 6,Urban,2014
9,26,8608,BRA,330,222,29184,927,Brazil,Decile 7,Urban,2014
10.600000381469727,26,8608,BRA,330,222,29184,928,Brazil,Decile 8,Urban,2014
15.300000190734863,26,8608,BRA,330,222,29184,929,Brazil,Decile 9,Urban,2014
2,26,8608,BRA,327,222,29185,921,Brazil,Decile 1,National,2015
35.400001525878906,26,8608,BRA,327,222,29185,930,Brazil,Decile 10,National,2015
3.799999952316284,26,8608,BRA,327,222,29185,922,Brazil,Decile 2,National,2015
4.599999904632568,26,8608,BRA,327,222,29185,923,Brazil,Decile 3,National,2015
6.199999809265137,26,8608,BRA,327,222,29185,924,Brazil,Decile 4,National,2015
5.599999904632568,26,8608,BRA,327,222,29185,925,Brazil,Decile 5,National,2015
7.099999904632568,26,8608,BRA,327,222,29185,926,Brazil,Decile 6,National,2015
9.300000190734863,26,8608,BRA,327,222,29185,927,Brazil,Decile 7,National,2015
11.199999809265137,26,8608,BRA,327,222,29185,928,Brazil,Decile 8,National,2015
14.699999809265137,26,8608,BRA,327,222,29185,929,Brazil,Decile 9,National,2015
2.299999952316284,26,8608,BRA,331,222,29185,921,Brazil,Decile 1,Rural,2015
27,26,8608,BRA,331,222,29185,930,Brazil,Decile 10,Rural,2015
4.199999809265137,26,8608,BRA,331,222,29185,922,Brazil,Decile 2,Rural,2015
5.800000190734863,26,8608,BRA,331,222,29185,923,Brazil,Decile 3,Rural,2015
6.400000095367432,26,8608,BRA,331,222,29185,924,Brazil,Decile 4,Rural,2015
8.399999618530273,26,8608,BRA,331,222,29185,925,Brazil,Decile 5,Rural,2015
10.800000190734863,26,8608,BRA,331,222,29185,926,Brazil,Decile 6,Rural,2015
7.5,26,8608,BRA,331,222,29185,927,Brazil,Decile 7,Rural,2015
12.600000381469727,26,8608,BRA,331,222,29185,928,Brazil,Decile 8,Rural,2015
15,26,8608,BRA,331,222,29185,929,Brazil,Decile 9,Rural,2015
2.200000047683716,26,8608,BRA,330,222,29185,921,Brazil,Decile 1,Urban,2015
35.099998474121094,26,8608,BRA,330,222,29185,930,Brazil,Decile 10,Urban,2015
3.700000047683716,26,8608,BRA,330,222,29185,922,Brazil,Decile 2,Urban,2015
4.900000095367432,26,8608,BRA,330,222,29185,923,Brazil,Decile 3,Urban,2015
5.900000095367432,26,8608,BRA,330,222,29185,924,Brazil,Decile 4,Urban,2015
5.300000190734863,26,8608,BRA,330,222,29185,925,Brazil,Decile 5,Urban,2015
7.699999809265137,26,8608,BRA,330,222,29185,926,Brazil,Decile 6,Urban,2015
9.199999809265137,26,8608,BRA,330,222,29185,927,Brazil,Decile 7,Urban,2015
10.5,26,8608,BRA,330,222,29185,928,Brazil,Decile 8,Urban,2015
15.399999618530273,26,8608,BRA,330,222,29185,929,Brazil,Decile 9,Urban,2015
1.7000000476837158,26,8609,BRA,327,222,29186,921,Brazil,Decile 1,National,2016
36.900001525878906,26,8609,BRA,327,222,29186,930,Brazil,Decile 10,National,2016
3.5,26,8609,BRA,327,222,29186,922,Brazil,Decile 2,National,2016
4.099999904632568,26,8609,BRA,327,222,29186,923,Brazil,Decile 3,National,2016
6,26,8609,BRA,327,222,29186,924,Brazil,Decile 4,National,2016
6.699999809265137,26,8609,BRA,327,222,29186,925,Brazil,Decile 5,National,2016
6,26,8609,BRA,327,222,29186,926,Brazil,Decile 6,National,2016
8.600000381469727,26,8609,BRA,327,222,29186,927,Brazil,Decile 7,National,2016
11.100000381469727,26,8609,BRA,327,222,29186,928,Brazil,Decile 8,National,2016
15.300000190734863,26,8609,BRA,327,222,29186,929,Brazil,Decile 9,National,2016
1.7999999523162842,26,8609,BRA,331,222,29186,921,Brazil,Decile 1,Rural,2016
29.600000381469727,26,8609,BRA,331,222,29186,930,Brazil,Decile 10,Rural,2016
3.9000000953674316,26,8609,BRA,331,222,29186,922,Brazil,Decile 2,Rural,2016
5.400000095367432,26,8609,BRA,331,222,29186,923,Brazil,Decile 3,Rural,2016
6.599999904632568,26,8609,BRA,331,222,29186,924,Brazil,Decile 4,Rural,2016
7.599999904632568,26,8609,BRA,331,222,29186,925,Brazil,Decile 5,Rural,2016
9.399999618530273,26,8609,BRA,331,222,29186,926,Brazil,Decile 6,Rural,2016
11.899999618530273,26,8609,BRA,331,222,29186,927,Brazil,Decile 7,Rural,2016
9,26,8609,BRA,331,222,29186,928,Brazil,Decile 8,Rural,2016
15,26,8609,BRA,331,222,29186,929,Brazil,Decile 9,Rural,2016
1.899999976158142,26,8609,BRA,330,222,29186,921,Brazil,Decile 1,Urban,2016
37.099998474121094,26,8609,BRA,330,222,29186,930,Brazil,Decile 10,Urban,2016
3.5999999046325684,26,8609,BRA,330,222,29186,922,Brazil,Decile 2,Urban,2016
4.5,26,8609,BRA,330,222,29186,923,Brazil,Decile 3,Urban,2016
5.800000190734863,26,8609,BRA,330,222,29186,924,Brazil,Decile 4,Urban,2016
5.800000190734863,26,8609,BRA,330,222,29186,925,Brazil,Decile 5,Urban,2016
6.699999809265137,26,8609,BRA,330,222,29186,926,Brazil,Decile 6,Urban,2016
8.899999618530273,26,8609,BRA,330,222,29186,927,Brazil,Decile 7,Urban,2016
10.600000381469727,26,8609,BRA,330,222,29186,928,Brazil,Decile 8,Urban,2016
15.199999809265137,26,8609,BRA,330,222,29186,929,Brazil,Decile 9,Urban,2016
1.5,26,8609,BRA,327,222,29187,921,Brazil,Decile 1,National,2017
37.20000076293945,26,8609,BRA,327,222,29187,930,Brazil,Decile 10,National,2017
3.5,26,8609,BRA,327,222,29187,922,Brazil,Decile 2,National,2017
4.300000190734863,26,8609,BRA,327,222,29187,923,Brazil,Decile 3,National,2017
5.699999809265137,26,8609,BRA,327,222,29187,924,Brazil,Decile 4,National,2017
6.900000095367432,26,8609,BRA,327,222,29187,925,Brazil,Decile 5,National,2017
6.400000095367432,26,8609,BRA,327,222,29187,926,Brazil,Decile 6,National,2017
8.399999618530273,26,8609,BRA,327,222,29187,927,Brazil,Decile 7,National,2017
11.199999809265137,26,8609,BRA,327,222,29187,928,Brazil,Decile 8,National,2017
14.899999618530273,26,8609,BRA,327,222,29187,929,Brazil,Decile 9,National,2017
1.600000023841858,26,8609,BRA,331,222,29187,921,Brazil,Decile 1,Rural,2017
29.100000381469727,26,8609,BRA,331,222,29187,930,Brazil,Decile 10,Rural,2017
3.5,26,8609,BRA,331,222,29187,922,Brazil,Decile 2,Rural,2017
5.199999809265137,26,8609,BRA,331,222,29187,923,Brazil,Decile 3,Rural,2017
6.599999904632568,26,8609,BRA,331,222,29187,924,Brazil,Decile 4,Rural,2017
7.699999809265137,26,8609,BRA,331,222,29187,925,Brazil,Decile 5,Rural,2017
9.699999809265137,26,8609,BRA,331,222,29187,926,Brazil,Decile 6,Rural,2017
12.100000381469727,26,8609,BRA,331,222,29187,927,Brazil,Decile 7,Rural,2017
9.199999809265137,26,8609,BRA,331,222,29187,928,Brazil,Decile 8,Rural,2017
15.300000190734863,26,8609,BRA,331,222,29187,929,Brazil,Decile 9,Rural,2017
1.7000000476837158,26,8609,BRA,330,222,29187,921,Brazil,Decile 1,Urban,2017
36.900001525878906,26,8609,BRA,330,222,29187,930,Brazil,Decile 10,Urban,2017
3.5999999046325684,26,8609,BRA,330,222,29187,922,Brazil,Decile 2,Urban,2017
4.400000095367432,26,8609,BRA,330,222,29187,923,Brazil,Decile 3,Urban,2017
5.800000190734863,26,8609,BRA,330,222,29187,924,Brazil,Decile 4,Urban,2017
6.300000190734863,26,8609,BRA,330,222,29187,925,Brazil,Decile 5,Urban,2017
6.199999809265137,26,8609,BRA,330,222,29187,926,Brazil,Decile 6,Urban,2017
9,26,8609,BRA,330,222,29187,927,Brazil,Decile 7,Urban,2017
10.699999809265137,26,8609,BRA,330,222,29187,928,Brazil,Decile 8,Urban,2017
15.300000190734863,26,8609,BRA,330,222,29187,929,Brazil,Decile 9,Urban,2017
1.5,26,8609,BRA,327,222,29188,921,Brazil,Decile 1,National,2018
37.900001525878906,26,8609,BRA,327,222,29188,930,Brazil,Decile 10,National,2018
3.4000000953674316,26,8609,BRA,327,222,29188,922,Brazil,Decile 2,National,2018
4.199999809265137,26,8609,BRA,327,222,29188,923,Brazil,Decile 3,National,2018
5.699999809265137,26,8609,BRA,327,222,29188,924,Brazil,Decile 4,National,2018
6.699999809265137,26,8609,BRA,327,222,29188,925,Brazil,Decile 5,National,2018
5.800000190734863,26,8609,BRA,327,222,29188,926,Brazil,Decile 6,National,2018
8.899999618530273,26,8609,BRA,327,222,29188,927,Brazil,Decile 7,National,2018
10.899999618530273,26,8609,BRA,327,222,29188,928,Brazil,Decile 8,National,2018
15.100000381469727,26,8609,BRA,327,222,29188,929,Brazil,Decile 9,National,2018
1.399999976158142,26,8609,BRA,331,222,29188,921,Brazil,Decile 1,Rural,2018
30.299999237060547,26,8609,BRA,331,222,29188,930,Brazil,Decile 10,Rural,2018
3.4000000953674316,26,8609,BRA,331,222,29188,922,Brazil,Decile 2,Rural,2018
5.300000190734863,26,8609,BRA,331,222,29188,923,Brazil,Decile 3,Rural,2018
6.400000095367432,26,8609,BRA,331,222,29188,924,Brazil,Decile 4,Rural,2018
7.5,26,8609,BRA,331,222,29188,925,Brazil,Decile 5,Rural,2018
9.5,26,8609,BRA,331,222,29188,926,Brazil,Decile 6,Rural,2018
12.100000381469727,26,8609,BRA,331,222,29188,927,Brazil,Decile 7,Rural,2018
9.5,26,8609,BRA,331,222,29188,928,Brazil,Decile 8,Rural,2018
14.600000381469727,26,8609,BRA,331,222,29188,929,Brazil,Decile 9,Rural,2018
1.7000000476837158,26,8609,BRA,330,222,29188,921,Brazil,Decile 1,Urban,2018
37.599998474121094,26,8609,BRA,330,222,29188,930,Brazil,Decile 10,Urban,2018
3.5,26,8609,BRA,330,222,29188,922,Brazil,Decile 2,Urban,2018
4.300000190734863,26,8609,BRA,330,222,29188,923,Brazil,Decile 3,Urban,2018
5.800000190734863,26,8609,BRA,330,222,29188,924,Brazil,Decile 4,Urban,2018
5.900000095367432,26,8609,BRA,330,222,29188,925,Brazil,Decile 5,Urban,2018
6.599999904632568,26,8609,BRA,330,222,29188,926,Brazil,Decile 6,Urban,2018
8.699999809265137,26,8609,BRA,330,222,29188,927,Brazil,Decile 7,Urban,2018
11.199999809265137,26,8609,BRA,330,222,29188,928,Brazil,Decile 8,Urban,2018
14.800000190734863,26,8609,BRA,330,222,29188,929,Brazil,Decile 9,Urban,2018
1.399999976158142,26,8609,BRA,327,222,29189,921,Brazil,Decile 1,National,2019
37.79999923706055,26,8609,BRA,327,222,29189,930,Brazil,Decile 10,National,2019
3.4000000953674316,26,8609,BRA,327,222,29189,922,Brazil,Decile 2,National,2019
4.199999809265137,26,8609,BRA,327,222,29189,923,Brazil,Decile 3,National,2019
5.699999809265137,26,8609,BRA,327,222,29189,924,Brazil,Decile 4,National,2019
6.300000190734863,26,8609,BRA,327,222,29189,925,Brazil,Decile 5,National,2019
6.400000095367432,26,8609,BRA,327,222,29189,926,Brazil,Decile 6,National,2019
8.899999618530273,26,8609,BRA,327,222,29189,927,Brazil,Decile 7,National,2019
10.899999618530273,26,8609,BRA,327,222,29189,928,Brazil,Decile 8,National,2019
15.100000381469727,26,8609,BRA,327,222,29189,929,Brazil,Decile 9,National,2019
1.399999976158142,26,8609,BRA,331,222,29189,921,Brazil,Decile 1,Rural,2019
29.299999237060547,26,8609,BRA,331,222,29189,930,Brazil,Decile 10,Rural,2019
3.4000000953674316,26,8609,BRA,331,222,29189,922,Brazil,Decile 2,Rural,2019
5.199999809265137,26,8609,BRA,331,222,29189,923,Brazil,Decile 3,Rural,2019
6.400000095367432,26,8609,BRA,331,222,29189,924,Brazil,Decile 4,Rural,2019
7.800000190734863,26,8609,BRA,331,222,29189,925,Brazil,Decile 5,Rural,2019
9.899999618530273,26,8609,BRA,331,222,29189,926,Brazil,Decile 6,Rural,2019
12.300000190734863,26,8609,BRA,331,222,29189,927,Brazil,Decile 7,Rural,2019
8.899999618530273,26,8609,BRA,331,222,29189,928,Brazil,Decile 8,Rural,2019
15.300000190734863,26,8609,BRA,331,222,29189,929,Brazil,Decile 9,Rural,2019
1.600000023841858,26,8609,BRA,330,222,29189,921,Brazil,Decile 1,Urban,2019
37.099998474121094,26,8609,BRA,330,222,29189,930,Brazil,Decile 10,Urban,2019
3.5,26,8609,BRA,330,222,29189,922,Brazil,Decile 2,Urban,2019
4.300000190734863,26,8609,BRA,330,222,29189,923,Brazil,Decile 3,Urban,2019
5.800000190734863,26,8609,BRA,330,222,29189,924,Brazil,Decile 4,Urban,2019
5.300000190734863,26,8609,BRA,330,222,29189,925,Brazil,Decile 5,Urban,2019
7.300000190734863,26,8609,BRA,330,222,29189,926,Brazil,Decile 6,Urban,2019
8.699999809265137,26,8609,BRA,330,222,29189,927,Brazil,Decile 7,Urban,2019
10.800000190734863,26,8609,BRA,330,222,29189,928,Brazil,Decile 8,Urban,2019
15.699999809265137,26,8609,BRA,330,222,29189,929,Brazil,Decile 9,Urban,2019
1.7000000476837158,26,8609,BRA,327,222,29190,921,Brazil,Decile 1,National,2020
36.79999923706055,26,8609,BRA,327,222,29190,930,Brazil,Decile 10,National,2020
3.799999952316284,26,8609,BRA,327,222,29190,922,Brazil,Decile 2,National,2020
4.599999904632568,26,8609,BRA,327,222,29190,923,Brazil,Decile 3,National,2020
5.800000190734863,26,8609,BRA,327,222,29190,924,Brazil,Decile 4,National,2020
6.800000190734863,26,8609,BRA,327,222,29190,925,Brazil,Decile 5,National,2020
6.199999809265137,26,8609,BRA,327,222,29190,926,Brazil,Decile 6,National,2020
9,26,8609,BRA,327,222,29190,927,Brazil,Decile 7,National,2020
10.899999618530273,26,8609,BRA,327,222,29190,928,Brazil,Decile 8,National,2020
14.5,26,8609,BRA,327,222,29190,929,Brazil,Decile 9,National,2020
1.600000023841858,26,8609,BRA,331,222,29190,921,Brazil,Decile 1,Rural,2020
26.200000762939453,26,8609,BRA,331,222,29190,930,Brazil,Decile 10,Rural,2020
4.599999904632568,26,8609,BRA,331,222,29190,922,Brazil,Decile 2,Rural,2020
6,26,8609,BRA,331,222,29190,923,Brazil,Decile 3,Rural,2020
7.5,26,8609,BRA,331,222,29190,924,Brazil,Decile 4,Rural,2020
7.900000095367432,26,8609,BRA,331,222,29190,925,Brazil,Decile 5,Rural,2020
10.5,26,8609,BRA,331,222,29190,926,Brazil,Decile 6,Rural,2020
11.399999618530273,26,8609,BRA,331,222,29190,927,Brazil,Decile 7,Rural,2020
9.399999618530273,26,8609,BRA,331,222,29190,928,Brazil,Decile 8,Rural,2020
14.899999618530273,26,8609,BRA,331,222,29190,929,Brazil,Decile 9,Rural,2020
1.7999999523162842,26,8609,BRA,330,222,29190,921,Brazil,Decile 1,Urban,2020
36.29999923706055,26,8609,BRA,330,222,29190,930,Brazil,Decile 10,Urban,2020
3.9000000953674316,26,8609,BRA,330,222,29190,922,Brazil,Decile 2,Urban,2020
4.400000095367432,26,8609,BRA,330,222,29190,923,Brazil,Decile 3,Urban,2020
5.900000095367432,26,8609,BRA,330,222,29190,924,Brazil,Decile 4,Urban,2020
6.599999904632568,26,8609,BRA,330,222,29190,925,Brazil,Decile 5,Urban,2020
6.199999809265137,26,8609,BRA,330,222,29190,926,Brazil,Decile 6,Urban,2020
8.899999618530273,26,8609,BRA,330,222,29190,927,Brazil,Decile 7,Urban,2020
10.800000190734863,26,8609,BRA,330,222,29190,928,Brazil,Decile 8,Urban,2020
15.100000381469727,26,8609,BRA,330,222,29190,929,Brazil,Decile 9,Urban,2020
1.2000000476837158,26,8609,BRA,327,222,29191,921,Brazil,Decile 1,National,2021
37.400001525878906,26,8609,BRA,327,222,29191,930,Brazil,Decile 10,National,2021
3.4000000953674316,26,8609,BRA,327,222,29191,922,Brazil,Decile 2,National,2021
4.300000190734863,26,8609,BRA,327,222,29191,923,Brazil,Decile 3,National,2021
5.5,26,8609,BRA,327,222,29191,924,Brazil,Decile 4,National,2021
7,26,8609,BRA,327,222,29191,925,Brazil,Decile 5,National,2021
6.099999904632568,26,8609,BRA,327,222,29191,926,Brazil,Decile 6,National,2021
9.199999809265137,26,8609,BRA,327,222,29191,927,Brazil,Decile 7,National,2021
11.600000381469727,26,8609,BRA,327,222,29191,928,Brazil,Decile 8,National,2021
14.399999618530273,26,8609,BRA,327,222,29191,929,Brazil,Decile 9,National,2021
1.399999976158142,26,8609,BRA,331,222,29191,921,Brazil,Decile 1,Rural,2021
29.299999237060547,26,8609,BRA,331,222,29191,930,Brazil,Decile 10,Rural,2021
3.200000047683716,26,8609,BRA,331,222,29191,922,Brazil,Decile 2,Rural,2021
5.099999904632568,26,8609,BRA,331,222,29191,923,Brazil,Decile 3,Rural,2021
6.599999904632568,26,8609,BRA,331,222,29191,924,Brazil,Decile 4,Rural,2021
7.599999904632568,26,8609,BRA,331,222,29191,925,Brazil,Decile 5,Rural,2021
10,26,8609,BRA,331,222,29191,926,Brazil,Decile 6,Rural,2021
11.399999618530273,26,8609,BRA,331,222,29191,927,Brazil,Decile 7,Rural,2021
11.600000381469727,26,8609,BRA,331,222,29191,928,Brazil,Decile 8,Rural,2021
13.800000190734863,26,8609,BRA,331,222,29191,929,Brazil,Decile 9,Rural,2021
1.2999999523162842,26,8609,BRA,330,222,29191,921,Brazil,Decile 1,Urban,2021
37.099998474121094,26,8609,BRA,330,222,29191,930,Brazil,Decile 10,Urban,2021
3.5,26,8609,BRA,330,222,29191,922,Brazil,Decile 2,Urban,2021
4.300000190734863,26,8609,BRA,330,222,29191,923,Brazil,Decile 3,Urban,2021
5.699999809265137,26,8609,BRA,330,222,29191,924,Brazil,Decile 4,Urban,2021
6.699999809265137,26,8609,BRA,330,222,29191,925,Brazil,Decile 5,Urban,2021
6.099999904632568,26,8609,BRA,330,222,29191,926,Brazil,Decile 6,Urban,2021
9,26,8609,BRA,330,222,29191,927,Brazil,Decile 7,Urban,2021
11,26,8609,BRA,330,222,29191,928,Brazil,Decile 8,Urban,2021
15.399999618530273,26,8609,BRA,330,222,29191,929,Brazil,Decile 9,Urban,2021
1.7000000476837158,26,8609,BRA,327,222,29192,921,Brazil,Decile 1,National,2022
35.5,26,8609,BRA,327,222,29192,930,Brazil,Decile 10,National,2022
3.700000047683716,26,8609,BRA,327,222,29192,922,Brazil,Decile 2,National,2022
4.5,26,8609,BRA,327,222,29192,923,Brazil,Decile 3,National,2022
6.099999904632568,26,8609,BRA,327,222,29192,924,Brazil,Decile 4,National,2022
6.900000095367432,26,8609,BRA,327,222,29192,925,Brazil,Decile 5,National,2022
6.099999904632568,26,8609,BRA,327,222,29192,926,Brazil,Decile 6,National,2022
8.899999618530273,26,8609,BRA,327,222,29192,927,Brazil,Decile 7,National,2022
11.300000190734863,26,8609,BRA,327,222,29192,928,Brazil,Decile 8,National,2022
15.199999809265137,26,8609,BRA,327,222,29192,929,Brazil,Decile 9,National,2022
1.899999976158142,26,8609,BRA,331,222,29192,921,Brazil,Decile 1,Rural,2022
30.100000381469727,26,8609,BRA,331,222,29192,930,Brazil,Decile 10,Rural,2022
4,26,8609,BRA,331,222,29192,922,Brazil,Decile 2,Rural,2022
5.400000095367432,26,8609,BRA,331,222,29192,923,Brazil,Decile 3,Rural,2022
6.599999904632568,26,8609,BRA,331,222,29192,924,Brazil,Decile 4,Rural,2022
7.900000095367432,26,8609,BRA,331,222,29192,925,Brazil,Decile 5,Rural,2022
10,26,8609,BRA,331,222,29192,926,Brazil,Decile 6,Rural,2022
10.800000190734863,26,8609,BRA,331,222,29192,927,Brazil,Decile 7,Rural,2022
8.5,26,8609,BRA,331,222,29192,928,Brazil,Decile 8,Rural,2022
14.800000190734863,26,8609,BRA,331,222,29192,929,Brazil,Decile 9,Rural,2022
1.899999976158142,26,8609,BRA,330,222,29192,921,Brazil,Decile 1,Urban,2022
35.5,26,8609,BRA,330,222,29192,930,Brazil,Decile 10,Urban,2022
3.700000047683716,26,8609,BRA,330,222,29192,922,Brazil,Decile 2,Urban,2022
4.699999809265137,26,8609,BRA,330,222,29192,923,Brazil,Decile 3,Urban,2022
6.099999904632568,26,8609,BRA,330,222,29192,924,Brazil,Decile 4,Urban,2022
5.400000095367432,26,8609,BRA,330,222,29192,925,Brazil,Decile 5,Urban,2022
7.300000190734863,26,8609,BRA,330,222,29192,926,Brazil,Decile 6,Urban,2022
9,26,8609,BRA,330,222,29192,927,Brazil,Decile 7,Urban,2022
10.800000190734863,26,8609,BRA,330,222,29192,928,Brazil,Decile 8,Urban,2022
15.5,26,8609,BRA,330,222,29192,929,Brazil,Decile 9,Urban,2022
1.7999999523162842,26,8609,BRA,327,222,29193,921,Brazil,Decile 1,National,2023
36.29999923706055,26,8609,BRA,327,222,29193,930,Brazil,Decile 10,National,2023
3.5,26,8609,BRA,327,222,29193,922,Brazil,Decile 2,National,2023
4.599999904632568,26,8609,BRA,327,222,29193,923,Brazil,Decile 3,National,2023
6,26,8609,BRA,327,222,29193,924,Brazil,Decile 4,National,2023
6.099999904632568,26,8609,BRA,327,222,29193,925,Brazil,Decile 5,National,2023
6.400000095367432,26,8609,BRA,327,222,29193,926,Brazil,Decile 6,National,2023
9.100000381469727,26,8609,BRA,327,222,29193,927,Brazil,Decile 7,National,2023
11,26,8609,BRA,327,222,29193,928,Brazil,Decile 8,National,2023
15.300000190734863,26,8609,BRA,327,222,29193,929,Brazil,Decile 9,National,2023
2.200000047683716,26,8609,BRA,331,222,29193,921,Brazil,Decile 1,Rural,2023
29.399999618530273,26,8609,BRA,331,222,29193,930,Brazil,Decile 10,Rural,2023
4,26,8609,BRA,331,222,29193,922,Brazil,Decile 2,Rural,2023
5.699999809265137,26,8609,BRA,331,222,29193,923,Brazil,Decile 3,Rural,2023
6.599999904632568,26,8609,BRA,331,222,29193,924,Brazil,Decile 4,Rural,2023
7.900000095367432,26,8609,BRA,331,222,29193,925,Brazil,Decile 5,Rural,2023
9.899999618530273,26,8609,BRA,331,222,29193,926,Brazil,Decile 6,Rural,2023
10.5,26,8609,BRA,331,222,29193,927,Brazil,Decile 7,Rural,2023
9,26,8609,BRA,331,222,29193,928,Brazil,Decile 8,Rural,2023
14.899999618530273,26,8609,BRA,331,222,29193,929,Brazil,Decile 9,Rural,2023
1.899999976158142,26,8609,BRA,330,222,29193,921,Brazil,Decile 1,Urban,2023
36.099998474121094,26,8609,BRA,330,222,29193,930,Brazil,Decile 10,Urban,2023
3.5,26,8609,BRA,330,222,29193,922,Brazil,Decile 2,Urban,2023
4.699999809265137,26,8609,BRA,330,222,29193,923,Brazil,Decile 3,Urban,2023
5.900000095367432,26,8609,BRA,330,222,29193,924,Brazil,Decile 4,Urban,2023
5.5,26,8609,BRA,330,222,29193,925,Brazil,Decile 5,Urban,2023
7,26,8609,BRA,330,222,29193,926,Brazil,Decile 6,Urban,2023
8.899999618530273,26,8609,BRA,330,222,29193,927,Brazil,Decile 7,Urban,2023
11.199999809265137,26,8609,BRA,330,222,29193,928,Brazil,Decile 8,Urban,2023
15.300000190734863,26,8609,BRA,330,222,29193,929,Brazil,Decile 9,Urban,2023
1.899999976158142,26,8609,BRA,327,222,29194,921,Brazil,Decile 1,National,2024
35.5,26,8609,BRA,327,222,29194,930,Brazil,Decile 10,National,2024
3.5999999046325684,26,8609,BRA,327,222,29194,922,Brazil,Decile 2,National,2024
4.699999809265137,26,8609,BRA,327,222,29194,923,Brazil,Decile 3,National,2024
6.300000190734863,26,8609,BRA,327,222,29194,924,Brazil,Decile 4,National,2024
6.199999809265137,26,8609,BRA,327,222,29194,925,Brazil,Decile 5,National,2024
6.300000190734863,26,8609,BRA,327,222,29194,926,Brazil,Decile 6,National,2024
8.899999618530273,26,8609,BRA,327,222,29194,927,Brazil,Decile 7,National,2024
11.100000381469727,26,8609,BRA,327,222,29194,928,Brazil,Decile 8,National,2024
15.300000190734863,26,8609,BRA,327,222,29194,929,Brazil,Decile 9,National,2024
2.5,26,8609,BRA,331,222,29194,921,Brazil,Decile 1,Rural,2024
28.200000762939453,26,8609,BRA,331,222,29194,930,Brazil,Decile 10,Rural,2024
4.300000190734863,26,8609,BRA,331,222,29194,922,Brazil,Decile 2,Rural,2024
5.699999809265137,26,8609,BRA,331,222,29194,923,Brazil,Decile 3,Rural,2024
6.5,26,8609,BRA,331,222,29194,924,Brazil,Decile 4,Rural,2024
8.300000190734863,26,8609,BRA,331,222,29194,925,Brazil,Decile 5,Rural,2024
10.5,26,8609,BRA,331,222,29194,926,Brazil,Decile 6,Rural,2024
7.300000190734863,26,8609,BRA,331,222,29194,927,Brazil,Decile 7,Rural,2024
11.5,26,8609,BRA,331,222,29194,928,Brazil,Decile 8,Rural,2024
15.100000381469727,26,8609,BRA,331,222,29194,929,Brazil,Decile 9,Rural,2024
1.899999976158142,26,8609,BRA,330,222,29194,921,Brazil,Decile 1,Urban,2024
35.20000076293945,26,8609,BRA,330,222,29194,930,Brazil,Decile 10,Urban,2024
3.5,26,8609,BRA,330,222,29194,922,Brazil,Decile 2,Urban,2024
4.800000190734863,26,8609,BRA,330,222,29194,923,Brazil,Decile 3,Urban,2024
6.199999809265137,26,8609,BRA,330,222,29194,924,Brazil,Decile 4,Urban,2024
5.199999809265137,26,8609,BRA,330,222,29194,925,Brazil,Decile 5,Urban,2024
7.599999904632568,26,8609,BRA,330,222,29194,926,Brazil,Decile 6,Urban,2024
9.100000381469727,26,8609,BRA,330,222,29194,927,Brazil,Decile 7,Urban,2024
10.800000190734863,26,8609,BRA,330,222,29194,928,Brazil,Decile 8,Urban,2024
15.699999809265137,26,8609,BRA,330,222,29194,929,Brazil,Decile 9,Urban,2024
2,26,,CHL,327,224,29170,921,Chile,Decile 1,National,2000
35.29999923706055,26,,CHL,327,224,29170,930,Chile,Decile 10,National,2000
3.5999999046325684,26,,CHL,327,224,29170,922,Chile,Decile 2,National,2000
4.599999904632568,26,,CHL,327,224,29170,923,Chile,Decile 3,National,2000
5.400000095367432,26,,CHL,327,224,29170,924,Chile,Decile 4,National,2000
6.599999904632568,26,,CHL,327,224,29170,925,Chile,Decile 5,National,2000
7.699999809265137,26,,CHL,327,224,29170,926,Chile,Decile 6,National,2000
8.800000190734863,26,,CHL,327,224,29170,927,Chile,Decile 7,National,2000
11.100000381469727,26,,CHL,327,224,29170,928,Chile,Decile 8,National,2000
14.800000190734863,26,,CHL,327,224,29170,929,Chile,Decile 9,National,2000
2.700000047683716,26,,CHL,331,224,29170,921,Chile,Decile 1,Rural,2000
30.799999237060547,26,,CHL,331,224,29170,930,Chile,Decile 10,Rural,2000
4.699999809265137,26,,CHL,331,224,29170,922,Chile,Decile 2,Rural,2000
5.900000095367432,26,,CHL,331,224,29170,923,Chile,Decile 3,Rural,2000
6.699999809265137,26,,CHL,331,224,29170,924,Chile,Decile 4,Rural,2000
7.699999809265137,26,,CHL,331,224,29170,925,Chile,Decile 5,Rural,2000
8.800000190734863,26,,CHL,331,224,29170,926,Chile,Decile 6,Rural,2000
9.600000381469727,26,,CHL,331,224,29170,927,Chile,Decile 7,Rural,2000
10.699999809265137,26,,CHL,331,224,29170,928,Chile,Decile 8,Rural,2000
12.5,26,,CHL,331,224,29170,929,Chile,Decile 9,Rural,2000
2,26,,CHL,330,224,29170,921,Chile,Decile 1,Urban,2000
34.70000076293945,26,,CHL,330,224,29170,930,Chile,Decile 10,Urban,2000
3.700000047683716,26,,CHL,330,224,29170,922,Chile,Decile 2,Urban,2000
4.699999809265137,26,,CHL,330,224,29170,923,Chile,Decile 3,Urban,2000
5.599999904632568,26,,CHL,330,224,29170,924,Chile,Decile 4,Urban,2000
6.699999809265137,26,,CHL,330,224,29170,925,Chile,Decile 5,Urban,2000
7.599999904632568,26,,CHL,330,224,29170,926,Chile,Decile 6,Urban,2000
8.899999618530273,26,,CHL,330,224,29170,927,Chile,Decile 7,Urban,2000
11.100000381469727,26,,CHL,330,224,29170,928,Chile,Decile 8,Urban,2000
14.899999618530273,26,,CHL,330,224,29170,929,Chile,Decile 9,Urban,2000
2,26,,CHL,327,224,29173,921,Chile,Decile 1,National,2003
34.599998474121094,26,,CHL,327,224,29173,930,Chile,Decile 10,National,2003
3.700000047683716,26,,CHL,327,224,29173,922,Chile,Decile 2,National,2003
4.699999809265137,26,,CHL,327,224,29173,923,Chile,Decile 3,National,2003
5.599999904632568,26,,CHL,327,224,29173,924,Chile,Decile 4,National,2003
6.699999809265137,26,,CHL,327,224,29173,925,Chile,Decile 5,National,2003
7.699999809265137,26,,CHL,327,224,29173,926,Chile,Decile 6,National,2003
8.899999618530273,26,,CHL,327,224,29173,927,Chile,Decile 7,National,2003
11.100000381469727,26,,CHL,327,224,29173,928,Chile,Decile 8,National,2003
15,26,,CHL,327,224,29173,929,Chile,Decile 9,National,2003
2.5999999046325684,26,,CHL,331,224,29173,921,Chile,Decile 1,Rural,2003
32.70000076293945,26,,CHL,331,224,29173,930,Chile,Decile 10,Rural,2003
4.599999904632568,26,,CHL,331,224,29173,922,Chile,Decile 2,Rural,2003
5.599999904632568,26,,CHL,331,224,29173,923,Chile,Decile 3,Rural,2003
6.599999904632568,26,,CHL,331,224,29173,924,Chile,Decile 4,Rural,2003
7.199999809265137,26,,CHL,331,224,29173,925,Chile,Decile 5,Rural,2003
8.399999618530273,26,,CHL,331,224,29173,926,Chile,Decile 6,Rural,2003
9.399999618530273,26,,CHL,331,224,29173,927,Chile,Decile 7,Rural,2003
10.600000381469727,26,,CHL,331,224,29173,928,Chile,Decile 8,Rural,2003
12.300000190734863,26,,CHL,331,224,29173,929,Chile,Decile 9,Rural,2003
2.0999999046325684,26,,CHL,330,224,29173,921,Chile,Decile 1,Urban,2003
33.900001525878906,26,,CHL,330,224,29173,930,Chile,Decile 10,Urban,2003
3.700000047683716,26,,CHL,330,224,29173,922,Chile,Decile 2,Urban,2003
4.900000095367432,26,,CHL,330,224,29173,923,Chile,Decile 3,Urban,2003
5.699999809265137,26,,CHL,330,224,29173,924,Chile,Decile 4,Urban,2003
6.699999809265137,26,,CHL,330,224,29173,925,Chile,Decile 5,Urban,2003
7.699999809265137,26,,CHL,330,224,29173,926,Chile,Decile 6,Urban,2003
9,26,,CHL,330,224,29173,927,Chile,Decile 7,Urban,2003
11.199999809265137,26,,CHL,330,224,29173,928,Chile,Decile 8,Urban,2003
15,26,,CHL,330,224,29173,929,Chile,Decile 9,Urban,2003
2.299999952316284,26,,CHL,327,224,29176,921,Chile,Decile 1,National,2006
33,26,,CHL,327,224,29176,930,Chile,Decile 10,National,2006
3.9000000953674316,26,,CHL,327,224,29176,922,Chile,Decile 2,National,2006
4.900000095367432,26,,CHL,327,224,29176,923,Chile,Decile 3,National,2006
5.800000190734863,26,,CHL,327,224,29176,924,Chile,Decile 4,National,2006
6.800000190734863,26,,CHL,327,224,29176,925,Chile,Decile 5,National,2006
7.900000095367432,26,,CHL,327,224,29176,926,Chile,Decile 6,National,2006
9.199999809265137,26,,CHL,327,224,29176,927,Chile,Decile 7,National,2006
11.100000381469727,26,,CHL,327,224,29176,928,Chile,Decile 8,National,2006
15.199999809265137,26,,CHL,327,224,29176,929,Chile,Decile 9,National,2006
2.700000047683716,26,,CHL,331,224,29176,921,Chile,Decile 1,Rural,2006
32,26,,CHL,331,224,29176,930,Chile,Decile 10,Rural,2006
4.699999809265137,26,,CHL,331,224,29176,922,Chile,Decile 2,Rural,2006
5.699999809265137,26,,CHL,331,224,29176,923,Chile,Decile 3,Rural,2006
6.599999904632568,26,,CHL,331,224,29176,924,Chile,Decile 4,Rural,2006
7.400000095367432,26,,CHL,331,224,29176,925,Chile,Decile 5,Rural,2006
8.199999809265137,26,,CHL,331,224,29176,926,Chile,Decile 6,Rural,2006
9.399999618530273,26,,CHL,331,224,29176,927,Chile,Decile 7,Rural,2006
10.699999809265137,26,,CHL,331,224,29176,928,Chile,Decile 8,Rural,2006
12.600000381469727,26,,CHL,331,224,29176,929,Chile,Decile 9,Rural,2006
2.299999952316284,26,,CHL,330,224,29176,921,Chile,Decile 1,Urban,2006
32.20000076293945,26,,CHL,330,224,29176,930,Chile,Decile 10,Urban,2006
4,26,,CHL,330,224,29176,922,Chile,Decile 2,Urban,2006
5.099999904632568,26,,CHL,330,224,29176,923,Chile,Decile 3,Urban,2006
5.800000190734863,26,,CHL,330,224,29176,924,Chile,Decile 4,Urban,2006
6.900000095367432,26,,CHL,330,224,29176,925,Chile,Decile 5,Urban,2006
7.800000190734863,26,,CHL,330,224,29176,926,Chile,Decile 6,Urban,2006
9.199999809265137,26,,CHL,330,224,29176,927,Chile,Decile 7,Urban,2006
11.300000190734863,26,,CHL,330,224,29176,928,Chile,Decile 8,Urban,2006
15.300000190734863,26,,CHL,330,224,29176,929,Chile,Decile 9,Urban,2006
2.299999952316284,26,,CHL,327,224,29179,921,Chile,Decile 1,National,2009
33.099998474121094,26,,CHL,327,224,29179,930,Chile,Decile 10,National,2009
4.099999904632568,26,,CHL,327,224,29179,922,Chile,Decile 2,National,2009
5.199999809265137,26,,CHL,327,224,29179,923,Chile,Decile 3,National,2009
5.900000095367432,26,,CHL,327,224,29179,924,Chile,Decile 4,National,2009
6.699999809265137,26,,CHL,327,224,29179,925,Chile,Decile 5,National,2009
7.699999809265137,26,,CHL,327,224,29179,926,Chile,Decile 6,National,2009
9,26,,CHL,327,224,29179,927,Chile,Decile 7,National,2009
11.100000381469727,26,,CHL,327,224,29179,928,Chile,Decile 8,National,2009
15,26,,CHL,327,224,29179,929,Chile,Decile 9,National,2009
2.5999999046325684,26,,CHL,331,224,29179,921,Chile,Decile 1,Rural,2009
28.700000762939453,26,,CHL,331,224,29179,930,Chile,Decile 10,Rural,2009
5.199999809265137,26,,CHL,331,224,29179,922,Chile,Decile 2,Rural,2009
6.099999904632568,26,,CHL,331,224,29179,923,Chile,Decile 3,Rural,2009
7.099999904632568,26,,CHL,331,224,29179,924,Chile,Decile 4,Rural,2009
7.800000190734863,26,,CHL,331,224,29179,925,Chile,Decile 5,Rural,2009
8.699999809265137,26,,CHL,331,224,29179,926,Chile,Decile 6,Rural,2009
9.699999809265137,26,,CHL,331,224,29179,927,Chile,Decile 7,Rural,2009
11,26,,CHL,331,224,29179,928,Chile,Decile 8,Rural,2009
13,26,,CHL,331,224,29179,929,Chile,Decile 9,Rural,2009
2.299999952316284,26,,CHL,330,224,29179,921,Chile,Decile 1,Urban,2009
32.70000076293945,26,,CHL,330,224,29179,930,Chile,Decile 10,Urban,2009
4.099999904632568,26,,CHL,330,224,29179,922,Chile,Decile 2,Urban,2009
5.099999904632568,26,,CHL,330,224,29179,923,Chile,Decile 3,Urban,2009
5.900000095367432,26,,CHL,330,224,29179,924,Chile,Decile 4,Urban,2009
6.800000190734863,26,,CHL,330,224,29179,925,Chile,Decile 5,Urban,2009
7.699999809265137,26,,CHL,330,224,29179,926,Chile,Decile 6,Urban,2009
9.100000381469727,26,,CHL,330,224,29179,927,Chile,Decile 7,Urban,2009
11.100000381469727,26,,CHL,330,224,29179,928,Chile,Decile 8,Urban,2009
15.199999809265137,26,,CHL,330,224,29179,929,Chile,Decile 9,Urban,2009
2.5,26,,CHL,327,224,29181,921,Chile,Decile 1,National,2011
32.099998474121094,26,,CHL,327,224,29181,930,Chile,Decile 10,National,2011
4.300000190734863,26,,CHL,327,224,29181,922,Chile,Decile 2,National,2011
5.300000190734863,26,,CHL,327,224,29181,923,Chile,Decile 3,National,2011
6.300000190734863,26,,CHL,327,224,29181,924,Chile,Decile 4,National,2011
6.900000095367432,26,,CHL,327,224,29181,925,Chile,Decile 5,National,2011
7.900000095367432,26,,CHL,327,224,29181,926,Chile,Decile 6,National,2011
8.899999618530273,26,,CHL,327,224,29181,927,Chile,Decile 7,National,2011
11,26,,CHL,327,224,29181,928,Chile,Decile 8,National,2011
14.899999618530273,26,,CHL,327,224,29181,929,Chile,Decile 9,National,2011
2.9000000953674316,26,,CHL,331,224,29181,921,Chile,Decile 1,Rural,2011
28.899999618530273,26,,CHL,331,224,29181,930,Chile,Decile 10,Rural,2011
5.199999809265137,26,,CHL,331,224,29181,922,Chile,Decile 2,Rural,2011
6.199999809265137,26,,CHL,331,224,29181,923,Chile,Decile 3,Rural,2011
7.300000190734863,26,,CHL,331,224,29181,924,Chile,Decile 4,Rural,2011
7.900000095367432,26,,CHL,331,224,29181,925,Chile,Decile 5,Rural,2011
8.600000381469727,26,,CHL,331,224,29181,926,Chile,Decile 6,Rural,2011
9.5,26,,CHL,331,224,29181,927,Chile,Decile 7,Rural,2011
10.699999809265137,26,,CHL,331,224,29181,928,Chile,Decile 8,Rural,2011
12.800000190734863,26,,CHL,331,224,29181,929,Chile,Decile 9,Rural,2011
2.5,26,,CHL,330,224,29181,921,Chile,Decile 1,Urban,2011
31.799999237060547,26,,CHL,330,224,29181,930,Chile,Decile 10,Urban,2011
4.300000190734863,26,,CHL,330,224,29181,922,Chile,Decile 2,Urban,2011
5.300000190734863,26,,CHL,330,224,29181,923,Chile,Decile 3,Urban,2011
6.300000190734863,26,,CHL,330,224,29181,924,Chile,Decile 4,Urban,2011
6.800000190734863,26,,CHL,330,224,29181,925,Chile,Decile 5,Urban,2011
7.900000095367432,26,,CHL,330,224,29181,926,Chile,Decile 6,Urban,2011
8.899999618530273,26,,CHL,330,224,29181,927,Chile,Decile 7,Urban,2011
11.199999809265137,26,,CHL,330,224,29181,928,Chile,Decile 8,Urban,2011
15,26,,CHL,330,224,29181,929,Chile,Decile 9,Urban,2011
2.700000047683716,26,,CHL,327,224,29183,921,Chile,Decile 1,National,2013
31.799999237060547,26,,CHL,327,224,29183,930,Chile,Decile 10,National,2013
4.400000095367432,26,,CHL,327,224,29183,922,Chile,Decile 2,National,2013
5.300000190734863,26,,CHL,327,224,29183,923,Chile,Decile 3,National,2013
6,26,,CHL,327,224,29183,924,Chile,Decile 4,National,2013
6.900000095367432,26,,CHL,327,224,29183,925,Chile,Decile 5,National,2013
7.699999809265137,26,,CHL,327,224,29183,926,Chile,Decile 6,National,2013
8.800000190734863,26,,CHL,327,224,29183,927,Chile,Decile 7,National,2013
11.100000381469727,26,,CHL,327,224,29183,928,Chile,Decile 8,National,2013
15.300000190734863,26,,CHL,327,224,29183,929,Chile,Decile 9,National,2013
3.299999952316284,26,,CHL,331,224,29183,921,Chile,Decile 1,Rural,2013
29.200000762939453,26,,CHL,331,224,29183,930,Chile,Decile 10,Rural,2013
5.300000190734863,26,,CHL,331,224,29183,922,Chile,Decile 2,Rural,2013
6.300000190734863,26,,CHL,331,224,29183,923,Chile,Decile 3,Rural,2013
6.800000190734863,26,,CHL,331,224,29183,924,Chile,Decile 4,Rural,2013
7.900000095367432,26,,CHL,331,224,29183,925,Chile,Decile 5,Rural,2013
8.699999809265137,26,,CHL,331,224,29183,926,Chile,Decile 6,Rural,2013
9.300000190734863,26,,CHL,331,224,29183,927,Chile,Decile 7,Rural,2013
10.699999809265137,26,,CHL,331,224,29183,928,Chile,Decile 8,Rural,2013
12.399999618530273,26,,CHL,331,224,29183,929,Chile,Decile 9,Rural,2013
2.700000047683716,26,,CHL,330,224,29183,921,Chile,Decile 1,Urban,2013
31.399999618530273,26,,CHL,330,224,29183,930,Chile,Decile 10,Urban,2013
4.5,26,,CHL,330,224,29183,922,Chile,Decile 2,Urban,2013
5.300000190734863,26,,CHL,330,224,29183,923,Chile,Decile 3,Urban,2013
6.099999904632568,26,,CHL,330,224,29183,924,Chile,Decile 4,Urban,2013
7,26,,CHL,330,224,29183,925,Chile,Decile 5,Urban,2013
7.599999904632568,26,,CHL,330,224,29183,926,Chile,Decile 6,Urban,2013
9,26,,CHL,330,224,29183,927,Chile,Decile 7,Urban,2013
11.199999809265137,26,,CHL,330,224,29183,928,Chile,Decile 8,Urban,2013
15.300000190734863,26,,CHL,330,224,29183,929,Chile,Decile 9,Urban,2013
2.799999952316284,26,,CHL,327,224,29185,921,Chile,Decile 1,National,2015
31.100000381469727,26,,CHL,327,224,29185,930,Chile,Decile 10,National,2015
4.599999904632568,26,,CHL,327,224,29185,922,Chile,Decile 2,National,2015
5.5,26,,CHL,327,224,29185,923,Chile,Decile 3,National,2015
6,26,,CHL,327,224,29185,924,Chile,Decile 4,National,2015
7.199999809265137,26,,CHL,327,224,29185,925,Chile,Decile 5,National,2015
8,26,,CHL,327,224,29185,926,Chile,Decile 6,National,2015
9.199999809265137,26,,CHL,327,224,29185,927,Chile,Decile 7,National,2015
11,26,,CHL,327,224,29185,928,Chile,Decile 8,National,2015
14.600000381469727,26,,CHL,327,224,29185,929,Chile,Decile 9,National,2015
3.5,26,,CHL,331,224,29185,921,Chile,Decile 1,Rural,2015
28.299999237060547,26,,CHL,331,224,29185,930,Chile,Decile 10,Rural,2015
5.5,26,,CHL,331,224,29185,922,Chile,Decile 2,Rural,2015
6.199999809265137,26,,CHL,331,224,29185,923,Chile,Decile 3,Rural,2015
7,26,,CHL,331,224,29185,924,Chile,Decile 4,Rural,2015
7.900000095367432,26,,CHL,331,224,29185,925,Chile,Decile 5,Rural,2015
8.5,26,,CHL,331,224,29185,926,Chile,Decile 6,Rural,2015
9.699999809265137,26,,CHL,331,224,29185,927,Chile,Decile 7,Rural,2015
10.5,26,,CHL,331,224,29185,928,Chile,Decile 8,Rural,2015
12.899999618530273,26,,CHL,331,224,29185,929,Chile,Decile 9,Rural,2015
2.9000000953674316,26,,CHL,330,224,29185,921,Chile,Decile 1,Urban,2015
30.899999618530273,26,,CHL,330,224,29185,930,Chile,Decile 10,Urban,2015
4.599999904632568,26,,CHL,330,224,29185,922,Chile,Decile 2,Urban,2015
5.5,26,,CHL,330,224,29185,923,Chile,Decile 3,Urban,2015
6.099999904632568,26,,CHL,330,224,29185,924,Chile,Decile 4,Urban,2015
7.099999904632568,26,,CHL,330,224,29185,925,Chile,Decile 5,Urban,2015
8.100000381469727,26,,CHL,330,224,29185,926,Chile,Decile 6,Urban,2015
9.399999618530273,26,,CHL,330,224,29185,927,Chile,Decile 7,Urban,2015
10.899999618530273,26,,CHL,330,224,29185,928,Chile,Decile 8,Urban,2015
14.5,26,,CHL,330,224,29185,929,Chile,Decile 9,Urban,2015
2.799999952316284,26,,CHL,327,224,29187,921,Chile,Decile 1,National,2017
31,26,,CHL,327,224,29187,930,Chile,Decile 10,National,2017
4.699999809265137,26,,CHL,327,224,29187,922,Chile,Decile 2,National,2017
5.699999809265137,26,,CHL,327,224,29187,923,Chile,Decile 3,National,2017
6.099999904632568,26,,CHL,327,224,29187,924,Chile,Decile 4,National,2017
7.099999904632568,26,,CHL,327,224,29187,925,Chile,Decile 5,National,2017
8.100000381469727,26,,CHL,327,224,29187,926,Chile,Decile 6,National,2017
9,26,,CHL,327,224,29187,927,Chile,Decile 7,National,2017
10.800000190734863,26,,CHL,327,224,29187,928,Chile,Decile 8,National,2017
14.699999809265137,26,,CHL,327,224,29187,929,Chile,Decile 9,National,2017
3.200000047683716,26,,CHL,331,224,29187,921,Chile,Decile 1,Rural,2017
33.599998474121094,26,,CHL,331,224,29187,930,Chile,Decile 10,Rural,2017
5,26,,CHL,331,224,29187,922,Chile,Decile 2,Rural,2017
6,26,,CHL,331,224,29187,923,Chile,Decile 3,Rural,2017
6.5,26,,CHL,331,224,29187,924,Chile,Decile 4,Rural,2017
7.199999809265137,26,,CHL,331,224,29187,925,Chile,Decile 5,Rural,2017
7.599999904632568,26,,CHL,331,224,29187,926,Chile,Decile 6,Rural,2017
8.600000381469727,26,,CHL,331,224,29187,927,Chile,Decile 7,Rural,2017
10.199999809265137,26,,CHL,331,224,29187,928,Chile,Decile 8,Rural,2017
12.100000381469727,26,,CHL,331,224,29187,929,Chile,Decile 9,Rural,2017
2.799999952316284,26,,CHL,330,224,29187,921,Chile,Decile 1,Urban,2017
30.299999237060547,26,,CHL,330,224,29187,930,Chile,Decile 10,Urban,2017
4.800000190734863,26,,CHL,330,224,29187,922,Chile,Decile 2,Urban,2017
5.699999809265137,26,,CHL,330,224,29187,923,Chile,Decile 3,Urban,2017
6.199999809265137,26,,CHL,330,224,29187,924,Chile,Decile 4,Urban,2017
7.199999809265137,26,,CHL,330,224,29187,925,Chile,Decile 5,Urban,2017
8.100000381469727,26,,CHL,330,224,29187,926,Chile,Decile 6,Urban,2017
9.300000190734863,26,,CHL,330,224,29187,927,Chile,Decile 7,Urban,2017
10.800000190734863,26,,CHL,330,224,29187,928,Chile,Decile 8,Urban,2017
14.699999809265137,26,,CHL,330,224,29187,929,Chile,Decile 9,Urban,2017
1.5,26,,CHL,327,224,29190,921,Chile,Decile 1,National,2020
31.399999618530273,26,,CHL,327,224,29190,930,Chile,Decile 10,National,2020
4.199999809265137,26,,CHL,327,224,29190,922,Chile,Decile 2,National,2020
5.400000095367432,26,,CHL,327,224,29190,923,Chile,Decile 3,National,2020
6.300000190734863,26,,CHL,327,224,29190,924,Chile,Decile 4,National,2020
6.900000095367432,26,,CHL,327,224,29190,925,Chile,Decile 5,National,2020
7.900000095367432,26,,CHL,327,224,29190,926,Chile,Decile 6,National,2020
9.100000381469727,26,,CHL,327,224,29190,927,Chile,Decile 7,National,2020
11.100000381469727,26,,CHL,327,224,29190,928,Chile,Decile 8,National,2020
16.100000381469727,26,,CHL,327,224,29190,929,Chile,Decile 9,National,2020
1.899999976158142,26,,CHL,331,224,29190,921,Chile,Decile 1,Rural,2020
32.400001525878906,26,,CHL,331,224,29190,930,Chile,Decile 10,Rural,2020
5,26,,CHL,331,224,29190,922,Chile,Decile 2,Rural,2020
6.099999904632568,26,,CHL,331,224,29190,923,Chile,Decile 3,Rural,2020
7,26,,CHL,331,224,29190,924,Chile,Decile 4,Rural,2020
7.900000095367432,26,,CHL,331,224,29190,925,Chile,Decile 5,Rural,2020
8,26,,CHL,331,224,29190,926,Chile,Decile 6,Rural,2020
8.399999618530273,26,,CHL,331,224,29190,927,Chile,Decile 7,Rural,2020
10.600000381469727,26,,CHL,331,224,29190,928,Chile,Decile 8,Rural,2020
12.5,26,,CHL,331,224,29190,929,Chile,Decile 9,Rural,2020
1.5,26,,CHL,330,224,29190,921,Chile,Decile 1,Urban,2020
30.700000762939453,26,,CHL,330,224,29190,930,Chile,Decile 10,Urban,2020
4.199999809265137,26,,CHL,330,224,29190,922,Chile,Decile 2,Urban,2020
5.400000095367432,26,,CHL,330,224,29190,923,Chile,Decile 3,Urban,2020
6.300000190734863,26,,CHL,330,224,29190,924,Chile,Decile 4,Urban,2020
6.800000190734863,26,,CHL,330,224,29190,925,Chile,Decile 5,Urban,2020
7.900000095367432,26,,CHL,330,224,29190,926,Chile,Decile 6,Urban,2020
9.199999809265137,26,,CHL,330,224,29190,927,Chile,Decile 7,Urban,2020
11.399999618530273,26,,CHL,330,224,29190,928,Chile,Decile 8,Urban,2020
16.399999618530273,26,,CHL,330,224,29190,929,Chile,Decile 9,Urban,2020
2.799999952316284,26,,CHL,327,224,29192,921,Chile,Decile 1,National,2022
29,26,,CHL,327,224,29192,930,Chile,Decile 10,National,2022
5,26,,CHL,327,224,29192,922,Chile,Decile 2,National,2022
6.199999809265137,26,,CHL,327,224,29192,923,Chile,Decile 3,National,2022
6.800000190734863,26,,CHL,327,224,29192,924,Chile,Decile 4,National,2022
7,26,,CHL,327,224,29192,925,Chile,Decile 5,National,2022
8.199999809265137,26,,CHL,327,224,29192,926,Chile,Decile 6,National,2022
9.5,26,,CHL,327,224,29192,927,Chile,Decile 7,National,2022
10.899999618530273,26,,CHL,327,224,29192,928,Chile,Decile 8,National,2022
14.600000381469727,26,,CHL,327,224,29192,929,Chile,Decile 9,National,2022
3.200000047683716,26,,CHL,331,224,29192,921,Chile,Decile 1,Rural,2022
25.399999618530273,26,,CHL,331,224,29192,930,Chile,Decile 10,Rural,2022
6.099999904632568,26,,CHL,331,224,29192,922,Chile,Decile 2,Rural,2022
7.5,26,,CHL,331,224,29192,923,Chile,Decile 3,Rural,2022
8.100000381469727,26,,CHL,331,224,29192,924,Chile,Decile 4,Rural,2022
8.5,26,,CHL,331,224,29192,925,Chile,Decile 5,Rural,2022
8.199999809265137,26,,CHL,331,224,29192,926,Chile,Decile 6,Rural,2022
9.100000381469727,26,,CHL,331,224,29192,927,Chile,Decile 7,Rural,2022
10.899999618530273,26,,CHL,331,224,29192,928,Chile,Decile 8,Rural,2022
13,26,,CHL,331,224,29192,929,Chile,Decile 9,Rural,2022
2.799999952316284,26,,CHL,330,224,29192,921,Chile,Decile 1,Urban,2022
29,26,,CHL,330,224,29192,930,Chile,Decile 10,Urban,2022
4.900000095367432,26,,CHL,330,224,29192,922,Chile,Decile 2,Urban,2022
6.099999904632568,26,,CHL,330,224,29192,923,Chile,Decile 3,Urban,2022
6.900000095367432,26,,CHL,330,224,29192,924,Chile,Decile 4,Urban,2022
7,26,,CHL,330,224,29192,925,Chile,Decile 5,Urban,2022
8.300000190734863,26,,CHL,330,224,29192,926,Chile,Decile 6,Urban,2022
9.399999618530273,26,,CHL,330,224,29192,927,Chile,Decile 7,Urban,2022
11,26,,CHL,330,224,29192,928,Chile,Decile 8,Urban,2022
14.600000381469727,26,,CHL,330,224,29192,929,Chile,Decile 9,Urban,2022
1.100000023841858,26,8610,COL,327,225,29172,921,Colombia,Decile 1,National,2002
37.599998474121094,26,8610,COL,327,225,29172,930,Colombia,Decile 10,National,2002
2.700000047683716,26,8610,COL,327,225,29172,922,Colombia,Decile 2,National,2002
3.9000000953674316,26,8610,COL,327,225,29172,923,Colombia,Decile 3,National,2002
4.900000095367432,26,8610,COL,327,225,29172,924,Colombia,Decile 4,National,2002
6.099999904632568,26,8610,COL,327,225,29172,925,Colombia,Decile 5,National,2002
7.5,26,8610,COL,327,225,29172,926,Colombia,Decile 6,National,2002
9.199999809265137,26,8610,COL,327,225,29172,927,Colombia,Decile 7,National,2002
11.399999618530273,26,8610,COL,327,225,29172,928,Colombia,Decile 8,National,2002
15.5,26,8610,COL,327,225,29172,929,Colombia,Decile 9,National,2002
1.100000023841858,26,8610,COL,331,225,29172,921,Colombia,Decile 1,Rural,2002
32.599998474121094,26,8610,COL,331,225,29172,930,Colombia,Decile 10,Rural,2002
3.0999999046325684,26,8610,COL,331,225,29172,922,Colombia,Decile 2,Rural,2002
4.5,26,8610,COL,331,225,29172,923,Colombia,Decile 3,Rural,2002
5.900000095367432,26,8610,COL,331,225,29172,924,Colombia,Decile 4,Rural,2002
7.099999904632568,26,8610,COL,331,225,29172,925,Colombia,Decile 5,Rural,2002
8.300000190734863,26,8610,COL,331,225,29172,926,Colombia,Decile 6,Rural,2002
9.699999809265137,26,8610,COL,331,225,29172,927,Colombia,Decile 7,Rural,2002
12.100000381469727,26,8610,COL,331,225,29172,928,Colombia,Decile 8,Rural,2002
15.699999809265137,26,8610,COL,331,225,29172,929,Colombia,Decile 9,Rural,2002
1.2999999523162842,26,8610,COL,330,225,29172,921,Colombia,Decile 1,Urban,2002
36.20000076293945,26,8610,COL,330,225,29172,930,Colombia,Decile 10,Urban,2002
3.200000047683716,26,8610,COL,330,225,29172,922,Colombia,Decile 2,Urban,2002
4.199999809265137,26,8610,COL,330,225,29172,923,Colombia,Decile 3,Urban,2002
5.300000190734863,26,8610,COL,330,225,29172,924,Colombia,Decile 4,Urban,2002
6.400000095367432,26,8610,COL,330,225,29172,925,Colombia,Decile 5,Urban,2002
7.599999904632568,26,8610,COL,330,225,29172,926,Colombia,Decile 6,Urban,2002
9.199999809265137,26,8610,COL,330,225,29172,927,Colombia,Decile 7,Urban,2002
11.199999809265137,26,8610,COL,330,225,29172,928,Colombia,Decile 8,Urban,2002
15.399999618530273,26,8610,COL,330,225,29172,929,Colombia,Decile 9,Urban,2002
1.2000000476837158,26,8610,COL,327,225,29173,921,Colombia,Decile 1,National,2003
35.79999923706055,26,8610,COL,327,225,29173,930,Colombia,Decile 10,National,2003
3.0999999046325684,26,8610,COL,327,225,29173,922,Colombia,Decile 2,National,2003
4.199999809265137,26,8610,COL,327,225,29173,923,Colombia,Decile 3,National,2003
5.300000190734863,26,8610,COL,327,225,29173,924,Colombia,Decile 4,National,2003
6.400000095367432,26,8610,COL,327,225,29173,925,Colombia,Decile 5,National,2003
7.800000190734863,26,8610,COL,327,225,29173,926,Colombia,Decile 6,National,2003
9.300000190734863,26,8610,COL,327,225,29173,927,Colombia,Decile 7,National,2003
11.399999618530273,26,8610,COL,327,225,29173,928,Colombia,Decile 8,National,2003
15.600000381469727,26,8610,COL,327,225,29173,929,Colombia,Decile 9,National,2003
1.399999976158142,26,8610,COL,331,225,29173,921,Colombia,Decile 1,Rural,2003
26.299999237060547,26,8610,COL,331,225,29173,930,Colombia,Decile 10,Rural,2003
3.700000047683716,26,8610,COL,331,225,29173,922,Colombia,Decile 2,Rural,2003
5.199999809265137,26,8610,COL,331,225,29173,923,Colombia,Decile 3,Rural,2003
6.900000095367432,26,8610,COL,331,225,29173,924,Colombia,Decile 4,Rural,2003
7.900000095367432,26,8610,COL,331,225,29173,925,Colombia,Decile 5,Rural,2003
9.600000381469727,26,8610,COL,331,225,29173,926,Colombia,Decile 6,Rural,2003
11.100000381469727,26,8610,COL,331,225,29173,927,Colombia,Decile 7,Rural,2003
12.600000381469727,26,8610,COL,331,225,29173,928,Colombia,Decile 8,Rural,2003
15.399999618530273,26,8610,COL,331,225,29173,929,Colombia,Decile 9,Rural,2003
1.399999976158142,26,8610,COL,330,225,29173,921,Colombia,Decile 1,Urban,2003
34.29999923706055,26,8610,COL,330,225,29173,930,Colombia,Decile 10,Urban,2003
3.4000000953674316,26,8610,COL,330,225,29173,922,Colombia,Decile 2,Urban,2003
4.400000095367432,26,8610,COL,330,225,29173,923,Colombia,Decile 3,Urban,2003
5.5,26,8610,COL,330,225,29173,924,Colombia,Decile 4,Urban,2003
6.5,26,8610,COL,330,225,29173,925,Colombia,Decile 5,Urban,2003
7.900000095367432,26,8610,COL,330,225,29173,926,Colombia,Decile 6,Urban,2003
9.100000381469727,26,8610,COL,330,225,29173,927,Colombia,Decile 7,Urban,2003
11.399999618530273,26,8610,COL,330,225,29173,928,Colombia,Decile 8,Urban,2003
16,26,8610,COL,330,225,29173,929,Colombia,Decile 9,Urban,2003
1.2999999523162842,26,8610,COL,327,225,29174,921,Colombia,Decile 1,National,2004
36.79999923706055,26,8610,COL,327,225,29174,930,Colombia,Decile 10,National,2004
3,26,8610,COL,327,225,29174,922,Colombia,Decile 2,National,2004
4.300000190734863,26,8610,COL,327,225,29174,923,Colombia,Decile 3,National,2004
5.099999904632568,26,8610,COL,327,225,29174,924,Colombia,Decile 4,National,2004
6.300000190734863,26,8610,COL,327,225,29174,925,Colombia,Decile 5,National,2004
7.400000095367432,26,8610,COL,327,225,29174,926,Colombia,Decile 6,National,2004
9.300000190734863,26,8610,COL,327,225,29174,927,Colombia,Decile 7,National,2004
11.199999809265137,26,8610,COL,327,225,29174,928,Colombia,Decile 8,National,2004
15.300000190734863,26,8610,COL,327,225,29174,929,Colombia,Decile 9,National,2004
1.7999999523162842,26,8610,COL,331,225,29174,921,Colombia,Decile 1,Rural,2004
24.200000762939453,26,8610,COL,331,225,29174,930,Colombia,Decile 10,Rural,2004
4.099999904632568,26,8610,COL,331,225,29174,922,Colombia,Decile 2,Rural,2004
5.5,26,8610,COL,331,225,29174,923,Colombia,Decile 3,Rural,2004
7.099999904632568,26,8610,COL,331,225,29174,924,Colombia,Decile 4,Rural,2004
8.399999618530273,26,8610,COL,331,225,29174,925,Colombia,Decile 5,Rural,2004
9.699999809265137,26,8610,COL,331,225,29174,926,Colombia,Decile 6,Rural,2004
11,26,8610,COL,331,225,29174,927,Colombia,Decile 7,Rural,2004
12.899999618530273,26,8610,COL,331,225,29174,928,Colombia,Decile 8,Rural,2004
15.300000190734863,26,8610,COL,331,225,29174,929,Colombia,Decile 9,Rural,2004
1.5,26,8610,COL,330,225,29174,921,Colombia,Decile 1,Urban,2004
35.5,26,8610,COL,330,225,29174,930,Colombia,Decile 10,Urban,2004
3.5,26,8610,COL,330,225,29174,922,Colombia,Decile 2,Urban,2004
4.300000190734863,26,8610,COL,330,225,29174,923,Colombia,Decile 3,Urban,2004
5.400000095367432,26,8610,COL,330,225,29174,924,Colombia,Decile 4,Urban,2004
6.300000190734863,26,8610,COL,330,225,29174,925,Colombia,Decile 5,Urban,2004
7.800000190734863,26,8610,COL,330,225,29174,926,Colombia,Decile 6,Urban,2004
9.100000381469727,26,8610,COL,330,225,29174,927,Colombia,Decile 7,Urban,2004
11.100000381469727,26,8610,COL,330,225,29174,928,Colombia,Decile 8,Urban,2004
15.399999618530273,26,8610,COL,330,225,29174,929,Colombia,Decile 9,Urban,2004
1.5,26,8610,COL,327,225,29175,921,Colombia,Decile 1,National,2005
36.099998474121094,26,8610,COL,327,225,29175,930,Colombia,Decile 10,National,2005
3.200000047683716,26,8610,COL,327,225,29175,922,Colombia,Decile 2,National,2005
4.300000190734863,26,8610,COL,327,225,29175,923,Colombia,Decile 3,National,2005
5.300000190734863,26,8610,COL,327,225,29175,924,Colombia,Decile 4,National,2005
6.400000095367432,26,8610,COL,327,225,29175,925,Colombia,Decile 5,National,2005
7.599999904632568,26,8610,COL,327,225,29175,926,Colombia,Decile 6,National,2005
9.199999809265137,26,8610,COL,327,225,29175,927,Colombia,Decile 7,National,2005
11.300000190734863,26,8610,COL,327,225,29175,928,Colombia,Decile 8,National,2005
15.199999809265137,26,8610,COL,327,225,29175,929,Colombia,Decile 9,National,2005
1.7999999523162842,26,8610,COL,331,225,29175,921,Colombia,Decile 1,Rural,2005
26.799999237060547,26,8610,COL,331,225,29175,930,Colombia,Decile 10,Rural,2005
4,26,8610,COL,331,225,29175,922,Colombia,Decile 2,Rural,2005
5.400000095367432,26,8610,COL,331,225,29175,923,Colombia,Decile 3,Rural,2005
6.599999904632568,26,8610,COL,331,225,29175,924,Colombia,Decile 4,Rural,2005
8.199999809265137,26,8610,COL,331,225,29175,925,Colombia,Decile 5,Rural,2005
9.100000381469727,26,8610,COL,331,225,29175,926,Colombia,Decile 6,Rural,2005
10.699999809265137,26,8610,COL,331,225,29175,927,Colombia,Decile 7,Rural,2005
12.699999809265137,26,8610,COL,331,225,29175,928,Colombia,Decile 8,Rural,2005
14.699999809265137,26,8610,COL,331,225,29175,929,Colombia,Decile 9,Rural,2005
1.7999999523162842,26,8610,COL,330,225,29175,921,Colombia,Decile 1,Urban,2005
34.70000076293945,26,8610,COL,330,225,29175,930,Colombia,Decile 10,Urban,2005
3.5,26,8610,COL,330,225,29175,922,Colombia,Decile 2,Urban,2005
4.599999904632568,26,8610,COL,330,225,29175,923,Colombia,Decile 3,Urban,2005
5.5,26,8610,COL,330,225,29175,924,Colombia,Decile 4,Urban,2005
6.5,26,8610,COL,330,225,29175,925,Colombia,Decile 5,Urban,2005
7.800000190734863,26,8610,COL,330,225,29175,926,Colombia,Decile 6,Urban,2005
9.199999809265137,26,8610,COL,330,225,29175,927,Colombia,Decile 7,Urban,2005
10.899999618530273,26,8610,COL,330,225,29175,928,Colombia,Decile 8,Urban,2005
15.300000190734863,26,8610,COL,330,225,29175,929,Colombia,Decile 9,Urban,2005
1,26,8611,COL,327,225,29178,921,Colombia,Decile 1,National,2008
37.29999923706055,26,8611,COL,327,225,29178,930,Colombia,Decile 10,National,2008
2.700000047683716,26,8611,COL,327,225,29178,922,Colombia,Decile 2,National,2008
3.799999952316284,26,8611,COL,327,225,29178,923,Colombia,Decile 3,National,2008
4.900000095367432,26,8611,COL,327,225,29178,924,Colombia,Decile 4,National,2008
6.199999809265137,26,8611,COL,327,225,29178,925,Colombia,Decile 5,National,2008
7.599999904632568,26,8611,COL,327,225,29178,926,Colombia,Decile 6,National,2008
9.5,26,8611,COL,327,225,29178,927,Colombia,Decile 7,National,2008
11.199999809265137,26,8611,COL,327,225,29178,928,Colombia,Decile 8,National,2008
15.800000190734863,26,8611,COL,327,225,29178,929,Colombia,Decile 9,National,2008
1.100000023841858,26,8611,COL,331,225,29178,921,Colombia,Decile 1,Rural,2008
27.399999618530273,26,8611,COL,331,225,29178,930,Colombia,Decile 10,Rural,2008
3.4000000953674316,26,8611,COL,331,225,29178,922,Colombia,Decile 2,Rural,2008
5,26,8611,COL,331,225,29178,923,Colombia,Decile 3,Rural,2008
6.400000095367432,26,8611,COL,331,225,29178,924,Colombia,Decile 4,Rural,2008
7.699999809265137,26,8611,COL,331,225,29178,925,Colombia,Decile 5,Rural,2008
9.100000381469727,26,8611,COL,331,225,29178,926,Colombia,Decile 6,Rural,2008
10.699999809265137,26,8611,COL,331,225,29178,927,Colombia,Decile 7,Rural,2008
13,26,8611,COL,331,225,29178,928,Colombia,Decile 8,Rural,2008
16.100000381469727,26,8611,COL,331,225,29178,929,Colombia,Decile 9,Rural,2008
1.2999999523162842,26,8611,COL,330,225,29178,921,Colombia,Decile 1,Urban,2008
35.5,26,8611,COL,330,225,29178,930,Colombia,Decile 10,Urban,2008
3.0999999046325684,26,8611,COL,330,225,29178,922,Colombia,Decile 2,Urban,2008
4.300000190734863,26,8611,COL,330,225,29178,923,Colombia,Decile 3,Urban,2008
5.199999809265137,26,8611,COL,330,225,29178,924,Colombia,Decile 4,Urban,2008
6.5,26,8611,COL,330,225,29178,925,Colombia,Decile 5,Urban,2008
7.800000190734863,26,8611,COL,330,225,29178,926,Colombia,Decile 6,Urban,2008
9.300000190734863,26,8611,COL,330,225,29178,927,Colombia,Decile 7,Urban,2008
11.300000190734863,26,8611,COL,330,225,29178,928,Colombia,Decile 8,Urban,2008
15.699999809265137,26,8611,COL,330,225,29178,929,Colombia,Decile 9,Urban,2008
1.2000000476837158,26,8611,COL,327,225,29179,921,Colombia,Decile 1,National,2009
36.599998474121094,26,8611,COL,327,225,29179,930,Colombia,Decile 10,National,2009
2.9000000953674316,26,8611,COL,327,225,29179,922,Colombia,Decile 2,National,2009
4,26,8611,COL,327,225,29179,923,Colombia,Decile 3,National,2009
5,26,8611,COL,327,225,29179,924,Colombia,Decile 4,National,2009
6.400000095367432,26,8611,COL,327,225,29179,925,Colombia,Decile 5,National,2009
7.599999904632568,26,8611,COL,327,225,29179,926,Colombia,Decile 6,National,2009
9.5,26,8611,COL,327,225,29179,927,Colombia,Decile 7,National,2009
11.5,26,8611,COL,327,225,29179,928,Colombia,Decile 8,National,2009
15.300000190734863,26,8611,COL,327,225,29179,929,Colombia,Decile 9,National,2009
1.7999999523162842,26,8611,COL,331,225,29179,921,Colombia,Decile 1,Rural,2009
25.700000762939453,26,8611,COL,331,225,29179,930,Colombia,Decile 10,Rural,2009
3.799999952316284,26,8611,COL,331,225,29179,922,Colombia,Decile 2,Rural,2009
5.400000095367432,26,8611,COL,331,225,29179,923,Colombia,Decile 3,Rural,2009
6.900000095367432,26,8611,COL,331,225,29179,924,Colombia,Decile 4,Rural,2009
7.900000095367432,26,8611,COL,331,225,29179,925,Colombia,Decile 5,Rural,2009
9,26,8611,COL,331,225,29179,926,Colombia,Decile 6,Rural,2009
10.899999618530273,26,8611,COL,331,225,29179,927,Colombia,Decile 7,Rural,2009
12.699999809265137,26,8611,COL,331,225,29179,928,Colombia,Decile 8,Rural,2009
15.699999809265137,26,8611,COL,331,225,29179,929,Colombia,Decile 9,Rural,2009
1.5,26,8611,COL,330,225,29179,921,Colombia,Decile 1,Urban,2009
35.29999923706055,26,8611,COL,330,225,29179,930,Colombia,Decile 10,Urban,2009
3.200000047683716,26,8611,COL,330,225,29179,922,Colombia,Decile 2,Urban,2009
4.199999809265137,26,8611,COL,330,225,29179,923,Colombia,Decile 3,Urban,2009
5.5,26,8611,COL,330,225,29179,924,Colombia,Decile 4,Urban,2009
6.5,26,8611,COL,330,225,29179,925,Colombia,Decile 5,Urban,2009
7.900000095367432,26,8611,COL,330,225,29179,926,Colombia,Decile 6,Urban,2009
9.399999618530273,26,8611,COL,330,225,29179,927,Colombia,Decile 7,Urban,2009
11.199999809265137,26,8611,COL,330,225,29179,928,Colombia,Decile 8,Urban,2009
15.300000190734863,26,8611,COL,330,225,29179,929,Colombia,Decile 9,Urban,2009
1.2999999523162842,26,8611,COL,327,225,29180,921,Colombia,Decile 1,National,2010
36.599998474121094,26,8611,COL,327,225,29180,930,Colombia,Decile 10,National,2010
2.9000000953674316,26,8611,COL,327,225,29180,922,Colombia,Decile 2,National,2010
4,26,8611,COL,327,225,29180,923,Colombia,Decile 3,National,2010
5.099999904632568,26,8611,COL,327,225,29180,924,Colombia,Decile 4,National,2010
6.300000190734863,26,8611,COL,327,225,29180,925,Colombia,Decile 5,National,2010
7.599999904632568,26,8611,COL,327,225,29180,926,Colombia,Decile 6,National,2010
9.300000190734863,26,8611,COL,327,225,29180,927,Colombia,Decile 7,National,2010
11.300000190734863,26,8611,COL,327,225,29180,928,Colombia,Decile 8,National,2010
15.600000381469727,26,8611,COL,327,225,29180,929,Colombia,Decile 9,National,2010
1.7999999523162842,26,8611,COL,331,225,29180,921,Colombia,Decile 1,Rural,2010
27.200000762939453,26,8611,COL,331,225,29180,930,Colombia,Decile 10,Rural,2010
3.799999952316284,26,8611,COL,331,225,29180,922,Colombia,Decile 2,Rural,2010
5.300000190734863,26,8611,COL,331,225,29180,923,Colombia,Decile 3,Rural,2010
6.300000190734863,26,8611,COL,331,225,29180,924,Colombia,Decile 4,Rural,2010
8,26,8611,COL,331,225,29180,925,Colombia,Decile 5,Rural,2010
8.800000190734863,26,8611,COL,331,225,29180,926,Colombia,Decile 6,Rural,2010
10.600000381469727,26,8611,COL,331,225,29180,927,Colombia,Decile 7,Rural,2010
12.5,26,8611,COL,331,225,29180,928,Colombia,Decile 8,Rural,2010
15.699999809265137,26,8611,COL,331,225,29180,929,Colombia,Decile 9,Rural,2010
1.600000023841858,26,8611,COL,330,225,29180,921,Colombia,Decile 1,Urban,2010
35.099998474121094,26,8611,COL,330,225,29180,930,Colombia,Decile 10,Urban,2010
3.299999952316284,26,8611,COL,330,225,29180,922,Colombia,Decile 2,Urban,2010
4.300000190734863,26,8611,COL,330,225,29180,923,Colombia,Decile 3,Urban,2010
5.5,26,8611,COL,330,225,29180,924,Colombia,Decile 4,Urban,2010
6.5,26,8611,COL,330,225,29180,925,Colombia,Decile 5,Urban,2010
7.900000095367432,26,8611,COL,330,225,29180,926,Colombia,Decile 6,Urban,2010
9,26,8611,COL,330,225,29180,927,Colombia,Decile 7,Urban,2010
11.199999809265137,26,8611,COL,330,225,29180,928,Colombia,Decile 8,Urban,2010
15.600000381469727,26,8611,COL,330,225,29180,929,Colombia,Decile 9,Urban,2010
1.399999976158142,26,8611,COL,327,225,29181,921,Colombia,Decile 1,National,2011
35.900001525878906,26,8611,COL,327,225,29181,930,Colombia,Decile 10,National,2011
3,26,8611,COL,327,225,29181,922,Colombia,Decile 2,National,2011
4.099999904632568,26,8611,COL,327,225,29181,923,Colombia,Decile 3,National,2011
5.199999809265137,26,8611,COL,327,225,29181,924,Colombia,Decile 4,National,2011
6.400000095367432,26,8611,COL,327,225,29181,925,Colombia,Decile 5,National,2011
7.699999809265137,26,8611,COL,327,225,29181,926,Colombia,Decile 6,National,2011
9.5,26,8611,COL,327,225,29181,927,Colombia,Decile 7,National,2011
11.399999618530273,26,8611,COL,327,225,29181,928,Colombia,Decile 8,National,2011
15.399999618530273,26,8611,COL,327,225,29181,929,Colombia,Decile 9,National,2011
2,26,8611,COL,331,225,29181,921,Colombia,Decile 1,Rural,2011
26.200000762939453,26,8611,COL,331,225,29181,930,Colombia,Decile 10,Rural,2011
4.099999904632568,26,8611,COL,331,225,29181,922,Colombia,Decile 2,Rural,2011
5.599999904632568,26,8611,COL,331,225,29181,923,Colombia,Decile 3,Rural,2011
6.699999809265137,26,8611,COL,331,225,29181,924,Colombia,Decile 4,Rural,2011
7.900000095367432,26,8611,COL,331,225,29181,925,Colombia,Decile 5,Rural,2011
9.300000190734863,26,8611,COL,331,225,29181,926,Colombia,Decile 6,Rural,2011
10.600000381469727,26,8611,COL,331,225,29181,927,Colombia,Decile 7,Rural,2011
12.699999809265137,26,8611,COL,331,225,29181,928,Colombia,Decile 8,Rural,2011
15.100000381469727,26,8611,COL,331,225,29181,929,Colombia,Decile 9,Rural,2011
1.7000000476837158,26,8611,COL,330,225,29181,921,Colombia,Decile 1,Urban,2011
34.29999923706055,26,8611,COL,330,225,29181,930,Colombia,Decile 10,Urban,2011
3.4000000953674316,26,8611,COL,330,225,29181,922,Colombia,Decile 2,Urban,2011
4.400000095367432,26,8611,COL,330,225,29181,923,Colombia,Decile 3,Urban,2011
5.5,26,8611,COL,330,225,29181,924,Colombia,Decile 4,Urban,2011
6.599999904632568,26,8611,COL,330,225,29181,925,Colombia,Decile 5,Urban,2011
7.900000095367432,26,8611,COL,330,225,29181,926,Colombia,Decile 6,Urban,2011
9.399999618530273,26,8611,COL,330,225,29181,927,Colombia,Decile 7,Urban,2011
11.199999809265137,26,8611,COL,330,225,29181,928,Colombia,Decile 8,Urban,2011
15.5,26,8611,COL,330,225,29181,929,Colombia,Decile 9,Urban,2011
1.399999976158142,26,8611,COL,327,225,29182,921,Colombia,Decile 1,National,2012
34.70000076293945,26,8611,COL,327,225,29182,930,Colombia,Decile 10,National,2012
3,26,8611,COL,327,225,29182,922,Colombia,Decile 2,National,2012
4.199999809265137,26,8611,COL,327,225,29182,923,Colombia,Decile 3,National,2012
5.400000095367432,26,8611,COL,327,225,29182,924,Colombia,Decile 4,National,2012
6.5,26,8611,COL,327,225,29182,925,Colombia,Decile 5,National,2012
8,26,8611,COL,327,225,29182,926,Colombia,Decile 6,National,2012
9.899999618530273,26,8611,COL,327,225,29182,927,Colombia,Decile 7,National,2012
11.399999618530273,26,8611,COL,327,225,29182,928,Colombia,Decile 8,National,2012
15.5,26,8611,COL,327,225,29182,929,Colombia,Decile 9,National,2012
1.7999999523162842,26,8611,COL,331,225,29182,921,Colombia,Decile 1,Rural,2012
26.100000381469727,26,8611,COL,331,225,29182,930,Colombia,Decile 10,Rural,2012
4.099999904632568,26,8611,COL,331,225,29182,922,Colombia,Decile 2,Rural,2012
5.300000190734863,26,8611,COL,331,225,29182,923,Colombia,Decile 3,Rural,2012
6.800000190734863,26,8611,COL,331,225,29182,924,Colombia,Decile 4,Rural,2012
7.800000190734863,26,8611,COL,331,225,29182,925,Colombia,Decile 5,Rural,2012
9.399999618530273,26,8611,COL,331,225,29182,926,Colombia,Decile 6,Rural,2012
10.600000381469727,26,8611,COL,331,225,29182,927,Colombia,Decile 7,Rural,2012
12.600000381469727,26,8611,COL,331,225,29182,928,Colombia,Decile 8,Rural,2012
15.600000381469727,26,8611,COL,331,225,29182,929,Colombia,Decile 9,Rural,2012
1.600000023841858,26,8611,COL,330,225,29182,921,Colombia,Decile 1,Urban,2012
33.5,26,8611,COL,330,225,29182,930,Colombia,Decile 10,Urban,2012
3.4000000953674316,26,8611,COL,330,225,29182,922,Colombia,Decile 2,Urban,2012
4.699999809265137,26,8611,COL,330,225,29182,923,Colombia,Decile 3,Urban,2012
5.800000190734863,26,8611,COL,330,225,29182,924,Colombia,Decile 4,Urban,2012
6.800000190734863,26,8611,COL,330,225,29182,925,Colombia,Decile 5,Urban,2012
8.300000190734863,26,8611,COL,330,225,29182,926,Colombia,Decile 6,Urban,2012
9.600000381469727,26,8611,COL,330,225,29182,927,Colombia,Decile 7,Urban,2012
11.199999809265137,26,8611,COL,330,225,29182,928,Colombia,Decile 8,Urban,2012
15.199999809265137,26,8611,COL,330,225,29182,929,Colombia,Decile 9,Urban,2012
1.399999976158142,26,8611,COL,327,225,29183,921,Colombia,Decile 1,National,2013
35.099998474121094,26,8611,COL,327,225,29183,930,Colombia,Decile 10,National,2013
3.0999999046325684,26,8611,COL,327,225,29183,922,Colombia,Decile 2,National,2013
4.199999809265137,26,8611,COL,327,225,29183,923,Colombia,Decile 3,National,2013
5.400000095367432,26,8611,COL,327,225,29183,924,Colombia,Decile 4,National,2013
6.5,26,8611,COL,327,225,29183,925,Colombia,Decile 5,National,2013
8,26,8611,COL,327,225,29183,926,Colombia,Decile 6,National,2013
9.5,26,8611,COL,327,225,29183,927,Colombia,Decile 7,National,2013
11.399999618530273,26,8611,COL,327,225,29183,928,Colombia,Decile 8,National,2013
15.399999618530273,26,8611,COL,327,225,29183,929,Colombia,Decile 9,National,2013
1.899999976158142,26,8611,COL,331,225,29183,921,Colombia,Decile 1,Rural,2013
24.200000762939453,26,8611,COL,331,225,29183,930,Colombia,Decile 10,Rural,2013
4.099999904632568,26,8611,COL,331,225,29183,922,Colombia,Decile 2,Rural,2013
5.5,26,8611,COL,331,225,29183,923,Colombia,Decile 3,Rural,2013
6.900000095367432,26,8611,COL,331,225,29183,924,Colombia,Decile 4,Rural,2013
8.300000190734863,26,8611,COL,331,225,29183,925,Colombia,Decile 5,Rural,2013
9.399999618530273,26,8611,COL,331,225,29183,926,Colombia,Decile 6,Rural,2013
10.899999618530273,26,8611,COL,331,225,29183,927,Colombia,Decile 7,Rural,2013
13,26,8611,COL,331,225,29183,928,Colombia,Decile 8,Rural,2013
15.800000190734863,26,8611,COL,331,225,29183,929,Colombia,Decile 9,Rural,2013
1.600000023841858,26,8611,COL,330,225,29183,921,Colombia,Decile 1,Urban,2013
33.79999923706055,26,8611,COL,330,225,29183,930,Colombia,Decile 10,Urban,2013
3.4000000953674316,26,8611,COL,330,225,29183,922,Colombia,Decile 2,Urban,2013
4.699999809265137,26,8611,COL,330,225,29183,923,Colombia,Decile 3,Urban,2013
5.699999809265137,26,8611,COL,330,225,29183,924,Colombia,Decile 4,Urban,2013
6.800000190734863,26,8611,COL,330,225,29183,925,Colombia,Decile 5,Urban,2013
8.199999809265137,26,8611,COL,330,225,29183,926,Colombia,Decile 6,Urban,2013
9.199999809265137,26,8611,COL,330,225,29183,927,Colombia,Decile 7,Urban,2013
11.300000190734863,26,8611,COL,330,225,29183,928,Colombia,Decile 8,Urban,2013
15.300000190734863,26,8611,COL,330,225,29183,929,Colombia,Decile 9,Urban,2013
1.399999976158142,26,8611,COL,327,225,29184,921,Colombia,Decile 1,National,2014
34.900001525878906,26,8611,COL,327,225,29184,930,Colombia,Decile 10,National,2014
3.0999999046325684,26,8611,COL,327,225,29184,922,Colombia,Decile 2,National,2014
4.300000190734863,26,8611,COL,327,225,29184,923,Colombia,Decile 3,National,2014
5.400000095367432,26,8611,COL,327,225,29184,924,Colombia,Decile 4,National,2014
6.599999904632568,26,8611,COL,327,225,29184,925,Colombia,Decile 5,National,2014
8.100000381469727,26,8611,COL,327,225,29184,926,Colombia,Decile 6,National,2014
9.699999809265137,26,8611,COL,327,225,29184,927,Colombia,Decile 7,National,2014
11.300000190734863,26,8611,COL,327,225,29184,928,Colombia,Decile 8,National,2014
15.399999618530273,26,8611,COL,327,225,29184,929,Colombia,Decile 9,National,2014
1.7999999523162842,26,8611,COL,331,225,29184,921,Colombia,Decile 1,Rural,2014
26.200000762939453,26,8611,COL,331,225,29184,930,Colombia,Decile 10,Rural,2014
4,26,8611,COL,331,225,29184,922,Colombia,Decile 2,Rural,2014
5.400000095367432,26,8611,COL,331,225,29184,923,Colombia,Decile 3,Rural,2014
6.699999809265137,26,8611,COL,331,225,29184,924,Colombia,Decile 4,Rural,2014
8,26,8611,COL,331,225,29184,925,Colombia,Decile 5,Rural,2014
9.300000190734863,26,8611,COL,331,225,29184,926,Colombia,Decile 6,Rural,2014
10.600000381469727,26,8611,COL,331,225,29184,927,Colombia,Decile 7,Rural,2014
12.600000381469727,26,8611,COL,331,225,29184,928,Colombia,Decile 8,Rural,2014
15.399999618530273,26,8611,COL,331,225,29184,929,Colombia,Decile 9,Rural,2014
1.7000000476837158,26,8611,COL,330,225,29184,921,Colombia,Decile 1,Urban,2014
33.70000076293945,26,8611,COL,330,225,29184,930,Colombia,Decile 10,Urban,2014
3.5,26,8611,COL,330,225,29184,922,Colombia,Decile 2,Urban,2014
4.599999904632568,26,8611,COL,330,225,29184,923,Colombia,Decile 3,Urban,2014
5.900000095367432,26,8611,COL,330,225,29184,924,Colombia,Decile 4,Urban,2014
6.900000095367432,26,8611,COL,330,225,29184,925,Colombia,Decile 5,Urban,2014
7.900000095367432,26,8611,COL,330,225,29184,926,Colombia,Decile 6,Urban,2014
9.5,26,8611,COL,330,225,29184,927,Colombia,Decile 7,Urban,2014
11,26,8611,COL,330,225,29184,928,Colombia,Decile 8,Urban,2014
15.300000190734863,26,8611,COL,330,225,29184,929,Colombia,Decile 9,Urban,2014
1.5,26,8611,COL,327,225,29185,921,Colombia,Decile 1,National,2015
33.599998474121094,26,8611,COL,327,225,29185,930,Colombia,Decile 10,National,2015
3.299999952316284,26,8611,COL,327,225,29185,922,Colombia,Decile 2,National,2015
4.400000095367432,26,8611,COL,327,225,29185,923,Colombia,Decile 3,National,2015
5.699999809265137,26,8611,COL,327,225,29185,924,Colombia,Decile 4,National,2015
6.800000190734863,26,8611,COL,327,225,29185,925,Colombia,Decile 5,National,2015
8.300000190734863,26,8611,COL,327,225,29185,926,Colombia,Decile 6,National,2015
9.800000190734863,26,8611,COL,327,225,29185,927,Colombia,Decile 7,National,2015
11.5,26,8611,COL,327,225,29185,928,Colombia,Decile 8,National,2015
15.100000381469727,26,8611,COL,327,225,29185,929,Colombia,Decile 9,National,2015
2,26,8611,COL,331,225,29185,921,Colombia,Decile 1,Rural,2015
25.200000762939453,26,8611,COL,331,225,29185,930,Colombia,Decile 10,Rural,2015
4.099999904632568,26,8611,COL,331,225,29185,922,Colombia,Decile 2,Rural,2015
5.599999904632568,26,8611,COL,331,225,29185,923,Colombia,Decile 3,Rural,2015
7,26,8611,COL,331,225,29185,924,Colombia,Decile 4,Rural,2015
8.100000381469727,26,8611,COL,331,225,29185,925,Colombia,Decile 5,Rural,2015
9.199999809265137,26,8611,COL,331,225,29185,926,Colombia,Decile 6,Rural,2015
10.800000190734863,26,8611,COL,331,225,29185,927,Colombia,Decile 7,Rural,2015
12.699999809265137,26,8611,COL,331,225,29185,928,Colombia,Decile 8,Rural,2015
15.300000190734863,26,8611,COL,331,225,29185,929,Colombia,Decile 9,Rural,2015
1.7999999523162842,26,8611,COL,330,225,29185,921,Colombia,Decile 1,Urban,2015
32.5,26,8611,COL,330,225,29185,930,Colombia,Decile 10,Urban,2015
3.700000047683716,26,8611,COL,330,225,29185,922,Colombia,Decile 2,Urban,2015
4.900000095367432,26,8611,COL,330,225,29185,923,Colombia,Decile 3,Urban,2015
5.900000095367432,26,8611,COL,330,225,29185,924,Colombia,Decile 4,Urban,2015
7.199999809265137,26,8611,COL,330,225,29185,925,Colombia,Decile 5,Urban,2015
8.300000190734863,26,8611,COL,330,225,29185,926,Colombia,Decile 6,Urban,2015
9.5,26,8611,COL,330,225,29185,927,Colombia,Decile 7,Urban,2015
11.300000190734863,26,8611,COL,330,225,29185,928,Colombia,Decile 8,Urban,2015
14.899999618530273,26,8611,COL,330,225,29185,929,Colombia,Decile 9,Urban,2015
1.600000023841858,26,8611,COL,327,225,29186,921,Colombia,Decile 1,National,2016
33.5,26,8611,COL,327,225,29186,930,Colombia,Decile 10,National,2016
3.4000000953674316,26,8611,COL,327,225,29186,922,Colombia,Decile 2,National,2016
4.699999809265137,26,8611,COL,327,225,29186,923,Colombia,Decile 3,National,2016
5.699999809265137,26,8611,COL,327,225,29186,924,Colombia,Decile 4,National,2016
7,26,8611,COL,327,225,29186,925,Colombia,Decile 5,National,2016
8.399999618530273,26,8611,COL,327,225,29186,926,Colombia,Decile 6,National,2016
9.699999809265137,26,8611,COL,327,225,29186,927,Colombia,Decile 7,National,2016
11.300000190734863,26,8611,COL,327,225,29186,928,Colombia,Decile 8,National,2016
14.899999618530273,26,8611,COL,327,225,29186,929,Colombia,Decile 9,National,2016
2.0999999046325684,26,8611,COL,331,225,29186,921,Colombia,Decile 1,Rural,2016
26.200000762939453,26,8611,COL,331,225,29186,930,Colombia,Decile 10,Rural,2016
4.099999904632568,26,8611,COL,331,225,29186,922,Colombia,Decile 2,Rural,2016
5.5,26,8611,COL,331,225,29186,923,Colombia,Decile 3,Rural,2016
6.900000095367432,26,8611,COL,331,225,29186,924,Colombia,Decile 4,Rural,2016
8,26,8611,COL,331,225,29186,925,Colombia,Decile 5,Rural,2016
9.600000381469727,26,8611,COL,331,225,29186,926,Colombia,Decile 6,Rural,2016
10.199999809265137,26,8611,COL,331,225,29186,927,Colombia,Decile 7,Rural,2016
12.5,26,8611,COL,331,225,29186,928,Colombia,Decile 8,Rural,2016
14.899999618530273,26,8611,COL,331,225,29186,929,Colombia,Decile 9,Rural,2016
1.7999999523162842,26,8611,COL,330,225,29186,921,Colombia,Decile 1,Urban,2016
32.29999923706055,26,8611,COL,330,225,29186,930,Colombia,Decile 10,Urban,2016
3.799999952316284,26,8611,COL,330,225,29186,922,Colombia,Decile 2,Urban,2016
5,26,8611,COL,330,225,29186,923,Colombia,Decile 3,Urban,2016
6.099999904632568,26,8611,COL,330,225,29186,924,Colombia,Decile 4,Urban,2016
7.199999809265137,26,8611,COL,330,225,29186,925,Colombia,Decile 5,Urban,2016
8.5,26,8611,COL,330,225,29186,926,Colombia,Decile 6,Urban,2016
9.199999809265137,26,8611,COL,330,225,29186,927,Colombia,Decile 7,Urban,2016
11.300000190734863,26,8611,COL,330,225,29186,928,Colombia,Decile 8,Urban,2016
14.800000190734863,26,8611,COL,330,225,29186,929,Colombia,Decile 9,Urban,2016
1.7000000476837158,26,8611,COL,327,225,29187,921,Colombia,Decile 1,National,2017
32.5,26,8611,COL,327,225,29187,930,Colombia,Decile 10,National,2017
3.5,26,8611,COL,327,225,29187,922,Colombia,Decile 2,National,2017
4.800000190734863,26,8611,COL,327,225,29187,923,Colombia,Decile 3,National,2017
5.900000095367432,26,8611,COL,327,225,29187,924,Colombia,Decile 4,National,2017
7,26,8611,COL,327,225,29187,925,Colombia,Decile 5,National,2017
8.300000190734863,26,8611,COL,327,225,29187,926,Colombia,Decile 6,National,2017
10,26,8611,COL,327,225,29187,927,Colombia,Decile 7,National,2017
11.199999809265137,26,8611,COL,327,225,29187,928,Colombia,Decile 8,National,2017
15.100000381469727,26,8611,COL,327,225,29187,929,Colombia,Decile 9,National,2017
2.200000047683716,26,8611,COL,331,225,29187,921,Colombia,Decile 1,Rural,2017
26.399999618530273,26,8611,COL,331,225,29187,930,Colombia,Decile 10,Rural,2017
4.099999904632568,26,8611,COL,331,225,29187,922,Colombia,Decile 2,Rural,2017
5.599999904632568,26,8611,COL,331,225,29187,923,Colombia,Decile 3,Rural,2017
6.800000190734863,26,8611,COL,331,225,29187,924,Colombia,Decile 4,Rural,2017
7.900000095367432,26,8611,COL,331,225,29187,925,Colombia,Decile 5,Rural,2017
9.100000381469727,26,8611,COL,331,225,29187,926,Colombia,Decile 6,Rural,2017
10.399999618530273,26,8611,COL,331,225,29187,927,Colombia,Decile 7,Rural,2017
12.5,26,8611,COL,331,225,29187,928,Colombia,Decile 8,Rural,2017
15.100000381469727,26,8611,COL,331,225,29187,929,Colombia,Decile 9,Rural,2017
1.899999976158142,26,8611,COL,330,225,29187,921,Colombia,Decile 1,Urban,2017
31.5,26,8611,COL,330,225,29187,930,Colombia,Decile 10,Urban,2017
3.9000000953674316,26,8611,COL,330,225,29187,922,Colombia,Decile 2,Urban,2017
5.099999904632568,26,8611,COL,330,225,29187,923,Colombia,Decile 3,Urban,2017
6.099999904632568,26,8611,COL,330,225,29187,924,Colombia,Decile 4,Urban,2017
7.300000190734863,26,8611,COL,330,225,29187,925,Colombia,Decile 5,Urban,2017
8.399999618530273,26,8611,COL,330,225,29187,926,Colombia,Decile 6,Urban,2017
9.699999809265137,26,8611,COL,330,225,29187,927,Colombia,Decile 7,Urban,2017
11.100000381469727,26,8611,COL,330,225,29187,928,Colombia,Decile 8,Urban,2017
15,26,8611,COL,330,225,29187,929,Colombia,Decile 9,Urban,2017
1.600000023841858,26,8611,COL,327,225,29188,921,Colombia,Decile 1,National,2018
33.599998474121094,26,8611,COL,327,225,29188,930,Colombia,Decile 10,National,2018
3.4000000953674316,26,8611,COL,327,225,29188,922,Colombia,Decile 2,National,2018
4.599999904632568,26,8611,COL,327,225,29188,923,Colombia,Decile 3,National,2018
6,26,8611,COL,327,225,29188,924,Colombia,Decile 4,National,2018
6.599999904632568,26,8611,COL,327,225,29188,925,Colombia,Decile 5,National,2018
8.5,26,8611,COL,327,225,29188,926,Colombia,Decile 6,National,2018
9.699999809265137,26,8611,COL,327,225,29188,927,Colombia,Decile 7,National,2018
11.199999809265137,26,8611,COL,327,225,29188,928,Colombia,Decile 8,National,2018
14.899999618530273,26,8611,COL,327,225,29188,929,Colombia,Decile 9,National,2018
2.0999999046325684,26,8611,COL,331,225,29188,921,Colombia,Decile 1,Rural,2018
24.399999618530273,26,8611,COL,331,225,29188,930,Colombia,Decile 10,Rural,2018
4.199999809265137,26,8611,COL,331,225,29188,922,Colombia,Decile 2,Rural,2018
5.599999904632568,26,8611,COL,331,225,29188,923,Colombia,Decile 3,Rural,2018
7,26,8611,COL,331,225,29188,924,Colombia,Decile 4,Rural,2018
8.199999809265137,26,8611,COL,331,225,29188,925,Colombia,Decile 5,Rural,2018
9.699999809265137,26,8611,COL,331,225,29188,926,Colombia,Decile 6,Rural,2018
10.800000190734863,26,8611,COL,331,225,29188,927,Colombia,Decile 7,Rural,2018
12.699999809265137,26,8611,COL,331,225,29188,928,Colombia,Decile 8,Rural,2018
15.300000190734863,26,8611,COL,331,225,29188,929,Colombia,Decile 9,Rural,2018
1.899999976158142,26,8611,COL,330,225,29188,921,Colombia,Decile 1,Urban,2018
32.5,26,8611,COL,330,225,29188,930,Colombia,Decile 10,Urban,2018
3.799999952316284,26,8611,COL,330,225,29188,922,Colombia,Decile 2,Urban,2018
5,26,8611,COL,330,225,29188,923,Colombia,Decile 3,Urban,2018
6,26,8611,COL,330,225,29188,924,Colombia,Decile 4,Urban,2018
7.099999904632568,26,8611,COL,330,225,29188,925,Colombia,Decile 5,Urban,2018
8.399999618530273,26,8611,COL,330,225,29188,926,Colombia,Decile 6,Urban,2018
9.399999618530273,26,8611,COL,330,225,29188,927,Colombia,Decile 7,Urban,2018
10.899999618530273,26,8611,COL,330,225,29188,928,Colombia,Decile 8,Urban,2018
15,26,8611,COL,330,225,29188,929,Colombia,Decile 9,Urban,2018
1.399999976158142,26,8611,COL,327,225,29189,921,Colombia,Decile 1,National,2019
34,26,8611,COL,327,225,29189,930,Colombia,Decile 10,National,2019
3.299999952316284,26,8611,COL,327,225,29189,922,Colombia,Decile 2,National,2019
4.5,26,8611,COL,327,225,29189,923,Colombia,Decile 3,National,2019
5.599999904632568,26,8611,COL,327,225,29189,924,Colombia,Decile 4,National,2019
7,26,8611,COL,327,225,29189,925,Colombia,Decile 5,National,2019
8.399999618530273,26,8611,COL,327,225,29189,926,Colombia,Decile 6,National,2019
9.699999809265137,26,8611,COL,327,225,29189,927,Colombia,Decile 7,National,2019
11.300000190734863,26,8611,COL,327,225,29189,928,Colombia,Decile 8,National,2019
14.800000190734863,26,8611,COL,327,225,29189,929,Colombia,Decile 9,National,2019
1.899999976158142,26,8611,COL,331,225,29189,921,Colombia,Decile 1,Rural,2019
24.200000762939453,26,8611,COL,331,225,29189,930,Colombia,Decile 10,Rural,2019
3.799999952316284,26,8611,COL,331,225,29189,922,Colombia,Decile 2,Rural,2019
5.400000095367432,26,8611,COL,331,225,29189,923,Colombia,Decile 3,Rural,2019
6.800000190734863,26,8611,COL,331,225,29189,924,Colombia,Decile 4,Rural,2019
8.100000381469727,26,8611,COL,331,225,29189,925,Colombia,Decile 5,Rural,2019
9.5,26,8611,COL,331,225,29189,926,Colombia,Decile 6,Rural,2019
11.300000190734863,26,8611,COL,331,225,29189,927,Colombia,Decile 7,Rural,2019
13.399999618530273,26,8611,COL,331,225,29189,928,Colombia,Decile 8,Rural,2019
15.600000381469727,26,8611,COL,331,225,29189,929,Colombia,Decile 9,Rural,2019
1.7000000476837158,26,8611,COL,330,225,29189,921,Colombia,Decile 1,Urban,2019
32.900001525878906,26,8611,COL,330,225,29189,930,Colombia,Decile 10,Urban,2019
3.799999952316284,26,8611,COL,330,225,29189,922,Colombia,Decile 2,Urban,2019
4.900000095367432,26,8611,COL,330,225,29189,923,Colombia,Decile 3,Urban,2019
6,26,8611,COL,330,225,29189,924,Colombia,Decile 4,Urban,2019
7,26,8611,COL,330,225,29189,925,Colombia,Decile 5,Urban,2019
8.5,26,8611,COL,330,225,29189,926,Colombia,Decile 6,Urban,2019
9.5,26,8611,COL,330,225,29189,927,Colombia,Decile 7,Urban,2019
10.899999618530273,26,8611,COL,330,225,29189,928,Colombia,Decile 8,Urban,2019
14.899999618530273,26,8611,COL,330,225,29189,929,Colombia,Decile 9,Urban,2019
0.800000011920929,26,8611,COL,327,225,29190,921,Colombia,Decile 1,National,2020
35.29999923706055,26,8611,COL,327,225,29190,930,Colombia,Decile 10,National,2020
2.700000047683716,26,8611,COL,327,225,29190,922,Colombia,Decile 2,National,2020
4.099999904632568,26,8611,COL,327,225,29190,923,Colombia,Decile 3,National,2020
5.400000095367432,26,8611,COL,327,225,29190,924,Colombia,Decile 4,National,2020
6.699999809265137,26,8611,COL,327,225,29190,925,Colombia,Decile 5,National,2020
8.100000381469727,26,8611,COL,327,225,29190,926,Colombia,Decile 6,National,2020
9.800000190734863,26,8611,COL,327,225,29190,927,Colombia,Decile 7,National,2020
11.800000190734863,26,8611,COL,327,225,29190,928,Colombia,Decile 8,National,2020
15.5,26,8611,COL,327,225,29190,929,Colombia,Decile 9,National,2020
1.899999976158142,26,8611,COL,331,225,29190,921,Colombia,Decile 1,Rural,2020
25.700000762939453,26,8611,COL,331,225,29190,930,Colombia,Decile 10,Rural,2020
4,26,8611,COL,331,225,29190,922,Colombia,Decile 2,Rural,2020
5.300000190734863,26,8611,COL,331,225,29190,923,Colombia,Decile 3,Rural,2020
6.699999809265137,26,8611,COL,331,225,29190,924,Colombia,Decile 4,Rural,2020
7.900000095367432,26,8611,COL,331,225,29190,925,Colombia,Decile 5,Rural,2020
9.5,26,8611,COL,331,225,29190,926,Colombia,Decile 6,Rural,2020
11.100000381469727,26,8611,COL,331,225,29190,927,Colombia,Decile 7,Rural,2020
12.800000190734863,26,8611,COL,331,225,29190,928,Colombia,Decile 8,Rural,2020
15.300000190734863,26,8611,COL,331,225,29190,929,Colombia,Decile 9,Rural,2020
0.6000000238418579,26,8611,COL,330,225,29190,921,Colombia,Decile 1,Urban,2020
34.599998474121094,26,8611,COL,330,225,29190,930,Colombia,Decile 10,Urban,2020
2.700000047683716,26,8611,COL,330,225,29190,922,Colombia,Decile 2,Urban,2020
4.300000190734863,26,8611,COL,330,225,29190,923,Colombia,Decile 3,Urban,2020
5.599999904632568,26,8611,COL,330,225,29190,924,Colombia,Decile 4,Urban,2020
6.599999904632568,26,8611,COL,330,225,29190,925,Colombia,Decile 5,Urban,2020
8.300000190734863,26,8611,COL,330,225,29190,926,Colombia,Decile 6,Urban,2020
10.100000381469727,26,8611,COL,330,225,29190,927,Colombia,Decile 7,Urban,2020
11.5,26,8611,COL,330,225,29190,928,Colombia,Decile 8,Urban,2020
15.699999809265137,26,8611,COL,330,225,29190,929,Colombia,Decile 9,Urban,2020
1.5,26,8611,COL,327,225,29191,921,Colombia,Decile 1,National,2021
33.900001525878906,26,8611,COL,327,225,29191,930,Colombia,Decile 10,National,2021
3.299999952316284,26,8611,COL,327,225,29191,922,Colombia,Decile 2,National,2021
4.5,26,8611,COL,327,225,29191,923,Colombia,Decile 3,National,2021
5.699999809265137,26,8611,COL,327,225,29191,924,Colombia,Decile 4,National,2021
6.800000190734863,26,8611,COL,327,225,29191,925,Colombia,Decile 5,National,2021
8.100000381469727,26,8611,COL,327,225,29191,926,Colombia,Decile 6,National,2021
9.800000190734863,26,8611,COL,327,225,29191,927,Colombia,Decile 7,National,2021
11.399999618530273,26,8611,COL,327,225,29191,928,Colombia,Decile 8,National,2021
15.100000381469727,26,8611,COL,327,225,29191,929,Colombia,Decile 9,National,2021
2.200000047683716,26,8611,COL,331,225,29191,921,Colombia,Decile 1,Rural,2021
24.899999618530273,26,8611,COL,331,225,29191,930,Colombia,Decile 10,Rural,2021
4.300000190734863,26,8611,COL,331,225,29191,922,Colombia,Decile 2,Rural,2021
5.5,26,8611,COL,331,225,29191,923,Colombia,Decile 3,Rural,2021
6.599999904632568,26,8611,COL,331,225,29191,924,Colombia,Decile 4,Rural,2021
8.199999809265137,26,8611,COL,331,225,29191,925,Colombia,Decile 5,Rural,2021
9.399999618530273,26,8611,COL,331,225,29191,926,Colombia,Decile 6,Rural,2021
11.100000381469727,26,8611,COL,331,225,29191,927,Colombia,Decile 7,Rural,2021
12.600000381469727,26,8611,COL,331,225,29191,928,Colombia,Decile 8,Rural,2021
15.199999809265137,26,8611,COL,331,225,29191,929,Colombia,Decile 9,Rural,2021
1.5,26,8611,COL,330,225,29191,921,Colombia,Decile 1,Urban,2021
33.20000076293945,26,8611,COL,330,225,29191,930,Colombia,Decile 10,Urban,2021
3.5999999046325684,26,8611,COL,330,225,29191,922,Colombia,Decile 2,Urban,2021
4.699999809265137,26,8611,COL,330,225,29191,923,Colombia,Decile 3,Urban,2021
5.900000095367432,26,8611,COL,330,225,29191,924,Colombia,Decile 4,Urban,2021
7,26,8611,COL,330,225,29191,925,Colombia,Decile 5,Urban,2021
8.100000381469727,26,8611,COL,330,225,29191,926,Colombia,Decile 6,Urban,2021
9.600000381469727,26,8611,COL,330,225,29191,927,Colombia,Decile 7,Urban,2021
11.100000381469727,26,8611,COL,330,225,29191,928,Colombia,Decile 8,Urban,2021
15.399999618530273,26,8611,COL,330,225,29191,929,Colombia,Decile 9,Urban,2021
1.2000000476837158,26,16004,COL,327,225,29192,921,Colombia,Decile 1,National,2022
37.29999923706055,26,16004,COL,327,225,29192,930,Colombia,Decile 10,National,2022
2.700000047683716,26,16004,COL,327,225,29192,922,Colombia,Decile 2,National,2022
4,26,16004,COL,327,225,29192,923,Colombia,Decile 3,National,2022
5.099999904632568,26,16004,COL,327,225,29192,924,Colombia,Decile 4,National,2022
6.199999809265137,26,16004,COL,327,225,29192,925,Colombia,Decile 5,National,2022
7.599999904632568,26,16004,COL,327,225,29192,926,Colombia,Decile 6,National,2022
9.199999809265137,26,16004,COL,327,225,29192,927,Colombia,Decile 7,National,2022
10.899999618530273,26,16004,COL,327,225,29192,928,Colombia,Decile 8,National,2022
15.800000190734863,26,16004,COL,327,225,29192,929,Colombia,Decile 9,National,2022
1.7000000476837158,26,16004,COL,331,225,29192,921,Colombia,Decile 1,Rural,2022
28.399999618530273,26,16004,COL,331,225,29192,930,Colombia,Decile 10,Rural,2022
3.5999999046325684,26,16004,COL,331,225,29192,922,Colombia,Decile 2,Rural,2022
4.900000095367432,26,16004,COL,331,225,29192,923,Colombia,Decile 3,Rural,2022
6.300000190734863,26,16004,COL,331,225,29192,924,Colombia,Decile 4,Rural,2022
7.699999809265137,26,16004,COL,331,225,29192,925,Colombia,Decile 5,Rural,2022
9.199999809265137,26,16004,COL,331,225,29192,926,Colombia,Decile 6,Rural,2022
10.600000381469727,26,16004,COL,331,225,29192,927,Colombia,Decile 7,Rural,2022
12.600000381469727,26,16004,COL,331,225,29192,928,Colombia,Decile 8,Rural,2022
15.100000381469727,26,16004,COL,331,225,29192,929,Colombia,Decile 9,Rural,2022
1.2000000476837158,26,16004,COL,330,225,29192,921,Colombia,Decile 1,Urban,2022
35.599998474121094,26,16004,COL,330,225,29192,930,Colombia,Decile 10,Urban,2022
3.200000047683716,26,16004,COL,330,225,29192,922,Colombia,Decile 2,Urban,2022
4.300000190734863,26,16004,COL,330,225,29192,923,Colombia,Decile 3,Urban,2022
5.400000095367432,26,16004,COL,330,225,29192,924,Colombia,Decile 4,Urban,2022
6.5,26,16004,COL,330,225,29192,925,Colombia,Decile 5,Urban,2022
7.800000190734863,26,16004,COL,330,225,29192,926,Colombia,Decile 6,Urban,2022
8.800000190734863,26,16004,COL,330,225,29192,927,Colombia,Decile 7,Urban,2022
11.199999809265137,26,16004,COL,330,225,29192,928,Colombia,Decile 8,Urban,2022
16.100000381469727,26,16004,COL,330,225,29192,929,Colombia,Decile 9,Urban,2022
1.100000023841858,26,16004,COL,327,225,29193,921,Colombia,Decile 1,National,2023
36.900001525878906,26,16004,COL,327,225,29193,930,Colombia,Decile 10,National,2023
2.799999952316284,26,16004,COL,327,225,29193,922,Colombia,Decile 2,National,2023
3.9000000953674316,26,16004,COL,327,225,29193,923,Colombia,Decile 3,National,2023
5.099999904632568,26,16004,COL,327,225,29193,924,Colombia,Decile 4,National,2023
6.199999809265137,26,16004,COL,327,225,29193,925,Colombia,Decile 5,National,2023
7.800000190734863,26,16004,COL,327,225,29193,926,Colombia,Decile 6,National,2023
9.199999809265137,26,16004,COL,327,225,29193,927,Colombia,Decile 7,National,2023
11.199999809265137,26,16004,COL,327,225,29193,928,Colombia,Decile 8,National,2023
15.800000190734863,26,16004,COL,327,225,29193,929,Colombia,Decile 9,National,2023
1.5,26,16004,COL,331,225,29193,921,Colombia,Decile 1,Rural,2023
29.700000762939453,26,16004,COL,331,225,29193,930,Colombia,Decile 10,Rural,2023
3.5999999046325684,26,16004,COL,331,225,29193,922,Colombia,Decile 2,Rural,2023
5,26,16004,COL,331,225,29193,923,Colombia,Decile 3,Rural,2023
6.300000190734863,26,16004,COL,331,225,29193,924,Colombia,Decile 4,Rural,2023
7.199999809265137,26,16004,COL,331,225,29193,925,Colombia,Decile 5,Rural,2023
8.899999618530273,26,16004,COL,331,225,29193,926,Colombia,Decile 6,Rural,2023
10.399999618530273,26,16004,COL,331,225,29193,927,Colombia,Decile 7,Rural,2023
12.100000381469727,26,16004,COL,331,225,29193,928,Colombia,Decile 8,Rural,2023
15.300000190734863,26,16004,COL,331,225,29193,929,Colombia,Decile 9,Rural,2023
1.2000000476837158,26,16004,COL,330,225,29193,921,Colombia,Decile 1,Urban,2023
35.29999923706055,26,16004,COL,330,225,29193,930,Colombia,Decile 10,Urban,2023
3.200000047683716,26,16004,COL,330,225,29193,922,Colombia,Decile 2,Urban,2023
4.300000190734863,26,16004,COL,330,225,29193,923,Colombia,Decile 3,Urban,2023
5.5,26,16004,COL,330,225,29193,924,Colombia,Decile 4,Urban,2023
6.5,26,16004,COL,330,225,29193,925,Colombia,Decile 5,Urban,2023
7.800000190734863,26,16004,COL,330,225,29193,926,Colombia,Decile 6,Urban,2023
9,26,16004,COL,330,225,29193,927,Colombia,Decile 7,Urban,2023
11.100000381469727,26,16004,COL,330,225,29193,928,Colombia,Decile 8,Urban,2023
16.100000381469727,26,16004,COL,330,225,29193,929,Colombia,Decile 9,Urban,2023
1.100000023841858,26,16004,COL,327,225,29194,921,Colombia,Decile 1,National,2024
36.79999923706055,26,16004,COL,327,225,29194,930,Colombia,Decile 10,National,2024
2.799999952316284,26,16004,COL,327,225,29194,922,Colombia,Decile 2,National,2024
4,26,16004,COL,327,225,29194,923,Colombia,Decile 3,National,2024
5.099999904632568,26,16004,COL,327,225,29194,924,Colombia,Decile 4,National,2024
6.400000095367432,26,16004,COL,327,225,29194,925,Colombia,Decile 5,National,2024
7.699999809265137,26,16004,COL,327,225,29194,926,Colombia,Decile 6,National,2024
9.600000381469727,26,16004,COL,327,225,29194,927,Colombia,Decile 7,National,2024
10.899999618530273,26,16004,COL,327,225,29194,928,Colombia,Decile 8,National,2024
15.600000381469727,26,16004,COL,327,225,29194,929,Colombia,Decile 9,National,2024
1.5,26,16004,COL,331,225,29194,921,Colombia,Decile 1,Rural,2024
29.100000381469727,26,16004,COL,331,225,29194,930,Colombia,Decile 10,Rural,2024
3.5999999046325684,26,16004,COL,331,225,29194,922,Colombia,Decile 2,Rural,2024
5,26,16004,COL,331,225,29194,923,Colombia,Decile 3,Rural,2024
6.199999809265137,26,16004,COL,331,225,29194,924,Colombia,Decile 4,Rural,2024
7.800000190734863,26,16004,COL,331,225,29194,925,Colombia,Decile 5,Rural,2024
8.800000190734863,26,16004,COL,331,225,29194,926,Colombia,Decile 6,Rural,2024
10.300000190734863,26,16004,COL,331,225,29194,927,Colombia,Decile 7,Rural,2024
12.5,26,16004,COL,331,225,29194,928,Colombia,Decile 8,Rural,2024
15.199999809265137,26,16004,COL,331,225,29194,929,Colombia,Decile 9,Rural,2024
1.2999999523162842,26,16004,COL,330,225,29194,921,Colombia,Decile 1,Urban,2024
35.29999923706055,26,16004,COL,330,225,29194,930,Colombia,Decile 10,Urban,2024
3.200000047683716,26,16004,COL,330,225,29194,922,Colombia,Decile 2,Urban,2024
4.5,26,16004,COL,330,225,29194,923,Colombia,Decile 3,Urban,2024
5.5,26,16004,COL,330,225,29194,924,Colombia,Decile 4,Urban,2024
6.699999809265137,26,16004,COL,330,225,29194,925,Colombia,Decile 5,Urban,2024
8,26,16004,COL,330,225,29194,926,Colombia,Decile 6,Urban,2024
8.899999618530273,26,16004,COL,330,225,29194,927,Colombia,Decile 7,Urban,2024
11,26,16004,COL,330,225,29194,928,Colombia,Decile 8,Urban,2024
15.699999809265137,26,16004,COL,330,225,29194,929,Colombia,Decile 9,Urban,2024
1.600000023841858,26,8612,CRI,327,226,29170,921,Costa Rica,Decile 1,National,2000
31,26,8612,CRI,327,226,29170,930,Costa Rica,Decile 10,National,2000
3.299999952316284,26,8612,CRI,327,226,29170,922,Costa Rica,Decile 2,National,2000
4.5,26,8612,CRI,327,226,29170,923,Costa Rica,Decile 3,National,2000
5.5,26,8612,CRI,327,226,29170,924,Costa Rica,Decile 4,National,2000
6.599999904632568,26,8612,CRI,327,226,29170,925,Costa Rica,Decile 5,National,2000
8.199999809265137,26,8612,CRI,327,226,29170,926,Costa Rica,Decile 6,National,2000
10.100000381469727,26,8612,CRI,327,226,29170,927,Costa Rica,Decile 7,National,2000
12.600000381469727,26,8612,CRI,327,226,29170,928,Costa Rica,Decile 8,National,2000
16.700000762939453,26,8612,CRI,327,226,29170,929,Costa Rica,Decile 9,National,2000
1.7000000476837158,26,8612,CRI,331,226,29170,921,Costa Rica,Decile 1,Rural,2000
29.200000762939453,26,8612,CRI,331,226,29170,930,Costa Rica,Decile 10,Rural,2000
3.4000000953674316,26,8612,CRI,331,226,29170,922,Costa Rica,Decile 2,Rural,2000
4.900000095367432,26,8612,CRI,331,226,29170,923,Costa Rica,Decile 3,Rural,2000
6,26,8612,CRI,331,226,29170,924,Costa Rica,Decile 4,Rural,2000
7.199999809265137,26,8612,CRI,331,226,29170,925,Costa Rica,Decile 5,Rural,2000
8.600000381469727,26,8612,CRI,331,226,29170,926,Costa Rica,Decile 6,Rural,2000
10.300000190734863,26,8612,CRI,331,226,29170,927,Costa Rica,Decile 7,Rural,2000
12.699999809265137,26,8612,CRI,331,226,29170,928,Costa Rica,Decile 8,Rural,2000
16.100000381469727,26,8612,CRI,331,226,29170,929,Costa Rica,Decile 9,Rural,2000
1.899999976158142,26,8612,CRI,330,226,29170,921,Costa Rica,Decile 1,Urban,2000
28.200000762939453,26,8612,CRI,330,226,29170,930,Costa Rica,Decile 10,Urban,2000
3.700000047683716,26,8612,CRI,330,226,29170,922,Costa Rica,Decile 2,Urban,2000
4.699999809265137,26,8612,CRI,330,226,29170,923,Costa Rica,Decile 3,Urban,2000
5.599999904632568,26,8612,CRI,330,226,29170,924,Costa Rica,Decile 4,Urban,2000
6.900000095367432,26,8612,CRI,330,226,29170,925,Costa Rica,Decile 5,Urban,2000
8.699999809265137,26,8612,CRI,330,226,29170,926,Costa Rica,Decile 6,Urban,2000
10.300000190734863,26,8612,CRI,330,226,29170,927,Costa Rica,Decile 7,Urban,2000
12.199999809265137,26,8612,CRI,330,226,29170,928,Costa Rica,Decile 8,Urban,2000
17.799999237060547,26,8612,CRI,330,226,29170,929,Costa Rica,Decile 9,Urban,2000
1.399999976158142,26,8612,CRI,327,226,29171,921,Costa Rica,Decile 1,National,2001
32.20000076293945,26,8612,CRI,327,226,29171,930,Costa Rica,Decile 10,National,2001
3,26,8612,CRI,327,226,29171,922,Costa Rica,Decile 2,National,2001
4.300000190734863,26,8612,CRI,327,226,29171,923,Costa Rica,Decile 3,National,2001
5.300000190734863,26,8612,CRI,327,226,29171,924,Costa Rica,Decile 4,National,2001
6.599999904632568,26,8612,CRI,327,226,29171,925,Costa Rica,Decile 5,National,2001
8.300000190734863,26,8612,CRI,327,226,29171,926,Costa Rica,Decile 6,National,2001
9.699999809265137,26,8612,CRI,327,226,29171,927,Costa Rica,Decile 7,National,2001
11.899999618530273,26,8612,CRI,327,226,29171,928,Costa Rica,Decile 8,National,2001
17.299999237060547,26,8612,CRI,327,226,29171,929,Costa Rica,Decile 9,National,2001
1.399999976158142,26,8612,CRI,331,226,29171,921,Costa Rica,Decile 1,Rural,2001
31.299999237060547,26,8612,CRI,331,226,29171,930,Costa Rica,Decile 10,Rural,2001
3.299999952316284,26,8612,CRI,331,226,29171,922,Costa Rica,Decile 2,Rural,2001
4.599999904632568,26,8612,CRI,331,226,29171,923,Costa Rica,Decile 3,Rural,2001
5.900000095367432,26,8612,CRI,331,226,29171,924,Costa Rica,Decile 4,Rural,2001
6.900000095367432,26,8612,CRI,331,226,29171,925,Costa Rica,Decile 5,Rural,2001
8.399999618530273,26,8612,CRI,331,226,29171,926,Costa Rica,Decile 6,Rural,2001
9.899999618530273,26,8612,CRI,331,226,29171,927,Costa Rica,Decile 7,Rural,2001
12.5,26,8612,CRI,331,226,29171,928,Costa Rica,Decile 8,Rural,2001
15.800000190734863,26,8612,CRI,331,226,29171,929,Costa Rica,Decile 9,Rural,2001
1.7000000476837158,26,8612,CRI,330,226,29171,921,Costa Rica,Decile 1,Urban,2001
30.200000762939453,26,8612,CRI,330,226,29171,930,Costa Rica,Decile 10,Urban,2001
3.5,26,8612,CRI,330,226,29171,922,Costa Rica,Decile 2,Urban,2001
4.699999809265137,26,8612,CRI,330,226,29171,923,Costa Rica,Decile 3,Urban,2001
5.699999809265137,26,8612,CRI,330,226,29171,924,Costa Rica,Decile 4,Urban,2001
6.800000190734863,26,8612,CRI,330,226,29171,925,Costa Rica,Decile 5,Urban,2001
8.5,26,8612,CRI,330,226,29171,926,Costa Rica,Decile 6,Urban,2001
9.800000190734863,26,8612,CRI,330,226,29171,927,Costa Rica,Decile 7,Urban,2001
12.100000381469727,26,8612,CRI,330,226,29171,928,Costa Rica,Decile 8,Urban,2001
17.100000381469727,26,8612,CRI,330,226,29171,929,Costa Rica,Decile 9,Urban,2001
1.399999976158142,26,8612,CRI,327,226,29172,921,Costa Rica,Decile 1,National,2002
32.400001525878906,26,8612,CRI,327,226,29172,930,Costa Rica,Decile 10,National,2002
3.0999999046325684,26,8612,CRI,327,226,29172,922,Costa Rica,Decile 2,National,2002
4.300000190734863,26,8612,CRI,327,226,29172,923,Costa Rica,Decile 3,National,2002
5.5,26,8612,CRI,327,226,29172,924,Costa Rica,Decile 4,National,2002
6.599999904632568,26,8612,CRI,327,226,29172,925,Costa Rica,Decile 5,National,2002
7.800000190734863,26,8612,CRI,327,226,29172,926,Costa Rica,Decile 6,National,2002
9.800000190734863,26,8612,CRI,327,226,29172,927,Costa Rica,Decile 7,National,2002
12.100000381469727,26,8612,CRI,327,226,29172,928,Costa Rica,Decile 8,National,2002
17,26,8612,CRI,327,226,29172,929,Costa Rica,Decile 9,National,2002
1.5,26,8612,CRI,331,226,29172,921,Costa Rica,Decile 1,Rural,2002
32.599998474121094,26,8612,CRI,331,226,29172,930,Costa Rica,Decile 10,Rural,2002
3.5999999046325684,26,8612,CRI,331,226,29172,922,Costa Rica,Decile 2,Rural,2002
4.300000190734863,26,8612,CRI,331,226,29172,923,Costa Rica,Decile 3,Rural,2002
5.599999904632568,26,8612,CRI,331,226,29172,924,Costa Rica,Decile 4,Rural,2002
6.699999809265137,26,8612,CRI,331,226,29172,925,Costa Rica,Decile 5,Rural,2002
8.399999618530273,26,8612,CRI,331,226,29172,926,Costa Rica,Decile 6,Rural,2002
9.800000190734863,26,8612,CRI,331,226,29172,927,Costa Rica,Decile 7,Rural,2002
12.199999809265137,26,8612,CRI,331,226,29172,928,Costa Rica,Decile 8,Rural,2002
15.199999809265137,26,8612,CRI,331,226,29172,929,Costa Rica,Decile 9,Rural,2002
1.7000000476837158,26,8612,CRI,330,226,29172,921,Costa Rica,Decile 1,Urban,2002
30.600000381469727,26,8612,CRI,330,226,29172,930,Costa Rica,Decile 10,Urban,2002
3.700000047683716,26,8612,CRI,330,226,29172,922,Costa Rica,Decile 2,Urban,2002
4.699999809265137,26,8612,CRI,330,226,29172,923,Costa Rica,Decile 3,Urban,2002
5.599999904632568,26,8612,CRI,330,226,29172,924,Costa Rica,Decile 4,Urban,2002
6.599999904632568,26,8612,CRI,330,226,29172,925,Costa Rica,Decile 5,Urban,2002
8.399999618530273,26,8612,CRI,330,226,29172,926,Costa Rica,Decile 6,Urban,2002
9.800000190734863,26,8612,CRI,330,226,29172,927,Costa Rica,Decile 7,Urban,2002
12.399999618530273,26,8612,CRI,330,226,29172,928,Costa Rica,Decile 8,Urban,2002
16.5,26,8612,CRI,330,226,29172,929,Costa Rica,Decile 9,Urban,2002
1.5,26,8612,CRI,327,226,29173,921,Costa Rica,Decile 1,National,2003
30.899999618530273,26,8612,CRI,327,226,29173,930,Costa Rica,Decile 10,National,2003
3.299999952316284,26,8612,CRI,327,226,29173,922,Costa Rica,Decile 2,National,2003
4.5,26,8612,CRI,327,226,29173,923,Costa Rica,Decile 3,National,2003
5.5,26,8612,CRI,327,226,29173,924,Costa Rica,Decile 4,National,2003
6.800000190734863,26,8612,CRI,327,226,29173,925,Costa Rica,Decile 5,National,2003
7.900000095367432,26,8612,CRI,327,226,29173,926,Costa Rica,Decile 6,National,2003
10,26,8612,CRI,327,226,29173,927,Costa Rica,Decile 7,National,2003
12.899999618530273,26,8612,CRI,327,226,29173,928,Costa Rica,Decile 8,National,2003
16.799999237060547,26,8612,CRI,327,226,29173,929,Costa Rica,Decile 9,National,2003
1.7999999523162842,26,8612,CRI,331,226,29173,921,Costa Rica,Decile 1,Rural,2003
29.799999237060547,26,8612,CRI,331,226,29173,930,Costa Rica,Decile 10,Rural,2003
3.4000000953674316,26,8612,CRI,331,226,29173,922,Costa Rica,Decile 2,Rural,2003
5,26,8612,CRI,331,226,29173,923,Costa Rica,Decile 3,Rural,2003
5.800000190734863,26,8612,CRI,331,226,29173,924,Costa Rica,Decile 4,Rural,2003
7.099999904632568,26,8612,CRI,331,226,29173,925,Costa Rica,Decile 5,Rural,2003
8,26,8612,CRI,331,226,29173,926,Costa Rica,Decile 6,Rural,2003
10.399999618530273,26,8612,CRI,331,226,29173,927,Costa Rica,Decile 7,Rural,2003
12.600000381469727,26,8612,CRI,331,226,29173,928,Costa Rica,Decile 8,Rural,2003
16.100000381469727,26,8612,CRI,331,226,29173,929,Costa Rica,Decile 9,Rural,2003
1.7999999523162842,26,8612,CRI,330,226,29173,921,Costa Rica,Decile 1,Urban,2003
28.299999237060547,26,8612,CRI,330,226,29173,930,Costa Rica,Decile 10,Urban,2003
3.799999952316284,26,8612,CRI,330,226,29173,922,Costa Rica,Decile 2,Urban,2003
4.699999809265137,26,8612,CRI,330,226,29173,923,Costa Rica,Decile 3,Urban,2003
5.699999809265137,26,8612,CRI,330,226,29173,924,Costa Rica,Decile 4,Urban,2003
7,26,8612,CRI,330,226,29173,925,Costa Rica,Decile 5,Urban,2003
8.5,26,8612,CRI,330,226,29173,926,Costa Rica,Decile 6,Urban,2003
10.5,26,8612,CRI,330,226,29173,927,Costa Rica,Decile 7,Urban,2003
12.600000381469727,26,8612,CRI,330,226,29173,928,Costa Rica,Decile 8,Urban,2003
17.100000381469727,26,8612,CRI,330,226,29173,929,Costa Rica,Decile 9,Urban,2003
1.5,26,8612,CRI,327,226,29174,921,Costa Rica,Decile 1,National,2004
31.100000381469727,26,8612,CRI,327,226,29174,930,Costa Rica,Decile 10,National,2004
3.200000047683716,26,8612,CRI,327,226,29174,922,Costa Rica,Decile 2,National,2004
4.5,26,8612,CRI,327,226,29174,923,Costa Rica,Decile 3,National,2004
5.400000095367432,26,8612,CRI,327,226,29174,924,Costa Rica,Decile 4,National,2004
6.5,26,8612,CRI,327,226,29174,925,Costa Rica,Decile 5,National,2004
7.900000095367432,26,8612,CRI,327,226,29174,926,Costa Rica,Decile 6,National,2004
10.100000381469727,26,8612,CRI,327,226,29174,927,Costa Rica,Decile 7,National,2004
12.600000381469727,26,8612,CRI,327,226,29174,928,Costa Rica,Decile 8,National,2004
17.299999237060547,26,8612,CRI,327,226,29174,929,Costa Rica,Decile 9,National,2004
1.600000023841858,26,8612,CRI,331,226,29174,921,Costa Rica,Decile 1,Rural,2004
30.100000381469727,26,8612,CRI,331,226,29174,930,Costa Rica,Decile 10,Rural,2004
3.4000000953674316,26,8612,CRI,331,226,29174,922,Costa Rica,Decile 2,Rural,2004
5,26,8612,CRI,331,226,29174,923,Costa Rica,Decile 3,Rural,2004
5.900000095367432,26,8612,CRI,331,226,29174,924,Costa Rica,Decile 4,Rural,2004
7.199999809265137,26,8612,CRI,331,226,29174,925,Costa Rica,Decile 5,Rural,2004
8.5,26,8612,CRI,331,226,29174,926,Costa Rica,Decile 6,Rural,2004
10,26,8612,CRI,331,226,29174,927,Costa Rica,Decile 7,Rural,2004
12.199999809265137,26,8612,CRI,331,226,29174,928,Costa Rica,Decile 8,Rural,2004
16.100000381469727,26,8612,CRI,331,226,29174,929,Costa Rica,Decile 9,Rural,2004
1.600000023841858,26,8612,CRI,330,226,29174,921,Costa Rica,Decile 1,Urban,2004
29.600000381469727,26,8612,CRI,330,226,29174,930,Costa Rica,Decile 10,Urban,2004
3.700000047683716,26,8612,CRI,330,226,29174,922,Costa Rica,Decile 2,Urban,2004
4.599999904632568,26,8612,CRI,330,226,29174,923,Costa Rica,Decile 3,Urban,2004
5.699999809265137,26,8612,CRI,330,226,29174,924,Costa Rica,Decile 4,Urban,2004
6.599999904632568,26,8612,CRI,330,226,29174,925,Costa Rica,Decile 5,Urban,2004
8.399999618530273,26,8612,CRI,330,226,29174,926,Costa Rica,Decile 6,Urban,2004
10.199999809265137,26,8612,CRI,330,226,29174,927,Costa Rica,Decile 7,Urban,2004
13.100000381469727,26,8612,CRI,330,226,29174,928,Costa Rica,Decile 8,Urban,2004
16.5,26,8612,CRI,330,226,29174,929,Costa Rica,Decile 9,Urban,2004
1.600000023841858,26,8612,CRI,327,226,29175,921,Costa Rica,Decile 1,National,2005
29.799999237060547,26,8612,CRI,327,226,29175,930,Costa Rica,Decile 10,National,2005
3.299999952316284,26,8612,CRI,327,226,29175,922,Costa Rica,Decile 2,National,2005
4.5,26,8612,CRI,327,226,29175,923,Costa Rica,Decile 3,National,2005
5.800000190734863,26,8612,CRI,327,226,29175,924,Costa Rica,Decile 4,National,2005
6.800000190734863,26,8612,CRI,327,226,29175,925,Costa Rica,Decile 5,National,2005
8.300000190734863,26,8612,CRI,327,226,29175,926,Costa Rica,Decile 6,National,2005
9.800000190734863,26,8612,CRI,327,226,29175,927,Costa Rica,Decile 7,National,2005
12.600000381469727,26,8612,CRI,327,226,29175,928,Costa Rica,Decile 8,National,2005
17.5,26,8612,CRI,327,226,29175,929,Costa Rica,Decile 9,National,2005
2,26,8612,CRI,331,226,29175,921,Costa Rica,Decile 1,Rural,2005
29.700000762939453,26,8612,CRI,331,226,29175,930,Costa Rica,Decile 10,Rural,2005
3.700000047683716,26,8612,CRI,331,226,29175,922,Costa Rica,Decile 2,Rural,2005
4.800000190734863,26,8612,CRI,331,226,29175,923,Costa Rica,Decile 3,Rural,2005
5.900000095367432,26,8612,CRI,331,226,29175,924,Costa Rica,Decile 4,Rural,2005
7.400000095367432,26,8612,CRI,331,226,29175,925,Costa Rica,Decile 5,Rural,2005
8.600000381469727,26,8612,CRI,331,226,29175,926,Costa Rica,Decile 6,Rural,2005
10.199999809265137,26,8612,CRI,331,226,29175,927,Costa Rica,Decile 7,Rural,2005
12,26,8612,CRI,331,226,29175,928,Costa Rica,Decile 8,Rural,2005
15.699999809265137,26,8612,CRI,331,226,29175,929,Costa Rica,Decile 9,Rural,2005
1.7999999523162842,26,8612,CRI,330,226,29175,921,Costa Rica,Decile 1,Urban,2005
27.600000381469727,26,8612,CRI,330,226,29175,930,Costa Rica,Decile 10,Urban,2005
3.700000047683716,26,8612,CRI,330,226,29175,922,Costa Rica,Decile 2,Urban,2005
5,26,8612,CRI,330,226,29175,923,Costa Rica,Decile 3,Urban,2005
5.800000190734863,26,8612,CRI,330,226,29175,924,Costa Rica,Decile 4,Urban,2005
7.199999809265137,26,8612,CRI,330,226,29175,925,Costa Rica,Decile 5,Urban,2005
8.199999809265137,26,8612,CRI,330,226,29175,926,Costa Rica,Decile 6,Urban,2005
10.699999809265137,26,8612,CRI,330,226,29175,927,Costa Rica,Decile 7,Urban,2005
12.899999618530273,26,8612,CRI,330,226,29175,928,Costa Rica,Decile 8,Urban,2005
17.100000381469727,26,8612,CRI,330,226,29175,929,Costa Rica,Decile 9,Urban,2005
1.7000000476837158,26,8612,CRI,327,226,29176,921,Costa Rica,Decile 1,National,2006
31.899999618530273,26,8612,CRI,327,226,29176,930,Costa Rica,Decile 10,National,2006
3.299999952316284,26,8612,CRI,327,226,29176,922,Costa Rica,Decile 2,National,2006
4.5,26,8612,CRI,327,226,29176,923,Costa Rica,Decile 3,National,2006
5.400000095367432,26,8612,CRI,327,226,29176,924,Costa Rica,Decile 4,National,2006
6.699999809265137,26,8612,CRI,327,226,29176,925,Costa Rica,Decile 5,National,2006
7.599999904632568,26,8612,CRI,327,226,29176,926,Costa Rica,Decile 6,National,2006
9.899999618530273,26,8612,CRI,327,226,29176,927,Costa Rica,Decile 7,National,2006
12.399999618530273,26,8612,CRI,327,226,29176,928,Costa Rica,Decile 8,National,2006
16.600000381469727,26,8612,CRI,327,226,29176,929,Costa Rica,Decile 9,National,2006
1.7999999523162842,26,8612,CRI,331,226,29176,921,Costa Rica,Decile 1,Rural,2006
31,26,8612,CRI,331,226,29176,930,Costa Rica,Decile 10,Rural,2006
3.5,26,8612,CRI,331,226,29176,922,Costa Rica,Decile 2,Rural,2006
4.800000190734863,26,8612,CRI,331,226,29176,923,Costa Rica,Decile 3,Rural,2006
6.099999904632568,26,8612,CRI,331,226,29176,924,Costa Rica,Decile 4,Rural,2006
7,26,8612,CRI,331,226,29176,925,Costa Rica,Decile 5,Rural,2006
8.5,26,8612,CRI,331,226,29176,926,Costa Rica,Decile 6,Rural,2006
10,26,8612,CRI,331,226,29176,927,Costa Rica,Decile 7,Rural,2006
12,26,8612,CRI,331,226,29176,928,Costa Rica,Decile 8,Rural,2006
15.300000190734863,26,8612,CRI,331,226,29176,929,Costa Rica,Decile 9,Rural,2006
1.899999976158142,26,8612,CRI,330,226,29176,921,Costa Rica,Decile 1,Urban,2006
30.200000762939453,26,8612,CRI,330,226,29176,930,Costa Rica,Decile 10,Urban,2006
3.799999952316284,26,8612,CRI,330,226,29176,922,Costa Rica,Decile 2,Urban,2006
4.400000095367432,26,8612,CRI,330,226,29176,923,Costa Rica,Decile 3,Urban,2006
5.699999809265137,26,8612,CRI,330,226,29176,924,Costa Rica,Decile 4,Urban,2006
6.400000095367432,26,8612,CRI,330,226,29176,925,Costa Rica,Decile 5,Urban,2006
8.600000381469727,26,8612,CRI,330,226,29176,926,Costa Rica,Decile 6,Urban,2006
10.100000381469727,26,8612,CRI,330,226,29176,927,Costa Rica,Decile 7,Urban,2006
12.300000190734863,26,8612,CRI,330,226,29176,928,Costa Rica,Decile 8,Urban,2006
16.600000381469727,26,8612,CRI,330,226,29176,929,Costa Rica,Decile 9,Urban,2006
1.7999999523162842,26,8612,CRI,327,226,29177,921,Costa Rica,Decile 1,National,2007
34,26,8612,CRI,327,226,29177,930,Costa Rica,Decile 10,National,2007
3.0999999046325684,26,8612,CRI,327,226,29177,922,Costa Rica,Decile 2,National,2007
4.199999809265137,26,8612,CRI,327,226,29177,923,Costa Rica,Decile 3,National,2007
5.300000190734863,26,8612,CRI,327,226,29177,924,Costa Rica,Decile 4,National,2007
6.400000095367432,26,8612,CRI,327,226,29177,925,Costa Rica,Decile 5,National,2007
7.699999809265137,26,8612,CRI,327,226,29177,926,Costa Rica,Decile 6,National,2007
9.5,26,8612,CRI,327,226,29177,927,Costa Rica,Decile 7,National,2007
12.100000381469727,26,8612,CRI,327,226,29177,928,Costa Rica,Decile 8,National,2007
15.899999618530273,26,8612,CRI,327,226,29177,929,Costa Rica,Decile 9,National,2007
2.200000047683716,26,8612,CRI,331,226,29177,921,Costa Rica,Decile 1,Rural,2007
31.299999237060547,26,8612,CRI,331,226,29177,930,Costa Rica,Decile 10,Rural,2007
3.799999952316284,26,8612,CRI,331,226,29177,922,Costa Rica,Decile 2,Rural,2007
4.699999809265137,26,8612,CRI,331,226,29177,923,Costa Rica,Decile 3,Rural,2007
5.800000190734863,26,8612,CRI,331,226,29177,924,Costa Rica,Decile 4,Rural,2007
6.800000190734863,26,8612,CRI,331,226,29177,925,Costa Rica,Decile 5,Rural,2007
8.399999618530273,26,8612,CRI,331,226,29177,926,Costa Rica,Decile 6,Rural,2007
9.800000190734863,26,8612,CRI,331,226,29177,927,Costa Rica,Decile 7,Rural,2007
12.199999809265137,26,8612,CRI,331,226,29177,928,Costa Rica,Decile 8,Rural,2007
15.100000381469727,26,8612,CRI,331,226,29177,929,Costa Rica,Decile 9,Rural,2007
1.899999976158142,26,8612,CRI,330,226,29177,921,Costa Rica,Decile 1,Urban,2007
32.400001525878906,26,8612,CRI,330,226,29177,930,Costa Rica,Decile 10,Urban,2007
3.4000000953674316,26,8612,CRI,330,226,29177,922,Costa Rica,Decile 2,Urban,2007
4.300000190734863,26,8612,CRI,330,226,29177,923,Costa Rica,Decile 3,Urban,2007
5.400000095367432,26,8612,CRI,330,226,29177,924,Costa Rica,Decile 4,Urban,2007
6.599999904632568,26,8612,CRI,330,226,29177,925,Costa Rica,Decile 5,Urban,2007
8.100000381469727,26,8612,CRI,330,226,29177,926,Costa Rica,Decile 6,Urban,2007
9.699999809265137,26,8612,CRI,330,226,29177,927,Costa Rica,Decile 7,Urban,2007
12,26,8612,CRI,330,226,29177,928,Costa Rica,Decile 8,Urban,2007
16.299999237060547,26,8612,CRI,330,226,29177,929,Costa Rica,Decile 9,Urban,2007
1.899999976158142,26,8612,CRI,327,226,29178,921,Costa Rica,Decile 1,National,2008
32.900001525878906,26,8612,CRI,327,226,29178,930,Costa Rica,Decile 10,National,2008
3.299999952316284,26,8612,CRI,327,226,29178,922,Costa Rica,Decile 2,National,2008
4,26,8612,CRI,327,226,29178,923,Costa Rica,Decile 3,National,2008
5.400000095367432,26,8612,CRI,327,226,29178,924,Costa Rica,Decile 4,National,2008
6.400000095367432,26,8612,CRI,327,226,29178,925,Costa Rica,Decile 5,National,2008
7.699999809265137,26,8612,CRI,327,226,29178,926,Costa Rica,Decile 6,National,2008
9.5,26,8612,CRI,327,226,29178,927,Costa Rica,Decile 7,National,2008
12.100000381469727,26,8612,CRI,327,226,29178,928,Costa Rica,Decile 8,National,2008
16.799999237060547,26,8612,CRI,327,226,29178,929,Costa Rica,Decile 9,National,2008
2.0999999046325684,26,8612,CRI,331,226,29178,921,Costa Rica,Decile 1,Rural,2008
31.5,26,8612,CRI,331,226,29178,930,Costa Rica,Decile 10,Rural,2008
3.9000000953674316,26,8612,CRI,331,226,29178,922,Costa Rica,Decile 2,Rural,2008
4.900000095367432,26,8612,CRI,331,226,29178,923,Costa Rica,Decile 3,Rural,2008
5.599999904632568,26,8612,CRI,331,226,29178,924,Costa Rica,Decile 4,Rural,2008
7,26,8612,CRI,331,226,29178,925,Costa Rica,Decile 5,Rural,2008
8.300000190734863,26,8612,CRI,331,226,29178,926,Costa Rica,Decile 6,Rural,2008
9.5,26,8612,CRI,331,226,29178,927,Costa Rica,Decile 7,Rural,2008
11.800000190734863,26,8612,CRI,331,226,29178,928,Costa Rica,Decile 8,Rural,2008
15.300000190734863,26,8612,CRI,331,226,29178,929,Costa Rica,Decile 9,Rural,2008
2,26,8612,CRI,330,226,29178,921,Costa Rica,Decile 1,Urban,2008
30.899999618530273,26,8612,CRI,330,226,29178,930,Costa Rica,Decile 10,Urban,2008
3.200000047683716,26,8612,CRI,330,226,29178,922,Costa Rica,Decile 2,Urban,2008
4.400000095367432,26,8612,CRI,330,226,29178,923,Costa Rica,Decile 3,Urban,2008
5.599999904632568,26,8612,CRI,330,226,29178,924,Costa Rica,Decile 4,Urban,2008
6.5,26,8612,CRI,330,226,29178,925,Costa Rica,Decile 5,Urban,2008
8,26,8612,CRI,330,226,29178,926,Costa Rica,Decile 6,Urban,2008
9.800000190734863,26,8612,CRI,330,226,29178,927,Costa Rica,Decile 7,Urban,2008
12.399999618530273,26,8612,CRI,330,226,29178,928,Costa Rica,Decile 8,Urban,2008
17,26,8612,CRI,330,226,29178,929,Costa Rica,Decile 9,Urban,2008
1.600000023841858,26,8612,CRI,327,226,29179,921,Costa Rica,Decile 1,National,2009
34.400001525878906,26,8612,CRI,327,226,29179,930,Costa Rica,Decile 10,National,2009
3.200000047683716,26,8612,CRI,327,226,29179,922,Costa Rica,Decile 2,National,2009
4,26,8612,CRI,327,226,29179,923,Costa Rica,Decile 3,National,2009
5.099999904632568,26,8612,CRI,327,226,29179,924,Costa Rica,Decile 4,National,2009
5.900000095367432,26,8612,CRI,327,226,29179,925,Costa Rica,Decile 5,National,2009
7.800000190734863,26,8612,CRI,327,226,29179,926,Costa Rica,Decile 6,National,2009
9.399999618530273,26,8612,CRI,327,226,29179,927,Costa Rica,Decile 7,National,2009
12,26,8612,CRI,327,226,29179,928,Costa Rica,Decile 8,National,2009
16.600000381469727,26,8612,CRI,327,226,29179,929,Costa Rica,Decile 9,National,2009
1.7999999523162842,26,8612,CRI,331,226,29179,921,Costa Rica,Decile 1,Rural,2009
32.79999923706055,26,8612,CRI,331,226,29179,930,Costa Rica,Decile 10,Rural,2009
3.700000047683716,26,8612,CRI,331,226,29179,922,Costa Rica,Decile 2,Rural,2009
4.699999809265137,26,8612,CRI,331,226,29179,923,Costa Rica,Decile 3,Rural,2009
5.800000190734863,26,8612,CRI,331,226,29179,924,Costa Rica,Decile 4,Rural,2009
6.300000190734863,26,8612,CRI,331,226,29179,925,Costa Rica,Decile 5,Rural,2009
8,26,8612,CRI,331,226,29179,926,Costa Rica,Decile 6,Rural,2009
9.399999618530273,26,8612,CRI,331,226,29179,927,Costa Rica,Decile 7,Rural,2009
12,26,8612,CRI,331,226,29179,928,Costa Rica,Decile 8,Rural,2009
15.5,26,8612,CRI,331,226,29179,929,Costa Rica,Decile 9,Rural,2009
1.7000000476837158,26,8612,CRI,330,226,29179,921,Costa Rica,Decile 1,Urban,2009
32.400001525878906,26,8612,CRI,330,226,29179,930,Costa Rica,Decile 10,Urban,2009
3.200000047683716,26,8612,CRI,330,226,29179,922,Costa Rica,Decile 2,Urban,2009
4.300000190734863,26,8612,CRI,330,226,29179,923,Costa Rica,Decile 3,Urban,2009
5.099999904632568,26,8612,CRI,330,226,29179,924,Costa Rica,Decile 4,Urban,2009
6.599999904632568,26,8612,CRI,330,226,29179,925,Costa Rica,Decile 5,Urban,2009
8.199999809265137,26,8612,CRI,330,226,29179,926,Costa Rica,Decile 6,Urban,2009
9.399999618530273,26,8612,CRI,330,226,29179,927,Costa Rica,Decile 7,Urban,2009
11.899999618530273,26,8612,CRI,330,226,29179,928,Costa Rica,Decile 8,Urban,2009
17.299999237060547,26,8612,CRI,330,226,29179,929,Costa Rica,Decile 9,Urban,2009
2,26,8613,CRI,327,226,29180,921,Costa Rica,Decile 1,National,2010
31.5,26,8613,CRI,327,226,29180,930,Costa Rica,Decile 10,National,2010
3.5999999046325684,26,8613,CRI,327,226,29180,922,Costa Rica,Decile 2,National,2010
4.599999904632568,26,8613,CRI,327,226,29180,923,Costa Rica,Decile 3,National,2010
5.599999904632568,26,8613,CRI,327,226,29180,924,Costa Rica,Decile 4,National,2010
6.599999904632568,26,8613,CRI,327,226,29180,925,Costa Rica,Decile 5,National,2010
7.800000190734863,26,8613,CRI,327,226,29180,926,Costa Rica,Decile 6,National,2010
9.399999618530273,26,8613,CRI,327,226,29180,927,Costa Rica,Decile 7,National,2010
12,26,8613,CRI,327,226,29180,928,Costa Rica,Decile 8,National,2010
16.899999618530273,26,8613,CRI,327,226,29180,929,Costa Rica,Decile 9,National,2010
2,26,8613,CRI,331,226,29180,921,Costa Rica,Decile 1,Rural,2010
33.29999923706055,26,8613,CRI,331,226,29180,930,Costa Rica,Decile 10,Rural,2010
3.9000000953674316,26,8613,CRI,331,226,29180,922,Costa Rica,Decile 2,Rural,2010
5.099999904632568,26,8613,CRI,331,226,29180,923,Costa Rica,Decile 3,Rural,2010
5.800000190734863,26,8613,CRI,331,226,29180,924,Costa Rica,Decile 4,Rural,2010
6.800000190734863,26,8613,CRI,331,226,29180,925,Costa Rica,Decile 5,Rural,2010
7.800000190734863,26,8613,CRI,331,226,29180,926,Costa Rica,Decile 6,Rural,2010
9.300000190734863,26,8613,CRI,331,226,29180,927,Costa Rica,Decile 7,Rural,2010
11.300000190734863,26,8613,CRI,331,226,29180,928,Costa Rica,Decile 8,Rural,2010
14.600000381469727,26,8613,CRI,331,226,29180,929,Costa Rica,Decile 9,Rural,2010
2.299999952316284,26,8613,CRI,330,226,29180,921,Costa Rica,Decile 1,Urban,2010
28.5,26,8613,CRI,330,226,29180,930,Costa Rica,Decile 10,Urban,2010
3.9000000953674316,26,8613,CRI,330,226,29180,922,Costa Rica,Decile 2,Urban,2010
4.900000095367432,26,8613,CRI,330,226,29180,923,Costa Rica,Decile 3,Urban,2010
6,26,8613,CRI,330,226,29180,924,Costa Rica,Decile 4,Urban,2010
6.699999809265137,26,8613,CRI,330,226,29180,925,Costa Rica,Decile 5,Urban,2010
8.100000381469727,26,8613,CRI,330,226,29180,926,Costa Rica,Decile 6,Urban,2010
9.800000190734863,26,8613,CRI,330,226,29180,927,Costa Rica,Decile 7,Urban,2010
12.199999809265137,26,8613,CRI,330,226,29180,928,Costa Rica,Decile 8,Urban,2010
17.600000381469727,26,8613,CRI,330,226,29180,929,Costa Rica,Decile 9,Urban,2010
1.899999976158142,26,8613,CRI,327,226,29181,921,Costa Rica,Decile 1,National,2011
31.200000762939453,26,8613,CRI,327,226,29181,930,Costa Rica,Decile 10,National,2011
3.5,26,8613,CRI,327,226,29181,922,Costa Rica,Decile 2,National,2011
4.400000095367432,26,8613,CRI,327,226,29181,923,Costa Rica,Decile 3,National,2011
5.199999809265137,26,8613,CRI,327,226,29181,924,Costa Rica,Decile 4,National,2011
6.300000190734863,26,8613,CRI,327,226,29181,925,Costa Rica,Decile 5,National,2011
8,26,8613,CRI,327,226,29181,926,Costa Rica,Decile 6,National,2011
9.800000190734863,26,8613,CRI,327,226,29181,927,Costa Rica,Decile 7,National,2011
12.800000190734863,26,8613,CRI,327,226,29181,928,Costa Rica,Decile 8,National,2011
17,26,8613,CRI,327,226,29181,929,Costa Rica,Decile 9,National,2011
2,26,8613,CRI,331,226,29181,921,Costa Rica,Decile 1,Rural,2011
31.700000762939453,26,8613,CRI,331,226,29181,930,Costa Rica,Decile 10,Rural,2011
4,26,8613,CRI,331,226,29181,922,Costa Rica,Decile 2,Rural,2011
5.099999904632568,26,8613,CRI,331,226,29181,923,Costa Rica,Decile 3,Rural,2011
5.900000095367432,26,8613,CRI,331,226,29181,924,Costa Rica,Decile 4,Rural,2011
6.800000190734863,26,8613,CRI,331,226,29181,925,Costa Rica,Decile 5,Rural,2011
7.800000190734863,26,8613,CRI,331,226,29181,926,Costa Rica,Decile 6,Rural,2011
9.100000381469727,26,8613,CRI,331,226,29181,927,Costa Rica,Decile 7,Rural,2011
11.899999618530273,26,8613,CRI,331,226,29181,928,Costa Rica,Decile 8,Rural,2011
15.600000381469727,26,8613,CRI,331,226,29181,929,Costa Rica,Decile 9,Rural,2011
2.0999999046325684,26,8613,CRI,330,226,29181,921,Costa Rica,Decile 1,Urban,2011
29.100000381469727,26,8613,CRI,330,226,29181,930,Costa Rica,Decile 10,Urban,2011
3.5999999046325684,26,8613,CRI,330,226,29181,922,Costa Rica,Decile 2,Urban,2011
4.599999904632568,26,8613,CRI,330,226,29181,923,Costa Rica,Decile 3,Urban,2011
5.5,26,8613,CRI,330,226,29181,924,Costa Rica,Decile 4,Urban,2011
7,26,8613,CRI,330,226,29181,925,Costa Rica,Decile 5,Urban,2011
8.399999618530273,26,8613,CRI,330,226,29181,926,Costa Rica,Decile 6,Urban,2011
10.5,26,8613,CRI,330,226,29181,927,Costa Rica,Decile 7,Urban,2011
12.199999809265137,26,8613,CRI,330,226,29181,928,Costa Rica,Decile 8,Urban,2011
17.100000381469727,26,8613,CRI,330,226,29181,929,Costa Rica,Decile 9,Urban,2011
1.7999999523162842,26,8613,CRI,327,226,29182,921,Costa Rica,Decile 1,National,2012
31.5,26,8613,CRI,327,226,29182,930,Costa Rica,Decile 10,National,2012
3.4000000953674316,26,8613,CRI,327,226,29182,922,Costa Rica,Decile 2,National,2012
4.400000095367432,26,8613,CRI,327,226,29182,923,Costa Rica,Decile 3,National,2012
5.400000095367432,26,8613,CRI,327,226,29182,924,Costa Rica,Decile 4,National,2012
6.5,26,8613,CRI,327,226,29182,925,Costa Rica,Decile 5,National,2012
7.900000095367432,26,8613,CRI,327,226,29182,926,Costa Rica,Decile 6,National,2012
9.600000381469727,26,8613,CRI,327,226,29182,927,Costa Rica,Decile 7,National,2012
12.300000190734863,26,8613,CRI,327,226,29182,928,Costa Rica,Decile 8,National,2012
17.100000381469727,26,8613,CRI,327,226,29182,929,Costa Rica,Decile 9,National,2012
2,26,8613,CRI,331,226,29182,921,Costa Rica,Decile 1,Rural,2012
32,26,8613,CRI,331,226,29182,930,Costa Rica,Decile 10,Rural,2012
3.799999952316284,26,8613,CRI,331,226,29182,922,Costa Rica,Decile 2,Rural,2012
5.199999809265137,26,8613,CRI,331,226,29182,923,Costa Rica,Decile 3,Rural,2012
5.800000190734863,26,8613,CRI,331,226,29182,924,Costa Rica,Decile 4,Rural,2012
6.800000190734863,26,8613,CRI,331,226,29182,925,Costa Rica,Decile 5,Rural,2012
7.900000095367432,26,8613,CRI,331,226,29182,926,Costa Rica,Decile 6,Rural,2012
9.5,26,8613,CRI,331,226,29182,927,Costa Rica,Decile 7,Rural,2012
11.600000381469727,26,8613,CRI,331,226,29182,928,Costa Rica,Decile 8,Rural,2012
15.399999618530273,26,8613,CRI,331,226,29182,929,Costa Rica,Decile 9,Rural,2012
2,26,8613,CRI,330,226,29182,921,Costa Rica,Decile 1,Urban,2012
29.799999237060547,26,8613,CRI,330,226,29182,930,Costa Rica,Decile 10,Urban,2012
3.700000047683716,26,8613,CRI,330,226,29182,922,Costa Rica,Decile 2,Urban,2012
4.800000190734863,26,8613,CRI,330,226,29182,923,Costa Rica,Decile 3,Urban,2012
5.599999904632568,26,8613,CRI,330,226,29182,924,Costa Rica,Decile 4,Urban,2012
6.900000095367432,26,8613,CRI,330,226,29182,925,Costa Rica,Decile 5,Urban,2012
8.199999809265137,26,8613,CRI,330,226,29182,926,Costa Rica,Decile 6,Urban,2012
9.800000190734863,26,8613,CRI,330,226,29182,927,Costa Rica,Decile 7,Urban,2012
12.600000381469727,26,8613,CRI,330,226,29182,928,Costa Rica,Decile 8,Urban,2012
16.5,26,8613,CRI,330,226,29182,929,Costa Rica,Decile 9,Urban,2012
1.7000000476837158,26,8613,CRI,327,226,29183,921,Costa Rica,Decile 1,National,2013
32.900001525878906,26,8613,CRI,327,226,29183,930,Costa Rica,Decile 10,National,2013
3.299999952316284,26,8613,CRI,327,226,29183,922,Costa Rica,Decile 2,National,2013
4.400000095367432,26,8613,CRI,327,226,29183,923,Costa Rica,Decile 3,National,2013
5.300000190734863,26,8613,CRI,327,226,29183,924,Costa Rica,Decile 4,National,2013
6.400000095367432,26,8613,CRI,327,226,29183,925,Costa Rica,Decile 5,National,2013
7.699999809265137,26,8613,CRI,327,226,29183,926,Costa Rica,Decile 6,National,2013
9.199999809265137,26,8613,CRI,327,226,29183,927,Costa Rica,Decile 7,National,2013
12.199999809265137,26,8613,CRI,327,226,29183,928,Costa Rica,Decile 8,National,2013
17,26,8613,CRI,327,226,29183,929,Costa Rica,Decile 9,National,2013
1.7000000476837158,26,8613,CRI,331,226,29183,921,Costa Rica,Decile 1,Rural,2013
32,26,8613,CRI,331,226,29183,930,Costa Rica,Decile 10,Rural,2013
3.9000000953674316,26,8613,CRI,331,226,29183,922,Costa Rica,Decile 2,Rural,2013
5,26,8613,CRI,331,226,29183,923,Costa Rica,Decile 3,Rural,2013
6.099999904632568,26,8613,CRI,331,226,29183,924,Costa Rica,Decile 4,Rural,2013
6.699999809265137,26,8613,CRI,331,226,29183,925,Costa Rica,Decile 5,Rural,2013
8,26,8613,CRI,331,226,29183,926,Costa Rica,Decile 6,Rural,2013
9.699999809265137,26,8613,CRI,331,226,29183,927,Costa Rica,Decile 7,Rural,2013
11.800000190734863,26,8613,CRI,331,226,29183,928,Costa Rica,Decile 8,Rural,2013
15.100000381469727,26,8613,CRI,331,226,29183,929,Costa Rica,Decile 9,Rural,2013
2,26,8613,CRI,330,226,29183,921,Costa Rica,Decile 1,Urban,2013
30.5,26,8613,CRI,330,226,29183,930,Costa Rica,Decile 10,Urban,2013
3.5999999046325684,26,8613,CRI,330,226,29183,922,Costa Rica,Decile 2,Urban,2013
4.599999904632568,26,8613,CRI,330,226,29183,923,Costa Rica,Decile 3,Urban,2013
5.400000095367432,26,8613,CRI,330,226,29183,924,Costa Rica,Decile 4,Urban,2013
6.800000190734863,26,8613,CRI,330,226,29183,925,Costa Rica,Decile 5,Urban,2013
7.800000190734863,26,8613,CRI,330,226,29183,926,Costa Rica,Decile 6,Urban,2013
9.5,26,8613,CRI,330,226,29183,927,Costa Rica,Decile 7,Urban,2013
12.899999618530273,26,8613,CRI,330,226,29183,928,Costa Rica,Decile 8,Urban,2013
16.899999618530273,26,8613,CRI,330,226,29183,929,Costa Rica,Decile 9,Urban,2013
1.7000000476837158,26,8613,CRI,327,226,29184,921,Costa Rica,Decile 1,National,2014
31,26,8613,CRI,327,226,29184,930,Costa Rica,Decile 10,National,2014
3.4000000953674316,26,8613,CRI,327,226,29184,922,Costa Rica,Decile 2,National,2014
4.5,26,8613,CRI,327,226,29184,923,Costa Rica,Decile 3,National,2014
5.199999809265137,26,8613,CRI,327,226,29184,924,Costa Rica,Decile 4,National,2014
6.599999904632568,26,8613,CRI,327,226,29184,925,Costa Rica,Decile 5,National,2014
8.100000381469727,26,8613,CRI,327,226,29184,926,Costa Rica,Decile 6,National,2014
9.800000190734863,26,8613,CRI,327,226,29184,927,Costa Rica,Decile 7,National,2014
12.800000190734863,26,8613,CRI,327,226,29184,928,Costa Rica,Decile 8,National,2014
17,26,8613,CRI,327,226,29184,929,Costa Rica,Decile 9,National,2014
1.7000000476837158,26,8613,CRI,331,226,29184,921,Costa Rica,Decile 1,Rural,2014
32.79999923706055,26,8613,CRI,331,226,29184,930,Costa Rica,Decile 10,Rural,2014
3.799999952316284,26,8613,CRI,331,226,29184,922,Costa Rica,Decile 2,Rural,2014
5.099999904632568,26,8613,CRI,331,226,29184,923,Costa Rica,Decile 3,Rural,2014
5.800000190734863,26,8613,CRI,331,226,29184,924,Costa Rica,Decile 4,Rural,2014
7.099999904632568,26,8613,CRI,331,226,29184,925,Costa Rica,Decile 5,Rural,2014
7.699999809265137,26,8613,CRI,331,226,29184,926,Costa Rica,Decile 6,Rural,2014
8.899999618530273,26,8613,CRI,331,226,29184,927,Costa Rica,Decile 7,Rural,2014
12,26,8613,CRI,331,226,29184,928,Costa Rica,Decile 8,Rural,2014
15.199999809265137,26,8613,CRI,331,226,29184,929,Costa Rica,Decile 9,Rural,2014
2,26,8613,CRI,330,226,29184,921,Costa Rica,Decile 1,Urban,2014
29.5,26,8613,CRI,330,226,29184,930,Costa Rica,Decile 10,Urban,2014
3.5,26,8613,CRI,330,226,29184,922,Costa Rica,Decile 2,Urban,2014
4.800000190734863,26,8613,CRI,330,226,29184,923,Costa Rica,Decile 3,Urban,2014
5.699999809265137,26,8613,CRI,330,226,29184,924,Costa Rica,Decile 4,Urban,2014
6.900000095367432,26,8613,CRI,330,226,29184,925,Costa Rica,Decile 5,Urban,2014
8.300000190734863,26,8613,CRI,330,226,29184,926,Costa Rica,Decile 6,Urban,2014
10.300000190734863,26,8613,CRI,330,226,29184,927,Costa Rica,Decile 7,Urban,2014
12.699999809265137,26,8613,CRI,330,226,29184,928,Costa Rica,Decile 8,Urban,2014
16.399999618530273,26,8613,CRI,330,226,29184,929,Costa Rica,Decile 9,Urban,2014
1.7000000476837158,26,8613,CRI,327,226,29185,921,Costa Rica,Decile 1,National,2015
30.200000762939453,26,8613,CRI,327,226,29185,930,Costa Rica,Decile 10,National,2015
3.4000000953674316,26,8613,CRI,327,226,29185,922,Costa Rica,Decile 2,National,2015
4.5,26,8613,CRI,327,226,29185,923,Costa Rica,Decile 3,National,2015
5.599999904632568,26,8613,CRI,327,226,29185,924,Costa Rica,Decile 4,National,2015
6.599999904632568,26,8613,CRI,327,226,29185,925,Costa Rica,Decile 5,National,2015
8,26,8613,CRI,327,226,29185,926,Costa Rica,Decile 6,National,2015
9.699999809265137,26,8613,CRI,327,226,29185,927,Costa Rica,Decile 7,National,2015
12.399999618530273,26,8613,CRI,327,226,29185,928,Costa Rica,Decile 8,National,2015
17.899999618530273,26,8613,CRI,327,226,29185,929,Costa Rica,Decile 9,National,2015
1.600000023841858,26,8613,CRI,331,226,29185,921,Costa Rica,Decile 1,Rural,2015
34.099998474121094,26,8613,CRI,331,226,29185,930,Costa Rica,Decile 10,Rural,2015
3.799999952316284,26,8613,CRI,331,226,29185,922,Costa Rica,Decile 2,Rural,2015
4.800000190734863,26,8613,CRI,331,226,29185,923,Costa Rica,Decile 3,Rural,2015
6,26,8613,CRI,331,226,29185,924,Costa Rica,Decile 4,Rural,2015
6.699999809265137,26,8613,CRI,331,226,29185,925,Costa Rica,Decile 5,Rural,2015
8,26,8613,CRI,331,226,29185,926,Costa Rica,Decile 6,Rural,2015
8.699999809265137,26,8613,CRI,331,226,29185,927,Costa Rica,Decile 7,Rural,2015
11.100000381469727,26,8613,CRI,331,226,29185,928,Costa Rica,Decile 8,Rural,2015
15.199999809265137,26,8613,CRI,331,226,29185,929,Costa Rica,Decile 9,Rural,2015
1.899999976158142,26,8613,CRI,330,226,29185,921,Costa Rica,Decile 1,Urban,2015
28.100000381469727,26,8613,CRI,330,226,29185,930,Costa Rica,Decile 10,Urban,2015
3.5999999046325684,26,8613,CRI,330,226,29185,922,Costa Rica,Decile 2,Urban,2015
4.900000095367432,26,8613,CRI,330,226,29185,923,Costa Rica,Decile 3,Urban,2015
5.900000095367432,26,8613,CRI,330,226,29185,924,Costa Rica,Decile 4,Urban,2015
7,26,8613,CRI,330,226,29185,925,Costa Rica,Decile 5,Urban,2015
8.199999809265137,26,8613,CRI,330,226,29185,926,Costa Rica,Decile 6,Urban,2015
9.899999618530273,26,8613,CRI,330,226,29185,927,Costa Rica,Decile 7,Urban,2015
12.899999618530273,26,8613,CRI,330,226,29185,928,Costa Rica,Decile 8,Urban,2015
17.600000381469727,26,8613,CRI,330,226,29185,929,Costa Rica,Decile 9,Urban,2015
1.7000000476837158,26,8613,CRI,327,226,29186,921,Costa Rica,Decile 1,National,2016
30.899999618530273,26,8613,CRI,327,226,29186,930,Costa Rica,Decile 10,National,2016
3.4000000953674316,26,8613,CRI,327,226,29186,922,Costa Rica,Decile 2,National,2016
4.400000095367432,26,8613,CRI,327,226,29186,923,Costa Rica,Decile 3,National,2016
5.5,26,8613,CRI,327,226,29186,924,Costa Rica,Decile 4,National,2016
6.699999809265137,26,8613,CRI,327,226,29186,925,Costa Rica,Decile 5,National,2016
8,26,8613,CRI,327,226,29186,926,Costa Rica,Decile 6,National,2016
9.699999809265137,26,8613,CRI,327,226,29186,927,Costa Rica,Decile 7,National,2016
12.300000190734863,26,8613,CRI,327,226,29186,928,Costa Rica,Decile 8,National,2016
17.399999618530273,26,8613,CRI,327,226,29186,929,Costa Rica,Decile 9,National,2016
1.7999999523162842,26,8613,CRI,331,226,29186,921,Costa Rica,Decile 1,Rural,2016
31.399999618530273,26,8613,CRI,331,226,29186,930,Costa Rica,Decile 10,Rural,2016
4,26,8613,CRI,331,226,29186,922,Costa Rica,Decile 2,Rural,2016
4.800000190734863,26,8613,CRI,331,226,29186,923,Costa Rica,Decile 3,Rural,2016
6.199999809265137,26,8613,CRI,331,226,29186,924,Costa Rica,Decile 4,Rural,2016
7,26,8613,CRI,331,226,29186,925,Costa Rica,Decile 5,Rural,2016
7.900000095367432,26,8613,CRI,331,226,29186,926,Costa Rica,Decile 6,Rural,2016
10,26,8613,CRI,331,226,29186,927,Costa Rica,Decile 7,Rural,2016
11.399999618530273,26,8613,CRI,331,226,29186,928,Costa Rica,Decile 8,Rural,2016
15.399999618530273,26,8613,CRI,331,226,29186,929,Costa Rica,Decile 9,Rural,2016
1.899999976158142,26,8613,CRI,330,226,29186,921,Costa Rica,Decile 1,Urban,2016
29,26,8613,CRI,330,226,29186,930,Costa Rica,Decile 10,Urban,2016
3.5999999046325684,26,8613,CRI,330,226,29186,922,Costa Rica,Decile 2,Urban,2016
4.800000190734863,26,8613,CRI,330,226,29186,923,Costa Rica,Decile 3,Urban,2016
5.699999809265137,26,8613,CRI,330,226,29186,924,Costa Rica,Decile 4,Urban,2016
6.900000095367432,26,8613,CRI,330,226,29186,925,Costa Rica,Decile 5,Urban,2016
8.199999809265137,26,8613,CRI,330,226,29186,926,Costa Rica,Decile 6,Urban,2016
10,26,8613,CRI,330,226,29186,927,Costa Rica,Decile 7,Urban,2016
12.600000381469727,26,8613,CRI,330,226,29186,928,Costa Rica,Decile 8,Urban,2016
17.299999237060547,26,8613,CRI,330,226,29186,929,Costa Rica,Decile 9,Urban,2016
1.7999999523162842,26,8613,CRI,327,226,29187,921,Costa Rica,Decile 1,National,2017
31.100000381469727,26,8613,CRI,327,226,29187,930,Costa Rica,Decile 10,National,2017
3.5,26,8613,CRI,327,226,29187,922,Costa Rica,Decile 2,National,2017
4.5,26,8613,CRI,327,226,29187,923,Costa Rica,Decile 3,National,2017
5.300000190734863,26,8613,CRI,327,226,29187,924,Costa Rica,Decile 4,National,2017
6.5,26,8613,CRI,327,226,29187,925,Costa Rica,Decile 5,National,2017
8.100000381469727,26,8613,CRI,327,226,29187,926,Costa Rica,Decile 6,National,2017
9.399999618530273,26,8613,CRI,327,226,29187,927,Costa Rica,Decile 7,National,2017
12.300000190734863,26,8613,CRI,327,226,29187,928,Costa Rica,Decile 8,National,2017
17.399999618530273,26,8613,CRI,327,226,29187,929,Costa Rica,Decile 9,National,2017
2,26,8613,CRI,331,226,29187,921,Costa Rica,Decile 1,Rural,2017
31.899999618530273,26,8613,CRI,331,226,29187,930,Costa Rica,Decile 10,Rural,2017
3.9000000953674316,26,8613,CRI,331,226,29187,922,Costa Rica,Decile 2,Rural,2017
5.199999809265137,26,8613,CRI,331,226,29187,923,Costa Rica,Decile 3,Rural,2017
6,26,8613,CRI,331,226,29187,924,Costa Rica,Decile 4,Rural,2017
6.699999809265137,26,8613,CRI,331,226,29187,925,Costa Rica,Decile 5,Rural,2017
8,26,8613,CRI,331,226,29187,926,Costa Rica,Decile 6,Rural,2017
9.100000381469727,26,8613,CRI,331,226,29187,927,Costa Rica,Decile 7,Rural,2017
11.699999809265137,26,8613,CRI,331,226,29187,928,Costa Rica,Decile 8,Rural,2017
15.5,26,8613,CRI,331,226,29187,929,Costa Rica,Decile 9,Rural,2017
2,26,8613,CRI,330,226,29187,921,Costa Rica,Decile 1,Urban,2017
29.5,26,8613,CRI,330,226,29187,930,Costa Rica,Decile 10,Urban,2017
3.5999999046325684,26,8613,CRI,330,226,29187,922,Costa Rica,Decile 2,Urban,2017
4.699999809265137,26,8613,CRI,330,226,29187,923,Costa Rica,Decile 3,Urban,2017
5.699999809265137,26,8613,CRI,330,226,29187,924,Costa Rica,Decile 4,Urban,2017
6.900000095367432,26,8613,CRI,330,226,29187,925,Costa Rica,Decile 5,Urban,2017
8,26,8613,CRI,330,226,29187,926,Costa Rica,Decile 6,Urban,2017
9.699999809265137,26,8613,CRI,330,226,29187,927,Costa Rica,Decile 7,Urban,2017
12.300000190734863,26,8613,CRI,330,226,29187,928,Costa Rica,Decile 8,Urban,2017
17.700000762939453,26,8613,CRI,330,226,29187,929,Costa Rica,Decile 9,Urban,2017
1.7999999523162842,26,8613,CRI,327,226,29188,921,Costa Rica,Decile 1,National,2018
30.700000762939453,26,8613,CRI,327,226,29188,930,Costa Rica,Decile 10,National,2018
3.299999952316284,26,8613,CRI,327,226,29188,922,Costa Rica,Decile 2,National,2018
4.599999904632568,26,8613,CRI,327,226,29188,923,Costa Rica,Decile 3,National,2018
5.5,26,8613,CRI,327,226,29188,924,Costa Rica,Decile 4,National,2018
6.599999904632568,26,8613,CRI,327,226,29188,925,Costa Rica,Decile 5,National,2018
8.100000381469727,26,8613,CRI,327,226,29188,926,Costa Rica,Decile 6,National,2018
9.699999809265137,26,8613,CRI,327,226,29188,927,Costa Rica,Decile 7,National,2018
12.5,26,8613,CRI,327,226,29188,928,Costa Rica,Decile 8,National,2018
17.200000762939453,26,8613,CRI,327,226,29188,929,Costa Rica,Decile 9,National,2018
2.0999999046325684,26,8613,CRI,331,226,29188,921,Costa Rica,Decile 1,Rural,2018
31.100000381469727,26,8613,CRI,331,226,29188,930,Costa Rica,Decile 10,Rural,2018
4.199999809265137,26,8613,CRI,331,226,29188,922,Costa Rica,Decile 2,Rural,2018
5,26,8613,CRI,331,226,29188,923,Costa Rica,Decile 3,Rural,2018
6.099999904632568,26,8613,CRI,331,226,29188,924,Costa Rica,Decile 4,Rural,2018
7,26,8613,CRI,331,226,29188,925,Costa Rica,Decile 5,Rural,2018
7.800000190734863,26,8613,CRI,331,226,29188,926,Costa Rica,Decile 6,Rural,2018
9.600000381469727,26,8613,CRI,331,226,29188,927,Costa Rica,Decile 7,Rural,2018
11.899999618530273,26,8613,CRI,331,226,29188,928,Costa Rica,Decile 8,Rural,2018
15.199999809265137,26,8613,CRI,331,226,29188,929,Costa Rica,Decile 9,Rural,2018
1.899999976158142,26,8613,CRI,330,226,29188,921,Costa Rica,Decile 1,Urban,2018
29.100000381469727,26,8613,CRI,330,226,29188,930,Costa Rica,Decile 10,Urban,2018
3.700000047683716,26,8613,CRI,330,226,29188,922,Costa Rica,Decile 2,Urban,2018
4.800000190734863,26,8613,CRI,330,226,29188,923,Costa Rica,Decile 3,Urban,2018
5.699999809265137,26,8613,CRI,330,226,29188,924,Costa Rica,Decile 4,Urban,2018
7,26,8613,CRI,330,226,29188,925,Costa Rica,Decile 5,Urban,2018
8.100000381469727,26,8613,CRI,330,226,29188,926,Costa Rica,Decile 6,Urban,2018
10,26,8613,CRI,330,226,29188,927,Costa Rica,Decile 7,Urban,2018
12.899999618530273,26,8613,CRI,330,226,29188,928,Costa Rica,Decile 8,Urban,2018
17,26,8613,CRI,330,226,29188,929,Costa Rica,Decile 9,Urban,2018
2,26,8613,CRI,327,226,29189,921,Costa Rica,Decile 1,National,2019
30.799999237060547,26,8613,CRI,327,226,29189,930,Costa Rica,Decile 10,National,2019
3.5,26,8613,CRI,327,226,29189,922,Costa Rica,Decile 2,National,2019
4.699999809265137,26,8613,CRI,327,226,29189,923,Costa Rica,Decile 3,National,2019
5.400000095367432,26,8613,CRI,327,226,29189,924,Costa Rica,Decile 4,National,2019
6.5,26,8613,CRI,327,226,29189,925,Costa Rica,Decile 5,National,2019
7.900000095367432,26,8613,CRI,327,226,29189,926,Costa Rica,Decile 6,National,2019
9.600000381469727,26,8613,CRI,327,226,29189,927,Costa Rica,Decile 7,National,2019
12.399999618530273,26,8613,CRI,327,226,29189,928,Costa Rica,Decile 8,National,2019
17.200000762939453,26,8613,CRI,327,226,29189,929,Costa Rica,Decile 9,National,2019
2.5,26,8613,CRI,331,226,29189,921,Costa Rica,Decile 1,Rural,2019
30.399999618530273,26,8613,CRI,331,226,29189,930,Costa Rica,Decile 10,Rural,2019
4.400000095367432,26,8613,CRI,331,226,29189,922,Costa Rica,Decile 2,Rural,2019
5.199999809265137,26,8613,CRI,331,226,29189,923,Costa Rica,Decile 3,Rural,2019
6.099999904632568,26,8613,CRI,331,226,29189,924,Costa Rica,Decile 4,Rural,2019
7.199999809265137,26,8613,CRI,331,226,29189,925,Costa Rica,Decile 5,Rural,2019
8,26,8613,CRI,331,226,29189,926,Costa Rica,Decile 6,Rural,2019
9.399999618530273,26,8613,CRI,331,226,29189,927,Costa Rica,Decile 7,Rural,2019
11.800000190734863,26,8613,CRI,331,226,29189,928,Costa Rica,Decile 8,Rural,2019
15.100000381469727,26,8613,CRI,331,226,29189,929,Costa Rica,Decile 9,Rural,2019
2,26,8613,CRI,330,226,29189,921,Costa Rica,Decile 1,Urban,2019
29.399999618530273,26,8613,CRI,330,226,29189,930,Costa Rica,Decile 10,Urban,2019
3.700000047683716,26,8613,CRI,330,226,29189,922,Costa Rica,Decile 2,Urban,2019
4.800000190734863,26,8613,CRI,330,226,29189,923,Costa Rica,Decile 3,Urban,2019
5.599999904632568,26,8613,CRI,330,226,29189,924,Costa Rica,Decile 4,Urban,2019
6.699999809265137,26,8613,CRI,330,226,29189,925,Costa Rica,Decile 5,Urban,2019
8.199999809265137,26,8613,CRI,330,226,29189,926,Costa Rica,Decile 6,Urban,2019
9.699999809265137,26,8613,CRI,330,226,29189,927,Costa Rica,Decile 7,Urban,2019
12.800000190734863,26,8613,CRI,330,226,29189,928,Costa Rica,Decile 8,Urban,2019
17.100000381469727,26,8613,CRI,330,226,29189,929,Costa Rica,Decile 9,Urban,2019
2,26,8613,CRI,327,226,29190,921,Costa Rica,Decile 1,National,2020
30.299999237060547,26,8613,CRI,327,226,29190,930,Costa Rica,Decile 10,National,2020
3.5999999046325684,26,8613,CRI,327,226,29190,922,Costa Rica,Decile 2,National,2020
4.699999809265137,26,8613,CRI,327,226,29190,923,Costa Rica,Decile 3,National,2020
5.5,26,8613,CRI,327,226,29190,924,Costa Rica,Decile 4,National,2020
6.400000095367432,26,8613,CRI,327,226,29190,925,Costa Rica,Decile 5,National,2020
7.699999809265137,26,8613,CRI,327,226,29190,926,Costa Rica,Decile 6,National,2020
9.5,26,8613,CRI,327,226,29190,927,Costa Rica,Decile 7,National,2020
12.399999618530273,26,8613,CRI,327,226,29190,928,Costa Rica,Decile 8,National,2020
17.700000762939453,26,8613,CRI,327,226,29190,929,Costa Rica,Decile 9,National,2020
2.5999999046325684,26,8613,CRI,331,226,29190,921,Costa Rica,Decile 1,Rural,2020
30.200000762939453,26,8613,CRI,331,226,29190,930,Costa Rica,Decile 10,Rural,2020
4.699999809265137,26,8613,CRI,331,226,29190,922,Costa Rica,Decile 2,Rural,2020
5.599999904632568,26,8613,CRI,331,226,29190,923,Costa Rica,Decile 3,Rural,2020
6.300000190734863,26,8613,CRI,331,226,29190,924,Costa Rica,Decile 4,Rural,2020
7.099999904632568,26,8613,CRI,331,226,29190,925,Costa Rica,Decile 5,Rural,2020
8.199999809265137,26,8613,CRI,331,226,29190,926,Costa Rica,Decile 6,Rural,2020
9.300000190734863,26,8613,CRI,331,226,29190,927,Costa Rica,Decile 7,Rural,2020
11.300000190734863,26,8613,CRI,331,226,29190,928,Costa Rica,Decile 8,Rural,2020
14.699999809265137,26,8613,CRI,331,226,29190,929,Costa Rica,Decile 9,Rural,2020
2,26,8613,CRI,330,226,29190,921,Costa Rica,Decile 1,Urban,2020
28.5,26,8613,CRI,330,226,29190,930,Costa Rica,Decile 10,Urban,2020
3.5999999046325684,26,8613,CRI,330,226,29190,922,Costa Rica,Decile 2,Urban,2020
4.800000190734863,26,8613,CRI,330,226,29190,923,Costa Rica,Decile 3,Urban,2020
5.5,26,8613,CRI,330,226,29190,924,Costa Rica,Decile 4,Urban,2020
6.599999904632568,26,8613,CRI,330,226,29190,925,Costa Rica,Decile 5,Urban,2020
8.100000381469727,26,8613,CRI,330,226,29190,926,Costa Rica,Decile 6,Urban,2020
10,26,8613,CRI,330,226,29190,927,Costa Rica,Decile 7,Urban,2020
12.899999618530273,26,8613,CRI,330,226,29190,928,Costa Rica,Decile 8,Urban,2020
18,26,8613,CRI,330,226,29190,929,Costa Rica,Decile 9,Urban,2020
2,26,8613,CRI,327,226,29191,921,Costa Rica,Decile 1,National,2021
31,26,8613,CRI,327,226,29191,930,Costa Rica,Decile 10,National,2021
3.5,26,8613,CRI,327,226,29191,922,Costa Rica,Decile 2,National,2021
4.5,26,8613,CRI,327,226,29191,923,Costa Rica,Decile 3,National,2021
5.400000095367432,26,8613,CRI,327,226,29191,924,Costa Rica,Decile 4,National,2021
6.5,26,8613,CRI,327,226,29191,925,Costa Rica,Decile 5,National,2021
8,26,8613,CRI,327,226,29191,926,Costa Rica,Decile 6,National,2021
9.800000190734863,26,8613,CRI,327,226,29191,927,Costa Rica,Decile 7,National,2021
12.199999809265137,26,8613,CRI,327,226,29191,928,Costa Rica,Decile 8,National,2021
17.100000381469727,26,8613,CRI,327,226,29191,929,Costa Rica,Decile 9,National,2021
2.4000000953674316,26,8613,CRI,331,226,29191,921,Costa Rica,Decile 1,Rural,2021
29.899999618530273,26,8613,CRI,331,226,29191,930,Costa Rica,Decile 10,Rural,2021
4.300000190734863,26,8613,CRI,331,226,29191,922,Costa Rica,Decile 2,Rural,2021
5.400000095367432,26,8613,CRI,331,226,29191,923,Costa Rica,Decile 3,Rural,2021
6.300000190734863,26,8613,CRI,331,226,29191,924,Costa Rica,Decile 4,Rural,2021
7,26,8613,CRI,331,226,29191,925,Costa Rica,Decile 5,Rural,2021
8.199999809265137,26,8613,CRI,331,226,29191,926,Costa Rica,Decile 6,Rural,2021
9.699999809265137,26,8613,CRI,331,226,29191,927,Costa Rica,Decile 7,Rural,2021
11.899999618530273,26,8613,CRI,331,226,29191,928,Costa Rica,Decile 8,Rural,2021
14.800000190734863,26,8613,CRI,331,226,29191,929,Costa Rica,Decile 9,Rural,2021
2.0999999046325684,26,8613,CRI,330,226,29191,921,Costa Rica,Decile 1,Urban,2021
29.799999237060547,26,8613,CRI,330,226,29191,930,Costa Rica,Decile 10,Urban,2021
3.5999999046325684,26,8613,CRI,330,226,29191,922,Costa Rica,Decile 2,Urban,2021
4.599999904632568,26,8613,CRI,330,226,29191,923,Costa Rica,Decile 3,Urban,2021
5.599999904632568,26,8613,CRI,330,226,29191,924,Costa Rica,Decile 4,Urban,2021
6.900000095367432,26,8613,CRI,330,226,29191,925,Costa Rica,Decile 5,Urban,2021
8.199999809265137,26,8613,CRI,330,226,29191,926,Costa Rica,Decile 6,Urban,2021
9.800000190734863,26,8613,CRI,330,226,29191,927,Costa Rica,Decile 7,Urban,2021
12.5,26,8613,CRI,330,226,29191,928,Costa Rica,Decile 8,Urban,2021
17,26,8613,CRI,330,226,29191,929,Costa Rica,Decile 9,Urban,2021
2.200000047683716,26,8613,CRI,327,226,29192,921,Costa Rica,Decile 1,National,2022
29.5,26,8613,CRI,327,226,29192,930,Costa Rica,Decile 10,National,2022
3.700000047683716,26,8613,CRI,327,226,29192,922,Costa Rica,Decile 2,National,2022
4.599999904632568,26,8613,CRI,327,226,29192,923,Costa Rica,Decile 3,National,2022
5.5,26,8613,CRI,327,226,29192,924,Costa Rica,Decile 4,National,2022
6.699999809265137,26,8613,CRI,327,226,29192,925,Costa Rica,Decile 5,National,2022
8.300000190734863,26,8613,CRI,327,226,29192,926,Costa Rica,Decile 6,National,2022
9.800000190734863,26,8613,CRI,327,226,29192,927,Costa Rica,Decile 7,National,2022
12.300000190734863,26,8613,CRI,327,226,29192,928,Costa Rica,Decile 8,National,2022
17.5,26,8613,CRI,327,226,29192,929,Costa Rica,Decile 9,National,2022
2.700000047683716,26,8613,CRI,331,226,29192,921,Costa Rica,Decile 1,Rural,2022
30,26,8613,CRI,331,226,29192,930,Costa Rica,Decile 10,Rural,2022
4.5,26,8613,CRI,331,226,29192,922,Costa Rica,Decile 2,Rural,2022
5.300000190734863,26,8613,CRI,331,226,29192,923,Costa Rica,Decile 3,Rural,2022
6.099999904632568,26,8613,CRI,331,226,29192,924,Costa Rica,Decile 4,Rural,2022
6.400000095367432,26,8613,CRI,331,226,29192,925,Costa Rica,Decile 5,Rural,2022
8.399999618530273,26,8613,CRI,331,226,29192,926,Costa Rica,Decile 6,Rural,2022
9.199999809265137,26,8613,CRI,331,226,29192,927,Costa Rica,Decile 7,Rural,2022
12.300000190734863,26,8613,CRI,331,226,29192,928,Costa Rica,Decile 8,Rural,2022
15.199999809265137,26,8613,CRI,331,226,29192,929,Costa Rica,Decile 9,Rural,2022
2.200000047683716,26,8613,CRI,330,226,29192,921,Costa Rica,Decile 1,Urban,2022
28,26,8613,CRI,330,226,29192,930,Costa Rica,Decile 10,Urban,2022
3.799999952316284,26,8613,CRI,330,226,29192,922,Costa Rica,Decile 2,Urban,2022
4.900000095367432,26,8613,CRI,330,226,29192,923,Costa Rica,Decile 3,Urban,2022
5.599999904632568,26,8613,CRI,330,226,29192,924,Costa Rica,Decile 4,Urban,2022
7.099999904632568,26,8613,CRI,330,226,29192,925,Costa Rica,Decile 5,Urban,2022
8.100000381469727,26,8613,CRI,330,226,29192,926,Costa Rica,Decile 6,Urban,2022
10.100000381469727,26,8613,CRI,330,226,29192,927,Costa Rica,Decile 7,Urban,2022
12.800000190734863,26,8613,CRI,330,226,29192,928,Costa Rica,Decile 8,Urban,2022
17.200000762939453,26,8613,CRI,330,226,29192,929,Costa Rica,Decile 9,Urban,2022
2.299999952316284,26,8613,CRI,327,226,29193,921,Costa Rica,Decile 1,National,2023
29.5,26,8613,CRI,327,226,29193,930,Costa Rica,Decile 10,National,2023
3.5999999046325684,26,8613,CRI,327,226,29193,922,Costa Rica,Decile 2,National,2023
4.699999809265137,26,8613,CRI,327,226,29193,923,Costa Rica,Decile 3,National,2023
5.5,26,8613,CRI,327,226,29193,924,Costa Rica,Decile 4,National,2023
7,26,8613,CRI,327,226,29193,925,Costa Rica,Decile 5,National,2023
8,26,8613,CRI,327,226,29193,926,Costa Rica,Decile 6,National,2023
9.699999809265137,26,8613,CRI,327,226,29193,927,Costa Rica,Decile 7,National,2023
12.5,26,8613,CRI,327,226,29193,928,Costa Rica,Decile 8,National,2023
17.200000762939453,26,8613,CRI,327,226,29193,929,Costa Rica,Decile 9,National,2023
2.799999952316284,26,8613,CRI,331,226,29193,921,Costa Rica,Decile 1,Rural,2023
31,26,8613,CRI,331,226,29193,930,Costa Rica,Decile 10,Rural,2023
4.300000190734863,26,8613,CRI,331,226,29193,922,Costa Rica,Decile 2,Rural,2023
5.300000190734863,26,8613,CRI,331,226,29193,923,Costa Rica,Decile 3,Rural,2023
6.300000190734863,26,8613,CRI,331,226,29193,924,Costa Rica,Decile 4,Rural,2023
6.800000190734863,26,8613,CRI,331,226,29193,925,Costa Rica,Decile 5,Rural,2023
7.900000095367432,26,8613,CRI,331,226,29193,926,Costa Rica,Decile 6,Rural,2023
9.600000381469727,26,8613,CRI,331,226,29193,927,Costa Rica,Decile 7,Rural,2023
10.899999618530273,26,8613,CRI,331,226,29193,928,Costa Rica,Decile 8,Rural,2023
15.199999809265137,26,8613,CRI,331,226,29193,929,Costa Rica,Decile 9,Rural,2023
2.299999952316284,26,8613,CRI,330,226,29193,921,Costa Rica,Decile 1,Urban,2023
27.600000381469727,26,8613,CRI,330,226,29193,930,Costa Rica,Decile 10,Urban,2023
3.799999952316284,26,8613,CRI,330,226,29193,922,Costa Rica,Decile 2,Urban,2023
4.699999809265137,26,8613,CRI,330,226,29193,923,Costa Rica,Decile 3,Urban,2023
6,26,8613,CRI,330,226,29193,924,Costa Rica,Decile 4,Urban,2023
7.400000095367432,26,8613,CRI,330,226,29193,925,Costa Rica,Decile 5,Urban,2023
8.100000381469727,26,8613,CRI,330,226,29193,926,Costa Rica,Decile 6,Urban,2023
9.899999618530273,26,8613,CRI,330,226,29193,927,Costa Rica,Decile 7,Urban,2023
12.800000190734863,26,8613,CRI,330,226,29193,928,Costa Rica,Decile 8,Urban,2023
17.299999237060547,26,8613,CRI,330,226,29193,929,Costa Rica,Decile 9,Urban,2023
2.299999952316284,26,8613,CRI,327,226,29194,921,Costa Rica,Decile 1,National,2024
28.299999237060547,26,8613,CRI,327,226,29194,930,Costa Rica,Decile 10,National,2024
3.799999952316284,26,8613,CRI,327,226,29194,922,Costa Rica,Decile 2,National,2024
4.800000190734863,26,8613,CRI,327,226,29194,923,Costa Rica,Decile 3,National,2024
5.599999904632568,26,8613,CRI,327,226,29194,924,Costa Rica,Decile 4,National,2024
7.099999904632568,26,8613,CRI,327,226,29194,925,Costa Rica,Decile 5,National,2024
8.300000190734863,26,8613,CRI,327,226,29194,926,Costa Rica,Decile 6,National,2024
10,26,8613,CRI,327,226,29194,927,Costa Rica,Decile 7,National,2024
12.899999618530273,26,8613,CRI,327,226,29194,928,Costa Rica,Decile 8,National,2024
16.899999618530273,26,8613,CRI,327,226,29194,929,Costa Rica,Decile 9,National,2024
2.799999952316284,26,8613,CRI,331,226,29194,921,Costa Rica,Decile 1,Rural,2024
28.799999237060547,26,8613,CRI,331,226,29194,930,Costa Rica,Decile 10,Rural,2024
4.5,26,8613,CRI,331,226,29194,922,Costa Rica,Decile 2,Rural,2024
5.400000095367432,26,8613,CRI,331,226,29194,923,Costa Rica,Decile 3,Rural,2024
6,26,8613,CRI,331,226,29194,924,Costa Rica,Decile 4,Rural,2024
6.800000190734863,26,8613,CRI,331,226,29194,925,Costa Rica,Decile 5,Rural,2024
8,26,8613,CRI,331,226,29194,926,Costa Rica,Decile 6,Rural,2024
9.800000190734863,26,8613,CRI,331,226,29194,927,Costa Rica,Decile 7,Rural,2024
12.300000190734863,26,8613,CRI,331,226,29194,928,Costa Rica,Decile 8,Rural,2024
15.5,26,8613,CRI,331,226,29194,929,Costa Rica,Decile 9,Rural,2024
2.4000000953674316,26,8613,CRI,330,226,29194,921,Costa Rica,Decile 1,Urban,2024
27,26,8613,CRI,330,226,29194,930,Costa Rica,Decile 10,Urban,2024
4.099999904632568,26,8613,CRI,330,226,29194,922,Costa Rica,Decile 2,Urban,2024
4.900000095367432,26,8613,CRI,330,226,29194,923,Costa Rica,Decile 3,Urban,2024
6.199999809265137,26,8613,CRI,330,226,29194,924,Costa Rica,Decile 4,Urban,2024
7,26,8613,CRI,330,226,29194,925,Costa Rica,Decile 5,Urban,2024
8.5,26,8613,CRI,330,226,29194,926,Costa Rica,Decile 6,Urban,2024
10.5,26,8613,CRI,330,226,29194,927,Costa Rica,Decile 7,Urban,2024
12.600000381469727,26,8613,CRI,330,226,29194,928,Costa Rica,Decile 8,Urban,2024
16.799999237060547,26,8613,CRI,330,226,29194,929,Costa Rica,Decile 9,Urban,2024
1.5,26,,ECU,327,229,29171,921,Ecuador,Decile 1,National,2001
39.5,26,,ECU,327,229,29171,930,Ecuador,Decile 10,National,2001
3.0999999046325684,26,,ECU,327,229,29171,922,Ecuador,Decile 2,National,2001
4.400000095367432,26,,ECU,327,229,29171,923,Ecuador,Decile 3,National,2001
5,26,,ECU,327,229,29171,924,Ecuador,Decile 4,National,2001
6.099999904632568,26,,ECU,327,229,29171,925,Ecuador,Decile 5,National,2001
7.099999904632568,26,,ECU,327,229,29171,926,Ecuador,Decile 6,National,2001
8.399999618530273,26,,ECU,327,229,29171,927,Ecuador,Decile 7,National,2001
10.399999618530273,26,,ECU,327,229,29171,928,Ecuador,Decile 8,National,2001
14.600000381469727,26,,ECU,327,229,29171,929,Ecuador,Decile 9,National,2001
2,26,,ECU,331,229,29171,921,Ecuador,Decile 1,Rural,2001
33.400001525878906,26,,ECU,331,229,29171,930,Ecuador,Decile 10,Rural,2001
3.5999999046325684,26,,ECU,331,229,29171,922,Ecuador,Decile 2,Rural,2001
4.900000095367432,26,,ECU,331,229,29171,923,Ecuador,Decile 3,Rural,2001
5.800000190734863,26,,ECU,331,229,29171,924,Ecuador,Decile 4,Rural,2001
7,26,,ECU,331,229,29171,925,Ecuador,Decile 5,Rural,2001
8.600000381469727,26,,ECU,331,229,29171,926,Ecuador,Decile 6,Rural,2001
9.199999809265137,26,,ECU,331,229,29171,927,Ecuador,Decile 7,Rural,2001
10.699999809265137,26,,ECU,331,229,29171,928,Ecuador,Decile 8,Rural,2001
14.899999618530273,26,,ECU,331,229,29171,929,Ecuador,Decile 9,Rural,2001
1.600000023841858,26,,ECU,330,229,29171,921,Ecuador,Decile 1,Urban,2001
39.70000076293945,26,,ECU,330,229,29171,930,Ecuador,Decile 10,Urban,2001
3.5,26,,ECU,330,229,29171,922,Ecuador,Decile 2,Urban,2001
4.099999904632568,26,,ECU,330,229,29171,923,Ecuador,Decile 3,Urban,2001
5.099999904632568,26,,ECU,330,229,29171,924,Ecuador,Decile 4,Urban,2001
6,26,,ECU,330,229,29171,925,Ecuador,Decile 5,Urban,2001
7,26,,ECU,330,229,29171,926,Ecuador,Decile 6,Urban,2001
8.199999809265137,26,,ECU,330,229,29171,927,Ecuador,Decile 7,Urban,2001
10.300000190734863,26,,ECU,330,229,29171,928,Ecuador,Decile 8,Urban,2001
14.5,26,,ECU,330,229,29171,929,Ecuador,Decile 9,Urban,2001
1.399999976158142,26,,ECU,327,229,29173,921,Ecuador,Decile 1,National,2003
47.29999923706055,26,,ECU,327,229,29173,930,Ecuador,Decile 10,National,2003
2.700000047683716,26,,ECU,327,229,29173,922,Ecuador,Decile 2,National,2003
3.5999999046325684,26,,ECU,327,229,29173,923,Ecuador,Decile 3,National,2003
4.400000095367432,26,,ECU,327,229,29173,924,Ecuador,Decile 4,National,2003
5.300000190734863,26,,ECU,327,229,29173,925,Ecuador,Decile 5,National,2003
6.5,26,,ECU,327,229,29173,926,Ecuador,Decile 6,National,2003
7.5,26,,ECU,327,229,29173,927,Ecuador,Decile 7,National,2003
9,26,,ECU,327,229,29173,928,Ecuador,Decile 8,National,2003
12.399999618530273,26,,ECU,327,229,29173,929,Ecuador,Decile 9,National,2003
2.200000047683716,26,,ECU,331,229,29173,921,Ecuador,Decile 1,Rural,2003
31.799999237060547,26,,ECU,331,229,29173,930,Ecuador,Decile 10,Rural,2003
4,26,,ECU,331,229,29173,922,Ecuador,Decile 2,Rural,2003
5.099999904632568,26,,ECU,331,229,29173,923,Ecuador,Decile 3,Rural,2003
5.800000190734863,26,,ECU,331,229,29173,924,Ecuador,Decile 4,Rural,2003
7.400000095367432,26,,ECU,331,229,29173,925,Ecuador,Decile 5,Rural,2003
8.199999809265137,26,,ECU,331,229,29173,926,Ecuador,Decile 6,Rural,2003
9.5,26,,ECU,331,229,29173,927,Ecuador,Decile 7,Rural,2003
11.800000190734863,26,,ECU,331,229,29173,928,Ecuador,Decile 8,Rural,2003
14.199999809265137,26,,ECU,331,229,29173,929,Ecuador,Decile 9,Rural,2003
1.399999976158142,26,,ECU,330,229,29173,921,Ecuador,Decile 1,Urban,2003
48,26,,ECU,330,229,29173,930,Ecuador,Decile 10,Urban,2003
2.700000047683716,26,,ECU,330,229,29173,922,Ecuador,Decile 2,Urban,2003
3.5999999046325684,26,,ECU,330,229,29173,923,Ecuador,Decile 3,Urban,2003
4.5,26,,ECU,330,229,29173,924,Ecuador,Decile 4,Urban,2003
5.300000190734863,26,,ECU,330,229,29173,925,Ecuador,Decile 5,Urban,2003
6.099999904632568,26,,ECU,330,229,29173,926,Ecuador,Decile 6,Urban,2003
7.199999809265137,26,,ECU,330,229,29173,927,Ecuador,Decile 7,Urban,2003
9,26,,ECU,330,229,29173,928,Ecuador,Decile 8,Urban,2003
12.300000190734863,26,,ECU,330,229,29173,929,Ecuador,Decile 9,Urban,2003
1.7000000476837158,26,,ECU,327,229,29175,921,Ecuador,Decile 1,National,2005
35.5,26,,ECU,327,229,29175,930,Ecuador,Decile 10,National,2005
3.200000047683716,26,,ECU,327,229,29175,922,Ecuador,Decile 2,National,2005
4.300000190734863,26,,ECU,327,229,29175,923,Ecuador,Decile 3,National,2005
5.400000095367432,26,,ECU,327,229,29175,924,Ecuador,Decile 4,National,2005
6.400000095367432,26,,ECU,327,229,29175,925,Ecuador,Decile 5,National,2005
7.900000095367432,26,,ECU,327,229,29175,926,Ecuador,Decile 6,National,2005
9,26,,ECU,327,229,29175,927,Ecuador,Decile 7,National,2005
11.399999618530273,26,,ECU,327,229,29175,928,Ecuador,Decile 8,National,2005
15.100000381469727,26,,ECU,327,229,29175,929,Ecuador,Decile 9,National,2005
2.0999999046325684,26,,ECU,331,229,29175,921,Ecuador,Decile 1,Rural,2005
29.399999618530273,26,,ECU,331,229,29175,930,Ecuador,Decile 10,Rural,2005
4.099999904632568,26,,ECU,331,229,29175,922,Ecuador,Decile 2,Rural,2005
5.400000095367432,26,,ECU,331,229,29175,923,Ecuador,Decile 3,Rural,2005
5.800000190734863,26,,ECU,331,229,29175,924,Ecuador,Decile 4,Rural,2005
7.400000095367432,26,,ECU,331,229,29175,925,Ecuador,Decile 5,Rural,2005
8.800000190734863,26,,ECU,331,229,29175,926,Ecuador,Decile 6,Rural,2005
9.899999618530273,26,,ECU,331,229,29175,927,Ecuador,Decile 7,Rural,2005
12.399999618530273,26,,ECU,331,229,29175,928,Ecuador,Decile 8,Rural,2005
14.800000190734863,26,,ECU,331,229,29175,929,Ecuador,Decile 9,Rural,2005
2,26,,ECU,330,229,29175,921,Ecuador,Decile 1,Urban,2005
34.5,26,,ECU,330,229,29175,930,Ecuador,Decile 10,Urban,2005
3.5999999046325684,26,,ECU,330,229,29175,922,Ecuador,Decile 2,Urban,2005
4.599999904632568,26,,ECU,330,229,29175,923,Ecuador,Decile 3,Urban,2005
5.5,26,,ECU,330,229,29175,924,Ecuador,Decile 4,Urban,2005
6.800000190734863,26,,ECU,330,229,29175,925,Ecuador,Decile 5,Urban,2005
7.699999809265137,26,,ECU,330,229,29175,926,Ecuador,Decile 6,Urban,2005
9.199999809265137,26,,ECU,330,229,29175,927,Ecuador,Decile 7,Urban,2005
11.399999618530273,26,,ECU,330,229,29175,928,Ecuador,Decile 8,Urban,2005
14.800000190734863,26,,ECU,330,229,29175,929,Ecuador,Decile 9,Urban,2005
1.7999999523162842,26,,ECU,327,229,29176,921,Ecuador,Decile 1,National,2006
36,26,,ECU,327,229,29176,930,Ecuador,Decile 10,National,2006
3.299999952316284,26,,ECU,327,229,29176,922,Ecuador,Decile 2,National,2006
4.400000095367432,26,,ECU,327,229,29176,923,Ecuador,Decile 3,National,2006
5.300000190734863,26,,ECU,327,229,29176,924,Ecuador,Decile 4,National,2006
6.5,26,,ECU,327,229,29176,925,Ecuador,Decile 5,National,2006
7.599999904632568,26,,ECU,327,229,29176,926,Ecuador,Decile 6,National,2006
9.300000190734863,26,,ECU,327,229,29176,927,Ecuador,Decile 7,National,2006
11.300000190734863,26,,ECU,327,229,29176,928,Ecuador,Decile 8,National,2006
14.5,26,,ECU,327,229,29176,929,Ecuador,Decile 9,National,2006
2.299999952316284,26,,ECU,331,229,29176,921,Ecuador,Decile 1,Rural,2006
33.20000076293945,26,,ECU,331,229,29176,930,Ecuador,Decile 10,Rural,2006
3.799999952316284,26,,ECU,331,229,29176,922,Ecuador,Decile 2,Rural,2006
4.800000190734863,26,,ECU,331,229,29176,923,Ecuador,Decile 3,Rural,2006
6,26,,ECU,331,229,29176,924,Ecuador,Decile 4,Rural,2006
6.900000095367432,26,,ECU,331,229,29176,925,Ecuador,Decile 5,Rural,2006
8.199999809265137,26,,ECU,331,229,29176,926,Ecuador,Decile 6,Rural,2006
9.199999809265137,26,,ECU,331,229,29176,927,Ecuador,Decile 7,Rural,2006
11.399999618530273,26,,ECU,331,229,29176,928,Ecuador,Decile 8,Rural,2006
14.100000381469727,26,,ECU,331,229,29176,929,Ecuador,Decile 9,Rural,2006
2.0999999046325684,26,,ECU,330,229,29176,921,Ecuador,Decile 1,Urban,2006
34.29999923706055,26,,ECU,330,229,29176,930,Ecuador,Decile 10,Urban,2006
3.5999999046325684,26,,ECU,330,229,29176,922,Ecuador,Decile 2,Urban,2006
4.699999809265137,26,,ECU,330,229,29176,923,Ecuador,Decile 3,Urban,2006
5.800000190734863,26,,ECU,330,229,29176,924,Ecuador,Decile 4,Urban,2006
6.5,26,,ECU,330,229,29176,925,Ecuador,Decile 5,Urban,2006
7.900000095367432,26,,ECU,330,229,29176,926,Ecuador,Decile 6,Urban,2006
9.399999618530273,26,,ECU,330,229,29176,927,Ecuador,Decile 7,Urban,2006
10.899999618530273,26,,ECU,330,229,29176,928,Ecuador,Decile 8,Urban,2006
14.800000190734863,26,,ECU,330,229,29176,929,Ecuador,Decile 9,Urban,2006
1.7999999523162842,26,,ECU,327,229,29177,921,Ecuador,Decile 1,National,2007
36.5,26,,ECU,327,229,29177,930,Ecuador,Decile 10,National,2007
3.200000047683716,26,,ECU,327,229,29177,922,Ecuador,Decile 2,National,2007
4.300000190734863,26,,ECU,327,229,29177,923,Ecuador,Decile 3,National,2007
5.300000190734863,26,,ECU,327,229,29177,924,Ecuador,Decile 4,National,2007
6.300000190734863,26,,ECU,327,229,29177,925,Ecuador,Decile 5,National,2007
7.199999809265137,26,,ECU,327,229,29177,926,Ecuador,Decile 6,National,2007
8.600000381469727,26,,ECU,327,229,29177,927,Ecuador,Decile 7,National,2007
11.199999809265137,26,,ECU,327,229,29177,928,Ecuador,Decile 8,National,2007
15.5,26,,ECU,327,229,29177,929,Ecuador,Decile 9,National,2007
2.0999999046325684,26,,ECU,331,229,29177,921,Ecuador,Decile 1,Rural,2007
31.700000762939453,26,,ECU,331,229,29177,930,Ecuador,Decile 10,Rural,2007
4.199999809265137,26,,ECU,331,229,29177,922,Ecuador,Decile 2,Rural,2007
4.800000190734863,26,,ECU,331,229,29177,923,Ecuador,Decile 3,Rural,2007
6.099999904632568,26,,ECU,331,229,29177,924,Ecuador,Decile 4,Rural,2007
7.300000190734863,26,,ECU,331,229,29177,925,Ecuador,Decile 5,Rural,2007
8.300000190734863,26,,ECU,331,229,29177,926,Ecuador,Decile 6,Rural,2007
10.199999809265137,26,,ECU,331,229,29177,927,Ecuador,Decile 7,Rural,2007
11.100000381469727,26,,ECU,331,229,29177,928,Ecuador,Decile 8,Rural,2007
14.199999809265137,26,,ECU,331,229,29177,929,Ecuador,Decile 9,Rural,2007
2.200000047683716,26,,ECU,330,229,29177,921,Ecuador,Decile 1,Urban,2007
35.29999923706055,26,,ECU,330,229,29177,930,Ecuador,Decile 10,Urban,2007
3.5999999046325684,26,,ECU,330,229,29177,922,Ecuador,Decile 2,Urban,2007
4.699999809265137,26,,ECU,330,229,29177,923,Ecuador,Decile 3,Urban,2007
5.300000190734863,26,,ECU,330,229,29177,924,Ecuador,Decile 4,Urban,2007
6.300000190734863,26,,ECU,330,229,29177,925,Ecuador,Decile 5,Urban,2007
7.5,26,,ECU,330,229,29177,926,Ecuador,Decile 6,Urban,2007
8.899999618530273,26,,ECU,330,229,29177,927,Ecuador,Decile 7,Urban,2007
11.199999809265137,26,,ECU,330,229,29177,928,Ecuador,Decile 8,Urban,2007
15.100000381469727,26,,ECU,330,229,29177,929,Ecuador,Decile 9,Urban,2007
2,26,,ECU,327,229,29178,921,Ecuador,Decile 1,National,2008
32.79999923706055,26,,ECU,327,229,29178,930,Ecuador,Decile 10,National,2008
3.5999999046325684,26,,ECU,327,229,29178,922,Ecuador,Decile 2,National,2008
4.599999904632568,26,,ECU,327,229,29178,923,Ecuador,Decile 3,National,2008
5.599999904632568,26,,ECU,327,229,29178,924,Ecuador,Decile 4,National,2008
6.800000190734863,26,,ECU,327,229,29178,925,Ecuador,Decile 5,National,2008
7.900000095367432,26,,ECU,327,229,29178,926,Ecuador,Decile 6,National,2008
9.699999809265137,26,,ECU,327,229,29178,927,Ecuador,Decile 7,National,2008
11.600000381469727,26,,ECU,327,229,29178,928,Ecuador,Decile 8,National,2008
15.399999618530273,26,,ECU,327,229,29178,929,Ecuador,Decile 9,National,2008
2.4000000953674316,26,,ECU,331,229,29178,921,Ecuador,Decile 1,Rural,2008
29.899999618530273,26,,ECU,331,229,29178,930,Ecuador,Decile 10,Rural,2008
4.800000190734863,26,,ECU,331,229,29178,922,Ecuador,Decile 2,Rural,2008
5,26,,ECU,331,229,29178,923,Ecuador,Decile 3,Rural,2008
6.199999809265137,26,,ECU,331,229,29178,924,Ecuador,Decile 4,Rural,2008
7.300000190734863,26,,ECU,331,229,29178,925,Ecuador,Decile 5,Rural,2008
7.900000095367432,26,,ECU,331,229,29178,926,Ecuador,Decile 6,Rural,2008
9.899999618530273,26,,ECU,331,229,29178,927,Ecuador,Decile 7,Rural,2008
11.800000190734863,26,,ECU,331,229,29178,928,Ecuador,Decile 8,Rural,2008
14.800000190734863,26,,ECU,331,229,29178,929,Ecuador,Decile 9,Rural,2008
2.4000000953674316,26,,ECU,330,229,29178,921,Ecuador,Decile 1,Urban,2008
31.5,26,,ECU,330,229,29178,930,Ecuador,Decile 10,Urban,2008
4.099999904632568,26,,ECU,330,229,29178,922,Ecuador,Decile 2,Urban,2008
5,26,,ECU,330,229,29178,923,Ecuador,Decile 3,Urban,2008
5.800000190734863,26,,ECU,330,229,29178,924,Ecuador,Decile 4,Urban,2008
7.099999904632568,26,,ECU,330,229,29178,925,Ecuador,Decile 5,Urban,2008
8.100000381469727,26,,ECU,330,229,29178,926,Ecuador,Decile 6,Urban,2008
9.800000190734863,26,,ECU,330,229,29178,927,Ecuador,Decile 7,Urban,2008
11.600000381469727,26,,ECU,330,229,29178,928,Ecuador,Decile 8,Urban,2008
14.800000190734863,26,,ECU,330,229,29178,929,Ecuador,Decile 9,Urban,2008
2.200000047683716,26,,ECU,327,229,29179,921,Ecuador,Decile 1,National,2009
31.700000762939453,26,,ECU,327,229,29179,930,Ecuador,Decile 10,National,2009
3.700000047683716,26,,ECU,327,229,29179,922,Ecuador,Decile 2,National,2009
4.800000190734863,26,,ECU,327,229,29179,923,Ecuador,Decile 3,National,2009
5.699999809265137,26,,ECU,327,229,29179,924,Ecuador,Decile 4,National,2009
7.199999809265137,26,,ECU,327,229,29179,925,Ecuador,Decile 5,National,2009
8,26,,ECU,327,229,29179,926,Ecuador,Decile 6,National,2009
9.600000381469727,26,,ECU,327,229,29179,927,Ecuador,Decile 7,National,2009
11.800000190734863,26,,ECU,327,229,29179,928,Ecuador,Decile 8,National,2009
15.399999618530273,26,,ECU,327,229,29179,929,Ecuador,Decile 9,National,2009
2.9000000953674316,26,,ECU,331,229,29179,921,Ecuador,Decile 1,Rural,2009
27.100000381469727,26,,ECU,331,229,29179,930,Ecuador,Decile 10,Rural,2009
4.800000190734863,26,,ECU,331,229,29179,922,Ecuador,Decile 2,Rural,2009
5.300000190734863,26,,ECU,331,229,29179,923,Ecuador,Decile 3,Rural,2009
6.599999904632568,26,,ECU,331,229,29179,924,Ecuador,Decile 4,Rural,2009
7.900000095367432,26,,ECU,331,229,29179,925,Ecuador,Decile 5,Rural,2009
9,26,,ECU,331,229,29179,926,Ecuador,Decile 6,Rural,2009
10.399999618530273,26,,ECU,331,229,29179,927,Ecuador,Decile 7,Rural,2009
12.100000381469727,26,,ECU,331,229,29179,928,Ecuador,Decile 8,Rural,2009
14,26,,ECU,331,229,29179,929,Ecuador,Decile 9,Rural,2009
2.299999952316284,26,,ECU,330,229,29179,921,Ecuador,Decile 1,Urban,2009
30.799999237060547,26,,ECU,330,229,29179,930,Ecuador,Decile 10,Urban,2009
4,26,,ECU,330,229,29179,922,Ecuador,Decile 2,Urban,2009
5,26,,ECU,330,229,29179,923,Ecuador,Decile 3,Urban,2009
5.900000095367432,26,,ECU,330,229,29179,924,Ecuador,Decile 4,Urban,2009
7.400000095367432,26,,ECU,330,229,29179,925,Ecuador,Decile 5,Urban,2009
8.300000190734863,26,,ECU,330,229,29179,926,Ecuador,Decile 6,Urban,2009
9.800000190734863,26,,ECU,330,229,29179,927,Ecuador,Decile 7,Urban,2009
11.800000190734863,26,,ECU,330,229,29179,928,Ecuador,Decile 8,Urban,2009
14.800000190734863,26,,ECU,330,229,29179,929,Ecuador,Decile 9,Urban,2009
2.200000047683716,26,,ECU,327,229,29180,921,Ecuador,Decile 1,National,2010
32.900001525878906,26,,ECU,327,229,29180,930,Ecuador,Decile 10,National,2010
3.5999999046325684,26,,ECU,327,229,29180,922,Ecuador,Decile 2,National,2010
4.800000190734863,26,,ECU,327,229,29180,923,Ecuador,Decile 3,National,2010
5.699999809265137,26,,ECU,327,229,29180,924,Ecuador,Decile 4,National,2010
6.699999809265137,26,,ECU,327,229,29180,925,Ecuador,Decile 5,National,2010
8.100000381469727,26,,ECU,327,229,29180,926,Ecuador,Decile 6,National,2010
9.600000381469727,26,,ECU,327,229,29180,927,Ecuador,Decile 7,National,2010
11.300000190734863,26,,ECU,327,229,29180,928,Ecuador,Decile 8,National,2010
15,26,,ECU,327,229,29180,929,Ecuador,Decile 9,National,2010
3,26,,ECU,331,229,29180,921,Ecuador,Decile 1,Rural,2010
25.700000762939453,26,,ECU,331,229,29180,930,Ecuador,Decile 10,Rural,2010
4.300000190734863,26,,ECU,331,229,29180,922,Ecuador,Decile 2,Rural,2010
5.800000190734863,26,,ECU,331,229,29180,923,Ecuador,Decile 3,Rural,2010
6.5,26,,ECU,331,229,29180,924,Ecuador,Decile 4,Rural,2010
8.100000381469727,26,,ECU,331,229,29180,925,Ecuador,Decile 5,Rural,2010
9.100000381469727,26,,ECU,331,229,29180,926,Ecuador,Decile 6,Rural,2010
10.100000381469727,26,,ECU,331,229,29180,927,Ecuador,Decile 7,Rural,2010
12.100000381469727,26,,ECU,331,229,29180,928,Ecuador,Decile 8,Rural,2010
15.399999618530273,26,,ECU,331,229,29180,929,Ecuador,Decile 9,Rural,2010
2.299999952316284,26,,ECU,330,229,29180,921,Ecuador,Decile 1,Urban,2010
31.799999237060547,26,,ECU,330,229,29180,930,Ecuador,Decile 10,Urban,2010
3.9000000953674316,26,,ECU,330,229,29180,922,Ecuador,Decile 2,Urban,2010
4.800000190734863,26,,ECU,330,229,29180,923,Ecuador,Decile 3,Urban,2010
5.800000190734863,26,,ECU,330,229,29180,924,Ecuador,Decile 4,Urban,2010
7.099999904632568,26,,ECU,330,229,29180,925,Ecuador,Decile 5,Urban,2010
8.199999809265137,26,,ECU,330,229,29180,926,Ecuador,Decile 6,Urban,2010
9.199999809265137,26,,ECU,330,229,29180,927,Ecuador,Decile 7,Urban,2010
11.199999809265137,26,,ECU,330,229,29180,928,Ecuador,Decile 8,Urban,2010
15.600000381469727,26,,ECU,330,229,29180,929,Ecuador,Decile 9,Urban,2010
2,26,,ECU,327,229,29181,921,Ecuador,Decile 1,National,2011
28.399999618530273,26,,ECU,327,229,29181,930,Ecuador,Decile 10,National,2011
3.700000047683716,26,,ECU,327,229,29181,922,Ecuador,Decile 2,National,2011
5.099999904632568,26,,ECU,327,229,29181,923,Ecuador,Decile 3,National,2011
5.699999809265137,26,,ECU,327,229,29181,924,Ecuador,Decile 4,National,2011
7.400000095367432,26,,ECU,327,229,29181,925,Ecuador,Decile 5,National,2011
8.600000381469727,26,,ECU,327,229,29181,926,Ecuador,Decile 6,National,2011
10.199999809265137,26,,ECU,327,229,29181,927,Ecuador,Decile 7,National,2011
12.899999618530273,26,,ECU,327,229,29181,928,Ecuador,Decile 8,National,2011
16.100000381469727,26,,ECU,327,229,29181,929,Ecuador,Decile 9,National,2011
2.700000047683716,26,,ECU,331,229,29181,921,Ecuador,Decile 1,Rural,2011
27.700000762939453,26,,ECU,331,229,29181,930,Ecuador,Decile 10,Rural,2011
4,26,,ECU,331,229,29181,922,Ecuador,Decile 2,Rural,2011
5.400000095367432,26,,ECU,331,229,29181,923,Ecuador,Decile 3,Rural,2011
6.300000190734863,26,,ECU,331,229,29181,924,Ecuador,Decile 4,Rural,2011
7.300000190734863,26,,ECU,331,229,29181,925,Ecuador,Decile 5,Rural,2011
9.100000381469727,26,,ECU,331,229,29181,926,Ecuador,Decile 6,Rural,2011
10.199999809265137,26,,ECU,331,229,29181,927,Ecuador,Decile 7,Rural,2011
11.899999618530273,26,,ECU,331,229,29181,928,Ecuador,Decile 8,Rural,2011
15.199999809265137,26,,ECU,331,229,29181,929,Ecuador,Decile 9,Rural,2011
2.4000000953674316,26,,ECU,330,229,29181,921,Ecuador,Decile 1,Urban,2011
26.399999618530273,26,,ECU,330,229,29181,930,Ecuador,Decile 10,Urban,2011
4.300000190734863,26,,ECU,330,229,29181,922,Ecuador,Decile 2,Urban,2011
5.400000095367432,26,,ECU,330,229,29181,923,Ecuador,Decile 3,Urban,2011
6.599999904632568,26,,ECU,330,229,29181,924,Ecuador,Decile 4,Urban,2011
7.5,26,,ECU,330,229,29181,925,Ecuador,Decile 5,Urban,2011
9.100000381469727,26,,ECU,330,229,29181,926,Ecuador,Decile 6,Urban,2011
10.199999809265137,26,,ECU,330,229,29181,927,Ecuador,Decile 7,Urban,2011
12.100000381469727,26,,ECU,330,229,29181,928,Ecuador,Decile 8,Urban,2011
15.800000190734863,26,,ECU,330,229,29181,929,Ecuador,Decile 9,Urban,2011
2,26,,ECU,327,229,29182,921,Ecuador,Decile 1,National,2012
29.899999618530273,26,,ECU,327,229,29182,930,Ecuador,Decile 10,National,2012
3.5999999046325684,26,,ECU,327,229,29182,922,Ecuador,Decile 2,National,2012
4.699999809265137,26,,ECU,327,229,29182,923,Ecuador,Decile 3,National,2012
6,26,,ECU,327,229,29182,924,Ecuador,Decile 4,National,2012
7.300000190734863,26,,ECU,327,229,29182,925,Ecuador,Decile 5,National,2012
8.600000381469727,26,,ECU,327,229,29182,926,Ecuador,Decile 6,National,2012
9.899999618530273,26,,ECU,327,229,29182,927,Ecuador,Decile 7,National,2012
12.5,26,,ECU,327,229,29182,928,Ecuador,Decile 8,National,2012
15.600000381469727,26,,ECU,327,229,29182,929,Ecuador,Decile 9,National,2012
2.5999999046325684,26,,ECU,331,229,29182,921,Ecuador,Decile 1,Rural,2012
27.899999618530273,26,,ECU,331,229,29182,930,Ecuador,Decile 10,Rural,2012
3.5,26,,ECU,331,229,29182,922,Ecuador,Decile 2,Rural,2012
5.400000095367432,26,,ECU,331,229,29182,923,Ecuador,Decile 3,Rural,2012
6.5,26,,ECU,331,229,29182,924,Ecuador,Decile 4,Rural,2012
7.300000190734863,26,,ECU,331,229,29182,925,Ecuador,Decile 5,Rural,2012
8.899999618530273,26,,ECU,331,229,29182,926,Ecuador,Decile 6,Rural,2012
10.399999618530273,26,,ECU,331,229,29182,927,Ecuador,Decile 7,Rural,2012
12.300000190734863,26,,ECU,331,229,29182,928,Ecuador,Decile 8,Rural,2012
15.199999809265137,26,,ECU,331,229,29182,929,Ecuador,Decile 9,Rural,2012
2.5,26,,ECU,330,229,29182,921,Ecuador,Decile 1,Urban,2012
28.200000762939453,26,,ECU,330,229,29182,930,Ecuador,Decile 10,Urban,2012
4.199999809265137,26,,ECU,330,229,29182,922,Ecuador,Decile 2,Urban,2012
5.300000190734863,26,,ECU,330,229,29182,923,Ecuador,Decile 3,Urban,2012
6.599999904632568,26,,ECU,330,229,29182,924,Ecuador,Decile 4,Urban,2012
7.400000095367432,26,,ECU,330,229,29182,925,Ecuador,Decile 5,Urban,2012
8.699999809265137,26,,ECU,330,229,29182,926,Ecuador,Decile 6,Urban,2012
10.399999618530273,26,,ECU,330,229,29182,927,Ecuador,Decile 7,Urban,2012
11.699999809265137,26,,ECU,330,229,29182,928,Ecuador,Decile 8,Urban,2012
15,26,,ECU,330,229,29182,929,Ecuador,Decile 9,Urban,2012
2.5,26,,ECU,327,229,29183,921,Ecuador,Decile 1,National,2013
30.700000762939453,26,,ECU,327,229,29183,930,Ecuador,Decile 10,National,2013
4,26,,ECU,327,229,29183,922,Ecuador,Decile 2,National,2013
5,26,,ECU,327,229,29183,923,Ecuador,Decile 3,National,2013
5.900000095367432,26,,ECU,327,229,29183,924,Ecuador,Decile 4,National,2013
6.900000095367432,26,,ECU,327,229,29183,925,Ecuador,Decile 5,National,2013
8.100000381469727,26,,ECU,327,229,29183,926,Ecuador,Decile 6,National,2013
9.800000190734863,26,,ECU,327,229,29183,927,Ecuador,Decile 7,National,2013
11.800000190734863,26,,ECU,327,229,29183,928,Ecuador,Decile 8,National,2013
15.300000190734863,26,,ECU,327,229,29183,929,Ecuador,Decile 9,National,2013
3.200000047683716,26,,ECU,331,229,29183,921,Ecuador,Decile 1,Rural,2013
26.100000381469727,26,,ECU,331,229,29183,930,Ecuador,Decile 10,Rural,2013
4.400000095367432,26,,ECU,331,229,29183,922,Ecuador,Decile 2,Rural,2013
5.800000190734863,26,,ECU,331,229,29183,923,Ecuador,Decile 3,Rural,2013
6.5,26,,ECU,331,229,29183,924,Ecuador,Decile 4,Rural,2013
7.699999809265137,26,,ECU,331,229,29183,925,Ecuador,Decile 5,Rural,2013
8.600000381469727,26,,ECU,331,229,29183,926,Ecuador,Decile 6,Rural,2013
11,26,,ECU,331,229,29183,927,Ecuador,Decile 7,Rural,2013
11.699999809265137,26,,ECU,331,229,29183,928,Ecuador,Decile 8,Rural,2013
14.800000190734863,26,,ECU,331,229,29183,929,Ecuador,Decile 9,Rural,2013
2.5999999046325684,26,,ECU,330,229,29183,921,Ecuador,Decile 1,Urban,2013
30.5,26,,ECU,330,229,29183,930,Ecuador,Decile 10,Urban,2013
4.099999904632568,26,,ECU,330,229,29183,922,Ecuador,Decile 2,Urban,2013
5,26,,ECU,330,229,29183,923,Ecuador,Decile 3,Urban,2013
6,26,,ECU,330,229,29183,924,Ecuador,Decile 4,Urban,2013
7,26,,ECU,330,229,29183,925,Ecuador,Decile 5,Urban,2013
8.300000190734863,26,,ECU,330,229,29183,926,Ecuador,Decile 6,Urban,2013
9.899999618530273,26,,ECU,330,229,29183,927,Ecuador,Decile 7,Urban,2013
11.699999809265137,26,,ECU,330,229,29183,928,Ecuador,Decile 8,Urban,2013
15,26,,ECU,330,229,29183,929,Ecuador,Decile 9,Urban,2013
2.700000047683716,26,,ECU,327,229,29184,921,Ecuador,Decile 1,National,2014
29.100000381469727,26,,ECU,327,229,29184,930,Ecuador,Decile 10,National,2014
4.300000190734863,26,,ECU,327,229,29184,922,Ecuador,Decile 2,National,2014
5.300000190734863,26,,ECU,327,229,29184,923,Ecuador,Decile 3,National,2014
6.5,26,,ECU,327,229,29184,924,Ecuador,Decile 4,National,2014
7.199999809265137,26,,ECU,327,229,29184,925,Ecuador,Decile 5,National,2014
3.0999999046325684,26,,ECU,330,229,29188,921,Ecuador,Decile 1,Urban,2018
27,26,,ECU,330,229,29188,930,Ecuador,Decile 10,Urban,2018
4.400000095367432,26,,ECU,330,229,29188,922,Ecuador,Decile 2,Urban,2018
5.599999904632568,26,,ECU,330,229,29188,923,Ecuador,Decile 3,Urban,2018
6.800000190734863,26,,ECU,330,229,29188,924,Ecuador,Decile 4,Urban,2018
7.900000095367432,26,,ECU,330,229,29188,925,Ecuador,Decile 5,Urban,2018
9,26,,ECU,330,229,29188,926,Ecuador,Decile 6,Urban,2018
9.399999618530273,26,,ECU,330,229,29188,927,Ecuador,Decile 7,Urban,2018
11.399999618530273,26,,ECU,330,229,29188,928,Ecuador,Decile 8,Urban,2018
15.399999618530273,26,,ECU,330,229,29188,929,Ecuador,Decile 9,Urban,2018
2.799999952316284,26,,ECU,327,229,29189,921,Ecuador,Decile 1,National,2019
27.5,26,,ECU,327,229,29189,930,Ecuador,Decile 10,National,2019
4.699999809265137,26,,ECU,327,229,29189,922,Ecuador,Decile 2,National,2019
5.400000095367432,26,,ECU,327,229,29189,923,Ecuador,Decile 3,National,2019
6.599999904632568,26,,ECU,327,229,29189,924,Ecuador,Decile 4,National,2019
7.400000095367432,26,,ECU,327,229,29189,925,Ecuador,Decile 5,National,2019
8.5,26,,ECU,327,229,29189,926,Ecuador,Decile 6,National,2019
10.199999809265137,26,,ECU,327,229,29189,927,Ecuador,Decile 7,National,2019
12.100000381469727,26,,ECU,327,229,29189,928,Ecuador,Decile 8,National,2019
14.699999809265137,26,,ECU,327,229,29189,929,Ecuador,Decile 9,National,2019
3.299999952316284,26,,ECU,331,229,29189,921,Ecuador,Decile 1,Rural,2019
23.799999237060547,26,,ECU,331,229,29189,930,Ecuador,Decile 10,Rural,2019
4.900000095367432,26,,ECU,331,229,29189,922,Ecuador,Decile 2,Rural,2019
6.199999809265137,26,,ECU,331,229,29189,923,Ecuador,Decile 3,Rural,2019
7.800000190734863,26,,ECU,331,229,29189,924,Ecuador,Decile 4,Rural,2019
7.900000095367432,26,,ECU,331,229,29189,925,Ecuador,Decile 5,Rural,2019
9.5,26,,ECU,331,229,29189,926,Ecuador,Decile 6,Rural,2019
10.300000190734863,26,,ECU,331,229,29189,927,Ecuador,Decile 7,Rural,2019
11.699999809265137,26,,ECU,331,229,29189,928,Ecuador,Decile 8,Rural,2019
14.600000381469727,26,,ECU,331,229,29189,929,Ecuador,Decile 9,Rural,2019
3.0999999046325684,26,,ECU,330,229,29189,921,Ecuador,Decile 1,Urban,2019
26.600000381469727,26,,ECU,330,229,29189,930,Ecuador,Decile 10,Urban,2019
4.599999904632568,26,,ECU,330,229,29189,922,Ecuador,Decile 2,Urban,2019
5.599999904632568,26,,ECU,330,229,29189,923,Ecuador,Decile 3,Urban,2019
6.699999809265137,26,,ECU,330,229,29189,924,Ecuador,Decile 4,Urban,2019
7.800000190734863,26,,ECU,330,229,29189,925,Ecuador,Decile 5,Urban,2019
8.699999809265137,26,,ECU,330,229,29189,926,Ecuador,Decile 6,Urban,2019
10.100000381469727,26,,ECU,330,229,29189,927,Ecuador,Decile 7,Urban,2019
12.399999618530273,26,,ECU,330,229,29189,928,Ecuador,Decile 8,Urban,2019
14.399999618530273,26,,ECU,330,229,29189,929,Ecuador,Decile 9,Urban,2019
2.799999952316284,26,,ECU,327,229,29190,921,Ecuador,Decile 1,National,2020
29.5,26,,ECU,327,229,29190,930,Ecuador,Decile 10,National,2020
4.5,26,,ECU,327,229,29190,922,Ecuador,Decile 2,National,2020
5.5,26,,ECU,327,229,29190,923,Ecuador,Decile 3,National,2020
6.5,26,,ECU,327,229,29190,924,Ecuador,Decile 4,National,2020
7.5,26,,ECU,327,229,29190,925,Ecuador,Decile 5,National,2020
8.5,26,,ECU,327,229,29190,926,Ecuador,Decile 6,National,2020
9.699999809265137,26,,ECU,327,229,29190,927,Ecuador,Decile 7,National,2020
11,26,,ECU,327,229,29190,928,Ecuador,Decile 8,National,2020
14.5,26,,ECU,327,229,29190,929,Ecuador,Decile 9,National,2020
3.5,26,,ECU,331,229,29190,921,Ecuador,Decile 1,Rural,2020
25.100000381469727,26,,ECU,331,229,29190,930,Ecuador,Decile 10,Rural,2020
4.900000095367432,26,,ECU,331,229,29190,922,Ecuador,Decile 2,Rural,2020
6,26,,ECU,331,229,29190,923,Ecuador,Decile 3,Rural,2020
7.199999809265137,26,,ECU,331,229,29190,924,Ecuador,Decile 4,Rural,2020
7.5,26,,ECU,331,229,29190,925,Ecuador,Decile 5,Rural,2020
9.800000190734863,26,,ECU,331,229,29190,926,Ecuador,Decile 6,Rural,2020
9.899999618530273,26,,ECU,331,229,29190,927,Ecuador,Decile 7,Rural,2020
12.199999809265137,26,,ECU,331,229,29190,928,Ecuador,Decile 8,Rural,2020
13.800000190734863,26,,ECU,331,229,29190,929,Ecuador,Decile 9,Rural,2020
2.799999952316284,26,,ECU,330,229,29190,921,Ecuador,Decile 1,Urban,2020
29.700000762939453,26,,ECU,330,229,29190,930,Ecuador,Decile 10,Urban,2020
4.599999904632568,26,,ECU,330,229,29190,922,Ecuador,Decile 2,Urban,2020
5.5,26,,ECU,330,229,29190,923,Ecuador,Decile 3,Urban,2020
8.800000190734863,26,,ECU,327,229,29184,926,Ecuador,Decile 6,National,2014
10,26,,ECU,327,229,29184,927,Ecuador,Decile 7,National,2014
11.699999809265137,26,,ECU,327,229,29184,928,Ecuador,Decile 8,National,2014
14.5,26,,ECU,327,229,29184,929,Ecuador,Decile 9,National,2014
2.9000000953674316,26,,ECU,331,229,29184,921,Ecuador,Decile 1,Rural,2014
26.899999618530273,26,,ECU,331,229,29184,930,Ecuador,Decile 10,Rural,2014
4.5,26,,ECU,331,229,29184,922,Ecuador,Decile 2,Rural,2014
5.5,26,,ECU,331,229,29184,923,Ecuador,Decile 3,Rural,2014
6.599999904632568,26,,ECU,331,229,29184,924,Ecuador,Decile 4,Rural,2014
7.5,26,,ECU,331,229,29184,925,Ecuador,Decile 5,Rural,2014
9.199999809265137,26,,ECU,331,229,29184,926,Ecuador,Decile 6,Rural,2014
10.100000381469727,26,,ECU,331,229,29184,927,Ecuador,Decile 7,Rural,2014
11.800000190734863,26,,ECU,331,229,29184,928,Ecuador,Decile 8,Rural,2014
15,26,,ECU,331,229,29184,929,Ecuador,Decile 9,Rural,2014
2.9000000953674316,26,,ECU,330,229,29184,921,Ecuador,Decile 1,Urban,2014
29.399999618530273,26,,ECU,330,229,29184,930,Ecuador,Decile 10,Urban,2014
4.5,26,,ECU,330,229,29184,922,Ecuador,Decile 2,Urban,2014
5.300000190734863,26,,ECU,330,229,29184,923,Ecuador,Decile 3,Urban,2014
6.699999809265137,26,,ECU,330,229,29184,924,Ecuador,Decile 4,Urban,2014
7.199999809265137,26,,ECU,330,229,29184,925,Ecuador,Decile 5,Urban,2014
8.899999618530273,26,,ECU,330,229,29184,926,Ecuador,Decile 6,Urban,2014
10,26,,ECU,330,229,29184,927,Ecuador,Decile 7,Urban,2014
11.199999809265137,26,,ECU,330,229,29184,928,Ecuador,Decile 8,Urban,2014
13.899999618530273,26,,ECU,330,229,29184,929,Ecuador,Decile 9,Urban,2014
2.5,26,,ECU,327,229,29185,921,Ecuador,Decile 1,National,2015
29.5,26,,ECU,327,229,29185,930,Ecuador,Decile 10,National,2015
4.099999904632568,26,,ECU,327,229,29185,922,Ecuador,Decile 2,National,2015
5.199999809265137,26,,ECU,327,229,29185,923,Ecuador,Decile 3,National,2015
6.300000190734863,26,,ECU,327,229,29185,924,Ecuador,Decile 4,National,2015
7.199999809265137,26,,ECU,327,229,29185,925,Ecuador,Decile 5,National,2015
8.5,26,,ECU,327,229,29185,926,Ecuador,Decile 6,National,2015
10.199999809265137,26,,ECU,327,229,29185,927,Ecuador,Decile 7,National,2015
11.699999809265137,26,,ECU,327,229,29185,928,Ecuador,Decile 8,National,2015
14.800000190734863,26,,ECU,327,229,29185,929,Ecuador,Decile 9,National,2015
2.700000047683716,26,,ECU,331,229,29185,921,Ecuador,Decile 1,Rural,2015
28.799999237060547,26,,ECU,331,229,29185,930,Ecuador,Decile 10,Rural,2015
4.199999809265137,26,,ECU,331,229,29185,922,Ecuador,Decile 2,Rural,2015
5.099999904632568,26,,ECU,331,229,29185,923,Ecuador,Decile 3,Rural,2015
6.5,26,,ECU,331,229,29185,924,Ecuador,Decile 4,Rural,2015
7.199999809265137,26,,ECU,331,229,29185,925,Ecuador,Decile 5,Rural,2015
8.399999618530273,26,,ECU,331,229,29185,926,Ecuador,Decile 6,Rural,2015
9.800000190734863,26,,ECU,331,229,29185,927,Ecuador,Decile 7,Rural,2015
12.100000381469727,26,,ECU,331,229,29185,928,Ecuador,Decile 8,Rural,2015
15.100000381469727,26,,ECU,331,229,29185,929,Ecuador,Decile 9,Rural,2015
2.799999952316284,26,,ECU,330,229,29185,921,Ecuador,Decile 1,Urban,2015
28.5,26,,ECU,330,229,29185,930,Ecuador,Decile 10,Urban,2015
4.400000095367432,26,,ECU,330,229,29185,922,Ecuador,Decile 2,Urban,2015
5.5,26,,ECU,330,229,29185,923,Ecuador,Decile 3,Urban,2015
6.300000190734863,26,,ECU,330,229,29185,924,Ecuador,Decile 4,Urban,2015
7.599999904632568,26,,ECU,330,229,29185,925,Ecuador,Decile 5,Urban,2015
8.600000381469727,26,,ECU,330,229,29185,926,Ecuador,Decile 6,Urban,2015
10,26,,ECU,330,229,29185,927,Ecuador,Decile 7,Urban,2015
11.5,26,,ECU,330,229,29185,928,Ecuador,Decile 8,Urban,2015
14.800000190734863,26,,ECU,330,229,29185,929,Ecuador,Decile 9,Urban,2015
2.299999952316284,26,,ECU,327,229,29186,921,Ecuador,Decile 1,National,2016
28.5,26,,ECU,327,229,29186,930,Ecuador,Decile 10,National,2016
4.300000190734863,26,,ECU,327,229,29186,922,Ecuador,Decile 2,National,2016
5.400000095367432,26,,ECU,327,229,29186,923,Ecuador,Decile 3,National,2016
6.400000095367432,26,,ECU,327,229,29186,924,Ecuador,Decile 4,National,2016
7.5,26,,ECU,327,229,29186,925,Ecuador,Decile 5,National,2016
8.899999618530273,26,,ECU,327,229,29186,926,Ecuador,Decile 6,National,2016
10.199999809265137,26,,ECU,327,229,29186,927,Ecuador,Decile 7,National,2016
11.699999809265137,26,,ECU,327,229,29186,928,Ecuador,Decile 8,National,2016
14.800000190734863,26,,ECU,327,229,29186,929,Ecuador,Decile 9,National,2016
2.5999999046325684,26,,ECU,331,229,29186,921,Ecuador,Decile 1,Rural,2016
25.600000381469727,26,,ECU,331,229,29186,930,Ecuador,Decile 10,Rural,2016
4.300000190734863,26,,ECU,331,229,29186,922,Ecuador,Decile 2,Rural,2016
5.400000095367432,26,,ECU,331,229,29186,923,Ecuador,Decile 3,Rural,2016
6.699999809265137,26,,ECU,331,229,29186,924,Ecuador,Decile 4,Rural,2016
7.900000095367432,26,,ECU,331,229,29186,925,Ecuador,Decile 5,Rural,2016
8.800000190734863,26,,ECU,331,229,29186,926,Ecuador,Decile 6,Rural,2016
10.800000190734863,26,,ECU,331,229,29186,927,Ecuador,Decile 7,Rural,2016
12.699999809265137,26,,ECU,331,229,29186,928,Ecuador,Decile 8,Rural,2016
15.399999618530273,26,,ECU,331,229,29186,929,Ecuador,Decile 9,Rural,2016
2.5999999046325684,26,,ECU,330,229,29186,921,Ecuador,Decile 1,Urban,2016
28.299999237060547,26,,ECU,330,229,29186,930,Ecuador,Decile 10,Urban,2016
4.599999904632568,26,,ECU,330,229,29186,922,Ecuador,Decile 2,Urban,2016
5.5,26,,ECU,330,229,29186,923,Ecuador,Decile 3,Urban,2016
6.5,26,,ECU,330,229,29186,924,Ecuador,Decile 4,Urban,2016
7.400000095367432,26,,ECU,330,229,29186,925,Ecuador,Decile 5,Urban,2016
8.899999618530273,26,,ECU,330,229,29186,926,Ecuador,Decile 6,Urban,2016
10.100000381469727,26,,ECU,330,229,29186,927,Ecuador,Decile 7,Urban,2016
11.699999809265137,26,,ECU,330,229,29186,928,Ecuador,Decile 8,Urban,2016
14.399999618530273,26,,ECU,330,229,29186,929,Ecuador,Decile 9,Urban,2016
2.5,26,,ECU,327,229,29187,921,Ecuador,Decile 1,National,2017
26.799999237060547,26,,ECU,327,229,29187,930,Ecuador,Decile 10,National,2017
4.400000095367432,26,,ECU,327,229,29187,922,Ecuador,Decile 2,National,2017
5.400000095367432,26,,ECU,327,229,29187,923,Ecuador,Decile 3,National,2017
6.599999904632568,26,,ECU,327,229,29187,924,Ecuador,Decile 4,National,2017
7.599999904632568,26,,ECU,327,229,29187,925,Ecuador,Decile 5,National,2017
8.899999618530273,26,,ECU,327,229,29187,926,Ecuador,Decile 6,National,2017
10.399999618530273,26,,ECU,327,229,29187,927,Ecuador,Decile 7,National,2017
12.399999618530273,26,,ECU,327,229,29187,928,Ecuador,Decile 8,National,2017
14.899999618530273,26,,ECU,327,229,29187,929,Ecuador,Decile 9,National,2017
2.799999952316284,26,,ECU,331,229,29187,921,Ecuador,Decile 1,Rural,2017
26.299999237060547,26,,ECU,331,229,29187,930,Ecuador,Decile 10,Rural,2017
4.300000190734863,26,,ECU,331,229,29187,922,Ecuador,Decile 2,Rural,2017
5.300000190734863,26,,ECU,331,229,29187,923,Ecuador,Decile 3,Rural,2017
6.5,26,,ECU,331,229,29187,924,Ecuador,Decile 4,Rural,2017
7.5,26,,ECU,331,229,29187,925,Ecuador,Decile 5,Rural,2017
9,26,,ECU,331,229,29187,926,Ecuador,Decile 6,Rural,2017
10.800000190734863,26,,ECU,331,229,29187,927,Ecuador,Decile 7,Rural,2017
12.800000190734863,26,,ECU,331,229,29187,928,Ecuador,Decile 8,Rural,2017
14.699999809265137,26,,ECU,331,229,29187,929,Ecuador,Decile 9,Rural,2017
3,26,,ECU,330,229,29187,921,Ecuador,Decile 1,Urban,2017
26,26,,ECU,330,229,29187,930,Ecuador,Decile 10,Urban,2017
4.699999809265137,26,,ECU,330,229,29187,922,Ecuador,Decile 2,Urban,2017
5.599999904632568,26,,ECU,330,229,29187,923,Ecuador,Decile 3,Urban,2017
6.800000190734863,26,,ECU,330,229,29187,924,Ecuador,Decile 4,Urban,2017
7.800000190734863,26,,ECU,330,229,29187,925,Ecuador,Decile 5,Urban,2017
9.100000381469727,26,,ECU,330,229,29187,926,Ecuador,Decile 6,Urban,2017
10.300000190734863,26,,ECU,330,229,29187,927,Ecuador,Decile 7,Urban,2017
12.199999809265137,26,,ECU,330,229,29187,928,Ecuador,Decile 8,Urban,2017
14.5,26,,ECU,330,229,29187,929,Ecuador,Decile 9,Urban,2017
2.799999952316284,26,,ECU,327,229,29188,921,Ecuador,Decile 1,National,2018
27.700000762939453,26,,ECU,327,229,29188,930,Ecuador,Decile 10,National,2018
4.400000095367432,26,,ECU,327,229,29188,922,Ecuador,Decile 2,National,2018
5.400000095367432,26,,ECU,327,229,29188,923,Ecuador,Decile 3,National,2018
6.400000095367432,26,,ECU,327,229,29188,924,Ecuador,Decile 4,National,2018
7.699999809265137,26,,ECU,327,229,29188,925,Ecuador,Decile 5,National,2018
8.699999809265137,26,,ECU,327,229,29188,926,Ecuador,Decile 6,National,2018
10.199999809265137,26,,ECU,327,229,29188,927,Ecuador,Decile 7,National,2018
11.5,26,,ECU,327,229,29188,928,Ecuador,Decile 8,National,2018
15.100000381469727,26,,ECU,327,229,29188,929,Ecuador,Decile 9,National,2018
3.299999952316284,26,,ECU,331,229,29188,921,Ecuador,Decile 1,Rural,2018
24.299999237060547,26,,ECU,331,229,29188,930,Ecuador,Decile 10,Rural,2018
5,26,,ECU,331,229,29188,922,Ecuador,Decile 2,Rural,2018
5.599999904632568,26,,ECU,331,229,29188,923,Ecuador,Decile 3,Rural,2018
6.900000095367432,26,,ECU,331,229,29188,924,Ecuador,Decile 4,Rural,2018
8.199999809265137,26,,ECU,331,229,29188,925,Ecuador,Decile 5,Rural,2018
9,26,,ECU,331,229,29188,926,Ecuador,Decile 6,Rural,2018
10.199999809265137,26,,ECU,331,229,29188,927,Ecuador,Decile 7,Rural,2018
12.199999809265137,26,,ECU,331,229,29188,928,Ecuador,Decile 8,Rural,2018
15.199999809265137,26,,ECU,331,229,29188,929,Ecuador,Decile 9,Rural,2018
7.199999809265137,26,,ECU,330,229,29190,924,Ecuador,Decile 4,Urban,2020
6.900000095367432,26,,ECU,330,229,29190,925,Ecuador,Decile 5,Urban,2020
8.5,26,,ECU,330,229,29190,926,Ecuador,Decile 6,Urban,2020
9.600000381469727,26,,ECU,330,229,29190,927,Ecuador,Decile 7,Urban,2020
10.800000190734863,26,,ECU,330,229,29190,928,Ecuador,Decile 8,Urban,2020
14.399999618530273,26,,ECU,330,229,29190,929,Ecuador,Decile 9,Urban,2020
2.799999952316284,26,,ECU,327,229,29191,921,Ecuador,Decile 1,National,2021
29.899999618530273,26,,ECU,327,229,29191,930,Ecuador,Decile 10,National,2021
4.300000190734863,26,,ECU,327,229,29191,922,Ecuador,Decile 2,National,2021
5.300000190734863,26,,ECU,327,229,29191,923,Ecuador,Decile 3,National,2021
6.099999904632568,26,,ECU,327,229,29191,924,Ecuador,Decile 4,National,2021
7.099999904632568,26,,ECU,327,229,29191,925,Ecuador,Decile 5,National,2021
8.300000190734863,26,,ECU,327,229,29191,926,Ecuador,Decile 6,National,2021
9.5,26,,ECU,327,229,29191,927,Ecuador,Decile 7,National,2021
11.5,26,,ECU,327,229,29191,928,Ecuador,Decile 8,National,2021
15.300000190734863,26,,ECU,327,229,29191,929,Ecuador,Decile 9,National,2021
3.5999999046325684,26,,ECU,331,229,29191,921,Ecuador,Decile 1,Rural,2021
26.100000381469727,26,,ECU,331,229,29191,930,Ecuador,Decile 10,Rural,2021
5.099999904632568,26,,ECU,331,229,29191,922,Ecuador,Decile 2,Rural,2021
6,26,,ECU,331,229,29191,923,Ecuador,Decile 3,Rural,2021
7.5,26,,ECU,331,229,29191,924,Ecuador,Decile 4,Rural,2021
7.300000190734863,26,,ECU,331,229,29191,925,Ecuador,Decile 5,Rural,2021
9,26,,ECU,331,229,29191,926,Ecuador,Decile 6,Rural,2021
9.699999809265137,26,,ECU,331,229,29191,927,Ecuador,Decile 7,Rural,2021
11.5,26,,ECU,331,229,29191,928,Ecuador,Decile 8,Rural,2021
14.199999809265137,26,,ECU,331,229,29191,929,Ecuador,Decile 9,Rural,2021
2.700000047683716,26,,ECU,330,229,29191,921,Ecuador,Decile 1,Urban,2021
29.799999237060547,26,,ECU,330,229,29191,930,Ecuador,Decile 10,Urban,2021
4.400000095367432,26,,ECU,330,229,29191,922,Ecuador,Decile 2,Urban,2021
5.099999904632568,26,,ECU,330,229,29191,923,Ecuador,Decile 3,Urban,2021
6.300000190734863,26,,ECU,330,229,29191,924,Ecuador,Decile 4,Urban,2021
7.300000190734863,26,,ECU,330,229,29191,925,Ecuador,Decile 5,Urban,2021
8,26,,ECU,330,229,29191,926,Ecuador,Decile 6,Urban,2021
9.699999809265137,26,,ECU,330,229,29191,927,Ecuador,Decile 7,Urban,2021
11.899999618530273,26,,ECU,330,229,29191,928,Ecuador,Decile 8,Urban,2021
14.899999618530273,26,,ECU,330,229,29191,929,Ecuador,Decile 9,Urban,2021
2.799999952316284,26,,ECU,327,229,29192,921,Ecuador,Decile 1,National,2022
27.5,26,,ECU,327,229,29192,930,Ecuador,Decile 10,National,2022
4.5,26,,ECU,327,229,29192,922,Ecuador,Decile 2,National,2022
5.300000190734863,26,,ECU,327,229,29192,923,Ecuador,Decile 3,National,2022
6.5,26,,ECU,327,229,29192,924,Ecuador,Decile 4,National,2022
7.400000095367432,26,,ECU,327,229,29192,925,Ecuador,Decile 5,National,2022
8.600000381469727,26,,ECU,327,229,29192,926,Ecuador,Decile 6,National,2022
10.399999618530273,26,,ECU,327,229,29192,927,Ecuador,Decile 7,National,2022
12.399999618530273,26,,ECU,327,229,29192,928,Ecuador,Decile 8,National,2022
14.800000190734863,26,,ECU,327,229,29192,929,Ecuador,Decile 9,National,2022
3.200000047683716,26,,ECU,331,229,29192,921,Ecuador,Decile 1,Rural,2022
25.299999237060547,26,,ECU,331,229,29192,930,Ecuador,Decile 10,Rural,2022
4.900000095367432,26,,ECU,331,229,29192,922,Ecuador,Decile 2,Rural,2022
6.099999904632568,26,,ECU,331,229,29192,923,Ecuador,Decile 3,Rural,2022
6.5,26,,ECU,331,229,29192,924,Ecuador,Decile 4,Rural,2022
7.699999809265137,26,,ECU,331,229,29192,925,Ecuador,Decile 5,Rural,2022
9,26,,ECU,331,229,29192,926,Ecuador,Decile 6,Rural,2022
9.899999618530273,26,,ECU,331,229,29192,927,Ecuador,Decile 7,Rural,2022
12.300000190734863,26,,ECU,331,229,29192,928,Ecuador,Decile 8,Rural,2022
15,26,,ECU,331,229,29192,929,Ecuador,Decile 9,Rural,2022
2.9000000953674316,26,,ECU,330,229,29192,921,Ecuador,Decile 1,Urban,2022
26.5,26,,ECU,330,229,29192,930,Ecuador,Decile 10,Urban,2022
4.5,26,,ECU,330,229,29192,922,Ecuador,Decile 2,Urban,2022
5.699999809265137,26,,ECU,330,229,29192,923,Ecuador,Decile 3,Urban,2022
6.5,26,,ECU,330,229,29192,924,Ecuador,Decile 4,Urban,2022
7.699999809265137,26,,ECU,330,229,29192,925,Ecuador,Decile 5,Urban,2022
8.699999809265137,26,,ECU,330,229,29192,926,Ecuador,Decile 6,Urban,2022
10.199999809265137,26,,ECU,330,229,29192,927,Ecuador,Decile 7,Urban,2022
12.300000190734863,26,,ECU,330,229,29192,928,Ecuador,Decile 8,Urban,2022
15,26,,ECU,330,229,29192,929,Ecuador,Decile 9,Urban,2022
2.9000000953674316,26,,ECU,327,229,29193,921,Ecuador,Decile 1,National,2023
26.700000762939453,26,,ECU,327,229,29193,930,Ecuador,Decile 10,National,2023
4.5,26,,ECU,327,229,29193,922,Ecuador,Decile 2,National,2023
5.5,26,,ECU,327,229,29193,923,Ecuador,Decile 3,National,2023
6.699999809265137,26,,ECU,327,229,29193,924,Ecuador,Decile 4,National,2023
7.599999904632568,26,,ECU,327,229,29193,925,Ecuador,Decile 5,National,2023
8.399999618530273,26,,ECU,327,229,29193,926,Ecuador,Decile 6,National,2023
10.399999618530273,26,,ECU,327,229,29193,927,Ecuador,Decile 7,National,2023
12.199999809265137,26,,ECU,327,229,29193,928,Ecuador,Decile 8,National,2023
15,26,,ECU,327,229,29193,929,Ecuador,Decile 9,National,2023
3.200000047683716,26,,ECU,331,229,29193,921,Ecuador,Decile 1,Rural,2023
25.700000762939453,26,,ECU,331,229,29193,930,Ecuador,Decile 10,Rural,2023
4.800000190734863,26,,ECU,331,229,29193,922,Ecuador,Decile 2,Rural,2023
5.699999809265137,26,,ECU,331,229,29193,923,Ecuador,Decile 3,Rural,2023
6.800000190734863,26,,ECU,331,229,29193,924,Ecuador,Decile 4,Rural,2023
7.900000095367432,26,,ECU,331,229,29193,925,Ecuador,Decile 5,Rural,2023
9,26,,ECU,331,229,29193,926,Ecuador,Decile 6,Rural,2023
10.199999809265137,26,,ECU,331,229,29193,927,Ecuador,Decile 7,Rural,2023
11.899999618530273,26,,ECU,331,229,29193,928,Ecuador,Decile 8,Rural,2023
14.699999809265137,26,,ECU,331,229,29193,929,Ecuador,Decile 9,Rural,2023
3.200000047683716,26,,ECU,330,229,29193,921,Ecuador,Decile 1,Urban,2023
26,26,,ECU,330,229,29193,930,Ecuador,Decile 10,Urban,2023
4.5,26,,ECU,330,229,29193,922,Ecuador,Decile 2,Urban,2023
5.800000190734863,26,,ECU,330,229,29193,923,Ecuador,Decile 3,Urban,2023
6.699999809265137,26,,ECU,330,229,29193,924,Ecuador,Decile 4,Urban,2023
7.400000095367432,26,,ECU,330,229,29193,925,Ecuador,Decile 5,Urban,2023
9.399999618530273,26,,ECU,330,229,29193,926,Ecuador,Decile 6,Urban,2023
10,26,,ECU,330,229,29193,927,Ecuador,Decile 7,Urban,2023
12.399999618530273,26,,ECU,330,229,29193,928,Ecuador,Decile 8,Urban,2023
14.600000381469727,26,,ECU,330,229,29193,929,Ecuador,Decile 9,Urban,2023
3,26,,ECU,327,229,29194,921,Ecuador,Decile 1,National,2024
26.700000762939453,26,,ECU,327,229,29194,930,Ecuador,Decile 10,National,2024
4.599999904632568,26,,ECU,327,229,29194,922,Ecuador,Decile 2,National,2024
5.599999904632568,26,,ECU,327,229,29194,923,Ecuador,Decile 3,National,2024
6.599999904632568,26,,ECU,327,229,29194,924,Ecuador,Decile 4,National,2024
7.5,26,,ECU,327,229,29194,925,Ecuador,Decile 5,National,2024
8.600000381469727,26,,ECU,327,229,29194,926,Ecuador,Decile 6,National,2024
10.300000190734863,26,,ECU,327,229,29194,927,Ecuador,Decile 7,National,2024
12.399999618530273,26,,ECU,327,229,29194,928,Ecuador,Decile 8,National,2024
14.600000381469727,26,,ECU,327,229,29194,929,Ecuador,Decile 9,National,2024
3.4000000953674316,26,,ECU,331,229,29194,921,Ecuador,Decile 1,Rural,2024
25,26,,ECU,331,229,29194,930,Ecuador,Decile 10,Rural,2024
4.900000095367432,26,,ECU,331,229,29194,922,Ecuador,Decile 2,Rural,2024
6.199999809265137,26,,ECU,331,229,29194,923,Ecuador,Decile 3,Rural,2024
6.900000095367432,26,,ECU,331,229,29194,924,Ecuador,Decile 4,Rural,2024
8,26,,ECU,331,229,29194,925,Ecuador,Decile 5,Rural,2024
9,26,,ECU,331,229,29194,926,Ecuador,Decile 6,Rural,2024
10.699999809265137,26,,ECU,331,229,29194,927,Ecuador,Decile 7,Rural,2024
11.800000190734863,26,,ECU,331,229,29194,928,Ecuador,Decile 8,Rural,2024
14.300000190734863,26,,ECU,331,229,29194,929,Ecuador,Decile 9,Rural,2024
3.200000047683716,26,,ECU,330,229,29194,921,Ecuador,Decile 1,Urban,2024
25.899999618530273,26,,ECU,330,229,29194,930,Ecuador,Decile 10,Urban,2024
4.5,26,,ECU,330,229,29194,922,Ecuador,Decile 2,Urban,2024
5.699999809265137,26,,ECU,330,229,29194,923,Ecuador,Decile 3,Urban,2024
6.599999904632568,26,,ECU,330,229,29194,924,Ecuador,Decile 4,Urban,2024
7.400000095367432,26,,ECU,330,229,29194,925,Ecuador,Decile 5,Urban,2024
9.100000381469727,26,,ECU,330,229,29194,926,Ecuador,Decile 6,Urban,2024
10.5,26,,ECU,330,229,29194,927,Ecuador,Decile 7,Urban,2024
12.300000190734863,26,,ECU,330,229,29194,928,Ecuador,Decile 8,Urban,2024
14.699999809265137,26,,ECU,330,229,29194,929,Ecuador,Decile 9,Urban,2024
1.5,26,,SLV,327,230,29170,921,El Salvador,Decile 1,National,2000
32.099998474121094,26,,SLV,327,230,29170,930,El Salvador,Decile 10,National,2000
3.299999952316284,26,,SLV,327,230,29170,922,El Salvador,Decile 2,National,2000
4.5,26,,SLV,327,230,29170,923,El Salvador,Decile 3,National,2000
5.400000095367432,26,,SLV,327,230,29170,924,El Salvador,Decile 4,National,2000
7,26,,SLV,327,230,29170,925,El Salvador,Decile 5,National,2000
8.199999809265137,26,,SLV,327,230,29170,926,El Salvador,Decile 6,National,2000
9.699999809265137,26,,SLV,327,230,29170,927,El Salvador,Decile 7,National,2000
11.899999618530273,26,,SLV,327,230,29170,928,El Salvador,Decile 8,National,2000
16.399999618530273,26,,SLV,327,230,29170,929,El Salvador,Decile 9,National,2000
1.5,26,,SLV,331,230,29170,921,El Salvador,Decile 1,Rural,2000
24.700000762939453,26,,SLV,331,230,29170,930,El Salvador,Decile 10,Rural,2000
4.099999904632568,26,,SLV,331,230,29170,922,El Salvador,Decile 2,Rural,2000
5.400000095367432,26,,SLV,331,230,29170,923,El Salvador,Decile 3,Rural,2000
7,26,,SLV,331,230,29170,924,El Salvador,Decile 4,Rural,2000
8.100000381469727,26,,SLV,331,230,29170,925,El Salvador,Decile 5,Rural,2000
9.300000190734863,26,,SLV,331,230,29170,926,El Salvador,Decile 6,Rural,2000
11,26,,SLV,331,230,29170,927,El Salvador,Decile 7,Rural,2000
13,26,,SLV,331,230,29170,928,El Salvador,Decile 8,Rural,2000
15.899999618530273,26,,SLV,331,230,29170,929,El Salvador,Decile 9,Rural,2000
1.899999976158142,26,,SLV,330,230,29170,921,El Salvador,Decile 1,Urban,2000
30.5,26,,SLV,330,230,29170,930,El Salvador,Decile 10,Urban,2000
3.700000047683716,26,,SLV,330,230,29170,922,El Salvador,Decile 2,Urban,2000
5,26,,SLV,330,230,29170,923,El Salvador,Decile 3,Urban,2000
6,26,,SLV,330,230,29170,924,El Salvador,Decile 4,Urban,2000
7.099999904632568,26,,SLV,330,230,29170,925,El Salvador,Decile 5,Urban,2000
8.300000190734863,26,,SLV,330,230,29170,926,El Salvador,Decile 6,Urban,2000
9.300000190734863,26,,SLV,330,230,29170,927,El Salvador,Decile 7,Urban,2000
12.399999618530273,26,,SLV,330,230,29170,928,El Salvador,Decile 8,Urban,2000
15.699999809265137,26,,SLV,330,230,29170,929,El Salvador,Decile 9,Urban,2000
1.399999976158142,26,,SLV,327,230,29171,921,El Salvador,Decile 1,National,2001
33,26,,SLV,327,230,29171,930,El Salvador,Decile 10,National,2001
3.200000047683716,26,,SLV,327,230,29171,922,El Salvador,Decile 2,National,2001
4.400000095367432,26,,SLV,327,230,29171,923,El Salvador,Decile 3,National,2001
5.400000095367432,26,,SLV,327,230,29171,924,El Salvador,Decile 4,National,2001
6.800000190734863,26,,SLV,327,230,29171,925,El Salvador,Decile 5,National,2001
7.900000095367432,26,,SLV,327,230,29171,926,El Salvador,Decile 6,National,2001
9.699999809265137,26,,SLV,327,230,29171,927,El Salvador,Decile 7,National,2001
12.100000381469727,26,,SLV,327,230,29171,928,El Salvador,Decile 8,National,2001
16.200000762939453,26,,SLV,327,230,29171,929,El Salvador,Decile 9,National,2001
1.399999976158142,26,,SLV,331,230,29171,921,El Salvador,Decile 1,Rural,2001
26.200000762939453,26,,SLV,331,230,29171,930,El Salvador,Decile 10,Rural,2001
3.9000000953674316,26,,SLV,331,230,29171,922,El Salvador,Decile 2,Rural,2001
5.099999904632568,26,,SLV,331,230,29171,923,El Salvador,Decile 3,Rural,2001
6.5,26,,SLV,331,230,29171,924,El Salvador,Decile 4,Rural,2001
7.5,26,,SLV,331,230,29171,925,El Salvador,Decile 5,Rural,2001
9.399999618530273,26,,SLV,331,230,29171,926,El Salvador,Decile 6,Rural,2001
10.600000381469727,26,,SLV,331,230,29171,927,El Salvador,Decile 7,Rural,2001
13,26,,SLV,331,230,29171,928,El Salvador,Decile 8,Rural,2001
16.5,26,,SLV,331,230,29171,929,El Salvador,Decile 9,Rural,2001
1.7000000476837158,26,,SLV,330,230,29171,921,El Salvador,Decile 1,Urban,2001
30.600000381469727,26,,SLV,330,230,29171,930,El Salvador,Decile 10,Urban,2001
3.5,26,,SLV,330,230,29171,922,El Salvador,Decile 2,Urban,2001
4.699999809265137,26,,SLV,330,230,29171,923,El Salvador,Decile 3,Urban,2001
5.800000190734863,26,,SLV,330,230,29171,924,El Salvador,Decile 4,Urban,2001
6.800000190734863,26,,SLV,330,230,29171,925,El Salvador,Decile 5,Urban,2001
8.100000381469727,26,,SLV,330,230,29171,926,El Salvador,Decile 6,Urban,2001
9.800000190734863,26,,SLV,330,230,29171,927,El Salvador,Decile 7,Urban,2001
12,26,,SLV,330,230,29171,928,El Salvador,Decile 8,Urban,2001
17,26,,SLV,330,230,29171,929,El Salvador,Decile 9,Urban,2001
1.399999976158142,26,,SLV,327,230,29172,921,El Salvador,Decile 1,National,2002
31.5,26,,SLV,327,230,29172,930,El Salvador,Decile 10,National,2002
3.200000047683716,26,,SLV,327,230,29172,922,El Salvador,Decile 2,National,2002
4.5,26,,SLV,327,230,29172,923,El Salvador,Decile 3,National,2002
5.599999904632568,26,,SLV,327,230,29172,924,El Salvador,Decile 4,National,2002
7,26,,SLV,327,230,29172,925,El Salvador,Decile 5,National,2002
8.199999809265137,26,,SLV,327,230,29172,926,El Salvador,Decile 6,National,2002
9.800000190734863,26,,SLV,327,230,29172,927,El Salvador,Decile 7,National,2002
12.300000190734863,26,,SLV,327,230,29172,928,El Salvador,Decile 8,National,2002
16.5,26,,SLV,327,230,29172,929,El Salvador,Decile 9,National,2002
1.399999976158142,26,,SLV,331,230,29172,921,El Salvador,Decile 1,Rural,2002
24.600000381469727,26,,SLV,331,230,29172,930,El Salvador,Decile 10,Rural,2002
3.700000047683716,26,,SLV,331,230,29172,922,El Salvador,Decile 2,Rural,2002
5.199999809265137,26,,SLV,331,230,29172,923,El Salvador,Decile 3,Rural,2002
6.599999904632568,26,,SLV,331,230,29172,924,El Salvador,Decile 4,Rural,2002
8,26,,SLV,331,230,29172,925,El Salvador,Decile 5,Rural,2002
9.399999618530273,26,,SLV,331,230,29172,926,El Salvador,Decile 6,Rural,2002
11.300000190734863,26,,SLV,331,230,29172,927,El Salvador,Decile 7,Rural,2002
13.300000190734863,26,,SLV,331,230,29172,928,El Salvador,Decile 8,Rural,2002
16.5,26,,SLV,331,230,29172,929,El Salvador,Decile 9,Rural,2002
1.7000000476837158,26,,SLV,330,230,29172,921,El Salvador,Decile 1,Urban,2002
30.200000762939453,26,,SLV,330,230,29172,930,El Salvador,Decile 10,Urban,2002
3.700000047683716,26,,SLV,330,230,29172,922,El Salvador,Decile 2,Urban,2002
4.900000095367432,26,,SLV,330,230,29172,923,El Salvador,Decile 3,Urban,2002
5.900000095367432,26,,SLV,330,230,29172,924,El Salvador,Decile 4,Urban,2002
7.099999904632568,26,,SLV,330,230,29172,925,El Salvador,Decile 5,Urban,2002
8.100000381469727,26,,SLV,330,230,29172,926,El Salvador,Decile 6,Urban,2002
9.800000190734863,26,,SLV,330,230,29172,927,El Salvador,Decile 7,Urban,2002
12.399999618530273,26,,SLV,330,230,29172,928,El Salvador,Decile 8,Urban,2002
16.200000762939453,26,,SLV,330,230,29172,929,El Salvador,Decile 9,Urban,2002
1.5,26,,SLV,327,230,29173,921,El Salvador,Decile 1,National,2003
31.600000381469727,26,,SLV,327,230,29173,930,El Salvador,Decile 10,National,2003
3.4000000953674316,26,,SLV,327,230,29173,922,El Salvador,Decile 2,National,2003
4.599999904632568,26,,SLV,327,230,29173,923,El Salvador,Decile 3,National,2003
5.900000095367432,26,,SLV,327,230,29173,924,El Salvador,Decile 4,National,2003
7.199999809265137,26,,SLV,327,230,29173,925,El Salvador,Decile 5,National,2003
8.300000190734863,26,,SLV,327,230,29173,926,El Salvador,Decile 6,National,2003
10,26,,SLV,327,230,29173,927,El Salvador,Decile 7,National,2003
11.899999618530273,26,,SLV,327,230,29173,928,El Salvador,Decile 8,National,2003
15.600000381469727,26,,SLV,327,230,29173,929,El Salvador,Decile 9,National,2003
1.600000023841858,26,,SLV,331,230,29173,921,El Salvador,Decile 1,Rural,2003
24.200000762939453,26,,SLV,331,230,29173,930,El Salvador,Decile 10,Rural,2003
4.099999904632568,26,,SLV,331,230,29173,922,El Salvador,Decile 2,Rural,2003
5.699999809265137,26,,SLV,331,230,29173,923,El Salvador,Decile 3,Rural,2003
6.900000095367432,26,,SLV,331,230,29173,924,El Salvador,Decile 4,Rural,2003
8.300000190734863,26,,SLV,331,230,29173,925,El Salvador,Decile 5,Rural,2003
9.5,26,,SLV,331,230,29173,926,El Salvador,Decile 6,Rural,2003
11.199999809265137,26,,SLV,331,230,29173,927,El Salvador,Decile 7,Rural,2003
13.100000381469727,26,,SLV,331,230,29173,928,El Salvador,Decile 8,Rural,2003
15.5,26,,SLV,331,230,29173,929,El Salvador,Decile 9,Rural,2003
1.899999976158142,26,,SLV,330,230,29173,921,El Salvador,Decile 1,Urban,2003
29.700000762939453,26,,SLV,330,230,29173,930,El Salvador,Decile 10,Urban,2003
3.799999952316284,26,,SLV,330,230,29173,922,El Salvador,Decile 2,Urban,2003
5.199999809265137,26,,SLV,330,230,29173,923,El Salvador,Decile 3,Urban,2003
6.099999904632568,26,,SLV,330,230,29173,924,El Salvador,Decile 4,Urban,2003
7.300000190734863,26,,SLV,330,230,29173,925,El Salvador,Decile 5,Urban,2003
8.5,26,,SLV,330,230,29173,926,El Salvador,Decile 6,Urban,2003
9.800000190734863,26,,SLV,330,230,29173,927,El Salvador,Decile 7,Urban,2003
11.800000190734863,26,,SLV,330,230,29173,928,El Salvador,Decile 8,Urban,2003
15.899999618530273,26,,SLV,330,230,29173,929,El Salvador,Decile 9,Urban,2003
1.7000000476837158,26,,SLV,327,230,29174,921,El Salvador,Decile 1,National,2004
29.399999618530273,26,,SLV,327,230,29174,930,El Salvador,Decile 10,National,2004
3.799999952316284,26,,SLV,327,230,29174,922,El Salvador,Decile 2,National,2004
5.099999904632568,26,,SLV,327,230,29174,923,El Salvador,Decile 3,National,2004
6.099999904632568,26,,SLV,327,230,29174,924,El Salvador,Decile 4,National,2004
7.300000190734863,26,,SLV,327,230,29174,925,El Salvador,Decile 5,National,2004
8.600000381469727,26,,SLV,327,230,29174,926,El Salvador,Decile 6,National,2004
10.100000381469727,26,,SLV,327,230,29174,927,El Salvador,Decile 7,National,2004
11.800000190734863,26,,SLV,327,230,29174,928,El Salvador,Decile 8,National,2004
16.200000762939453,26,,SLV,327,230,29174,929,El Salvador,Decile 9,National,2004
1.7999999523162842,26,,SLV,331,230,29174,921,El Salvador,Decile 1,Rural,2004
23,26,,SLV,331,230,29174,930,El Salvador,Decile 10,Rural,2004
4.400000095367432,26,,SLV,331,230,29174,922,El Salvador,Decile 2,Rural,2004
6,26,,SLV,331,230,29174,923,El Salvador,Decile 3,Rural,2004
7.099999904632568,26,,SLV,331,230,29174,924,El Salvador,Decile 4,Rural,2004
8.800000190734863,26,,SLV,331,230,29174,925,El Salvador,Decile 5,Rural,2004
9.800000190734863,26,,SLV,331,230,29174,926,El Salvador,Decile 6,Rural,2004
11.5,26,,SLV,331,230,29174,927,El Salvador,Decile 7,Rural,2004
12.600000381469727,26,,SLV,331,230,29174,928,El Salvador,Decile 8,Rural,2004
15,26,,SLV,331,230,29174,929,El Salvador,Decile 9,Rural,2004
2.0999999046325684,26,,SLV,330,230,29174,921,El Salvador,Decile 1,Urban,2004
27.399999618530273,26,,SLV,330,230,29174,930,El Salvador,Decile 10,Urban,2004
4.099999904632568,26,,SLV,330,230,29174,922,El Salvador,Decile 2,Urban,2004
5.300000190734863,26,,SLV,330,230,29174,923,El Salvador,Decile 3,Urban,2004
6.599999904632568,26,,SLV,330,230,29174,924,El Salvador,Decile 4,Urban,2004
7.400000095367432,26,,SLV,330,230,29174,925,El Salvador,Decile 5,Urban,2004
8.899999618530273,26,,SLV,330,230,29174,926,El Salvador,Decile 6,Urban,2004
9.899999618530273,26,,SLV,330,230,29174,927,El Salvador,Decile 7,Urban,2004
12,26,,SLV,330,230,29174,928,El Salvador,Decile 8,Urban,2004
16.399999618530273,26,,SLV,330,230,29174,929,El Salvador,Decile 9,Urban,2004
1.5,26,,SLV,327,230,29175,921,El Salvador,Decile 1,National,2005
30.799999237060547,26,,SLV,327,230,29175,930,El Salvador,Decile 10,National,2005
3.4000000953674316,26,,SLV,327,230,29175,922,El Salvador,Decile 2,National,2005
4.800000190734863,26,,SLV,327,230,29175,923,El Salvador,Decile 3,National,2005
5.800000190734863,26,,SLV,327,230,29175,924,El Salvador,Decile 4,National,2005
7,26,,SLV,327,230,29175,925,El Salvador,Decile 5,National,2005
8.399999618530273,26,,SLV,327,230,29175,926,El Salvador,Decile 6,National,2005
9.800000190734863,26,,SLV,327,230,29175,927,El Salvador,Decile 7,National,2005
11.800000190734863,26,,SLV,327,230,29175,928,El Salvador,Decile 8,National,2005
16.700000762939453,26,,SLV,327,230,29175,929,El Salvador,Decile 9,National,2005
1.399999976158142,26,,SLV,331,230,29175,921,El Salvador,Decile 1,Rural,2005
27.600000381469727,26,,SLV,331,230,29175,930,El Salvador,Decile 10,Rural,2005
3.799999952316284,26,,SLV,331,230,29175,922,El Salvador,Decile 2,Rural,2005
5.300000190734863,26,,SLV,331,230,29175,923,El Salvador,Decile 3,Rural,2005
6.5,26,,SLV,331,230,29175,924,El Salvador,Decile 4,Rural,2005
8.100000381469727,26,,SLV,331,230,29175,925,El Salvador,Decile 5,Rural,2005
9.100000381469727,26,,SLV,331,230,29175,926,El Salvador,Decile 6,Rural,2005
10.600000381469727,26,,SLV,331,230,29175,927,El Salvador,Decile 7,Rural,2005
13,26,,SLV,331,230,29175,928,El Salvador,Decile 8,Rural,2005
14.600000381469727,26,,SLV,331,230,29175,929,El Salvador,Decile 9,Rural,2005
2,26,,SLV,330,230,29175,921,El Salvador,Decile 1,Urban,2005
29.299999237060547,26,,SLV,330,230,29175,930,El Salvador,Decile 10,Urban,2005
4,26,,SLV,330,230,29175,922,El Salvador,Decile 2,Urban,2005
5,26,,SLV,330,230,29175,923,El Salvador,Decile 3,Urban,2005
6.300000190734863,26,,SLV,330,230,29175,924,El Salvador,Decile 4,Urban,2005
7.199999809265137,26,,SLV,330,230,29175,925,El Salvador,Decile 5,Urban,2005
8.600000381469727,26,,SLV,330,230,29175,926,El Salvador,Decile 6,Urban,2005
9.5,26,,SLV,330,230,29175,927,El Salvador,Decile 7,Urban,2005
12.300000190734863,26,,SLV,330,230,29175,928,El Salvador,Decile 8,Urban,2005
16,26,,SLV,330,230,29175,929,El Salvador,Decile 9,Urban,2005
2.5,26,,SLV,327,230,29176,921,El Salvador,Decile 1,National,2006
30.399999618530273,26,,SLV,327,230,29176,930,El Salvador,Decile 10,National,2006
4.199999809265137,26,,SLV,327,230,29176,922,El Salvador,Decile 2,National,2006
5.400000095367432,26,,SLV,327,230,29176,923,El Salvador,Decile 3,National,2006
6.300000190734863,26,,SLV,327,230,29176,924,El Salvador,Decile 4,National,2006
7.300000190734863,26,,SLV,327,230,29176,925,El Salvador,Decile 5,National,2006
8.300000190734863,26,,SLV,327,230,29176,926,El Salvador,Decile 6,National,2006
9.399999618530273,26,,SLV,327,230,29176,927,El Salvador,Decile 7,National,2006
11.399999618530273,26,,SLV,327,230,29176,928,El Salvador,Decile 8,National,2006
15,26,,SLV,327,230,29176,929,El Salvador,Decile 9,National,2006
3.299999952316284,26,,SLV,331,230,29176,921,El Salvador,Decile 1,Rural,2006
21.799999237060547,26,,SLV,331,230,29176,930,El Salvador,Decile 10,Rural,2006
5,26,,SLV,331,230,29176,922,El Salvador,Decile 2,Rural,2006
6.5,26,,SLV,331,230,29176,923,El Salvador,Decile 3,Rural,2006
7.599999904632568,26,,SLV,331,230,29176,924,El Salvador,Decile 4,Rural,2006
8.899999618530273,26,,SLV,331,230,29176,925,El Salvador,Decile 5,Rural,2006
9.899999618530273,26,,SLV,331,230,29176,926,El Salvador,Decile 6,Rural,2006
10.600000381469727,26,,SLV,331,230,29176,927,El Salvador,Decile 7,Rural,2006
12.699999809265137,26,,SLV,331,230,29176,928,El Salvador,Decile 8,Rural,2006
13.699999809265137,26,,SLV,331,230,29176,929,El Salvador,Decile 9,Rural,2006
2.700000047683716,26,,SLV,330,230,29176,921,El Salvador,Decile 1,Urban,2006
30,26,,SLV,330,230,29176,930,El Salvador,Decile 10,Urban,2006
4.400000095367432,26,,SLV,330,230,29176,922,El Salvador,Decile 2,Urban,2006
5.5,26,,SLV,330,230,29176,923,El Salvador,Decile 3,Urban,2006
6.300000190734863,26,,SLV,330,230,29176,924,El Salvador,Decile 4,Urban,2006
7.300000190734863,26,,SLV,330,230,29176,925,El Salvador,Decile 5,Urban,2006
8.300000190734863,26,,SLV,330,230,29176,926,El Salvador,Decile 6,Urban,2006
9.199999809265137,26,,SLV,330,230,29176,927,El Salvador,Decile 7,Urban,2006
11.800000190734863,26,,SLV,330,230,29176,928,El Salvador,Decile 8,Urban,2006
14.600000381469727,26,,SLV,330,230,29176,929,El Salvador,Decile 9,Urban,2006
2.700000047683716,26,,SLV,327,230,29177,921,El Salvador,Decile 1,National,2007
31,26,,SLV,327,230,29177,930,El Salvador,Decile 10,National,2007
4.199999809265137,26,,SLV,327,230,29177,922,El Salvador,Decile 2,National,2007
5.199999809265137,26,,SLV,327,230,29177,923,El Salvador,Decile 3,National,2007
6.199999809265137,26,,SLV,327,230,29177,924,El Salvador,Decile 4,National,2007
7,26,,SLV,327,230,29177,925,El Salvador,Decile 5,National,2007
8.199999809265137,26,,SLV,327,230,29177,926,El Salvador,Decile 6,National,2007
9.399999618530273,26,,SLV,327,230,29177,927,El Salvador,Decile 7,National,2007
11.300000190734863,26,,SLV,327,230,29177,928,El Salvador,Decile 8,National,2007
14.800000190734863,26,,SLV,327,230,29177,929,El Salvador,Decile 9,National,2007
3.5999999046325684,26,,SLV,331,230,29177,921,El Salvador,Decile 1,Rural,2007
22.399999618530273,26,,SLV,331,230,29177,930,El Salvador,Decile 10,Rural,2007
5.199999809265137,26,,SLV,331,230,29177,922,El Salvador,Decile 2,Rural,2007
6.5,26,,SLV,331,230,29177,923,El Salvador,Decile 3,Rural,2007
7.400000095367432,26,,SLV,331,230,29177,924,El Salvador,Decile 4,Rural,2007
8.399999618530273,26,,SLV,331,230,29177,925,El Salvador,Decile 5,Rural,2007
9.800000190734863,26,,SLV,331,230,29177,926,El Salvador,Decile 6,Rural,2007
10.600000381469727,26,,SLV,331,230,29177,927,El Salvador,Decile 7,Rural,2007
12,26,,SLV,331,230,29177,928,El Salvador,Decile 8,Rural,2007
14.100000381469727,26,,SLV,331,230,29177,929,El Salvador,Decile 9,Rural,2007
2.9000000953674316,26,,SLV,330,230,29177,921,El Salvador,Decile 1,Urban,2007
30.399999618530273,26,,SLV,330,230,29177,930,El Salvador,Decile 10,Urban,2007
4.400000095367432,26,,SLV,330,230,29177,922,El Salvador,Decile 2,Urban,2007
5.300000190734863,26,,SLV,330,230,29177,923,El Salvador,Decile 3,Urban,2007
6.199999809265137,26,,SLV,330,230,29177,924,El Salvador,Decile 4,Urban,2007
7.199999809265137,26,,SLV,330,230,29177,925,El Salvador,Decile 5,Urban,2007
8.100000381469727,26,,SLV,330,230,29177,926,El Salvador,Decile 6,Urban,2007
9.399999618530273,26,,SLV,330,230,29177,927,El Salvador,Decile 7,Urban,2007
11.699999809265137,26,,SLV,330,230,29177,928,El Salvador,Decile 8,Urban,2007
14.300000190734863,26,,SLV,330,230,29177,929,El Salvador,Decile 9,Urban,2007
2.299999952316284,26,,SLV,327,230,29179,921,El Salvador,Decile 1,National,2009
31.399999618530273,26,,SLV,327,230,29179,930,El Salvador,Decile 10,National,2009
3.799999952316284,26,,SLV,327,230,29179,922,El Salvador,Decile 2,National,2009
5,26,,SLV,327,230,29179,923,El Salvador,Decile 3,National,2009
6.099999904632568,26,,SLV,327,230,29179,924,El Salvador,Decile 4,National,2009
7,26,,SLV,327,230,29179,925,El Salvador,Decile 5,National,2009
8.300000190734863,26,,SLV,327,230,29179,926,El Salvador,Decile 6,National,2009
9.300000190734863,26,,SLV,327,230,29179,927,El Salvador,Decile 7,National,2009
11.699999809265137,26,,SLV,327,230,29179,928,El Salvador,Decile 8,National,2009
15.100000381469727,26,,SLV,327,230,29179,929,El Salvador,Decile 9,National,2009
3,26,,SLV,331,230,29179,921,El Salvador,Decile 1,Rural,2009
23.799999237060547,26,,SLV,331,230,29179,930,El Salvador,Decile 10,Rural,2009
4.5,26,,SLV,331,230,29179,922,El Salvador,Decile 2,Rural,2009
5.800000190734863,26,,SLV,331,230,29179,923,El Salvador,Decile 3,Rural,2009
7.099999904632568,26,,SLV,331,230,29179,924,El Salvador,Decile 4,Rural,2009
8.199999809265137,26,,SLV,331,230,29179,925,El Salvador,Decile 5,Rural,2009
9.699999809265137,26,,SLV,331,230,29179,926,El Salvador,Decile 6,Rural,2009
11.300000190734863,26,,SLV,331,230,29179,927,El Salvador,Decile 7,Rural,2009
12.600000381469727,26,,SLV,331,230,29179,928,El Salvador,Decile 8,Rural,2009
14,26,,SLV,331,230,29179,929,El Salvador,Decile 9,Rural,2009
2.5999999046325684,26,,SLV,330,230,29179,921,El Salvador,Decile 1,Urban,2009
30.5,26,,SLV,330,230,29179,930,El Salvador,Decile 10,Urban,2009
4.199999809265137,26,,SLV,330,230,29179,922,El Salvador,Decile 2,Urban,2009
5.199999809265137,26,,SLV,330,230,29179,923,El Salvador,Decile 3,Urban,2009
6,26,,SLV,330,230,29179,924,El Salvador,Decile 4,Urban,2009
7.199999809265137,26,,SLV,330,230,29179,925,El Salvador,Decile 5,Urban,2009
8,26,,SLV,330,230,29179,926,El Salvador,Decile 6,Urban,2009
9.600000381469727,26,,SLV,330,230,29179,927,El Salvador,Decile 7,Urban,2009
11.800000190734863,26,,SLV,330,230,29179,928,El Salvador,Decile 8,Urban,2009
14.800000190734863,26,,SLV,330,230,29179,929,El Salvador,Decile 9,Urban,2009
2.5,26,,SLV,327,230,29180,921,El Salvador,Decile 1,National,2010
28.299999237060547,26,,SLV,327,230,29180,930,El Salvador,Decile 10,National,2010
4.099999904632568,26,,SLV,327,230,29180,922,El Salvador,Decile 2,National,2010
5.199999809265137,26,,SLV,327,230,29180,923,El Salvador,Decile 3,National,2010
6.300000190734863,26,,SLV,327,230,29180,924,El Salvador,Decile 4,National,2010
7.400000095367432,26,,SLV,327,230,29180,925,El Salvador,Decile 5,National,2010
8.800000190734863,26,,SLV,327,230,29180,926,El Salvador,Decile 6,National,2010
10.100000381469727,26,,SLV,327,230,29180,927,El Salvador,Decile 7,National,2010
11.800000190734863,26,,SLV,327,230,29180,928,El Salvador,Decile 8,National,2010
15.5,26,,SLV,327,230,29180,929,El Salvador,Decile 9,National,2010
3.200000047683716,26,,SLV,331,230,29180,921,El Salvador,Decile 1,Rural,2010
21.700000762939453,26,,SLV,331,230,29180,930,El Salvador,Decile 10,Rural,2010
4.900000095367432,26,,SLV,331,230,29180,922,El Salvador,Decile 2,Rural,2010
5.900000095367432,26,,SLV,331,230,29180,923,El Salvador,Decile 3,Rural,2010
7.300000190734863,26,,SLV,331,230,29180,924,El Salvador,Decile 4,Rural,2010
8.5,26,,SLV,331,230,29180,925,El Salvador,Decile 5,Rural,2010
10.199999809265137,26,,SLV,331,230,29180,926,El Salvador,Decile 6,Rural,2010
11,26,,SLV,331,230,29180,927,El Salvador,Decile 7,Rural,2010
12.5,26,,SLV,331,230,29180,928,El Salvador,Decile 8,Rural,2010
14.699999809265137,26,,SLV,331,230,29180,929,El Salvador,Decile 9,Rural,2010
2.700000047683716,26,,SLV,330,230,29180,921,El Salvador,Decile 1,Urban,2010
27.100000381469727,26,,SLV,330,230,29180,930,El Salvador,Decile 10,Urban,2010
4.300000190734863,26,,SLV,330,230,29180,922,El Salvador,Decile 2,Urban,2010
5.400000095367432,26,,SLV,330,230,29180,923,El Salvador,Decile 3,Urban,2010
6.5,26,,SLV,330,230,29180,924,El Salvador,Decile 4,Urban,2010
7.699999809265137,26,,SLV,330,230,29180,925,El Salvador,Decile 5,Urban,2010
8.699999809265137,26,,SLV,330,230,29180,926,El Salvador,Decile 6,Urban,2010
9.899999618530273,26,,SLV,330,230,29180,927,El Salvador,Decile 7,Urban,2010
11.899999618530273,26,,SLV,330,230,29180,928,El Salvador,Decile 8,Urban,2010
15.5,26,,SLV,330,230,29180,929,El Salvador,Decile 9,Urban,2010
2.9000000953674316,26,,SLV,327,230,29182,921,El Salvador,Decile 1,National,2012
27.600000381469727,26,,SLV,327,230,29182,930,El Salvador,Decile 10,National,2012
4.400000095367432,26,,SLV,327,230,29182,922,El Salvador,Decile 2,National,2012
5.599999904632568,26,,SLV,327,230,29182,923,El Salvador,Decile 3,National,2012
6.599999904632568,26,,SLV,327,230,29182,924,El Salvador,Decile 4,National,2012
7.800000190734863,26,,SLV,327,230,29182,925,El Salvador,Decile 5,National,2012
8.699999809265137,26,,SLV,327,230,29182,926,El Salvador,Decile 6,National,2012
9.899999618530273,26,,SLV,327,230,29182,927,El Salvador,Decile 7,National,2012
12.100000381469727,26,,SLV,327,230,29182,928,El Salvador,Decile 8,National,2012
14.300000190734863,26,,SLV,327,230,29182,929,El Salvador,Decile 9,National,2012
3.5,26,,SLV,331,230,29182,921,El Salvador,Decile 1,Rural,2012
21.600000381469727,26,,SLV,331,230,29182,930,El Salvador,Decile 10,Rural,2012
5.199999809265137,26,,SLV,331,230,29182,922,El Salvador,Decile 2,Rural,2012
6.199999809265137,26,,SLV,331,230,29182,923,El Salvador,Decile 3,Rural,2012
7.400000095367432,26,,SLV,331,230,29182,924,El Salvador,Decile 4,Rural,2012
8.600000381469727,26,,SLV,331,230,29182,925,El Salvador,Decile 5,Rural,2012
9.800000190734863,26,,SLV,331,230,29182,926,El Salvador,Decile 6,Rural,2012
11.199999809265137,26,,SLV,331,230,29182,927,El Salvador,Decile 7,Rural,2012
12.399999618530273,26,,SLV,331,230,29182,928,El Salvador,Decile 8,Rural,2012
14,26,,SLV,331,230,29182,929,El Salvador,Decile 9,Rural,2012
3.0999999046325684,26,,SLV,330,230,29182,921,El Salvador,Decile 1,Urban,2012
26.899999618530273,26,,SLV,330,230,29182,930,El Salvador,Decile 10,Urban,2012
4.699999809265137,26,,SLV,330,230,29182,922,El Salvador,Decile 2,Urban,2012
5.699999809265137,26,,SLV,330,230,29182,923,El Salvador,Decile 3,Urban,2012
6.900000095367432,26,,SLV,330,230,29182,924,El Salvador,Decile 4,Urban,2012
7.800000190734863,26,,SLV,330,230,29182,925,El Salvador,Decile 5,Urban,2012
8.600000381469727,26,,SLV,330,230,29182,926,El Salvador,Decile 6,Urban,2012
10.300000190734863,26,,SLV,330,230,29182,927,El Salvador,Decile 7,Urban,2012
11.300000190734863,26,,SLV,330,230,29182,928,El Salvador,Decile 8,Urban,2012
14.600000381469727,26,,SLV,330,230,29182,929,El Salvador,Decile 9,Urban,2012
2.799999952316284,26,,SLV,327,230,29183,921,El Salvador,Decile 1,National,2013
29.399999618530273,26,,SLV,327,230,29183,930,El Salvador,Decile 10,National,2013
4.199999809265137,26,,SLV,327,230,29183,922,El Salvador,Decile 2,National,2013
5.199999809265137,26,,SLV,327,230,29183,923,El Salvador,Decile 3,National,2013
6.300000190734863,26,,SLV,327,230,29183,924,El Salvador,Decile 4,National,2013
7.5,26,,SLV,327,230,29183,925,El Salvador,Decile 5,National,2013
8.399999618530273,26,,SLV,327,230,29183,926,El Salvador,Decile 6,National,2013
10.100000381469727,26,,SLV,327,230,29183,927,El Salvador,Decile 7,National,2013
11.300000190734863,26,,SLV,327,230,29183,928,El Salvador,Decile 8,National,2013
14.800000190734863,26,,SLV,327,230,29183,929,El Salvador,Decile 9,National,2013
3.4000000953674316,26,,SLV,331,230,29183,921,El Salvador,Decile 1,Rural,2013
22.299999237060547,26,,SLV,331,230,29183,930,El Salvador,Decile 10,Rural,2013
5,26,,SLV,331,230,29183,922,El Salvador,Decile 2,Rural,2013
6.199999809265137,26,,SLV,331,230,29183,923,El Salvador,Decile 3,Rural,2013
7.199999809265137,26,,SLV,331,230,29183,924,El Salvador,Decile 4,Rural,2013
8.300000190734863,26,,SLV,331,230,29183,925,El Salvador,Decile 5,Rural,2013
10,26,,SLV,331,230,29183,926,El Salvador,Decile 6,Rural,2013
10.899999618530273,26,,SLV,331,230,29183,927,El Salvador,Decile 7,Rural,2013
12,26,,SLV,331,230,29183,928,El Salvador,Decile 8,Rural,2013
14.800000190734863,26,,SLV,331,230,29183,929,El Salvador,Decile 9,Rural,2013
3,26,,SLV,330,230,29183,921,El Salvador,Decile 1,Urban,2013
28.899999618530273,26,,SLV,330,230,29183,930,El Salvador,Decile 10,Urban,2013
4.300000190734863,26,,SLV,330,230,29183,922,El Salvador,Decile 2,Urban,2013
5.5,26,,SLV,330,230,29183,923,El Salvador,Decile 3,Urban,2013
6.599999904632568,26,,SLV,330,230,29183,924,El Salvador,Decile 4,Urban,2013
7.400000095367432,26,,SLV,330,230,29183,925,El Salvador,Decile 5,Urban,2013
8.699999809265137,26,,SLV,330,230,29183,926,El Salvador,Decile 6,Urban,2013
9.399999618530273,26,,SLV,330,230,29183,927,El Salvador,Decile 7,Urban,2013
11.399999618530273,26,,SLV,330,230,29183,928,El Salvador,Decile 8,Urban,2013
14.699999809265137,26,,SLV,330,230,29183,929,El Salvador,Decile 9,Urban,2013
2.799999952316284,26,,SLV,327,230,29184,921,El Salvador,Decile 1,National,2014
26.600000381469727,26,,SLV,327,230,29184,930,El Salvador,Decile 10,National,2014
4.400000095367432,26,,SLV,327,230,29184,922,El Salvador,Decile 2,National,2014
5.400000095367432,26,,SLV,327,230,29184,923,El Salvador,Decile 3,National,2014
6.400000095367432,26,,SLV,327,230,29184,924,El Salvador,Decile 4,National,2014
7.800000190734863,26,,SLV,327,230,29184,925,El Salvador,Decile 5,National,2014
8.600000381469727,26,,SLV,327,230,29184,926,El Salvador,Decile 6,National,2014
10.5,26,,SLV,327,230,29184,927,El Salvador,Decile 7,National,2014
11.800000190734863,26,,SLV,327,230,29184,928,El Salvador,Decile 8,National,2014
15.600000381469727,26,,SLV,327,230,29184,929,El Salvador,Decile 9,National,2014
3.299999952316284,26,,SLV,331,230,29184,921,El Salvador,Decile 1,Rural,2014
21.399999618530273,26,,SLV,331,230,29184,930,El Salvador,Decile 10,Rural,2014
5.099999904632568,26,,SLV,331,230,29184,922,El Salvador,Decile 2,Rural,2014
6.300000190734863,26,,SLV,331,230,29184,923,El Salvador,Decile 3,Rural,2014
7.400000095367432,26,,SLV,331,230,29184,924,El Salvador,Decile 4,Rural,2014
8.600000381469727,26,,SLV,331,230,29184,925,El Salvador,Decile 5,Rural,2014
9.399999618530273,26,,SLV,331,230,29184,926,El Salvador,Decile 6,Rural,2014
10.800000190734863,26,,SLV,331,230,29184,927,El Salvador,Decile 7,Rural,2014
12.300000190734863,26,,SLV,331,230,29184,928,El Salvador,Decile 8,Rural,2014
15.5,26,,SLV,331,230,29184,929,El Salvador,Decile 9,Rural,2014
3.0999999046325684,26,,SLV,330,230,29184,921,El Salvador,Decile 1,Urban,2014
25.899999618530273,26,,SLV,330,230,29184,930,El Salvador,Decile 10,Urban,2014
4.699999809265137,26,,SLV,330,230,29184,922,El Salvador,Decile 2,Urban,2014
5.699999809265137,26,,SLV,330,230,29184,923,El Salvador,Decile 3,Urban,2014
6.900000095367432,26,,SLV,330,230,29184,924,El Salvador,Decile 4,Urban,2014
7.800000190734863,26,,SLV,330,230,29184,925,El Salvador,Decile 5,Urban,2014
8.800000190734863,26,,SLV,330,230,29184,926,El Salvador,Decile 6,Urban,2014
9.899999618530273,26,,SLV,330,230,29184,927,El Salvador,Decile 7,Urban,2014
12,26,,SLV,330,230,29184,928,El Salvador,Decile 8,Urban,2014
15.300000190734863,26,,SLV,330,230,29184,929,El Salvador,Decile 9,Urban,2014
3,26,,SLV,327,230,29185,921,El Salvador,Decile 1,National,2015
27.299999237060547,26,,SLV,327,230,29185,930,El Salvador,Decile 10,National,2015
4.699999809265137,26,,SLV,327,230,29185,922,El Salvador,Decile 2,National,2015
5.800000190734863,26,,SLV,327,230,29185,923,El Salvador,Decile 3,National,2015
6.599999904632568,26,,SLV,327,230,29185,924,El Salvador,Decile 4,National,2015
7.400000095367432,26,,SLV,327,230,29185,925,El Salvador,Decile 5,National,2015
8.699999809265137,26,,SLV,327,230,29185,926,El Salvador,Decile 6,National,2015
10.100000381469727,26,,SLV,327,230,29185,927,El Salvador,Decile 7,National,2015
11.699999809265137,26,,SLV,327,230,29185,928,El Salvador,Decile 8,National,2015
14.600000381469727,26,,SLV,327,230,29185,929,El Salvador,Decile 9,National,2015
3.5999999046325684,26,,SLV,331,230,29185,921,El Salvador,Decile 1,Rural,2015
21.899999618530273,26,,SLV,331,230,29185,930,El Salvador,Decile 10,Rural,2015
5.099999904632568,26,,SLV,331,230,29185,922,El Salvador,Decile 2,Rural,2015
6.300000190734863,26,,SLV,331,230,29185,923,El Salvador,Decile 3,Rural,2015
7.800000190734863,26,,SLV,331,230,29185,924,El Salvador,Decile 4,Rural,2015
8.899999618530273,26,,SLV,331,230,29185,925,El Salvador,Decile 5,Rural,2015
9.399999618530273,26,,SLV,331,230,29185,926,El Salvador,Decile 6,Rural,2015
10.699999809265137,26,,SLV,331,230,29185,927,El Salvador,Decile 7,Rural,2015
11.800000190734863,26,,SLV,331,230,29185,928,El Salvador,Decile 8,Rural,2015
14.5,26,,SLV,331,230,29185,929,El Salvador,Decile 9,Rural,2015
3.299999952316284,26,,SLV,330,230,29185,921,El Salvador,Decile 1,Urban,2015
26.299999237060547,26,,SLV,330,230,29185,930,El Salvador,Decile 10,Urban,2015
4.800000190734863,26,,SLV,330,230,29185,922,El Salvador,Decile 2,Urban,2015
5.900000095367432,26,,SLV,330,230,29185,923,El Salvador,Decile 3,Urban,2015
6.400000095367432,26,,SLV,330,230,29185,924,El Salvador,Decile 4,Urban,2015
7.800000190734863,26,,SLV,330,230,29185,925,El Salvador,Decile 5,Urban,2015
8.699999809265137,26,,SLV,330,230,29185,926,El Salvador,Decile 6,Urban,2015
10.100000381469727,26,,SLV,330,230,29185,927,El Salvador,Decile 7,Urban,2015
11.899999618530273,26,,SLV,330,230,29185,928,El Salvador,Decile 8,Urban,2015
14.699999809265137,26,,SLV,330,230,29185,929,El Salvador,Decile 9,Urban,2015
3,26,,SLV,327,230,29186,921,El Salvador,Decile 1,National,2016
26.100000381469727,26,,SLV,327,230,29186,930,El Salvador,Decile 10,National,2016
4.5,26,,SLV,327,230,29186,922,El Salvador,Decile 2,National,2016
5.5,26,,SLV,327,230,29186,923,El Salvador,Decile 3,National,2016
6.800000190734863,26,,SLV,327,230,29186,924,El Salvador,Decile 4,National,2016
7.900000095367432,26,,SLV,327,230,29186,925,El Salvador,Decile 5,National,2016
8.899999618530273,26,,SLV,327,230,29186,926,El Salvador,Decile 6,National,2016
10.100000381469727,26,,SLV,327,230,29186,927,El Salvador,Decile 7,National,2016
12.300000190734863,26,,SLV,327,230,29186,928,El Salvador,Decile 8,National,2016
14.800000190734863,26,,SLV,327,230,29186,929,El Salvador,Decile 9,National,2016
3.700000047683716,26,,SLV,331,230,29186,921,El Salvador,Decile 1,Rural,2016
20.799999237060547,26,,SLV,331,230,29186,930,El Salvador,Decile 10,Rural,2016
5.199999809265137,26,,SLV,331,230,29186,922,El Salvador,Decile 2,Rural,2016
6.300000190734863,26,,SLV,331,230,29186,923,El Salvador,Decile 3,Rural,2016
7.599999904632568,26,,SLV,331,230,29186,924,El Salvador,Decile 4,Rural,2016
8.300000190734863,26,,SLV,331,230,29186,925,El Salvador,Decile 5,Rural,2016
9.600000381469727,26,,SLV,331,230,29186,926,El Salvador,Decile 6,Rural,2016
11.100000381469727,26,,SLV,331,230,29186,927,El Salvador,Decile 7,Rural,2016
12.5,26,,SLV,331,230,29186,928,El Salvador,Decile 8,Rural,2016
14.800000190734863,26,,SLV,331,230,29186,929,El Salvador,Decile 9,Rural,2016
3.200000047683716,26,,SLV,330,230,29186,921,El Salvador,Decile 1,Urban,2016
25.399999618530273,26,,SLV,330,230,29186,930,El Salvador,Decile 10,Urban,2016
4.900000095367432,26,,SLV,330,230,29186,922,El Salvador,Decile 2,Urban,2016
6,26,,SLV,330,230,29186,923,El Salvador,Decile 3,Urban,2016
7,26,,SLV,330,230,29186,924,El Salvador,Decile 4,Urban,2016
7.800000190734863,26,,SLV,330,230,29186,925,El Salvador,Decile 5,Urban,2016
8.800000190734863,26,,SLV,330,230,29186,926,El Salvador,Decile 6,Urban,2016
10.199999809265137,26,,SLV,330,230,29186,927,El Salvador,Decile 7,Urban,2016
11.800000190734863,26,,SLV,330,230,29186,928,El Salvador,Decile 8,Urban,2016
14.899999618530273,26,,SLV,330,230,29186,929,El Salvador,Decile 9,Urban,2016
3.0999999046325684,26,,SLV,327,230,29187,921,El Salvador,Decile 1,National,2017
24,26,,SLV,327,230,29187,930,El Salvador,Decile 10,National,2017
4.699999809265137,26,,SLV,327,230,29187,922,El Salvador,Decile 2,National,2017
5.900000095367432,26,,SLV,327,230,29187,923,El Salvador,Decile 3,National,2017
6.800000190734863,26,,SLV,327,230,29187,924,El Salvador,Decile 4,National,2017
8.199999809265137,26,,SLV,327,230,29187,925,El Salvador,Decile 5,National,2017
9.300000190734863,26,,SLV,327,230,29187,926,El Salvador,Decile 6,National,2017
10.399999618530273,26,,SLV,327,230,29187,927,El Salvador,Decile 7,National,2017
12.5,26,,SLV,327,230,29187,928,El Salvador,Decile 8,National,2017
15,26,,SLV,327,230,29187,929,El Salvador,Decile 9,National,2017
3.5999999046325684,26,,SLV,331,230,29187,921,El Salvador,Decile 1,Rural,2017
19.899999618530273,26,,SLV,331,230,29187,930,El Salvador,Decile 10,Rural,2017
5.400000095367432,26,,SLV,331,230,29187,922,El Salvador,Decile 2,Rural,2017
6.5,26,,SLV,331,230,29187,923,El Salvador,Decile 3,Rural,2017
7.5,26,,SLV,331,230,29187,924,El Salvador,Decile 4,Rural,2017
8.5,26,,SLV,331,230,29187,925,El Salvador,Decile 5,Rural,2017
9.800000190734863,26,,SLV,331,230,29187,926,El Salvador,Decile 6,Rural,2017
11.600000381469727,26,,SLV,331,230,29187,927,El Salvador,Decile 7,Rural,2017
12.699999809265137,26,,SLV,331,230,29187,928,El Salvador,Decile 8,Rural,2017
14.5,26,,SLV,331,230,29187,929,El Salvador,Decile 9,Rural,2017
3.299999952316284,26,,SLV,330,230,29187,921,El Salvador,Decile 1,Urban,2017
23.600000381469727,26,,SLV,330,230,29187,930,El Salvador,Decile 10,Urban,2017
5.099999904632568,26,,SLV,330,230,29187,922,El Salvador,Decile 2,Urban,2017
6.099999904632568,26,,SLV,330,230,29187,923,El Salvador,Decile 3,Urban,2017
7.300000190734863,26,,SLV,330,230,29187,924,El Salvador,Decile 4,Urban,2017
8.199999809265137,26,,SLV,330,230,29187,925,El Salvador,Decile 5,Urban,2017
9.100000381469727,26,,SLV,330,230,29187,926,El Salvador,Decile 6,Urban,2017
10.800000190734863,26,,SLV,330,230,29187,927,El Salvador,Decile 7,Urban,2017
12.5,26,,SLV,330,230,29187,928,El Salvador,Decile 8,Urban,2017
14,26,,SLV,330,230,29187,929,El Salvador,Decile 9,Urban,2017
3.0999999046325684,26,,SLV,327,230,29188,921,El Salvador,Decile 1,National,2018
24.700000762939453,26,,SLV,327,230,29188,930,El Salvador,Decile 10,National,2018
4.599999904632568,26,,SLV,327,230,29188,922,El Salvador,Decile 2,National,2018
5.699999809265137,26,,SLV,327,230,29188,923,El Salvador,Decile 3,National,2018
6.800000190734863,26,,SLV,327,230,29188,924,El Salvador,Decile 4,National,2018
7.900000095367432,26,,SLV,327,230,29188,925,El Salvador,Decile 5,National,2018
9.5,26,,SLV,327,230,29188,926,El Salvador,Decile 6,National,2018
10.600000381469727,26,,SLV,327,230,29188,927,El Salvador,Decile 7,National,2018
12.100000381469727,26,,SLV,327,230,29188,928,El Salvador,Decile 8,National,2018
14.800000190734863,26,,SLV,327,230,29188,929,El Salvador,Decile 9,National,2018
3.5999999046325684,26,,SLV,331,230,29188,921,El Salvador,Decile 1,Rural,2018
20.700000762939453,26,,SLV,331,230,29188,930,El Salvador,Decile 10,Rural,2018
5.400000095367432,26,,SLV,331,230,29188,922,El Salvador,Decile 2,Rural,2018
6.5,26,,SLV,331,230,29188,923,El Salvador,Decile 3,Rural,2018
7.5,26,,SLV,331,230,29188,924,El Salvador,Decile 4,Rural,2018
8.199999809265137,26,,SLV,331,230,29188,925,El Salvador,Decile 5,Rural,2018
9.600000381469727,26,,SLV,331,230,29188,926,El Salvador,Decile 6,Rural,2018
11.100000381469727,26,,SLV,331,230,29188,927,El Salvador,Decile 7,Rural,2018
12.800000190734863,26,,SLV,331,230,29188,928,El Salvador,Decile 8,Rural,2018
14.600000381469727,26,,SLV,331,230,29188,929,El Salvador,Decile 9,Rural,2018
3.299999952316284,26,,SLV,330,230,29188,921,El Salvador,Decile 1,Urban,2018
23.799999237060547,26,,SLV,330,230,29188,930,El Salvador,Decile 10,Urban,2018
4.900000095367432,26,,SLV,330,230,29188,922,El Salvador,Decile 2,Urban,2018
6.099999904632568,26,,SLV,330,230,29188,923,El Salvador,Decile 3,Urban,2018
7.099999904632568,26,,SLV,330,230,29188,924,El Salvador,Decile 4,Urban,2018
8.600000381469727,26,,SLV,330,230,29188,925,El Salvador,Decile 5,Urban,2018
9.199999809265137,26,,SLV,330,230,29188,926,El Salvador,Decile 6,Urban,2018
10.300000190734863,26,,SLV,330,230,29188,927,El Salvador,Decile 7,Urban,2018
12,26,,SLV,330,230,29188,928,El Salvador,Decile 8,Urban,2018
14.699999809265137,26,,SLV,330,230,29188,929,El Salvador,Decile 9,Urban,2018
3,26,,SLV,327,230,29189,921,El Salvador,Decile 1,National,2019
25.100000381469727,26,,SLV,327,230,29189,930,El Salvador,Decile 10,National,2019
4.699999809265137,26,,SLV,327,230,29189,922,El Salvador,Decile 2,National,2019
5.699999809265137,26,,SLV,327,230,29189,923,El Salvador,Decile 3,National,2019
6.800000190734863,26,,SLV,327,230,29189,924,El Salvador,Decile 4,National,2019
7.900000095367432,26,,SLV,327,230,29189,925,El Salvador,Decile 5,National,2019
9.199999809265137,26,,SLV,327,230,29189,926,El Salvador,Decile 6,National,2019
10.5,26,,SLV,327,230,29189,927,El Salvador,Decile 7,National,2019
12.300000190734863,26,,SLV,327,230,29189,928,El Salvador,Decile 8,National,2019
14.800000190734863,26,,SLV,327,230,29189,929,El Salvador,Decile 9,National,2019
3.700000047683716,26,,SLV,331,230,29189,921,El Salvador,Decile 1,Rural,2019
19.700000762939453,26,,SLV,331,230,29189,930,El Salvador,Decile 10,Rural,2019
5.5,26,,SLV,331,230,29189,922,El Salvador,Decile 2,Rural,2019
6.699999809265137,26,,SLV,331,230,29189,923,El Salvador,Decile 3,Rural,2019
7.699999809265137,26,,SLV,331,230,29189,924,El Salvador,Decile 4,Rural,2019
8.699999809265137,26,,SLV,331,230,29189,925,El Salvador,Decile 5,Rural,2019
9.5,26,,SLV,331,230,29189,926,El Salvador,Decile 6,Rural,2019
11.199999809265137,26,,SLV,331,230,29189,927,El Salvador,Decile 7,Rural,2019
12.899999618530273,26,,SLV,331,230,29189,928,El Salvador,Decile 8,Rural,2019
14.5,26,,SLV,331,230,29189,929,El Salvador,Decile 9,Rural,2019
3.200000047683716,26,,SLV,330,230,29189,921,El Salvador,Decile 1,Urban,2019
24,26,,SLV,330,230,29189,930,El Salvador,Decile 10,Urban,2019
4.900000095367432,26,,SLV,330,230,29189,922,El Salvador,Decile 2,Urban,2019
5.900000095367432,26,,SLV,330,230,29189,923,El Salvador,Decile 3,Urban,2019
6.900000095367432,26,,SLV,330,230,29189,924,El Salvador,Decile 4,Urban,2019
8,26,,SLV,330,230,29189,925,El Salvador,Decile 5,Urban,2019
9.100000381469727,26,,SLV,330,230,29189,926,El Salvador,Decile 6,Urban,2019
10.699999809265137,26,,SLV,330,230,29189,927,El Salvador,Decile 7,Urban,2019
12.100000381469727,26,,SLV,330,230,29189,928,El Salvador,Decile 8,Urban,2019
15.199999809265137,26,,SLV,330,230,29189,929,El Salvador,Decile 9,Urban,2019
1.899999976158142,26,,SLV,327,230,29190,921,El Salvador,Decile 1,National,2020
26.899999618530273,26,,SLV,327,230,29190,930,El Salvador,Decile 10,National,2020
4.199999809265137,26,,SLV,327,230,29190,922,El Salvador,Decile 2,National,2020
5.5,26,,SLV,327,230,29190,923,El Salvador,Decile 3,National,2020
6.699999809265137,26,,SLV,327,230,29190,924,El Salvador,Decile 4,National,2020
8,26,,SLV,327,230,29190,925,El Salvador,Decile 5,National,2020
9.399999618530273,26,,SLV,327,230,29190,926,El Salvador,Decile 6,National,2020
10.600000381469727,26,,SLV,327,230,29190,927,El Salvador,Decile 7,National,2020
12.100000381469727,26,,SLV,327,230,29190,928,El Salvador,Decile 8,National,2020
14.699999809265137,26,,SLV,327,230,29190,929,El Salvador,Decile 9,National,2020
1.899999976158142,26,,SLV,331,230,29190,921,El Salvador,Decile 1,Rural,2020
22,26,,SLV,331,230,29190,930,El Salvador,Decile 10,Rural,2020
4.300000190734863,26,,SLV,331,230,29190,922,El Salvador,Decile 2,Rural,2020
6,26,,SLV,331,230,29190,923,El Salvador,Decile 3,Rural,2020
7.300000190734863,26,,SLV,331,230,29190,924,El Salvador,Decile 4,Rural,2020
8.199999809265137,26,,SLV,331,230,29190,925,El Salvador,Decile 5,Rural,2020
9.699999809265137,26,,SLV,331,230,29190,926,El Salvador,Decile 6,Rural,2020
11.399999618530273,26,,SLV,331,230,29190,927,El Salvador,Decile 7,Rural,2020
13.699999809265137,26,,SLV,331,230,29190,928,El Salvador,Decile 8,Rural,2020
15.399999618530273,26,,SLV,331,230,29190,929,El Salvador,Decile 9,Rural,2020
2.299999952316284,26,,SLV,330,230,29190,921,El Salvador,Decile 1,Urban,2020
26.5,26,,SLV,330,230,29190,930,El Salvador,Decile 10,Urban,2020
4.5,26,,SLV,330,230,29190,922,El Salvador,Decile 2,Urban,2020
5.900000095367432,26,,SLV,330,230,29190,923,El Salvador,Decile 3,Urban,2020
7,26,,SLV,330,230,29190,924,El Salvador,Decile 4,Urban,2020
8.199999809265137,26,,SLV,330,230,29190,925,El Salvador,Decile 5,Urban,2020
8.800000190734863,26,,SLV,330,230,29190,926,El Salvador,Decile 6,Urban,2020
10.399999618530273,26,,SLV,330,230,29190,927,El Salvador,Decile 7,Urban,2020
11.899999618530273,26,,SLV,330,230,29190,928,El Salvador,Decile 8,Urban,2020
14.5,26,,SLV,330,230,29190,929,El Salvador,Decile 9,Urban,2020
2,26,,SLV,327,230,29191,921,El Salvador,Decile 1,National,2021
23.899999618530273,26,,SLV,327,230,29191,930,El Salvador,Decile 10,National,2021
4.400000095367432,26,,SLV,327,230,29191,922,El Salvador,Decile 2,National,2021
5.699999809265137,26,,SLV,327,230,29191,923,El Salvador,Decile 3,National,2021
7.099999904632568,26,,SLV,327,230,29191,924,El Salvador,Decile 4,National,2021
8.199999809265137,26,,SLV,327,230,29191,925,El Salvador,Decile 5,National,2021
9.600000381469727,26,,SLV,327,230,29191,926,El Salvador,Decile 6,National,2021
11.199999809265137,26,,SLV,327,230,29191,927,El Salvador,Decile 7,National,2021
13,26,,SLV,327,230,29191,928,El Salvador,Decile 8,National,2021
14.800000190734863,26,,SLV,327,230,29191,929,El Salvador,Decile 9,National,2021
1.7000000476837158,26,,SLV,331,230,29191,921,El Salvador,Decile 1,Rural,2021
21.799999237060547,26,,SLV,331,230,29191,930,El Salvador,Decile 10,Rural,2021
4.300000190734863,26,,SLV,331,230,29191,922,El Salvador,Decile 2,Rural,2021
5.900000095367432,26,,SLV,331,230,29191,923,El Salvador,Decile 3,Rural,2021
7.199999809265137,26,,SLV,331,230,29191,924,El Salvador,Decile 4,Rural,2021
8.5,26,,SLV,331,230,29191,925,El Salvador,Decile 5,Rural,2021
10,26,,SLV,331,230,29191,926,El Salvador,Decile 6,Rural,2021
11.699999809265137,26,,SLV,331,230,29191,927,El Salvador,Decile 7,Rural,2021
13.5,26,,SLV,331,230,29191,928,El Salvador,Decile 8,Rural,2021
15.399999618530273,26,,SLV,331,230,29191,929,El Salvador,Decile 9,Rural,2021
2.5999999046325684,26,,SLV,330,230,29191,921,El Salvador,Decile 1,Urban,2021
23.5,26,,SLV,330,230,29191,930,El Salvador,Decile 10,Urban,2021
4.800000190734863,26,,SLV,330,230,29191,922,El Salvador,Decile 2,Urban,2021
6.199999809265137,26,,SLV,330,230,29191,923,El Salvador,Decile 3,Urban,2021
7.199999809265137,26,,SLV,330,230,29191,924,El Salvador,Decile 4,Urban,2021
8.300000190734863,26,,SLV,330,230,29191,925,El Salvador,Decile 5,Urban,2021
10.100000381469727,26,,SLV,330,230,29191,926,El Salvador,Decile 6,Urban,2021
11.100000381469727,26,,SLV,330,230,29191,927,El Salvador,Decile 7,Urban,2021
12.399999618530273,26,,SLV,330,230,29191,928,El Salvador,Decile 8,Urban,2021
13.800000190734863,26,,SLV,330,230,29191,929,El Salvador,Decile 9,Urban,2021
2,26,,SLV,327,230,29192,921,El Salvador,Decile 1,National,2022
23.799999237060547,26,,SLV,327,230,29192,930,El Salvador,Decile 10,National,2022
4.400000095367432,26,,SLV,327,230,29192,922,El Salvador,Decile 2,National,2022
5.699999809265137,26,,SLV,327,230,29192,923,El Salvador,Decile 3,National,2022
7.099999904632568,26,,SLV,327,230,29192,924,El Salvador,Decile 4,National,2022
8.699999809265137,26,,SLV,327,230,29192,925,El Salvador,Decile 5,National,2022
9.699999809265137,26,,SLV,327,230,29192,926,El Salvador,Decile 6,National,2022
11,26,,SLV,327,230,29192,927,El Salvador,Decile 7,National,2022
12.899999618530273,26,,SLV,327,230,29192,928,El Salvador,Decile 8,National,2022
14.800000190734863,26,,SLV,327,230,29192,929,El Salvador,Decile 9,National,2022
1.7999999523162842,26,,SLV,331,230,29192,921,El Salvador,Decile 1,Rural,2022
21.899999618530273,26,,SLV,331,230,29192,930,El Salvador,Decile 10,Rural,2022
4.400000095367432,26,,SLV,331,230,29192,922,El Salvador,Decile 2,Rural,2022
5.800000190734863,26,,SLV,331,230,29192,923,El Salvador,Decile 3,Rural,2022
7.400000095367432,26,,SLV,331,230,29192,924,El Salvador,Decile 4,Rural,2022
8.699999809265137,26,,SLV,331,230,29192,925,El Salvador,Decile 5,Rural,2022
10.100000381469727,26,,SLV,331,230,29192,926,El Salvador,Decile 6,Rural,2022
11.600000381469727,26,,SLV,331,230,29192,927,El Salvador,Decile 7,Rural,2022
13.300000190734863,26,,SLV,331,230,29192,928,El Salvador,Decile 8,Rural,2022
15,26,,SLV,331,230,29192,929,El Salvador,Decile 9,Rural,2022
2.4000000953674316,26,,SLV,330,230,29192,921,El Salvador,Decile 1,Urban,2022
22.399999618530273,26,,SLV,330,230,29192,930,El Salvador,Decile 10,Urban,2022
4.599999904632568,26,,SLV,330,230,29192,922,El Salvador,Decile 2,Urban,2022
6.099999904632568,26,,SLV,330,230,29192,923,El Salvador,Decile 3,Urban,2022
7.599999904632568,26,,SLV,330,230,29192,924,El Salvador,Decile 4,Urban,2022
8.699999809265137,26,,SLV,330,230,29192,925,El Salvador,Decile 5,Urban,2022
9.600000381469727,26,,SLV,330,230,29192,926,El Salvador,Decile 6,Urban,2022
11.100000381469727,26,,SLV,330,230,29192,927,El Salvador,Decile 7,Urban,2022
12.5,26,,SLV,330,230,29192,928,El Salvador,Decile 8,Urban,2022
15,26,,SLV,330,230,29192,929,El Salvador,Decile 9,Urban,2022
1.899999976158142,26,,SLV,327,230,29193,921,El Salvador,Decile 1,National,2023
25.200000762939453,26,,SLV,327,230,29193,930,El Salvador,Decile 10,National,2023
4.199999809265137,26,,SLV,327,230,29193,922,El Salvador,Decile 2,National,2023
5.800000190734863,26,,SLV,327,230,29193,923,El Salvador,Decile 3,National,2023
6.900000095367432,26,,SLV,327,230,29193,924,El Salvador,Decile 4,National,2023
7.900000095367432,26,,SLV,327,230,29193,925,El Salvador,Decile 5,National,2023
9.300000190734863,26,,SLV,327,230,29193,926,El Salvador,Decile 6,National,2023
11,26,,SLV,327,230,29193,927,El Salvador,Decile 7,National,2023
12.699999809265137,26,,SLV,327,230,29193,928,El Salvador,Decile 8,National,2023
15,26,,SLV,327,230,29193,929,El Salvador,Decile 9,National,2023
1.899999976158142,26,,SLV,331,230,29193,921,El Salvador,Decile 1,Rural,2023
22.799999237060547,26,,SLV,331,230,29193,930,El Salvador,Decile 10,Rural,2023
4.300000190734863,26,,SLV,331,230,29193,922,El Salvador,Decile 2,Rural,2023
6,26,,SLV,331,230,29193,923,El Salvador,Decile 3,Rural,2023
7.400000095367432,26,,SLV,331,230,29193,924,El Salvador,Decile 4,Rural,2023
8.5,26,,SLV,331,230,29193,925,El Salvador,Decile 5,Rural,2023
10,26,,SLV,331,230,29193,926,El Salvador,Decile 6,Rural,2023
11.100000381469727,26,,SLV,331,230,29193,927,El Salvador,Decile 7,Rural,2023
13,26,,SLV,331,230,29193,928,El Salvador,Decile 8,Rural,2023
14.899999618530273,26,,SLV,331,230,29193,929,El Salvador,Decile 9,Rural,2023
2.299999952316284,26,,SLV,330,230,29193,921,El Salvador,Decile 1,Urban,2023
24.100000381469727,26,,SLV,330,230,29193,930,El Salvador,Decile 10,Urban,2023
4.599999904632568,26,,SLV,330,230,29193,922,El Salvador,Decile 2,Urban,2023
6,26,,SLV,330,230,29193,923,El Salvador,Decile 3,Urban,2023
7,26,,SLV,330,230,29193,924,El Salvador,Decile 4,Urban,2023
8.199999809265137,26,,SLV,330,230,29193,925,El Salvador,Decile 5,Urban,2023
9.800000190734863,26,,SLV,330,230,29193,926,El Salvador,Decile 6,Urban,2023
10.600000381469727,26,,SLV,330,230,29193,927,El Salvador,Decile 7,Urban,2023
12,26,,SLV,330,230,29193,928,El Salvador,Decile 8,Urban,2023
15.600000381469727,26,,SLV,330,230,29193,929,El Salvador,Decile 9,Urban,2023
0.5,26,,GTM,327,235,29170,921,Guatemala,Decile 1,National,2000
45.5,26,,GTM,327,235,29170,930,Guatemala,Decile 10,National,2000
1.7000000476837158,26,,GTM,327,235,29170,922,Guatemala,Decile 2,National,2000
2.799999952316284,26,,GTM,327,235,29170,923,Guatemala,Decile 3,National,2000
4.099999904632568,26,,GTM,327,235,29170,924,Guatemala,Decile 4,National,2000
5.099999904632568,26,,GTM,327,235,29170,925,Guatemala,Decile 5,National,2000
6.5,26,,GTM,327,235,29170,926,Guatemala,Decile 6,National,2000
8,26,,GTM,327,235,29170,927,Guatemala,Decile 7,National,2000
10.699999809265137,26,,GTM,327,235,29170,928,Guatemala,Decile 8,National,2000
15,26,,GTM,327,235,29170,929,Guatemala,Decile 9,National,2000
0.6000000238418579,26,,GTM,331,235,29170,921,Guatemala,Decile 1,Rural,2000
43.900001525878906,26,,GTM,331,235,29170,930,Guatemala,Decile 10,Rural,2000
1.7999999523162842,26,,GTM,331,235,29170,922,Guatemala,Decile 2,Rural,2000
3,26,,GTM,331,235,29170,923,Guatemala,Decile 3,Rural,2000
4.300000190734863,26,,GTM,331,235,29170,924,Guatemala,Decile 4,Rural,2000
5.599999904632568,26,,GTM,331,235,29170,925,Guatemala,Decile 5,Rural,2000
7.300000190734863,26,,GTM,331,235,29170,926,Guatemala,Decile 6,Rural,2000
8.399999618530273,26,,GTM,331,235,29170,927,Guatemala,Decile 7,Rural,2000
11.199999809265137,26,,GTM,331,235,29170,928,Guatemala,Decile 8,Rural,2000
13.800000190734863,26,,GTM,331,235,29170,929,Guatemala,Decile 9,Rural,2000
1.100000023841858,26,,GTM,330,235,29170,921,Guatemala,Decile 1,Urban,2000
40,26,,GTM,330,235,29170,930,Guatemala,Decile 10,Urban,2000
3,26,,GTM,330,235,29170,922,Guatemala,Decile 2,Urban,2000
3.5,26,,GTM,330,235,29170,923,Guatemala,Decile 3,Urban,2000
4.699999809265137,26,,GTM,330,235,29170,924,Guatemala,Decile 4,Urban,2000
5.599999904632568,26,,GTM,330,235,29170,925,Guatemala,Decile 5,Urban,2000
7.300000190734863,26,,GTM,330,235,29170,926,Guatemala,Decile 6,Urban,2000
8.300000190734863,26,,GTM,330,235,29170,927,Guatemala,Decile 7,Urban,2000
11.100000381469727,26,,GTM,330,235,29170,928,Guatemala,Decile 8,Urban,2000
15.300000190734863,26,,GTM,330,235,29170,929,Guatemala,Decile 9,Urban,2000
1.600000023841858,26,,GTM,327,235,29176,921,Guatemala,Decile 1,National,2006
36,26,,GTM,327,235,29176,930,Guatemala,Decile 10,National,2006
2.799999952316284,26,,GTM,327,235,29176,922,Guatemala,Decile 2,National,2006
4.099999904632568,26,,GTM,327,235,29176,923,Guatemala,Decile 3,National,2006
5.099999904632568,26,,GTM,327,235,29176,924,Guatemala,Decile 4,National,2006
6.400000095367432,26,,GTM,327,235,29176,925,Guatemala,Decile 5,National,2006
7.699999809265137,26,,GTM,327,235,29176,926,Guatemala,Decile 6,National,2006
9.699999809265137,26,,GTM,327,235,29176,927,Guatemala,Decile 7,National,2006
11.300000190734863,26,,GTM,327,235,29176,928,Guatemala,Decile 8,National,2006
15.300000190734863,26,,GTM,327,235,29176,929,Guatemala,Decile 9,National,2006
2,26,,GTM,331,235,29176,921,Guatemala,Decile 1,Rural,2006
31.600000381469727,26,,GTM,331,235,29176,930,Guatemala,Decile 10,Rural,2006
3.4000000953674316,26,,GTM,331,235,29176,922,Guatemala,Decile 2,Rural,2006
4.199999809265137,26,,GTM,331,235,29176,923,Guatemala,Decile 3,Rural,2006
5.599999904632568,26,,GTM,331,235,29176,924,Guatemala,Decile 4,Rural,2006
7.099999904632568,26,,GTM,331,235,29176,925,Guatemala,Decile 5,Rural,2006
7.900000095367432,26,,GTM,331,235,29176,926,Guatemala,Decile 6,Rural,2006
10.199999809265137,26,,GTM,331,235,29176,927,Guatemala,Decile 7,Rural,2006
12.399999618530273,26,,GTM,331,235,29176,928,Guatemala,Decile 8,Rural,2006
15.699999809265137,26,,GTM,331,235,29176,929,Guatemala,Decile 9,Rural,2006
2,26,,GTM,330,235,29176,921,Guatemala,Decile 1,Urban,2006
34.29999923706055,26,,GTM,330,235,29176,930,Guatemala,Decile 10,Urban,2006
3.5999999046325684,26,,GTM,330,235,29176,922,Guatemala,Decile 2,Urban,2006
4.800000190734863,26,,GTM,330,235,29176,923,Guatemala,Decile 3,Urban,2006
5.400000095367432,26,,GTM,330,235,29176,924,Guatemala,Decile 4,Urban,2006
6.900000095367432,26,,GTM,330,235,29176,925,Guatemala,Decile 5,Urban,2006
8.199999809265137,26,,GTM,330,235,29176,926,Guatemala,Decile 6,Urban,2006
9.100000381469727,26,,GTM,330,235,29176,927,Guatemala,Decile 7,Urban,2006
10.600000381469727,26,,GTM,330,235,29176,928,Guatemala,Decile 8,Urban,2006
15.300000190734863,26,,GTM,330,235,29176,929,Guatemala,Decile 9,Urban,2006
1.899999976158142,26,,GTM,327,235,29184,921,Guatemala,Decile 1,National,2014
35.20000076293945,26,,GTM,327,235,29184,930,Guatemala,Decile 10,National,2014
3.299999952316284,26,,GTM,327,235,29184,922,Guatemala,Decile 2,National,2014
4.400000095367432,26,,GTM,327,235,29184,923,Guatemala,Decile 3,National,2014
5.199999809265137,26,,GTM,327,235,29184,924,Guatemala,Decile 4,National,2014
6.5,26,,GTM,327,235,29184,925,Guatemala,Decile 5,National,2014
7.699999809265137,26,,GTM,327,235,29184,926,Guatemala,Decile 6,National,2014
9.100000381469727,26,,GTM,327,235,29184,927,Guatemala,Decile 7,National,2014
11.199999809265137,26,,GTM,327,235,29184,928,Guatemala,Decile 8,National,2014
15.5,26,,GTM,327,235,29184,929,Guatemala,Decile 9,National,2014
2.299999952316284,26,,GTM,331,235,29184,921,Guatemala,Decile 1,Rural,2014
30.700000762939453,26,,GTM,331,235,29184,930,Guatemala,Decile 10,Rural,2014
4,26,,GTM,331,235,29184,922,Guatemala,Decile 2,Rural,2014
5.199999809265137,26,,GTM,331,235,29184,923,Guatemala,Decile 3,Rural,2014
6.099999904632568,26,,GTM,331,235,29184,924,Guatemala,Decile 4,Rural,2014
7.300000190734863,26,,GTM,331,235,29184,925,Guatemala,Decile 5,Rural,2014
8.199999809265137,26,,GTM,331,235,29184,926,Guatemala,Decile 6,Rural,2014
10.100000381469727,26,,GTM,331,235,29184,927,Guatemala,Decile 7,Rural,2014
11.899999618530273,26,,GTM,331,235,29184,928,Guatemala,Decile 8,Rural,2014
14.300000190734863,26,,GTM,331,235,29184,929,Guatemala,Decile 9,Rural,2014
2.0999999046325684,26,,GTM,330,235,29184,921,Guatemala,Decile 1,Urban,2014
34.5,26,,GTM,330,235,29184,930,Guatemala,Decile 10,Urban,2014
3.700000047683716,26,,GTM,330,235,29184,922,Guatemala,Decile 2,Urban,2014
4.5,26,,GTM,330,235,29184,923,Guatemala,Decile 3,Urban,2014
5.800000190734863,26,,GTM,330,235,29184,924,Guatemala,Decile 4,Urban,2014
6.5,26,,GTM,330,235,29184,925,Guatemala,Decile 5,Urban,2014
7.900000095367432,26,,GTM,330,235,29184,926,Guatemala,Decile 6,Urban,2014
9.199999809265137,26,,GTM,330,235,29184,927,Guatemala,Decile 7,Urban,2014
11.899999618530273,26,,GTM,330,235,29184,928,Guatemala,Decile 8,Urban,2014
14.100000381469727,26,,GTM,330,235,29184,929,Guatemala,Decile 9,Urban,2014
1,26,,GTM,327,235,29193,921,Guatemala,Decile 1,National,2023
28.100000381469727,26,,GTM,327,235,29193,930,Guatemala,Decile 10,National,2023
3.200000047683716,26,,GTM,327,235,29193,922,Guatemala,Decile 2,National,2023
4.800000190734863,26,,GTM,327,235,29193,923,Guatemala,Decile 3,National,2023
5.900000095367432,26,,GTM,327,235,29193,924,Guatemala,Decile 4,National,2023
7.199999809265137,26,,GTM,327,235,29193,925,Guatemala,Decile 5,National,2023
8.800000190734863,26,,GTM,327,235,29193,926,Guatemala,Decile 6,National,2023
10.699999809265137,26,,GTM,327,235,29193,927,Guatemala,Decile 7,National,2023
12.899999618530273,26,,GTM,327,235,29193,928,Guatemala,Decile 8,National,2023
17.399999618530273,26,,GTM,327,235,29193,929,Guatemala,Decile 9,National,2023
0.699999988079071,26,,GTM,331,235,29193,921,Guatemala,Decile 1,Rural,2023
27.100000381469727,26,,GTM,331,235,29193,930,Guatemala,Decile 10,Rural,2023
3.4000000953674316,26,,GTM,331,235,29193,922,Guatemala,Decile 2,Rural,2023
4.900000095367432,26,,GTM,331,235,29193,923,Guatemala,Decile 3,Rural,2023
6.5,26,,GTM,331,235,29193,924,Guatemala,Decile 4,Rural,2023
8.100000381469727,26,,GTM,331,235,29193,925,Guatemala,Decile 5,Rural,2023
8.899999618530273,26,,GTM,331,235,29193,926,Guatemala,Decile 6,Rural,2023
10.800000190734863,26,,GTM,331,235,29193,927,Guatemala,Decile 7,Rural,2023
12.899999618530273,26,,GTM,331,235,29193,928,Guatemala,Decile 8,Rural,2023
16.700000762939453,26,,GTM,331,235,29193,929,Guatemala,Decile 9,Rural,2023
1.399999976158142,26,,GTM,330,235,29193,921,Guatemala,Decile 1,Urban,2023
26.799999237060547,26,,GTM,330,235,29193,930,Guatemala,Decile 10,Urban,2023
3.5,26,,GTM,330,235,29193,922,Guatemala,Decile 2,Urban,2023
4.900000095367432,26,,GTM,330,235,29193,923,Guatemala,Decile 3,Urban,2023
6.099999904632568,26,,GTM,330,235,29193,924,Guatemala,Decile 4,Urban,2023
7.800000190734863,26,,GTM,330,235,29193,925,Guatemala,Decile 5,Urban,2023
8.899999618530273,26,,GTM,330,235,29193,926,Guatemala,Decile 6,Urban,2023
10.399999618530273,26,,GTM,330,235,29193,927,Guatemala,Decile 7,Urban,2023
13.199999809265137,26,,GTM,330,235,29193,928,Guatemala,Decile 8,Urban,2023
17.100000381469727,26,,GTM,330,235,29193,929,Guatemala,Decile 9,Urban,2023
1.600000023841858,26,355,HND,327,239,29171,921,Honduras,Decile 1,National,2001
35,26,355,HND,327,239,29171,930,Honduras,Decile 10,National,2001
2.799999952316284,26,355,HND,327,239,29171,922,Honduras,Decile 2,National,2001
3.9000000953674316,26,355,HND,327,239,29171,923,Honduras,Decile 3,National,2001
5,26,355,HND,327,239,29171,924,Honduras,Decile 4,National,2001
6.099999904632568,26,355,HND,327,239,29171,925,Honduras,Decile 5,National,2001
7.699999809265137,26,355,HND,327,239,29171,926,Honduras,Decile 6,National,2001
9.699999809265137,26,355,HND,327,239,29171,927,Honduras,Decile 7,National,2001
11.899999618530273,26,355,HND,327,239,29171,928,Honduras,Decile 8,National,2001
16.299999237060547,26,355,HND,327,239,29171,929,Honduras,Decile 9,National,2001
2,26,355,HND,331,239,29171,921,Honduras,Decile 1,Rural,2001
35.29999923706055,26,355,HND,331,239,29171,930,Honduras,Decile 10,Rural,2001
3.4000000953674316,26,355,HND,331,239,29171,922,Honduras,Decile 2,Rural,2001
4.300000190734863,26,355,HND,331,239,29171,923,Honduras,Decile 3,Rural,2001
5.199999809265137,26,355,HND,331,239,29171,924,Honduras,Decile 4,Rural,2001
6.400000095367432,26,355,HND,331,239,29171,925,Honduras,Decile 5,Rural,2001
7.699999809265137,26,355,HND,331,239,29171,926,Honduras,Decile 6,Rural,2001
9,26,355,HND,331,239,29171,927,Honduras,Decile 7,Rural,2001
11.100000381469727,26,355,HND,331,239,29171,928,Honduras,Decile 8,Rural,2001
15.5,26,355,HND,331,239,29171,929,Honduras,Decile 9,Rural,2001
1.899999976158142,26,355,HND,330,239,29171,921,Honduras,Decile 1,Urban,2001
32.20000076293945,26,355,HND,330,239,29171,930,Honduras,Decile 10,Urban,2001
3.5999999046325684,26,355,HND,330,239,29171,922,Honduras,Decile 2,Urban,2001
4.900000095367432,26,355,HND,330,239,29171,923,Honduras,Decile 3,Urban,2001
5.900000095367432,26,355,HND,330,239,29171,924,Honduras,Decile 4,Urban,2001
6.900000095367432,26,355,HND,330,239,29171,925,Honduras,Decile 5,Urban,2001
8.5,26,355,HND,330,239,29171,926,Honduras,Decile 6,Urban,2001
9.199999809265137,26,355,HND,330,239,29171,927,Honduras,Decile 7,Urban,2001
11.699999809265137,26,355,HND,330,239,29171,928,Honduras,Decile 8,Urban,2001
15.199999809265137,26,355,HND,330,239,29171,929,Honduras,Decile 9,Urban,2001
1.2999999523162842,26,355,HND,327,239,29174,921,Honduras,Decile 1,National,2004
39.79999923706055,26,355,HND,327,239,29174,930,Honduras,Decile 10,National,2004
2.5999999046325684,26,355,HND,327,239,29174,922,Honduras,Decile 2,National,2004
3.5,26,355,HND,327,239,29174,923,Honduras,Decile 3,National,2004
4.400000095367432,26,355,HND,327,239,29174,924,Honduras,Decile 4,National,2004
5.800000190734863,26,355,HND,327,239,29174,925,Honduras,Decile 5,National,2004
6.900000095367432,26,355,HND,327,239,29174,926,Honduras,Decile 6,National,2004
8.399999618530273,26,355,HND,327,239,29174,927,Honduras,Decile 7,National,2004
11.300000190734863,26,355,HND,327,239,29174,928,Honduras,Decile 8,National,2004
16,26,355,HND,327,239,29174,929,Honduras,Decile 9,National,2004
1.5,26,355,HND,331,239,29174,921,Honduras,Decile 1,Rural,2004
42.400001525878906,26,355,HND,331,239,29174,930,Honduras,Decile 10,Rural,2004
3.299999952316284,26,355,HND,331,239,29174,922,Honduras,Decile 2,Rural,2004
4,26,355,HND,331,239,29174,923,Honduras,Decile 3,Rural,2004
4.800000190734863,26,355,HND,331,239,29174,924,Honduras,Decile 4,Rural,2004
5.599999904632568,26,355,HND,331,239,29174,925,Honduras,Decile 5,Rural,2004
6.5,26,355,HND,331,239,29174,926,Honduras,Decile 6,Rural,2004
8.699999809265137,26,355,HND,331,239,29174,927,Honduras,Decile 7,Rural,2004
9.699999809265137,26,355,HND,331,239,29174,928,Honduras,Decile 8,Rural,2004
13.699999809265137,26,355,HND,331,239,29174,929,Honduras,Decile 9,Rural,2004
1.5,26,355,HND,330,239,29174,921,Honduras,Decile 1,Urban,2004
33.400001525878906,26,355,HND,330,239,29174,930,Honduras,Decile 10,Urban,2004
3.299999952316284,26,355,HND,330,239,29174,922,Honduras,Decile 2,Urban,2004
4.300000190734863,26,355,HND,330,239,29174,923,Honduras,Decile 3,Urban,2004
5.400000095367432,26,355,HND,330,239,29174,924,Honduras,Decile 4,Urban,2004
6.099999904632568,26,355,HND,330,239,29174,925,Honduras,Decile 5,Urban,2004
7.699999809265137,26,355,HND,330,239,29174,926,Honduras,Decile 6,Urban,2004
9.300000190734863,26,355,HND,330,239,29174,927,Honduras,Decile 7,Urban,2004
12.399999618530273,26,355,HND,330,239,29174,928,Honduras,Decile 8,Urban,2004
16.5,26,355,HND,330,239,29174,929,Honduras,Decile 9,Urban,2004
1.100000023841858,26,355,HND,327,239,29175,921,Honduras,Decile 1,National,2005
39.599998474121094,26,355,HND,327,239,29175,930,Honduras,Decile 10,National,2005
2.5999999046325684,26,355,HND,327,239,29175,922,Honduras,Decile 2,National,2005
3.5,26,355,HND,327,239,29175,923,Honduras,Decile 3,National,2005
4.699999809265137,26,355,HND,327,239,29175,924,Honduras,Decile 4,National,2005
5.900000095367432,26,355,HND,327,239,29175,925,Honduras,Decile 5,National,2005
7,26,355,HND,327,239,29175,926,Honduras,Decile 6,National,2005
8.899999618530273,26,355,HND,327,239,29175,927,Honduras,Decile 7,National,2005
11.199999809265137,26,355,HND,327,239,29175,928,Honduras,Decile 8,National,2005
15.5,26,355,HND,327,239,29175,929,Honduras,Decile 9,National,2005
1.100000023841858,26,355,HND,331,239,29175,921,Honduras,Decile 1,Rural,2005
39.900001525878906,26,355,HND,331,239,29175,930,Honduras,Decile 10,Rural,2005
2.9000000953674316,26,355,HND,331,239,29175,922,Honduras,Decile 2,Rural,2005
4.199999809265137,26,355,HND,331,239,29175,923,Honduras,Decile 3,Rural,2005
5.099999904632568,26,355,HND,331,239,29175,924,Honduras,Decile 4,Rural,2005
5.699999809265137,26,355,HND,331,239,29175,925,Honduras,Decile 5,Rural,2005
7.199999809265137,26,355,HND,331,239,29175,926,Honduras,Decile 6,Rural,2005
8.699999809265137,26,355,HND,331,239,29175,927,Honduras,Decile 7,Rural,2005
10.5,26,355,HND,331,239,29175,928,Honduras,Decile 8,Rural,2005
14.699999809265137,26,355,HND,331,239,29175,929,Honduras,Decile 9,Rural,2005
1.600000023841858,26,355,HND,330,239,29175,921,Honduras,Decile 1,Urban,2005
34.79999923706055,26,355,HND,330,239,29175,930,Honduras,Decile 10,Urban,2005
3.5,26,355,HND,330,239,29175,922,Honduras,Decile 2,Urban,2005
4.5,26,355,HND,330,239,29175,923,Honduras,Decile 3,Urban,2005
5.400000095367432,26,355,HND,330,239,29175,924,Honduras,Decile 4,Urban,2005
6.5,26,355,HND,330,239,29175,925,Honduras,Decile 5,Urban,2005
7.400000095367432,26,355,HND,330,239,29175,926,Honduras,Decile 6,Urban,2005
9,26,355,HND,330,239,29175,927,Honduras,Decile 7,Urban,2005
11.300000190734863,26,355,HND,330,239,29175,928,Honduras,Decile 8,Urban,2005
16,26,355,HND,330,239,29175,929,Honduras,Decile 9,Urban,2005
2.200000047683716,26,355,HND,327,239,29179,921,Honduras,Decile 1,National,2009
32.900001525878906,26,355,HND,327,239,29179,930,Honduras,Decile 10,National,2009
3.299999952316284,26,355,HND,327,239,29179,922,Honduras,Decile 2,National,2009
4.400000095367432,26,355,HND,327,239,29179,923,Honduras,Decile 3,National,2009
5.400000095367432,26,355,HND,327,239,29179,924,Honduras,Decile 4,National,2009
6.400000095367432,26,355,HND,327,239,29179,925,Honduras,Decile 5,National,2009
7.900000095367432,26,355,HND,327,239,29179,926,Honduras,Decile 6,National,2009
9.5,26,355,HND,327,239,29179,927,Honduras,Decile 7,National,2009
12,26,355,HND,327,239,29179,928,Honduras,Decile 8,National,2009
16.100000381469727,26,355,HND,327,239,29179,929,Honduras,Decile 9,National,2009
2.700000047683716,26,355,HND,331,239,29179,921,Honduras,Decile 1,Rural,2009
31.600000381469727,26,355,HND,331,239,29179,930,Honduras,Decile 10,Rural,2009
4,26,355,HND,331,239,29179,922,Honduras,Decile 2,Rural,2009
5,26,355,HND,331,239,29179,923,Honduras,Decile 3,Rural,2009
5.800000190734863,26,355,HND,331,239,29179,924,Honduras,Decile 4,Rural,2009
6.699999809265137,26,355,HND,331,239,29179,925,Honduras,Decile 5,Rural,2009
7.800000190734863,26,355,HND,331,239,29179,926,Honduras,Decile 6,Rural,2009
9.300000190734863,26,355,HND,331,239,29179,927,Honduras,Decile 7,Rural,2009
11.699999809265137,26,355,HND,331,239,29179,928,Honduras,Decile 8,Rural,2009
15.300000190734863,26,355,HND,331,239,29179,929,Honduras,Decile 9,Rural,2009
2.5,26,355,HND,330,239,29179,921,Honduras,Decile 1,Urban,2009
30.700000762939453,26,355,HND,330,239,29179,930,Honduras,Decile 10,Urban,2009
4,26,355,HND,330,239,29179,922,Honduras,Decile 2,Urban,2009
4.900000095367432,26,355,HND,330,239,29179,923,Honduras,Decile 3,Urban,2009
5.900000095367432,26,355,HND,330,239,29179,924,Honduras,Decile 4,Urban,2009
7,26,355,HND,330,239,29179,925,Honduras,Decile 5,Urban,2009
8.100000381469727,26,355,HND,330,239,29179,926,Honduras,Decile 6,Urban,2009
9.699999809265137,26,355,HND,330,239,29179,927,Honduras,Decile 7,Urban,2009
12.199999809265137,26,355,HND,330,239,29179,928,Honduras,Decile 8,Urban,2009
15,26,355,HND,330,239,29179,929,Honduras,Decile 9,Urban,2009
2.0999999046325684,26,355,HND,327,239,29180,921,Honduras,Decile 1,National,2010
34.79999923706055,26,355,HND,327,239,29180,930,Honduras,Decile 10,National,2010
3.200000047683716,26,355,HND,327,239,29180,922,Honduras,Decile 2,National,2010
4.199999809265137,26,355,HND,327,239,29180,923,Honduras,Decile 3,National,2010
5.199999809265137,26,355,HND,327,239,29180,924,Honduras,Decile 4,National,2010
6.199999809265137,26,355,HND,327,239,29180,925,Honduras,Decile 5,National,2010
7.599999904632568,26,355,HND,327,239,29180,926,Honduras,Decile 6,National,2010
9.100000381469727,26,355,HND,327,239,29180,927,Honduras,Decile 7,National,2010
11.899999618530273,26,355,HND,327,239,29180,928,Honduras,Decile 8,National,2010
15.600000381469727,26,355,HND,327,239,29180,929,Honduras,Decile 9,National,2010
2.700000047683716,26,355,HND,331,239,29180,921,Honduras,Decile 1,Rural,2010
33.599998474121094,26,355,HND,331,239,29180,930,Honduras,Decile 10,Rural,2010
4.099999904632568,26,355,HND,331,239,29180,922,Honduras,Decile 2,Rural,2010
4.599999904632568,26,355,HND,331,239,29180,923,Honduras,Decile 3,Rural,2010
5.800000190734863,26,355,HND,331,239,29180,924,Honduras,Decile 4,Rural,2010
6.699999809265137,26,355,HND,331,239,29180,925,Honduras,Decile 5,Rural,2010
7.699999809265137,26,355,HND,331,239,29180,926,Honduras,Decile 6,Rural,2010
9.199999809265137,26,355,HND,331,239,29180,927,Honduras,Decile 7,Rural,2010
10.899999618530273,26,355,HND,331,239,29180,928,Honduras,Decile 8,Rural,2010
14.699999809265137,26,355,HND,331,239,29180,929,Honduras,Decile 9,Rural,2010
2.299999952316284,26,355,HND,330,239,29180,921,Honduras,Decile 1,Urban,2010
31.600000381469727,26,355,HND,330,239,29180,930,Honduras,Decile 10,Urban,2010
3.700000047683716,26,355,HND,330,239,29180,922,Honduras,Decile 2,Urban,2010
4.699999809265137,26,355,HND,330,239,29180,923,Honduras,Decile 3,Urban,2010
5.599999904632568,26,355,HND,330,239,29180,924,Honduras,Decile 4,Urban,2010
6.900000095367432,26,355,HND,330,239,29180,925,Honduras,Decile 5,Urban,2010
8,26,355,HND,330,239,29180,926,Honduras,Decile 6,Urban,2010
9.5,26,355,HND,330,239,29180,927,Honduras,Decile 7,Urban,2010
11.699999809265137,26,355,HND,330,239,29180,928,Honduras,Decile 8,Urban,2010
15.899999618530273,26,355,HND,330,239,29180,929,Honduras,Decile 9,Urban,2010
1.5,26,355,HND,327,239,29181,921,Honduras,Decile 1,National,2011
38.900001525878906,26,355,HND,327,239,29181,930,Honduras,Decile 10,National,2011
2.799999952316284,26,355,HND,327,239,29181,922,Honduras,Decile 2,National,2011
3.799999952316284,26,355,HND,327,239,29181,923,Honduras,Decile 3,National,2011
4.800000190734863,26,355,HND,327,239,29181,924,Honduras,Decile 4,National,2011
6,26,355,HND,327,239,29181,925,Honduras,Decile 5,National,2011
7,26,355,HND,327,239,29181,926,Honduras,Decile 6,National,2011
8.800000190734863,26,355,HND,327,239,29181,927,Honduras,Decile 7,National,2011
11.100000381469727,26,355,HND,327,239,29181,928,Honduras,Decile 8,National,2011
15.100000381469727,26,355,HND,327,239,29181,929,Honduras,Decile 9,National,2011
1.600000023841858,26,355,HND,331,239,29181,921,Honduras,Decile 1,Rural,2011
44,26,355,HND,331,239,29181,930,Honduras,Decile 10,Rural,2011
3.0999999046325684,26,355,HND,331,239,29181,922,Honduras,Decile 2,Rural,2011
3.799999952316284,26,355,HND,331,239,29181,923,Honduras,Decile 3,Rural,2011
4.699999809265137,26,355,HND,331,239,29181,924,Honduras,Decile 4,Rural,2011
5.300000190734863,26,355,HND,331,239,29181,925,Honduras,Decile 5,Rural,2011
6.699999809265137,26,355,HND,331,239,29181,926,Honduras,Decile 6,Rural,2011
7.800000190734863,26,355,HND,331,239,29181,927,Honduras,Decile 7,Rural,2011
9.699999809265137,26,355,HND,331,239,29181,928,Honduras,Decile 8,Rural,2011
13.300000190734863,26,355,HND,331,239,29181,929,Honduras,Decile 9,Rural,2011
1.600000023841858,26,355,HND,330,239,29181,921,Honduras,Decile 1,Urban,2011
33.70000076293945,26,355,HND,330,239,29181,930,Honduras,Decile 10,Urban,2011
3.5999999046325684,26,355,HND,330,239,29181,922,Honduras,Decile 2,Urban,2011
4.5,26,355,HND,330,239,29181,923,Honduras,Decile 3,Urban,2011
5.599999904632568,26,355,HND,330,239,29181,924,Honduras,Decile 4,Urban,2011
6.5,26,355,HND,330,239,29181,925,Honduras,Decile 5,Urban,2011
8.100000381469727,26,355,HND,330,239,29181,926,Honduras,Decile 6,Urban,2011
9.5,26,355,HND,330,239,29181,927,Honduras,Decile 7,Urban,2011
11.399999618530273,26,355,HND,330,239,29181,928,Honduras,Decile 8,Urban,2011
15.5,26,355,HND,330,239,29181,929,Honduras,Decile 9,Urban,2011
1.5,26,355,HND,327,239,29182,921,Honduras,Decile 1,National,2012
40.29999923706055,26,355,HND,327,239,29182,930,Honduras,Decile 10,National,2012
2.9000000953674316,26,355,HND,327,239,29182,922,Honduras,Decile 2,National,2012
3.700000047683716,26,355,HND,327,239,29182,923,Honduras,Decile 3,National,2012
4.800000190734863,26,355,HND,327,239,29182,924,Honduras,Decile 4,National,2012
5.900000095367432,26,355,HND,327,239,29182,925,Honduras,Decile 5,National,2012
6.900000095367432,26,355,HND,327,239,29182,926,Honduras,Decile 6,National,2012
8.300000190734863,26,355,HND,327,239,29182,927,Honduras,Decile 7,National,2012
10.699999809265137,26,355,HND,327,239,29182,928,Honduras,Decile 8,National,2012
15,26,355,HND,327,239,29182,929,Honduras,Decile 9,National,2012
1.7000000476837158,26,355,HND,331,239,29182,921,Honduras,Decile 1,Rural,2012
40.20000076293945,26,355,HND,331,239,29182,930,Honduras,Decile 10,Rural,2012
3.299999952316284,26,355,HND,331,239,29182,922,Honduras,Decile 2,Rural,2012
4.300000190734863,26,355,HND,331,239,29182,923,Honduras,Decile 3,Rural,2012
5,26,355,HND,331,239,29182,924,Honduras,Decile 4,Rural,2012
6.099999904632568,26,355,HND,331,239,29182,925,Honduras,Decile 5,Rural,2012
7.400000095367432,26,355,HND,331,239,29182,926,Honduras,Decile 6,Rural,2012
8.600000381469727,26,355,HND,331,239,29182,927,Honduras,Decile 7,Rural,2012
10.199999809265137,26,355,HND,331,239,29182,928,Honduras,Decile 8,Rural,2012
13.100000381469727,26,355,HND,331,239,29182,929,Honduras,Decile 9,Rural,2012
1.7000000476837158,26,355,HND,330,239,29182,921,Honduras,Decile 1,Urban,2012
37.79999923706055,26,355,HND,330,239,29182,930,Honduras,Decile 10,Urban,2012
3.0999999046325684,26,355,HND,330,239,29182,922,Honduras,Decile 2,Urban,2012
4.099999904632568,26,355,HND,330,239,29182,923,Honduras,Decile 3,Urban,2012
5,26,355,HND,330,239,29182,924,Honduras,Decile 4,Urban,2012
6.199999809265137,26,355,HND,330,239,29182,925,Honduras,Decile 5,Urban,2012
7.199999809265137,26,355,HND,330,239,29182,926,Honduras,Decile 6,Urban,2012
9,26,355,HND,330,239,29182,927,Honduras,Decile 7,Urban,2012
11.199999809265137,26,355,HND,330,239,29182,928,Honduras,Decile 8,Urban,2012
14.800000190734863,26,355,HND,330,239,29182,929,Honduras,Decile 9,Urban,2012
1.899999976158142,26,355,HND,327,239,29183,921,Honduras,Decile 1,National,2013
35.599998474121094,26,355,HND,327,239,29183,930,Honduras,Decile 10,National,2013
3.299999952316284,26,355,HND,327,239,29183,922,Honduras,Decile 2,National,2013
4.300000190734863,26,355,HND,327,239,29183,923,Honduras,Decile 3,National,2013
5.099999904632568,26,355,HND,327,239,29183,924,Honduras,Decile 4,National,2013
6.5,26,355,HND,327,239,29183,925,Honduras,Decile 5,National,2013
7.5,26,355,HND,327,239,29183,926,Honduras,Decile 6,National,2013
9.100000381469727,26,355,HND,327,239,29183,927,Honduras,Decile 7,National,2013
11.600000381469727,26,355,HND,327,239,29183,928,Honduras,Decile 8,National,2013
15.100000381469727,26,355,HND,327,239,29183,929,Honduras,Decile 9,National,2013
2.200000047683716,26,355,HND,331,239,29183,921,Honduras,Decile 1,Rural,2013
33.900001525878906,26,355,HND,331,239,29183,930,Honduras,Decile 10,Rural,2013
4,26,355,HND,331,239,29183,922,Honduras,Decile 2,Rural,2013
4.900000095367432,26,355,HND,331,239,29183,923,Honduras,Decile 3,Rural,2013
5.599999904632568,26,355,HND,331,239,29183,924,Honduras,Decile 4,Rural,2013
7,26,355,HND,331,239,29183,925,Honduras,Decile 5,Rural,2013
7.599999904632568,26,355,HND,331,239,29183,926,Honduras,Decile 6,Rural,2013
9.100000381469727,26,355,HND,331,239,29183,927,Honduras,Decile 7,Rural,2013
10.600000381469727,26,355,HND,331,239,29183,928,Honduras,Decile 8,Rural,2013
15.199999809265137,26,355,HND,331,239,29183,929,Honduras,Decile 9,Rural,2013
2.0999999046325684,26,355,HND,330,239,29183,921,Honduras,Decile 1,Urban,2013
32.70000076293945,26,355,HND,330,239,29183,930,Honduras,Decile 10,Urban,2013
3.700000047683716,26,355,HND,330,239,29183,922,Honduras,Decile 2,Urban,2013
5,26,355,HND,330,239,29183,923,Honduras,Decile 3,Urban,2013
5.900000095367432,26,355,HND,330,239,29183,924,Honduras,Decile 4,Urban,2013
6.699999809265137,26,355,HND,330,239,29183,925,Honduras,Decile 5,Urban,2013
7.800000190734863,26,355,HND,330,239,29183,926,Honduras,Decile 6,Urban,2013
9.199999809265137,26,355,HND,330,239,29183,927,Honduras,Decile 7,Urban,2013
11.600000381469727,26,355,HND,330,239,29183,928,Honduras,Decile 8,Urban,2013
15.300000190734863,26,355,HND,330,239,29183,929,Honduras,Decile 9,Urban,2013
2.0999999046325684,26,8615,HND,327,239,29184,921,Honduras,Decile 1,National,2014
31.700000762939453,26,8615,HND,327,239,29184,930,Honduras,Decile 10,National,2014
3.4000000953674316,26,8615,HND,327,239,29184,922,Honduras,Decile 2,National,2014
4.599999904632568,26,8615,HND,327,239,29184,923,Honduras,Decile 3,National,2014
5.699999809265137,26,8615,HND,327,239,29184,924,Honduras,Decile 4,National,2014
6.599999904632568,26,8615,HND,327,239,29184,925,Honduras,Decile 5,National,2014
8.100000381469727,26,8615,HND,327,239,29184,926,Honduras,Decile 6,National,2014
9.800000190734863,26,8615,HND,327,239,29184,927,Honduras,Decile 7,National,2014
12.100000381469727,26,8615,HND,327,239,29184,928,Honduras,Decile 8,National,2014
15.899999618530273,26,8615,HND,327,239,29184,929,Honduras,Decile 9,National,2014
2.700000047683716,26,8615,HND,331,239,29184,921,Honduras,Decile 1,Rural,2014
25.100000381469727,26,8615,HND,331,239,29184,930,Honduras,Decile 10,Rural,2014
4.699999809265137,26,8615,HND,331,239,29184,922,Honduras,Decile 2,Rural,2014
5.199999809265137,26,8615,HND,331,239,29184,923,Honduras,Decile 3,Rural,2014
6.5,26,8615,HND,331,239,29184,924,Honduras,Decile 4,Rural,2014
7.800000190734863,26,8615,HND,331,239,29184,925,Honduras,Decile 5,Rural,2014
9.300000190734863,26,8615,HND,331,239,29184,926,Honduras,Decile 6,Rural,2014
10.300000190734863,26,8615,HND,331,239,29184,927,Honduras,Decile 7,Rural,2014
12.600000381469727,26,8615,HND,331,239,29184,928,Honduras,Decile 8,Rural,2014
15.699999809265137,26,8615,HND,331,239,29184,929,Honduras,Decile 9,Rural,2014
2,26,8615,HND,330,239,29184,921,Honduras,Decile 1,Urban,2014
31,26,8615,HND,330,239,29184,930,Honduras,Decile 10,Urban,2014
3.799999952316284,26,8615,HND,330,239,29184,922,Honduras,Decile 2,Urban,2014
4.699999809265137,26,8615,HND,330,239,29184,923,Honduras,Decile 3,Urban,2014
5.900000095367432,26,8615,HND,330,239,29184,924,Honduras,Decile 4,Urban,2014
6.800000190734863,26,8615,HND,330,239,29184,925,Honduras,Decile 5,Urban,2014
8.199999809265137,26,8615,HND,330,239,29184,926,Honduras,Decile 6,Urban,2014
10,26,8615,HND,330,239,29184,927,Honduras,Decile 7,Urban,2014
12.100000381469727,26,8615,HND,330,239,29184,928,Honduras,Decile 8,Urban,2014
15.699999809265137,26,8615,HND,330,239,29184,929,Honduras,Decile 9,Urban,2014
2.0999999046325684,26,8615,HND,327,239,29185,921,Honduras,Decile 1,National,2015
30.899999618530273,26,8615,HND,327,239,29185,930,Honduras,Decile 10,National,2015
3.5,26,8615,HND,327,239,29185,922,Honduras,Decile 2,National,2015
4.599999904632568,26,8615,HND,327,239,29185,923,Honduras,Decile 3,National,2015
5.800000190734863,26,8615,HND,327,239,29185,924,Honduras,Decile 4,National,2015
6.900000095367432,26,8615,HND,327,239,29185,925,Honduras,Decile 5,National,2015
8.199999809265137,26,8615,HND,327,239,29185,926,Honduras,Decile 6,National,2015
9.800000190734863,26,8615,HND,327,239,29185,927,Honduras,Decile 7,National,2015
12.399999618530273,26,8615,HND,327,239,29185,928,Honduras,Decile 8,National,2015
15.699999809265137,26,8615,HND,327,239,29185,929,Honduras,Decile 9,National,2015
2.4000000953674316,26,8615,HND,331,239,29185,921,Honduras,Decile 1,Rural,2015
29.799999237060547,26,8615,HND,331,239,29185,930,Honduras,Decile 10,Rural,2015
12.600000381469727,26,8615,HND,331,239,29191,928,Honduras,Decile 8,Rural,2021
15.399999618530273,26,8615,HND,331,239,29191,929,Honduras,Decile 9,Rural,2021
0.699999988079071,26,8615,HND,330,239,29191,921,Honduras,Decile 1,Urban,2021
30.399999618530273,26,8615,HND,330,239,29191,930,Honduras,Decile 10,Urban,2021
2.799999952316284,26,8615,HND,330,239,29191,922,Honduras,Decile 2,Urban,2021
4.199999809265137,26,8615,HND,330,239,29191,923,Honduras,Decile 3,Urban,2021
6,26,8615,HND,330,239,29191,924,Honduras,Decile 4,Urban,2021
7.300000190734863,26,8615,HND,330,239,29191,925,Honduras,Decile 5,Urban,2021
8.5,26,8615,HND,330,239,29191,926,Honduras,Decile 6,Urban,2021
10.800000190734863,26,8615,HND,330,239,29191,927,Honduras,Decile 7,Urban,2021
12.699999809265137,26,8615,HND,330,239,29191,928,Honduras,Decile 8,Urban,2021
16.700000762939453,26,8615,HND,330,239,29191,929,Honduras,Decile 9,Urban,2021
0.800000011920929,26,8615,HND,327,239,29192,921,Honduras,Decile 1,National,2022
25.700000762939453,26,8615,HND,327,239,29192,930,Honduras,Decile 10,National,2022
2.9000000953674316,26,8615,HND,327,239,29192,922,Honduras,Decile 2,National,2022
4.199999809265137,26,8615,HND,327,239,29192,923,Honduras,Decile 3,National,2022
5.800000190734863,26,8615,HND,327,239,29192,924,Honduras,Decile 4,National,2022
7.300000190734863,26,8615,HND,327,239,29192,925,Honduras,Decile 5,National,2022
9.600000381469727,26,8615,HND,327,239,29192,926,Honduras,Decile 6,National,2022
11.100000381469727,26,8615,HND,327,239,29192,927,Honduras,Decile 7,National,2022
14.300000190734863,26,8615,HND,327,239,29192,928,Honduras,Decile 8,National,2022
18.299999237060547,26,8615,HND,327,239,29192,929,Honduras,Decile 9,National,2022
0.699999988079071,26,8615,HND,331,239,29192,921,Honduras,Decile 1,Rural,2022
27.899999618530273,26,8615,HND,331,239,29192,930,Honduras,Decile 10,Rural,2022
3,26,8615,HND,331,239,29192,922,Honduras,Decile 2,Rural,2022
4.599999904632568,26,8615,HND,331,239,29192,923,Honduras,Decile 3,Rural,2022
5.800000190734863,26,8615,HND,331,239,29192,924,Honduras,Decile 4,Rural,2022
7,26,8615,HND,331,239,29192,925,Honduras,Decile 5,Rural,2022
8.600000381469727,26,8615,HND,331,239,29192,926,Honduras,Decile 6,Rural,2022
10.399999618530273,26,8615,HND,331,239,29192,927,Honduras,Decile 7,Rural,2022
13.399999618530273,26,8615,HND,331,239,29192,928,Honduras,Decile 8,Rural,2022
18.700000762939453,26,8615,HND,331,239,29192,929,Honduras,Decile 9,Rural,2022
1,26,8615,HND,330,239,29192,921,Honduras,Decile 1,Urban,2022
23.600000381469727,26,8615,HND,330,239,29192,930,Honduras,Decile 10,Urban,2022
3.299999952316284,26,8615,HND,330,239,29192,922,Honduras,Decile 2,Urban,2022
5.099999904632568,26,8615,HND,330,239,29192,923,Honduras,Decile 3,Urban,2022
6.699999809265137,26,8615,HND,330,239,29192,924,Honduras,Decile 4,Urban,2022
8.100000381469727,26,8615,HND,330,239,29192,925,Honduras,Decile 5,Urban,2022
9.5,26,8615,HND,330,239,29192,926,Honduras,Decile 6,Urban,2022
11.600000381469727,26,8615,HND,330,239,29192,927,Honduras,Decile 7,Urban,2022
13.300000190734863,26,8615,HND,330,239,29192,928,Honduras,Decile 8,Urban,2022
17.700000762939453,26,8615,HND,330,239,29192,929,Honduras,Decile 9,Urban,2022
1.5,26,8615,HND,327,239,29193,921,Honduras,Decile 1,National,2023
27.100000381469727,26,8615,HND,327,239,29193,930,Honduras,Decile 10,National,2023
3.200000047683716,26,8615,HND,327,239,29193,922,Honduras,Decile 2,National,2023
4.599999904632568,26,8615,HND,327,239,29193,923,Honduras,Decile 3,National,2023
5.800000190734863,26,8615,HND,327,239,29193,924,Honduras,Decile 4,National,2023
7.300000190734863,26,8615,HND,327,239,29193,925,Honduras,Decile 5,National,2023
8.600000381469727,26,8615,HND,327,239,29193,926,Honduras,Decile 6,National,2023
10.800000190734863,26,8615,HND,327,239,29193,927,Honduras,Decile 7,National,2023
13.199999809265137,26,8615,HND,327,239,29193,928,Honduras,Decile 8,National,2023
17.799999237060547,26,8615,HND,327,239,29193,929,Honduras,Decile 9,National,2023
1.600000023841858,26,8615,HND,331,239,29193,921,Honduras,Decile 1,Rural,2023
29.299999237060547,26,8615,HND,331,239,29193,930,Honduras,Decile 10,Rural,2023
3.9000000953674316,26,8615,HND,331,239,29193,922,Honduras,Decile 2,Rural,2023
4.5,26,8615,HND,331,239,29193,923,Honduras,Decile 3,Rural,2023
6.199999809265137,26,8615,HND,331,239,29193,924,Honduras,Decile 4,Rural,2023
7.400000095367432,26,8615,HND,331,239,29193,925,Honduras,Decile 5,Rural,2023
8.5,26,8615,HND,331,239,29193,926,Honduras,Decile 6,Rural,2023
9.399999618530273,26,8615,HND,331,239,29193,927,Honduras,Decile 7,Rural,2023
13.100000381469727,26,8615,HND,331,239,29193,928,Honduras,Decile 8,Rural,2023
16.100000381469727,26,8615,HND,331,239,29193,929,Honduras,Decile 9,Rural,2023
1.2999999523162842,26,8615,HND,330,239,29193,921,Honduras,Decile 1,Urban,2023
24.899999618530273,26,8615,HND,330,239,29193,930,Honduras,Decile 10,Urban,2023
3.5999999046325684,26,8615,HND,330,239,29193,922,Honduras,Decile 2,Urban,2023
5.099999904632568,26,8615,HND,330,239,29193,923,Honduras,Decile 3,Urban,2023
6.400000095367432,26,8615,HND,330,239,29193,924,Honduras,Decile 4,Urban,2023
7.699999809265137,26,8615,HND,330,239,29193,925,Honduras,Decile 5,Urban,2023
9.300000190734863,26,8615,HND,330,239,29193,926,Honduras,Decile 6,Urban,2023
11,26,8615,HND,330,239,29193,927,Honduras,Decile 7,Urban,2023
13.899999618530273,26,8615,HND,330,239,29193,928,Honduras,Decile 8,Urban,2023
16.799999237060547,26,8615,HND,330,239,29193,929,Honduras,Decile 9,Urban,2023
4.199999809265137,26,8615,HND,331,239,29185,922,Honduras,Decile 2,Rural,2015
4.900000095367432,26,8615,HND,331,239,29185,923,Honduras,Decile 3,Rural,2015
6,26,8615,HND,331,239,29185,924,Honduras,Decile 4,Rural,2015
6.800000190734863,26,8615,HND,331,239,29185,925,Honduras,Decile 5,Rural,2015
8.300000190734863,26,8615,HND,331,239,29185,926,Honduras,Decile 6,Rural,2015
9.899999618530273,26,8615,HND,331,239,29185,927,Honduras,Decile 7,Rural,2015
11.699999809265137,26,8615,HND,331,239,29185,928,Honduras,Decile 8,Rural,2015
15.899999618530273,26,8615,HND,331,239,29185,929,Honduras,Decile 9,Rural,2015
2.0999999046325684,26,8615,HND,330,239,29185,921,Honduras,Decile 1,Urban,2015
29.600000381469727,26,8615,HND,330,239,29185,930,Honduras,Decile 10,Urban,2015
4,26,8615,HND,330,239,29185,922,Honduras,Decile 2,Urban,2015
5.099999904632568,26,8615,HND,330,239,29185,923,Honduras,Decile 3,Urban,2015
6.099999904632568,26,8615,HND,330,239,29185,924,Honduras,Decile 4,Urban,2015
7,26,8615,HND,330,239,29185,925,Honduras,Decile 5,Urban,2015
8.5,26,8615,HND,330,239,29185,926,Honduras,Decile 6,Urban,2015
10.100000381469727,26,8615,HND,330,239,29185,927,Honduras,Decile 7,Urban,2015
12.199999809265137,26,8615,HND,330,239,29185,928,Honduras,Decile 8,Urban,2015
15.399999618530273,26,8615,HND,330,239,29185,929,Honduras,Decile 9,Urban,2015
1.7999999523162842,26,8615,HND,327,239,29186,921,Honduras,Decile 1,National,2016
31.100000381469727,26,8615,HND,327,239,29186,930,Honduras,Decile 10,National,2016
3.299999952316284,26,8615,HND,327,239,29186,922,Honduras,Decile 2,National,2016
4.300000190734863,26,8615,HND,327,239,29186,923,Honduras,Decile 3,National,2016
5.699999809265137,26,8615,HND,327,239,29186,924,Honduras,Decile 4,National,2016
6.900000095367432,26,8615,HND,327,239,29186,925,Honduras,Decile 5,National,2016
8.399999618530273,26,8615,HND,327,239,29186,926,Honduras,Decile 6,National,2016
9.899999618530273,26,8615,HND,327,239,29186,927,Honduras,Decile 7,National,2016
12.5,26,8615,HND,327,239,29186,928,Honduras,Decile 8,National,2016
16.200000762939453,26,8615,HND,327,239,29186,929,Honduras,Decile 9,National,2016
2.0999999046325684,26,8615,HND,331,239,29186,921,Honduras,Decile 1,Rural,2016
29.100000381469727,26,8615,HND,331,239,29186,930,Honduras,Decile 10,Rural,2016
3.700000047683716,26,8615,HND,331,239,29186,922,Honduras,Decile 2,Rural,2016
4.800000190734863,26,8615,HND,331,239,29186,923,Honduras,Decile 3,Rural,2016
5.699999809265137,26,8615,HND,331,239,29186,924,Honduras,Decile 4,Rural,2016
6.699999809265137,26,8615,HND,331,239,29186,925,Honduras,Decile 5,Rural,2016
8.699999809265137,26,8615,HND,331,239,29186,926,Honduras,Decile 6,Rural,2016
9.800000190734863,26,8615,HND,331,239,29186,927,Honduras,Decile 7,Rural,2016
13.300000190734863,26,8615,HND,331,239,29186,928,Honduras,Decile 8,Rural,2016
16.200000762939453,26,8615,HND,331,239,29186,929,Honduras,Decile 9,Rural,2016
2,26,8615,HND,330,239,29186,921,Honduras,Decile 1,Urban,2016
28.799999237060547,26,8615,HND,330,239,29186,930,Honduras,Decile 10,Urban,2016
3.5999999046325684,26,8615,HND,330,239,29186,922,Honduras,Decile 2,Urban,2016
5.099999904632568,26,8615,HND,330,239,29186,923,Honduras,Decile 3,Urban,2016
6.300000190734863,26,8615,HND,330,239,29186,924,Honduras,Decile 4,Urban,2016
6.900000095367432,26,8615,HND,330,239,29186,925,Honduras,Decile 5,Urban,2016
8.300000190734863,26,8615,HND,330,239,29186,926,Honduras,Decile 6,Urban,2016
10,26,8615,HND,330,239,29186,927,Honduras,Decile 7,Urban,2016
12.699999809265137,26,8615,HND,330,239,29186,928,Honduras,Decile 8,Urban,2016
16.299999237060547,26,8615,HND,330,239,29186,929,Honduras,Decile 9,Urban,2016
1.7000000476837158,26,8615,HND,327,239,29188,921,Honduras,Decile 1,National,2018
30.299999237060547,26,8615,HND,327,239,29188,930,Honduras,Decile 10,National,2018
3.299999952316284,26,8615,HND,327,239,29188,922,Honduras,Decile 2,National,2018
4.199999809265137,26,8615,HND,327,239,29188,923,Honduras,Decile 3,National,2018
5.5,26,8615,HND,327,239,29188,924,Honduras,Decile 4,National,2018
6.800000190734863,26,8615,HND,327,239,29188,925,Honduras,Decile 5,National,2018
8.600000381469727,26,8615,HND,327,239,29188,926,Honduras,Decile 6,National,2018
10.199999809265137,26,8615,HND,327,239,29188,927,Honduras,Decile 7,National,2018
12.899999618530273,26,8615,HND,327,239,29188,928,Honduras,Decile 8,National,2018
16.5,26,8615,HND,327,239,29188,929,Honduras,Decile 9,National,2018
2.0999999046325684,26,8615,HND,331,239,29188,921,Honduras,Decile 1,Rural,2018
29.100000381469727,26,8615,HND,331,239,29188,930,Honduras,Decile 10,Rural,2018
4.099999904632568,26,8615,HND,331,239,29188,922,Honduras,Decile 2,Rural,2018
5,26,8615,HND,331,239,29188,923,Honduras,Decile 3,Rural,2018
6.099999904632568,26,8615,HND,331,239,29188,924,Honduras,Decile 4,Rural,2018
6.900000095367432,26,8615,HND,331,239,29188,925,Honduras,Decile 5,Rural,2018
8.300000190734863,26,8615,HND,331,239,29188,926,Honduras,Decile 6,Rural,2018
9.699999809265137,26,8615,HND,331,239,29188,927,Honduras,Decile 7,Rural,2018
12.399999618530273,26,8615,HND,331,239,29188,928,Honduras,Decile 8,Rural,2018
16.200000762939453,26,8615,HND,331,239,29188,929,Honduras,Decile 9,Rural,2018
2.0999999046325684,26,8615,HND,330,239,29188,921,Honduras,Decile 1,Urban,2018
28.299999237060547,26,8615,HND,330,239,29188,930,Honduras,Decile 10,Urban,2018
4,26,8615,HND,330,239,29188,922,Honduras,Decile 2,Urban,2018
5.300000190734863,26,8615,HND,330,239,29188,923,Honduras,Decile 3,Urban,2018
6.5,26,8615,HND,330,239,29188,924,Honduras,Decile 4,Urban,2018
7.199999809265137,26,8615,HND,330,239,29188,925,Honduras,Decile 5,Urban,2018
8.699999809265137,26,8615,HND,330,239,29188,926,Honduras,Decile 6,Urban,2018
10.5,26,8615,HND,330,239,29188,927,Honduras,Decile 7,Urban,2018
12.5,26,8615,HND,330,239,29188,928,Honduras,Decile 8,Urban,2018
15,26,8615,HND,330,239,29188,929,Honduras,Decile 9,Urban,2018
1,26,8615,HND,327,239,29189,921,Honduras,Decile 1,National,2019
30.899999618530273,26,8615,HND,327,239,29189,930,Honduras,Decile 10,National,2019
3,26,8615,HND,327,239,29189,922,Honduras,Decile 2,National,2019
4.199999809265137,26,8615,HND,327,239,29189,923,Honduras,Decile 3,National,2019
5.599999904632568,26,8615,HND,327,239,29189,924,Honduras,Decile 4,National,2019
6.699999809265137,26,8615,HND,327,239,29189,925,Honduras,Decile 5,National,2019
8.399999618530273,26,8615,HND,327,239,29189,926,Honduras,Decile 6,National,2019
10.399999618530273,26,8615,HND,327,239,29189,927,Honduras,Decile 7,National,2019
12.600000381469727,26,8615,HND,327,239,29189,928,Honduras,Decile 8,National,2019
17.299999237060547,26,8615,HND,327,239,29189,929,Honduras,Decile 9,National,2019
1,26,8615,HND,331,239,29189,921,Honduras,Decile 1,Rural,2019
30.399999618530273,26,8615,HND,331,239,29189,930,Honduras,Decile 10,Rural,2019
3.4000000953674316,26,8615,HND,331,239,29189,922,Honduras,Decile 2,Rural,2019
5.099999904632568,26,8615,HND,331,239,29189,923,Honduras,Decile 3,Rural,2019
5.699999809265137,26,8615,HND,331,239,29189,924,Honduras,Decile 4,Rural,2019
7,26,8615,HND,331,239,29189,925,Honduras,Decile 5,Rural,2019
8.600000381469727,26,8615,HND,331,239,29189,926,Honduras,Decile 6,Rural,2019
9.899999618530273,26,8615,HND,331,239,29189,927,Honduras,Decile 7,Rural,2019
12.199999809265137,26,8615,HND,331,239,29189,928,Honduras,Decile 8,Rural,2019
16.799999237060547,26,8615,HND,331,239,29189,929,Honduras,Decile 9,Rural,2019
1.899999976158142,26,8615,HND,330,239,29189,921,Honduras,Decile 1,Urban,2019
27.700000762939453,26,8615,HND,330,239,29189,930,Honduras,Decile 10,Urban,2019
4.300000190734863,26,8615,HND,330,239,29189,922,Honduras,Decile 2,Urban,2019
4.900000095367432,26,8615,HND,330,239,29189,923,Honduras,Decile 3,Urban,2019
6.400000095367432,26,8615,HND,330,239,29189,924,Honduras,Decile 4,Urban,2019
7.300000190734863,26,8615,HND,330,239,29189,925,Honduras,Decile 5,Urban,2019
9.100000381469727,26,8615,HND,330,239,29189,926,Honduras,Decile 6,Urban,2019
9.899999618530273,26,8615,HND,330,239,29189,927,Honduras,Decile 7,Urban,2019
12.300000190734863,26,8615,HND,330,239,29189,928,Honduras,Decile 8,Urban,2019
16.200000762939453,26,8615,HND,330,239,29189,929,Honduras,Decile 9,Urban,2019
0.4000000059604645,26,8615,HND,327,239,29191,921,Honduras,Decile 1,National,2021
34.29999923706055,26,8615,HND,327,239,29191,930,Honduras,Decile 10,National,2021
2.200000047683716,26,8615,HND,327,239,29191,922,Honduras,Decile 2,National,2021
3.700000047683716,26,8615,HND,327,239,29191,923,Honduras,Decile 3,National,2021
4.699999809265137,26,8615,HND,327,239,29191,924,Honduras,Decile 4,National,2021
6.400000095367432,26,8615,HND,327,239,29191,925,Honduras,Decile 5,National,2021
8.399999618530273,26,8615,HND,327,239,29191,926,Honduras,Decile 6,National,2021
9.699999809265137,26,8615,HND,327,239,29191,927,Honduras,Decile 7,National,2021
13.100000381469727,26,8615,HND,327,239,29191,928,Honduras,Decile 8,National,2021
17.100000381469727,26,8615,HND,327,239,29191,929,Honduras,Decile 9,National,2021
0.30000001192092896,26,8615,HND,331,239,29191,921,Honduras,Decile 1,Rural,2021
37.29999923706055,26,8615,HND,331,239,29191,930,Honduras,Decile 10,Rural,2021
2.0999999046325684,26,8615,HND,331,239,29191,922,Honduras,Decile 2,Rural,2021
4,26,8615,HND,331,239,29191,923,Honduras,Decile 3,Rural,2021
5.099999904632568,26,8615,HND,331,239,29191,924,Honduras,Decile 4,Rural,2021
6.400000095367432,26,8615,HND,331,239,29191,925,Honduras,Decile 5,Rural,2021
7.400000095367432,26,8615,HND,331,239,29191,926,Honduras,Decile 6,Rural,2021
9.399999618530273,26,8615,HND,331,239,29191,927,Honduras,Decile 7,Rural,2021
6.900000095367432,26,12429,MEX,327,233,29176,925,Mexico,Decile 5,National,2006
7.900000095367432,26,12429,MEX,327,233,29176,926,Mexico,Decile 6,National,2006
9.5,26,12429,MEX,327,233,29176,927,Mexico,Decile 7,National,2006
11,26,12429,MEX,327,233,29176,928,Mexico,Decile 8,National,2006
15.199999809265137,26,12429,MEX,327,233,29176,929,Mexico,Decile 9,National,2006
2.9000000953674316,26,12429,MEX,331,233,29176,921,Mexico,Decile 1,Rural,2006
29.600000381469727,26,12429,MEX,331,233,29176,930,Mexico,Decile 10,Rural,2006
4.5,26,12429,MEX,331,233,29176,922,Mexico,Decile 2,Rural,2006
5.599999904632568,26,12429,MEX,331,233,29176,923,Mexico,Decile 3,Rural,2006
6.300000190734863,26,12429,MEX,331,233,29176,924,Mexico,Decile 4,Rural,2006
7.5,26,12429,MEX,331,233,29176,925,Mexico,Decile 5,Rural,2006
8.199999809265137,26,12429,MEX,331,233,29176,926,Mexico,Decile 6,Rural,2006
10,26,12429,MEX,331,233,29176,927,Mexico,Decile 7,Rural,2006
11.399999618530273,26,12429,MEX,331,233,29176,928,Mexico,Decile 8,Rural,2006
14.100000381469727,26,12429,MEX,331,233,29176,929,Mexico,Decile 9,Rural,2006
2.9000000953674316,26,12429,MEX,330,233,29176,921,Mexico,Decile 1,Urban,2006
31,26,12429,MEX,330,233,29176,930,Mexico,Decile 10,Urban,2006
4.300000190734863,26,12429,MEX,330,233,29176,922,Mexico,Decile 2,Urban,2006
5.300000190734863,26,12429,MEX,330,233,29176,923,Mexico,Decile 3,Urban,2006
6.199999809265137,26,12429,MEX,330,233,29176,924,Mexico,Decile 4,Urban,2006
6.800000190734863,26,12429,MEX,330,233,29176,925,Mexico,Decile 5,Urban,2006
8.199999809265137,26,12429,MEX,330,233,29176,926,Mexico,Decile 6,Urban,2006
9.100000381469727,26,12429,MEX,330,233,29176,927,Mexico,Decile 7,Urban,2006
11.300000190734863,26,12429,MEX,330,233,29176,928,Mexico,Decile 8,Urban,2006
15,26,12429,MEX,330,233,29176,929,Mexico,Decile 9,Urban,2006
1.899999976158142,26,12429,MEX,327,233,29178,921,Mexico,Decile 1,National,2008
33.29999923706055,26,12429,MEX,327,233,29178,930,Mexico,Decile 10,National,2008
3.4000000953674316,26,12429,MEX,327,233,29178,922,Mexico,Decile 2,National,2008
4.599999904632568,26,12429,MEX,327,233,29178,923,Mexico,Decile 3,National,2008
5.599999904632568,26,12429,MEX,327,233,29178,924,Mexico,Decile 4,National,2008
6.900000095367432,26,12429,MEX,327,233,29178,925,Mexico,Decile 5,National,2008
8.100000381469727,26,12429,MEX,327,233,29178,926,Mexico,Decile 6,National,2008
9.5,26,12429,MEX,327,233,29178,927,Mexico,Decile 7,National,2008
11.800000190734863,26,12429,MEX,327,233,29178,928,Mexico,Decile 8,National,2008
15,26,12429,MEX,327,233,29178,929,Mexico,Decile 9,National,2008
2.299999952316284,26,12429,MEX,331,233,29178,921,Mexico,Decile 1,Rural,2008
28.799999237060547,26,12429,MEX,331,233,29178,930,Mexico,Decile 10,Rural,2008
3.9000000953674316,26,12429,MEX,331,233,29178,922,Mexico,Decile 2,Rural,2008
5.099999904632568,26,12429,MEX,331,233,29178,923,Mexico,Decile 3,Rural,2008
6.199999809265137,26,12429,MEX,331,233,29178,924,Mexico,Decile 4,Rural,2008
7.400000095367432,26,12429,MEX,331,233,29178,925,Mexico,Decile 5,Rural,2008
8.800000190734863,26,12429,MEX,331,233,29178,926,Mexico,Decile 6,Rural,2008
9.800000190734863,26,12429,MEX,331,233,29178,927,Mexico,Decile 7,Rural,2008
12.399999618530273,26,12429,MEX,331,233,29178,928,Mexico,Decile 8,Rural,2008
15.399999618530273,26,12429,MEX,331,233,29178,929,Mexico,Decile 9,Rural,2008
2.299999952316284,26,12429,MEX,330,233,29178,921,Mexico,Decile 1,Urban,2008
32.20000076293945,26,12429,MEX,330,233,29178,930,Mexico,Decile 10,Urban,2008
3.9000000953674316,26,12429,MEX,330,233,29178,922,Mexico,Decile 2,Urban,2008
5,26,12429,MEX,330,233,29178,923,Mexico,Decile 3,Urban,2008
5.900000095367432,26,12429,MEX,330,233,29178,924,Mexico,Decile 4,Urban,2008
7,26,12429,MEX,330,233,29178,925,Mexico,Decile 5,Urban,2008
8.100000381469727,26,12429,MEX,330,233,29178,926,Mexico,Decile 6,Urban,2008
9.5,26,12429,MEX,330,233,29178,927,Mexico,Decile 7,Urban,2008
11.399999618530273,26,12429,MEX,330,233,29178,928,Mexico,Decile 8,Urban,2008
14.699999809265137,26,12429,MEX,330,233,29178,929,Mexico,Decile 9,Urban,2008
1.899999976158142,26,12429,MEX,327,233,29180,921,Mexico,Decile 1,National,2010
32.29999923706055,26,12429,MEX,327,233,29180,930,Mexico,Decile 10,National,2010
3.5,26,12429,MEX,327,233,29180,922,Mexico,Decile 2,National,2010
4.699999809265137,26,12429,MEX,327,233,29180,923,Mexico,Decile 3,National,2010
5.599999904632568,26,12429,MEX,327,233,29180,924,Mexico,Decile 4,National,2010
6.800000190734863,26,12429,MEX,327,233,29180,925,Mexico,Decile 5,National,2010
8.300000190734863,26,12429,MEX,327,233,29180,926,Mexico,Decile 6,National,2010
9.699999809265137,26,12429,MEX,327,233,29180,927,Mexico,Decile 7,National,2010
11.600000381469727,26,12429,MEX,327,233,29180,928,Mexico,Decile 8,National,2010
15.699999809265137,26,12429,MEX,327,233,29180,929,Mexico,Decile 9,National,2010
2.299999952316284,26,12429,MEX,331,233,29180,921,Mexico,Decile 1,Rural,2010
29.600000381469727,26,12429,MEX,331,233,29180,930,Mexico,Decile 10,Rural,2010
3.9000000953674316,26,12429,MEX,331,233,29180,922,Mexico,Decile 2,Rural,2010
5.099999904632568,26,12429,MEX,331,233,29180,923,Mexico,Decile 3,Rural,2010
6.099999904632568,26,12429,MEX,331,233,29180,924,Mexico,Decile 4,Rural,2010
7.199999809265137,26,12429,MEX,331,233,29180,925,Mexico,Decile 5,Rural,2010
8.399999618530273,26,12429,MEX,331,233,29180,926,Mexico,Decile 6,Rural,2010
9.800000190734863,26,12429,MEX,331,233,29180,927,Mexico,Decile 7,Rural,2010
1.2999999523162842,26,8615,HND,327,239,29194,921,Honduras,Decile 1,National,2024
26.700000762939453,26,8615,HND,327,239,29194,930,Honduras,Decile 10,National,2024
2.9000000953674316,26,8615,HND,327,239,29194,922,Honduras,Decile 2,National,2024
4.400000095367432,26,8615,HND,327,239,29194,923,Honduras,Decile 3,National,2024
5.800000190734863,26,8615,HND,327,239,29194,924,Honduras,Decile 4,National,2024
7.300000190734863,26,8615,HND,327,239,29194,925,Honduras,Decile 5,National,2024
8.899999618530273,26,8615,HND,327,239,29194,926,Honduras,Decile 6,National,2024
11,26,8615,HND,327,239,29194,927,Honduras,Decile 7,National,2024
13.5,26,8615,HND,327,239,29194,928,Honduras,Decile 8,National,2024
18.200000762939453,26,8615,HND,327,239,29194,929,Honduras,Decile 9,National,2024
1.2000000476837158,26,8615,HND,331,239,29194,921,Honduras,Decile 1,Rural,2024
26.700000762939453,26,8615,HND,331,239,29194,930,Honduras,Decile 10,Rural,2024
3.700000047683716,26,8615,HND,331,239,29194,922,Honduras,Decile 2,Rural,2024
4.5,26,8615,HND,331,239,29194,923,Honduras,Decile 3,Rural,2024
5.900000095367432,26,8615,HND,331,239,29194,924,Honduras,Decile 4,Rural,2024
7.400000095367432,26,8615,HND,331,239,29194,925,Honduras,Decile 5,Rural,2024
8.600000381469727,26,8615,HND,331,239,29194,926,Honduras,Decile 6,Rural,2024
11.100000381469727,26,8615,HND,331,239,29194,927,Honduras,Decile 7,Rural,2024
13.399999618530273,26,8615,HND,331,239,29194,928,Honduras,Decile 8,Rural,2024
17.299999237060547,26,8615,HND,331,239,29194,929,Honduras,Decile 9,Rural,2024
1.399999976158142,26,8615,HND,330,239,29194,921,Honduras,Decile 1,Urban,2024
24.600000381469727,26,8615,HND,330,239,29194,930,Honduras,Decile 10,Urban,2024
3.4000000953674316,26,8615,HND,330,239,29194,922,Honduras,Decile 2,Urban,2024
4.900000095367432,26,8615,HND,330,239,29194,923,Honduras,Decile 3,Urban,2024
6.5,26,8615,HND,330,239,29194,924,Honduras,Decile 4,Urban,2024
7.699999809265137,26,8615,HND,330,239,29194,925,Honduras,Decile 5,Urban,2024
9.199999809265137,26,8615,HND,330,239,29194,926,Honduras,Decile 6,Urban,2024
11,26,8615,HND,330,239,29194,927,Honduras,Decile 7,Urban,2024
13.899999618530273,26,8615,HND,330,239,29194,928,Honduras,Decile 8,Urban,2024
17.399999618530273,26,8615,HND,330,239,29194,929,Honduras,Decile 9,Urban,2024
2.0999999046325684,26,12429,MEX,327,233,29170,921,Mexico,Decile 1,National,2000
34.5,26,12429,MEX,327,233,29170,930,Mexico,Decile 10,National,2000
3.4000000953674316,26,12429,MEX,327,233,29170,922,Mexico,Decile 2,National,2000
4.400000095367432,26,12429,MEX,327,233,29170,923,Mexico,Decile 3,National,2000
5.300000190734863,26,12429,MEX,327,233,29170,924,Mexico,Decile 4,National,2000
6.699999809265137,26,12429,MEX,327,233,29170,925,Mexico,Decile 5,National,2000
7.900000095367432,26,12429,MEX,327,233,29170,926,Mexico,Decile 6,National,2000
9.300000190734863,26,12429,MEX,327,233,29170,927,Mexico,Decile 7,National,2000
11.399999618530273,26,12429,MEX,327,233,29170,928,Mexico,Decile 8,National,2000
14.899999618530273,26,12429,MEX,327,233,29170,929,Mexico,Decile 9,National,2000
2.9000000953674316,26,12429,MEX,331,233,29170,921,Mexico,Decile 1,Rural,2000
28,26,12429,MEX,331,233,29170,930,Mexico,Decile 10,Rural,2000
4.599999904632568,26,12429,MEX,331,233,29170,922,Mexico,Decile 2,Rural,2000
5.599999904632568,26,12429,MEX,331,233,29170,923,Mexico,Decile 3,Rural,2000
6.199999809265137,26,12429,MEX,331,233,29170,924,Mexico,Decile 4,Rural,2000
7.400000095367432,26,12429,MEX,331,233,29170,925,Mexico,Decile 5,Rural,2000
8.699999809265137,26,12429,MEX,331,233,29170,926,Mexico,Decile 6,Rural,2000
9.899999618530273,26,12429,MEX,331,233,29170,927,Mexico,Decile 7,Rural,2000
11.699999809265137,26,12429,MEX,331,233,29170,928,Mexico,Decile 8,Rural,2000
14.800000190734863,26,12429,MEX,331,233,29170,929,Mexico,Decile 9,Rural,2000
2.799999952316284,26,12429,MEX,330,233,29170,921,Mexico,Decile 1,Urban,2000
32.79999923706055,26,12429,MEX,330,233,29170,930,Mexico,Decile 10,Urban,2000
4,26,12429,MEX,330,233,29170,922,Mexico,Decile 2,Urban,2000
4.699999809265137,26,12429,MEX,330,233,29170,923,Mexico,Decile 3,Urban,2000
6,26,12429,MEX,330,233,29170,924,Mexico,Decile 4,Urban,2000
6.800000190734863,26,12429,MEX,330,233,29170,925,Mexico,Decile 5,Urban,2000
7.699999809265137,26,12429,MEX,330,233,29170,926,Mexico,Decile 6,Urban,2000
9.300000190734863,26,12429,MEX,330,233,29170,927,Mexico,Decile 7,Urban,2000
10.800000190734863,26,12429,MEX,330,233,29170,928,Mexico,Decile 8,Urban,2000
15.100000381469727,26,12429,MEX,330,233,29170,929,Mexico,Decile 9,Urban,2000
2.299999952316284,26,12429,MEX,327,233,29172,921,Mexico,Decile 1,National,2002
32,26,12429,MEX,327,233,29172,930,Mexico,Decile 10,National,2002
3.700000047683716,26,12429,MEX,327,233,29172,922,Mexico,Decile 2,National,2002
4.699999809265137,26,12429,MEX,327,233,29172,923,Mexico,Decile 3,National,2002
5.800000190734863,26,12429,MEX,327,233,29172,924,Mexico,Decile 4,National,2002
6.300000190734863,26,12429,MEX,327,233,29172,925,Mexico,Decile 5,National,2002
7.900000095367432,26,12429,MEX,327,233,29172,926,Mexico,Decile 6,National,2002
9.699999809265137,26,12429,MEX,327,233,29172,927,Mexico,Decile 7,National,2002
11.5,26,12429,MEX,327,233,29172,928,Mexico,Decile 8,National,2002
16.100000381469727,26,12429,MEX,327,233,29172,929,Mexico,Decile 9,National,2002
3,26,12429,MEX,331,233,29172,921,Mexico,Decile 1,Rural,2002
34.79999923706055,26,12429,MEX,331,233,29172,930,Mexico,Decile 10,Rural,2002
4.199999809265137,26,12429,MEX,331,233,29172,922,Mexico,Decile 2,Rural,2002
5.199999809265137,26,12429,MEX,331,233,29172,923,Mexico,Decile 3,Rural,2002
6.099999904632568,26,12429,MEX,331,233,29172,924,Mexico,Decile 4,Rural,2002
6.5,26,12429,MEX,331,233,29172,925,Mexico,Decile 5,Rural,2002
7.5,26,12429,MEX,331,233,29172,926,Mexico,Decile 6,Rural,2002
9,26,12429,MEX,331,233,29172,927,Mexico,Decile 7,Rural,2002
10.800000190734863,26,12429,MEX,331,233,29172,928,Mexico,Decile 8,Rural,2002
13,26,12429,MEX,331,233,29172,929,Mexico,Decile 9,Rural,2002
3,26,12429,MEX,330,233,29172,921,Mexico,Decile 1,Urban,2002
29.799999237060547,26,12429,MEX,330,233,29172,930,Mexico,Decile 10,Urban,2002
4.300000190734863,26,12429,MEX,330,233,29172,922,Mexico,Decile 2,Urban,2002
5.199999809265137,26,12429,MEX,330,233,29172,923,Mexico,Decile 3,Urban,2002
5.599999904632568,26,12429,MEX,330,233,29172,924,Mexico,Decile 4,Urban,2002
6.800000190734863,26,12429,MEX,330,233,29172,925,Mexico,Decile 5,Urban,2002
8.199999809265137,26,12429,MEX,330,233,29172,926,Mexico,Decile 6,Urban,2002
9.5,26,12429,MEX,330,233,29172,927,Mexico,Decile 7,Urban,2002
11.899999618530273,26,12429,MEX,330,233,29172,928,Mexico,Decile 8,Urban,2002
15.5,26,12429,MEX,330,233,29172,929,Mexico,Decile 9,Urban,2002
2.299999952316284,26,12429,MEX,327,233,29174,921,Mexico,Decile 1,National,2004
32.79999923706055,26,12429,MEX,327,233,29174,930,Mexico,Decile 10,National,2004
3.799999952316284,26,12429,MEX,327,233,29174,922,Mexico,Decile 2,National,2004
4.900000095367432,26,12429,MEX,327,233,29174,923,Mexico,Decile 3,National,2004
5.699999809265137,26,12429,MEX,327,233,29174,924,Mexico,Decile 4,National,2004
6.900000095367432,26,12429,MEX,327,233,29174,925,Mexico,Decile 5,National,2004
7.800000190734863,26,12429,MEX,327,233,29174,926,Mexico,Decile 6,National,2004
9.199999809265137,26,12429,MEX,327,233,29174,927,Mexico,Decile 7,National,2004
11.399999618530273,26,12429,MEX,327,233,29174,928,Mexico,Decile 8,National,2004
15.300000190734863,26,12429,MEX,327,233,29174,929,Mexico,Decile 9,National,2004
2.9000000953674316,26,12429,MEX,331,233,29174,921,Mexico,Decile 1,Rural,2004
26.799999237060547,26,12429,MEX,331,233,29174,930,Mexico,Decile 10,Rural,2004
4.300000190734863,26,12429,MEX,331,233,29174,922,Mexico,Decile 2,Rural,2004
5.599999904632568,26,12429,MEX,331,233,29174,923,Mexico,Decile 3,Rural,2004
6.599999904632568,26,12429,MEX,331,233,29174,924,Mexico,Decile 4,Rural,2004
8,26,12429,MEX,331,233,29174,925,Mexico,Decile 5,Rural,2004
8.899999618530273,26,12429,MEX,331,233,29174,926,Mexico,Decile 6,Rural,2004
9.899999618530273,26,12429,MEX,331,233,29174,927,Mexico,Decile 7,Rural,2004
11.699999809265137,26,12429,MEX,331,233,29174,928,Mexico,Decile 8,Rural,2004
15.199999809265137,26,12429,MEX,331,233,29174,929,Mexico,Decile 9,Rural,2004
2.799999952316284,26,12429,MEX,330,233,29174,921,Mexico,Decile 1,Urban,2004
31.799999237060547,26,12429,MEX,330,233,29174,930,Mexico,Decile 10,Urban,2004
4.099999904632568,26,12429,MEX,330,233,29174,922,Mexico,Decile 2,Urban,2004
5.099999904632568,26,12429,MEX,330,233,29174,923,Mexico,Decile 3,Urban,2004
6,26,12429,MEX,330,233,29174,924,Mexico,Decile 4,Urban,2004
6.800000190734863,26,12429,MEX,330,233,29174,925,Mexico,Decile 5,Urban,2004
7.900000095367432,26,12429,MEX,330,233,29174,926,Mexico,Decile 6,Urban,2004
9.100000381469727,26,12429,MEX,330,233,29174,927,Mexico,Decile 7,Urban,2004
11.5,26,12429,MEX,330,233,29174,928,Mexico,Decile 8,Urban,2004
14.899999618530273,26,12429,MEX,330,233,29174,929,Mexico,Decile 9,Urban,2004
2.5,26,12429,MEX,327,233,29176,921,Mexico,Decile 1,National,2006
32,26,12429,MEX,327,233,29176,930,Mexico,Decile 10,National,2006
4,26,12429,MEX,327,233,29176,922,Mexico,Decile 2,National,2006
5,26,12429,MEX,327,233,29176,923,Mexico,Decile 3,National,2006
6,26,12429,MEX,327,233,29176,924,Mexico,Decile 4,National,2006
12,26,12429,MEX,331,233,29180,928,Mexico,Decile 8,Rural,2010
15.399999618530273,26,12429,MEX,331,233,29180,929,Mexico,Decile 9,Rural,2010
2.299999952316284,26,12429,MEX,330,233,29180,921,Mexico,Decile 1,Urban,2010
31.200000762939453,26,12429,MEX,330,233,29180,930,Mexico,Decile 10,Urban,2010
4,26,12429,MEX,330,233,29180,922,Mexico,Decile 2,Urban,2010
5,26,12429,MEX,330,233,29180,923,Mexico,Decile 3,Urban,2010
6,26,12429,MEX,330,233,29180,924,Mexico,Decile 4,Urban,2010
7.099999904632568,26,12429,MEX,330,233,29180,925,Mexico,Decile 5,Urban,2010
8.199999809265137,26,12429,MEX,330,233,29180,926,Mexico,Decile 6,Urban,2010
9.5,26,12429,MEX,330,233,29180,927,Mexico,Decile 7,Urban,2010
11.5,26,12429,MEX,330,233,29180,928,Mexico,Decile 8,Urban,2010
15.199999809265137,26,12429,MEX,330,233,29180,929,Mexico,Decile 9,Urban,2010
1.899999976158142,26,12429,MEX,327,233,29182,921,Mexico,Decile 1,National,2012
32,26,12429,MEX,327,233,29182,930,Mexico,Decile 10,National,2012
3.5,26,12429,MEX,327,233,29182,922,Mexico,Decile 2,National,2012
4.699999809265137,26,12429,MEX,327,233,29182,923,Mexico,Decile 3,National,2012
5.800000190734863,26,12429,MEX,327,233,29182,924,Mexico,Decile 4,National,2012
7.099999904632568,26,12429,MEX,327,233,29182,925,Mexico,Decile 5,National,2012
8.199999809265137,26,12429,MEX,327,233,29182,926,Mexico,Decile 6,National,2012
9.699999809265137,26,12429,MEX,327,233,29182,927,Mexico,Decile 7,National,2012
11.699999809265137,26,12429,MEX,327,233,29182,928,Mexico,Decile 8,National,2012
15.399999618530273,26,12429,MEX,327,233,29182,929,Mexico,Decile 9,National,2012
2.299999952316284,26,12429,MEX,331,233,29182,921,Mexico,Decile 1,Rural,2012
29.799999237060547,26,12429,MEX,331,233,29182,930,Mexico,Decile 10,Rural,2012
4,26,12429,MEX,331,233,29182,922,Mexico,Decile 2,Rural,2012
5.099999904632568,26,12429,MEX,331,233,29182,923,Mexico,Decile 3,Rural,2012
6.199999809265137,26,12429,MEX,331,233,29182,924,Mexico,Decile 4,Rural,2012
7.400000095367432,26,12429,MEX,331,233,29182,925,Mexico,Decile 5,Rural,2012
8.399999618530273,26,12429,MEX,331,233,29182,926,Mexico,Decile 6,Rural,2012
10.199999809265137,26,12429,MEX,331,233,29182,927,Mexico,Decile 7,Rural,2012
11.800000190734863,26,12429,MEX,331,233,29182,928,Mexico,Decile 8,Rural,2012
14.800000190734863,26,12429,MEX,331,233,29182,929,Mexico,Decile 9,Rural,2012
2.200000047683716,26,12429,MEX,330,233,29182,921,Mexico,Decile 1,Urban,2012
30.600000381469727,26,12429,MEX,330,233,29182,930,Mexico,Decile 10,Urban,2012
4,26,12429,MEX,330,233,29182,922,Mexico,Decile 2,Urban,2012
5.099999904632568,26,12429,MEX,330,233,29182,923,Mexico,Decile 3,Urban,2012
6.199999809265137,26,12429,MEX,330,233,29182,924,Mexico,Decile 4,Urban,2012
7.199999809265137,26,12429,MEX,330,233,29182,925,Mexico,Decile 5,Urban,2012
8.199999809265137,26,12429,MEX,330,233,29182,926,Mexico,Decile 6,Urban,2012
9.699999809265137,26,12429,MEX,330,233,29182,927,Mexico,Decile 7,Urban,2012
11.5,26,12429,MEX,330,233,29182,928,Mexico,Decile 8,Urban,2012
15.300000190734863,26,12429,MEX,330,233,29182,929,Mexico,Decile 9,Urban,2012
2.0999999046325684,26,12429,MEX,327,233,29184,921,Mexico,Decile 1,National,2014
32.599998474121094,26,12429,MEX,327,233,29184,930,Mexico,Decile 10,National,2014
3.5999999046325684,26,12429,MEX,327,233,29184,922,Mexico,Decile 2,National,2014
4.800000190734863,26,12429,MEX,327,233,29184,923,Mexico,Decile 3,National,2014
5.800000190734863,26,12429,MEX,327,233,29184,924,Mexico,Decile 4,National,2014
6.900000095367432,26,12429,MEX,327,233,29184,925,Mexico,Decile 5,National,2014
8.100000381469727,26,12429,MEX,327,233,29184,926,Mexico,Decile 6,National,2014
9.5,26,12429,MEX,327,233,29184,927,Mexico,Decile 7,National,2014
11.399999618530273,26,12429,MEX,327,233,29184,928,Mexico,Decile 8,National,2014
15.300000190734863,26,12429,MEX,327,233,29184,929,Mexico,Decile 9,National,2014
2.700000047683716,26,12429,MEX,331,233,29184,921,Mexico,Decile 1,Rural,2014
28,26,12429,MEX,331,233,29184,930,Mexico,Decile 10,Rural,2014
4.199999809265137,26,12429,MEX,331,233,29184,922,Mexico,Decile 2,Rural,2014
5.300000190734863,26,12429,MEX,331,233,29184,923,Mexico,Decile 3,Rural,2014
6.300000190734863,26,12429,MEX,331,233,29184,924,Mexico,Decile 4,Rural,2014
7.599999904632568,26,12429,MEX,331,233,29184,925,Mexico,Decile 5,Rural,2014
9.100000381469727,26,12429,MEX,331,233,29184,926,Mexico,Decile 6,Rural,2014
10.100000381469727,26,12429,MEX,331,233,29184,927,Mexico,Decile 7,Rural,2014
12.199999809265137,26,12429,MEX,331,233,29184,928,Mexico,Decile 8,Rural,2014
14.600000381469727,26,12429,MEX,331,233,29184,929,Mexico,Decile 9,Rural,2014
2.5,26,12429,MEX,330,233,29184,921,Mexico,Decile 1,Urban,2014
31.799999237060547,26,12429,MEX,330,233,29184,930,Mexico,Decile 10,Urban,2014
4,26,12429,MEX,330,233,29184,922,Mexico,Decile 2,Urban,2014
5,26,12429,MEX,330,233,29184,923,Mexico,Decile 3,Urban,2014
6,26,12429,MEX,330,233,29184,924,Mexico,Decile 4,Urban,2014
7,26,12429,MEX,330,233,29184,925,Mexico,Decile 5,Urban,2014
8.199999809265137,26,12429,MEX,330,233,29184,926,Mexico,Decile 6,Urban,2014
9.399999618530273,26,12429,MEX,330,233,29184,927,Mexico,Decile 7,Urban,2014
11.300000190734863,26,12429,MEX,330,233,29184,928,Mexico,Decile 8,Urban,2014
14.899999618530273,26,12429,MEX,330,233,29184,929,Mexico,Decile 9,Urban,2014
2.5,26,12428,MEX,327,233,29186,921,Mexico,Decile 1,National,2016
32.20000076293945,26,12428,MEX,327,233,29186,930,Mexico,Decile 10,National,2016
4.099999904632568,26,12428,MEX,327,233,29186,922,Mexico,Decile 2,National,2016
5.099999904632568,26,12428,MEX,327,233,29186,923,Mexico,Decile 3,National,2016
6.099999904632568,26,12428,MEX,327,233,29186,924,Mexico,Decile 4,National,2016
7,26,12428,MEX,327,233,29186,925,Mexico,Decile 5,National,2016
8.100000381469727,26,12428,MEX,327,233,29186,926,Mexico,Decile 6,National,2016
9.300000190734863,26,12428,MEX,327,233,29186,927,Mexico,Decile 7,National,2016
11.199999809265137,26,12428,MEX,327,233,29186,928,Mexico,Decile 8,National,2016
14.399999618530273,26,12428,MEX,327,233,29186,929,Mexico,Decile 9,National,2016
2.9000000953674316,26,12428,MEX,331,233,29186,921,Mexico,Decile 1,Rural,2016
26.899999618530273,26,12428,MEX,331,233,29186,930,Mexico,Decile 10,Rural,2016
4.599999904632568,26,12428,MEX,331,233,29186,922,Mexico,Decile 2,Rural,2016
5.699999809265137,26,12428,MEX,331,233,29186,923,Mexico,Decile 3,Rural,2016
6.800000190734863,26,12428,MEX,331,233,29186,924,Mexico,Decile 4,Rural,2016
7.900000095367432,26,12428,MEX,331,233,29186,925,Mexico,Decile 5,Rural,2016
8.899999618530273,26,12428,MEX,331,233,29186,926,Mexico,Decile 6,Rural,2016
10.300000190734863,26,12428,MEX,331,233,29186,927,Mexico,Decile 7,Rural,2016
11.899999618530273,26,12428,MEX,331,233,29186,928,Mexico,Decile 8,Rural,2016
14.100000381469727,26,12428,MEX,331,233,29186,929,Mexico,Decile 9,Rural,2016
2.9000000953674316,26,12428,MEX,330,233,29186,921,Mexico,Decile 1,Urban,2016
31.700000762939453,26,12428,MEX,330,233,29186,930,Mexico,Decile 10,Urban,2016
4.400000095367432,26,12428,MEX,330,233,29186,922,Mexico,Decile 2,Urban,2016
5.400000095367432,26,12428,MEX,330,233,29186,923,Mexico,Decile 3,Urban,2016
6.199999809265137,26,12428,MEX,330,233,29186,924,Mexico,Decile 4,Urban,2016
7,26,12428,MEX,330,233,29186,925,Mexico,Decile 5,Urban,2016
8.100000381469727,26,12428,MEX,330,233,29186,926,Mexico,Decile 6,Urban,2016
9.300000190734863,26,12428,MEX,330,233,29186,927,Mexico,Decile 7,Urban,2016
11,26,12428,MEX,330,233,29186,928,Mexico,Decile 8,Urban,2016
14,26,12428,MEX,330,233,29186,929,Mexico,Decile 9,Urban,2016
2.5999999046325684,26,12428,MEX,327,233,29188,921,Mexico,Decile 1,National,2018
29.299999237060547,26,12428,MEX,327,233,29188,930,Mexico,Decile 10,National,2018
4.400000095367432,26,12428,MEX,327,233,29188,922,Mexico,Decile 2,National,2018
5.5,26,12428,MEX,327,233,29188,923,Mexico,Decile 3,National,2018
6.5,26,12428,MEX,327,233,29188,924,Mexico,Decile 4,National,2018
7.599999904632568,26,12428,MEX,327,233,29188,925,Mexico,Decile 5,National,2018
8.399999618530273,26,12428,MEX,327,233,29188,926,Mexico,Decile 6,National,2018
9.800000190734863,26,12428,MEX,327,233,29188,927,Mexico,Decile 7,National,2018
11.399999618530273,26,12428,MEX,327,233,29188,928,Mexico,Decile 8,National,2018
14.5,26,12428,MEX,327,233,29188,929,Mexico,Decile 9,National,2018
2.9000000953674316,26,12428,MEX,331,233,29188,921,Mexico,Decile 1,Rural,2018
26.100000381469727,26,12428,MEX,331,233,29188,930,Mexico,Decile 10,Rural,2018
4.5,26,12428,MEX,331,233,29188,922,Mexico,Decile 2,Rural,2018
5.800000190734863,26,12428,MEX,331,233,29188,923,Mexico,Decile 3,Rural,2018
6.800000190734863,26,12428,MEX,331,233,29188,924,Mexico,Decile 4,Rural,2018
8.100000381469727,26,12428,MEX,331,233,29188,925,Mexico,Decile 5,Rural,2018
9,26,12428,MEX,331,233,29188,926,Mexico,Decile 6,Rural,2018
10.600000381469727,26,12428,MEX,331,233,29188,927,Mexico,Decile 7,Rural,2018
11.800000190734863,26,12428,MEX,331,233,29188,928,Mexico,Decile 8,Rural,2018
14.5,26,12428,MEX,331,233,29188,929,Mexico,Decile 9,Rural,2018
3.0999999046325684,26,12428,MEX,330,233,29188,921,Mexico,Decile 1,Urban,2018
28.399999618530273,26,12428,MEX,330,233,29188,930,Mexico,Decile 10,Urban,2018
4.800000190734863,26,12428,MEX,330,233,29188,922,Mexico,Decile 2,Urban,2018
5.699999809265137,26,12428,MEX,330,233,29188,923,Mexico,Decile 3,Urban,2018
6.699999809265137,26,12428,MEX,330,233,29188,924,Mexico,Decile 4,Urban,2018
7.5,26,12428,MEX,330,233,29188,925,Mexico,Decile 5,Urban,2018
8.399999618530273,26,12428,MEX,330,233,29188,926,Mexico,Decile 6,Urban,2018
9.600000381469727,26,12428,MEX,330,233,29188,927,Mexico,Decile 7,Urban,2018
11.300000190734863,26,12428,MEX,330,233,29188,928,Mexico,Decile 8,Urban,2018
14.399999618530273,26,12428,MEX,330,233,29188,929,Mexico,Decile 9,Urban,2018
2.799999952316284,26,12428,MEX,327,233,29190,921,Mexico,Decile 1,National,2020
27.600000381469727,26,12428,MEX,327,233,29190,930,Mexico,Decile 10,National,2020
4.5,26,12428,MEX,327,233,29190,922,Mexico,Decile 2,National,2020
5.699999809265137,26,12428,MEX,327,233,29190,923,Mexico,Decile 3,National,2020
6.699999809265137,26,12428,MEX,327,233,29190,924,Mexico,Decile 4,National,2020
7.699999809265137,26,12428,MEX,327,233,29190,925,Mexico,Decile 5,National,2020
8.600000381469727,26,12428,MEX,327,233,29190,926,Mexico,Decile 6,National,2020
10,26,12428,MEX,327,233,29190,927,Mexico,Decile 7,National,2020
11.600000381469727,26,12428,MEX,327,233,29190,928,Mexico,Decile 8,National,2020
14.699999809265137,26,12428,MEX,327,233,29190,929,Mexico,Decile 9,National,2020
3.0999999046325684,26,12428,MEX,331,233,29190,921,Mexico,Decile 1,Rural,2020
26.299999237060547,26,12428,MEX,331,233,29190,930,Mexico,Decile 10,Rural,2020
4.800000190734863,26,12428,MEX,331,233,29190,922,Mexico,Decile 2,Rural,2020
6,26,12428,MEX,331,233,29190,923,Mexico,Decile 3,Rural,2020
7,26,12428,MEX,331,233,29190,924,Mexico,Decile 4,Rural,2020
8,26,12428,MEX,331,233,29190,925,Mexico,Decile 5,Rural,2020
8.899999618530273,26,12428,MEX,331,233,29190,926,Mexico,Decile 6,Rural,2020
10.300000190734863,26,12428,MEX,331,233,29190,927,Mexico,Decile 7,Rural,2020
11.600000381469727,26,12428,MEX,331,233,29190,928,Mexico,Decile 8,Rural,2020
14,26,12428,MEX,331,233,29190,929,Mexico,Decile 9,Rural,2020
3,26,12428,MEX,330,233,29190,921,Mexico,Decile 1,Urban,2020
26.899999618530273,26,12428,MEX,330,233,29190,930,Mexico,Decile 10,Urban,2020
4.800000190734863,26,12428,MEX,330,233,29190,922,Mexico,Decile 2,Urban,2020
5.900000095367432,26,12428,MEX,330,233,29190,923,Mexico,Decile 3,Urban,2020
6.800000190734863,26,12428,MEX,330,233,29190,924,Mexico,Decile 4,Urban,2020
7.699999809265137,26,12428,MEX,330,233,29190,925,Mexico,Decile 5,Urban,2020
8.699999809265137,26,12428,MEX,330,233,29190,926,Mexico,Decile 6,Urban,2020
10,26,12428,MEX,330,233,29190,927,Mexico,Decile 7,Urban,2020
11.5,26,12428,MEX,330,233,29190,928,Mexico,Decile 8,Urban,2020
14.600000381469727,26,12428,MEX,330,233,29190,929,Mexico,Decile 9,Urban,2020
3.0999999046325684,26,12428,MEX,327,233,29192,921,Mexico,Decile 1,National,2022
26.799999237060547,26,12428,MEX,327,233,29192,930,Mexico,Decile 10,National,2022
4.800000190734863,26,12428,MEX,327,233,29192,922,Mexico,Decile 2,National,2022
5.900000095367432,26,12428,MEX,327,233,29192,923,Mexico,Decile 3,National,2022
6.800000190734863,26,12428,MEX,327,233,29192,924,Mexico,Decile 4,National,2022
7.800000190734863,26,12428,MEX,327,233,29192,925,Mexico,Decile 5,National,2022
8.899999618530273,26,12428,MEX,327,233,29192,926,Mexico,Decile 6,National,2022
10.100000381469727,26,12428,MEX,327,233,29192,927,Mexico,Decile 7,National,2022
11.399999618530273,26,12428,MEX,327,233,29192,928,Mexico,Decile 8,National,2022
14.399999618530273,26,12428,MEX,327,233,29192,929,Mexico,Decile 9,National,2022
3.0999999046325684,26,12428,MEX,331,233,29192,921,Mexico,Decile 1,Rural,2022
26.700000762939453,26,12428,MEX,331,233,29192,930,Mexico,Decile 10,Rural,2022
5,26,12428,MEX,331,233,29192,922,Mexico,Decile 2,Rural,2022
6.199999809265137,26,12428,MEX,331,233,29192,923,Mexico,Decile 3,Rural,2022
7,26,12428,MEX,331,233,29192,924,Mexico,Decile 4,Rural,2022
8,26,12428,MEX,331,233,29192,925,Mexico,Decile 5,Rural,2022
8.899999618530273,26,12428,MEX,331,233,29192,926,Mexico,Decile 6,Rural,2022
10,26,12428,MEX,331,233,29192,927,Mexico,Decile 7,Rural,2022
11.399999618530273,26,12428,MEX,331,233,29192,928,Mexico,Decile 8,Rural,2022
13.600000381469727,26,12428,MEX,331,233,29192,929,Mexico,Decile 9,Rural,2022
3.5,26,12428,MEX,330,233,29192,921,Mexico,Decile 1,Urban,2022
25.899999618530273,26,12428,MEX,330,233,29192,930,Mexico,Decile 10,Urban,2022
5.099999904632568,26,12428,MEX,330,233,29192,922,Mexico,Decile 2,Urban,2022
6.099999904632568,26,12428,MEX,330,233,29192,923,Mexico,Decile 3,Urban,2022
7,26,12428,MEX,330,233,29192,924,Mexico,Decile 4,Urban,2022
8,26,12428,MEX,330,233,29192,925,Mexico,Decile 5,Urban,2022
8.800000190734863,26,12428,MEX,330,233,29192,926,Mexico,Decile 6,Urban,2022
9.899999618530273,26,12428,MEX,330,233,29192,927,Mexico,Decile 7,Urban,2022
11.399999618530273,26,12428,MEX,330,233,29192,928,Mexico,Decile 8,Urban,2022
14.199999809265137,26,12428,MEX,330,233,29192,929,Mexico,Decile 9,Urban,2022
3.200000047683716,26,12428,MEX,327,233,29194,921,Mexico,Decile 1,National,2024
25.700000762939453,26,12428,MEX,327,233,29194,930,Mexico,Decile 10,National,2024
5,26,12428,MEX,327,233,29194,922,Mexico,Decile 2,National,2024
6.099999904632568,26,12428,MEX,327,233,29194,923,Mexico,Decile 3,National,2024
7,26,12428,MEX,327,233,29194,924,Mexico,Decile 4,National,2024
8.100000381469727,26,12428,MEX,327,233,29194,925,Mexico,Decile 5,National,2024
9,26,12428,MEX,327,233,29194,926,Mexico,Decile 6,National,2024
10.300000190734863,26,12428,MEX,327,233,29194,927,Mexico,Decile 7,National,2024
11.699999809265137,26,12428,MEX,327,233,29194,928,Mexico,Decile 8,National,2024
14,26,12428,MEX,327,233,29194,929,Mexico,Decile 9,National,2024
3.299999952316284,26,12428,MEX,331,233,29194,921,Mexico,Decile 1,Rural,2024
23.299999237060547,26,12428,MEX,331,233,29194,930,Mexico,Decile 10,Rural,2024
5.199999809265137,26,12428,MEX,331,233,29194,922,Mexico,Decile 2,Rural,2024
6.300000190734863,26,12428,MEX,331,233,29194,923,Mexico,Decile 3,Rural,2024
7.400000095367432,26,12428,MEX,331,233,29194,924,Mexico,Decile 4,Rural,2024
8.5,26,12428,MEX,331,233,29194,925,Mexico,Decile 5,Rural,2024
9.300000190734863,26,12428,MEX,331,233,29194,926,Mexico,Decile 6,Rural,2024
10.600000381469727,26,12428,MEX,331,233,29194,927,Mexico,Decile 7,Rural,2024
11.800000190734863,26,12428,MEX,331,233,29194,928,Mexico,Decile 8,Rural,2024
14.300000190734863,26,12428,MEX,331,233,29194,929,Mexico,Decile 9,Rural,2024
3.700000047683716,26,12428,MEX,330,233,29194,921,Mexico,Decile 1,Urban,2024
25,26,12428,MEX,330,233,29194,930,Mexico,Decile 10,Urban,2024
5.300000190734863,26,12428,MEX,330,233,29194,922,Mexico,Decile 2,Urban,2024
6.300000190734863,26,12428,MEX,330,233,29194,923,Mexico,Decile 3,Urban,2024
7.300000190734863,26,12428,MEX,330,233,29194,924,Mexico,Decile 4,Urban,2024
8.100000381469727,26,12428,MEX,330,233,29194,925,Mexico,Decile 5,Urban,2024
9,26,12428,MEX,330,233,29194,926,Mexico,Decile 6,Urban,2024
10.100000381469727,26,12428,MEX,330,233,29194,927,Mexico,Decile 7,Urban,2024
11.399999618530273,26,12428,MEX,330,233,29194,928,Mexico,Decile 8,Urban,2024
13.699999809265137,26,12428,MEX,330,233,29194,929,Mexico,Decile 9,Urban,2024
1.2999999523162842,26,,NIC,327,240,29171,921,Nicaragua,Decile 1,National,2001
38.5,26,,NIC,327,240,29171,930,Nicaragua,Decile 10,National,2001
3,26,,NIC,327,240,29171,922,Nicaragua,Decile 2,National,2001
3.9000000953674316,26,,NIC,327,240,29171,923,Nicaragua,Decile 3,National,2001
5.099999904632568,26,,NIC,327,240,29171,924,Nicaragua,Decile 4,National,2001
5.800000190734863,26,,NIC,327,240,29171,925,Nicaragua,Decile 5,National,2001
7.699999809265137,26,,NIC,327,240,29171,926,Nicaragua,Decile 6,National,2001
8.399999618530273,26,,NIC,327,240,29171,927,Nicaragua,Decile 7,National,2001
11.100000381469727,26,,NIC,327,240,29171,928,Nicaragua,Decile 8,National,2001
15.199999809265137,26,,NIC,327,240,29171,929,Nicaragua,Decile 9,National,2001
1.5,26,,NIC,331,240,29171,921,Nicaragua,Decile 1,Rural,2001
30.100000381469727,26,,NIC,331,240,29171,930,Nicaragua,Decile 10,Rural,2001
3.4000000953674316,26,,NIC,331,240,29171,922,Nicaragua,Decile 2,Rural,2001
4.900000095367432,26,,NIC,331,240,29171,923,Nicaragua,Decile 3,Rural,2001
6.300000190734863,26,,NIC,331,240,29171,924,Nicaragua,Decile 4,Rural,2001
7.099999904632568,26,,NIC,331,240,29171,925,Nicaragua,Decile 5,Rural,2001
9,26,,NIC,331,240,29171,926,Nicaragua,Decile 6,Rural,2001
10,26,,NIC,331,240,29171,927,Nicaragua,Decile 7,Rural,2001
12.600000381469727,26,,NIC,331,240,29171,928,Nicaragua,Decile 8,Rural,2001
15.199999809265137,26,,NIC,331,240,29171,929,Nicaragua,Decile 9,Rural,2001
1.7999999523162842,26,,NIC,330,240,29171,921,Nicaragua,Decile 1,Urban,2001
39,26,,NIC,330,240,29171,930,Nicaragua,Decile 10,Urban,2001
3.299999952316284,26,,NIC,330,240,29171,922,Nicaragua,Decile 2,Urban,2001
4.199999809265137,26,,NIC,330,240,29171,923,Nicaragua,Decile 3,Urban,2001
5.199999809265137,26,,NIC,330,240,29171,924,Nicaragua,Decile 4,Urban,2001
6.199999809265137,26,,NIC,330,240,29171,925,Nicaragua,Decile 5,Urban,2001
7,26,,NIC,330,240,29171,926,Nicaragua,Decile 6,Urban,2001
8.699999809265137,26,,NIC,330,240,29171,927,Nicaragua,Decile 7,Urban,2001
11,26,,NIC,330,240,29171,928,Nicaragua,Decile 8,Urban,2001
13.600000381469727,26,,NIC,330,240,29171,929,Nicaragua,Decile 9,Urban,2001
1.7999999523162842,26,,NIC,327,240,29175,921,Nicaragua,Decile 1,National,2005
34.599998474121094,26,,NIC,327,240,29175,930,Nicaragua,Decile 10,National,2005
3.200000047683716,26,,NIC,327,240,29175,922,Nicaragua,Decile 2,National,2005
4.5,26,,NIC,327,240,29175,923,Nicaragua,Decile 3,National,2005
5.300000190734863,26,,NIC,327,240,29175,924,Nicaragua,Decile 4,National,2005
6.800000190734863,26,,NIC,327,240,29175,925,Nicaragua,Decile 5,National,2005
8.300000190734863,26,,NIC,327,240,29175,926,Nicaragua,Decile 6,National,2005
9.300000190734863,26,,NIC,327,240,29175,927,Nicaragua,Decile 7,National,2005
11.5,26,,NIC,327,240,29175,928,Nicaragua,Decile 8,National,2005
14.699999809265137,26,,NIC,327,240,29175,929,Nicaragua,Decile 9,National,2005
2.0999999046325684,26,,NIC,331,240,29175,921,Nicaragua,Decile 1,Rural,2005
28.799999237060547,26,,NIC,331,240,29175,930,Nicaragua,Decile 10,Rural,2005
3.5999999046325684,26,,NIC,331,240,29175,922,Nicaragua,Decile 2,Rural,2005
5.099999904632568,26,,NIC,331,240,29175,923,Nicaragua,Decile 3,Rural,2005
5.900000095367432,26,,NIC,331,240,29175,924,Nicaragua,Decile 4,Rural,2005
7.5,26,,NIC,331,240,29175,925,Nicaragua,Decile 5,Rural,2005
8.199999809265137,26,,NIC,331,240,29175,926,Nicaragua,Decile 6,Rural,2005
10,26,,NIC,331,240,29175,927,Nicaragua,Decile 7,Rural,2005
12.800000190734863,26,,NIC,331,240,29175,928,Nicaragua,Decile 8,Rural,2005
16,26,,NIC,331,240,29175,929,Nicaragua,Decile 9,Rural,2005
2.4000000953674316,26,,NIC,330,240,29175,921,Nicaragua,Decile 1,Urban,2005
33.599998474121094,26,,NIC,330,240,29175,930,Nicaragua,Decile 10,Urban,2005
3.5999999046325684,26,,NIC,330,240,29175,922,Nicaragua,Decile 2,Urban,2005
5,26,,NIC,330,240,29175,923,Nicaragua,Decile 3,Urban,2005
5.900000095367432,26,,NIC,330,240,29175,924,Nicaragua,Decile 4,Urban,2005
7.300000190734863,26,,NIC,330,240,29175,925,Nicaragua,Decile 5,Urban,2005
7.5,26,,NIC,330,240,29175,926,Nicaragua,Decile 6,Urban,2005
9,26,,NIC,330,240,29175,927,Nicaragua,Decile 7,Urban,2005
11.300000190734863,26,,NIC,330,240,29175,928,Nicaragua,Decile 8,Urban,2005
14.5,26,,NIC,330,240,29175,929,Nicaragua,Decile 9,Urban,2005
2.299999952316284,26,,NIC,327,240,29179,921,Nicaragua,Decile 1,National,2009
28.200000762939453,26,,NIC,327,240,29179,930,Nicaragua,Decile 10,National,2009
3.9000000953674316,26,,NIC,327,240,29179,922,Nicaragua,Decile 2,National,2009
5.199999809265137,26,,NIC,327,240,29179,923,Nicaragua,Decile 3,National,2009
6.400000095367432,26,,NIC,327,240,29179,924,Nicaragua,Decile 4,National,2009
7.5,26,,NIC,327,240,29179,925,Nicaragua,Decile 5,National,2009
8.300000190734863,26,,NIC,327,240,29179,926,Nicaragua,Decile 6,National,2009
10.100000381469727,26,,NIC,327,240,29179,927,Nicaragua,Decile 7,National,2009
12.199999809265137,26,,NIC,327,240,29179,928,Nicaragua,Decile 8,National,2009
16,26,,NIC,327,240,29179,929,Nicaragua,Decile 9,National,2009
2.4000000953674316,26,,NIC,331,240,29179,921,Nicaragua,Decile 1,Rural,2009
28.700000762939453,26,,NIC,331,240,29179,930,Nicaragua,Decile 10,Rural,2009
4.199999809265137,26,,NIC,331,240,29179,922,Nicaragua,Decile 2,Rural,2009
5.400000095367432,26,,NIC,331,240,29179,923,Nicaragua,Decile 3,Rural,2009
6.300000190734863,26,,NIC,331,240,29179,924,Nicaragua,Decile 4,Rural,2009
7.800000190734863,26,,NIC,331,240,29179,925,Nicaragua,Decile 5,Rural,2009
8.800000190734863,26,,NIC,331,240,29179,926,Nicaragua,Decile 6,Rural,2009
10.399999618530273,26,,NIC,331,240,29179,927,Nicaragua,Decile 7,Rural,2009
10.800000190734863,26,,NIC,331,240,29179,928,Nicaragua,Decile 8,Rural,2009
15.300000190734863,26,,NIC,331,240,29179,929,Nicaragua,Decile 9,Rural,2009
2.799999952316284,26,,NIC,330,240,29179,921,Nicaragua,Decile 1,Urban,2009
26.700000762939453,26,,NIC,330,240,29179,930,Nicaragua,Decile 10,Urban,2009
4.300000190734863,26,,NIC,330,240,29179,922,Nicaragua,Decile 2,Urban,2009
5.800000190734863,26,,NIC,330,240,29179,923,Nicaragua,Decile 3,Urban,2009
6.599999904632568,26,,NIC,330,240,29179,924,Nicaragua,Decile 4,Urban,2009
7.699999809265137,26,,NIC,330,240,29179,925,Nicaragua,Decile 5,Urban,2009
8.600000381469727,26,,NIC,330,240,29179,926,Nicaragua,Decile 6,Urban,2009
9.699999809265137,26,,NIC,330,240,29179,927,Nicaragua,Decile 7,Urban,2009
12.300000190734863,26,,NIC,330,240,29179,928,Nicaragua,Decile 8,Urban,2009
15.399999618530273,26,,NIC,330,240,29179,929,Nicaragua,Decile 9,Urban,2009
1.7000000476837158,26,,NIC,327,240,29184,921,Nicaragua,Decile 1,National,2014
33.70000076293945,26,,NIC,327,240,29184,930,Nicaragua,Decile 10,National,2014
3.4000000953674316,26,,NIC,327,240,29184,922,Nicaragua,Decile 2,National,2014
4.699999809265137,26,,NIC,327,240,29184,923,Nicaragua,Decile 3,National,2014
5.5,26,,NIC,327,240,29184,924,Nicaragua,Decile 4,National,2014
7.199999809265137,26,,NIC,327,240,29184,925,Nicaragua,Decile 5,National,2014
8.5,26,,NIC,327,240,29184,926,Nicaragua,Decile 6,National,2014
9.800000190734863,26,,NIC,327,240,29184,927,Nicaragua,Decile 7,National,2014
11.199999809265137,26,,NIC,327,240,29184,928,Nicaragua,Decile 8,National,2014
14.399999618530273,26,,NIC,327,240,29184,929,Nicaragua,Decile 9,National,2014
1.899999976158142,26,,NIC,331,240,29184,921,Nicaragua,Decile 1,Rural,2014
27.299999237060547,26,,NIC,331,240,29184,930,Nicaragua,Decile 10,Rural,2014
3.5999999046325684,26,,NIC,331,240,29184,922,Nicaragua,Decile 2,Rural,2014
5.199999809265137,26,,NIC,331,240,29184,923,Nicaragua,Decile 3,Rural,2014
6.099999904632568,26,,NIC,331,240,29184,924,Nicaragua,Decile 4,Rural,2014
8.300000190734863,26,,NIC,331,240,29184,925,Nicaragua,Decile 5,Rural,2014
8.5,26,,NIC,331,240,29184,926,Nicaragua,Decile 6,Rural,2014
10.199999809265137,26,,NIC,331,240,29184,927,Nicaragua,Decile 7,Rural,2014
13.100000381469727,26,,NIC,331,240,29184,928,Nicaragua,Decile 8,Rural,2014
15.699999809265137,26,,NIC,331,240,29184,929,Nicaragua,Decile 9,Rural,2014
2.4000000953674316,26,,NIC,330,240,29184,921,Nicaragua,Decile 1,Urban,2014
32.79999923706055,26,,NIC,330,240,29184,930,Nicaragua,Decile 10,Urban,2014
4.099999904632568,26,,NIC,330,240,29184,922,Nicaragua,Decile 2,Urban,2014
5.199999809265137,26,,NIC,330,240,29184,923,Nicaragua,Decile 3,Urban,2014
6.400000095367432,26,,NIC,330,240,29184,924,Nicaragua,Decile 4,Urban,2014
7.300000190734863,26,,NIC,330,240,29184,925,Nicaragua,Decile 5,Urban,2014
8.199999809265137,26,,NIC,330,240,29184,926,Nicaragua,Decile 6,Urban,2014
8.899999618530273,26,,NIC,330,240,29184,927,Nicaragua,Decile 7,Urban,2014
10.5,26,,NIC,330,240,29184,928,Nicaragua,Decile 8,Urban,2014
14.100000381469727,26,,NIC,330,240,29184,929,Nicaragua,Decile 9,Urban,2014
1,26,10359,PAN,327,241,29170,921,Panama,Decile 1,National,2000
36.29999923706055,26,10359,PAN,327,241,29170,930,Panama,Decile 10,National,2000
2.4000000953674316,26,10359,PAN,327,241,29170,922,Panama,Decile 2,National,2000
3.700000047683716,26,10359,PAN,327,241,29170,923,Panama,Decile 3,National,2000
4.800000190734863,26,10359,PAN,327,241,29170,924,Panama,Decile 4,National,2000
6.099999904632568,26,10359,PAN,327,241,29170,925,Panama,Decile 5,National,2000
7.599999904632568,26,10359,PAN,327,241,29170,926,Panama,Decile 6,National,2000
9.800000190734863,26,10359,PAN,327,241,29170,927,Panama,Decile 7,National,2000
11.899999618530273,26,10359,PAN,327,241,29170,928,Panama,Decile 8,National,2000
16.5,26,10359,PAN,327,241,29170,929,Panama,Decile 9,National,2000
1.2000000476837158,26,10359,PAN,331,241,29170,921,Panama,Decile 1,Rural,2000
31.899999618530273,26,10359,PAN,331,241,29170,930,Panama,Decile 10,Rural,2000
2.799999952316284,26,10359,PAN,331,241,29170,922,Panama,Decile 2,Rural,2000
3.9000000953674316,26,10359,PAN,331,241,29170,923,Panama,Decile 3,Rural,2000
5.5,26,10359,PAN,331,241,29170,924,Panama,Decile 4,Rural,2000
6.900000095367432,26,10359,PAN,331,241,29170,925,Panama,Decile 5,Rural,2000
8.399999618530273,26,10359,PAN,331,241,29170,926,Panama,Decile 6,Rural,2000
10.699999809265137,26,10359,PAN,331,241,29170,927,Panama,Decile 7,Rural,2000
12.5,26,10359,PAN,331,241,29170,928,Panama,Decile 8,Rural,2000
16.100000381469727,26,10359,PAN,331,241,29170,929,Panama,Decile 9,Rural,2000
1.399999976158142,26,10359,PAN,330,241,29170,921,Panama,Decile 1,Urban,2000
33.900001525878906,26,10359,PAN,330,241,29170,930,Panama,Decile 10,Urban,2000
3.200000047683716,26,10359,PAN,330,241,29170,922,Panama,Decile 2,Urban,2000
4.099999904632568,26,10359,PAN,330,241,29170,923,Panama,Decile 3,Urban,2000
5.400000095367432,26,10359,PAN,330,241,29170,924,Panama,Decile 4,Urban,2000
6.599999904632568,26,10359,PAN,330,241,29170,925,Panama,Decile 5,Urban,2000
8.300000190734863,26,10359,PAN,330,241,29170,926,Panama,Decile 6,Urban,2000
9.399999618530273,26,10359,PAN,330,241,29170,927,Panama,Decile 7,Urban,2000
11.600000381469727,26,10359,PAN,330,241,29170,928,Panama,Decile 8,Urban,2000
15.899999618530273,26,10359,PAN,330,241,29170,929,Panama,Decile 9,Urban,2000
0.8999999761581421,26,10359,PAN,327,241,29171,921,Panama,Decile 1,National,2001
35.599998474121094,26,10359,PAN,327,241,29171,930,Panama,Decile 10,National,2001
2.200000047683716,26,10359,PAN,327,241,29171,922,Panama,Decile 2,National,2001
3.5999999046325684,26,10359,PAN,327,241,29171,923,Panama,Decile 3,National,2001
4.800000190734863,26,10359,PAN,327,241,29171,924,Panama,Decile 4,National,2001
6.099999904632568,26,10359,PAN,327,241,29171,925,Panama,Decile 5,National,2001
8,26,10359,PAN,327,241,29171,926,Panama,Decile 6,National,2001
9.699999809265137,26,10359,PAN,327,241,29171,927,Panama,Decile 7,National,2001
12.5,26,10359,PAN,327,241,29171,928,Panama,Decile 8,National,2001
16.600000381469727,26,10359,PAN,327,241,29171,929,Panama,Decile 9,National,2001
1.2999999523162842,26,10359,PAN,331,241,29171,921,Panama,Decile 1,Rural,2001
30.5,26,10359,PAN,331,241,29171,930,Panama,Decile 10,Rural,2001
2.799999952316284,26,10359,PAN,331,241,29171,922,Panama,Decile 2,Rural,2001
4,26,10359,PAN,331,241,29171,923,Panama,Decile 3,Rural,2001
5.099999904632568,26,10359,PAN,331,241,29171,924,Panama,Decile 4,Rural,2001
6.900000095367432,26,10359,PAN,331,241,29171,925,Panama,Decile 5,Rural,2001
8.800000190734863,26,10359,PAN,331,241,29171,926,Panama,Decile 6,Rural,2001
10.199999809265137,26,10359,PAN,331,241,29171,927,Panama,Decile 7,Rural,2001
13.300000190734863,26,10359,PAN,331,241,29171,928,Panama,Decile 8,Rural,2001
17.100000381469727,26,10359,PAN,331,241,29171,929,Panama,Decile 9,Rural,2001
1.2999999523162842,26,10359,PAN,330,241,29171,921,Panama,Decile 1,Urban,2001
32.900001525878906,26,10359,PAN,330,241,29171,930,Panama,Decile 10,Urban,2001
3.200000047683716,26,10359,PAN,330,241,29171,922,Panama,Decile 2,Urban,2001
4.400000095367432,26,10359,PAN,330,241,29171,923,Panama,Decile 3,Urban,2001
12.199999809265137,26,10359,PAN,330,241,29175,928,Panama,Decile 8,Urban,2005
16,26,10359,PAN,330,241,29175,929,Panama,Decile 9,Urban,2005
1.100000023841858,26,10359,PAN,327,241,29176,921,Panama,Decile 1,National,2006
34.20000076293945,26,10359,PAN,327,241,29176,930,Panama,Decile 10,National,2006
2.5,26,10359,PAN,327,241,29176,922,Panama,Decile 2,National,2006
3.799999952316284,26,10359,PAN,327,241,29176,923,Panama,Decile 3,National,2006
5,26,10359,PAN,327,241,29176,924,Panama,Decile 4,National,2006
6.300000190734863,26,10359,PAN,327,241,29176,925,Panama,Decile 5,National,2006
7.900000095367432,26,10359,PAN,327,241,29176,926,Panama,Decile 6,National,2006
10,26,10359,PAN,327,241,29176,927,Panama,Decile 7,National,2006
12.199999809265137,26,10359,PAN,327,241,29176,928,Panama,Decile 8,National,2006
17,26,10359,PAN,327,241,29176,929,Panama,Decile 9,National,2006
1.7000000476837158,26,10359,PAN,331,241,29176,921,Panama,Decile 1,Rural,2006
31.100000381469727,26,10359,PAN,331,241,29176,930,Panama,Decile 10,Rural,2006
2.9000000953674316,26,10359,PAN,331,241,29176,922,Panama,Decile 2,Rural,2006
4.099999904632568,26,10359,PAN,331,241,29176,923,Panama,Decile 3,Rural,2006
5.5,26,10359,PAN,331,241,29176,924,Panama,Decile 4,Rural,2006
7.199999809265137,26,10359,PAN,331,241,29176,925,Panama,Decile 5,Rural,2006
8.5,26,10359,PAN,331,241,29176,926,Panama,Decile 6,Rural,2006
10.100000381469727,26,10359,PAN,331,241,29176,927,Panama,Decile 7,Rural,2006
12.600000381469727,26,10359,PAN,331,241,29176,928,Panama,Decile 8,Rural,2006
16.200000762939453,26,10359,PAN,331,241,29176,929,Panama,Decile 9,Rural,2006
1.600000023841858,26,10359,PAN,330,241,29176,921,Panama,Decile 1,Urban,2006
31.899999618530273,26,10359,PAN,330,241,29176,930,Panama,Decile 10,Urban,2006
3.5,26,10359,PAN,330,241,29176,922,Panama,Decile 2,Urban,2006
4.5,26,10359,PAN,330,241,29176,923,Panama,Decile 3,Urban,2006
5.699999809265137,26,10359,PAN,330,241,29176,924,Panama,Decile 4,Urban,2006
6.900000095367432,26,10359,PAN,330,241,29176,925,Panama,Decile 5,Urban,2006
8.399999618530273,26,10359,PAN,330,241,29176,926,Panama,Decile 6,Urban,2006
9.699999809265137,26,10359,PAN,330,241,29176,927,Panama,Decile 7,Urban,2006
11.899999618530273,26,10359,PAN,330,241,29176,928,Panama,Decile 8,Urban,2006
16,26,10359,PAN,330,241,29176,929,Panama,Decile 9,Urban,2006
1.600000023841858,26,10359,PAN,327,241,29177,921,Panama,Decile 1,National,2007
33,26,10359,PAN,327,241,29177,930,Panama,Decile 10,National,2007
3,26,10359,PAN,327,241,29177,922,Panama,Decile 2,National,2007
4.300000190734863,26,10359,PAN,327,241,29177,923,Panama,Decile 3,National,2007
5.5,26,10359,PAN,327,241,29177,924,Panama,Decile 4,National,2007
6.699999809265137,26,10359,PAN,327,241,29177,925,Panama,Decile 5,National,2007
8.5,26,10359,PAN,327,241,29177,926,Panama,Decile 6,National,2007
9.699999809265137,26,10359,PAN,327,241,29177,927,Panama,Decile 7,National,2007
11.899999618530273,26,10359,PAN,327,241,29177,928,Panama,Decile 8,National,2007
15.800000190734863,26,10359,PAN,327,241,29177,929,Panama,Decile 9,National,2007
2.4000000953674316,26,10359,PAN,331,241,29177,921,Panama,Decile 1,Rural,2007
29.799999237060547,26,10359,PAN,331,241,29177,930,Panama,Decile 10,Rural,2007
3.9000000953674316,26,10359,PAN,331,241,29177,922,Panama,Decile 2,Rural,2007
4.900000095367432,26,10359,PAN,331,241,29177,923,Panama,Decile 3,Rural,2007
6,26,10359,PAN,331,241,29177,924,Panama,Decile 4,Rural,2007
7.099999904632568,26,10359,PAN,331,241,29177,925,Panama,Decile 5,Rural,2007
8.199999809265137,26,10359,PAN,331,241,29177,926,Panama,Decile 6,Rural,2007
10.399999618530273,26,10359,PAN,331,241,29177,927,Panama,Decile 7,Rural,2007
12.199999809265137,26,10359,PAN,331,241,29177,928,Panama,Decile 8,Rural,2007
15.100000381469727,26,10359,PAN,331,241,29177,929,Panama,Decile 9,Rural,2007
2.200000047683716,26,10359,PAN,330,241,29177,921,Panama,Decile 1,Urban,2007
30.799999237060547,26,10359,PAN,330,241,29177,930,Panama,Decile 10,Urban,2007
4,26,10359,PAN,330,241,29177,922,Panama,Decile 2,Urban,2007
5.099999904632568,26,10359,PAN,330,241,29177,923,Panama,Decile 3,Urban,2007
5.900000095367432,26,10359,PAN,330,241,29177,924,Panama,Decile 4,Urban,2007
7.5,26,10359,PAN,330,241,29177,925,Panama,Decile 5,Urban,2007
8.199999809265137,26,10359,PAN,330,241,29177,926,Panama,Decile 6,Urban,2007
9.600000381469727,26,10359,PAN,330,241,29177,927,Panama,Decile 7,Urban,2007
11.5,26,10359,PAN,330,241,29177,928,Panama,Decile 8,Urban,2007
15.199999809265137,26,10359,PAN,330,241,29177,929,Panama,Decile 9,Urban,2007
1.7000000476837158,26,10359,PAN,327,241,29178,921,Panama,Decile 1,National,2008
33.099998474121094,26,10359,PAN,327,241,29178,930,Panama,Decile 10,National,2008
3.200000047683716,26,10359,PAN,327,241,29178,922,Panama,Decile 2,National,2008
4.400000095367432,26,10359,PAN,327,241,29178,923,Panama,Decile 3,National,2008
5.599999904632568,26,10359,PAN,327,241,29178,924,Panama,Decile 4,National,2008
7.199999809265137,26,10359,PAN,327,241,29178,925,Panama,Decile 5,National,2008
8.300000190734863,26,10359,PAN,327,241,29178,926,Panama,Decile 6,National,2008
9.600000381469727,26,10359,PAN,327,241,29178,927,Panama,Decile 7,National,2008
11.399999618530273,26,10359,PAN,327,241,29178,928,Panama,Decile 8,National,2008
15.399999618530273,26,10359,PAN,327,241,29178,929,Panama,Decile 9,National,2008
2.700000047683716,26,10359,PAN,331,241,29178,921,Panama,Decile 1,Rural,2008
5.400000095367432,26,10359,PAN,330,241,29171,924,Panama,Decile 4,Urban,2001
6.900000095367432,26,10359,PAN,330,241,29171,925,Panama,Decile 5,Urban,2001
8.199999809265137,26,10359,PAN,330,241,29171,926,Panama,Decile 6,Urban,2001
9.800000190734863,26,10359,PAN,330,241,29171,927,Panama,Decile 7,Urban,2001
12,26,10359,PAN,330,241,29171,928,Panama,Decile 8,Urban,2001
15.899999618530273,26,10359,PAN,330,241,29171,929,Panama,Decile 9,Urban,2001
1.100000023841858,26,10359,PAN,327,241,29172,921,Panama,Decile 1,National,2002
36.400001525878906,26,10359,PAN,327,241,29172,930,Panama,Decile 10,National,2002
2.299999952316284,26,10359,PAN,327,241,29172,922,Panama,Decile 2,National,2002
3.5,26,10359,PAN,327,241,29172,923,Panama,Decile 3,National,2002
4.800000190734863,26,10359,PAN,327,241,29172,924,Panama,Decile 4,National,2002
6.099999904632568,26,10359,PAN,327,241,29172,925,Panama,Decile 5,National,2002
7.599999904632568,26,10359,PAN,327,241,29172,926,Panama,Decile 6,National,2002
9.699999809265137,26,10359,PAN,327,241,29172,927,Panama,Decile 7,National,2002
12.300000190734863,26,10359,PAN,327,241,29172,928,Panama,Decile 8,National,2002
16.200000762939453,26,10359,PAN,327,241,29172,929,Panama,Decile 9,National,2002
1.7000000476837158,26,10359,PAN,331,241,29172,921,Panama,Decile 1,Rural,2002
32.400001525878906,26,10359,PAN,331,241,29172,930,Panama,Decile 10,Rural,2002
3.200000047683716,26,10359,PAN,331,241,29172,922,Panama,Decile 2,Rural,2002
4.199999809265137,26,10359,PAN,331,241,29172,923,Panama,Decile 3,Rural,2002
5.300000190734863,26,10359,PAN,331,241,29172,924,Panama,Decile 4,Rural,2002
6.800000190734863,26,10359,PAN,331,241,29172,925,Panama,Decile 5,Rural,2002
8.100000381469727,26,10359,PAN,331,241,29172,926,Panama,Decile 6,Rural,2002
9.600000381469727,26,10359,PAN,331,241,29172,927,Panama,Decile 7,Rural,2002
12.800000190734863,26,10359,PAN,331,241,29172,928,Panama,Decile 8,Rural,2002
15.899999618530273,26,10359,PAN,331,241,29172,929,Panama,Decile 9,Rural,2002
1.5,26,10359,PAN,330,241,29172,921,Panama,Decile 1,Urban,2002
33.400001525878906,26,10359,PAN,330,241,29172,930,Panama,Decile 10,Urban,2002
3.299999952316284,26,10359,PAN,330,241,29172,922,Panama,Decile 2,Urban,2002
4.400000095367432,26,10359,PAN,330,241,29172,923,Panama,Decile 3,Urban,2002
5.300000190734863,26,10359,PAN,330,241,29172,924,Panama,Decile 4,Urban,2002
6.699999809265137,26,10359,PAN,330,241,29172,925,Panama,Decile 5,Urban,2002
8.199999809265137,26,10359,PAN,330,241,29172,926,Panama,Decile 6,Urban,2002
9.800000190734863,26,10359,PAN,330,241,29172,927,Panama,Decile 7,Urban,2002
11.100000381469727,26,10359,PAN,330,241,29172,928,Panama,Decile 8,Urban,2002
16.200000762939453,26,10359,PAN,330,241,29172,929,Panama,Decile 9,Urban,2002
1.100000023841858,26,10359,PAN,327,241,29173,921,Panama,Decile 1,National,2003
36.099998474121094,26,10359,PAN,327,241,29173,930,Panama,Decile 10,National,2003
2.299999952316284,26,10359,PAN,327,241,29173,922,Panama,Decile 2,National,2003
3.5999999046325684,26,10359,PAN,327,241,29173,923,Panama,Decile 3,National,2003
4.800000190734863,26,10359,PAN,327,241,29173,924,Panama,Decile 4,National,2003
6,26,10359,PAN,327,241,29173,925,Panama,Decile 5,National,2003
7.599999904632568,26,10359,PAN,327,241,29173,926,Panama,Decile 6,National,2003
9.699999809265137,26,10359,PAN,327,241,29173,927,Panama,Decile 7,National,2003
12.300000190734863,26,10359,PAN,327,241,29173,928,Panama,Decile 8,National,2003
16.600000381469727,26,10359,PAN,327,241,29173,929,Panama,Decile 9,National,2003
1.7999999523162842,26,10359,PAN,331,241,29173,921,Panama,Decile 1,Rural,2003
32.099998474121094,26,10359,PAN,331,241,29173,930,Panama,Decile 10,Rural,2003
3.0999999046325684,26,10359,PAN,331,241,29173,922,Panama,Decile 2,Rural,2003
4.099999904632568,26,10359,PAN,331,241,29173,923,Panama,Decile 3,Rural,2003
5.400000095367432,26,10359,PAN,331,241,29173,924,Panama,Decile 4,Rural,2003
6.599999904632568,26,10359,PAN,331,241,29173,925,Panama,Decile 5,Rural,2003
8.699999809265137,26,10359,PAN,331,241,29173,926,Panama,Decile 6,Rural,2003
9.600000381469727,26,10359,PAN,331,241,29173,927,Panama,Decile 7,Rural,2003
12.600000381469727,26,10359,PAN,331,241,29173,928,Panama,Decile 8,Rural,2003
15.899999618530273,26,10359,PAN,331,241,29173,929,Panama,Decile 9,Rural,2003
1.5,26,10359,PAN,330,241,29173,921,Panama,Decile 1,Urban,2003
33.20000076293945,26,10359,PAN,330,241,29173,930,Panama,Decile 10,Urban,2003
3.200000047683716,26,10359,PAN,330,241,29173,922,Panama,Decile 2,Urban,2003
4.400000095367432,26,10359,PAN,330,241,29173,923,Panama,Decile 3,Urban,2003
5.300000190734863,26,10359,PAN,330,241,29173,924,Panama,Decile 4,Urban,2003
6.699999809265137,26,10359,PAN,330,241,29173,925,Panama,Decile 5,Urban,2003
8.199999809265137,26,10359,PAN,330,241,29173,926,Panama,Decile 6,Urban,2003
9.899999618530273,26,10359,PAN,330,241,29173,927,Panama,Decile 7,Urban,2003
11.399999618530273,26,10359,PAN,330,241,29173,928,Panama,Decile 8,Urban,2003
16.399999618530273,26,10359,PAN,330,241,29173,929,Panama,Decile 9,Urban,2003
1.100000023841858,26,10359,PAN,327,241,29174,921,Panama,Decile 1,National,2004
35.400001525878906,26,10359,PAN,327,241,29174,930,Panama,Decile 10,National,2004
2.4000000953674316,26,10359,PAN,327,241,29174,922,Panama,Decile 2,National,2004
3.5999999046325684,26,10359,PAN,327,241,29174,923,Panama,Decile 3,National,2004
4.900000095367432,26,10359,PAN,327,241,29174,924,Panama,Decile 4,National,2004
6.400000095367432,26,10359,PAN,327,241,29174,925,Panama,Decile 5,National,2004
8,26,10359,PAN,327,241,29174,926,Panama,Decile 6,National,2004
9.300000190734863,26,10359,PAN,327,241,29174,927,Panama,Decile 7,National,2004
12.100000381469727,26,10359,PAN,327,241,29174,928,Panama,Decile 8,National,2004
16.700000762939453,26,10359,PAN,327,241,29174,929,Panama,Decile 9,National,2004
1.7999999523162842,26,10359,PAN,331,241,29174,921,Panama,Decile 1,Rural,2004
31.899999618530273,26,10359,PAN,331,241,29174,930,Panama,Decile 10,Rural,2004
3.0999999046325684,26,10359,PAN,331,241,29174,922,Panama,Decile 2,Rural,2004
4,26,10359,PAN,331,241,29174,923,Panama,Decile 3,Rural,2004
5.699999809265137,26,10359,PAN,331,241,29174,924,Panama,Decile 4,Rural,2004
6.599999904632568,26,10359,PAN,331,241,29174,925,Panama,Decile 5,Rural,2004
8.199999809265137,26,10359,PAN,331,241,29174,926,Panama,Decile 6,Rural,2004
10.100000381469727,26,10359,PAN,331,241,29174,927,Panama,Decile 7,Rural,2004
13.199999809265137,26,10359,PAN,331,241,29174,928,Panama,Decile 8,Rural,2004
15.399999618530273,26,10359,PAN,331,241,29174,929,Panama,Decile 9,Rural,2004
1.600000023841858,26,10359,PAN,330,241,29174,921,Panama,Decile 1,Urban,2004
32.599998474121094,26,10359,PAN,330,241,29174,930,Panama,Decile 10,Urban,2004
3.200000047683716,26,10359,PAN,330,241,29174,922,Panama,Decile 2,Urban,2004
4.599999904632568,26,10359,PAN,330,241,29174,923,Panama,Decile 3,Urban,2004
5.800000190734863,26,10359,PAN,330,241,29174,924,Panama,Decile 4,Urban,2004
6.900000095367432,26,10359,PAN,330,241,29174,925,Panama,Decile 5,Urban,2004
7.900000095367432,26,10359,PAN,330,241,29174,926,Panama,Decile 6,Urban,2004
9.699999809265137,26,10359,PAN,330,241,29174,927,Panama,Decile 7,Urban,2004
11.899999618530273,26,10359,PAN,330,241,29174,928,Panama,Decile 8,Urban,2004
15.800000190734863,26,10359,PAN,330,241,29174,929,Panama,Decile 9,Urban,2004
1.2999999523162842,26,10359,PAN,327,241,29175,921,Panama,Decile 1,National,2005
33.5,26,10359,PAN,327,241,29175,930,Panama,Decile 10,National,2005
2.5999999046325684,26,10359,PAN,327,241,29175,922,Panama,Decile 2,National,2005
3.799999952316284,26,10359,PAN,327,241,29175,923,Panama,Decile 3,National,2005
5.099999904632568,26,10359,PAN,327,241,29175,924,Panama,Decile 4,National,2005
6.599999904632568,26,10359,PAN,327,241,29175,925,Panama,Decile 5,National,2005
8,26,10359,PAN,327,241,29175,926,Panama,Decile 6,National,2005
9.600000381469727,26,10359,PAN,327,241,29175,927,Panama,Decile 7,National,2005
12.300000190734863,26,10359,PAN,327,241,29175,928,Panama,Decile 8,National,2005
17.299999237060547,26,10359,PAN,327,241,29175,929,Panama,Decile 9,National,2005
1.899999976158142,26,10359,PAN,331,241,29175,921,Panama,Decile 1,Rural,2005
30.600000381469727,26,10359,PAN,331,241,29175,930,Panama,Decile 10,Rural,2005
3.299999952316284,26,10359,PAN,331,241,29175,922,Panama,Decile 2,Rural,2005
4.400000095367432,26,10359,PAN,331,241,29175,923,Panama,Decile 3,Rural,2005
5.300000190734863,26,10359,PAN,331,241,29175,924,Panama,Decile 4,Rural,2005
7.199999809265137,26,10359,PAN,331,241,29175,925,Panama,Decile 5,Rural,2005
8,26,10359,PAN,331,241,29175,926,Panama,Decile 6,Rural,2005
10,26,10359,PAN,331,241,29175,927,Panama,Decile 7,Rural,2005
13.600000381469727,26,10359,PAN,331,241,29175,928,Panama,Decile 8,Rural,2005
15.699999809265137,26,10359,PAN,331,241,29175,929,Panama,Decile 9,Rural,2005
1.7999999523162842,26,10359,PAN,330,241,29175,921,Panama,Decile 1,Urban,2005
31.100000381469727,26,10359,PAN,330,241,29175,930,Panama,Decile 10,Urban,2005
3.5999999046325684,26,10359,PAN,330,241,29175,922,Panama,Decile 2,Urban,2005
4.699999809265137,26,10359,PAN,330,241,29175,923,Panama,Decile 3,Urban,2005
5.800000190734863,26,10359,PAN,330,241,29175,924,Panama,Decile 4,Urban,2005
7,26,10359,PAN,330,241,29175,925,Panama,Decile 5,Urban,2005
8,26,10359,PAN,330,241,29175,926,Panama,Decile 6,Urban,2005
9.800000190734863,26,10359,PAN,330,241,29175,927,Panama,Decile 7,Urban,2005
29.899999618530273,26,10359,PAN,331,241,29178,930,Panama,Decile 10,Rural,2008
3.700000047683716,26,10359,PAN,331,241,29178,922,Panama,Decile 2,Rural,2008
4.900000095367432,26,10359,PAN,331,241,29178,923,Panama,Decile 3,Rural,2008
6,26,10359,PAN,331,241,29178,924,Panama,Decile 4,Rural,2008
7,26,10359,PAN,331,241,29178,925,Panama,Decile 5,Rural,2008
8.300000190734863,26,10359,PAN,331,241,29178,926,Panama,Decile 6,Rural,2008
10.199999809265137,26,10359,PAN,331,241,29178,927,Panama,Decile 7,Rural,2008
12.300000190734863,26,10359,PAN,331,241,29178,928,Panama,Decile 8,Rural,2008
15.100000381469727,26,10359,PAN,331,241,29178,929,Panama,Decile 9,Rural,2008
2.4000000953674316,26,10359,PAN,330,241,29178,921,Panama,Decile 1,Urban,2008
31.200000762939453,26,10359,PAN,330,241,29178,930,Panama,Decile 10,Urban,2008
4.199999809265137,26,10359,PAN,330,241,29178,922,Panama,Decile 2,Urban,2008
5.400000095367432,26,10359,PAN,330,241,29178,923,Panama,Decile 3,Urban,2008
6.199999809265137,26,10359,PAN,330,241,29178,924,Panama,Decile 4,Urban,2008
7.400000095367432,26,10359,PAN,330,241,29178,925,Panama,Decile 5,Urban,2008
8.100000381469727,26,10359,PAN,330,241,29178,926,Panama,Decile 6,Urban,2008
9.300000190734863,26,10359,PAN,330,241,29178,927,Panama,Decile 7,Urban,2008
11.199999809265137,26,10359,PAN,330,241,29178,928,Panama,Decile 8,Urban,2008
14.600000381469727,26,10359,PAN,330,241,29178,929,Panama,Decile 9,Urban,2008
2,26,10359,PAN,327,241,29179,921,Panama,Decile 1,National,2009
32.79999923706055,26,10359,PAN,327,241,29179,930,Panama,Decile 10,National,2009
3.200000047683716,26,10359,PAN,327,241,29179,922,Panama,Decile 2,National,2009
4.199999809265137,26,10359,PAN,327,241,29179,923,Panama,Decile 3,National,2009
5.800000190734863,26,10359,PAN,327,241,29179,924,Panama,Decile 4,National,2009
6.699999809265137,26,10359,PAN,327,241,29179,925,Panama,Decile 5,National,2009
8.100000381469727,26,10359,PAN,327,241,29179,926,Panama,Decile 6,National,2009
9.899999618530273,26,10359,PAN,327,241,29179,927,Panama,Decile 7,National,2009
11.5,26,10359,PAN,327,241,29179,928,Panama,Decile 8,National,2009
15.800000190734863,26,10359,PAN,327,241,29179,929,Panama,Decile 9,National,2009
3,26,10359,PAN,331,241,29179,921,Panama,Decile 1,Rural,2009
28.200000762939453,26,10359,PAN,331,241,29179,930,Panama,Decile 10,Rural,2009
4.400000095367432,26,10359,PAN,331,241,29179,922,Panama,Decile 2,Rural,2009
5.300000190734863,26,10359,PAN,331,241,29179,923,Panama,Decile 3,Rural,2009
6.5,26,10359,PAN,331,241,29179,924,Panama,Decile 4,Rural,2009
7.400000095367432,26,10359,PAN,331,241,29179,925,Panama,Decile 5,Rural,2009
8,26,10359,PAN,331,241,29179,926,Panama,Decile 6,Rural,2009
9.899999618530273,26,10359,PAN,331,241,29179,927,Panama,Decile 7,Rural,2009
12.600000381469727,26,10359,PAN,331,241,29179,928,Panama,Decile 8,Rural,2009
14.5,26,10359,PAN,331,241,29179,929,Panama,Decile 9,Rural,2009
2.4000000953674316,26,10359,PAN,330,241,29179,921,Panama,Decile 1,Urban,2009
31,26,10359,PAN,330,241,29179,930,Panama,Decile 10,Urban,2009
4.099999904632568,26,10359,PAN,330,241,29179,922,Panama,Decile 2,Urban,2009
5.300000190734863,26,10359,PAN,330,241,29179,923,Panama,Decile 3,Urban,2009
6.099999904632568,26,10359,PAN,330,241,29179,924,Panama,Decile 4,Urban,2009
7.099999904632568,26,10359,PAN,330,241,29179,925,Panama,Decile 5,Urban,2009
8.300000190734863,26,10359,PAN,330,241,29179,926,Panama,Decile 6,Urban,2009
9.399999618530273,26,10359,PAN,330,241,29179,927,Panama,Decile 7,Urban,2009
11.100000381469727,26,10359,PAN,330,241,29179,928,Panama,Decile 8,Urban,2009
15.100000381469727,26,10359,PAN,330,241,29179,929,Panama,Decile 9,Urban,2009
1.899999976158142,26,10359,PAN,327,241,29181,921,Panama,Decile 1,National,2011
33.20000076293945,26,10359,PAN,327,241,29181,930,Panama,Decile 10,National,2011
3.4000000953674316,26,10359,PAN,327,241,29181,922,Panama,Decile 2,National,2011
4.400000095367432,26,10359,PAN,327,241,29181,923,Panama,Decile 3,National,2011
5.699999809265137,26,10359,PAN,327,241,29181,924,Panama,Decile 4,National,2011
6.699999809265137,26,10359,PAN,327,241,29181,925,Panama,Decile 5,National,2011
8.100000381469727,26,10359,PAN,327,241,29181,926,Panama,Decile 6,National,2011
9.899999618530273,26,10359,PAN,327,241,29181,927,Panama,Decile 7,National,2011
11.600000381469727,26,10359,PAN,327,241,29181,928,Panama,Decile 8,National,2011
15.100000381469727,26,10359,PAN,327,241,29181,929,Panama,Decile 9,National,2011
3,26,10359,PAN,331,241,29181,921,Panama,Decile 1,Rural,2011
27.399999618530273,26,10359,PAN,331,241,29181,930,Panama,Decile 10,Rural,2011
4.199999809265137,26,10359,PAN,331,241,29181,922,Panama,Decile 2,Rural,2011
5.199999809265137,26,10359,PAN,331,241,29181,923,Panama,Decile 3,Rural,2011
6.5,26,10359,PAN,331,241,29181,924,Panama,Decile 4,Rural,2011
7.199999809265137,26,10359,PAN,331,241,29181,925,Panama,Decile 5,Rural,2011
8.300000190734863,26,10359,PAN,331,241,29181,926,Panama,Decile 6,Rural,2011
10.199999809265137,26,10359,PAN,331,241,29181,927,Panama,Decile 7,Rural,2011
11.699999809265137,26,10359,PAN,331,241,29181,928,Panama,Decile 8,Rural,2011
16.200000762939453,26,10359,PAN,331,241,29181,929,Panama,Decile 9,Rural,2011
2.5,26,10359,PAN,330,241,29181,921,Panama,Decile 1,Urban,2011
31.700000762939453,26,10359,PAN,330,241,29181,930,Panama,Decile 10,Urban,2011
4,26,10359,PAN,330,241,29181,922,Panama,Decile 2,Urban,2011
5.099999904632568,26,10359,PAN,330,241,29181,923,Panama,Decile 3,Urban,2011
6.199999809265137,26,10359,PAN,330,241,29181,924,Panama,Decile 4,Urban,2011
7,26,10359,PAN,330,241,29181,925,Panama,Decile 5,Urban,2011
8.300000190734863,26,10359,PAN,330,241,29181,926,Panama,Decile 6,Urban,2011
9.300000190734863,26,10359,PAN,330,241,29181,927,Panama,Decile 7,Urban,2011
11.100000381469727,26,10359,PAN,330,241,29181,928,Panama,Decile 8,Urban,2011
14.800000190734863,26,10359,PAN,330,241,29181,929,Panama,Decile 9,Urban,2011
1.899999976158142,26,10359,PAN,327,241,29183,921,Panama,Decile 1,National,2013
32.79999923706055,26,10359,PAN,327,241,29183,930,Panama,Decile 10,National,2013
3.299999952316284,26,10359,PAN,327,241,29183,922,Panama,Decile 2,National,2013
4.5,26,10359,PAN,327,241,29183,923,Panama,Decile 3,National,2013
5.800000190734863,26,10359,PAN,327,241,29183,924,Panama,Decile 4,National,2013
6.900000095367432,26,10359,PAN,327,241,29183,925,Panama,Decile 5,National,2013
8.100000381469727,26,10359,PAN,327,241,29183,926,Panama,Decile 6,National,2013
9.699999809265137,26,10359,PAN,327,241,29183,927,Panama,Decile 7,National,2013
11.600000381469727,26,10359,PAN,327,241,29183,928,Panama,Decile 8,National,2013
15.300000190734863,26,10359,PAN,327,241,29183,929,Panama,Decile 9,National,2013
2.9000000953674316,26,10359,PAN,331,241,29183,921,Panama,Decile 1,Rural,2013
27.899999618530273,26,10359,PAN,331,241,29183,930,Panama,Decile 10,Rural,2013
4.300000190734863,26,10359,PAN,331,241,29183,922,Panama,Decile 2,Rural,2013
5.300000190734863,26,10359,PAN,331,241,29183,923,Panama,Decile 3,Rural,2013
6.099999904632568,26,10359,PAN,331,241,29183,924,Panama,Decile 4,Rural,2013
7.199999809265137,26,10359,PAN,331,241,29183,925,Panama,Decile 5,Rural,2013
8.199999809265137,26,10359,PAN,331,241,29183,926,Panama,Decile 6,Rural,2013
10.199999809265137,26,10359,PAN,331,241,29183,927,Panama,Decile 7,Rural,2013
12.300000190734863,26,10359,PAN,331,241,29183,928,Panama,Decile 8,Rural,2013
15.600000381469727,26,10359,PAN,331,241,29183,929,Panama,Decile 9,Rural,2013
2.5999999046325684,26,10359,PAN,330,241,29183,921,Panama,Decile 1,Urban,2013
30.5,26,10359,PAN,330,241,29183,930,Panama,Decile 10,Urban,2013
4.300000190734863,26,10359,PAN,330,241,29183,922,Panama,Decile 2,Urban,2013
5.199999809265137,26,10359,PAN,330,241,29183,923,Panama,Decile 3,Urban,2013
6.199999809265137,26,10359,PAN,330,241,29183,924,Panama,Decile 4,Urban,2013
7.199999809265137,26,10359,PAN,330,241,29183,925,Panama,Decile 5,Urban,2013
8.100000381469727,26,10359,PAN,330,241,29183,926,Panama,Decile 6,Urban,2013
9.399999618530273,26,10359,PAN,330,241,29183,927,Panama,Decile 7,Urban,2013
11.399999618530273,26,10359,PAN,330,241,29183,928,Panama,Decile 8,Urban,2013
15.100000381469727,26,10359,PAN,330,241,29183,929,Panama,Decile 9,Urban,2013
2,26,10360,PAN,327,241,29184,921,Panama,Decile 1,National,2014
30.799999237060547,26,10360,PAN,327,241,29184,930,Panama,Decile 10,National,2014
3.5999999046325684,26,10360,PAN,327,241,29184,922,Panama,Decile 2,National,2014
4.599999904632568,26,10360,PAN,327,241,29184,923,Panama,Decile 3,National,2014
5.900000095367432,26,10360,PAN,327,241,29184,924,Panama,Decile 4,National,2014
7.099999904632568,26,10360,PAN,327,241,29184,925,Panama,Decile 5,National,2014
8.5,26,10360,PAN,327,241,29184,926,Panama,Decile 6,National,2014
10.600000381469727,26,10360,PAN,327,241,29184,927,Panama,Decile 7,National,2014
11.600000381469727,26,10360,PAN,327,241,29184,928,Panama,Decile 8,National,2014
15,26,10360,PAN,327,241,29184,929,Panama,Decile 9,National,2014
2.799999952316284,26,10360,PAN,331,241,29184,921,Panama,Decile 1,Rural,2014
27.299999237060547,26,10360,PAN,331,241,29184,930,Panama,Decile 10,Rural,2014
4.5,26,10360,PAN,331,241,29184,922,Panama,Decile 2,Rural,2014
5.400000095367432,26,10360,PAN,331,241,29184,923,Panama,Decile 3,Rural,2014
6.5,26,10360,PAN,331,241,29184,924,Panama,Decile 4,Rural,2014
7.300000190734863,26,10360,PAN,331,241,29184,925,Panama,Decile 5,Rural,2014
8.800000190734863,26,10360,PAN,331,241,29184,926,Panama,Decile 6,Rural,2014
10.300000190734863,26,10360,PAN,331,241,29184,927,Panama,Decile 7,Rural,2014
11.899999618530273,26,10360,PAN,331,241,29184,928,Panama,Decile 8,Rural,2014
15.199999809265137,26,10360,PAN,331,241,29184,929,Panama,Decile 9,Rural,2014
2.700000047683716,26,10360,PAN,330,241,29184,921,Panama,Decile 1,Urban,2014
28.5,26,10360,PAN,330,241,29184,930,Panama,Decile 10,Urban,2014
4.099999904632568,26,10360,PAN,330,241,29184,922,Panama,Decile 2,Urban,2014
5.599999904632568,26,10360,PAN,330,241,29184,923,Panama,Decile 3,Urban,2014
6.5,26,10360,PAN,330,241,29184,924,Panama,Decile 4,Urban,2014
7.5,26,10360,PAN,330,241,29184,925,Panama,Decile 5,Urban,2014
9,26,10360,PAN,330,241,29184,926,Panama,Decile 6,Urban,2014
9.5,26,10360,PAN,330,241,29184,927,Panama,Decile 7,Urban,2014
11.5,26,10360,PAN,330,241,29184,928,Panama,Decile 8,Urban,2014
15.199999809265137,26,10360,PAN,330,241,29184,929,Panama,Decile 9,Urban,2014
1.899999976158142,26,10360,PAN,327,241,29185,921,Panama,Decile 1,National,2015
29.600000381469727,26,10360,PAN,327,241,29185,930,Panama,Decile 10,National,2015
3.4000000953674316,26,10360,PAN,327,241,29185,922,Panama,Decile 2,National,2015
4.599999904632568,26,10360,PAN,327,241,29185,923,Panama,Decile 3,National,2015
6.199999809265137,26,10360,PAN,327,241,29185,924,Panama,Decile 4,National,2015
7.5,26,10360,PAN,327,241,29185,925,Panama,Decile 5,National,2015
8.600000381469727,26,10360,PAN,327,241,29185,926,Panama,Decile 6,National,2015
10.300000190734863,26,10360,PAN,327,241,29185,927,Panama,Decile 7,National,2015
12.300000190734863,26,10360,PAN,327,241,29185,928,Panama,Decile 8,National,2015
15.600000381469727,26,10360,PAN,327,241,29185,929,Panama,Decile 9,National,2015
2.5,26,10360,PAN,331,241,29185,921,Panama,Decile 1,Rural,2015
31.200000762939453,26,10360,PAN,331,241,29185,930,Panama,Decile 10,Rural,2015
4,26,10360,PAN,331,241,29185,922,Panama,Decile 2,Rural,2015
5,26,10360,PAN,331,241,29185,923,Panama,Decile 3,Rural,2015
5.900000095367432,26,10360,PAN,331,241,29185,924,Panama,Decile 4,Rural,2015
7,26,10360,PAN,331,241,29185,925,Panama,Decile 5,Rural,2015
8,26,10360,PAN,331,241,29185,926,Panama,Decile 6,Rural,2015
9.600000381469727,26,10360,PAN,331,241,29185,927,Panama,Decile 7,Rural,2015
11.800000190734863,26,10360,PAN,331,241,29185,928,Panama,Decile 8,Rural,2015
15.100000381469727,26,10360,PAN,331,241,29185,929,Panama,Decile 9,Rural,2015
2.5,26,10360,PAN,330,241,29185,921,Panama,Decile 1,Urban,2015
26.700000762939453,26,10360,PAN,330,241,29185,930,Panama,Decile 10,Urban,2015
4.5,26,10360,PAN,330,241,29185,922,Panama,Decile 2,Urban,2015
5.699999809265137,26,10360,PAN,330,241,29185,923,Panama,Decile 3,Urban,2015
6.900000095367432,26,10360,PAN,330,241,29185,924,Panama,Decile 4,Urban,2015
7.599999904632568,26,10360,PAN,330,241,29185,925,Panama,Decile 5,Urban,2015
8.800000190734863,26,10360,PAN,330,241,29185,926,Panama,Decile 6,Urban,2015
10,26,10360,PAN,330,241,29185,927,Panama,Decile 7,Urban,2015
12.199999809265137,26,10360,PAN,330,241,29185,928,Panama,Decile 8,Urban,2015
15.100000381469727,26,10360,PAN,330,241,29185,929,Panama,Decile 9,Urban,2015
2,26,10360,PAN,327,241,29186,921,Panama,Decile 1,National,2016
30.399999618530273,26,10360,PAN,327,241,29186,930,Panama,Decile 10,National,2016
3.5999999046325684,26,10360,PAN,327,241,29186,922,Panama,Decile 2,National,2016
4.699999809265137,26,10360,PAN,327,241,29186,923,Panama,Decile 3,National,2016
6,26,10360,PAN,327,241,29186,924,Panama,Decile 4,National,2016
7.400000095367432,26,10360,PAN,327,241,29186,925,Panama,Decile 5,National,2016
8.899999618530273,26,10360,PAN,327,241,29186,926,Panama,Decile 6,National,2016
10.300000190734863,26,10360,PAN,327,241,29186,927,Panama,Decile 7,National,2016
11.699999809265137,26,10360,PAN,327,241,29186,928,Panama,Decile 8,National,2016
14.899999618530273,26,10360,PAN,327,241,29186,929,Panama,Decile 9,National,2016
2.700000047683716,26,10360,PAN,331,241,29186,921,Panama,Decile 1,Rural,2016
24.299999237060547,26,10360,PAN,331,241,29186,930,Panama,Decile 10,Rural,2016
4.599999904632568,26,10360,PAN,331,241,29186,922,Panama,Decile 2,Rural,2016
5.400000095367432,26,10360,PAN,331,241,29186,923,Panama,Decile 3,Rural,2016
6.5,26,10360,PAN,331,241,29186,924,Panama,Decile 4,Rural,2016
7.599999904632568,26,10360,PAN,331,241,29186,925,Panama,Decile 5,Rural,2016
8.899999618530273,26,10360,PAN,331,241,29186,926,Panama,Decile 6,Rural,2016
10.300000190734863,26,10360,PAN,331,241,29186,927,Panama,Decile 7,Rural,2016
12.899999618530273,26,10360,PAN,331,241,29186,928,Panama,Decile 8,Rural,2016
16.700000762939453,26,10360,PAN,331,241,29186,929,Panama,Decile 9,Rural,2016
2.5,26,10360,PAN,330,241,29186,921,Panama,Decile 1,Urban,2016
28.899999618530273,26,10360,PAN,330,241,29186,930,Panama,Decile 10,Urban,2016
4.300000190734863,26,10360,PAN,330,241,29186,922,Panama,Decile 2,Urban,2016
5.599999904632568,26,10360,PAN,330,241,29186,923,Panama,Decile 3,Urban,2016
6.5,26,10360,PAN,330,241,29186,924,Panama,Decile 4,Urban,2016
7.900000095367432,26,10360,PAN,330,241,29186,925,Panama,Decile 5,Urban,2016
8.699999809265137,26,10360,PAN,330,241,29186,926,Panama,Decile 6,Urban,2016
9.5,26,10360,PAN,330,241,29186,927,Panama,Decile 7,Urban,2016
11.300000190734863,26,10360,PAN,330,241,29186,928,Panama,Decile 8,Urban,2016
14.899999618530273,26,10360,PAN,330,241,29186,929,Panama,Decile 9,Urban,2016
2,26,10360,PAN,327,241,29187,921,Panama,Decile 1,National,2017
31.600000381469727,26,10360,PAN,327,241,29187,930,Panama,Decile 10,National,2017
3.5,26,10360,PAN,327,241,29187,922,Panama,Decile 2,National,2017
4.599999904632568,26,10360,PAN,327,241,29187,923,Panama,Decile 3,National,2017
6,26,10360,PAN,327,241,29187,924,Panama,Decile 4,National,2017
7.099999904632568,26,10360,PAN,327,241,29187,925,Panama,Decile 5,National,2017
8.5,26,10360,PAN,327,241,29187,926,Panama,Decile 6,National,2017
9.899999618530273,26,10360,PAN,327,241,29187,927,Panama,Decile 7,National,2017
11.5,26,10360,PAN,327,241,29187,928,Panama,Decile 8,National,2017
15.399999618530273,26,10360,PAN,327,241,29187,929,Panama,Decile 9,National,2017
2.5,26,10360,PAN,331,241,29187,921,Panama,Decile 1,Rural,2017
29.5,26,10360,PAN,331,241,29187,930,Panama,Decile 10,Rural,2017
4.199999809265137,26,10360,PAN,331,241,29187,922,Panama,Decile 2,Rural,2017
5.199999809265137,26,10360,PAN,331,241,29187,923,Panama,Decile 3,Rural,2017
5.900000095367432,26,10360,PAN,331,241,29187,924,Panama,Decile 4,Rural,2017
7.400000095367432,26,10360,PAN,331,241,29187,925,Panama,Decile 5,Rural,2017
7.800000190734863,26,10360,PAN,331,241,29187,926,Panama,Decile 6,Rural,2017
9.699999809265137,26,10360,PAN,331,241,29187,927,Panama,Decile 7,Rural,2017
12.899999618530273,26,10360,PAN,331,241,29187,928,Panama,Decile 8,Rural,2017
15.100000381469727,26,10360,PAN,331,241,29187,929,Panama,Decile 9,Rural,2017
2.5,26,10360,PAN,330,241,29187,921,Panama,Decile 1,Urban,2017
29.600000381469727,26,10360,PAN,330,241,29187,930,Panama,Decile 10,Urban,2017
4.300000190734863,26,10360,PAN,330,241,29187,922,Panama,Decile 2,Urban,2017
5.400000095367432,26,10360,PAN,330,241,29187,923,Panama,Decile 3,Urban,2017
6.400000095367432,26,10360,PAN,330,241,29187,924,Panama,Decile 4,Urban,2017
7.400000095367432,26,10360,PAN,330,241,29187,925,Panama,Decile 5,Urban,2017
8.5,26,10360,PAN,330,241,29187,926,Panama,Decile 6,Urban,2017
9.399999618530273,26,10360,PAN,330,241,29187,927,Panama,Decile 7,Urban,2017
11.199999809265137,26,10360,PAN,330,241,29187,928,Panama,Decile 8,Urban,2017
15.300000190734863,26,10360,PAN,330,241,29187,929,Panama,Decile 9,Urban,2017
1.899999976158142,26,10360,PAN,327,241,29188,921,Panama,Decile 1,National,2018
30.700000762939453,26,10360,PAN,327,241,29188,930,Panama,Decile 10,National,2018
3.4000000953674316,26,10360,PAN,327,241,29188,922,Panama,Decile 2,National,2018
4.900000095367432,26,10360,PAN,327,241,29188,923,Panama,Decile 3,National,2018
6,26,10360,PAN,327,241,29188,924,Panama,Decile 4,National,2018
7.300000190734863,26,10360,PAN,327,241,29188,925,Panama,Decile 5,National,2018
8.5,26,10360,PAN,327,241,29188,926,Panama,Decile 6,National,2018
10.199999809265137,26,10360,PAN,327,241,29188,927,Panama,Decile 7,National,2018
11.800000190734863,26,10360,PAN,327,241,29188,928,Panama,Decile 8,National,2018
15.300000190734863,26,10360,PAN,327,241,29188,929,Panama,Decile 9,National,2018
2.4000000953674316,26,10360,PAN,331,241,29188,921,Panama,Decile 1,Rural,2018
27.600000381469727,26,10360,PAN,331,241,29188,930,Panama,Decile 10,Rural,2018
3.9000000953674316,26,10360,PAN,331,241,29188,922,Panama,Decile 2,Rural,2018
5.199999809265137,26,10360,PAN,331,241,29188,923,Panama,Decile 3,Rural,2018
6,26,10360,PAN,331,241,29188,924,Panama,Decile 4,Rural,2018
7.300000190734863,26,10360,PAN,331,241,29188,925,Panama,Decile 5,Rural,2018
8.5,26,10360,PAN,331,241,29188,926,Panama,Decile 6,Rural,2018
10.100000381469727,26,10360,PAN,331,241,29188,927,Panama,Decile 7,Rural,2018
12.600000381469727,26,10360,PAN,331,241,29188,928,Panama,Decile 8,Rural,2018
16.399999618530273,26,10360,PAN,331,241,29188,929,Panama,Decile 9,Rural,2018
2.5999999046325684,26,10360,PAN,330,241,29188,921,Panama,Decile 1,Urban,2018
28.899999618530273,26,10360,PAN,330,241,29188,930,Panama,Decile 10,Urban,2018
4.5,26,10360,PAN,330,241,29188,922,Panama,Decile 2,Urban,2018
5.400000095367432,26,10360,PAN,330,241,29188,923,Panama,Decile 3,Urban,2018
6.300000190734863,26,10360,PAN,330,241,29188,924,Panama,Decile 4,Urban,2018
7.599999904632568,26,10360,PAN,330,241,29188,925,Panama,Decile 5,Urban,2018
8.699999809265137,26,10360,PAN,330,241,29188,926,Panama,Decile 6,Urban,2018
9.600000381469727,26,10360,PAN,330,241,29188,927,Panama,Decile 7,Urban,2018
11.199999809265137,26,10360,PAN,330,241,29188,928,Panama,Decile 8,Urban,2018
15.300000190734863,26,10360,PAN,330,241,29188,929,Panama,Decile 9,Urban,2018
1.899999976158142,26,10360,PAN,327,241,29189,921,Panama,Decile 1,National,2019
32,26,10360,PAN,327,241,29189,930,Panama,Decile 10,National,2019
3.5,26,10360,PAN,327,241,29189,922,Panama,Decile 2,National,2019
4.699999809265137,26,10360,PAN,327,241,29189,923,Panama,Decile 3,National,2019
6,26,10360,PAN,327,241,29189,924,Panama,Decile 4,National,2019
7.300000190734863,26,10360,PAN,327,241,29189,925,Panama,Decile 5,National,2019
8.399999618530273,26,10360,PAN,327,241,29189,926,Panama,Decile 6,National,2019
9.899999618530273,26,10360,PAN,327,241,29189,927,Panama,Decile 7,National,2019
11.600000381469727,26,10360,PAN,327,241,29189,928,Panama,Decile 8,National,2019
14.600000381469727,26,10360,PAN,327,241,29189,929,Panama,Decile 9,National,2019
2.5999999046325684,26,10360,PAN,331,241,29189,921,Panama,Decile 1,Rural,2019
27.299999237060547,26,10360,PAN,331,241,29189,930,Panama,Decile 10,Rural,2019
4.099999904632568,26,10360,PAN,331,241,29189,922,Panama,Decile 2,Rural,2019
5.300000190734863,26,10360,PAN,331,241,29189,923,Panama,Decile 3,Rural,2019
6,26,10360,PAN,331,241,29189,924,Panama,Decile 4,Rural,2019
7.199999809265137,26,10360,PAN,331,241,29189,925,Panama,Decile 5,Rural,2019
8.5,26,10360,PAN,331,241,29189,926,Panama,Decile 6,Rural,2019
10.100000381469727,26,10360,PAN,331,241,29189,927,Panama,Decile 7,Rural,2019
12.699999809265137,26,10360,PAN,331,241,29189,928,Panama,Decile 8,Rural,2019
16.299999237060547,26,10360,PAN,331,241,29189,929,Panama,Decile 9,Rural,2019
2.5,26,10360,PAN,330,241,29189,921,Panama,Decile 1,Urban,2019
30.5,26,10360,PAN,330,241,29189,930,Panama,Decile 10,Urban,2019
4.300000190734863,26,10360,PAN,330,241,29189,922,Panama,Decile 2,Urban,2019
5.599999904632568,26,10360,PAN,330,241,29189,923,Panama,Decile 3,Urban,2019
6.400000095367432,26,10360,PAN,330,241,29189,924,Panama,Decile 4,Urban,2019
7.400000095367432,26,10360,PAN,330,241,29189,925,Panama,Decile 5,Urban,2019
8.199999809265137,26,10360,PAN,330,241,29189,926,Panama,Decile 6,Urban,2019
9.199999809265137,26,10360,PAN,330,241,29189,927,Panama,Decile 7,Urban,2019
11.100000381469727,26,10360,PAN,330,241,29189,928,Panama,Decile 8,Urban,2019
14.800000190734863,26,10360,PAN,330,241,29189,929,Panama,Decile 9,Urban,2019
2.200000047683716,26,10360,PAN,327,241,29191,921,Panama,Decile 1,National,2021
32.900001525878906,26,10360,PAN,327,241,29191,930,Panama,Decile 10,National,2021
3.5999999046325684,26,10360,PAN,327,241,29191,922,Panama,Decile 2,National,2021
4.599999904632568,26,10360,PAN,327,241,29191,923,Panama,Decile 3,National,2021
5.5,26,10360,PAN,327,241,29191,924,Panama,Decile 4,National,2021
6.5,26,10360,PAN,327,241,29191,925,Panama,Decile 5,National,2021
7.900000095367432,26,10360,PAN,327,241,29191,926,Panama,Decile 6,National,2021
9.399999618530273,26,10360,PAN,327,241,29191,927,Panama,Decile 7,National,2021
12.199999809265137,26,10360,PAN,327,241,29191,928,Panama,Decile 8,National,2021
15.199999809265137,26,10360,PAN,327,241,29191,929,Panama,Decile 9,National,2021
3.200000047683716,26,10360,PAN,331,241,29191,921,Panama,Decile 1,Rural,2021
29.200000762939453,26,10360,PAN,331,241,29191,930,Panama,Decile 10,Rural,2021
4.800000190734863,26,10360,PAN,331,241,29191,922,Panama,Decile 2,Rural,2021
5.599999904632568,26,10360,PAN,331,241,29191,923,Panama,Decile 3,Rural,2021
5.900000095367432,26,10360,PAN,331,241,29191,924,Panama,Decile 4,Rural,2021
6.800000190734863,26,10360,PAN,331,241,29191,925,Panama,Decile 5,Rural,2021
7.800000190734863,26,10360,PAN,331,241,29191,926,Panama,Decile 6,Rural,2021
9.5,26,10360,PAN,331,241,29191,927,Panama,Decile 7,Rural,2021
12,26,10360,PAN,331,241,29191,928,Panama,Decile 8,Rural,2021
15.199999809265137,26,10360,PAN,331,241,29191,929,Panama,Decile 9,Rural,2021
2.4000000953674316,26,10360,PAN,330,241,29191,921,Panama,Decile 1,Urban,2021
31.899999618530273,26,10360,PAN,330,241,29191,930,Panama,Decile 10,Urban,2021
4,26,10360,PAN,330,241,29191,922,Panama,Decile 2,Urban,2021
4.800000190734863,26,10360,PAN,330,241,29191,923,Panama,Decile 3,Urban,2021
5.699999809265137,26,10360,PAN,330,241,29191,924,Panama,Decile 4,Urban,2021
6.900000095367432,26,10360,PAN,330,241,29191,925,Panama,Decile 5,Urban,2021
8.100000381469727,26,10360,PAN,330,241,29191,926,Panama,Decile 6,Urban,2021
9.399999618530273,26,10360,PAN,330,241,29191,927,Panama,Decile 7,Urban,2021
11.5,26,10360,PAN,330,241,29191,928,Panama,Decile 8,Urban,2021
15.399999618530273,26,10360,PAN,330,241,29191,929,Panama,Decile 9,Urban,2021
2,26,10360,PAN,327,241,29192,921,Panama,Decile 1,National,2022
29.700000762939453,26,10360,PAN,327,241,29192,930,Panama,Decile 10,National,2022
3.5999999046325684,26,10360,PAN,327,241,29192,922,Panama,Decile 2,National,2022
4.900000095367432,26,10360,PAN,327,241,29192,923,Panama,Decile 3,National,2022
6.099999904632568,26,10360,PAN,327,241,29192,924,Panama,Decile 4,National,2022
7.199999809265137,26,10360,PAN,327,241,29192,925,Panama,Decile 5,National,2022
8.5,26,10360,PAN,327,241,29192,926,Panama,Decile 6,National,2022
9.800000190734863,26,10360,PAN,327,241,29192,927,Panama,Decile 7,National,2022
12.100000381469727,26,10360,PAN,327,241,29192,928,Panama,Decile 8,National,2022
16.200000762939453,26,10360,PAN,327,241,29192,929,Panama,Decile 9,National,2022
2.5,26,10360,PAN,331,241,29192,921,Panama,Decile 1,Rural,2022
28.200000762939453,26,10360,PAN,331,241,29192,930,Panama,Decile 10,Rural,2022
4.099999904632568,26,10360,PAN,331,241,29192,922,Panama,Decile 2,Rural,2022
5.199999809265137,26,10360,PAN,331,241,29192,923,Panama,Decile 3,Rural,2022
5.900000095367432,26,10360,PAN,331,241,29192,924,Panama,Decile 4,Rural,2022
7.099999904632568,26,10360,PAN,331,241,29192,925,Panama,Decile 5,Rural,2022
8.399999618530273,26,10360,PAN,331,241,29192,926,Panama,Decile 6,Rural,2022
10.100000381469727,26,10360,PAN,331,241,29192,927,Panama,Decile 7,Rural,2022
12.300000190734863,26,10360,PAN,331,241,29192,928,Panama,Decile 8,Rural,2022
16,26,10360,PAN,331,241,29192,929,Panama,Decile 9,Rural,2022
2.4000000953674316,26,10360,PAN,330,241,29192,921,Panama,Decile 1,Urban,2022
28.600000381469727,26,10360,PAN,330,241,29192,930,Panama,Decile 10,Urban,2022
4.300000190734863,26,10360,PAN,330,241,29192,922,Panama,Decile 2,Urban,2022
5.599999904632568,26,10360,PAN,330,241,29192,923,Panama,Decile 3,Urban,2022
6.099999904632568,26,10360,PAN,330,241,29192,924,Panama,Decile 4,Urban,2022
7.599999904632568,26,10360,PAN,330,241,29192,925,Panama,Decile 5,Urban,2022
8.300000190734863,26,10360,PAN,330,241,29192,926,Panama,Decile 6,Urban,2022
9.699999809265137,26,10360,PAN,330,241,29192,927,Panama,Decile 7,Urban,2022
12,26,10360,PAN,330,241,29192,928,Panama,Decile 8,Urban,2022
15.600000381469727,26,10360,PAN,330,241,29192,929,Panama,Decile 9,Urban,2022
2.0999999046325684,26,10360,PAN,327,241,29193,921,Panama,Decile 1,National,2023
29,26,10360,PAN,327,241,29193,930,Panama,Decile 10,National,2023
3.799999952316284,26,10360,PAN,327,241,29193,922,Panama,Decile 2,National,2023
4.800000190734863,26,10360,PAN,327,241,29193,923,Panama,Decile 3,National,2023
6.099999904632568,26,10360,PAN,327,241,29193,924,Panama,Decile 4,National,2023
7.400000095367432,26,10360,PAN,327,241,29193,925,Panama,Decile 5,National,2023
9,26,10360,PAN,327,241,29193,926,Panama,Decile 6,National,2023
10,26,10360,PAN,327,241,29193,927,Panama,Decile 7,National,2023
12.399999618530273,26,10360,PAN,327,241,29193,928,Panama,Decile 8,National,2023
15.5,26,10360,PAN,327,241,29193,929,Panama,Decile 9,National,2023
2.700000047683716,26,10360,PAN,331,241,29193,921,Panama,Decile 1,Rural,2023
26.600000381469727,26,10360,PAN,331,241,29193,930,Panama,Decile 10,Rural,2023
4.699999809265137,26,10360,PAN,331,241,29193,922,Panama,Decile 2,Rural,2023
6,26,10360,PAN,331,241,29193,923,Panama,Decile 3,Rural,2023
6.099999904632568,26,10360,PAN,331,241,29193,924,Panama,Decile 4,Rural,2023
7.300000190734863,26,10360,PAN,331,241,29193,925,Panama,Decile 5,Rural,2023
8,26,10360,PAN,331,241,29193,926,Panama,Decile 6,Rural,2023
10.100000381469727,26,10360,PAN,331,241,29193,927,Panama,Decile 7,Rural,2023
12.199999809265137,26,10360,PAN,331,241,29193,928,Panama,Decile 8,Rural,2023
16.5,26,10360,PAN,331,241,29193,929,Panama,Decile 9,Rural,2023
2.5,26,10360,PAN,330,241,29193,921,Panama,Decile 1,Urban,2023
28.100000381469727,26,10360,PAN,330,241,29193,930,Panama,Decile 10,Urban,2023
4.199999809265137,26,10360,PAN,330,241,29193,922,Panama,Decile 2,Urban,2023
5.599999904632568,26,10360,PAN,330,241,29193,923,Panama,Decile 3,Urban,2023
6.300000190734863,26,10360,PAN,330,241,29193,924,Panama,Decile 4,Urban,2023
7.699999809265137,26,10360,PAN,330,241,29193,925,Panama,Decile 5,Urban,2023
8.800000190734863,26,10360,PAN,330,241,29193,926,Panama,Decile 6,Urban,2023
9.800000190734863,26,10360,PAN,330,241,29193,927,Panama,Decile 7,Urban,2023
12.199999809265137,26,10360,PAN,330,241,29193,928,Panama,Decile 8,Urban,2023
14.899999618530273,26,10360,PAN,330,241,29193,929,Panama,Decile 9,Urban,2023
2.0999999046325684,26,10360,PAN,327,241,29194,921,Panama,Decile 1,National,2024
30.5,26,10360,PAN,327,241,29194,930,Panama,Decile 10,National,2024
3.5,26,10360,PAN,327,241,29194,922,Panama,Decile 2,National,2024
4.699999809265137,26,10360,PAN,327,241,29194,923,Panama,Decile 3,National,2024
5.800000190734863,26,10360,PAN,327,241,29194,924,Panama,Decile 4,National,2024
7,26,10360,PAN,327,241,29194,925,Panama,Decile 5,National,2024
8.600000381469727,26,10360,PAN,327,241,29194,926,Panama,Decile 6,National,2024
10.300000190734863,26,10360,PAN,327,241,29194,927,Panama,Decile 7,National,2024
12.199999809265137,26,10360,PAN,327,241,29194,928,Panama,Decile 8,National,2024
15.399999618530273,26,10360,PAN,327,241,29194,929,Panama,Decile 9,National,2024
2.799999952316284,26,10360,PAN,331,241,29194,921,Panama,Decile 1,Rural,2024
29.299999237060547,26,10360,PAN,331,241,29194,930,Panama,Decile 10,Rural,2024
4.400000095367432,26,10360,PAN,331,241,29194,922,Panama,Decile 2,Rural,2024
5.300000190734863,26,10360,PAN,331,241,29194,923,Panama,Decile 3,Rural,2024
5.699999809265137,26,10360,PAN,331,241,29194,924,Panama,Decile 4,Rural,2024
4.599999904632568,26,337,PRY,330,242,29174,923,Paraguay,Decile 3,Urban,2004
5.599999904632568,26,337,PRY,330,242,29174,924,Paraguay,Decile 4,Urban,2004
6.800000190734863,26,337,PRY,330,242,29174,925,Paraguay,Decile 5,Urban,2004
7.900000095367432,26,337,PRY,330,242,29174,926,Paraguay,Decile 6,Urban,2004
9.5,26,337,PRY,330,242,29174,927,Paraguay,Decile 7,Urban,2004
11.899999618530273,26,337,PRY,330,242,29174,928,Paraguay,Decile 8,Urban,2004
15,26,337,PRY,330,242,29174,929,Paraguay,Decile 9,Urban,2004
1.7000000476837158,26,337,PRY,327,242,29175,921,Paraguay,Decile 1,National,2005
35,26,337,PRY,327,242,29175,930,Paraguay,Decile 10,National,2005
3.4000000953674316,26,337,PRY,327,242,29175,922,Paraguay,Decile 2,National,2005
4.5,26,337,PRY,327,242,29175,923,Paraguay,Decile 3,National,2005
5.400000095367432,26,337,PRY,327,242,29175,924,Paraguay,Decile 4,National,2005
6.900000095367432,26,337,PRY,327,242,29175,925,Paraguay,Decile 5,National,2005
7.800000190734863,26,337,PRY,327,242,29175,926,Paraguay,Decile 6,National,2005
9.100000381469727,26,337,PRY,327,242,29175,927,Paraguay,Decile 7,National,2005
11.600000381469727,26,337,PRY,327,242,29175,928,Paraguay,Decile 8,National,2005
14.5,26,337,PRY,327,242,29175,929,Paraguay,Decile 9,National,2005
1.7000000476837158,26,337,PRY,331,242,29175,921,Paraguay,Decile 1,Rural,2005
31.299999237060547,26,337,PRY,331,242,29175,930,Paraguay,Decile 10,Rural,2005
3.299999952316284,26,337,PRY,331,242,29175,922,Paraguay,Decile 2,Rural,2005
4.900000095367432,26,337,PRY,331,242,29175,923,Paraguay,Decile 3,Rural,2005
6.199999809265137,26,337,PRY,331,242,29175,924,Paraguay,Decile 4,Rural,2005
7.300000190734863,26,337,PRY,331,242,29175,925,Paraguay,Decile 5,Rural,2005
8.899999618530273,26,337,PRY,331,242,29175,926,Paraguay,Decile 6,Rural,2005
9.699999809265137,26,337,PRY,331,242,29175,927,Paraguay,Decile 7,Rural,2005
11.300000190734863,26,337,PRY,331,242,29175,928,Paraguay,Decile 8,Rural,2005
15.600000381469727,26,337,PRY,331,242,29175,929,Paraguay,Decile 9,Rural,2005
2,26,337,PRY,330,242,29175,921,Paraguay,Decile 1,Urban,2005
34.20000076293945,26,337,PRY,330,242,29175,930,Paraguay,Decile 10,Urban,2005
3.5999999046325684,26,337,PRY,330,242,29175,922,Paraguay,Decile 2,Urban,2005
4.300000190734863,26,337,PRY,330,242,29175,923,Paraguay,Decile 3,Urban,2005
5.800000190734863,26,337,PRY,330,242,29175,924,Paraguay,Decile 4,Urban,2005
6.599999904632568,26,337,PRY,330,242,29175,925,Paraguay,Decile 5,Urban,2005
7.599999904632568,26,337,PRY,330,242,29175,926,Paraguay,Decile 6,Urban,2005
9.199999809265137,26,337,PRY,330,242,29175,927,Paraguay,Decile 7,Urban,2005
11.5,26,337,PRY,330,242,29175,928,Paraguay,Decile 8,Urban,2005
15.199999809265137,26,337,PRY,330,242,29175,929,Paraguay,Decile 9,Urban,2005
1.7999999523162842,26,337,PRY,327,242,29176,921,Paraguay,Decile 1,National,2006
34.900001525878906,26,337,PRY,327,242,29176,930,Paraguay,Decile 10,National,2006
3.200000047683716,26,337,PRY,327,242,29176,922,Paraguay,Decile 2,National,2006
4.400000095367432,26,337,PRY,327,242,29176,923,Paraguay,Decile 3,National,2006
5.5,26,337,PRY,327,242,29176,924,Paraguay,Decile 4,National,2006
6.599999904632568,26,337,PRY,327,242,29176,925,Paraguay,Decile 5,National,2006
8.100000381469727,26,337,PRY,327,242,29176,926,Paraguay,Decile 6,National,2006
9.399999618530273,26,337,PRY,327,242,29176,927,Paraguay,Decile 7,National,2006
11,26,337,PRY,327,242,29176,928,Paraguay,Decile 8,National,2006
15,26,337,PRY,327,242,29176,929,Paraguay,Decile 9,National,2006
2.200000047683716,26,337,PRY,331,242,29176,921,Paraguay,Decile 1,Rural,2006
32.20000076293945,26,337,PRY,331,242,29176,930,Paraguay,Decile 10,Rural,2006
3.799999952316284,26,337,PRY,331,242,29176,922,Paraguay,Decile 2,Rural,2006
4.5,26,337,PRY,331,242,29176,923,Paraguay,Decile 3,Rural,2006
5.699999809265137,26,337,PRY,331,242,29176,924,Paraguay,Decile 4,Rural,2006
7.099999904632568,26,337,PRY,331,242,29176,925,Paraguay,Decile 5,Rural,2006
8.800000190734863,26,337,PRY,331,242,29176,926,Paraguay,Decile 6,Rural,2006
9.5,26,337,PRY,331,242,29176,927,Paraguay,Decile 7,Rural,2006
11.600000381469727,26,337,PRY,331,242,29176,928,Paraguay,Decile 8,Rural,2006
14.5,26,337,PRY,331,242,29176,929,Paraguay,Decile 9,Rural,2006
2.200000047683716,26,337,PRY,330,242,29176,921,Paraguay,Decile 1,Urban,2006
33.900001525878906,26,337,PRY,330,242,29176,930,Paraguay,Decile 10,Urban,2006
3.799999952316284,26,337,PRY,330,242,29176,922,Paraguay,Decile 2,Urban,2006
4.699999809265137,26,337,PRY,330,242,29176,923,Paraguay,Decile 3,Urban,2006
6,26,337,PRY,330,242,29176,924,Paraguay,Decile 4,Urban,2006
7.099999904632568,26,337,PRY,330,242,29176,925,Paraguay,Decile 5,Urban,2006
8,26,337,PRY,330,242,29176,926,Paraguay,Decile 6,Urban,2006
8.699999809265137,26,337,PRY,330,242,29176,927,Paraguay,Decile 7,Urban,2006
11.300000190734863,26,337,PRY,330,242,29176,928,Paraguay,Decile 8,Urban,2006
14.100000381469727,26,337,PRY,330,242,29176,929,Paraguay,Decile 9,Urban,2006
1.7999999523162842,26,337,PRY,327,242,29177,921,Paraguay,Decile 1,National,2007
36.79999923706055,26,337,PRY,327,242,29177,930,Paraguay,Decile 10,National,2007
7.300000190734863,26,10360,PAN,331,241,29194,925,Panama,Decile 5,Rural,2024
8.100000381469727,26,10360,PAN,331,241,29194,926,Panama,Decile 6,Rural,2024
9.699999809265137,26,10360,PAN,331,241,29194,927,Panama,Decile 7,Rural,2024
11.899999618530273,26,10360,PAN,331,241,29194,928,Panama,Decile 8,Rural,2024
15.600000381469727,26,10360,PAN,331,241,29194,929,Panama,Decile 9,Rural,2024
2.0999999046325684,26,10360,PAN,330,241,29194,921,Panama,Decile 1,Urban,2024
29.299999237060547,26,10360,PAN,330,241,29194,930,Panama,Decile 10,Urban,2024
4.099999904632568,26,10360,PAN,330,241,29194,922,Panama,Decile 2,Urban,2024
5.300000190734863,26,10360,PAN,330,241,29194,923,Panama,Decile 3,Urban,2024
5.900000095367432,26,10360,PAN,330,241,29194,924,Panama,Decile 4,Urban,2024
7.699999809265137,26,10360,PAN,330,241,29194,925,Panama,Decile 5,Urban,2024
8.800000190734863,26,10360,PAN,330,241,29194,926,Panama,Decile 6,Urban,2024
10.199999809265137,26,10360,PAN,330,241,29194,927,Panama,Decile 7,Urban,2024
11.699999809265137,26,10360,PAN,330,241,29194,928,Panama,Decile 8,Urban,2024
14.899999618530273,26,10360,PAN,330,241,29194,929,Panama,Decile 9,Urban,2024
1.399999976158142,26,337,PRY,327,242,29171,921,Paraguay,Decile 1,National,2001
36.599998474121094,26,337,PRY,327,242,29171,930,Paraguay,Decile 10,National,2001
2.9000000953674316,26,337,PRY,327,242,29171,922,Paraguay,Decile 2,National,2001
3.799999952316284,26,337,PRY,327,242,29171,923,Paraguay,Decile 3,National,2001
5.099999904632568,26,337,PRY,327,242,29171,924,Paraguay,Decile 4,National,2001
6.199999809265137,26,337,PRY,327,242,29171,925,Paraguay,Decile 5,National,2001
8.5,26,337,PRY,327,242,29171,926,Paraguay,Decile 6,National,2001
8.699999809265137,26,337,PRY,327,242,29171,927,Paraguay,Decile 7,National,2001
11.300000190734863,26,337,PRY,327,242,29171,928,Paraguay,Decile 8,National,2001
15.5,26,337,PRY,327,242,29171,929,Paraguay,Decile 9,National,2001
1.7000000476837158,26,337,PRY,331,242,29171,921,Paraguay,Decile 1,Rural,2001
32.20000076293945,26,337,PRY,331,242,29171,930,Paraguay,Decile 10,Rural,2001
3.5999999046325684,26,337,PRY,331,242,29171,922,Paraguay,Decile 2,Rural,2001
4.900000095367432,26,337,PRY,331,242,29171,923,Paraguay,Decile 3,Rural,2001
5.599999904632568,26,337,PRY,331,242,29171,924,Paraguay,Decile 4,Rural,2001
6.800000190734863,26,337,PRY,331,242,29171,925,Paraguay,Decile 5,Rural,2001
8.600000381469727,26,337,PRY,331,242,29171,926,Paraguay,Decile 6,Rural,2001
9.699999809265137,26,337,PRY,331,242,29171,927,Paraguay,Decile 7,Rural,2001
12.699999809265137,26,337,PRY,331,242,29171,928,Paraguay,Decile 8,Rural,2001
14.199999809265137,26,337,PRY,331,242,29171,929,Paraguay,Decile 9,Rural,2001
1.7999999523162842,26,337,PRY,330,242,29171,921,Paraguay,Decile 1,Urban,2001
33,26,337,PRY,330,242,29171,930,Paraguay,Decile 10,Urban,2001
3.5,26,337,PRY,330,242,29171,922,Paraguay,Decile 2,Urban,2001
4.5,26,337,PRY,330,242,29171,923,Paraguay,Decile 3,Urban,2001
6.099999904632568,26,337,PRY,330,242,29171,924,Paraguay,Decile 4,Urban,2001
6.699999809265137,26,337,PRY,330,242,29171,925,Paraguay,Decile 5,Urban,2001
7.5,26,337,PRY,330,242,29171,926,Paraguay,Decile 6,Urban,2001
9.199999809265137,26,337,PRY,330,242,29171,927,Paraguay,Decile 7,Urban,2001
11.699999809265137,26,337,PRY,330,242,29171,928,Paraguay,Decile 8,Urban,2001
16.100000381469727,26,337,PRY,330,242,29171,929,Paraguay,Decile 9,Urban,2001
1.399999976158142,26,337,PRY,327,242,29172,921,Paraguay,Decile 1,National,2002
40.400001525878906,26,337,PRY,327,242,29172,930,Paraguay,Decile 10,National,2002
2.700000047683716,26,337,PRY,327,242,29172,922,Paraguay,Decile 2,National,2002
3.700000047683716,26,337,PRY,327,242,29172,923,Paraguay,Decile 3,National,2002
4.599999904632568,26,337,PRY,327,242,29172,924,Paraguay,Decile 4,National,2002
6.099999904632568,26,337,PRY,327,242,29172,925,Paraguay,Decile 5,National,2002
7.099999904632568,26,337,PRY,327,242,29172,926,Paraguay,Decile 6,National,2002
8.699999809265137,26,337,PRY,327,242,29172,927,Paraguay,Decile 7,National,2002
10.699999809265137,26,337,PRY,327,242,29172,928,Paraguay,Decile 8,National,2002
14.600000381469727,26,337,PRY,327,242,29172,929,Paraguay,Decile 9,National,2002
1.2999999523162842,26,337,PRY,331,242,29172,921,Paraguay,Decile 1,Rural,2002
51,26,337,PRY,331,242,29172,930,Paraguay,Decile 10,Rural,2002
2.5,26,337,PRY,331,242,29172,922,Paraguay,Decile 2,Rural,2002
3.4000000953674316,26,337,PRY,331,242,29172,923,Paraguay,Decile 3,Rural,2002
4,26,337,PRY,331,242,29172,924,Paraguay,Decile 4,Rural,2002
5,26,337,PRY,331,242,29172,925,Paraguay,Decile 5,Rural,2002
5.5,26,337,PRY,331,242,29172,926,Paraguay,Decile 6,Rural,2002
7,26,337,PRY,331,242,29172,927,Paraguay,Decile 7,Rural,2002
8.399999618530273,26,337,PRY,331,242,29172,928,Paraguay,Decile 8,Rural,2002
11.699999809265137,26,337,PRY,331,242,29172,929,Paraguay,Decile 9,Rural,2002
1.7000000476837158,26,337,PRY,330,242,29172,921,Paraguay,Decile 1,Urban,2002
33.400001525878906,26,337,PRY,330,242,29172,930,Paraguay,Decile 10,Urban,2002
3.5,26,337,PRY,330,242,29172,922,Paraguay,Decile 2,Urban,2002
4.900000095367432,26,337,PRY,330,242,29172,923,Paraguay,Decile 3,Urban,2002
5.699999809265137,26,337,PRY,330,242,29172,924,Paraguay,Decile 4,Urban,2002
6.800000190734863,26,337,PRY,330,242,29172,925,Paraguay,Decile 5,Urban,2002
7.900000095367432,26,337,PRY,330,242,29172,926,Paraguay,Decile 6,Urban,2002
9.699999809265137,26,337,PRY,330,242,29172,927,Paraguay,Decile 7,Urban,2002
11.300000190734863,26,337,PRY,330,242,29172,928,Paraguay,Decile 8,Urban,2002
15.100000381469727,26,337,PRY,330,242,29172,929,Paraguay,Decile 9,Urban,2002
1.7000000476837158,26,337,PRY,327,242,29173,921,Paraguay,Decile 1,National,2003
38.29999923706055,26,337,PRY,327,242,29173,930,Paraguay,Decile 10,National,2003
3.0999999046325684,26,337,PRY,327,242,29173,922,Paraguay,Decile 2,National,2003
4.099999904632568,26,337,PRY,327,242,29173,923,Paraguay,Decile 3,National,2003
5.099999904632568,26,337,PRY,327,242,29173,924,Paraguay,Decile 4,National,2003
6,26,337,PRY,327,242,29173,925,Paraguay,Decile 5,National,2003
6.900000095367432,26,337,PRY,327,242,29173,926,Paraguay,Decile 6,National,2003
8.5,26,337,PRY,327,242,29173,927,Paraguay,Decile 7,National,2003
11.399999618530273,26,337,PRY,327,242,29173,928,Paraguay,Decile 8,National,2003
14.899999618530273,26,337,PRY,327,242,29173,929,Paraguay,Decile 9,National,2003
1.7999999523162842,26,337,PRY,331,242,29173,921,Paraguay,Decile 1,Rural,2003
39.400001525878906,26,337,PRY,331,242,29173,930,Paraguay,Decile 10,Rural,2003
3.299999952316284,26,337,PRY,331,242,29173,922,Paraguay,Decile 2,Rural,2003
4.199999809265137,26,337,PRY,331,242,29173,923,Paraguay,Decile 3,Rural,2003
5.400000095367432,26,337,PRY,331,242,29173,924,Paraguay,Decile 4,Rural,2003
6,26,337,PRY,331,242,29173,925,Paraguay,Decile 5,Rural,2003
7.5,26,337,PRY,331,242,29173,926,Paraguay,Decile 6,Rural,2003
8.300000190734863,26,337,PRY,331,242,29173,927,Paraguay,Decile 7,Rural,2003
10.100000381469727,26,337,PRY,331,242,29173,928,Paraguay,Decile 8,Rural,2003
14.100000381469727,26,337,PRY,331,242,29173,929,Paraguay,Decile 9,Rural,2003
1.899999976158142,26,337,PRY,330,242,29173,921,Paraguay,Decile 1,Urban,2003
36.5,26,337,PRY,330,242,29173,930,Paraguay,Decile 10,Urban,2003
3.4000000953674316,26,337,PRY,330,242,29173,922,Paraguay,Decile 2,Urban,2003
4.5,26,337,PRY,330,242,29173,923,Paraguay,Decile 3,Urban,2003
5.099999904632568,26,337,PRY,330,242,29173,924,Paraguay,Decile 4,Urban,2003
5.900000095367432,26,337,PRY,330,242,29173,925,Paraguay,Decile 5,Urban,2003
7.300000190734863,26,337,PRY,330,242,29173,926,Paraguay,Decile 6,Urban,2003
9.5,26,337,PRY,330,242,29173,927,Paraguay,Decile 7,Urban,2003
10.899999618530273,26,337,PRY,330,242,29173,928,Paraguay,Decile 8,Urban,2003
14.899999618530273,26,337,PRY,330,242,29173,929,Paraguay,Decile 9,Urban,2003
1.899999976158142,26,337,PRY,327,242,29174,921,Paraguay,Decile 1,National,2004
35.79999923706055,26,337,PRY,327,242,29174,930,Paraguay,Decile 10,National,2004
3.4000000953674316,26,337,PRY,327,242,29174,922,Paraguay,Decile 2,National,2004
4.5,26,337,PRY,327,242,29174,923,Paraguay,Decile 3,National,2004
5.400000095367432,26,337,PRY,327,242,29174,924,Paraguay,Decile 4,National,2004
6.400000095367432,26,337,PRY,327,242,29174,925,Paraguay,Decile 5,National,2004
7.5,26,337,PRY,327,242,29174,926,Paraguay,Decile 6,National,2004
9.100000381469727,26,337,PRY,327,242,29174,927,Paraguay,Decile 7,National,2004
11.399999618530273,26,337,PRY,327,242,29174,928,Paraguay,Decile 8,National,2004
14.699999809265137,26,337,PRY,327,242,29174,929,Paraguay,Decile 9,National,2004
2.0999999046325684,26,337,PRY,331,242,29174,921,Paraguay,Decile 1,Rural,2004
37.29999923706055,26,337,PRY,331,242,29174,930,Paraguay,Decile 10,Rural,2004
3.5999999046325684,26,337,PRY,331,242,29174,922,Paraguay,Decile 2,Rural,2004
4.699999809265137,26,337,PRY,331,242,29174,923,Paraguay,Decile 3,Rural,2004
5.599999904632568,26,337,PRY,331,242,29174,924,Paraguay,Decile 4,Rural,2004
6.300000190734863,26,337,PRY,331,242,29174,925,Paraguay,Decile 5,Rural,2004
7.699999809265137,26,337,PRY,331,242,29174,926,Paraguay,Decile 6,Rural,2004
8.899999618530273,26,337,PRY,331,242,29174,927,Paraguay,Decile 7,Rural,2004
10.5,26,337,PRY,331,242,29174,928,Paraguay,Decile 8,Rural,2004
13.399999618530273,26,337,PRY,331,242,29174,929,Paraguay,Decile 9,Rural,2004
1.899999976158142,26,337,PRY,330,242,29174,921,Paraguay,Decile 1,Urban,2004
33,26,337,PRY,330,242,29174,930,Paraguay,Decile 10,Urban,2004
3.9000000953674316,26,337,PRY,330,242,29174,922,Paraguay,Decile 2,Urban,2004
3.299999952316284,26,337,PRY,327,242,29177,922,Paraguay,Decile 2,National,2007
4.300000190734863,26,337,PRY,327,242,29177,923,Paraguay,Decile 3,National,2007
5.400000095367432,26,337,PRY,327,242,29177,924,Paraguay,Decile 4,National,2007
6.400000095367432,26,337,PRY,327,242,29177,925,Paraguay,Decile 5,National,2007
7.699999809265137,26,337,PRY,327,242,29177,926,Paraguay,Decile 6,National,2007
9.199999809265137,26,337,PRY,327,242,29177,927,Paraguay,Decile 7,National,2007
11.300000190734863,26,337,PRY,327,242,29177,928,Paraguay,Decile 8,National,2007
13.800000190734863,26,337,PRY,327,242,29177,929,Paraguay,Decile 9,National,2007
1.899999976158142,26,337,PRY,331,242,29177,921,Paraguay,Decile 1,Rural,2007
41.5,26,337,PRY,331,242,29177,930,Paraguay,Decile 10,Rural,2007
3,26,337,PRY,331,242,29177,922,Paraguay,Decile 2,Rural,2007
4.300000190734863,26,337,PRY,331,242,29177,923,Paraguay,Decile 3,Rural,2007
5.400000095367432,26,337,PRY,331,242,29177,924,Paraguay,Decile 4,Rural,2007
6.300000190734863,26,337,PRY,331,242,29177,925,Paraguay,Decile 5,Rural,2007
7.099999904632568,26,337,PRY,331,242,29177,926,Paraguay,Decile 6,Rural,2007
8.199999809265137,26,337,PRY,331,242,29177,927,Paraguay,Decile 7,Rural,2007
9.600000381469727,26,337,PRY,331,242,29177,928,Paraguay,Decile 8,Rural,2007
12.800000190734863,26,337,PRY,331,242,29177,929,Paraguay,Decile 9,Rural,2007
2.0999999046325684,26,337,PRY,330,242,29177,921,Paraguay,Decile 1,Urban,2007
32.099998474121094,26,337,PRY,330,242,29177,930,Paraguay,Decile 10,Urban,2007
3.700000047683716,26,337,PRY,330,242,29177,922,Paraguay,Decile 2,Urban,2007
4.800000190734863,26,337,PRY,330,242,29177,923,Paraguay,Decile 3,Urban,2007
5.900000095367432,26,337,PRY,330,242,29177,924,Paraguay,Decile 4,Urban,2007
7.300000190734863,26,337,PRY,330,242,29177,925,Paraguay,Decile 5,Urban,2007
8.199999809265137,26,337,PRY,330,242,29177,926,Paraguay,Decile 6,Urban,2007
9.899999618530273,26,337,PRY,330,242,29177,927,Paraguay,Decile 7,Urban,2007
11.100000381469727,26,337,PRY,330,242,29177,928,Paraguay,Decile 8,Urban,2007
14.899999618530273,26,337,PRY,330,242,29177,929,Paraguay,Decile 9,Urban,2007
2,26,337,PRY,327,242,29178,921,Paraguay,Decile 1,National,2008
33.29999923706055,26,337,PRY,327,242,29178,930,Paraguay,Decile 10,National,2008
3.4000000953674316,26,337,PRY,327,242,29178,922,Paraguay,Decile 2,National,2008
4.599999904632568,26,337,PRY,327,242,29178,923,Paraguay,Decile 3,National,2008
5.5,26,337,PRY,327,242,29178,924,Paraguay,Decile 4,National,2008
6.900000095367432,26,337,PRY,327,242,29178,925,Paraguay,Decile 5,National,2008
7.900000095367432,26,337,PRY,327,242,29178,926,Paraguay,Decile 6,National,2008
9.899999618530273,26,337,PRY,327,242,29178,927,Paraguay,Decile 7,National,2008
11.699999809265137,26,337,PRY,327,242,29178,928,Paraguay,Decile 8,National,2008
14.800000190734863,26,337,PRY,327,242,29178,929,Paraguay,Decile 9,National,2008
1.899999976158142,26,337,PRY,331,242,29178,921,Paraguay,Decile 1,Rural,2008
38.20000076293945,26,337,PRY,331,242,29178,930,Paraguay,Decile 10,Rural,2008
3.9000000953674316,26,337,PRY,331,242,29178,922,Paraguay,Decile 2,Rural,2008
4.699999809265137,26,337,PRY,331,242,29178,923,Paraguay,Decile 3,Rural,2008
5.800000190734863,26,337,PRY,331,242,29178,924,Paraguay,Decile 4,Rural,2008
6.199999809265137,26,337,PRY,331,242,29178,925,Paraguay,Decile 5,Rural,2008
7,26,337,PRY,331,242,29178,926,Paraguay,Decile 6,Rural,2008
8.899999618530273,26,337,PRY,331,242,29178,927,Paraguay,Decile 7,Rural,2008
10.699999809265137,26,337,PRY,331,242,29178,928,Paraguay,Decile 8,Rural,2008
12.699999809265137,26,337,PRY,331,242,29178,929,Paraguay,Decile 9,Rural,2008
2.299999952316284,26,337,PRY,330,242,29178,921,Paraguay,Decile 1,Urban,2008
28.899999618530273,26,337,PRY,330,242,29178,930,Paraguay,Decile 10,Urban,2008
4.199999809265137,26,337,PRY,330,242,29178,922,Paraguay,Decile 2,Urban,2008
5.300000190734863,26,337,PRY,330,242,29178,923,Paraguay,Decile 3,Urban,2008
6.400000095367432,26,337,PRY,330,242,29178,924,Paraguay,Decile 4,Urban,2008
7,26,337,PRY,330,242,29178,925,Paraguay,Decile 5,Urban,2008
8.899999618530273,26,337,PRY,330,242,29178,926,Paraguay,Decile 6,Urban,2008
10.399999618530273,26,337,PRY,330,242,29178,927,Paraguay,Decile 7,Urban,2008
11.699999809265137,26,337,PRY,330,242,29178,928,Paraguay,Decile 8,Urban,2008
14.899999618530273,26,337,PRY,330,242,29178,929,Paraguay,Decile 9,Urban,2008
1.600000023841858,26,337,PRY,327,242,29179,921,Paraguay,Decile 1,National,2009
32.29999923706055,26,337,PRY,327,242,29179,930,Paraguay,Decile 10,National,2009
3.200000047683716,26,337,PRY,327,242,29179,922,Paraguay,Decile 2,National,2009
4.300000190734863,26,337,PRY,327,242,29179,923,Paraguay,Decile 3,National,2009
5.699999809265137,26,337,PRY,327,242,29179,924,Paraguay,Decile 4,National,2009
6.800000190734863,26,337,PRY,327,242,29179,925,Paraguay,Decile 5,National,2009
8.399999618530273,26,337,PRY,327,242,29179,926,Paraguay,Decile 6,National,2009
10.5,26,337,PRY,327,242,29179,927,Paraguay,Decile 7,National,2009
11.300000190734863,26,337,PRY,327,242,29179,928,Paraguay,Decile 8,National,2009
15.800000190734863,26,337,PRY,327,242,29179,929,Paraguay,Decile 9,National,2009
1.600000023841858,26,337,PRY,331,242,29179,921,Paraguay,Decile 1,Rural,2009
40.099998474121094,26,337,PRY,331,242,29179,930,Paraguay,Decile 10,Rural,2009
3.200000047683716,26,337,PRY,331,242,29179,922,Paraguay,Decile 2,Rural,2009
4.099999904632568,26,337,PRY,331,242,29179,923,Paraguay,Decile 3,Rural,2009
5,26,337,PRY,331,242,29179,924,Paraguay,Decile 4,Rural,2009
5.900000095367432,26,337,PRY,331,242,29179,925,Paraguay,Decile 5,Rural,2009
7.5,26,337,PRY,331,242,29179,926,Paraguay,Decile 6,Rural,2009
8.699999809265137,26,337,PRY,331,242,29179,927,Paraguay,Decile 7,Rural,2009
10.899999618530273,26,337,PRY,331,242,29179,928,Paraguay,Decile 8,Rural,2009
12.899999618530273,26,337,PRY,331,242,29179,929,Paraguay,Decile 9,Rural,2009
2.0999999046325684,26,337,PRY,330,242,29179,921,Paraguay,Decile 1,Urban,2009
27.200000762939453,26,337,PRY,330,242,29179,930,Paraguay,Decile 10,Urban,2009
4.099999904632568,26,337,PRY,330,242,29179,922,Paraguay,Decile 2,Urban,2009
5.300000190734863,26,337,PRY,330,242,29179,923,Paraguay,Decile 3,Urban,2009
6.300000190734863,26,337,PRY,330,242,29179,924,Paraguay,Decile 4,Urban,2009
8,26,337,PRY,330,242,29179,925,Paraguay,Decile 5,Urban,2009
9.699999809265137,26,337,PRY,330,242,29179,926,Paraguay,Decile 6,Urban,2009
9.5,26,337,PRY,330,242,29179,927,Paraguay,Decile 7,Urban,2009
12.699999809265137,26,337,PRY,330,242,29179,928,Paraguay,Decile 8,Urban,2009
15.100000381469727,26,337,PRY,330,242,29179,929,Paraguay,Decile 9,Urban,2009
1.7000000476837158,26,337,PRY,327,242,29180,921,Paraguay,Decile 1,National,2010
35.599998474121094,26,337,PRY,327,242,29180,930,Paraguay,Decile 10,National,2010
3.0999999046325684,26,337,PRY,327,242,29180,922,Paraguay,Decile 2,National,2010
4.300000190734863,26,337,PRY,327,242,29180,923,Paraguay,Decile 3,National,2010
5.400000095367432,26,337,PRY,327,242,29180,924,Paraguay,Decile 4,National,2010
6.5,26,337,PRY,327,242,29180,925,Paraguay,Decile 5,National,2010
8.199999809265137,26,337,PRY,327,242,29180,926,Paraguay,Decile 6,National,2010
9.199999809265137,26,337,PRY,327,242,29180,927,Paraguay,Decile 7,National,2010
11.699999809265137,26,337,PRY,327,242,29180,928,Paraguay,Decile 8,National,2010
14.399999618530273,26,337,PRY,327,242,29180,929,Paraguay,Decile 9,National,2010
1.7999999523162842,26,337,PRY,331,242,29180,921,Paraguay,Decile 1,Rural,2010
39.20000076293945,26,337,PRY,331,242,29180,930,Paraguay,Decile 10,Rural,2010
3.200000047683716,26,337,PRY,331,242,29180,922,Paraguay,Decile 2,Rural,2010
4,26,337,PRY,331,242,29180,923,Paraguay,Decile 3,Rural,2010
5.099999904632568,26,337,PRY,331,242,29180,924,Paraguay,Decile 4,Rural,2010
6.400000095367432,26,337,PRY,331,242,29180,925,Paraguay,Decile 5,Rural,2010
7.699999809265137,26,337,PRY,331,242,29180,926,Paraguay,Decile 6,Rural,2010
8.800000190734863,26,337,PRY,331,242,29180,927,Paraguay,Decile 7,Rural,2010
10.899999618530273,26,337,PRY,331,242,29180,928,Paraguay,Decile 8,Rural,2010
12.899999618530273,26,337,PRY,331,242,29180,929,Paraguay,Decile 9,Rural,2010
2.4000000953674316,26,337,PRY,330,242,29180,921,Paraguay,Decile 1,Urban,2010
32.5,26,337,PRY,330,242,29180,930,Paraguay,Decile 10,Urban,2010
4,26,337,PRY,330,242,29180,922,Paraguay,Decile 2,Urban,2010
5,26,337,PRY,330,242,29180,923,Paraguay,Decile 3,Urban,2010
6.099999904632568,26,337,PRY,330,242,29180,924,Paraguay,Decile 4,Urban,2010
7.5,26,337,PRY,330,242,29180,925,Paraguay,Decile 5,Urban,2010
8,26,337,PRY,330,242,29180,926,Paraguay,Decile 6,Urban,2010
9.800000190734863,26,337,PRY,330,242,29180,927,Paraguay,Decile 7,Urban,2010
11.300000190734863,26,337,PRY,330,242,29180,928,Paraguay,Decile 8,Urban,2010
13.600000381469727,26,337,PRY,330,242,29180,929,Paraguay,Decile 9,Urban,2010
1.5,26,337,PRY,327,242,29181,921,Paraguay,Decile 1,National,2011
36.900001525878906,26,337,PRY,327,242,29181,930,Paraguay,Decile 10,National,2011
2.9000000953674316,26,337,PRY,327,242,29181,922,Paraguay,Decile 2,National,2011
4,26,337,PRY,327,242,29181,923,Paraguay,Decile 3,National,2011
5.300000190734863,26,337,PRY,327,242,29181,924,Paraguay,Decile 4,National,2011
6.099999904632568,26,337,PRY,327,242,29181,925,Paraguay,Decile 5,National,2011
7.599999904632568,26,337,PRY,327,242,29181,926,Paraguay,Decile 6,National,2011
9,26,337,PRY,327,242,29181,927,Paraguay,Decile 7,National,2011
11.5,26,337,PRY,327,242,29181,928,Paraguay,Decile 8,National,2011
15.300000190734863,26,337,PRY,327,242,29181,929,Paraguay,Decile 9,National,2011
1.399999976158142,26,337,PRY,331,242,29181,921,Paraguay,Decile 1,Rural,2011
41.70000076293945,26,337,PRY,331,242,29181,930,Paraguay,Decile 10,Rural,2011
2.9000000953674316,26,337,PRY,331,242,29181,922,Paraguay,Decile 2,Rural,2011
4,26,337,PRY,331,242,29181,923,Paraguay,Decile 3,Rural,2011
4.900000095367432,26,337,PRY,331,242,29181,924,Paraguay,Decile 4,Rural,2011
5.900000095367432,26,337,PRY,331,242,29181,925,Paraguay,Decile 5,Rural,2011
7.199999809265137,26,337,PRY,331,242,29181,926,Paraguay,Decile 6,Rural,2011
8.600000381469727,26,337,PRY,331,242,29181,927,Paraguay,Decile 7,Rural,2011
10.5,26,337,PRY,331,242,29181,928,Paraguay,Decile 8,Rural,2011
12.899999618530273,26,337,PRY,331,242,29181,929,Paraguay,Decile 9,Rural,2011
2,26,337,PRY,330,242,29181,921,Paraguay,Decile 1,Urban,2011
33.099998474121094,26,337,PRY,330,242,29181,930,Paraguay,Decile 10,Urban,2011
3.5999999046325684,26,337,PRY,330,242,29181,922,Paraguay,Decile 2,Urban,2011
4.5,26,337,PRY,330,242,29181,923,Paraguay,Decile 3,Urban,2011
5.699999809265137,26,337,PRY,330,242,29181,924,Paraguay,Decile 4,Urban,2011
6.800000190734863,26,337,PRY,330,242,29181,925,Paraguay,Decile 5,Urban,2011
7.800000190734863,26,337,PRY,330,242,29181,926,Paraguay,Decile 6,Urban,2011
9.899999618530273,26,337,PRY,330,242,29181,927,Paraguay,Decile 7,Urban,2011
12.199999809265137,26,337,PRY,330,242,29181,928,Paraguay,Decile 8,Urban,2011
14.399999618530273,26,337,PRY,330,242,29181,929,Paraguay,Decile 9,Urban,2011
1.7999999523162842,26,337,PRY,327,242,29182,921,Paraguay,Decile 1,National,2012
31.700000762939453,26,337,PRY,327,242,29182,930,Paraguay,Decile 10,National,2012
3.0999999046325684,26,337,PRY,327,242,29182,922,Paraguay,Decile 2,National,2012
4.300000190734863,26,337,PRY,327,242,29182,923,Paraguay,Decile 3,National,2012
5.800000190734863,26,337,PRY,327,242,29182,924,Paraguay,Decile 4,National,2012
7.199999809265137,26,337,PRY,327,242,29182,925,Paraguay,Decile 5,National,2012
8.800000190734863,26,337,PRY,327,242,29182,926,Paraguay,Decile 6,National,2012
10.5,26,337,PRY,327,242,29182,927,Paraguay,Decile 7,National,2012
11.800000190734863,26,337,PRY,327,242,29182,928,Paraguay,Decile 8,National,2012
14.800000190734863,26,337,PRY,327,242,29182,929,Paraguay,Decile 9,National,2012
2.0999999046325684,26,337,PRY,331,242,29182,921,Paraguay,Decile 1,Rural,2012
33.29999923706055,26,337,PRY,331,242,29182,930,Paraguay,Decile 10,Rural,2012
3.5999999046325684,26,337,PRY,331,242,29182,922,Paraguay,Decile 2,Rural,2012
4.5,26,337,PRY,331,242,29182,923,Paraguay,Decile 3,Rural,2012
5.400000095367432,26,337,PRY,331,242,29182,924,Paraguay,Decile 4,Rural,2012
7.099999904632568,26,337,PRY,331,242,29182,925,Paraguay,Decile 5,Rural,2012
7.699999809265137,26,337,PRY,331,242,29182,926,Paraguay,Decile 6,Rural,2012
9.600000381469727,26,337,PRY,331,242,29182,927,Paraguay,Decile 7,Rural,2012
12,26,337,PRY,331,242,29182,928,Paraguay,Decile 8,Rural,2012
14.600000381469727,26,337,PRY,331,242,29182,929,Paraguay,Decile 9,Rural,2012
2.299999952316284,26,337,PRY,330,242,29182,921,Paraguay,Decile 1,Urban,2012
28.399999618530273,26,337,PRY,330,242,29182,930,Paraguay,Decile 10,Urban,2012
4.199999809265137,26,337,PRY,330,242,29182,922,Paraguay,Decile 2,Urban,2012
5.099999904632568,26,337,PRY,330,242,29182,923,Paraguay,Decile 3,Urban,2012
6.800000190734863,26,337,PRY,330,242,29182,924,Paraguay,Decile 4,Urban,2012
7.900000095367432,26,337,PRY,330,242,29182,925,Paraguay,Decile 5,Urban,2012
9.300000190734863,26,337,PRY,330,242,29182,926,Paraguay,Decile 6,Urban,2012
9.699999809265137,26,337,PRY,330,242,29182,927,Paraguay,Decile 7,Urban,2012
11.699999809265137,26,337,PRY,330,242,29182,928,Paraguay,Decile 8,Urban,2012
14.600000381469727,26,337,PRY,330,242,29182,929,Paraguay,Decile 9,Urban,2012
1.7000000476837158,26,337,PRY,327,242,29183,921,Paraguay,Decile 1,National,2013
32.599998474121094,26,337,PRY,327,242,29183,930,Paraguay,Decile 10,National,2013
3.299999952316284,26,337,PRY,327,242,29183,922,Paraguay,Decile 2,National,2013
4.699999809265137,26,337,PRY,327,242,29183,923,Paraguay,Decile 3,National,2013
5.599999904632568,26,337,PRY,327,242,29183,924,Paraguay,Decile 4,National,2013
6.699999809265137,26,337,PRY,327,242,29183,925,Paraguay,Decile 5,National,2013
8.100000381469727,26,337,PRY,327,242,29183,926,Paraguay,Decile 6,National,2013
9.600000381469727,26,337,PRY,327,242,29183,927,Paraguay,Decile 7,National,2013
12.100000381469727,26,337,PRY,327,242,29183,928,Paraguay,Decile 8,National,2013
15.5,26,337,PRY,327,242,29183,929,Paraguay,Decile 9,National,2013
2.0999999046325684,26,337,PRY,331,242,29183,921,Paraguay,Decile 1,Rural,2013
32.400001525878906,26,337,PRY,331,242,29183,930,Paraguay,Decile 10,Rural,2013
3.5,26,337,PRY,331,242,29183,922,Paraguay,Decile 2,Rural,2013
4.699999809265137,26,337,PRY,331,242,29183,923,Paraguay,Decile 3,Rural,2013
5.800000190734863,26,337,PRY,331,242,29183,924,Paraguay,Decile 4,Rural,2013
7.5,26,337,PRY,331,242,29183,925,Paraguay,Decile 5,Rural,2013
7.599999904632568,26,337,PRY,331,242,29183,926,Paraguay,Decile 6,Rural,2013
9.199999809265137,26,337,PRY,331,242,29183,927,Paraguay,Decile 7,Rural,2013
11.699999809265137,26,337,PRY,331,242,29183,928,Paraguay,Decile 8,Rural,2013
15.5,26,337,PRY,331,242,29183,929,Paraguay,Decile 9,Rural,2013
2.0999999046325684,26,337,PRY,330,242,29183,921,Paraguay,Decile 1,Urban,2013
29.799999237060547,26,337,PRY,330,242,29183,930,Paraguay,Decile 10,Urban,2013
4.099999904632568,26,337,PRY,330,242,29183,922,Paraguay,Decile 2,Urban,2013
5.300000190734863,26,337,PRY,330,242,29183,923,Paraguay,Decile 3,Urban,2013
5.900000095367432,26,337,PRY,330,242,29183,924,Paraguay,Decile 4,Urban,2013
7.199999809265137,26,337,PRY,330,242,29183,925,Paraguay,Decile 5,Urban,2013
8.199999809265137,26,337,PRY,330,242,29183,926,Paraguay,Decile 6,Urban,2013
9.800000190734863,26,337,PRY,330,242,29183,927,Paraguay,Decile 7,Urban,2013
11.899999618530273,26,337,PRY,330,242,29183,928,Paraguay,Decile 8,Urban,2013
15.699999809265137,26,337,PRY,330,242,29183,929,Paraguay,Decile 9,Urban,2013
1.7000000476837158,26,337,PRY,327,242,29184,921,Paraguay,Decile 1,National,2014
36.900001525878906,26,337,PRY,327,242,29184,930,Paraguay,Decile 10,National,2014
3.200000047683716,26,337,PRY,327,242,29184,922,Paraguay,Decile 2,National,2014
4.199999809265137,26,337,PRY,327,242,29184,923,Paraguay,Decile 3,National,2014
5.300000190734863,26,337,PRY,327,242,29184,924,Paraguay,Decile 4,National,2014
6.699999809265137,26,337,PRY,327,242,29184,925,Paraguay,Decile 5,National,2014
8,26,337,PRY,327,242,29184,926,Paraguay,Decile 6,National,2014
9.100000381469727,26,337,PRY,327,242,29184,927,Paraguay,Decile 7,National,2014
10.899999618530273,26,337,PRY,327,242,29184,928,Paraguay,Decile 8,National,2014
13.899999618530273,26,337,PRY,327,242,29184,929,Paraguay,Decile 9,National,2014
1.7999999523162842,26,337,PRY,331,242,29184,921,Paraguay,Decile 1,Rural,2014
41.29999923706055,26,337,PRY,331,242,29184,930,Paraguay,Decile 10,Rural,2014
3.0999999046325684,26,337,PRY,331,242,29184,922,Paraguay,Decile 2,Rural,2014
3.9000000953674316,26,337,PRY,331,242,29184,923,Paraguay,Decile 3,Rural,2014
4.699999809265137,26,337,PRY,331,242,29184,924,Paraguay,Decile 4,Rural,2014
6,26,337,PRY,331,242,29184,925,Paraguay,Decile 5,Rural,2014
7.099999904632568,26,337,PRY,331,242,29184,926,Paraguay,Decile 6,Rural,2014
8.600000381469727,26,337,PRY,331,242,29184,927,Paraguay,Decile 7,Rural,2014
10.699999809265137,26,337,PRY,331,242,29184,928,Paraguay,Decile 8,Rural,2014
12.800000190734863,26,337,PRY,331,242,29184,929,Paraguay,Decile 9,Rural,2014
2.200000047683716,26,337,PRY,330,242,29184,921,Paraguay,Decile 1,Urban,2014
33.70000076293945,26,337,PRY,330,242,29184,930,Paraguay,Decile 10,Urban,2014
3.799999952316284,26,337,PRY,330,242,29184,922,Paraguay,Decile 2,Urban,2014
5,26,337,PRY,330,242,29184,923,Paraguay,Decile 3,Urban,2014
6.099999904632568,26,337,PRY,330,242,29184,924,Paraguay,Decile 4,Urban,2014
7.099999904632568,26,337,PRY,330,242,29184,925,Paraguay,Decile 5,Urban,2014
7.900000095367432,26,337,PRY,330,242,29184,926,Paraguay,Decile 6,Urban,2014
9.899999618530273,26,337,PRY,330,242,29184,927,Paraguay,Decile 7,Urban,2014
10.699999809265137,26,337,PRY,330,242,29184,928,Paraguay,Decile 8,Urban,2014
13.600000381469727,26,337,PRY,330,242,29184,929,Paraguay,Decile 9,Urban,2014
1.7999999523162842,26,337,PRY,327,242,29185,921,Paraguay,Decile 1,National,2015
33,26,337,PRY,327,242,29185,930,Paraguay,Decile 10,National,2015
3.200000047683716,26,337,PRY,327,242,29185,922,Paraguay,Decile 2,National,2015
4.199999809265137,26,337,PRY,327,242,29185,923,Paraguay,Decile 3,National,2015
5.900000095367432,26,337,PRY,327,242,29185,924,Paraguay,Decile 4,National,2015
7,26,337,PRY,327,242,29185,925,Paraguay,Decile 5,National,2015
8.199999809265137,26,337,PRY,327,242,29185,926,Paraguay,Decile 6,National,2015
10,26,337,PRY,327,242,29185,927,Paraguay,Decile 7,National,2015
12.399999618530273,26,337,PRY,327,242,29185,928,Paraguay,Decile 8,National,2015
14.399999618530273,26,337,PRY,327,242,29185,929,Paraguay,Decile 9,National,2015
2.200000047683716,26,337,PRY,331,242,29185,921,Paraguay,Decile 1,Rural,2015
29,26,337,PRY,331,242,29185,930,Paraguay,Decile 10,Rural,2015
3.700000047683716,26,337,PRY,331,242,29185,922,Paraguay,Decile 2,Rural,2015
4.599999904632568,26,337,PRY,331,242,29185,923,Paraguay,Decile 3,Rural,2015
5.900000095367432,26,337,PRY,331,242,29185,924,Paraguay,Decile 4,Rural,2015
6.900000095367432,26,337,PRY,331,242,29185,925,Paraguay,Decile 5,Rural,2015
9,26,337,PRY,331,242,29185,926,Paraguay,Decile 6,Rural,2015
10.899999618530273,26,337,PRY,331,242,29185,927,Paraguay,Decile 7,Rural,2015
12,26,337,PRY,331,242,29185,928,Paraguay,Decile 8,Rural,2015
16,26,337,PRY,331,242,29185,929,Paraguay,Decile 9,Rural,2015
2.299999952316284,26,337,PRY,330,242,29185,921,Paraguay,Decile 1,Urban,2015
32.099998474121094,26,337,PRY,330,242,29185,930,Paraguay,Decile 10,Urban,2015
3.9000000953674316,26,337,PRY,330,242,29185,922,Paraguay,Decile 2,Urban,2015
5.199999809265137,26,337,PRY,330,242,29185,923,Paraguay,Decile 3,Urban,2015
6.099999904632568,26,337,PRY,330,242,29185,924,Paraguay,Decile 4,Urban,2015
6.900000095367432,26,337,PRY,330,242,29185,925,Paraguay,Decile 5,Urban,2015
8.600000381469727,26,337,PRY,330,242,29185,926,Paraguay,Decile 6,Urban,2015
10.100000381469727,26,337,PRY,330,242,29185,927,Paraguay,Decile 7,Urban,2015
10.5,26,337,PRY,330,242,29185,928,Paraguay,Decile 8,Urban,2015
14.399999618530273,26,337,PRY,330,242,29185,929,Paraguay,Decile 9,Urban,2015
1.7999999523162842,26,337,PRY,327,242,29186,921,Paraguay,Decile 1,National,2016
33.29999923706055,26,337,PRY,327,242,29186,930,Paraguay,Decile 10,National,2016
3.299999952316284,26,337,PRY,327,242,29186,922,Paraguay,Decile 2,National,2016
4.5,26,337,PRY,327,242,29186,923,Paraguay,Decile 3,National,2016
5.400000095367432,26,337,PRY,327,242,29186,924,Paraguay,Decile 4,National,2016
7.099999904632568,26,337,PRY,327,242,29186,925,Paraguay,Decile 5,National,2016
8.399999618530273,26,337,PRY,327,242,29186,926,Paraguay,Decile 6,National,2016
9.699999809265137,26,337,PRY,327,242,29186,927,Paraguay,Decile 7,National,2016
11.300000190734863,26,337,PRY,327,242,29186,928,Paraguay,Decile 8,National,2016
15.199999809265137,26,337,PRY,327,242,29186,929,Paraguay,Decile 9,National,2016
2.0999999046325684,26,337,PRY,331,242,29186,921,Paraguay,Decile 1,Rural,2016
35.20000076293945,26,337,PRY,331,242,29186,930,Paraguay,Decile 10,Rural,2016
3.4000000953674316,26,337,PRY,331,242,29186,922,Paraguay,Decile 2,Rural,2016
4.5,26,337,PRY,331,242,29186,923,Paraguay,Decile 3,Rural,2016
5.5,26,337,PRY,331,242,29186,924,Paraguay,Decile 4,Rural,2016
6.800000190734863,26,337,PRY,331,242,29186,925,Paraguay,Decile 5,Rural,2016
7.900000095367432,26,337,PRY,331,242,29186,926,Paraguay,Decile 6,Rural,2016
10,26,337,PRY,331,242,29186,927,Paraguay,Decile 7,Rural,2016
11.300000190734863,26,337,PRY,331,242,29186,928,Paraguay,Decile 8,Rural,2016
13.300000190734863,26,337,PRY,331,242,29186,929,Paraguay,Decile 9,Rural,2016
2.4000000953674316,26,337,PRY,330,242,29186,921,Paraguay,Decile 1,Urban,2016
30.100000381469727,26,337,PRY,330,242,29186,930,Paraguay,Decile 10,Urban,2016
3.9000000953674316,26,337,PRY,330,242,29186,922,Paraguay,Decile 2,Urban,2016
5.099999904632568,26,337,PRY,330,242,29186,923,Paraguay,Decile 3,Urban,2016
6.300000190734863,26,337,PRY,330,242,29186,924,Paraguay,Decile 4,Urban,2016
7.599999904632568,26,337,PRY,330,242,29186,925,Paraguay,Decile 5,Urban,2016
8.600000381469727,26,337,PRY,330,242,29186,926,Paraguay,Decile 6,Urban,2016
9.800000190734863,26,337,PRY,330,242,29186,927,Paraguay,Decile 7,Urban,2016
11.199999809265137,26,337,PRY,330,242,29186,928,Paraguay,Decile 8,Urban,2016
14.899999618530273,26,337,PRY,330,242,29186,929,Paraguay,Decile 9,Urban,2016
2,26,16003,PRY,327,242,29187,921,Paraguay,Decile 1,National,2017
35,26,16003,PRY,327,242,29187,930,Paraguay,Decile 10,National,2017
3.4000000953674316,26,16003,PRY,327,242,29187,922,Paraguay,Decile 2,National,2017
4.300000190734863,26,16003,PRY,327,242,29187,923,Paraguay,Decile 3,National,2017
5.599999904632568,26,16003,PRY,327,242,29187,924,Paraguay,Decile 4,National,2017
6.800000190734863,26,16003,PRY,327,242,29187,925,Paraguay,Decile 5,National,2017
7.900000095367432,26,16003,PRY,327,242,29187,926,Paraguay,Decile 6,National,2017
9.600000381469727,26,16003,PRY,327,242,29187,927,Paraguay,Decile 7,National,2017
11.199999809265137,26,16003,PRY,327,242,29187,928,Paraguay,Decile 8,National,2017
14.100000381469727,26,16003,PRY,327,242,29187,929,Paraguay,Decile 9,National,2017
2.299999952316284,26,16003,PRY,331,242,29187,921,Paraguay,Decile 1,Rural,2017
35.79999923706055,26,16003,PRY,331,242,29187,930,Paraguay,Decile 10,Rural,2017
3.4000000953674316,26,16003,PRY,331,242,29187,922,Paraguay,Decile 2,Rural,2017
4.599999904632568,26,16003,PRY,331,242,29187,923,Paraguay,Decile 3,Rural,2017
5.800000190734863,26,16003,PRY,331,242,29187,924,Paraguay,Decile 4,Rural,2017
6.5,26,16003,PRY,331,242,29187,925,Paraguay,Decile 5,Rural,2017
7.599999904632568,26,16003,PRY,331,242,29187,926,Paraguay,Decile 6,Rural,2017
9,26,16003,PRY,331,242,29187,927,Paraguay,Decile 7,Rural,2017
11.300000190734863,26,16003,PRY,331,242,29187,928,Paraguay,Decile 8,Rural,2017
13.699999809265137,26,16003,PRY,331,242,29187,929,Paraguay,Decile 9,Rural,2017
2.5,26,16003,PRY,330,242,29187,921,Paraguay,Decile 1,Urban,2017
33,26,16003,PRY,330,242,29187,930,Paraguay,Decile 10,Urban,2017
3.799999952316284,26,16003,PRY,330,242,29187,922,Paraguay,Decile 2,Urban,2017
5.099999904632568,26,16003,PRY,330,242,29187,923,Paraguay,Decile 3,Urban,2017
6.199999809265137,26,16003,PRY,330,242,29187,924,Paraguay,Decile 4,Urban,2017
7,26,16003,PRY,330,242,29187,925,Paraguay,Decile 5,Urban,2017
8.199999809265137,26,16003,PRY,330,242,29187,926,Paraguay,Decile 6,Urban,2017
9.800000190734863,26,16003,PRY,330,242,29187,927,Paraguay,Decile 7,Urban,2017
10.899999618530273,26,16003,PRY,330,242,29187,928,Paraguay,Decile 8,Urban,2017
13.5,26,16003,PRY,330,242,29187,929,Paraguay,Decile 9,Urban,2017
1.899999976158142,26,16003,PRY,327,242,29188,921,Paraguay,Decile 1,National,2018
30.700000762939453,26,16003,PRY,327,242,29188,930,Paraguay,Decile 10,National,2018
3.700000047683716,26,16003,PRY,327,242,29188,922,Paraguay,Decile 2,National,2018
4.699999809265137,26,16003,PRY,327,242,29188,923,Paraguay,Decile 3,National,2018
5.800000190734863,26,16003,PRY,327,242,29188,924,Paraguay,Decile 4,National,2018
7.400000095367432,26,16003,PRY,327,242,29188,925,Paraguay,Decile 5,National,2018
8.600000381469727,26,16003,PRY,327,242,29188,926,Paraguay,Decile 6,National,2018
10.5,26,16003,PRY,327,242,29188,927,Paraguay,Decile 7,National,2018
12,26,16003,PRY,327,242,29188,928,Paraguay,Decile 8,National,2018
14.600000381469727,26,16003,PRY,327,242,29188,929,Paraguay,Decile 9,National,2018
2.200000047683716,26,16003,PRY,331,242,29188,921,Paraguay,Decile 1,Rural,2018
33.20000076293945,26,16003,PRY,331,242,29188,930,Paraguay,Decile 10,Rural,2018
3.5,26,16003,PRY,331,242,29188,922,Paraguay,Decile 2,Rural,2018
4.900000095367432,26,16003,PRY,331,242,29188,923,Paraguay,Decile 3,Rural,2018
5.599999904632568,26,16003,PRY,331,242,29188,924,Paraguay,Decile 4,Rural,2018
6.800000190734863,26,16003,PRY,331,242,29188,925,Paraguay,Decile 5,Rural,2018
8.199999809265137,26,16003,PRY,331,242,29188,926,Paraguay,Decile 6,Rural,2018
9.300000190734863,26,16003,PRY,331,242,29188,927,Paraguay,Decile 7,Rural,2018
11.199999809265137,26,16003,PRY,331,242,29188,928,Paraguay,Decile 8,Rural,2018
15.100000381469727,26,16003,PRY,331,242,29188,929,Paraguay,Decile 9,Rural,2018
2.5999999046325684,26,16003,PRY,330,242,29188,921,Paraguay,Decile 1,Urban,2018
28.299999237060547,26,16003,PRY,330,242,29188,930,Paraguay,Decile 10,Urban,2018
4.400000095367432,26,16003,PRY,330,242,29188,922,Paraguay,Decile 2,Urban,2018
5.199999809265137,26,16003,PRY,330,242,29188,923,Paraguay,Decile 3,Urban,2018
7.099999904632568,26,16003,PRY,330,242,29188,924,Paraguay,Decile 4,Urban,2018
7.599999904632568,26,16003,PRY,330,242,29188,925,Paraguay,Decile 5,Urban,2018
9.5,26,16003,PRY,330,242,29188,926,Paraguay,Decile 6,Urban,2018
9.800000190734863,26,16003,PRY,330,242,29188,927,Paraguay,Decile 7,Urban,2018
11.100000381469727,26,16003,PRY,330,242,29188,928,Paraguay,Decile 8,Urban,2018
14.399999618530273,26,16003,PRY,330,242,29188,929,Paraguay,Decile 9,Urban,2018
2,26,16003,PRY,327,242,29189,921,Paraguay,Decile 1,National,2019
29.899999618530273,26,16003,PRY,327,242,29189,930,Paraguay,Decile 10,National,2019
3.5999999046325684,26,16003,PRY,327,242,29189,922,Paraguay,Decile 2,National,2019
4.599999904632568,26,16003,PRY,327,242,29189,923,Paraguay,Decile 3,National,2019
5.800000190734863,26,16003,PRY,327,242,29189,924,Paraguay,Decile 4,National,2019
7.599999904632568,26,16003,PRY,327,242,29189,925,Paraguay,Decile 5,National,2019
8.899999618530273,26,16003,PRY,327,242,29189,926,Paraguay,Decile 6,National,2019
10.600000381469727,26,16003,PRY,327,242,29189,927,Paraguay,Decile 7,National,2019
11.800000190734863,26,16003,PRY,327,242,29189,928,Paraguay,Decile 8,National,2019
15.100000381469727,26,16003,PRY,327,242,29189,929,Paraguay,Decile 9,National,2019
2.299999952316284,26,16003,PRY,331,242,29189,921,Paraguay,Decile 1,Rural,2019
31.700000762939453,26,16003,PRY,331,242,29189,930,Paraguay,Decile 10,Rural,2019
3.5999999046325684,26,16003,PRY,331,242,29189,922,Paraguay,Decile 2,Rural,2019
4.800000190734863,26,16003,PRY,331,242,29189,923,Paraguay,Decile 3,Rural,2019
5.599999904632568,26,16003,PRY,331,242,29189,924,Paraguay,Decile 4,Rural,2019
6.900000095367432,26,16003,PRY,331,242,29189,925,Paraguay,Decile 5,Rural,2019
8.300000190734863,26,16003,PRY,331,242,29189,926,Paraguay,Decile 6,Rural,2019
10,26,16003,PRY,331,242,29189,927,Paraguay,Decile 7,Rural,2019
11.800000190734863,26,16003,PRY,331,242,29189,928,Paraguay,Decile 8,Rural,2019
14.899999618530273,26,16003,PRY,331,242,29189,929,Paraguay,Decile 9,Rural,2019
2.5999999046325684,26,16003,PRY,330,242,29189,921,Paraguay,Decile 1,Urban,2019
27.600000381469727,26,16003,PRY,330,242,29189,930,Paraguay,Decile 10,Urban,2019
4.099999904632568,26,16003,PRY,330,242,29189,922,Paraguay,Decile 2,Urban,2019
5.300000190734863,26,16003,PRY,330,242,29189,923,Paraguay,Decile 3,Urban,2019
6.699999809265137,26,16003,PRY,330,242,29189,924,Paraguay,Decile 4,Urban,2019
8.199999809265137,26,16003,PRY,330,242,29189,925,Paraguay,Decile 5,Urban,2019
9.199999809265137,26,16003,PRY,330,242,29189,926,Paraguay,Decile 6,Urban,2019
10.100000381469727,26,16003,PRY,330,242,29189,927,Paraguay,Decile 7,Urban,2019
11.399999618530273,26,16003,PRY,330,242,29189,928,Paraguay,Decile 8,Urban,2019
14.800000190734863,26,16003,PRY,330,242,29189,929,Paraguay,Decile 9,Urban,2019
2.299999952316284,26,16003,PRY,327,242,29190,921,Paraguay,Decile 1,National,2020
28.799999237060547,26,16003,PRY,327,242,29190,930,Paraguay,Decile 10,National,2020
4,26,16003,PRY,327,242,29190,922,Paraguay,Decile 2,National,2020
4.800000190734863,26,16003,PRY,327,242,29190,923,Paraguay,Decile 3,National,2020
6.199999809265137,26,16003,PRY,327,242,29190,924,Paraguay,Decile 4,National,2020
7.400000095367432,26,16003,PRY,327,242,29190,925,Paraguay,Decile 5,National,2020
2,26,16004,PRY,331,242,29194,921,Paraguay,Decile 1,Rural,2024
35,26,16004,PRY,331,242,29194,930,Paraguay,Decile 10,Rural,2024
3.5999999046325684,26,16004,PRY,331,242,29194,922,Paraguay,Decile 2,Rural,2024
4.699999809265137,26,16004,PRY,331,242,29194,923,Paraguay,Decile 3,Rural,2024
5.400000095367432,26,16004,PRY,331,242,29194,924,Paraguay,Decile 4,Rural,2024
6.5,26,16004,PRY,331,242,29194,925,Paraguay,Decile 5,Rural,2024
8.199999809265137,26,16004,PRY,331,242,29194,926,Paraguay,Decile 6,Rural,2024
9.5,26,16004,PRY,331,242,29194,927,Paraguay,Decile 7,Rural,2024
11.199999809265137,26,16004,PRY,331,242,29194,928,Paraguay,Decile 8,Rural,2024
14,26,16004,PRY,331,242,29194,929,Paraguay,Decile 9,Rural,2024
2.5,26,16004,PRY,330,242,29194,921,Paraguay,Decile 1,Urban,2024
27.200000762939453,26,16004,PRY,330,242,29194,930,Paraguay,Decile 10,Urban,2024
4.199999809265137,26,16004,PRY,330,242,29194,922,Paraguay,Decile 2,Urban,2024
5.400000095367432,26,16004,PRY,330,242,29194,923,Paraguay,Decile 3,Urban,2024
7.099999904632568,26,16004,PRY,330,242,29194,924,Paraguay,Decile 4,Urban,2024
7.900000095367432,26,16004,PRY,330,242,29194,925,Paraguay,Decile 5,Urban,2024
9.399999618530273,26,16004,PRY,330,242,29194,926,Paraguay,Decile 6,Urban,2024
10.199999809265137,26,16004,PRY,330,242,29194,927,Paraguay,Decile 7,Urban,2024
11.800000190734863,26,16004,PRY,330,242,29194,928,Paraguay,Decile 8,Urban,2024
14.199999809265137,26,16004,PRY,330,242,29194,929,Paraguay,Decile 9,Urban,2024
1.399999976158142,26,337,PER,327,244,29171,921,Peru,Decile 1,National,2001
32.400001525878906,26,337,PER,327,244,29171,930,Peru,Decile 10,National,2001
2.9000000953674316,26,337,PER,327,244,29171,922,Peru,Decile 2,National,2001
3.9000000953674316,26,337,PER,327,244,29171,923,Peru,Decile 3,National,2001
5.099999904632568,26,337,PER,327,244,29171,924,Peru,Decile 4,National,2001
6.400000095367432,26,337,PER,327,244,29171,925,Peru,Decile 5,National,2001
8.399999618530273,26,337,PER,327,244,29171,926,Peru,Decile 6,National,2001
10.199999809265137,26,337,PER,327,244,29171,927,Peru,Decile 7,National,2001
12.699999809265137,26,337,PER,327,244,29171,928,Peru,Decile 8,National,2001
16.5,26,337,PER,327,244,29171,929,Peru,Decile 9,National,2001
2.5999999046325684,26,337,PER,331,244,29171,921,Peru,Decile 1,Rural,2001
25.299999237060547,26,337,PER,331,244,29171,930,Peru,Decile 10,Rural,2001
4.099999904632568,26,337,PER,331,244,29171,922,Peru,Decile 2,Rural,2001
5.5,26,337,PER,331,244,29171,923,Peru,Decile 3,Rural,2001
6.900000095367432,26,337,PER,331,244,29171,924,Peru,Decile 4,Rural,2001
7.900000095367432,26,337,PER,331,244,29171,925,Peru,Decile 5,Rural,2001
9,26,337,PER,331,244,29171,926,Peru,Decile 6,Rural,2001
10.5,26,337,PER,331,244,29171,927,Peru,Decile 7,Rural,2001
12.199999809265137,26,337,PER,331,244,29171,928,Peru,Decile 8,Rural,2001
15.899999618530273,26,337,PER,331,244,29171,929,Peru,Decile 9,Rural,2001
2,26,337,PER,330,244,29171,921,Peru,Decile 1,Urban,2001
29.799999237060547,26,337,PER,330,244,29171,930,Peru,Decile 10,Urban,2001
3.700000047683716,26,337,PER,330,244,29171,922,Peru,Decile 2,Urban,2001
4.900000095367432,26,337,PER,330,244,29171,923,Peru,Decile 3,Urban,2001
6.099999904632568,26,337,PER,330,244,29171,924,Peru,Decile 4,Urban,2001
7.199999809265137,26,337,PER,330,244,29171,925,Peru,Decile 5,Urban,2001
8.600000381469727,26,337,PER,330,244,29171,926,Peru,Decile 6,Urban,2001
10.300000190734863,26,337,PER,330,244,29171,927,Peru,Decile 7,Urban,2001
12.199999809265137,26,337,PER,330,244,29171,928,Peru,Decile 8,Urban,2001
15.100000381469727,26,337,PER,330,244,29171,929,Peru,Decile 9,Urban,2001
1.399999976158142,26,337,PER,327,244,29172,921,Peru,Decile 1,National,2002
36.29999923706055,26,337,PER,327,244,29172,930,Peru,Decile 10,National,2002
2.700000047683716,26,337,PER,327,244,29172,922,Peru,Decile 2,National,2002
3.9000000953674316,26,337,PER,327,244,29172,923,Peru,Decile 3,National,2002
4.900000095367432,26,337,PER,327,244,29172,924,Peru,Decile 4,National,2002
6.400000095367432,26,337,PER,327,244,29172,925,Peru,Decile 5,National,2002
7.599999904632568,26,337,PER,327,244,29172,926,Peru,Decile 6,National,2002
9.600000381469727,26,337,PER,327,244,29172,927,Peru,Decile 7,National,2002
11.800000190734863,26,337,PER,327,244,29172,928,Peru,Decile 8,National,2002
15.5,26,337,PER,327,244,29172,929,Peru,Decile 9,National,2002
2.700000047683716,26,337,PER,331,244,29172,921,Peru,Decile 1,Rural,2002
23.5,26,337,PER,331,244,29172,930,Peru,Decile 10,Rural,2002
4.300000190734863,26,337,PER,331,244,29172,922,Peru,Decile 2,Rural,2002
5.5,26,337,PER,331,244,29172,923,Peru,Decile 3,Rural,2002
6.800000190734863,26,337,PER,331,244,29172,924,Peru,Decile 4,Rural,2002
7.599999904632568,26,337,PER,331,244,29172,925,Peru,Decile 5,Rural,2002
9.5,26,337,PER,331,244,29172,926,Peru,Decile 6,Rural,2002
11,26,337,PER,331,244,29172,927,Peru,Decile 7,Rural,2002
12.899999618530273,26,337,PER,331,244,29172,928,Peru,Decile 8,Rural,2002
16.299999237060547,26,337,PER,331,244,29172,929,Peru,Decile 9,Rural,2002
2.200000047683716,26,337,PER,330,244,29172,921,Peru,Decile 1,Urban,2002
34.5,26,337,PER,330,244,29172,930,Peru,Decile 10,Urban,2002
3.5999999046325684,26,337,PER,330,244,29172,922,Peru,Decile 2,Urban,2002
8.899999618530273,26,16003,PRY,327,242,29190,926,Paraguay,Decile 6,National,2020
10.5,26,16003,PRY,327,242,29190,927,Paraguay,Decile 7,National,2020
11.899999618530273,26,16003,PRY,327,242,29190,928,Paraguay,Decile 8,National,2020
15.100000381469727,26,16003,PRY,327,242,29190,929,Paraguay,Decile 9,National,2020
2.700000047683716,26,16003,PRY,331,242,29190,921,Paraguay,Decile 1,Rural,2020
27.100000381469727,26,16003,PRY,331,242,29190,930,Paraguay,Decile 10,Rural,2020
4.300000190734863,26,16003,PRY,331,242,29190,922,Paraguay,Decile 2,Rural,2020
5.5,26,16003,PRY,331,242,29190,923,Paraguay,Decile 3,Rural,2020
6.5,26,16003,PRY,331,242,29190,924,Paraguay,Decile 4,Rural,2020
7.099999904632568,26,16003,PRY,331,242,29190,925,Paraguay,Decile 5,Rural,2020
9.100000381469727,26,16003,PRY,331,242,29190,926,Paraguay,Decile 6,Rural,2020
10.100000381469727,26,16003,PRY,331,242,29190,927,Paraguay,Decile 7,Rural,2020
12.199999809265137,26,16003,PRY,331,242,29190,928,Paraguay,Decile 8,Rural,2020
15.5,26,16003,PRY,331,242,29190,929,Paraguay,Decile 9,Rural,2020
2.5,26,16003,PRY,330,242,29190,921,Paraguay,Decile 1,Urban,2020
27.299999237060547,26,16003,PRY,330,242,29190,930,Paraguay,Decile 10,Urban,2020
4.199999809265137,26,16003,PRY,330,242,29190,922,Paraguay,Decile 2,Urban,2020
5.599999904632568,26,16003,PRY,330,242,29190,923,Paraguay,Decile 3,Urban,2020
6.599999904632568,26,16003,PRY,330,242,29190,924,Paraguay,Decile 4,Urban,2020
7.900000095367432,26,16003,PRY,330,242,29190,925,Paraguay,Decile 5,Urban,2020
9.199999809265137,26,16003,PRY,330,242,29190,926,Paraguay,Decile 6,Urban,2020
10,26,16003,PRY,330,242,29190,927,Paraguay,Decile 7,Urban,2020
11.600000381469727,26,16003,PRY,330,242,29190,928,Paraguay,Decile 8,Urban,2020
15.100000381469727,26,16003,PRY,330,242,29190,929,Paraguay,Decile 9,Urban,2020
2.4000000953674316,26,16003,PRY,327,242,29191,921,Paraguay,Decile 1,National,2021
28.399999618530273,26,16003,PRY,327,242,29191,930,Paraguay,Decile 10,National,2021
4.099999904632568,26,16003,PRY,327,242,29191,922,Paraguay,Decile 2,National,2021
5.099999904632568,26,16003,PRY,327,242,29191,923,Paraguay,Decile 3,National,2021
6.199999809265137,26,16003,PRY,327,242,29191,924,Paraguay,Decile 4,National,2021
7.699999809265137,26,16003,PRY,327,242,29191,925,Paraguay,Decile 5,National,2021
8.600000381469727,26,16003,PRY,327,242,29191,926,Paraguay,Decile 6,National,2021
10.699999809265137,26,16003,PRY,327,242,29191,927,Paraguay,Decile 7,National,2021
12.399999618530273,26,16003,PRY,327,242,29191,928,Paraguay,Decile 8,National,2021
14.5,26,16003,PRY,327,242,29191,929,Paraguay,Decile 9,National,2021
2.700000047683716,26,16003,PRY,331,242,29191,921,Paraguay,Decile 1,Rural,2021
27.899999618530273,26,16003,PRY,331,242,29191,930,Paraguay,Decile 10,Rural,2021
4.300000190734863,26,16003,PRY,331,242,29191,922,Paraguay,Decile 2,Rural,2021
5.900000095367432,26,16003,PRY,331,242,29191,923,Paraguay,Decile 3,Rural,2021
5.900000095367432,26,16003,PRY,331,242,29191,924,Paraguay,Decile 4,Rural,2021
7.300000190734863,26,16003,PRY,331,242,29191,925,Paraguay,Decile 5,Rural,2021
8.300000190734863,26,16003,PRY,331,242,29191,926,Paraguay,Decile 6,Rural,2021
10.300000190734863,26,16003,PRY,331,242,29191,927,Paraguay,Decile 7,Rural,2021
12.399999618530273,26,16003,PRY,331,242,29191,928,Paraguay,Decile 8,Rural,2021
15.100000381469727,26,16003,PRY,331,242,29191,929,Paraguay,Decile 9,Rural,2021
2.9000000953674316,26,16003,PRY,330,242,29191,921,Paraguay,Decile 1,Urban,2021
27.100000381469727,26,16003,PRY,330,242,29191,930,Paraguay,Decile 10,Urban,2021
4.5,26,16003,PRY,330,242,29191,922,Paraguay,Decile 2,Urban,2021
5.5,26,16003,PRY,330,242,29191,923,Paraguay,Decile 3,Urban,2021
6.800000190734863,26,16003,PRY,330,242,29191,924,Paraguay,Decile 4,Urban,2021
7.699999809265137,26,16003,PRY,330,242,29191,925,Paraguay,Decile 5,Urban,2021
9.199999809265137,26,16003,PRY,330,242,29191,926,Paraguay,Decile 6,Urban,2021
10.699999809265137,26,16003,PRY,330,242,29191,927,Paraguay,Decile 7,Urban,2021
10.800000190734863,26,16003,PRY,330,242,29191,928,Paraguay,Decile 8,Urban,2021
14.699999809265137,26,16003,PRY,330,242,29191,929,Paraguay,Decile 9,Urban,2021
1.7999999523162842,26,16004,PRY,327,242,29192,921,Paraguay,Decile 1,National,2022
29.700000762939453,26,16004,PRY,327,242,29192,930,Paraguay,Decile 10,National,2022
3.5,26,16004,PRY,327,242,29192,922,Paraguay,Decile 2,National,2022
4.5,26,16004,PRY,327,242,29192,923,Paraguay,Decile 3,National,2022
5.800000190734863,26,16004,PRY,327,242,29192,924,Paraguay,Decile 4,National,2022
7.300000190734863,26,16004,PRY,327,242,29192,925,Paraguay,Decile 5,National,2022
8.699999809265137,26,16004,PRY,327,242,29192,926,Paraguay,Decile 6,National,2022
10.899999618530273,26,16004,PRY,327,242,29192,927,Paraguay,Decile 7,National,2022
12.399999618530273,26,16004,PRY,327,242,29192,928,Paraguay,Decile 8,National,2022
15.399999618530273,26,16004,PRY,327,242,29192,929,Paraguay,Decile 9,National,2022
2,26,16004,PRY,331,242,29192,921,Paraguay,Decile 1,Rural,2022
32.20000076293945,26,16004,PRY,331,242,29192,930,Paraguay,Decile 10,Rural,2022
3.5999999046325684,26,16004,PRY,331,242,29192,922,Paraguay,Decile 2,Rural,2022
4.900000095367432,26,16004,PRY,331,242,29192,923,Paraguay,Decile 3,Rural,2022
5.400000095367432,26,16004,PRY,331,242,29192,924,Paraguay,Decile 4,Rural,2022
7.099999904632568,26,16004,PRY,331,242,29192,925,Paraguay,Decile 5,Rural,2022
8.100000381469727,26,16004,PRY,331,242,29192,926,Paraguay,Decile 6,Rural,2022
9.600000381469727,26,16004,PRY,331,242,29192,927,Paraguay,Decile 7,Rural,2022
12.199999809265137,26,16004,PRY,331,242,29192,928,Paraguay,Decile 8,Rural,2022
14.800000190734863,26,16004,PRY,331,242,29192,929,Paraguay,Decile 9,Rural,2022
2.299999952316284,26,16004,PRY,330,242,29192,921,Paraguay,Decile 1,Urban,2022
26.799999237060547,26,16004,PRY,330,242,29192,930,Paraguay,Decile 10,Urban,2022
3.9000000953674316,26,16004,PRY,330,242,29192,922,Paraguay,Decile 2,Urban,2022
5.300000190734863,26,16004,PRY,330,242,29192,923,Paraguay,Decile 3,Urban,2022
6.5,26,16004,PRY,330,242,29192,924,Paraguay,Decile 4,Urban,2022
7.900000095367432,26,16004,PRY,330,242,29192,925,Paraguay,Decile 5,Urban,2022
9.5,26,16004,PRY,330,242,29192,926,Paraguay,Decile 6,Urban,2022
10.5,26,16004,PRY,330,242,29192,927,Paraguay,Decile 7,Urban,2022
12.100000381469727,26,16004,PRY,330,242,29192,928,Paraguay,Decile 8,Urban,2022
15.300000190734863,26,16004,PRY,330,242,29192,929,Paraguay,Decile 9,Urban,2022
1.899999976158142,26,16004,PRY,327,242,29193,921,Paraguay,Decile 1,National,2023
30,26,16004,PRY,327,242,29193,930,Paraguay,Decile 10,National,2023
3.700000047683716,26,16004,PRY,327,242,29193,922,Paraguay,Decile 2,National,2023
4.800000190734863,26,16004,PRY,327,242,29193,923,Paraguay,Decile 3,National,2023
6.099999904632568,26,16004,PRY,327,242,29193,924,Paraguay,Decile 4,National,2023
7.400000095367432,26,16004,PRY,327,242,29193,925,Paraguay,Decile 5,National,2023
8.899999618530273,26,16004,PRY,327,242,29193,926,Paraguay,Decile 6,National,2023
10.300000190734863,26,16004,PRY,327,242,29193,927,Paraguay,Decile 7,National,2023
12.199999809265137,26,16004,PRY,327,242,29193,928,Paraguay,Decile 8,National,2023
14.800000190734863,26,16004,PRY,327,242,29193,929,Paraguay,Decile 9,National,2023
2,26,16004,PRY,331,242,29193,921,Paraguay,Decile 1,Rural,2023
33.20000076293945,26,16004,PRY,331,242,29193,930,Paraguay,Decile 10,Rural,2023
3.4000000953674316,26,16004,PRY,331,242,29193,922,Paraguay,Decile 2,Rural,2023
4.900000095367432,26,16004,PRY,331,242,29193,923,Paraguay,Decile 3,Rural,2023
5.800000190734863,26,16004,PRY,331,242,29193,924,Paraguay,Decile 4,Rural,2023
6.900000095367432,26,16004,PRY,331,242,29193,925,Paraguay,Decile 5,Rural,2023
8,26,16004,PRY,331,242,29193,926,Paraguay,Decile 6,Rural,2023
9.399999618530273,26,16004,PRY,331,242,29193,927,Paraguay,Decile 7,Rural,2023
11.699999809265137,26,16004,PRY,331,242,29193,928,Paraguay,Decile 8,Rural,2023
14.699999809265137,26,16004,PRY,331,242,29193,929,Paraguay,Decile 9,Rural,2023
2.5,26,16004,PRY,330,242,29193,921,Paraguay,Decile 1,Urban,2023
27.399999618530273,26,16004,PRY,330,242,29193,930,Paraguay,Decile 10,Urban,2023
4.099999904632568,26,16004,PRY,330,242,29193,922,Paraguay,Decile 2,Urban,2023
5.5,26,16004,PRY,330,242,29193,923,Paraguay,Decile 3,Urban,2023
6.800000190734863,26,16004,PRY,330,242,29193,924,Paraguay,Decile 4,Urban,2023
8.199999809265137,26,16004,PRY,330,242,29193,925,Paraguay,Decile 5,Urban,2023
9.100000381469727,26,16004,PRY,330,242,29193,926,Paraguay,Decile 6,Urban,2023
10.199999809265137,26,16004,PRY,330,242,29193,927,Paraguay,Decile 7,Urban,2023
11.899999618530273,26,16004,PRY,330,242,29193,928,Paraguay,Decile 8,Urban,2023
14.300000190734863,26,16004,PRY,330,242,29193,929,Paraguay,Decile 9,Urban,2023
2.0999999046325684,26,16004,PRY,327,242,29194,921,Paraguay,Decile 1,National,2024
30.600000381469727,26,16004,PRY,327,242,29194,930,Paraguay,Decile 10,National,2024
3.700000047683716,26,16004,PRY,327,242,29194,922,Paraguay,Decile 2,National,2024
4.800000190734863,26,16004,PRY,327,242,29194,923,Paraguay,Decile 3,National,2024
5.900000095367432,26,16004,PRY,327,242,29194,924,Paraguay,Decile 4,National,2024
7.699999809265137,26,16004,PRY,327,242,29194,925,Paraguay,Decile 5,National,2024
8.699999809265137,26,16004,PRY,327,242,29194,926,Paraguay,Decile 6,National,2024
10.399999618530273,26,16004,PRY,327,242,29194,927,Paraguay,Decile 7,National,2024
12,26,16004,PRY,327,242,29194,928,Paraguay,Decile 8,National,2024
14.100000381469727,26,16004,PRY,327,242,29194,929,Paraguay,Decile 9,National,2024
15.300000190734863,26,8649,PER,330,244,29176,929,Peru,Decile 9,Urban,2006
1.399999976158142,26,8649,PER,327,244,29177,921,Peru,Decile 1,National,2007
33.5,26,8649,PER,327,244,29177,930,Peru,Decile 10,National,2007
2.5999999046325684,26,8649,PER,327,244,29177,922,Peru,Decile 2,National,2007
3.9000000953674316,26,8649,PER,327,244,29177,923,Peru,Decile 3,National,2007
5.099999904632568,26,8649,PER,327,244,29177,924,Peru,Decile 4,National,2007
6.599999904632568,26,8649,PER,327,244,29177,925,Peru,Decile 5,National,2007
8.199999809265137,26,8649,PER,327,244,29177,926,Peru,Decile 6,National,2007
10.100000381469727,26,8649,PER,327,244,29177,927,Peru,Decile 7,National,2007
12.399999618530273,26,8649,PER,327,244,29177,928,Peru,Decile 8,National,2007
16.100000381469727,26,8649,PER,327,244,29177,929,Peru,Decile 9,National,2007
2.5999999046325684,26,8649,PER,331,244,29177,921,Peru,Decile 1,Rural,2007
27.799999237060547,26,8649,PER,331,244,29177,930,Peru,Decile 10,Rural,2007
4.099999904632568,26,8649,PER,331,244,29177,922,Peru,Decile 2,Rural,2007
5.199999809265137,26,8649,PER,331,244,29177,923,Peru,Decile 3,Rural,2007
6.199999809265137,26,8649,PER,331,244,29177,924,Peru,Decile 4,Rural,2007
7.300000190734863,26,8649,PER,331,244,29177,925,Peru,Decile 5,Rural,2007
8.600000381469727,26,8649,PER,331,244,29177,926,Peru,Decile 6,Rural,2007
10.5,26,8649,PER,331,244,29177,927,Peru,Decile 7,Rural,2007
12.300000190734863,26,8649,PER,331,244,29177,928,Peru,Decile 8,Rural,2007
15.5,26,8649,PER,331,244,29177,929,Peru,Decile 9,Rural,2007
2.200000047683716,26,8649,PER,330,244,29177,921,Peru,Decile 1,Urban,2007
30.899999618530273,26,8649,PER,330,244,29177,930,Peru,Decile 10,Urban,2007
3.799999952316284,26,8649,PER,330,244,29177,922,Peru,Decile 2,Urban,2007
4.900000095367432,26,8649,PER,330,244,29177,923,Peru,Decile 3,Urban,2007
6,26,8649,PER,330,244,29177,924,Peru,Decile 4,Urban,2007
7.099999904632568,26,8649,PER,330,244,29177,925,Peru,Decile 5,Urban,2007
8.399999618530273,26,8649,PER,330,244,29177,926,Peru,Decile 6,Urban,2007
9.699999809265137,26,8649,PER,330,244,29177,927,Peru,Decile 7,Urban,2007
11.699999809265137,26,8649,PER,330,244,29177,928,Peru,Decile 8,Urban,2007
15.199999809265137,26,8649,PER,330,244,29177,929,Peru,Decile 9,Urban,2007
1.5,26,8649,PER,327,244,29178,921,Peru,Decile 1,National,2008
30.399999618530273,26,8649,PER,327,244,29178,930,Peru,Decile 10,National,2008
2.9000000953674316,26,8649,PER,327,244,29178,922,Peru,Decile 2,National,2008
4.300000190734863,26,8649,PER,327,244,29178,923,Peru,Decile 3,National,2008
5.599999904632568,26,8649,PER,327,244,29178,924,Peru,Decile 4,National,2008
7,26,8649,PER,327,244,29178,925,Peru,Decile 5,National,2008
8.899999618530273,26,8649,PER,327,244,29178,926,Peru,Decile 6,National,2008
10.600000381469727,26,8649,PER,327,244,29178,927,Peru,Decile 7,National,2008
12.800000190734863,26,8649,PER,327,244,29178,928,Peru,Decile 8,National,2008
16,26,8649,PER,327,244,29178,929,Peru,Decile 9,National,2008
2.5999999046325684,26,8649,PER,331,244,29178,921,Peru,Decile 1,Rural,2008
26.799999237060547,26,8649,PER,331,244,29178,930,Peru,Decile 10,Rural,2008
3.700000047683716,26,8649,PER,331,244,29178,922,Peru,Decile 2,Rural,2008
5,26,8649,PER,331,244,29178,923,Peru,Decile 3,Rural,2008
5.900000095367432,26,8649,PER,331,244,29178,924,Peru,Decile 4,Rural,2008
7.400000095367432,26,8649,PER,331,244,29178,925,Peru,Decile 5,Rural,2008
8.699999809265137,26,8649,PER,331,244,29178,926,Peru,Decile 6,Rural,2008
10.300000190734863,26,8649,PER,331,244,29178,927,Peru,Decile 7,Rural,2008
12.399999618530273,26,8649,PER,331,244,29178,928,Peru,Decile 8,Rural,2008
17.299999237060547,26,8649,PER,331,244,29178,929,Peru,Decile 9,Rural,2008
2.200000047683716,26,8649,PER,330,244,29178,921,Peru,Decile 1,Urban,2008
28.299999237060547,26,8649,PER,330,244,29178,930,Peru,Decile 10,Urban,2008
4.099999904632568,26,8649,PER,330,244,29178,922,Peru,Decile 2,Urban,2008
5.099999904632568,26,8649,PER,330,244,29178,923,Peru,Decile 3,Urban,2008
6.300000190734863,26,8649,PER,330,244,29178,924,Peru,Decile 4,Urban,2008
7.699999809265137,26,8649,PER,330,244,29178,925,Peru,Decile 5,Urban,2008
8.899999618530273,26,8649,PER,330,244,29178,926,Peru,Decile 6,Urban,2008
10.399999618530273,26,8649,PER,330,244,29178,927,Peru,Decile 7,Urban,2008
12,26,8649,PER,330,244,29178,928,Peru,Decile 8,Urban,2008
15,26,8649,PER,330,244,29178,929,Peru,Decile 9,Urban,2008
1.5,26,8649,PER,327,244,29179,921,Peru,Decile 1,National,2009
30.200000762939453,26,8649,PER,327,244,29179,930,Peru,Decile 10,National,2009
3,26,8649,PER,327,244,29179,922,Peru,Decile 2,National,2009
4.300000190734863,26,8649,PER,327,244,29179,923,Peru,Decile 3,National,2009
5.599999904632568,26,8649,PER,327,244,29179,924,Peru,Decile 4,National,2009
6.900000095367432,26,8649,PER,327,244,29179,925,Peru,Decile 5,National,2009
8.899999618530273,26,8649,PER,327,244,29179,926,Peru,Decile 6,National,2009
10.600000381469727,26,8649,PER,327,244,29179,927,Peru,Decile 7,National,2009
12.899999618530273,26,8649,PER,327,244,29179,928,Peru,Decile 8,National,2009
15.899999618530273,26,8649,PER,327,244,29179,929,Peru,Decile 9,National,2009
4.699999809265137,26,337,PER,330,244,29172,923,Peru,Decile 3,Urban,2002
5.900000095367432,26,337,PER,330,244,29172,924,Peru,Decile 4,Urban,2002
6.599999904632568,26,337,PER,330,244,29172,925,Peru,Decile 5,Urban,2002
8,26,337,PER,330,244,29172,926,Peru,Decile 6,Urban,2002
9.199999809265137,26,337,PER,330,244,29172,927,Peru,Decile 7,Urban,2002
11.300000190734863,26,337,PER,330,244,29172,928,Peru,Decile 8,Urban,2002
14.100000381469727,26,337,PER,330,244,29172,929,Peru,Decile 9,Urban,2002
1.7000000476837158,26,8648,PER,327,244,29173,921,Peru,Decile 1,National,2003
37.400001525878906,26,8648,PER,327,244,29173,930,Peru,Decile 10,National,2003
2.9000000953674316,26,8648,PER,327,244,29173,922,Peru,Decile 2,National,2003
3.9000000953674316,26,8648,PER,327,244,29173,923,Peru,Decile 3,National,2003
4.900000095367432,26,8648,PER,327,244,29173,924,Peru,Decile 4,National,2003
6,26,8648,PER,327,244,29173,925,Peru,Decile 5,National,2003
7.5,26,8648,PER,327,244,29173,926,Peru,Decile 6,National,2003
8.800000190734863,26,8648,PER,327,244,29173,927,Peru,Decile 7,National,2003
11.699999809265137,26,8648,PER,327,244,29173,928,Peru,Decile 8,National,2003
15.300000190734863,26,8648,PER,327,244,29173,929,Peru,Decile 9,National,2003
3.700000047683716,26,8648,PER,331,244,29173,921,Peru,Decile 1,Rural,2003
19.5,26,8648,PER,331,244,29173,930,Peru,Decile 10,Rural,2003
5.400000095367432,26,8648,PER,331,244,29173,922,Peru,Decile 2,Rural,2003
6.5,26,8648,PER,331,244,29173,923,Peru,Decile 3,Rural,2003
7.599999904632568,26,8648,PER,331,244,29173,924,Peru,Decile 4,Rural,2003
9,26,8648,PER,331,244,29173,925,Peru,Decile 5,Rural,2003
10.100000381469727,26,8648,PER,331,244,29173,926,Peru,Decile 6,Rural,2003
11,26,8648,PER,331,244,29173,927,Peru,Decile 7,Rural,2003
12.699999809265137,26,8648,PER,331,244,29173,928,Peru,Decile 8,Rural,2003
14.600000381469727,26,8648,PER,331,244,29173,929,Peru,Decile 9,Rural,2003
2.0999999046325684,26,8648,PER,330,244,29173,921,Peru,Decile 1,Urban,2003
35.5,26,8648,PER,330,244,29173,930,Peru,Decile 10,Urban,2003
3.5999999046325684,26,8648,PER,330,244,29173,922,Peru,Decile 2,Urban,2003
4.699999809265137,26,8648,PER,330,244,29173,923,Peru,Decile 3,Urban,2003
5.400000095367432,26,8648,PER,330,244,29173,924,Peru,Decile 4,Urban,2003
6.599999904632568,26,8648,PER,330,244,29173,925,Peru,Decile 5,Urban,2003
7.599999904632568,26,8648,PER,330,244,29173,926,Peru,Decile 6,Urban,2003
9.399999618530273,26,8648,PER,330,244,29173,927,Peru,Decile 7,Urban,2003
10.699999809265137,26,8648,PER,330,244,29173,928,Peru,Decile 8,Urban,2003
14.600000381469727,26,8648,PER,330,244,29173,929,Peru,Decile 9,Urban,2003
1.600000023841858,26,8649,PER,327,244,29174,921,Peru,Decile 1,National,2004
32.20000076293945,26,8649,PER,327,244,29174,930,Peru,Decile 10,National,2004
2.799999952316284,26,8649,PER,327,244,29174,922,Peru,Decile 2,National,2004
3.9000000953674316,26,8649,PER,327,244,29174,923,Peru,Decile 3,National,2004
5.199999809265137,26,8649,PER,327,244,29174,924,Peru,Decile 4,National,2004
6.800000190734863,26,8649,PER,327,244,29174,925,Peru,Decile 5,National,2004
8.300000190734863,26,8649,PER,327,244,29174,926,Peru,Decile 6,National,2004
10,26,8649,PER,327,244,29174,927,Peru,Decile 7,National,2004
12.600000381469727,26,8649,PER,327,244,29174,928,Peru,Decile 8,National,2004
16.600000381469727,26,8649,PER,327,244,29174,929,Peru,Decile 9,National,2004
3.200000047683716,26,8649,PER,331,244,29174,921,Peru,Decile 1,Rural,2004
25,26,8649,PER,331,244,29174,930,Peru,Decile 10,Rural,2004
4.599999904632568,26,8649,PER,331,244,29174,922,Peru,Decile 2,Rural,2004
5.800000190734863,26,8649,PER,331,244,29174,923,Peru,Decile 3,Rural,2004
6.800000190734863,26,8649,PER,331,244,29174,924,Peru,Decile 4,Rural,2004
7.599999904632568,26,8649,PER,331,244,29174,925,Peru,Decile 5,Rural,2004
8.699999809265137,26,8649,PER,331,244,29174,926,Peru,Decile 6,Rural,2004
10.300000190734863,26,8649,PER,331,244,29174,927,Peru,Decile 7,Rural,2004
12.800000190734863,26,8649,PER,331,244,29174,928,Peru,Decile 8,Rural,2004
15.100000381469727,26,8649,PER,331,244,29174,929,Peru,Decile 9,Rural,2004
2.200000047683716,26,8649,PER,330,244,29174,921,Peru,Decile 1,Urban,2004
29.799999237060547,26,8649,PER,330,244,29174,930,Peru,Decile 10,Urban,2004
3.9000000953674316,26,8649,PER,330,244,29174,922,Peru,Decile 2,Urban,2004
5,26,8649,PER,330,244,29174,923,Peru,Decile 3,Urban,2004
6.199999809265137,26,8649,PER,330,244,29174,924,Peru,Decile 4,Urban,2004
7.5,26,8649,PER,330,244,29174,925,Peru,Decile 5,Urban,2004
8.199999809265137,26,8649,PER,330,244,29174,926,Peru,Decile 6,Urban,2004
10.100000381469727,26,8649,PER,330,244,29174,927,Peru,Decile 7,Urban,2004
11.899999618530273,26,8649,PER,330,244,29174,928,Peru,Decile 8,Urban,2004
15.100000381469727,26,8649,PER,330,244,29174,929,Peru,Decile 9,Urban,2004
1.5,26,8649,PER,327,244,29175,921,Peru,Decile 1,National,2005
33.400001525878906,26,8649,PER,327,244,29175,930,Peru,Decile 10,National,2005
2.799999952316284,26,8649,PER,327,244,29175,922,Peru,Decile 2,National,2005
4,26,8649,PER,327,244,29175,923,Peru,Decile 3,National,2005
5.099999904632568,26,8649,PER,327,244,29175,924,Peru,Decile 4,National,2005
6.699999809265137,26,8649,PER,327,244,29175,925,Peru,Decile 5,National,2005
8.5,26,8649,PER,327,244,29175,926,Peru,Decile 6,National,2005
10.100000381469727,26,8649,PER,327,244,29175,927,Peru,Decile 7,National,2005
12.300000190734863,26,8649,PER,327,244,29175,928,Peru,Decile 8,National,2005
15.5,26,8649,PER,327,244,29175,929,Peru,Decile 9,National,2005
3,26,8649,PER,331,244,29175,921,Peru,Decile 1,Rural,2005
25.5,26,8649,PER,331,244,29175,930,Peru,Decile 10,Rural,2005
4.5,26,8649,PER,331,244,29175,922,Peru,Decile 2,Rural,2005
5.599999904632568,26,8649,PER,331,244,29175,923,Peru,Decile 3,Rural,2005
6.699999809265137,26,8649,PER,331,244,29175,924,Peru,Decile 4,Rural,2005
7.900000095367432,26,8649,PER,331,244,29175,925,Peru,Decile 5,Rural,2005
8.699999809265137,26,8649,PER,331,244,29175,926,Peru,Decile 6,Rural,2005
10.300000190734863,26,8649,PER,331,244,29175,927,Peru,Decile 7,Rural,2005
12.100000381469727,26,8649,PER,331,244,29175,928,Peru,Decile 8,Rural,2005
15.800000190734863,26,8649,PER,331,244,29175,929,Peru,Decile 9,Rural,2005
2.0999999046325684,26,8649,PER,330,244,29175,921,Peru,Decile 1,Urban,2005
31.200000762939453,26,8649,PER,330,244,29175,930,Peru,Decile 10,Urban,2005
3.9000000953674316,26,8649,PER,330,244,29175,922,Peru,Decile 2,Urban,2005
4.900000095367432,26,8649,PER,330,244,29175,923,Peru,Decile 3,Urban,2005
6.199999809265137,26,8649,PER,330,244,29175,924,Peru,Decile 4,Urban,2005
7.5,26,8649,PER,330,244,29175,925,Peru,Decile 5,Urban,2005
8.399999618530273,26,8649,PER,330,244,29175,926,Peru,Decile 6,Urban,2005
9.800000190734863,26,8649,PER,330,244,29175,927,Peru,Decile 7,Urban,2005
11.300000190734863,26,8649,PER,330,244,29175,928,Peru,Decile 8,Urban,2005
14.800000190734863,26,8649,PER,330,244,29175,929,Peru,Decile 9,Urban,2005
1.5,26,8649,PER,327,244,29176,921,Peru,Decile 1,National,2006
32.900001525878906,26,8649,PER,327,244,29176,930,Peru,Decile 10,National,2006
2.700000047683716,26,8649,PER,327,244,29176,922,Peru,Decile 2,National,2006
3.9000000953674316,26,8649,PER,327,244,29176,923,Peru,Decile 3,National,2006
5.199999809265137,26,8649,PER,327,244,29176,924,Peru,Decile 4,National,2006
6.599999904632568,26,8649,PER,327,244,29176,925,Peru,Decile 5,National,2006
8.300000190734863,26,8649,PER,327,244,29176,926,Peru,Decile 6,National,2006
10.199999809265137,26,8649,PER,327,244,29176,927,Peru,Decile 7,National,2006
12.5,26,8649,PER,327,244,29176,928,Peru,Decile 8,National,2006
16.200000762939453,26,8649,PER,327,244,29176,929,Peru,Decile 9,National,2006
2.9000000953674316,26,8649,PER,331,244,29176,921,Peru,Decile 1,Rural,2006
25.399999618530273,26,8649,PER,331,244,29176,930,Peru,Decile 10,Rural,2006
4.5,26,8649,PER,331,244,29176,922,Peru,Decile 2,Rural,2006
5.599999904632568,26,8649,PER,331,244,29176,923,Peru,Decile 3,Rural,2006
6.599999904632568,26,8649,PER,331,244,29176,924,Peru,Decile 4,Rural,2006
7.400000095367432,26,8649,PER,331,244,29176,925,Peru,Decile 5,Rural,2006
8.800000190734863,26,8649,PER,331,244,29176,926,Peru,Decile 6,Rural,2006
10.199999809265137,26,8649,PER,331,244,29176,927,Peru,Decile 7,Rural,2006
12.399999618530273,26,8649,PER,331,244,29176,928,Peru,Decile 8,Rural,2006
16.100000381469727,26,8649,PER,331,244,29176,929,Peru,Decile 9,Rural,2006
2.200000047683716,26,8649,PER,330,244,29176,921,Peru,Decile 1,Urban,2006
30.200000762939453,26,8649,PER,330,244,29176,930,Peru,Decile 10,Urban,2006
3.9000000953674316,26,8649,PER,330,244,29176,922,Peru,Decile 2,Urban,2006
4.900000095367432,26,8649,PER,330,244,29176,923,Peru,Decile 3,Urban,2006
6,26,8649,PER,330,244,29176,924,Peru,Decile 4,Urban,2006
7.199999809265137,26,8649,PER,330,244,29176,925,Peru,Decile 5,Urban,2006
8.5,26,8649,PER,330,244,29176,926,Peru,Decile 6,Urban,2006
9.699999809265137,26,8649,PER,330,244,29176,927,Peru,Decile 7,Urban,2006
12,26,8649,PER,330,244,29176,928,Peru,Decile 8,Urban,2006
2.4000000953674316,26,8649,PER,331,244,29179,921,Peru,Decile 1,Rural,2009
27.5,26,8649,PER,331,244,29179,930,Peru,Decile 10,Rural,2009
4,26,8649,PER,331,244,29179,922,Peru,Decile 2,Rural,2009
5,26,8649,PER,331,244,29179,923,Peru,Decile 3,Rural,2009
6.099999904632568,26,8649,PER,331,244,29179,924,Peru,Decile 4,Rural,2009
7.199999809265137,26,8649,PER,331,244,29179,925,Peru,Decile 5,Rural,2009
8.800000190734863,26,8649,PER,331,244,29179,926,Peru,Decile 6,Rural,2009
10.399999618530273,26,8649,PER,331,244,29179,927,Peru,Decile 7,Rural,2009
12.5,26,8649,PER,331,244,29179,928,Peru,Decile 8,Rural,2009
16,26,8649,PER,331,244,29179,929,Peru,Decile 9,Rural,2009
2.299999952316284,26,8649,PER,330,244,29179,921,Peru,Decile 1,Urban,2009
28.100000381469727,26,8649,PER,330,244,29179,930,Peru,Decile 10,Urban,2009
4.099999904632568,26,8649,PER,330,244,29179,922,Peru,Decile 2,Urban,2009
5.300000190734863,26,8649,PER,330,244,29179,923,Peru,Decile 3,Urban,2009
6.400000095367432,26,8649,PER,330,244,29179,924,Peru,Decile 4,Urban,2009
7.599999904632568,26,8649,PER,330,244,29179,925,Peru,Decile 5,Urban,2009
9,26,8649,PER,330,244,29179,926,Peru,Decile 6,Urban,2009
10.300000190734863,26,8649,PER,330,244,29179,927,Peru,Decile 7,Urban,2009
12,26,8649,PER,330,244,29179,928,Peru,Decile 8,Urban,2009
14.899999618530273,26,8649,PER,330,244,29179,929,Peru,Decile 9,Urban,2009
1.7000000476837158,26,8649,PER,327,244,29180,921,Peru,Decile 1,National,2010
29.399999618530273,26,8649,PER,327,244,29180,930,Peru,Decile 10,National,2010
3.200000047683716,26,8649,PER,327,244,29180,922,Peru,Decile 2,National,2010
4.5,26,8649,PER,327,244,29180,923,Peru,Decile 3,National,2010
5.900000095367432,26,8649,PER,327,244,29180,924,Peru,Decile 4,National,2010
7.199999809265137,26,8649,PER,327,244,29180,925,Peru,Decile 5,National,2010
9,26,8649,PER,327,244,29180,926,Peru,Decile 6,National,2010
10.5,26,8649,PER,327,244,29180,927,Peru,Decile 7,National,2010
12.800000190734863,26,8649,PER,327,244,29180,928,Peru,Decile 8,National,2010
15.699999809265137,26,8649,PER,327,244,29180,929,Peru,Decile 9,National,2010
2.700000047683716,26,8649,PER,331,244,29180,921,Peru,Decile 1,Rural,2010
27,26,8649,PER,331,244,29180,930,Peru,Decile 10,Rural,2010
4.099999904632568,26,8649,PER,331,244,29180,922,Peru,Decile 2,Rural,2010
5.199999809265137,26,8649,PER,331,244,29180,923,Peru,Decile 3,Rural,2010
6.300000190734863,26,8649,PER,331,244,29180,924,Peru,Decile 4,Rural,2010
7.5,26,8649,PER,331,244,29180,925,Peru,Decile 5,Rural,2010
8.699999809265137,26,8649,PER,331,244,29180,926,Peru,Decile 6,Rural,2010
10.5,26,8649,PER,331,244,29180,927,Peru,Decile 7,Rural,2010
12.699999809265137,26,8649,PER,331,244,29180,928,Peru,Decile 8,Rural,2010
15.199999809265137,26,8649,PER,331,244,29180,929,Peru,Decile 9,Rural,2010
2.4000000953674316,26,8649,PER,330,244,29180,921,Peru,Decile 1,Urban,2010
27.600000381469727,26,8649,PER,330,244,29180,930,Peru,Decile 10,Urban,2010
4.199999809265137,26,8649,PER,330,244,29180,922,Peru,Decile 2,Urban,2010
5.5,26,8649,PER,330,244,29180,923,Peru,Decile 3,Urban,2010
6.5,26,8649,PER,330,244,29180,924,Peru,Decile 4,Urban,2010
7.900000095367432,26,8649,PER,330,244,29180,925,Peru,Decile 5,Urban,2010
8.800000190734863,26,8649,PER,330,244,29180,926,Peru,Decile 6,Urban,2010
10.399999618530273,26,8649,PER,330,244,29180,927,Peru,Decile 7,Urban,2010
12.100000381469727,26,8649,PER,330,244,29180,928,Peru,Decile 8,Urban,2010
14.600000381469727,26,8649,PER,330,244,29180,929,Peru,Decile 9,Urban,2010
1.7000000476837158,26,8649,PER,327,244,29181,921,Peru,Decile 1,National,2011
29.200000762939453,26,8649,PER,327,244,29181,930,Peru,Decile 10,National,2011
3.200000047683716,26,8649,PER,327,244,29181,922,Peru,Decile 2,National,2011
4.699999809265137,26,8649,PER,327,244,29181,923,Peru,Decile 3,National,2011
6,26,8649,PER,327,244,29181,924,Peru,Decile 4,National,2011
7.300000190734863,26,8649,PER,327,244,29181,925,Peru,Decile 5,National,2011
8.899999618530273,26,8649,PER,327,244,29181,926,Peru,Decile 6,National,2011
10.699999809265137,26,8649,PER,327,244,29181,927,Peru,Decile 7,National,2011
12.800000190734863,26,8649,PER,327,244,29181,928,Peru,Decile 8,National,2011
15.5,26,8649,PER,327,244,29181,929,Peru,Decile 9,National,2011
2.700000047683716,26,8649,PER,331,244,29181,921,Peru,Decile 1,Rural,2011
27.700000762939453,26,8649,PER,331,244,29181,930,Peru,Decile 10,Rural,2011
3.9000000953674316,26,8649,PER,331,244,29181,922,Peru,Decile 2,Rural,2011
5,26,8649,PER,331,244,29181,923,Peru,Decile 3,Rural,2011
6.199999809265137,26,8649,PER,331,244,29181,924,Peru,Decile 4,Rural,2011
7.199999809265137,26,8649,PER,331,244,29181,925,Peru,Decile 5,Rural,2011
8.699999809265137,26,8649,PER,331,244,29181,926,Peru,Decile 6,Rural,2011
10.199999809265137,26,8649,PER,331,244,29181,927,Peru,Decile 7,Rural,2011
12.5,26,8649,PER,331,244,29181,928,Peru,Decile 8,Rural,2011
15.800000190734863,26,8649,PER,331,244,29181,929,Peru,Decile 9,Rural,2011
2.4000000953674316,26,8649,PER,330,244,29181,921,Peru,Decile 1,Urban,2011
27.399999618530273,26,8649,PER,330,244,29181,930,Peru,Decile 10,Urban,2011
4.400000095367432,26,8649,PER,330,244,29181,922,Peru,Decile 2,Urban,2011
5.599999904632568,26,8649,PER,330,244,29181,923,Peru,Decile 3,Urban,2011
6.599999904632568,26,8649,PER,330,244,29181,924,Peru,Decile 4,Urban,2011
7.800000190734863,26,8649,PER,330,244,29181,925,Peru,Decile 5,Urban,2011
9.100000381469727,26,8649,PER,330,244,29181,926,Peru,Decile 6,Urban,2011
10.399999618530273,26,8649,PER,330,244,29181,927,Peru,Decile 7,Urban,2011
12.100000381469727,26,8649,PER,330,244,29181,928,Peru,Decile 8,Urban,2011
14.199999809265137,26,8649,PER,330,244,29181,929,Peru,Decile 9,Urban,2011
1.7000000476837158,26,8649,PER,327,244,29182,921,Peru,Decile 1,National,2012
28.600000381469727,26,8649,PER,327,244,29182,930,Peru,Decile 10,National,2012
3.200000047683716,26,8649,PER,327,244,29182,922,Peru,Decile 2,National,2012
4.699999809265137,26,8649,PER,327,244,29182,923,Peru,Decile 3,National,2012
6.099999904632568,26,8649,PER,327,244,29182,924,Peru,Decile 4,National,2012
7.5,26,8649,PER,327,244,29182,925,Peru,Decile 5,National,2012
9,26,8649,PER,327,244,29182,926,Peru,Decile 6,National,2012
10.600000381469727,26,8649,PER,327,244,29182,927,Peru,Decile 7,National,2012
12.899999618530273,26,8649,PER,327,244,29182,928,Peru,Decile 8,National,2012
15.699999809265137,26,8649,PER,327,244,29182,929,Peru,Decile 9,National,2012
2.5,26,8649,PER,331,244,29182,921,Peru,Decile 1,Rural,2012
27,26,8649,PER,331,244,29182,930,Peru,Decile 10,Rural,2012
4,26,8649,PER,331,244,29182,922,Peru,Decile 2,Rural,2012
4.800000190734863,26,8649,PER,331,244,29182,923,Peru,Decile 3,Rural,2012
6,26,8649,PER,331,244,29182,924,Peru,Decile 4,Rural,2012
7.099999904632568,26,8649,PER,331,244,29182,925,Peru,Decile 5,Rural,2012
9,26,8649,PER,331,244,29182,926,Peru,Decile 6,Rural,2012
10.199999809265137,26,8649,PER,331,244,29182,927,Peru,Decile 7,Rural,2012
13.199999809265137,26,8649,PER,331,244,29182,928,Peru,Decile 8,Rural,2012
16.100000381469727,26,8649,PER,331,244,29182,929,Peru,Decile 9,Rural,2012
2.5,26,8649,PER,330,244,29182,921,Peru,Decile 1,Urban,2012
27,26,8649,PER,330,244,29182,930,Peru,Decile 10,Urban,2012
4.300000190734863,26,8649,PER,330,244,29182,922,Peru,Decile 2,Urban,2012
5.599999904632568,26,8649,PER,330,244,29182,923,Peru,Decile 3,Urban,2012
6.699999809265137,26,8649,PER,330,244,29182,924,Peru,Decile 4,Urban,2012
7.900000095367432,26,8649,PER,330,244,29182,925,Peru,Decile 5,Urban,2012
9,26,8649,PER,330,244,29182,926,Peru,Decile 6,Urban,2012
10.699999809265137,26,8649,PER,330,244,29182,927,Peru,Decile 7,Urban,2012
12.300000190734863,26,8649,PER,330,244,29182,928,Peru,Decile 8,Urban,2012
14.100000381469727,26,8649,PER,330,244,29182,929,Peru,Decile 9,Urban,2012
1.7999999523162842,26,8649,PER,327,244,29183,921,Peru,Decile 1,National,2013
27.799999237060547,26,8649,PER,327,244,29183,930,Peru,Decile 10,National,2013
3.299999952316284,26,8649,PER,327,244,29183,922,Peru,Decile 2,National,2013
4.599999904632568,26,8649,PER,327,244,29183,923,Peru,Decile 3,National,2013
6.099999904632568,26,8649,PER,327,244,29183,924,Peru,Decile 4,National,2013
7.599999904632568,26,8649,PER,327,244,29183,925,Peru,Decile 5,National,2013
9.100000381469727,26,8649,PER,327,244,29183,926,Peru,Decile 6,National,2013
11,26,8649,PER,327,244,29183,927,Peru,Decile 7,National,2013
13.100000381469727,26,8649,PER,327,244,29183,928,Peru,Decile 8,National,2013
15.600000381469727,26,8649,PER,327,244,29183,929,Peru,Decile 9,National,2013
2.9000000953674316,26,8649,PER,331,244,29183,921,Peru,Decile 1,Rural,2013
27.200000762939453,26,8649,PER,331,244,29183,930,Peru,Decile 10,Rural,2013
4.199999809265137,26,8649,PER,331,244,29183,922,Peru,Decile 2,Rural,2013
5.300000190734863,26,8649,PER,331,244,29183,923,Peru,Decile 3,Rural,2013
6.300000190734863,26,8649,PER,331,244,29183,924,Peru,Decile 4,Rural,2013
7.199999809265137,26,8649,PER,331,244,29183,925,Peru,Decile 5,Rural,2013
8.899999618530273,26,8649,PER,331,244,29183,926,Peru,Decile 6,Rural,2013
10,26,8649,PER,331,244,29183,927,Peru,Decile 7,Rural,2013
12.5,26,8649,PER,331,244,29183,928,Peru,Decile 8,Rural,2013
15.5,26,8649,PER,331,244,29183,929,Peru,Decile 9,Rural,2013
2.5,26,8649,PER,330,244,29183,921,Peru,Decile 1,Urban,2013
26,26,8649,PER,330,244,29183,930,Peru,Decile 10,Urban,2013
4.400000095367432,26,8649,PER,330,244,29183,922,Peru,Decile 2,Urban,2013
5.699999809265137,26,8649,PER,330,244,29183,923,Peru,Decile 3,Urban,2013
6.900000095367432,26,8649,PER,330,244,29183,924,Peru,Decile 4,Urban,2013
7.900000095367432,26,8649,PER,330,244,29183,925,Peru,Decile 5,Urban,2013
9.399999618530273,26,8649,PER,330,244,29183,926,Peru,Decile 6,Urban,2013
10.600000381469727,26,8649,PER,330,244,29183,927,Peru,Decile 7,Urban,2013
12.100000381469727,26,8649,PER,330,244,29183,928,Peru,Decile 8,Urban,2013
14.5,26,8649,PER,330,244,29183,929,Peru,Decile 9,Urban,2013
1.899999976158142,26,8649,PER,327,244,29184,921,Peru,Decile 1,National,2014
27.600000381469727,26,8649,PER,327,244,29184,930,Peru,Decile 10,National,2014
3.4000000953674316,26,8649,PER,327,244,29184,922,Peru,Decile 2,National,2014
4.699999809265137,26,8649,PER,327,244,29184,923,Peru,Decile 3,National,2014
6.099999904632568,26,8649,PER,327,244,29184,924,Peru,Decile 4,National,2014
7.599999904632568,26,8649,PER,327,244,29184,925,Peru,Decile 5,National,2014
9.199999809265137,26,8649,PER,327,244,29184,926,Peru,Decile 6,National,2014
10.699999809265137,26,8649,PER,327,244,29184,927,Peru,Decile 7,National,2014
12.899999618530273,26,8649,PER,327,244,29184,928,Peru,Decile 8,National,2014
15.800000190734863,26,8649,PER,327,244,29184,929,Peru,Decile 9,National,2014
3,26,8649,PER,331,244,29184,921,Peru,Decile 1,Rural,2014
25.899999618530273,26,8649,PER,331,244,29184,930,Peru,Decile 10,Rural,2014
4.400000095367432,26,8649,PER,331,244,29184,922,Peru,Decile 2,Rural,2014
5.5,26,8649,PER,331,244,29184,923,Peru,Decile 3,Rural,2014
6.400000095367432,26,8649,PER,331,244,29184,924,Peru,Decile 4,Rural,2014
7.300000190734863,26,8649,PER,331,244,29184,925,Peru,Decile 5,Rural,2014
8.399999618530273,26,8649,PER,331,244,29184,926,Peru,Decile 6,Rural,2014
10.199999809265137,26,8649,PER,331,244,29184,927,Peru,Decile 7,Rural,2014
12.699999809265137,26,8649,PER,331,244,29184,928,Peru,Decile 8,Rural,2014
16.200000762939453,26,8649,PER,331,244,29184,929,Peru,Decile 9,Rural,2014
2.700000047683716,26,8649,PER,330,244,29184,921,Peru,Decile 1,Urban,2014
25.799999237060547,26,8649,PER,330,244,29184,930,Peru,Decile 10,Urban,2014
4.400000095367432,26,8649,PER,330,244,29184,922,Peru,Decile 2,Urban,2014
5.699999809265137,26,8649,PER,330,244,29184,923,Peru,Decile 3,Urban,2014
6.900000095367432,26,8649,PER,330,244,29184,924,Peru,Decile 4,Urban,2014
8.100000381469727,26,8649,PER,330,244,29184,925,Peru,Decile 5,Urban,2014
9.100000381469727,26,8649,PER,330,244,29184,926,Peru,Decile 6,Urban,2014
10.5,26,8649,PER,330,244,29184,927,Peru,Decile 7,Urban,2014
12,26,8649,PER,330,244,29184,928,Peru,Decile 8,Urban,2014
14.800000190734863,26,8649,PER,330,244,29184,929,Peru,Decile 9,Urban,2014
1.899999976158142,26,8649,PER,327,244,29185,921,Peru,Decile 1,National,2015
27.899999618530273,26,8649,PER,327,244,29185,930,Peru,Decile 10,National,2015
3.4000000953674316,26,8649,PER,327,244,29185,922,Peru,Decile 2,National,2015
4.800000190734863,26,8649,PER,327,244,29185,923,Peru,Decile 3,National,2015
6.099999904632568,26,8649,PER,327,244,29185,924,Peru,Decile 4,National,2015
7.599999904632568,26,8649,PER,327,244,29185,925,Peru,Decile 5,National,2015
9.199999809265137,26,8649,PER,327,244,29185,926,Peru,Decile 6,National,2015
10.600000381469727,26,8649,PER,327,244,29185,927,Peru,Decile 7,National,2015
12.800000190734863,26,8649,PER,327,244,29185,928,Peru,Decile 8,National,2015
15.600000381469727,26,8649,PER,327,244,29185,929,Peru,Decile 9,National,2015
3.0999999046325684,26,8649,PER,331,244,29185,921,Peru,Decile 1,Rural,2015
26.299999237060547,26,8649,PER,331,244,29185,930,Peru,Decile 10,Rural,2015
4.599999904632568,26,8649,PER,331,244,29185,922,Peru,Decile 2,Rural,2015
5.599999904632568,26,8649,PER,331,244,29185,923,Peru,Decile 3,Rural,2015
6.5,26,8649,PER,331,244,29185,924,Peru,Decile 4,Rural,2015
7.300000190734863,26,8649,PER,331,244,29185,925,Peru,Decile 5,Rural,2015
8.899999618530273,26,8649,PER,331,244,29185,926,Peru,Decile 6,Rural,2015
10.100000381469727,26,8649,PER,331,244,29185,927,Peru,Decile 7,Rural,2015
12.199999809265137,26,8649,PER,331,244,29185,928,Peru,Decile 8,Rural,2015
15.600000381469727,26,8649,PER,331,244,29185,929,Peru,Decile 9,Rural,2015
2.5999999046325684,26,8649,PER,330,244,29185,921,Peru,Decile 1,Urban,2015
26,26,8649,PER,330,244,29185,930,Peru,Decile 10,Urban,2015
4.599999904632568,26,8649,PER,330,244,29185,922,Peru,Decile 2,Urban,2015
5.699999809265137,26,8649,PER,330,244,29185,923,Peru,Decile 3,Urban,2015
6.900000095367432,26,8649,PER,330,244,29185,924,Peru,Decile 4,Urban,2015
8,26,8649,PER,330,244,29185,925,Peru,Decile 5,Urban,2015
9.100000381469727,26,8649,PER,330,244,29185,926,Peru,Decile 6,Urban,2015
10.300000190734863,26,8649,PER,330,244,29185,927,Peru,Decile 7,Urban,2015
12.199999809265137,26,8649,PER,330,244,29185,928,Peru,Decile 8,Urban,2015
14.600000381469727,26,8649,PER,330,244,29185,929,Peru,Decile 9,Urban,2015
1.899999976158142,26,8649,PER,327,244,29186,921,Peru,Decile 1,National,2016
28,26,8649,PER,327,244,29186,930,Peru,Decile 10,National,2016
3.299999952316284,26,8649,PER,327,244,29186,922,Peru,Decile 2,National,2016
4.5,26,8649,PER,327,244,29186,923,Peru,Decile 3,National,2016
6,26,8649,PER,327,244,29186,924,Peru,Decile 4,National,2016
7.599999904632568,26,8649,PER,327,244,29186,925,Peru,Decile 5,National,2016
9,26,8649,PER,327,244,29186,926,Peru,Decile 6,National,2016
10.699999809265137,26,8649,PER,327,244,29186,927,Peru,Decile 7,National,2016
12.699999809265137,26,8649,PER,327,244,29186,928,Peru,Decile 8,National,2016
16.299999237060547,26,8649,PER,327,244,29186,929,Peru,Decile 9,National,2016
3.200000047683716,26,8649,PER,331,244,29186,921,Peru,Decile 1,Rural,2016
26.100000381469727,26,8649,PER,331,244,29186,930,Peru,Decile 10,Rural,2016
4.599999904632568,26,8649,PER,331,244,29186,922,Peru,Decile 2,Rural,2016
5.599999904632568,26,8649,PER,331,244,29186,923,Peru,Decile 3,Rural,2016
6.300000190734863,26,8649,PER,331,244,29186,924,Peru,Decile 4,Rural,2016
7.300000190734863,26,8649,PER,331,244,29186,925,Peru,Decile 5,Rural,2016
8.5,26,8649,PER,331,244,29186,926,Peru,Decile 6,Rural,2016
10,26,8649,PER,331,244,29186,927,Peru,Decile 7,Rural,2016
12.600000381469727,26,8649,PER,331,244,29186,928,Peru,Decile 8,Rural,2016
15.699999809265137,26,8649,PER,331,244,29186,929,Peru,Decile 9,Rural,2016
2.5999999046325684,26,8649,PER,330,244,29186,921,Peru,Decile 1,Urban,2016
26.100000381469727,26,8649,PER,330,244,29186,930,Peru,Decile 10,Urban,2016
4.300000190734863,26,8649,PER,330,244,29186,922,Peru,Decile 2,Urban,2016
5.599999904632568,26,8649,PER,330,244,29186,923,Peru,Decile 3,Urban,2016
6.800000190734863,26,8649,PER,330,244,29186,924,Peru,Decile 4,Urban,2016
7.900000095367432,26,8649,PER,330,244,29186,925,Peru,Decile 5,Urban,2016
9,26,8649,PER,330,244,29186,926,Peru,Decile 6,Urban,2016
10.5,26,8649,PER,330,244,29186,927,Peru,Decile 7,Urban,2016
12.100000381469727,26,8649,PER,330,244,29186,928,Peru,Decile 8,Urban,2016
15.100000381469727,26,8649,PER,330,244,29186,929,Peru,Decile 9,Urban,2016
1.899999976158142,26,8649,PER,327,244,29187,921,Peru,Decile 1,National,2017
27.200000762939453,26,8649,PER,327,244,29187,930,Peru,Decile 10,National,2017
3.299999952316284,26,8649,PER,327,244,29187,922,Peru,Decile 2,National,2017
4.699999809265137,26,8649,PER,327,244,29187,923,Peru,Decile 3,National,2017
6,26,8649,PER,327,244,29187,924,Peru,Decile 4,National,2017
7.5,26,8649,PER,327,244,29187,925,Peru,Decile 5,National,2017
9.199999809265137,26,8649,PER,327,244,29187,926,Peru,Decile 6,National,2017
10.899999618530273,26,8649,PER,327,244,29187,927,Peru,Decile 7,National,2017
13.100000381469727,26,8649,PER,327,244,29187,928,Peru,Decile 8,National,2017
16.200000762939453,26,8649,PER,327,244,29187,929,Peru,Decile 9,National,2017
3.4000000953674316,26,8649,PER,331,244,29187,921,Peru,Decile 1,Rural,2017
25.700000762939453,26,8649,PER,331,244,29187,930,Peru,Decile 10,Rural,2017
4.800000190734863,26,8649,PER,331,244,29187,922,Peru,Decile 2,Rural,2017
5.699999809265137,26,8649,PER,331,244,29187,923,Peru,Decile 3,Rural,2017
6.400000095367432,26,8649,PER,331,244,29187,924,Peru,Decile 4,Rural,2017
7.300000190734863,26,8649,PER,331,244,29187,925,Peru,Decile 5,Rural,2017
8.699999809265137,26,8649,PER,331,244,29187,926,Peru,Decile 6,Rural,2017
10.300000190734863,26,8649,PER,331,244,29187,927,Peru,Decile 7,Rural,2017
12.199999809265137,26,8649,PER,331,244,29187,928,Peru,Decile 8,Rural,2017
15.5,26,8649,PER,331,244,29187,929,Peru,Decile 9,Rural,2017
2.700000047683716,26,8649,PER,330,244,29187,921,Peru,Decile 1,Urban,2017
25,26,8649,PER,330,244,29187,930,Peru,Decile 10,Urban,2017
4.5,26,8649,PER,330,244,29187,922,Peru,Decile 2,Urban,2017
5.599999904632568,26,8649,PER,330,244,29187,923,Peru,Decile 3,Urban,2017
6.800000190734863,26,8649,PER,330,244,29187,924,Peru,Decile 4,Urban,2017
8.100000381469727,26,8649,PER,330,244,29187,925,Peru,Decile 5,Urban,2017
9.199999809265137,26,8649,PER,330,244,29187,926,Peru,Decile 6,Urban,2017
10.699999809265137,26,8649,PER,330,244,29187,927,Peru,Decile 7,Urban,2017
12.199999809265137,26,8649,PER,330,244,29187,928,Peru,Decile 8,Urban,2017
15.199999809265137,26,8649,PER,330,244,29187,929,Peru,Decile 9,Urban,2017
2.0999999046325684,26,8649,PER,327,244,29188,921,Peru,Decile 1,National,2018
26.700000762939453,26,8649,PER,327,244,29188,930,Peru,Decile 10,National,2018
3.5,26,8649,PER,327,244,29188,922,Peru,Decile 2,National,2018
4.900000095367432,26,8649,PER,327,244,29188,923,Peru,Decile 3,National,2018
6.300000190734863,26,8649,PER,327,244,29188,924,Peru,Decile 4,National,2018
7.800000190734863,26,8649,PER,327,244,29188,925,Peru,Decile 5,National,2018
9.100000381469727,26,8649,PER,327,244,29188,926,Peru,Decile 6,National,2018
10.699999809265137,26,8649,PER,327,244,29188,927,Peru,Decile 7,National,2018
13.100000381469727,26,8649,PER,327,244,29188,928,Peru,Decile 8,National,2018
16,26,8649,PER,327,244,29188,929,Peru,Decile 9,National,2018
3.5999999046325684,26,8649,PER,331,244,29188,921,Peru,Decile 1,Rural,2018
24.299999237060547,26,8649,PER,331,244,29188,930,Peru,Decile 10,Rural,2018
4.900000095367432,26,8649,PER,331,244,29188,922,Peru,Decile 2,Rural,2018
5.900000095367432,26,8649,PER,331,244,29188,923,Peru,Decile 3,Rural,2018
7,26,8649,PER,331,244,29188,924,Peru,Decile 4,Rural,2018
7.699999809265137,26,8649,PER,331,244,29188,925,Peru,Decile 5,Rural,2018
8.899999618530273,26,8649,PER,331,244,29188,926,Peru,Decile 6,Rural,2018
10.5,26,8649,PER,331,244,29188,927,Peru,Decile 7,Rural,2018
12.300000190734863,26,8649,PER,331,244,29188,928,Peru,Decile 8,Rural,2018
14.800000190734863,26,8649,PER,331,244,29188,929,Peru,Decile 9,Rural,2018
2.700000047683716,26,8649,PER,330,244,29188,921,Peru,Decile 1,Urban,2018
24.5,26,8649,PER,330,244,29188,930,Peru,Decile 10,Urban,2018
4.599999904632568,26,8649,PER,330,244,29188,922,Peru,Decile 2,Urban,2018
5.800000190734863,26,8649,PER,330,244,29188,923,Peru,Decile 3,Urban,2018
7.099999904632568,26,8649,PER,330,244,29188,924,Peru,Decile 4,Urban,2018
8,26,8649,PER,330,244,29188,925,Peru,Decile 5,Urban,2018
9.100000381469727,26,8649,PER,330,244,29188,926,Peru,Decile 6,Urban,2018
10.600000381469727,26,8649,PER,330,244,29188,927,Peru,Decile 7,Urban,2018
12.600000381469727,26,8649,PER,330,244,29188,928,Peru,Decile 8,Urban,2018
15.100000381469727,26,8649,PER,330,244,29188,929,Peru,Decile 9,Urban,2018
2.200000047683716,26,8649,PER,327,244,29189,921,Peru,Decile 1,National,2019
25.5,26,8649,PER,327,244,29189,930,Peru,Decile 10,National,2019
3.5999999046325684,26,8649,PER,327,244,29189,922,Peru,Decile 2,National,2019
5.099999904632568,26,8649,PER,327,244,29189,923,Peru,Decile 3,National,2019
6.400000095367432,26,8649,PER,327,244,29189,924,Peru,Decile 4,National,2019
7.900000095367432,26,8649,PER,327,244,29189,925,Peru,Decile 5,National,2019
9.300000190734863,26,8649,PER,327,244,29189,926,Peru,Decile 6,National,2019
11.199999809265137,26,8649,PER,327,244,29189,927,Peru,Decile 7,National,2019
12.800000190734863,26,8649,PER,327,244,29189,928,Peru,Decile 8,National,2019
16,26,8649,PER,327,244,29189,929,Peru,Decile 9,National,2019
3.5999999046325684,26,8649,PER,331,244,29189,921,Peru,Decile 1,Rural,2019
24.299999237060547,26,8649,PER,331,244,29189,930,Peru,Decile 10,Rural,2019
5,26,8649,PER,331,244,29189,922,Peru,Decile 2,Rural,2019
6,26,8649,PER,331,244,29189,923,Peru,Decile 3,Rural,2019
6.800000190734863,26,8649,PER,331,244,29189,924,Peru,Decile 4,Rural,2019
7.900000095367432,26,8649,PER,331,244,29189,925,Peru,Decile 5,Rural,2019
9,26,8649,PER,331,244,29189,926,Peru,Decile 6,Rural,2019
10.5,26,8649,PER,331,244,29189,927,Peru,Decile 7,Rural,2019
12.300000190734863,26,8649,PER,331,244,29189,928,Peru,Decile 8,Rural,2019
14.600000381469727,26,8649,PER,331,244,29189,929,Peru,Decile 9,Rural,2019
2.799999952316284,26,8649,PER,330,244,29189,921,Peru,Decile 1,Urban,2019
23.799999237060547,26,8649,PER,330,244,29189,930,Peru,Decile 10,Urban,2019
4.699999809265137,26,8649,PER,330,244,29189,922,Peru,Decile 2,Urban,2019
5.900000095367432,26,8649,PER,330,244,29189,923,Peru,Decile 3,Urban,2019
7.199999809265137,26,8649,PER,330,244,29189,924,Peru,Decile 4,Urban,2019
8.300000190734863,26,8649,PER,330,244,29189,925,Peru,Decile 5,Urban,2019
9.5,26,8649,PER,330,244,29189,926,Peru,Decile 6,Urban,2019
10.699999809265137,26,8649,PER,330,244,29189,927,Peru,Decile 7,Urban,2019
12.300000190734863,26,8649,PER,330,244,29189,928,Peru,Decile 8,Urban,2019
14.800000190734863,26,8649,PER,330,244,29189,929,Peru,Decile 9,Urban,2019
1.899999976158142,26,8649,PER,327,244,29190,921,Peru,Decile 1,National,2020
28.600000381469727,26,8649,PER,327,244,29190,930,Peru,Decile 10,National,2020
3.5999999046325684,26,8649,PER,327,244,29190,922,Peru,Decile 2,National,2020
4.699999809265137,26,8649,PER,327,244,29190,923,Peru,Decile 3,National,2020
6.099999904632568,26,8649,PER,327,244,29190,924,Peru,Decile 4,National,2020
7.199999809265137,26,8649,PER,327,244,29190,925,Peru,Decile 5,National,2020
9,26,8649,PER,327,244,29190,926,Peru,Decile 6,National,2020
10.100000381469727,26,8649,PER,327,244,29190,927,Peru,Decile 7,National,2020
12.899999618530273,26,8649,PER,327,244,29190,928,Peru,Decile 8,National,2020
16,26,8649,PER,327,244,29190,929,Peru,Decile 9,National,2020
4,26,8649,PER,331,244,29190,921,Peru,Decile 1,Rural,2020
24.5,26,8649,PER,331,244,29190,930,Peru,Decile 10,Rural,2020
5.5,26,8649,PER,331,244,29190,922,Peru,Decile 2,Rural,2020
6.400000095367432,26,8649,PER,331,244,29190,923,Peru,Decile 3,Rural,2020
7.300000190734863,26,8649,PER,331,244,29190,924,Peru,Decile 4,Rural,2020
7.800000190734863,26,8649,PER,331,244,29190,925,Peru,Decile 5,Rural,2020
8.800000190734863,26,8649,PER,331,244,29190,926,Peru,Decile 6,Rural,2020
10,26,8649,PER,331,244,29190,927,Peru,Decile 7,Rural,2020
11.5,26,8649,PER,331,244,29190,928,Peru,Decile 8,Rural,2020
14.199999809265137,26,8649,PER,331,244,29190,929,Peru,Decile 9,Rural,2020
1.7000000476837158,26,8649,PER,330,244,29190,921,Peru,Decile 1,Urban,2020
27.299999237060547,26,8649,PER,330,244,29190,930,Peru,Decile 10,Urban,2020
3.799999952316284,26,8649,PER,330,244,29190,922,Peru,Decile 2,Urban,2020
5.099999904632568,26,8649,PER,330,244,29190,923,Peru,Decile 3,Urban,2020
6.400000095367432,26,8649,PER,330,244,29190,924,Peru,Decile 4,Urban,2020
7.900000095367432,26,8649,PER,330,244,29190,925,Peru,Decile 5,Urban,2020
8.899999618530273,26,8649,PER,330,244,29190,926,Peru,Decile 6,Urban,2020
10.5,26,8649,PER,330,244,29190,927,Peru,Decile 7,Urban,2020
12.699999809265137,26,8649,PER,330,244,29190,928,Peru,Decile 8,Urban,2020
15.600000381469727,26,8649,PER,330,244,29190,929,Peru,Decile 9,Urban,2020
2.299999952316284,26,8649,PER,327,244,29191,921,Peru,Decile 1,National,2021
25.899999618530273,26,8649,PER,327,244,29191,930,Peru,Decile 10,National,2021
4.099999904632568,26,8649,PER,327,244,29191,922,Peru,Decile 2,National,2021
5.199999809265137,26,8649,PER,327,244,29191,923,Peru,Decile 3,National,2021
6.5,26,8649,PER,327,244,29191,924,Peru,Decile 4,National,2021
7.800000190734863,26,8649,PER,327,244,29191,925,Peru,Decile 5,National,2021
9,26,8649,PER,327,244,29191,926,Peru,Decile 6,National,2021
10.800000190734863,26,8649,PER,327,244,29191,927,Peru,Decile 7,National,2021
12.899999618530273,26,8649,PER,327,244,29191,928,Peru,Decile 8,National,2021
15.399999618530273,26,8649,PER,327,244,29191,929,Peru,Decile 9,National,2021
3.4000000953674316,26,8649,PER,331,244,29191,921,Peru,Decile 1,Rural,2021
25.700000762939453,26,8649,PER,331,244,29191,930,Peru,Decile 10,Rural,2021
4.800000190734863,26,8649,PER,331,244,29191,922,Peru,Decile 2,Rural,2021
5.599999904632568,26,8649,PER,331,244,29191,923,Peru,Decile 3,Rural,2021
6.800000190734863,26,8649,PER,331,244,29191,924,Peru,Decile 4,Rural,2021
7.699999809265137,26,8649,PER,331,244,29191,925,Peru,Decile 5,Rural,2021
8.899999618530273,26,8649,PER,331,244,29191,926,Peru,Decile 6,Rural,2021
10.199999809265137,26,8649,PER,331,244,29191,927,Peru,Decile 7,Rural,2021
11.699999809265137,26,8649,PER,331,244,29191,928,Peru,Decile 8,Rural,2021
15.199999809265137,26,8649,PER,331,244,29191,929,Peru,Decile 9,Rural,2021
2.700000047683716,26,8649,PER,330,244,29191,921,Peru,Decile 1,Urban,2021
24.5,26,8649,PER,330,244,29191,930,Peru,Decile 10,Urban,2021
4.699999809265137,26,8649,PER,330,244,29191,922,Peru,Decile 2,Urban,2021
5.900000095367432,26,8649,PER,330,244,29191,923,Peru,Decile 3,Urban,2021
7,26,8649,PER,330,244,29191,924,Peru,Decile 4,Urban,2021
8.100000381469727,26,8649,PER,330,244,29191,925,Peru,Decile 5,Urban,2021
9.199999809265137,26,8649,PER,330,244,29191,926,Peru,Decile 6,Urban,2021
10.699999809265137,26,8649,PER,330,244,29191,927,Peru,Decile 7,Urban,2021
12.5,26,8649,PER,330,244,29191,928,Peru,Decile 8,Urban,2021
14.800000190734863,26,8649,PER,330,244,29191,929,Peru,Decile 9,Urban,2021
2.5,26,8649,PER,327,244,29192,921,Peru,Decile 1,National,2022
25.700000762939453,26,8649,PER,327,244,29192,930,Peru,Decile 10,National,2022
4.199999809265137,26,8649,PER,327,244,29192,922,Peru,Decile 2,National,2022
5.400000095367432,26,8649,PER,327,244,29192,923,Peru,Decile 3,National,2022
6.800000190734863,26,8649,PER,327,244,29192,924,Peru,Decile 4,National,2022
7.900000095367432,26,8649,PER,327,244,29192,925,Peru,Decile 5,National,2022
9.199999809265137,26,8649,PER,327,244,29192,926,Peru,Decile 6,National,2022
11,26,8649,PER,327,244,29192,927,Peru,Decile 7,National,2022
12.600000381469727,26,8649,PER,327,244,29192,928,Peru,Decile 8,National,2022
14.600000381469727,26,8649,PER,327,244,29192,929,Peru,Decile 9,National,2022
3.700000047683716,26,8649,PER,331,244,29192,921,Peru,Decile 1,Rural,2022
22.799999237060547,26,8649,PER,331,244,29192,930,Peru,Decile 10,Rural,2022
5.099999904632568,26,8649,PER,331,244,29192,922,Peru,Decile 2,Rural,2022
6.199999809265137,26,8649,PER,331,244,29192,923,Peru,Decile 3,Rural,2022
7,26,8649,PER,331,244,29192,924,Peru,Decile 4,Rural,2022
8.399999618530273,26,8649,PER,331,244,29192,925,Peru,Decile 5,Rural,2022
9.399999618530273,26,8649,PER,331,244,29192,926,Peru,Decile 6,Rural,2022
10.399999618530273,26,8649,PER,331,244,29192,927,Peru,Decile 7,Rural,2022
12.399999618530273,26,8649,PER,331,244,29192,928,Peru,Decile 8,Rural,2022
14.600000381469727,26,8649,PER,331,244,29192,929,Peru,Decile 9,Rural,2022
2.9000000953674316,26,8649,PER,330,244,29192,921,Peru,Decile 1,Urban,2022
24.700000762939453,26,8649,PER,330,244,29192,930,Peru,Decile 10,Urban,2022
4.699999809265137,26,8649,PER,330,244,29192,922,Peru,Decile 2,Urban,2022
6.099999904632568,26,8649,PER,330,244,29192,923,Peru,Decile 3,Urban,2022
7,26,8649,PER,330,244,29192,924,Peru,Decile 4,Urban,2022
8.199999809265137,26,8649,PER,330,244,29192,925,Peru,Decile 5,Urban,2022
9.5,26,8649,PER,330,244,29192,926,Peru,Decile 6,Urban,2022
10.800000190734863,26,8649,PER,330,244,29192,927,Peru,Decile 7,Urban,2022
12.199999809265137,26,8649,PER,330,244,29192,928,Peru,Decile 8,Urban,2022
13.899999618530273,26,8649,PER,330,244,29192,929,Peru,Decile 9,Urban,2022
2.299999952316284,26,8649,PER,327,244,29193,921,Peru,Decile 1,National,2023
25,26,8649,PER,327,244,29193,930,Peru,Decile 10,National,2023
4.099999904632568,26,8649,PER,327,244,29193,922,Peru,Decile 2,National,2023
5.400000095367432,26,8649,PER,327,244,29193,923,Peru,Decile 3,National,2023
6.699999809265137,26,8649,PER,327,244,29193,924,Peru,Decile 4,National,2023
8.100000381469727,26,8649,PER,327,244,29193,925,Peru,Decile 5,National,2023
9.300000190734863,26,8649,PER,327,244,29193,926,Peru,Decile 6,National,2023
10.600000381469727,26,8649,PER,327,244,29193,927,Peru,Decile 7,National,2023
13,26,8649,PER,327,244,29193,928,Peru,Decile 8,National,2023
15.399999618530273,26,8649,PER,327,244,29193,929,Peru,Decile 9,National,2023
3.200000047683716,26,8649,PER,331,244,29193,921,Peru,Decile 1,Rural,2023
23,26,8649,PER,331,244,29193,930,Peru,Decile 10,Rural,2023
4.900000095367432,26,8649,PER,331,244,29193,922,Peru,Decile 2,Rural,2023
6,26,8649,PER,331,244,29193,923,Peru,Decile 3,Rural,2023
6.900000095367432,26,8649,PER,331,244,29193,924,Peru,Decile 4,Rural,2023
8.199999809265137,26,8649,PER,331,244,29193,925,Peru,Decile 5,Rural,2023
9.699999809265137,26,8649,PER,331,244,29193,926,Peru,Decile 6,Rural,2023
10.699999809265137,26,8649,PER,331,244,29193,927,Peru,Decile 7,Rural,2023
12.300000190734863,26,8649,PER,331,244,29193,928,Peru,Decile 8,Rural,2023
15.100000381469727,26,8649,PER,331,244,29193,929,Peru,Decile 9,Rural,2023
2.700000047683716,26,8649,PER,330,244,29193,921,Peru,Decile 1,Urban,2023
23.899999618530273,26,8649,PER,330,244,29193,930,Peru,Decile 10,Urban,2023
4.599999904632568,26,8649,PER,330,244,29193,922,Peru,Decile 2,Urban,2023
5.900000095367432,26,8649,PER,330,244,29193,923,Peru,Decile 3,Urban,2023
7.300000190734863,26,8649,PER,330,244,29193,924,Peru,Decile 4,Urban,2023
8.199999809265137,26,8649,PER,330,244,29193,925,Peru,Decile 5,Urban,2023
9.300000190734863,26,8649,PER,330,244,29193,926,Peru,Decile 6,Urban,2023
10.899999618530273,26,8649,PER,330,244,29193,927,Peru,Decile 7,Urban,2023
12.600000381469727,26,8649,PER,330,244,29193,928,Peru,Decile 8,Urban,2023
14.600000381469727,26,8649,PER,330,244,29193,929,Peru,Decile 9,Urban,2023
2.4000000953674316,26,8649,PER,327,244,29194,921,Peru,Decile 1,National,2024
25.299999237060547,26,8649,PER,327,244,29194,930,Peru,Decile 10,National,2024
4.099999904632568,26,8649,PER,327,244,29194,922,Peru,Decile 2,National,2024
5.5,26,8649,PER,327,244,29194,923,Peru,Decile 3,National,2024
6.699999809265137,26,8649,PER,327,244,29194,924,Peru,Decile 4,National,2024
8,26,8649,PER,327,244,29194,925,Peru,Decile 5,National,2024
9.5,26,8649,PER,327,244,29194,926,Peru,Decile 6,National,2024
10.699999809265137,26,8649,PER,327,244,29194,927,Peru,Decile 7,National,2024
12.399999618530273,26,8649,PER,327,244,29194,928,Peru,Decile 8,National,2024
15.399999618530273,26,8649,PER,327,244,29194,929,Peru,Decile 9,National,2024
3.299999952316284,26,8649,PER,331,244,29194,921,Peru,Decile 1,Rural,2024
23.299999237060547,26,8649,PER,331,244,29194,930,Peru,Decile 10,Rural,2024
4.800000190734863,26,8649,PER,331,244,29194,922,Peru,Decile 2,Rural,2024
6,26,8649,PER,331,244,29194,923,Peru,Decile 3,Rural,2024
6.699999809265137,26,8649,PER,331,244,29194,924,Peru,Decile 4,Rural,2024
8.399999618530273,26,8649,PER,331,244,29194,925,Peru,Decile 5,Rural,2024
9.300000190734863,26,8649,PER,331,244,29194,926,Peru,Decile 6,Rural,2024
10.5,26,8649,PER,331,244,29194,927,Peru,Decile 7,Rural,2024
12.5,26,8649,PER,331,244,29194,928,Peru,Decile 8,Rural,2024
15.100000381469727,26,8649,PER,331,244,29194,929,Peru,Decile 9,Rural,2024
2.799999952316284,26,8649,PER,330,244,29194,921,Peru,Decile 1,Urban,2024
23.899999618530273,26,8649,PER,330,244,29194,930,Peru,Decile 10,Urban,2024
4.800000190734863,26,8649,PER,330,244,29194,922,Peru,Decile 2,Urban,2024
5.900000095367432,26,8649,PER,330,244,29194,923,Peru,Decile 3,Urban,2024
7.099999904632568,26,8649,PER,330,244,29194,924,Peru,Decile 4,Urban,2024
8.300000190734863,26,8649,PER,330,244,29194,925,Peru,Decile 5,Urban,2024
9.600000381469727,26,8649,PER,330,244,29194,926,Peru,Decile 6,Urban,2024
10.300000190734863,26,8649,PER,330,244,29194,927,Peru,Decile 7,Urban,2024
12.100000381469727,26,8649,PER,330,244,29194,928,Peru,Decile 8,Urban,2024
15,26,8649,PER,330,244,29194,929,Peru,Decile 9,Urban,2024
2,26,8618,DOM,327,264,29170,921,Dominican Republic,Decile 1,National,2000
34.70000076293945,26,8618,DOM,327,264,29170,930,Dominican Republic,Decile 10,National,2000
3.4000000953674316,26,8618,DOM,327,264,29170,922,Dominican Republic,Decile 2,National,2000
4.400000095367432,26,8618,DOM,327,264,29170,923,Dominican Republic,Decile 3,National,2000
5.400000095367432,26,8618,DOM,327,264,29170,924,Dominican Republic,Decile 4,National,2000
6.400000095367432,26,8618,DOM,327,264,29170,925,Dominican Republic,Decile 5,National,2000
7.5,26,8618,DOM,327,264,29170,926,Dominican Republic,Decile 6,National,2000
8.899999618530273,26,8618,DOM,327,264,29170,927,Dominican Republic,Decile 7,National,2000
11.5,26,8618,DOM,327,264,29170,928,Dominican Republic,Decile 8,National,2000
15.699999809265137,26,8618,DOM,327,264,29170,929,Dominican Republic,Decile 9,National,2000
2.700000047683716,26,8618,DOM,331,264,29170,921,Dominican Republic,Decile 1,Rural,2000
30.299999237060547,26,8618,DOM,331,264,29170,930,Dominican Republic,Decile 10,Rural,2000
4.300000190734863,26,8618,DOM,331,264,29170,922,Dominican Republic,Decile 2,Rural,2000
5,26,8618,DOM,331,264,29170,923,Dominican Republic,Decile 3,Rural,2000
6.300000190734863,26,8618,DOM,331,264,29170,924,Dominican Republic,Decile 4,Rural,2000
7.199999809265137,26,8618,DOM,331,264,29170,925,Dominican Republic,Decile 5,Rural,2000
8.399999618530273,26,8618,DOM,331,264,29170,926,Dominican Republic,Decile 6,Rural,2000
9.899999618530273,26,8618,DOM,331,264,29170,927,Dominican Republic,Decile 7,Rural,2000
11.100000381469727,26,8618,DOM,331,264,29170,928,Dominican Republic,Decile 8,Rural,2000
14.899999618530273,26,8618,DOM,331,264,29170,929,Dominican Republic,Decile 9,Rural,2000
2.0999999046325684,26,8618,DOM,330,264,29170,921,Dominican Republic,Decile 1,Urban,2000
34.29999923706055,26,8618,DOM,330,264,29170,930,Dominican Republic,Decile 10,Urban,2000
3.5999999046325684,26,8618,DOM,330,264,29170,922,Dominican Republic,Decile 2,Urban,2000
4.599999904632568,26,8618,DOM,330,264,29170,923,Dominican Republic,Decile 3,Urban,2000
5.5,26,8618,DOM,330,264,29170,924,Dominican Republic,Decile 4,Urban,2000
6.400000095367432,26,8618,DOM,330,264,29170,925,Dominican Republic,Decile 5,Urban,2000
7.5,26,8618,DOM,330,264,29170,926,Dominican Republic,Decile 6,Urban,2000
9.300000190734863,26,8618,DOM,330,264,29170,927,Dominican Republic,Decile 7,Urban,2000
11.100000381469727,26,8618,DOM,330,264,29170,928,Dominican Republic,Decile 8,Urban,2000
15.699999809265137,26,8618,DOM,330,264,29170,929,Dominican Republic,Decile 9,Urban,2000
2.5,26,8618,DOM,327,264,29171,921,Dominican Republic,Decile 1,National,2001
33.900001525878906,26,8618,DOM,327,264,29171,930,Dominican Republic,Decile 10,National,2001
3.700000047683716,26,8618,DOM,327,264,29171,922,Dominican Republic,Decile 2,National,2001
4.5,26,8618,DOM,327,264,29171,923,Dominican Republic,Decile 3,National,2001
5.800000190734863,26,8618,DOM,327,264,29171,924,Dominican Republic,Decile 4,National,2001
6.800000190734863,26,8618,DOM,327,264,29171,925,Dominican Republic,Decile 5,National,2001
7.699999809265137,26,8618,DOM,327,264,29171,926,Dominican Republic,Decile 6,National,2001
8.899999618530273,26,8618,DOM,327,264,29171,927,Dominican Republic,Decile 7,National,2001
10.800000190734863,26,8618,DOM,327,264,29171,928,Dominican Republic,Decile 8,National,2001
15.300000190734863,26,8618,DOM,327,264,29171,929,Dominican Republic,Decile 9,National,2001
3.5999999046325684,26,8618,DOM,331,264,29171,921,Dominican Republic,Decile 1,Rural,2001
27.100000381469727,26,8618,DOM,331,264,29171,930,Dominican Republic,Decile 10,Rural,2001
4.800000190734863,26,8618,DOM,331,264,29171,922,Dominican Republic,Decile 2,Rural,2001
5.900000095367432,26,8618,DOM,331,264,29171,923,Dominican Republic,Decile 3,Rural,2001
6.900000095367432,26,8618,DOM,331,264,29171,924,Dominican Republic,Decile 4,Rural,2001
7.800000190734863,26,8618,DOM,331,264,29171,925,Dominican Republic,Decile 5,Rural,2001
9.699999809265137,26,8618,DOM,331,264,29171,926,Dominican Republic,Decile 6,Rural,2001
10.199999809265137,26,8618,DOM,331,264,29171,927,Dominican Republic,Decile 7,Rural,2001
11.199999809265137,26,8618,DOM,331,264,29171,928,Dominican Republic,Decile 8,Rural,2001
12.800000190734863,26,8618,DOM,331,264,29171,929,Dominican Republic,Decile 9,Rural,2001
2.5,26,8618,DOM,330,264,29171,921,Dominican Republic,Decile 1,Urban,2001
33.29999923706055,26,8618,DOM,330,264,29171,930,Dominican Republic,Decile 10,Urban,2001
3.5999999046325684,26,8618,DOM,330,264,29171,922,Dominican Republic,Decile 2,Urban,2001
4.599999904632568,26,8618,DOM,330,264,29171,923,Dominican Republic,Decile 3,Urban,2001
5.800000190734863,26,8618,DOM,330,264,29171,924,Dominican Republic,Decile 4,Urban,2001
6.800000190734863,26,8618,DOM,330,264,29171,925,Dominican Republic,Decile 5,Urban,2001
7.400000095367432,26,8618,DOM,330,264,29171,926,Dominican Republic,Decile 6,Urban,2001
9.600000381469727,26,8618,DOM,330,264,29171,927,Dominican Republic,Decile 7,Urban,2001
11.100000381469727,26,8618,DOM,330,264,29171,928,Dominican Republic,Decile 8,Urban,2001
15.300000190734863,26,8618,DOM,330,264,29171,929,Dominican Republic,Decile 9,Urban,2001
1.899999976158142,26,8618,DOM,327,264,29172,921,Dominican Republic,Decile 1,National,2002
33.20000076293945,26,8618,DOM,327,264,29172,930,Dominican Republic,Decile 10,National,2002
3.5,26,8618,DOM,327,264,29172,922,Dominican Republic,Decile 2,National,2002
4.599999904632568,26,8618,DOM,327,264,29172,923,Dominican Republic,Decile 3,National,2002
5.699999809265137,26,8618,DOM,327,264,29172,924,Dominican Republic,Decile 4,National,2002
6.800000190734863,26,8618,DOM,327,264,29172,925,Dominican Republic,Decile 5,National,2002
7.900000095367432,26,8618,DOM,327,264,29172,926,Dominican Republic,Decile 6,National,2002
9.399999618530273,26,8618,DOM,327,264,29172,927,Dominican Republic,Decile 7,National,2002
11.5,26,8618,DOM,327,264,29172,928,Dominican Republic,Decile 8,National,2002
15.399999618530273,26,8618,DOM,327,264,29172,929,Dominican Republic,Decile 9,National,2002
2.5,26,8618,DOM,331,264,29172,921,Dominican Republic,Decile 1,Rural,2002
24.799999237060547,26,8618,DOM,331,264,29172,930,Dominican Republic,Decile 10,Rural,2002
4.400000095367432,26,8618,DOM,331,264,29172,922,Dominican Republic,Decile 2,Rural,2002
5.900000095367432,26,8618,DOM,331,264,29172,923,Dominican Republic,Decile 3,Rural,2002
7.099999904632568,26,8618,DOM,331,264,29172,924,Dominican Republic,Decile 4,Rural,2002
8.100000381469727,26,8618,DOM,331,264,29172,925,Dominican Republic,Decile 5,Rural,2002
9.100000381469727,26,8618,DOM,331,264,29172,926,Dominican Republic,Decile 6,Rural,2002
10.600000381469727,26,8618,DOM,331,264,29172,927,Dominican Republic,Decile 7,Rural,2002
12.600000381469727,26,8618,DOM,331,264,29172,928,Dominican Republic,Decile 8,Rural,2002
15,26,8618,DOM,331,264,29172,929,Dominican Republic,Decile 9,Rural,2002
1.899999976158142,26,8618,DOM,330,264,29172,921,Dominican Republic,Decile 1,Urban,2002
32.599998474121094,26,8618,DOM,330,264,29172,930,Dominican Republic,Decile 10,Urban,2002
3.5999999046325684,26,8618,DOM,330,264,29172,922,Dominican Republic,Decile 2,Urban,2002
4.800000190734863,26,8618,DOM,330,264,29172,923,Dominican Republic,Decile 3,Urban,2002
5.699999809265137,26,8618,DOM,330,264,29172,924,Dominican Republic,Decile 4,Urban,2002
6.900000095367432,26,8618,DOM,330,264,29172,925,Dominican Republic,Decile 5,Urban,2002
7.800000190734863,26,8618,DOM,330,264,29172,926,Dominican Republic,Decile 6,Urban,2002
9.399999618530273,26,8618,DOM,330,264,29172,927,Dominican Republic,Decile 7,Urban,2002
11.300000190734863,26,8618,DOM,330,264,29172,928,Dominican Republic,Decile 8,Urban,2002
16,26,8618,DOM,330,264,29172,929,Dominican Republic,Decile 9,Urban,2002
2.299999952316284,26,8618,DOM,327,264,29173,921,Dominican Republic,Decile 1,National,2003
35.400001525878906,26,8618,DOM,327,264,29173,930,Dominican Republic,Decile 10,National,2003
3.700000047683716,26,8618,DOM,327,264,29173,922,Dominican Republic,Decile 2,National,2003
4.699999809265137,26,8618,DOM,327,264,29173,923,Dominican Republic,Decile 3,National,2003
5.699999809265137,26,8618,DOM,327,264,29173,924,Dominican Republic,Decile 4,National,2003
6.400000095367432,26,8618,DOM,327,264,29173,925,Dominican Republic,Decile 5,National,2003
7.599999904632568,26,8618,DOM,327,264,29173,926,Dominican Republic,Decile 6,National,2003
9.399999618530273,26,8618,DOM,327,264,29173,927,Dominican Republic,Decile 7,National,2003
10.5,26,8618,DOM,327,264,29173,928,Dominican Republic,Decile 8,National,2003
14.300000190734863,26,8618,DOM,327,264,29173,929,Dominican Republic,Decile 9,National,2003
3.299999952316284,26,8618,DOM,331,264,29173,921,Dominican Republic,Decile 1,Rural,2003
26.100000381469727,26,8618,DOM,331,264,29173,930,Dominican Republic,Decile 10,Rural,2003
5,26,8618,DOM,331,264,29173,922,Dominican Republic,Decile 2,Rural,2003
5.800000190734863,26,8618,DOM,331,264,29173,923,Dominican Republic,Decile 3,Rural,2003
6.5,26,8618,DOM,331,264,29173,924,Dominican Republic,Decile 4,Rural,2003
8.300000190734863,26,8618,DOM,331,264,29173,925,Dominican Republic,Decile 5,Rural,2003
8.699999809265137,26,8618,DOM,331,264,29173,926,Dominican Republic,Decile 6,Rural,2003
9.800000190734863,26,8618,DOM,331,264,29173,927,Dominican Republic,Decile 7,Rural,2003
12.399999618530273,26,8618,DOM,331,264,29173,928,Dominican Republic,Decile 8,Rural,2003
14.100000381469727,26,8618,DOM,331,264,29173,929,Dominican Republic,Decile 9,Rural,2003
2.0999999046325684,26,8618,DOM,330,264,29173,921,Dominican Republic,Decile 1,Urban,2003
35.099998474121094,26,8618,DOM,330,264,29173,930,Dominican Republic,Decile 10,Urban,2003
3.700000047683716,26,8618,DOM,330,264,29173,922,Dominican Republic,Decile 2,Urban,2003
4.599999904632568,26,8618,DOM,330,264,29173,923,Dominican Republic,Decile 3,Urban,2003
5.699999809265137,26,8618,DOM,330,264,29173,924,Dominican Republic,Decile 4,Urban,2003
6.300000190734863,26,8618,DOM,330,264,29173,925,Dominican Republic,Decile 5,Urban,2003
7.800000190734863,26,8618,DOM,330,264,29173,926,Dominican Republic,Decile 6,Urban,2003
8.800000190734863,26,8618,DOM,330,264,29173,927,Dominican Republic,Decile 7,Urban,2003
10.5,26,8618,DOM,330,264,29173,928,Dominican Republic,Decile 8,Urban,2003
15.5,26,8618,DOM,330,264,29173,929,Dominican Republic,Decile 9,Urban,2003
2.700000047683716,26,8618,DOM,327,264,29174,921,Dominican Republic,Decile 1,National,2004
34.70000076293945,26,8618,DOM,327,264,29174,930,Dominican Republic,Decile 10,National,2004
3.799999952316284,26,8618,DOM,327,264,29174,922,Dominican Republic,Decile 2,National,2004
4.699999809265137,26,8618,DOM,327,264,29174,923,Dominican Republic,Decile 3,National,2004
5.699999809265137,26,8618,DOM,327,264,29174,924,Dominican Republic,Decile 4,National,2004
6.699999809265137,26,8618,DOM,327,264,29174,925,Dominican Republic,Decile 5,National,2004
7.5,26,8618,DOM,327,264,29174,926,Dominican Republic,Decile 6,National,2004
9,26,8618,DOM,327,264,29174,927,Dominican Republic,Decile 7,National,2004
10.699999809265137,26,8618,DOM,327,264,29174,928,Dominican Republic,Decile 8,National,2004
14.600000381469727,26,8618,DOM,327,264,29174,929,Dominican Republic,Decile 9,National,2004
3.799999952316284,26,8618,DOM,331,264,29174,921,Dominican Republic,Decile 1,Rural,2004
25.200000762939453,26,8618,DOM,331,264,29174,930,Dominican Republic,Decile 10,Rural,2004
5.099999904632568,26,8618,DOM,331,264,29174,922,Dominican Republic,Decile 2,Rural,2004
6.099999904632568,26,8618,DOM,331,264,29174,923,Dominican Republic,Decile 3,Rural,2004
6.900000095367432,26,8618,DOM,331,264,29174,924,Dominican Republic,Decile 4,Rural,2004
7.800000190734863,26,8618,DOM,331,264,29174,925,Dominican Republic,Decile 5,Rural,2004
9.399999618530273,26,8618,DOM,331,264,29174,926,Dominican Republic,Decile 6,Rural,2004
10.600000381469727,26,8618,DOM,331,264,29174,927,Dominican Republic,Decile 7,Rural,2004
11.300000190734863,26,8618,DOM,331,264,29174,928,Dominican Republic,Decile 8,Rural,2004
13.800000190734863,26,8618,DOM,331,264,29174,929,Dominican Republic,Decile 9,Rural,2004
2.4000000953674316,26,8618,DOM,330,264,29174,921,Dominican Republic,Decile 1,Urban,2004
35.400001525878906,26,8618,DOM,330,264,29174,930,Dominican Republic,Decile 10,Urban,2004
3.700000047683716,26,8618,DOM,330,264,29174,922,Dominican Republic,Decile 2,Urban,2004
4.599999904632568,26,8618,DOM,330,264,29174,923,Dominican Republic,Decile 3,Urban,2004
5.699999809265137,26,8618,DOM,330,264,29174,924,Dominican Republic,Decile 4,Urban,2004
6.099999904632568,26,8618,DOM,330,264,29174,925,Dominican Republic,Decile 5,Urban,2004
7.699999809265137,26,8618,DOM,330,264,29174,926,Dominican Republic,Decile 6,Urban,2004
9,26,8618,DOM,330,264,29174,927,Dominican Republic,Decile 7,Urban,2004
10.199999809265137,26,8618,DOM,330,264,29174,928,Dominican Republic,Decile 8,Urban,2004
15.199999809265137,26,8618,DOM,330,264,29174,929,Dominican Republic,Decile 9,Urban,2004
2,26,8618,DOM,327,264,29175,921,Dominican Republic,Decile 1,National,2005
33,26,8618,DOM,327,264,29175,930,Dominican Republic,Decile 10,National,2005
3.4000000953674316,26,8618,DOM,327,264,29175,922,Dominican Republic,Decile 2,National,2005
4.5,26,8618,DOM,327,264,29175,923,Dominican Republic,Decile 3,National,2005
5.599999904632568,26,8618,DOM,327,264,29175,924,Dominican Republic,Decile 4,National,2005
6.400000095367432,26,8618,DOM,327,264,29175,925,Dominican Republic,Decile 5,National,2005
7.800000190734863,26,8618,DOM,327,264,29175,926,Dominican Republic,Decile 6,National,2005
9.5,26,8618,DOM,327,264,29175,927,Dominican Republic,Decile 7,National,2005
11.399999618530273,26,8618,DOM,327,264,29175,928,Dominican Republic,Decile 8,National,2005
16.399999618530273,26,8618,DOM,327,264,29175,929,Dominican Republic,Decile 9,National,2005
2.299999952316284,26,8618,DOM,331,264,29175,921,Dominican Republic,Decile 1,Rural,2005
28.200000762939453,26,8618,DOM,331,264,29175,930,Dominican Republic,Decile 10,Rural,2005
4.300000190734863,26,8618,DOM,331,264,29175,922,Dominican Republic,Decile 2,Rural,2005
5.300000190734863,26,8618,DOM,331,264,29175,923,Dominican Republic,Decile 3,Rural,2005
6.300000190734863,26,8618,DOM,331,264,29175,924,Dominican Republic,Decile 4,Rural,2005
7.800000190734863,26,8618,DOM,331,264,29175,925,Dominican Republic,Decile 5,Rural,2005
8.600000381469727,26,8618,DOM,331,264,29175,926,Dominican Republic,Decile 6,Rural,2005
9.699999809265137,26,8618,DOM,331,264,29175,927,Dominican Republic,Decile 7,Rural,2005
11.800000190734863,26,8618,DOM,331,264,29175,928,Dominican Republic,Decile 8,Rural,2005
15.699999809265137,26,8618,DOM,331,264,29175,929,Dominican Republic,Decile 9,Rural,2005
2,26,8618,DOM,330,264,29175,921,Dominican Republic,Decile 1,Urban,2005
32.599998474121094,26,8618,DOM,330,264,29175,930,Dominican Republic,Decile 10,Urban,2005
3.299999952316284,26,8618,DOM,330,264,29175,922,Dominican Republic,Decile 2,Urban,2005
4.5,26,8618,DOM,330,264,29175,923,Dominican Republic,Decile 3,Urban,2005
5.5,26,8618,DOM,330,264,29175,924,Dominican Republic,Decile 4,Urban,2005
6.599999904632568,26,8618,DOM,330,264,29175,925,Dominican Republic,Decile 5,Urban,2005
8,26,8618,DOM,330,264,29175,926,Dominican Republic,Decile 6,Urban,2005
9.199999809265137,26,8618,DOM,330,264,29175,927,Dominican Republic,Decile 7,Urban,2005
11.699999809265137,26,8618,DOM,330,264,29175,928,Dominican Republic,Decile 8,Urban,2005
16.700000762939453,26,8618,DOM,330,264,29175,929,Dominican Republic,Decile 9,Urban,2005
1.7999999523162842,26,8618,DOM,327,264,29176,921,Dominican Republic,Decile 1,National,2006
35.79999923706055,26,8618,DOM,327,264,29176,930,Dominican Republic,Decile 10,National,2006
3.299999952316284,26,8618,DOM,327,264,29176,922,Dominican Republic,Decile 2,National,2006
4,26,8618,DOM,327,264,29176,923,Dominican Republic,Decile 3,National,2006
5.099999904632568,26,8618,DOM,327,264,29176,924,Dominican Republic,Decile 4,National,2006
6.300000190734863,26,8618,DOM,327,264,29176,925,Dominican Republic,Decile 5,National,2006
7.099999904632568,26,8618,DOM,327,264,29176,926,Dominican Republic,Decile 6,National,2006
9.199999809265137,26,8618,DOM,327,264,29176,927,Dominican Republic,Decile 7,National,2006
11.600000381469727,26,8618,DOM,327,264,29176,928,Dominican Republic,Decile 8,National,2006
15.600000381469727,26,8618,DOM,327,264,29176,929,Dominican Republic,Decile 9,National,2006
2.4000000953674316,26,8618,DOM,331,264,29176,921,Dominican Republic,Decile 1,Rural,2006
30.600000381469727,26,8618,DOM,331,264,29176,930,Dominican Republic,Decile 10,Rural,2006
3.9000000953674316,26,8618,DOM,331,264,29176,922,Dominican Republic,Decile 2,Rural,2006
5.099999904632568,26,8618,DOM,331,264,29176,923,Dominican Republic,Decile 3,Rural,2006
5.699999809265137,26,8618,DOM,331,264,29176,924,Dominican Republic,Decile 4,Rural,2006
6.599999904632568,26,8618,DOM,331,264,29176,925,Dominican Republic,Decile 5,Rural,2006
8.5,26,8618,DOM,331,264,29176,926,Dominican Republic,Decile 6,Rural,2006
9.300000190734863,26,8618,DOM,331,264,29176,927,Dominican Republic,Decile 7,Rural,2006
12.199999809265137,26,8618,DOM,331,264,29176,928,Dominican Republic,Decile 8,Rural,2006
15.800000190734863,26,8618,DOM,331,264,29176,929,Dominican Republic,Decile 9,Rural,2006
1.7999999523162842,26,8618,DOM,330,264,29176,921,Dominican Republic,Decile 1,Urban,2006
35.900001525878906,26,8618,DOM,330,264,29176,930,Dominican Republic,Decile 10,Urban,2006
3.200000047683716,26,8618,DOM,330,264,29176,922,Dominican Republic,Decile 2,Urban,2006
4.199999809265137,26,8618,DOM,330,264,29176,923,Dominican Republic,Decile 3,Urban,2006
5.099999904632568,26,8618,DOM,330,264,29176,924,Dominican Republic,Decile 4,Urban,2006
6.199999809265137,26,8618,DOM,330,264,29176,925,Dominican Republic,Decile 5,Urban,2006
7.300000190734863,26,8618,DOM,330,264,29176,926,Dominican Republic,Decile 6,Urban,2006
8.899999618530273,26,8618,DOM,330,264,29176,927,Dominican Republic,Decile 7,Urban,2006
11.899999618530273,26,8618,DOM,330,264,29176,928,Dominican Republic,Decile 8,Urban,2006
15.5,26,8618,DOM,330,264,29176,929,Dominican Republic,Decile 9,Urban,2006
2.200000047683716,26,8618,DOM,327,264,29177,921,Dominican Republic,Decile 1,National,2007
33.20000076293945,26,8618,DOM,327,264,29177,930,Dominican Republic,Decile 10,National,2007
3.5999999046325684,26,8618,DOM,327,264,29177,922,Dominican Republic,Decile 2,National,2007
4.699999809265137,26,8618,DOM,327,264,29177,923,Dominican Republic,Decile 3,National,2007
5.699999809265137,26,8618,DOM,327,264,29177,924,Dominican Republic,Decile 4,National,2007
6.699999809265137,26,8618,DOM,327,264,29177,925,Dominican Republic,Decile 5,National,2007
7.900000095367432,26,8618,DOM,327,264,29177,926,Dominican Republic,Decile 6,National,2007
9.399999618530273,26,8618,DOM,327,264,29177,927,Dominican Republic,Decile 7,National,2007
11.199999809265137,26,8618,DOM,327,264,29177,928,Dominican Republic,Decile 8,National,2007
15.5,26,8618,DOM,327,264,29177,929,Dominican Republic,Decile 9,National,2007
2.700000047683716,26,8618,DOM,331,264,29177,921,Dominican Republic,Decile 1,Rural,2007
26.899999618530273,26,8618,DOM,331,264,29177,930,Dominican Republic,Decile 10,Rural,2007
4.300000190734863,26,8618,DOM,331,264,29177,922,Dominican Republic,Decile 2,Rural,2007
5.5,26,8618,DOM,331,264,29177,923,Dominican Republic,Decile 3,Rural,2007
6.400000095367432,26,8618,DOM,331,264,29177,924,Dominican Republic,Decile 4,Rural,2007
7.800000190734863,26,8618,DOM,331,264,29177,925,Dominican Republic,Decile 5,Rural,2007
9.5,26,8618,DOM,331,264,29177,926,Dominican Republic,Decile 6,Rural,2007
10.600000381469727,26,8618,DOM,331,264,29177,927,Dominican Republic,Decile 7,Rural,2007
11.899999618530273,26,8618,DOM,331,264,29177,928,Dominican Republic,Decile 8,Rural,2007
14.199999809265137,26,8618,DOM,331,264,29177,929,Dominican Republic,Decile 9,Rural,2007
2.200000047683716,26,8618,DOM,330,264,29177,921,Dominican Republic,Decile 1,Urban,2007
33.5,26,8618,DOM,330,264,29177,930,Dominican Republic,Decile 10,Urban,2007
3.5,26,8618,DOM,330,264,29177,922,Dominican Republic,Decile 2,Urban,2007
4.699999809265137,26,8618,DOM,330,264,29177,923,Dominican Republic,Decile 3,Urban,2007
5.699999809265137,26,8618,DOM,330,264,29177,924,Dominican Republic,Decile 4,Urban,2007
6.400000095367432,26,8618,DOM,330,264,29177,925,Dominican Republic,Decile 5,Urban,2007
7.599999904632568,26,8618,DOM,330,264,29177,926,Dominican Republic,Decile 6,Urban,2007
9.399999618530273,26,8618,DOM,330,264,29177,927,Dominican Republic,Decile 7,Urban,2007
11.399999618530273,26,8618,DOM,330,264,29177,928,Dominican Republic,Decile 8,Urban,2007
15.699999809265137,26,8618,DOM,330,264,29177,929,Dominican Republic,Decile 9,Urban,2007
2.4000000953674316,26,8618,DOM,327,264,29178,921,Dominican Republic,Decile 1,National,2008
31,26,8618,DOM,327,264,29178,930,Dominican Republic,Decile 10,National,2008
3.700000047683716,26,8618,DOM,327,264,29178,922,Dominican Republic,Decile 2,National,2008
5,26,8618,DOM,327,264,29178,923,Dominican Republic,Decile 3,National,2008
6.099999904632568,26,8618,DOM,327,264,29178,924,Dominican Republic,Decile 4,National,2008
7,26,8618,DOM,327,264,29178,925,Dominican Republic,Decile 5,National,2008
8.100000381469727,26,8618,DOM,327,264,29178,926,Dominican Republic,Decile 6,National,2008
9.600000381469727,26,8618,DOM,327,264,29178,927,Dominican Republic,Decile 7,National,2008
11.699999809265137,26,8618,DOM,327,264,29178,928,Dominican Republic,Decile 8,National,2008
15.300000190734863,26,8618,DOM,327,264,29178,929,Dominican Republic,Decile 9,National,2008
3.299999952316284,26,8618,DOM,331,264,29178,921,Dominican Republic,Decile 1,Rural,2008
22.5,26,8618,DOM,331,264,29178,930,Dominican Republic,Decile 10,Rural,2008
4.599999904632568,26,8618,DOM,331,264,29178,922,Dominican Republic,Decile 2,Rural,2008
5.800000190734863,26,8618,DOM,331,264,29178,923,Dominican Republic,Decile 3,Rural,2008
7.5,26,8618,DOM,331,264,29178,924,Dominican Republic,Decile 4,Rural,2008
8.5,26,8618,DOM,331,264,29178,925,Dominican Republic,Decile 5,Rural,2008
9.5,26,8618,DOM,331,264,29178,926,Dominican Republic,Decile 6,Rural,2008
10.399999618530273,26,8618,DOM,331,264,29178,927,Dominican Republic,Decile 7,Rural,2008
13,26,8618,DOM,331,264,29178,928,Dominican Republic,Decile 8,Rural,2008
14.899999618530273,26,8618,DOM,331,264,29178,929,Dominican Republic,Decile 9,Rural,2008
2.5,26,8618,DOM,330,264,29178,921,Dominican Republic,Decile 1,Urban,2008
31.100000381469727,26,8618,DOM,330,264,29178,930,Dominican Republic,Decile 10,Urban,2008
3.799999952316284,26,8618,DOM,330,264,29178,922,Dominican Republic,Decile 2,Urban,2008
4.800000190734863,26,8618,DOM,330,264,29178,923,Dominican Republic,Decile 3,Urban,2008
6.099999904632568,26,8618,DOM,330,264,29178,924,Dominican Republic,Decile 4,Urban,2008
6.699999809265137,26,8618,DOM,330,264,29178,925,Dominican Republic,Decile 5,Urban,2008
8,26,8618,DOM,330,264,29178,926,Dominican Republic,Decile 6,Urban,2008
9.600000381469727,26,8618,DOM,330,264,29178,927,Dominican Republic,Decile 7,Urban,2008
11.800000190734863,26,8618,DOM,330,264,29178,928,Dominican Republic,Decile 8,Urban,2008
15.399999618530273,26,8618,DOM,330,264,29178,929,Dominican Republic,Decile 9,Urban,2008
2.4000000953674316,26,8618,DOM,327,264,29179,921,Dominican Republic,Decile 1,National,2009
33.20000076293945,26,8618,DOM,327,264,29179,930,Dominican Republic,Decile 10,National,2009
3.700000047683716,26,8618,DOM,327,264,29179,922,Dominican Republic,Decile 2,National,2009
4.699999809265137,26,8618,DOM,327,264,29179,923,Dominican Republic,Decile 3,National,2009
5.699999809265137,26,8618,DOM,327,264,29179,924,Dominican Republic,Decile 4,National,2009
6.800000190734863,26,8618,DOM,327,264,29179,925,Dominican Republic,Decile 5,National,2009
7.699999809265137,26,8618,DOM,327,264,29179,926,Dominican Republic,Decile 6,National,2009
9.100000381469727,26,8618,DOM,327,264,29179,927,Dominican Republic,Decile 7,National,2009
11.100000381469727,26,8618,DOM,327,264,29179,928,Dominican Republic,Decile 8,National,2009
15.699999809265137,26,8618,DOM,327,264,29179,929,Dominican Republic,Decile 9,National,2009
3.200000047683716,26,8618,DOM,331,264,29179,921,Dominican Republic,Decile 1,Rural,2009
23.600000381469727,26,8618,DOM,331,264,29179,930,Dominican Republic,Decile 10,Rural,2009
4.699999809265137,26,8618,DOM,331,264,29179,922,Dominican Republic,Decile 2,Rural,2009
5.5,26,8618,DOM,331,264,29179,923,Dominican Republic,Decile 3,Rural,2009
7,26,8618,DOM,331,264,29179,924,Dominican Republic,Decile 4,Rural,2009
8.199999809265137,26,8618,DOM,331,264,29179,925,Dominican Republic,Decile 5,Rural,2009
9.100000381469727,26,8618,DOM,331,264,29179,926,Dominican Republic,Decile 6,Rural,2009
11.199999809265137,26,8618,DOM,331,264,29179,927,Dominican Republic,Decile 7,Rural,2009
12.800000190734863,26,8618,DOM,331,264,29179,928,Dominican Republic,Decile 8,Rural,2009
14.699999809265137,26,8618,DOM,331,264,29179,929,Dominican Republic,Decile 9,Rural,2009
2.4000000953674316,26,8618,DOM,330,264,29179,921,Dominican Republic,Decile 1,Urban,2009
33.599998474121094,26,8618,DOM,330,264,29179,930,Dominican Republic,Decile 10,Urban,2009
3.5999999046325684,26,8618,DOM,330,264,29179,922,Dominican Republic,Decile 2,Urban,2009
4.599999904632568,26,8618,DOM,330,264,29179,923,Dominican Republic,Decile 3,Urban,2009
5.599999904632568,26,8618,DOM,330,264,29179,924,Dominican Republic,Decile 4,Urban,2009
6.599999904632568,26,8618,DOM,330,264,29179,925,Dominican Republic,Decile 5,Urban,2009
7.5,26,8618,DOM,330,264,29179,926,Dominican Republic,Decile 6,Urban,2009
9,26,8618,DOM,330,264,29179,927,Dominican Republic,Decile 7,Urban,2009
11.800000190734863,26,8618,DOM,330,264,29179,928,Dominican Republic,Decile 8,Urban,2009
15.399999618530273,26,8618,DOM,330,264,29179,929,Dominican Republic,Decile 9,Urban,2009
2.5,26,8618,DOM,327,264,29180,921,Dominican Republic,Decile 1,National,2010
31.799999237060547,26,8618,DOM,327,264,29180,930,Dominican Republic,Decile 10,National,2010
3.9000000953674316,26,8618,DOM,327,264,29180,922,Dominican Republic,Decile 2,National,2010
4.699999809265137,26,8618,DOM,327,264,29180,923,Dominican Republic,Decile 3,National,2010
5.699999809265137,26,8618,DOM,327,264,29180,924,Dominican Republic,Decile 4,National,2010
6.900000095367432,26,8618,DOM,327,264,29180,925,Dominican Republic,Decile 5,National,2010
8,26,8618,DOM,327,264,29180,926,Dominican Republic,Decile 6,National,2010
10,26,8618,DOM,327,264,29180,927,Dominican Republic,Decile 7,National,2010
11.199999809265137,26,8618,DOM,327,264,29180,928,Dominican Republic,Decile 8,National,2010
15.199999809265137,26,8618,DOM,327,264,29180,929,Dominican Republic,Decile 9,National,2010
3.200000047683716,26,8618,DOM,331,264,29180,921,Dominican Republic,Decile 1,Rural,2010
23.700000762939453,26,8618,DOM,331,264,29180,930,Dominican Republic,Decile 10,Rural,2010
4.5,26,8618,DOM,331,264,29180,922,Dominican Republic,Decile 2,Rural,2010
5.900000095367432,26,8618,DOM,331,264,29180,923,Dominican Republic,Decile 3,Rural,2010
6.5,26,8618,DOM,331,264,29180,924,Dominican Republic,Decile 4,Rural,2010
7.699999809265137,26,8618,DOM,331,264,29180,925,Dominican Republic,Decile 5,Rural,2010
9.5,26,8618,DOM,331,264,29180,926,Dominican Republic,Decile 6,Rural,2010
10.300000190734863,26,8618,DOM,331,264,29180,927,Dominican Republic,Decile 7,Rural,2010
13.199999809265137,26,8618,DOM,331,264,29180,928,Dominican Republic,Decile 8,Rural,2010
15.5,26,8618,DOM,331,264,29180,929,Dominican Republic,Decile 9,Rural,2010
2.5999999046325684,26,8618,DOM,330,264,29180,921,Dominican Republic,Decile 1,Urban,2010
32.400001525878906,26,8618,DOM,330,264,29180,930,Dominican Republic,Decile 10,Urban,2010
3.799999952316284,26,8618,DOM,330,264,29180,922,Dominican Republic,Decile 2,Urban,2010
4.699999809265137,26,8618,DOM,330,264,29180,923,Dominican Republic,Decile 3,Urban,2010
5.5,26,8618,DOM,330,264,29180,924,Dominican Republic,Decile 4,Urban,2010
6.900000095367432,26,8618,DOM,330,264,29180,925,Dominican Republic,Decile 5,Urban,2010
8.300000190734863,26,8618,DOM,330,264,29180,926,Dominican Republic,Decile 6,Urban,2010
9.5,26,8618,DOM,330,264,29180,927,Dominican Republic,Decile 7,Urban,2010
11.100000381469727,26,8618,DOM,330,264,29180,928,Dominican Republic,Decile 8,Urban,2010
15.300000190734863,26,8618,DOM,330,264,29180,929,Dominican Republic,Decile 9,Urban,2010
2.5,26,8618,DOM,327,264,29181,921,Dominican Republic,Decile 1,National,2011
31.600000381469727,26,8618,DOM,327,264,29181,930,Dominican Republic,Decile 10,National,2011
4,26,8618,DOM,327,264,29181,922,Dominican Republic,Decile 2,National,2011
4.900000095367432,26,8618,DOM,327,264,29181,923,Dominican Republic,Decile 3,National,2011
5.699999809265137,26,8618,DOM,327,264,29181,924,Dominican Republic,Decile 4,National,2011
6.599999904632568,26,8618,DOM,327,264,29181,925,Dominican Republic,Decile 5,National,2011
7.900000095367432,26,8618,DOM,327,264,29181,926,Dominican Republic,Decile 6,National,2011
9.5,26,8618,DOM,327,264,29181,927,Dominican Republic,Decile 7,National,2011
11.800000190734863,26,8618,DOM,327,264,29181,928,Dominican Republic,Decile 8,National,2011
15.5,26,8618,DOM,327,264,29181,929,Dominican Republic,Decile 9,National,2011
3.200000047683716,26,8618,DOM,331,264,29181,921,Dominican Republic,Decile 1,Rural,2011
25.200000762939453,26,8618,DOM,331,264,29181,930,Dominican Republic,Decile 10,Rural,2011
4.599999904632568,26,8618,DOM,331,264,29181,922,Dominican Republic,Decile 2,Rural,2011
6.199999809265137,26,8618,DOM,331,264,29181,923,Dominican Republic,Decile 3,Rural,2011
6.900000095367432,26,8618,DOM,331,264,29181,924,Dominican Republic,Decile 4,Rural,2011
8.100000381469727,26,8618,DOM,331,264,29181,925,Dominican Republic,Decile 5,Rural,2011
9,26,8618,DOM,331,264,29181,926,Dominican Republic,Decile 6,Rural,2011
10.100000381469727,26,8618,DOM,331,264,29181,927,Dominican Republic,Decile 7,Rural,2011
12.399999618530273,26,8618,DOM,331,264,29181,928,Dominican Republic,Decile 8,Rural,2011
14.300000190734863,26,8618,DOM,331,264,29181,929,Dominican Republic,Decile 9,Rural,2011
2.4000000953674316,26,8618,DOM,330,264,29181,921,Dominican Republic,Decile 1,Urban,2011
31.799999237060547,26,8618,DOM,330,264,29181,930,Dominican Republic,Decile 10,Urban,2011
4,26,8618,DOM,330,264,29181,922,Dominican Republic,Decile 2,Urban,2011
4.599999904632568,26,8618,DOM,330,264,29181,923,Dominican Republic,Decile 3,Urban,2011
5.800000190734863,26,8618,DOM,330,264,29181,924,Dominican Republic,Decile 4,Urban,2011
6.599999904632568,26,8618,DOM,330,264,29181,925,Dominican Republic,Decile 5,Urban,2011
8.100000381469727,26,8618,DOM,330,264,29181,926,Dominican Republic,Decile 6,Urban,2011
9.399999618530273,26,8618,DOM,330,264,29181,927,Dominican Republic,Decile 7,Urban,2011
11.800000190734863,26,8618,DOM,330,264,29181,928,Dominican Republic,Decile 8,Urban,2011
15.5,26,8618,DOM,330,264,29181,929,Dominican Republic,Decile 9,Urban,2011
2.5999999046325684,26,8618,DOM,327,264,29182,921,Dominican Republic,Decile 1,National,2012
30.799999237060547,26,8618,DOM,327,264,29182,930,Dominican Republic,Decile 10,National,2012
4,26,8618,DOM,327,264,29182,922,Dominican Republic,Decile 2,National,2012
5,26,8618,DOM,327,264,29182,923,Dominican Republic,Decile 3,National,2012
6.099999904632568,26,8618,DOM,327,264,29182,924,Dominican Republic,Decile 4,National,2012
7,26,8618,DOM,327,264,29182,925,Dominican Republic,Decile 5,National,2012
8.399999618530273,26,8618,DOM,327,264,29182,926,Dominican Republic,Decile 6,National,2012
9.699999809265137,26,8618,DOM,327,264,29182,927,Dominican Republic,Decile 7,National,2012
11.399999618530273,26,8618,DOM,327,264,29182,928,Dominican Republic,Decile 8,National,2012
14.899999618530273,26,8618,DOM,327,264,29182,929,Dominican Republic,Decile 9,National,2012
3.4000000953674316,26,8618,DOM,331,264,29182,921,Dominican Republic,Decile 1,Rural,2012
20.399999618530273,26,8618,DOM,331,264,29182,930,Dominican Republic,Decile 10,Rural,2012
5.199999809265137,26,8618,DOM,331,264,29182,922,Dominican Republic,Decile 2,Rural,2012
6.300000190734863,26,8618,DOM,331,264,29182,923,Dominican Republic,Decile 3,Rural,2012
7.099999904632568,26,8618,DOM,331,264,29182,924,Dominican Republic,Decile 4,Rural,2012
8.600000381469727,26,8618,DOM,331,264,29182,925,Dominican Republic,Decile 5,Rural,2012
9.600000381469727,26,8618,DOM,331,264,29182,926,Dominican Republic,Decile 6,Rural,2012
10.5,26,8618,DOM,331,264,29182,927,Dominican Republic,Decile 7,Rural,2012
12.800000190734863,26,8618,DOM,331,264,29182,928,Dominican Republic,Decile 8,Rural,2012
16.100000381469727,26,8618,DOM,331,264,29182,929,Dominican Republic,Decile 9,Rural,2012
2.5,26,8618,DOM,330,264,29182,921,Dominican Republic,Decile 1,Urban,2012
30.5,26,8618,DOM,330,264,29182,930,Dominican Republic,Decile 10,Urban,2012
3.9000000953674316,26,8618,DOM,330,264,29182,922,Dominican Republic,Decile 2,Urban,2012
4.900000095367432,26,8618,DOM,330,264,29182,923,Dominican Republic,Decile 3,Urban,2012
5.900000095367432,26,8618,DOM,330,264,29182,924,Dominican Republic,Decile 4,Urban,2012
7.099999904632568,26,8618,DOM,330,264,29182,925,Dominican Republic,Decile 5,Urban,2012
8.5,26,8618,DOM,330,264,29182,926,Dominican Republic,Decile 6,Urban,2012
9,26,8618,DOM,330,264,29182,927,Dominican Republic,Decile 7,Urban,2012
11.5,26,8618,DOM,330,264,29182,928,Dominican Republic,Decile 8,Urban,2012
16.100000381469727,26,8618,DOM,330,264,29182,929,Dominican Republic,Decile 9,Urban,2012
2.5999999046325684,26,8618,DOM,327,264,29183,921,Dominican Republic,Decile 1,National,2013
32.5,26,8618,DOM,327,264,29183,930,Dominican Republic,Decile 10,National,2013
4,26,8618,DOM,327,264,29183,922,Dominican Republic,Decile 2,National,2013
4.900000095367432,26,8618,DOM,327,264,29183,923,Dominican Republic,Decile 3,National,2013
5.900000095367432,26,8618,DOM,327,264,29183,924,Dominican Republic,Decile 4,National,2013
6.800000190734863,26,8618,DOM,327,264,29183,925,Dominican Republic,Decile 5,National,2013
8,26,8618,DOM,327,264,29183,926,Dominican Republic,Decile 6,National,2013
9.5,26,8618,DOM,327,264,29183,927,Dominican Republic,Decile 7,National,2013
11.100000381469727,26,8618,DOM,327,264,29183,928,Dominican Republic,Decile 8,National,2013
14.699999809265137,26,8618,DOM,327,264,29183,929,Dominican Republic,Decile 9,National,2013
3.5,26,8618,DOM,331,264,29183,921,Dominican Republic,Decile 1,Rural,2013
23,26,8618,DOM,331,264,29183,930,Dominican Republic,Decile 10,Rural,2013
5.099999904632568,26,8618,DOM,331,264,29183,922,Dominican Republic,Decile 2,Rural,2013
6.400000095367432,26,8618,DOM,331,264,29183,923,Dominican Republic,Decile 3,Rural,2013
7.400000095367432,26,8618,DOM,331,264,29183,924,Dominican Republic,Decile 4,Rural,2013
8.600000381469727,26,8618,DOM,331,264,29183,925,Dominican Republic,Decile 5,Rural,2013
9.300000190734863,26,8618,DOM,331,264,29183,926,Dominican Republic,Decile 6,Rural,2013
10.899999618530273,26,8618,DOM,331,264,29183,927,Dominican Republic,Decile 7,Rural,2013
12,26,8618,DOM,331,264,29183,928,Dominican Republic,Decile 8,Rural,2013
13.800000190734863,26,8618,DOM,331,264,29183,929,Dominican Republic,Decile 9,Rural,2013
2.5999999046325684,26,8618,DOM,330,264,29183,921,Dominican Republic,Decile 1,Urban,2013
33,26,8618,DOM,330,264,29183,930,Dominican Republic,Decile 10,Urban,2013
3.9000000953674316,26,8618,DOM,330,264,29183,922,Dominican Republic,Decile 2,Urban,2013
4.800000190734863,26,8618,DOM,330,264,29183,923,Dominican Republic,Decile 3,Urban,2013
5.800000190734863,26,8618,DOM,330,264,29183,924,Dominican Republic,Decile 4,Urban,2013
6.599999904632568,26,8618,DOM,330,264,29183,925,Dominican Republic,Decile 5,Urban,2013
8,26,8618,DOM,330,264,29183,926,Dominican Republic,Decile 6,Urban,2013
9.699999809265137,26,8618,DOM,330,264,29183,927,Dominican Republic,Decile 7,Urban,2013
11.300000190734863,26,8618,DOM,330,264,29183,928,Dominican Republic,Decile 8,Urban,2013
14.199999809265137,26,8618,DOM,330,264,29183,929,Dominican Republic,Decile 9,Urban,2013
2.5999999046325684,26,8618,DOM,327,264,29184,921,Dominican Republic,Decile 1,National,2014
27.799999237060547,26,8618,DOM,327,264,29184,930,Dominican Republic,Decile 10,National,2014
4.199999809265137,26,8618,DOM,327,264,29184,922,Dominican Republic,Decile 2,National,2014
5.199999809265137,26,8618,DOM,327,264,29184,923,Dominican Republic,Decile 3,National,2014
6.400000095367432,26,8618,DOM,327,264,29184,924,Dominican Republic,Decile 4,National,2014
7.199999809265137,26,8618,DOM,327,264,29184,925,Dominican Republic,Decile 5,National,2014
8.399999618530273,26,8618,DOM,327,264,29184,926,Dominican Republic,Decile 6,National,2014
10.100000381469727,26,8618,DOM,327,264,29184,927,Dominican Republic,Decile 7,National,2014
12.100000381469727,26,8618,DOM,327,264,29184,928,Dominican Republic,Decile 8,National,2014
16.100000381469727,26,8618,DOM,327,264,29184,929,Dominican Republic,Decile 9,National,2014
3.5,26,8618,DOM,331,264,29184,921,Dominican Republic,Decile 1,Rural,2014
22.700000762939453,26,8618,DOM,331,264,29184,930,Dominican Republic,Decile 10,Rural,2014
5.099999904632568,26,8618,DOM,331,264,29184,922,Dominican Republic,Decile 2,Rural,2014
6.400000095367432,26,8618,DOM,331,264,29184,923,Dominican Republic,Decile 3,Rural,2014
7.300000190734863,26,8618,DOM,331,264,29184,924,Dominican Republic,Decile 4,Rural,2014
8.800000190734863,26,8618,DOM,331,264,29184,925,Dominican Republic,Decile 5,Rural,2014
9,26,8618,DOM,331,264,29184,926,Dominican Republic,Decile 6,Rural,2014
10.699999809265137,26,8618,DOM,331,264,29184,927,Dominican Republic,Decile 7,Rural,2014
12,26,8618,DOM,331,264,29184,928,Dominican Republic,Decile 8,Rural,2014
14.5,26,8618,DOM,331,264,29184,929,Dominican Republic,Decile 9,Rural,2014
2.5,26,8618,DOM,330,264,29184,921,Dominican Republic,Decile 1,Urban,2014
27.200000762939453,26,8618,DOM,330,264,29184,930,Dominican Republic,Decile 10,Urban,2014
4.099999904632568,26,8618,DOM,330,264,29184,922,Dominican Republic,Decile 2,Urban,2014
5.199999809265137,26,8618,DOM,330,264,29184,923,Dominican Republic,Decile 3,Urban,2014
6.199999809265137,26,8618,DOM,330,264,29184,924,Dominican Republic,Decile 4,Urban,2014
7.5,26,8618,DOM,330,264,29184,925,Dominican Republic,Decile 5,Urban,2014
8.600000381469727,26,8618,DOM,330,264,29184,926,Dominican Republic,Decile 6,Urban,2014
9.899999618530273,26,8618,DOM,330,264,29184,927,Dominican Republic,Decile 7,Urban,2014
12,26,8618,DOM,330,264,29184,928,Dominican Republic,Decile 8,Urban,2014
16.799999237060547,26,8618,DOM,330,264,29184,929,Dominican Republic,Decile 9,Urban,2014
2.5999999046325684,26,8618,DOM,327,264,29185,921,Dominican Republic,Decile 1,National,2015
30,26,8618,DOM,327,264,29185,930,Dominican Republic,Decile 10,National,2015
3.9000000953674316,26,8618,DOM,327,264,29185,922,Dominican Republic,Decile 2,National,2015
5.199999809265137,26,8618,DOM,327,264,29185,923,Dominican Republic,Decile 3,National,2015
6.300000190734863,26,8618,DOM,327,264,29185,924,Dominican Republic,Decile 4,National,2015
6.900000095367432,26,8618,DOM,327,264,29185,925,Dominican Republic,Decile 5,National,2015
8.300000190734863,26,8618,DOM,327,264,29185,926,Dominican Republic,Decile 6,National,2015
9.800000190734863,26,8618,DOM,327,264,29185,927,Dominican Republic,Decile 7,National,2015
11.399999618530273,26,8618,DOM,327,264,29185,928,Dominican Republic,Decile 8,National,2015
15.399999618530273,26,8618,DOM,327,264,29185,929,Dominican Republic,Decile 9,National,2015
3.200000047683716,26,8618,DOM,331,264,29185,921,Dominican Republic,Decile 1,Rural,2015
23.799999237060547,26,8618,DOM,331,264,29185,930,Dominican Republic,Decile 10,Rural,2015
5.199999809265137,26,8618,DOM,331,264,29185,922,Dominican Republic,Decile 2,Rural,2015
6,26,8618,DOM,331,264,29185,923,Dominican Republic,Decile 3,Rural,2015
7.300000190734863,26,8618,DOM,331,264,29185,924,Dominican Republic,Decile 4,Rural,2015
8.300000190734863,26,8618,DOM,331,264,29185,925,Dominican Republic,Decile 5,Rural,2015
9.100000381469727,26,8618,DOM,331,264,29185,926,Dominican Republic,Decile 6,Rural,2015
10.5,26,8618,DOM,331,264,29185,927,Dominican Republic,Decile 7,Rural,2015
12.199999809265137,26,8618,DOM,331,264,29185,928,Dominican Republic,Decile 8,Rural,2015
14.399999618530273,26,8618,DOM,331,264,29185,929,Dominican Republic,Decile 9,Rural,2015
2.5,26,8618,DOM,330,264,29185,921,Dominican Republic,Decile 1,Urban,2015
30,26,8618,DOM,330,264,29185,930,Dominican Republic,Decile 10,Urban,2015
4,26,8618,DOM,330,264,29185,922,Dominican Republic,Decile 2,Urban,2015
5.400000095367432,26,8618,DOM,330,264,29185,923,Dominican Republic,Decile 3,Urban,2015
5.800000190734863,26,8618,DOM,330,264,29185,924,Dominican Republic,Decile 4,Urban,2015
7.300000190734863,26,8618,DOM,330,264,29185,925,Dominican Republic,Decile 5,Urban,2015
8.100000381469727,26,8618,DOM,330,264,29185,926,Dominican Republic,Decile 6,Urban,2015
9.699999809265137,26,8618,DOM,330,264,29185,927,Dominican Republic,Decile 7,Urban,2015
11.699999809265137,26,8618,DOM,330,264,29185,928,Dominican Republic,Decile 8,Urban,2015
15.5,26,8618,DOM,330,264,29185,929,Dominican Republic,Decile 9,Urban,2015
3.200000047683716,26,8618,DOM,327,264,29186,921,Dominican Republic,Decile 1,National,2016
27.299999237060547,26,8618,DOM,327,264,29186,930,Dominican Republic,Decile 10,National,2016
4.699999809265137,26,8618,DOM,327,264,29186,922,Dominican Republic,Decile 2,National,2016
5.699999809265137,26,8618,DOM,327,264,29186,923,Dominican Republic,Decile 3,National,2016
6.699999809265137,26,8618,DOM,327,264,29186,924,Dominican Republic,Decile 4,National,2016
7.599999904632568,26,8618,DOM,327,264,29186,925,Dominican Republic,Decile 5,National,2016
8.699999809265137,26,8618,DOM,327,264,29186,926,Dominican Republic,Decile 6,National,2016
9.899999618530273,26,8618,DOM,327,264,29186,927,Dominican Republic,Decile 7,National,2016
11.300000190734863,26,8618,DOM,327,264,29186,928,Dominican Republic,Decile 8,National,2016
14.899999618530273,26,8618,DOM,327,264,29186,929,Dominican Republic,Decile 9,National,2016
3.5,26,8618,DOM,331,264,29186,921,Dominican Republic,Decile 1,Rural,2016
24,26,8618,DOM,331,264,29186,930,Dominican Republic,Decile 10,Rural,2016
5.300000190734863,26,8618,DOM,331,264,29186,922,Dominican Republic,Decile 2,Rural,2016
6.5,26,8618,DOM,331,264,29186,923,Dominican Republic,Decile 3,Rural,2016
7.400000095367432,26,8618,DOM,331,264,29186,924,Dominican Republic,Decile 4,Rural,2016
8.699999809265137,26,8618,DOM,331,264,29186,925,Dominican Republic,Decile 5,Rural,2016
9,26,8618,DOM,331,264,29186,926,Dominican Republic,Decile 6,Rural,2016
10.5,26,8618,DOM,331,264,29186,927,Dominican Republic,Decile 7,Rural,2016
11.800000190734863,26,8618,DOM,331,264,29186,928,Dominican Republic,Decile 8,Rural,2016
13.300000190734863,26,8618,DOM,331,264,29186,929,Dominican Republic,Decile 9,Rural,2016
3.200000047683716,26,8618,DOM,330,264,29186,921,Dominican Republic,Decile 1,Urban,2016
27.399999618530273,26,8618,DOM,330,264,29186,930,Dominican Republic,Decile 10,Urban,2016
4.699999809265137,26,8618,DOM,330,264,29186,922,Dominican Republic,Decile 2,Urban,2016
5.699999809265137,26,8618,DOM,330,264,29186,923,Dominican Republic,Decile 3,Urban,2016
6.5,26,8618,DOM,330,264,29186,924,Dominican Republic,Decile 4,Urban,2016
7.5,26,8618,DOM,330,264,29186,925,Dominican Republic,Decile 5,Urban,2016
8.699999809265137,26,8618,DOM,330,264,29186,926,Dominican Republic,Decile 6,Urban,2016
10,26,8618,DOM,330,264,29186,927,Dominican Republic,Decile 7,Urban,2016
11.399999618530273,26,8618,DOM,330,264,29186,928,Dominican Republic,Decile 8,Urban,2016
14.899999618530273,26,8618,DOM,330,264,29186,929,Dominican Republic,Decile 9,Urban,2016
3.299999952316284,26,8619,DOM,327,264,29187,921,Dominican Republic,Decile 1,National,2017
27.5,26,8619,DOM,327,264,29187,930,Dominican Republic,Decile 10,National,2017
5,26,8619,DOM,327,264,29187,922,Dominican Republic,Decile 2,National,2017
6,26,8619,DOM,327,264,29187,923,Dominican Republic,Decile 3,National,2017
6.900000095367432,26,8619,DOM,327,264,29187,924,Dominican Republic,Decile 4,National,2017
7.699999809265137,26,8619,DOM,327,264,29187,925,Dominican Republic,Decile 5,National,2017
8.5,26,8619,DOM,327,264,29187,926,Dominican Republic,Decile 6,National,2017
9.699999809265137,26,8619,DOM,327,264,29187,927,Dominican Republic,Decile 7,National,2017
11,26,8619,DOM,327,264,29187,928,Dominican Republic,Decile 8,National,2017
14.5,26,8619,DOM,327,264,29187,929,Dominican Republic,Decile 9,National,2017
3.9000000953674316,26,8619,DOM,331,264,29187,921,Dominican Republic,Decile 1,Rural,2017
23.399999618530273,26,8619,DOM,331,264,29187,930,Dominican Republic,Decile 10,Rural,2017
5.699999809265137,26,8619,DOM,331,264,29187,922,Dominican Republic,Decile 2,Rural,2017
6.599999904632568,26,8619,DOM,331,264,29187,923,Dominican Republic,Decile 3,Rural,2017
7.699999809265137,26,8619,DOM,331,264,29187,924,Dominican Republic,Decile 4,Rural,2017
8.800000190734863,26,8619,DOM,331,264,29187,925,Dominican Republic,Decile 5,Rural,2017
9.399999618530273,26,8619,DOM,331,264,29187,926,Dominican Republic,Decile 6,Rural,2017
10.399999618530273,26,8619,DOM,331,264,29187,927,Dominican Republic,Decile 7,Rural,2017
10.800000190734863,26,8619,DOM,331,264,29187,928,Dominican Republic,Decile 8,Rural,2017
13.300000190734863,26,8619,DOM,331,264,29187,929,Dominican Republic,Decile 9,Rural,2017
3.200000047683716,26,8619,DOM,330,264,29187,921,Dominican Republic,Decile 1,Urban,2017
27.700000762939453,26,8619,DOM,330,264,29187,930,Dominican Republic,Decile 10,Urban,2017
4.900000095367432,26,8619,DOM,330,264,29187,922,Dominican Republic,Decile 2,Urban,2017
6.099999904632568,26,8619,DOM,330,264,29187,923,Dominican Republic,Decile 3,Urban,2017
6.699999809265137,26,8619,DOM,330,264,29187,924,Dominican Republic,Decile 4,Urban,2017
7.699999809265137,26,8619,DOM,330,264,29187,925,Dominican Republic,Decile 5,Urban,2017
8.5,26,8619,DOM,330,264,29187,926,Dominican Republic,Decile 6,Urban,2017
9.699999809265137,26,8619,DOM,330,264,29187,927,Dominican Republic,Decile 7,Urban,2017
11.100000381469727,26,8619,DOM,330,264,29187,928,Dominican Republic,Decile 8,Urban,2017
14.399999618530273,26,8619,DOM,330,264,29187,929,Dominican Republic,Decile 9,Urban,2017
3.299999952316284,26,8619,DOM,327,264,29188,921,Dominican Republic,Decile 1,National,2018
29.399999618530273,26,8619,DOM,327,264,29188,930,Dominican Republic,Decile 10,National,2018
4.900000095367432,26,8619,DOM,327,264,29188,922,Dominican Republic,Decile 2,National,2018
5.800000190734863,26,8619,DOM,327,264,29188,923,Dominican Republic,Decile 3,National,2018
6.599999904632568,26,8619,DOM,327,264,29188,924,Dominican Republic,Decile 4,National,2018
7.400000095367432,26,8619,DOM,327,264,29188,925,Dominican Republic,Decile 5,National,2018
8.300000190734863,26,8619,DOM,327,264,29188,926,Dominican Republic,Decile 6,National,2018
9.5,26,8619,DOM,327,264,29188,927,Dominican Republic,Decile 7,National,2018
11,26,8619,DOM,327,264,29188,928,Dominican Republic,Decile 8,National,2018
13.699999809265137,26,8619,DOM,327,264,29188,929,Dominican Republic,Decile 9,National,2018
4.099999904632568,26,8619,DOM,331,264,29188,921,Dominican Republic,Decile 1,Rural,2018
22.899999618530273,26,8619,DOM,331,264,29188,930,Dominican Republic,Decile 10,Rural,2018
5.699999809265137,26,8619,DOM,331,264,29188,922,Dominican Republic,Decile 2,Rural,2018
6.699999809265137,26,8619,DOM,331,264,29188,923,Dominican Republic,Decile 3,Rural,2018
7.699999809265137,26,8619,DOM,331,264,29188,924,Dominican Republic,Decile 4,Rural,2018
8.699999809265137,26,8619,DOM,331,264,29188,925,Dominican Republic,Decile 5,Rural,2018
9.199999809265137,26,8619,DOM,331,264,29188,926,Dominican Republic,Decile 6,Rural,2018
10.300000190734863,26,8619,DOM,331,264,29188,927,Dominican Republic,Decile 7,Rural,2018
11.399999618530273,26,8619,DOM,331,264,29188,928,Dominican Republic,Decile 8,Rural,2018
13.300000190734863,26,8619,DOM,331,264,29188,929,Dominican Republic,Decile 9,Rural,2018
3.200000047683716,26,8619,DOM,330,264,29188,921,Dominican Republic,Decile 1,Urban,2018
29.799999237060547,26,8619,DOM,330,264,29188,930,Dominican Republic,Decile 10,Urban,2018
4.800000190734863,26,8619,DOM,330,264,29188,922,Dominican Republic,Decile 2,Urban,2018
5.699999809265137,26,8619,DOM,330,264,29188,923,Dominican Republic,Decile 3,Urban,2018
6.5,26,8619,DOM,330,264,29188,924,Dominican Republic,Decile 4,Urban,2018
7.300000190734863,26,8619,DOM,330,264,29188,925,Dominican Republic,Decile 5,Urban,2018
8.300000190734863,26,8619,DOM,330,264,29188,926,Dominican Republic,Decile 6,Urban,2018
9.600000381469727,26,8619,DOM,330,264,29188,927,Dominican Republic,Decile 7,Urban,2018
11.100000381469727,26,8619,DOM,330,264,29188,928,Dominican Republic,Decile 8,Urban,2018
13.600000381469727,26,8619,DOM,330,264,29188,929,Dominican Republic,Decile 9,Urban,2018
3.4000000953674316,26,8619,DOM,327,264,29189,921,Dominican Republic,Decile 1,National,2019
28.100000381469727,26,8619,DOM,327,264,29189,930,Dominican Republic,Decile 10,National,2019
4.900000095367432,26,8619,DOM,327,264,29189,922,Dominican Republic,Decile 2,National,2019
6,26,8619,DOM,327,264,29189,923,Dominican Republic,Decile 3,National,2019
6.699999809265137,26,8619,DOM,327,264,29189,924,Dominican Republic,Decile 4,National,2019
7.599999904632568,26,8619,DOM,327,264,29189,925,Dominican Republic,Decile 5,National,2019
8.399999618530273,26,8619,DOM,327,264,29189,926,Dominican Republic,Decile 6,National,2019
9.899999618530273,26,8619,DOM,327,264,29189,927,Dominican Republic,Decile 7,National,2019
11.100000381469727,26,8619,DOM,327,264,29189,928,Dominican Republic,Decile 8,National,2019
13.800000190734863,26,8619,DOM,327,264,29189,929,Dominican Republic,Decile 9,National,2019
4.199999809265137,26,8619,DOM,331,264,29189,921,Dominican Republic,Decile 1,Rural,2019
21.799999237060547,26,8619,DOM,331,264,29189,930,Dominican Republic,Decile 10,Rural,2019
6.099999904632568,26,8619,DOM,331,264,29189,922,Dominican Republic,Decile 2,Rural,2019
7,26,8619,DOM,331,264,29189,923,Dominican Republic,Decile 3,Rural,2019
7.599999904632568,26,8619,DOM,331,264,29189,924,Dominican Republic,Decile 4,Rural,2019
8.5,26,8619,DOM,331,264,29189,925,Dominican Republic,Decile 5,Rural,2019
9.199999809265137,26,8619,DOM,331,264,29189,926,Dominican Republic,Decile 6,Rural,2019
10.100000381469727,26,8619,DOM,331,264,29189,927,Dominican Republic,Decile 7,Rural,2019
11.5,26,8619,DOM,331,264,29189,928,Dominican Republic,Decile 8,Rural,2019
14,26,8619,DOM,331,264,29189,929,Dominican Republic,Decile 9,Rural,2019
3.299999952316284,26,8619,DOM,330,264,29189,921,Dominican Republic,Decile 1,Urban,2019
28.600000381469727,26,8619,DOM,330,264,29189,930,Dominican Republic,Decile 10,Urban,2019
4.900000095367432,26,8619,DOM,330,264,29189,922,Dominican Republic,Decile 2,Urban,2019
5.900000095367432,26,8619,DOM,330,264,29189,923,Dominican Republic,Decile 3,Urban,2019
6.699999809265137,26,8619,DOM,330,264,29189,924,Dominican Republic,Decile 4,Urban,2019
7.5,26,8619,DOM,330,264,29189,925,Dominican Republic,Decile 5,Urban,2019
8.399999618530273,26,8619,DOM,330,264,29189,926,Dominican Republic,Decile 6,Urban,2019
9.899999618530273,26,8619,DOM,330,264,29189,927,Dominican Republic,Decile 7,Urban,2019
10.899999618530273,26,8619,DOM,330,264,29189,928,Dominican Republic,Decile 8,Urban,2019
13.899999618530273,26,8619,DOM,330,264,29189,929,Dominican Republic,Decile 9,Urban,2019
3.5999999046325684,26,8619,DOM,327,264,29190,921,Dominican Republic,Decile 1,National,2020
25,26,8619,DOM,327,264,29190,930,Dominican Republic,Decile 10,National,2020
5.5,26,8619,DOM,327,264,29190,922,Dominican Republic,Decile 2,National,2020
6.599999904632568,26,8619,DOM,327,264,29190,923,Dominican Republic,Decile 3,National,2020
7.5,26,8619,DOM,327,264,29190,924,Dominican Republic,Decile 4,National,2020
8.399999618530273,26,8619,DOM,327,264,29190,925,Dominican Republic,Decile 5,National,2020
9.199999809265137,26,8619,DOM,327,264,29190,926,Dominican Republic,Decile 6,National,2020
9.600000381469727,26,8619,DOM,327,264,29190,927,Dominican Republic,Decile 7,National,2020
11.199999809265137,26,8619,DOM,327,264,29190,928,Dominican Republic,Decile 8,National,2020
13.399999618530273,26,8619,DOM,327,264,29190,929,Dominican Republic,Decile 9,National,2020
4.400000095367432,26,8619,DOM,331,264,29190,921,Dominican Republic,Decile 1,Rural,2020
19.100000381469727,26,8619,DOM,331,264,29190,930,Dominican Republic,Decile 10,Rural,2020
6.300000190734863,26,8619,DOM,331,264,29190,922,Dominican Republic,Decile 2,Rural,2020
7.599999904632568,26,8619,DOM,331,264,29190,923,Dominican Republic,Decile 3,Rural,2020
8.5,26,8619,DOM,331,264,29190,924,Dominican Republic,Decile 4,Rural,2020
9.100000381469727,26,8619,DOM,331,264,29190,925,Dominican Republic,Decile 5,Rural,2020
9.800000190734863,26,8619,DOM,331,264,29190,926,Dominican Republic,Decile 6,Rural,2020
10.300000190734863,26,8619,DOM,331,264,29190,927,Dominican Republic,Decile 7,Rural,2020
11.399999618530273,26,8619,DOM,331,264,29190,928,Dominican Republic,Decile 8,Rural,2020
13.600000381469727,26,8619,DOM,331,264,29190,929,Dominican Republic,Decile 9,Rural,2020
3.5,26,8619,DOM,330,264,29190,921,Dominican Republic,Decile 1,Urban,2020
25.600000381469727,26,8619,DOM,330,264,29190,930,Dominican Republic,Decile 10,Urban,2020
5.400000095367432,26,8619,DOM,330,264,29190,922,Dominican Republic,Decile 2,Urban,2020
6.5,26,8619,DOM,330,264,29190,923,Dominican Republic,Decile 3,Urban,2020
7.400000095367432,26,8619,DOM,330,264,29190,924,Dominican Republic,Decile 4,Urban,2020
8.300000190734863,26,8619,DOM,330,264,29190,925,Dominican Republic,Decile 5,Urban,2020
9.199999809265137,26,8619,DOM,330,264,29190,926,Dominican Republic,Decile 6,Urban,2020
9.600000381469727,26,8619,DOM,330,264,29190,927,Dominican Republic,Decile 7,Urban,2020
11,26,8619,DOM,330,264,29190,928,Dominican Republic,Decile 8,Urban,2020
13.5,26,8619,DOM,330,264,29190,929,Dominican Republic,Decile 9,Urban,2020
3.700000047683716,26,8619,DOM,327,264,29191,921,Dominican Republic,Decile 1,National,2021
24.299999237060547,26,8619,DOM,327,264,29191,930,Dominican Republic,Decile 10,National,2021
5.400000095367432,26,8619,DOM,327,264,29191,922,Dominican Republic,Decile 2,National,2021
6.599999904632568,26,8619,DOM,327,264,29191,923,Dominican Republic,Decile 3,National,2021
7.5,26,8619,DOM,327,264,29191,924,Dominican Republic,Decile 4,National,2021
8.5,26,8619,DOM,327,264,29191,925,Dominican Republic,Decile 5,National,2021
9.199999809265137,26,8619,DOM,327,264,29191,926,Dominican Republic,Decile 6,National,2021
9.899999618530273,26,8619,DOM,327,264,29191,927,Dominican Republic,Decile 7,National,2021
11.300000190734863,26,8619,DOM,327,264,29191,928,Dominican Republic,Decile 8,National,2021
13.5,26,8619,DOM,327,264,29191,929,Dominican Republic,Decile 9,National,2021
4.400000095367432,26,8619,DOM,331,264,29191,921,Dominican Republic,Decile 1,Rural,2021
20,26,8619,DOM,331,264,29191,930,Dominican Republic,Decile 10,Rural,2021
6.400000095367432,26,8619,DOM,331,264,29191,922,Dominican Republic,Decile 2,Rural,2021
7.300000190734863,26,8619,DOM,331,264,29191,923,Dominican Republic,Decile 3,Rural,2021
8.199999809265137,26,8619,DOM,331,264,29191,924,Dominican Republic,Decile 4,Rural,2021
9.300000190734863,26,8619,DOM,331,264,29191,925,Dominican Republic,Decile 5,Rural,2021
9.699999809265137,26,8619,DOM,331,264,29191,926,Dominican Republic,Decile 6,Rural,2021
10.399999618530273,26,8619,DOM,331,264,29191,927,Dominican Republic,Decile 7,Rural,2021
11.199999809265137,26,8619,DOM,331,264,29191,928,Dominican Republic,Decile 8,Rural,2021
13.100000381469727,26,8619,DOM,331,264,29191,929,Dominican Republic,Decile 9,Rural,2021
3.700000047683716,26,8619,DOM,330,264,29191,921,Dominican Republic,Decile 1,Urban,2021
24.399999618530273,26,8619,DOM,330,264,29191,930,Dominican Republic,Decile 10,Urban,2021
5.300000190734863,26,8619,DOM,330,264,29191,922,Dominican Republic,Decile 2,Urban,2021
6.599999904632568,26,8619,DOM,330,264,29191,923,Dominican Republic,Decile 3,Urban,2021
7.400000095367432,26,8619,DOM,330,264,29191,924,Dominican Republic,Decile 4,Urban,2021
8.300000190734863,26,8619,DOM,330,264,29191,925,Dominican Republic,Decile 5,Urban,2021
9.100000381469727,26,8619,DOM,330,264,29191,926,Dominican Republic,Decile 6,Urban,2021
9.899999618530273,26,8619,DOM,330,264,29191,927,Dominican Republic,Decile 7,Urban,2021
11.399999618530273,26,8619,DOM,330,264,29191,928,Dominican Republic,Decile 8,Urban,2021
13.899999618530273,26,8619,DOM,330,264,29191,929,Dominican Republic,Decile 9,Urban,2021
3.799999952316284,26,8619,DOM,327,264,29192,921,Dominican Republic,Decile 1,National,2022
22.600000381469727,26,8619,DOM,327,264,29192,930,Dominican Republic,Decile 10,National,2022
5.699999809265137,26,8619,DOM,327,264,29192,922,Dominican Republic,Decile 2,National,2022
6.800000190734863,26,8619,DOM,327,264,29192,923,Dominican Republic,Decile 3,National,2022
7.5,26,8619,DOM,327,264,29192,924,Dominican Republic,Decile 4,National,2022
8.699999809265137,26,8619,DOM,327,264,29192,925,Dominican Republic,Decile 5,National,2022
9.399999618530273,26,8619,DOM,327,264,29192,926,Dominican Republic,Decile 6,National,2022
10.300000190734863,26,8619,DOM,327,264,29192,927,Dominican Republic,Decile 7,National,2022
11.600000381469727,26,8619,DOM,327,264,29192,928,Dominican Republic,Decile 8,National,2022
13.600000381469727,26,8619,DOM,327,264,29192,929,Dominican Republic,Decile 9,National,2022
4.400000095367432,26,8619,DOM,331,264,29192,921,Dominican Republic,Decile 1,Rural,2022
21.100000381469727,26,8619,DOM,331,264,29192,930,Dominican Republic,Decile 10,Rural,2022
6.199999809265137,26,8619,DOM,331,264,29192,922,Dominican Republic,Decile 2,Rural,2022
7.400000095367432,26,8619,DOM,331,264,29192,923,Dominican Republic,Decile 3,Rural,2022
8.300000190734863,26,8619,DOM,331,264,29192,924,Dominican Republic,Decile 4,Rural,2022
9,26,8619,DOM,331,264,29192,925,Dominican Republic,Decile 5,Rural,2022
9.399999618530273,26,8619,DOM,331,264,29192,926,Dominican Republic,Decile 6,Rural,2022
10.100000381469727,26,8619,DOM,331,264,29192,927,Dominican Republic,Decile 7,Rural,2022
11.399999618530273,26,8619,DOM,331,264,29192,928,Dominican Republic,Decile 8,Rural,2022
12.800000190734863,26,8619,DOM,331,264,29192,929,Dominican Republic,Decile 9,Rural,2022
3.799999952316284,26,8619,DOM,330,264,29192,921,Dominican Republic,Decile 1,Urban,2022
22.5,26,8619,DOM,330,264,29192,930,Dominican Republic,Decile 10,Urban,2022
5.699999809265137,26,8619,DOM,330,264,29192,922,Dominican Republic,Decile 2,Urban,2022
6.699999809265137,26,8619,DOM,330,264,29192,923,Dominican Republic,Decile 3,Urban,2022
7.5,26,8619,DOM,330,264,29192,924,Dominican Republic,Decile 4,Urban,2022
8.699999809265137,26,8619,DOM,330,264,29192,925,Dominican Republic,Decile 5,Urban,2022
9.5,26,8619,DOM,330,264,29192,926,Dominican Republic,Decile 6,Urban,2022
10.300000190734863,26,8619,DOM,330,264,29192,927,Dominican Republic,Decile 7,Urban,2022
11.699999809265137,26,8619,DOM,330,264,29192,928,Dominican Republic,Decile 8,Urban,2022
13.600000381469727,26,8619,DOM,330,264,29192,929,Dominican Republic,Decile 9,Urban,2022
3.799999952316284,26,8619,DOM,327,264,29193,921,Dominican Republic,Decile 1,National,2023
22.200000762939453,26,8619,DOM,327,264,29193,930,Dominican Republic,Decile 10,National,2023
5.599999904632568,26,8619,DOM,327,264,29193,922,Dominican Republic,Decile 2,National,2023
6.800000190734863,26,8619,DOM,327,264,29193,923,Dominican Republic,Decile 3,National,2023
7.5,26,8619,DOM,327,264,29193,924,Dominican Republic,Decile 4,National,2023
8.300000190734863,26,8619,DOM,327,264,29193,925,Dominican Republic,Decile 5,National,2023
9.5,26,8619,DOM,327,264,29193,926,Dominican Republic,Decile 6,National,2023
10.600000381469727,26,8619,DOM,327,264,29193,927,Dominican Republic,Decile 7,National,2023
11.699999809265137,26,8619,DOM,327,264,29193,928,Dominican Republic,Decile 8,National,2023
14.100000381469727,26,8619,DOM,327,264,29193,929,Dominican Republic,Decile 9,National,2023
4.099999904632568,26,8619,DOM,331,264,29193,921,Dominican Republic,Decile 1,Rural,2023
21.100000381469727,26,8619,DOM,331,264,29193,930,Dominican Republic,Decile 10,Rural,2023
6.099999904632568,26,8619,DOM,331,264,29193,922,Dominican Republic,Decile 2,Rural,2023
7,26,8619,DOM,331,264,29193,923,Dominican Republic,Decile 3,Rural,2023
8.100000381469727,26,8619,DOM,331,264,29193,924,Dominican Republic,Decile 4,Rural,2023
8.800000190734863,26,8619,DOM,331,264,29193,925,Dominican Republic,Decile 5,Rural,2023
9.399999618530273,26,8619,DOM,331,264,29193,926,Dominican Republic,Decile 6,Rural,2023
10.600000381469727,26,8619,DOM,331,264,29193,927,Dominican Republic,Decile 7,Rural,2023
11.600000381469727,26,8619,DOM,331,264,29193,928,Dominican Republic,Decile 8,Rural,2023
13.199999809265137,26,8619,DOM,331,264,29193,929,Dominican Republic,Decile 9,Rural,2023
3.799999952316284,26,8619,DOM,330,264,29193,921,Dominican Republic,Decile 1,Urban,2023
22.200000762939453,26,8619,DOM,330,264,29193,930,Dominican Republic,Decile 10,Urban,2023
5.5,26,8619,DOM,330,264,29193,922,Dominican Republic,Decile 2,Urban,2023
6.699999809265137,26,8619,DOM,330,264,29193,923,Dominican Republic,Decile 3,Urban,2023
7.5,26,8619,DOM,330,264,29193,924,Dominican Republic,Decile 4,Urban,2023
8.300000190734863,26,8619,DOM,330,264,29193,925,Dominican Republic,Decile 5,Urban,2023
9.300000190734863,26,8619,DOM,330,264,29193,926,Dominican Republic,Decile 6,Urban,2023
10.600000381469727,26,8619,DOM,330,264,29193,927,Dominican Republic,Decile 7,Urban,2023
11.800000190734863,26,8619,DOM,330,264,29193,928,Dominican Republic,Decile 8,Urban,2023
14.199999809265137,26,8619,DOM,330,264,29193,929,Dominican Republic,Decile 9,Urban,2023
3.5999999046325684,26,8619,DOM,327,264,29194,921,Dominican Republic,Decile 1,National,2024
23.700000762939453,26,8619,DOM,327,264,29194,930,Dominican Republic,Decile 10,National,2024
5.5,26,8619,DOM,327,264,29194,922,Dominican Republic,Decile 2,National,2024
6.599999904632568,26,8619,DOM,327,264,29194,923,Dominican Republic,Decile 3,National,2024
7.400000095367432,26,8619,DOM,327,264,29194,924,Dominican Republic,Decile 4,National,2024
8.199999809265137,26,8619,DOM,327,264,29194,925,Dominican Republic,Decile 5,National,2024
9.199999809265137,26,8619,DOM,327,264,29194,926,Dominican Republic,Decile 6,National,2024
10.199999809265137,26,8619,DOM,327,264,29194,927,Dominican Republic,Decile 7,National,2024
11.800000190734863,26,8619,DOM,327,264,29194,928,Dominican Republic,Decile 8,National,2024
13.899999618530273,26,8619,DOM,327,264,29194,929,Dominican Republic,Decile 9,National,2024
4,26,8619,DOM,331,264,29194,921,Dominican Republic,Decile 1,Rural,2024
21.399999618530273,26,8619,DOM,331,264,29194,930,Dominican Republic,Decile 10,Rural,2024
5.699999809265137,26,8619,DOM,331,264,29194,922,Dominican Republic,Decile 2,Rural,2024
6.800000190734863,26,8619,DOM,331,264,29194,923,Dominican Republic,Decile 3,Rural,2024
7.699999809265137,26,8619,DOM,331,264,29194,924,Dominican Republic,Decile 4,Rural,2024
8.600000381469727,26,8619,DOM,331,264,29194,925,Dominican Republic,Decile 5,Rural,2024
9.699999809265137,26,8619,DOM,331,264,29194,926,Dominican Republic,Decile 6,Rural,2024
10.699999809265137,26,8619,DOM,331,264,29194,927,Dominican Republic,Decile 7,Rural,2024
11.800000190734863,26,8619,DOM,331,264,29194,928,Dominican Republic,Decile 8,Rural,2024
13.600000381469727,26,8619,DOM,331,264,29194,929,Dominican Republic,Decile 9,Rural,2024
3.5999999046325684,26,8619,DOM,330,264,29194,921,Dominican Republic,Decile 1,Urban,2024
23.799999237060547,26,8619,DOM,330,264,29194,930,Dominican Republic,Decile 10,Urban,2024
5.5,26,8619,DOM,330,264,29194,922,Dominican Republic,Decile 2,Urban,2024
6.599999904632568,26,8619,DOM,330,264,29194,923,Dominican Republic,Decile 3,Urban,2024
7.300000190734863,26,8619,DOM,330,264,29194,924,Dominican Republic,Decile 4,Urban,2024
8.199999809265137,26,8619,DOM,330,264,29194,925,Dominican Republic,Decile 5,Urban,2024
9.300000190734863,26,8619,DOM,330,264,29194,926,Dominican Republic,Decile 6,Urban,2024
10.100000381469727,26,8619,DOM,330,264,29194,927,Dominican Republic,Decile 7,Urban,2024
11.699999809265137,26,8619,DOM,330,264,29194,928,Dominican Republic,Decile 8,Urban,2024
14,26,8619,DOM,330,264,29194,929,Dominican Republic,Decile 9,Urban,2024
3.5,26,86,URY,330,258,29170,921,Uruguay,Decile 1,Urban,2000
25.399999618530273,26,86,URY,330,258,29170,930,Uruguay,Decile 10,Urban,2000
5.199999809265137,26,86,URY,330,258,29170,922,Uruguay,Decile 2,Urban,2000
6.199999809265137,26,86,URY,330,258,29170,923,Uruguay,Decile 3,Urban,2000
7,26,86,URY,330,258,29170,924,Uruguay,Decile 4,Urban,2000
7.800000190734863,26,86,URY,330,258,29170,925,Uruguay,Decile 5,Urban,2000
8.800000190734863,26,86,URY,330,258,29170,926,Uruguay,Decile 6,Urban,2000
9.699999809265137,26,86,URY,330,258,29170,927,Uruguay,Decile 7,Urban,2000
11.399999618530273,26,86,URY,330,258,29170,928,Uruguay,Decile 8,Urban,2000
15,26,86,URY,330,258,29170,929,Uruguay,Decile 9,Urban,2000
2.799999952316284,26,86,URY,330,258,29171,921,Uruguay,Decile 1,Urban,2001
27.299999237060547,26,86,URY,330,258,29171,930,Uruguay,Decile 10,Urban,2001
4.900000095367432,26,86,URY,330,258,29171,922,Uruguay,Decile 2,Urban,2001
6,26,86,URY,330,258,29171,923,Uruguay,Decile 3,Urban,2001
6.5,26,86,URY,330,258,29171,924,Uruguay,Decile 4,Urban,2001
7.599999904632568,26,86,URY,330,258,29171,925,Uruguay,Decile 5,Urban,2001
8.300000190734863,26,86,URY,330,258,29171,926,Uruguay,Decile 6,Urban,2001
10.100000381469727,26,86,URY,330,258,29171,927,Uruguay,Decile 7,Urban,2001
11.399999618530273,26,86,URY,330,258,29171,928,Uruguay,Decile 8,Urban,2001
15.300000190734863,26,86,URY,330,258,29171,929,Uruguay,Decile 9,Urban,2001
2.5,26,86,URY,330,258,29172,921,Uruguay,Decile 1,Urban,2002
27.399999618530273,26,86,URY,330,258,29172,930,Uruguay,Decile 10,Urban,2002
4.699999809265137,26,86,URY,330,258,29172,922,Uruguay,Decile 2,Urban,2002
5.900000095367432,26,86,URY,330,258,29172,923,Uruguay,Decile 3,Urban,2002
6.599999904632568,26,86,URY,330,258,29172,924,Uruguay,Decile 4,Urban,2002
7.900000095367432,26,86,URY,330,258,29172,925,Uruguay,Decile 5,Urban,2002
8.399999618530273,26,86,URY,330,258,29172,926,Uruguay,Decile 6,Urban,2002
9.800000190734863,26,86,URY,330,258,29172,927,Uruguay,Decile 7,Urban,2002
11.899999618530273,26,86,URY,330,258,29172,928,Uruguay,Decile 8,Urban,2002
14.899999618530273,26,86,URY,330,258,29172,929,Uruguay,Decile 9,Urban,2002
2.5,26,86,URY,330,258,29173,921,Uruguay,Decile 1,Urban,2003
27.799999237060547,26,86,URY,330,258,29173,930,Uruguay,Decile 10,Urban,2003
4.900000095367432,26,86,URY,330,258,29173,922,Uruguay,Decile 2,Urban,2003
5.900000095367432,26,86,URY,330,258,29173,923,Uruguay,Decile 3,Urban,2003
6.699999809265137,26,86,URY,330,258,29173,924,Uruguay,Decile 4,Urban,2003
7.5,26,86,URY,330,258,29173,925,Uruguay,Decile 5,Urban,2003
8.5,26,86,URY,330,258,29173,926,Uruguay,Decile 6,Urban,2003
9.800000190734863,26,86,URY,330,258,29173,927,Uruguay,Decile 7,Urban,2003
11.199999809265137,26,86,URY,330,258,29173,928,Uruguay,Decile 8,Urban,2003
15.300000190734863,26,86,URY,330,258,29173,929,Uruguay,Decile 9,Urban,2003
2.700000047683716,26,86,URY,330,258,29174,921,Uruguay,Decile 1,Urban,2004
28.299999237060547,26,86,URY,330,258,29174,930,Uruguay,Decile 10,Urban,2004
4.699999809265137,26,86,URY,330,258,29174,922,Uruguay,Decile 2,Urban,2004
5.699999809265137,26,86,URY,330,258,29174,923,Uruguay,Decile 3,Urban,2004
6.599999904632568,26,86,URY,330,258,29174,924,Uruguay,Decile 4,Urban,2004
7.400000095367432,26,86,URY,330,258,29174,925,Uruguay,Decile 5,Urban,2004
8.600000381469727,26,86,URY,330,258,29174,926,Uruguay,Decile 6,Urban,2004
9.399999618530273,26,86,URY,330,258,29174,927,Uruguay,Decile 7,Urban,2004
11.699999809265137,26,86,URY,330,258,29174,928,Uruguay,Decile 8,Urban,2004
14.899999618530273,26,86,URY,330,258,29174,929,Uruguay,Decile 9,Urban,2004
2.799999952316284,26,86,URY,330,258,29175,921,Uruguay,Decile 1,Urban,2005
27.600000381469727,26,86,URY,330,258,29175,930,Uruguay,Decile 10,Urban,2005
5,26,86,URY,330,258,29175,922,Uruguay,Decile 2,Urban,2005
5.900000095367432,26,86,URY,330,258,29175,923,Uruguay,Decile 3,Urban,2005
6.699999809265137,26,86,URY,330,258,29175,924,Uruguay,Decile 4,Urban,2005
7.400000095367432,26,86,URY,330,258,29175,925,Uruguay,Decile 5,Urban,2005
8.5,26,86,URY,330,258,29175,926,Uruguay,Decile 6,Urban,2005
9.5,26,86,URY,330,258,29175,927,Uruguay,Decile 7,Urban,2005
11.399999618530273,26,86,URY,330,258,29175,928,Uruguay,Decile 8,Urban,2005
15.199999809265137,26,86,URY,330,258,29175,929,Uruguay,Decile 9,Urban,2005
3.4000000953674316,26,,URY,327,258,29177,921,Uruguay,Decile 1,National,2007
28.100000381469727,26,,URY,327,258,29177,930,Uruguay,Decile 10,National,2007
4.900000095367432,26,,URY,327,258,29177,922,Uruguay,Decile 2,National,2007
5.800000190734863,26,,URY,327,258,29177,923,Uruguay,Decile 3,National,2007
6.5,26,,URY,327,258,29177,924,Uruguay,Decile 4,National,2007
7.199999809265137,26,,URY,327,258,29177,925,Uruguay,Decile 5,National,2007
8.300000190734863,26,,URY,327,258,29177,926,Uruguay,Decile 6,National,2007
9.5,26,,URY,327,258,29177,927,Uruguay,Decile 7,National,2007
11.399999618530273,26,,URY,327,258,29177,928,Uruguay,Decile 8,National,2007
15,26,,URY,327,258,29177,929,Uruguay,Decile 9,National,2007
3.9000000953674316,26,,URY,331,258,29177,921,Uruguay,Decile 1,Rural,2007
27.5,26,,URY,331,258,29177,930,Uruguay,Decile 10,Rural,2007
5.5,26,,URY,331,258,29177,922,Uruguay,Decile 2,Rural,2007
6.300000190734863,26,,URY,331,258,29177,923,Uruguay,Decile 3,Rural,2007
7.300000190734863,26,,URY,331,258,29177,924,Uruguay,Decile 4,Rural,2007
8,26,,URY,331,258,29177,925,Uruguay,Decile 5,Rural,2007
8.600000381469727,26,,URY,331,258,29177,926,Uruguay,Decile 6,Rural,2007
9.199999809265137,26,,URY,331,258,29177,927,Uruguay,Decile 7,Rural,2007
10.600000381469727,26,,URY,331,258,29177,928,Uruguay,Decile 8,Rural,2007
13.100000381469727,26,,URY,331,258,29177,929,Uruguay,Decile 9,Rural,2007
3.299999952316284,26,,URY,330,258,29177,921,Uruguay,Decile 1,Urban,2007
28.100000381469727,26,,URY,330,258,29177,930,Uruguay,Decile 10,Urban,2007
4.900000095367432,26,,URY,330,258,29177,922,Uruguay,Decile 2,Urban,2007
5.699999809265137,26,,URY,330,258,29177,923,Uruguay,Decile 3,Urban,2007
6.5,26,,URY,330,258,29177,924,Uruguay,Decile 4,Urban,2007
7.300000190734863,26,,URY,330,258,29177,925,Uruguay,Decile 5,Urban,2007
8.300000190734863,26,,URY,330,258,29177,926,Uruguay,Decile 6,Urban,2007
9.600000381469727,26,,URY,330,258,29177,927,Uruguay,Decile 7,Urban,2007
11.399999618530273,26,,URY,330,258,29177,928,Uruguay,Decile 8,Urban,2007
14.899999618530273,26,,URY,330,258,29177,929,Uruguay,Decile 9,Urban,2007
3.700000047683716,26,,URY,327,258,29178,921,Uruguay,Decile 1,National,2008
27.799999237060547,26,,URY,327,258,29178,930,Uruguay,Decile 10,National,2008
5.099999904632568,26,,URY,327,258,29178,922,Uruguay,Decile 2,National,2008
5.699999809265137,26,,URY,327,258,29178,923,Uruguay,Decile 3,National,2008
6.5,26,,URY,327,258,29178,924,Uruguay,Decile 4,National,2008
7.199999809265137,26,,URY,327,258,29178,925,Uruguay,Decile 5,National,2008
8.300000190734863,26,,URY,327,258,29178,926,Uruguay,Decile 6,National,2008
9.5,26,,URY,327,258,29178,927,Uruguay,Decile 7,National,2008
11.199999809265137,26,,URY,327,258,29178,928,Uruguay,Decile 8,National,2008
15,26,,URY,327,258,29178,929,Uruguay,Decile 9,National,2008
4.099999904632568,26,,URY,331,258,29178,921,Uruguay,Decile 1,Rural,2008
27.899999618530273,26,,URY,331,258,29178,930,Uruguay,Decile 10,Rural,2008
5.699999809265137,26,,URY,331,258,29178,922,Uruguay,Decile 2,Rural,2008
6.5,26,,URY,331,258,29178,923,Uruguay,Decile 3,Rural,2008
7.199999809265137,26,,URY,331,258,29178,924,Uruguay,Decile 4,Rural,2008
7.900000095367432,26,,URY,331,258,29178,925,Uruguay,Decile 5,Rural,2008
8.5,26,,URY,331,258,29178,926,Uruguay,Decile 6,Rural,2008
8.899999618530273,26,,URY,331,258,29178,927,Uruguay,Decile 7,Rural,2008
10.600000381469727,26,,URY,331,258,29178,928,Uruguay,Decile 8,Rural,2008
12.800000190734863,26,,URY,331,258,29178,929,Uruguay,Decile 9,Rural,2008
3.700000047683716,26,,URY,330,258,29178,921,Uruguay,Decile 1,Urban,2008
27.700000762939453,26,,URY,330,258,29178,930,Uruguay,Decile 10,Urban,2008
5,26,,URY,330,258,29178,922,Uruguay,Decile 2,Urban,2008
5.699999809265137,26,,URY,330,258,29178,923,Uruguay,Decile 3,Urban,2008
6.400000095367432,26,,URY,330,258,29178,924,Uruguay,Decile 4,Urban,2008
7.300000190734863,26,,URY,330,258,29178,925,Uruguay,Decile 5,Urban,2008
8.300000190734863,26,,URY,330,258,29178,926,Uruguay,Decile 6,Urban,2008
9.5,26,,URY,330,258,29178,927,Uruguay,Decile 7,Urban,2008
11.300000190734863,26,,URY,330,258,29178,928,Uruguay,Decile 8,Urban,2008
15,26,,URY,330,258,29178,929,Uruguay,Decile 9,Urban,2008
3.799999952316284,26,,URY,327,258,29179,921,Uruguay,Decile 1,National,2009
26.899999618530273,26,,URY,327,258,29179,930,Uruguay,Decile 10,National,2009
5.199999809265137,26,,URY,327,258,29179,922,Uruguay,Decile 2,National,2009
5.900000095367432,26,,URY,327,258,29179,923,Uruguay,Decile 3,National,2009
6.5,26,,URY,327,258,29179,924,Uruguay,Decile 4,National,2009
7.400000095367432,26,,URY,327,258,29179,925,Uruguay,Decile 5,National,2009
8.300000190734863,26,,URY,327,258,29179,926,Uruguay,Decile 6,National,2009
9.600000381469727,26,,URY,327,258,29179,927,Uruguay,Decile 7,National,2009
11.5,26,,URY,327,258,29179,928,Uruguay,Decile 8,National,2009
14.800000190734863,26,,URY,327,258,29179,929,Uruguay,Decile 9,National,2009
4.400000095367432,26,,URY,331,258,29179,921,Uruguay,Decile 1,Rural,2009
27.600000381469727,26,,URY,331,258,29179,930,Uruguay,Decile 10,Rural,2009
5.800000190734863,26,,URY,331,258,29179,922,Uruguay,Decile 2,Rural,2009
6.599999904632568,26,,URY,331,258,29179,923,Uruguay,Decile 3,Rural,2009
7.300000190734863,26,,URY,331,258,29179,924,Uruguay,Decile 4,Rural,2009
7.400000095367432,26,,URY,331,258,29179,925,Uruguay,Decile 5,Rural,2009
8.800000190734863,26,,URY,331,258,29179,926,Uruguay,Decile 6,Rural,2009
9.5,26,,URY,331,258,29179,927,Uruguay,Decile 7,Rural,2009
10.199999809265137,26,,URY,331,258,29179,928,Uruguay,Decile 8,Rural,2009
12.399999618530273,26,,URY,331,258,29179,929,Uruguay,Decile 9,Rural,2009
3.799999952316284,26,,URY,330,258,29179,921,Uruguay,Decile 1,Urban,2009
26.799999237060547,26,,URY,330,258,29179,930,Uruguay,Decile 10,Urban,2009
5.099999904632568,26,,URY,330,258,29179,922,Uruguay,Decile 2,Urban,2009
5.900000095367432,26,,URY,330,258,29179,923,Uruguay,Decile 3,Urban,2009
6.5,26,,URY,330,258,29179,924,Uruguay,Decile 4,Urban,2009
7.400000095367432,26,,URY,330,258,29179,925,Uruguay,Decile 5,Urban,2009
8.5,26,,URY,330,258,29179,926,Uruguay,Decile 6,Urban,2009
9.699999809265137,26,,URY,330,258,29179,927,Uruguay,Decile 7,Urban,2009
11.5,26,,URY,330,258,29179,928,Uruguay,Decile 8,Urban,2009
14.899999618530273,26,,URY,330,258,29179,929,Uruguay,Decile 9,Urban,2009
4.099999904632568,26,,URY,327,258,29180,921,Uruguay,Decile 1,National,2010
25.600000381469727,26,,URY,327,258,29180,930,Uruguay,Decile 10,National,2010
5.300000190734863,26,,URY,327,258,29180,922,Uruguay,Decile 2,National,2010
6.099999904632568,26,,URY,327,258,29180,923,Uruguay,Decile 3,National,2010
6.800000190734863,26,,URY,327,258,29180,924,Uruguay,Decile 4,National,2010
7.599999904632568,26,,URY,327,258,29180,925,Uruguay,Decile 5,National,2010
8.5,26,,URY,327,258,29180,926,Uruguay,Decile 6,National,2010
9.699999809265137,26,,URY,327,258,29180,927,Uruguay,Decile 7,National,2010
11.5,26,,URY,327,258,29180,928,Uruguay,Decile 8,National,2010
14.899999618530273,26,,URY,327,258,29180,929,Uruguay,Decile 9,National,2010
4.300000190734863,26,,URY,331,258,29180,921,Uruguay,Decile 1,Rural,2010
28.899999618530273,26,,URY,331,258,29180,930,Uruguay,Decile 10,Rural,2010
5.800000190734863,26,,URY,331,258,29180,922,Uruguay,Decile 2,Rural,2010
6.099999904632568,26,,URY,331,258,29180,923,Uruguay,Decile 3,Rural,2010
6.900000095367432,26,,URY,331,258,29180,924,Uruguay,Decile 4,Rural,2010
7.699999809265137,26,,URY,331,258,29180,925,Uruguay,Decile 5,Rural,2010
8.399999618530273,26,,URY,331,258,29180,926,Uruguay,Decile 6,Rural,2010
9.399999618530273,26,,URY,331,258,29180,927,Uruguay,Decile 7,Rural,2010
10.199999809265137,26,,URY,331,258,29180,928,Uruguay,Decile 8,Rural,2010
12.199999809265137,26,,URY,331,258,29180,929,Uruguay,Decile 9,Rural,2010
4,26,,URY,330,258,29180,921,Uruguay,Decile 1,Urban,2010
25.399999618530273,26,,URY,330,258,29180,930,Uruguay,Decile 10,Urban,2010
5.300000190734863,26,,URY,330,258,29180,922,Uruguay,Decile 2,Urban,2010
6.199999809265137,26,,URY,330,258,29180,923,Uruguay,Decile 3,Urban,2010
6.800000190734863,26,,URY,330,258,29180,924,Uruguay,Decile 4,Urban,2010
7.599999904632568,26,,URY,330,258,29180,925,Uruguay,Decile 5,Urban,2010
8.5,26,,URY,330,258,29180,926,Uruguay,Decile 6,Urban,2010
9.800000190734863,26,,URY,330,258,29180,927,Uruguay,Decile 7,Urban,2010
11.600000381469727,26,,URY,330,258,29180,928,Uruguay,Decile 8,Urban,2010
14.899999618530273,26,,URY,330,258,29180,929,Uruguay,Decile 9,Urban,2010
4.199999809265137,26,,URY,327,258,29181,921,Uruguay,Decile 1,National,2011
23.799999237060547,26,,URY,327,258,29181,930,Uruguay,Decile 10,National,2011
5.599999904632568,26,,URY,327,258,29181,922,Uruguay,Decile 2,National,2011
6.300000190734863,26,,URY,327,258,29181,923,Uruguay,Decile 3,National,2011
7.099999904632568,26,,URY,327,258,29181,924,Uruguay,Decile 4,National,2011
7.900000095367432,26,,URY,327,258,29181,925,Uruguay,Decile 5,National,2011
8.899999618530273,26,,URY,327,258,29181,926,Uruguay,Decile 6,National,2011
10.100000381469727,26,,URY,327,258,29181,927,Uruguay,Decile 7,National,2011
11.699999809265137,26,,URY,327,258,29181,928,Uruguay,Decile 8,National,2011
14.5,26,,URY,327,258,29181,929,Uruguay,Decile 9,National,2011
4.400000095367432,26,,URY,331,258,29181,921,Uruguay,Decile 1,Rural,2011
24.600000381469727,26,,URY,331,258,29181,930,Uruguay,Decile 10,Rural,2011
5.900000095367432,26,,URY,331,258,29181,922,Uruguay,Decile 2,Rural,2011
6.400000095367432,26,,URY,331,258,29181,923,Uruguay,Decile 3,Rural,2011
7.199999809265137,26,,URY,331,258,29181,924,Uruguay,Decile 4,Rural,2011
8.100000381469727,26,,URY,331,258,29181,925,Uruguay,Decile 5,Rural,2011
8.699999809265137,26,,URY,331,258,29181,926,Uruguay,Decile 6,Rural,2011
9.699999809265137,26,,URY,331,258,29181,927,Uruguay,Decile 7,Rural,2011
11.300000190734863,26,,URY,331,258,29181,928,Uruguay,Decile 8,Rural,2011
13.600000381469727,26,,URY,331,258,29181,929,Uruguay,Decile 9,Rural,2011
4.199999809265137,26,,URY,330,258,29181,921,Uruguay,Decile 1,Urban,2011
23.700000762939453,26,,URY,330,258,29181,930,Uruguay,Decile 10,Urban,2011
5.5,26,,URY,330,258,29181,922,Uruguay,Decile 2,Urban,2011
6.400000095367432,26,,URY,330,258,29181,923,Uruguay,Decile 3,Urban,2011
7.099999904632568,26,,URY,330,258,29181,924,Uruguay,Decile 4,Urban,2011
7.900000095367432,26,,URY,330,258,29181,925,Uruguay,Decile 5,Urban,2011
8.899999618530273,26,,URY,330,258,29181,926,Uruguay,Decile 6,Urban,2011
10,26,,URY,330,258,29181,927,Uruguay,Decile 7,Urban,2011
11.800000190734863,26,,URY,330,258,29181,928,Uruguay,Decile 8,Urban,2011
14.5,26,,URY,330,258,29181,929,Uruguay,Decile 9,Urban,2011
4.400000095367432,26,,URY,327,258,29182,921,Uruguay,Decile 1,National,2012
20.899999618530273,26,,URY,327,258,29182,930,Uruguay,Decile 10,National,2012
5.900000095367432,26,,URY,327,258,29182,922,Uruguay,Decile 2,National,2012
6.800000190734863,26,,URY,327,258,29182,923,Uruguay,Decile 3,National,2012
7.5,26,,URY,327,258,29182,924,Uruguay,Decile 4,National,2012
8.300000190734863,26,,URY,327,258,29182,925,Uruguay,Decile 5,National,2012
9.399999618530273,26,,URY,327,258,29182,926,Uruguay,Decile 6,National,2012
10.399999618530273,26,,URY,327,258,29182,927,Uruguay,Decile 7,National,2012
12.100000381469727,26,,URY,327,258,29182,928,Uruguay,Decile 8,National,2012
14.300000190734863,26,,URY,327,258,29182,929,Uruguay,Decile 9,National,2012
5.199999809265137,26,,URY,331,258,29182,921,Uruguay,Decile 1,Rural,2012
21.799999237060547,26,,URY,331,258,29182,930,Uruguay,Decile 10,Rural,2012
6.5,26,,URY,331,258,29182,922,Uruguay,Decile 2,Rural,2012
7.199999809265137,26,,URY,331,258,29182,923,Uruguay,Decile 3,Rural,2012
7.800000190734863,26,,URY,331,258,29182,924,Uruguay,Decile 4,Rural,2012
8.5,26,,URY,331,258,29182,925,Uruguay,Decile 5,Rural,2012
9.100000381469727,26,,URY,331,258,29182,926,Uruguay,Decile 6,Rural,2012
10.100000381469727,26,,URY,331,258,29182,927,Uruguay,Decile 7,Rural,2012
10.800000190734863,26,,URY,331,258,29182,928,Uruguay,Decile 8,Rural,2012
12.800000190734863,26,,URY,331,258,29182,929,Uruguay,Decile 9,Rural,2012
4.300000190734863,26,,URY,330,258,29182,921,Uruguay,Decile 1,Urban,2012
20.799999237060547,26,,URY,330,258,29182,930,Uruguay,Decile 10,Urban,2012
5.900000095367432,26,,URY,330,258,29182,922,Uruguay,Decile 2,Urban,2012
6.800000190734863,26,,URY,330,258,29182,923,Uruguay,Decile 3,Urban,2012
7.5,26,,URY,330,258,29182,924,Uruguay,Decile 4,Urban,2012
8.300000190734863,26,,URY,330,258,29182,925,Uruguay,Decile 5,Urban,2012
9.300000190734863,26,,URY,330,258,29182,926,Uruguay,Decile 6,Urban,2012
10.5,26,,URY,330,258,29182,927,Uruguay,Decile 7,Urban,2012
12.199999809265137,26,,URY,330,258,29182,928,Uruguay,Decile 8,Urban,2012
14.399999618530273,26,,URY,330,258,29182,929,Uruguay,Decile 9,Urban,2012
4.300000190734863,26,,URY,327,258,29183,921,Uruguay,Decile 1,National,2013
22.600000381469727,26,,URY,327,258,29183,930,Uruguay,Decile 10,National,2013
5.699999809265137,26,,URY,327,258,29183,922,Uruguay,Decile 2,National,2013
6.599999904632568,26,,URY,327,258,29183,923,Uruguay,Decile 3,National,2013
7.5,26,,URY,327,258,29183,924,Uruguay,Decile 4,National,2013
8.100000381469727,26,,URY,327,258,29183,925,Uruguay,Decile 5,National,2013
9,26,,URY,327,258,29183,926,Uruguay,Decile 6,National,2013
10.199999809265137,26,,URY,327,258,29183,927,Uruguay,Decile 7,National,2013
11.800000190734863,26,,URY,327,258,29183,928,Uruguay,Decile 8,National,2013
14.300000190734863,26,,URY,327,258,29183,929,Uruguay,Decile 9,National,2013
4.800000190734863,26,,URY,331,258,29183,921,Uruguay,Decile 1,Rural,2013
22.200000762939453,26,,URY,331,258,29183,930,Uruguay,Decile 10,Rural,2013
6.300000190734863,26,,URY,331,258,29183,922,Uruguay,Decile 2,Rural,2013
6.800000190734863,26,,URY,331,258,29183,923,Uruguay,Decile 3,Rural,2013
7.400000095367432,26,,URY,331,258,29183,924,Uruguay,Decile 4,Rural,2013
8.5,26,,URY,331,258,29183,925,Uruguay,Decile 5,Rural,2013
9.699999809265137,26,,URY,331,258,29183,926,Uruguay,Decile 6,Rural,2013
9.800000190734863,26,,URY,331,258,29183,927,Uruguay,Decile 7,Rural,2013
11.300000190734863,26,,URY,331,258,29183,928,Uruguay,Decile 8,Rural,2013
13.100000381469727,26,,URY,331,258,29183,929,Uruguay,Decile 9,Rural,2013
4.199999809265137,26,,URY,330,258,29183,921,Uruguay,Decile 1,Urban,2013
22.5,26,,URY,330,258,29183,930,Uruguay,Decile 10,Urban,2013
5.699999809265137,26,,URY,330,258,29183,922,Uruguay,Decile 2,Urban,2013
6.599999904632568,26,,URY,330,258,29183,923,Uruguay,Decile 3,Urban,2013
7.5,26,,URY,330,258,29183,924,Uruguay,Decile 4,Urban,2013
8.100000381469727,26,,URY,330,258,29183,925,Uruguay,Decile 5,Urban,2013
9,26,,URY,330,258,29183,926,Uruguay,Decile 6,Urban,2013
10.199999809265137,26,,URY,330,258,29183,927,Uruguay,Decile 7,Urban,2013
11.800000190734863,26,,URY,330,258,29183,928,Uruguay,Decile 8,Urban,2013
14.399999618530273,26,,URY,330,258,29183,929,Uruguay,Decile 9,Urban,2013
4.400000095367432,26,,URY,327,258,29184,921,Uruguay,Decile 1,National,2014
22.100000381469727,26,,URY,327,258,29184,930,Uruguay,Decile 10,National,2014
6,26,,URY,327,258,29184,922,Uruguay,Decile 2,National,2014
6.699999809265137,26,,URY,327,258,29184,923,Uruguay,Decile 3,National,2014
7.5,26,,URY,327,258,29184,924,Uruguay,Decile 4,National,2014
8.199999809265137,26,,URY,327,258,29184,925,Uruguay,Decile 5,National,2014
9.100000381469727,26,,URY,327,258,29184,926,Uruguay,Decile 6,National,2014
10.199999809265137,26,,URY,327,258,29184,927,Uruguay,Decile 7,National,2014
11.5,26,,URY,327,258,29184,928,Uruguay,Decile 8,National,2014
14.300000190734863,26,,URY,327,258,29184,929,Uruguay,Decile 9,National,2014
4.699999809265137,26,,URY,331,258,29184,921,Uruguay,Decile 1,Rural,2014
20.200000762939453,26,,URY,331,258,29184,930,Uruguay,Decile 10,Rural,2014
6.5,26,,URY,331,258,29184,922,Uruguay,Decile 2,Rural,2014
6.900000095367432,26,,URY,331,258,29184,923,Uruguay,Decile 3,Rural,2014
8,26,,URY,331,258,29184,924,Uruguay,Decile 4,Rural,2014
8.699999809265137,26,,URY,331,258,29184,925,Uruguay,Decile 5,Rural,2014
9.600000381469727,26,,URY,331,258,29184,926,Uruguay,Decile 6,Rural,2014
11,26,,URY,331,258,29184,927,Uruguay,Decile 7,Rural,2014
11.699999809265137,26,,URY,331,258,29184,928,Uruguay,Decile 8,Rural,2014
12.699999809265137,26,,URY,331,258,29184,929,Uruguay,Decile 9,Rural,2014
4.400000095367432,26,,URY,330,258,29184,921,Uruguay,Decile 1,Urban,2014
22.200000762939453,26,,URY,330,258,29184,930,Uruguay,Decile 10,Urban,2014
6,26,,URY,330,258,29184,922,Uruguay,Decile 2,Urban,2014
6.699999809265137,26,,URY,330,258,29184,923,Uruguay,Decile 3,Urban,2014
7.5,26,,URY,330,258,29184,924,Uruguay,Decile 4,Urban,2014
8.199999809265137,26,,URY,330,258,29184,925,Uruguay,Decile 5,Urban,2014
8.899999618530273,26,,URY,330,258,29184,926,Uruguay,Decile 6,Urban,2014
10.399999618530273,26,,URY,330,258,29184,927,Uruguay,Decile 7,Urban,2014
11.600000381469727,26,,URY,330,258,29184,928,Uruguay,Decile 8,Urban,2014
14.199999809265137,26,,URY,330,258,29184,929,Uruguay,Decile 9,Urban,2014
4.300000190734863,26,,URY,327,258,29185,921,Uruguay,Decile 1,National,2015
22.399999618530273,26,,URY,327,258,29185,930,Uruguay,Decile 10,National,2015
6,26,,URY,327,258,29185,922,Uruguay,Decile 2,National,2015
6.699999809265137,26,,URY,327,258,29185,923,Uruguay,Decile 3,National,2015
7.5,26,,URY,327,258,29185,924,Uruguay,Decile 4,National,2015
8.100000381469727,26,,URY,327,258,29185,925,Uruguay,Decile 5,National,2015
9.199999809265137,26,,URY,327,258,29185,926,Uruguay,Decile 6,National,2015
10.199999809265137,26,,URY,327,258,29185,927,Uruguay,Decile 7,National,2015
11.5,26,,URY,327,258,29185,928,Uruguay,Decile 8,National,2015
14.100000381469727,26,,URY,327,258,29185,929,Uruguay,Decile 9,National,2015
4.300000190734863,26,,URY,331,258,29185,921,Uruguay,Decile 1,Rural,2015
22.200000762939453,26,,URY,331,258,29185,930,Uruguay,Decile 10,Rural,2015
6.099999904632568,26,,URY,331,258,29185,922,Uruguay,Decile 2,Rural,2015
6.800000190734863,26,,URY,331,258,29185,923,Uruguay,Decile 3,Rural,2015
7.599999904632568,26,,URY,331,258,29185,924,Uruguay,Decile 4,Rural,2015
8.199999809265137,26,,URY,331,258,29185,925,Uruguay,Decile 5,Rural,2015
9.199999809265137,26,,URY,331,258,29185,926,Uruguay,Decile 6,Rural,2015
10.800000190734863,26,,URY,331,258,29185,927,Uruguay,Decile 7,Rural,2015
11.5,26,,URY,331,258,29185,928,Uruguay,Decile 8,Rural,2015
13.300000190734863,26,,URY,331,258,29185,929,Uruguay,Decile 9,Rural,2015
4.400000095367432,26,,URY,330,258,29185,921,Uruguay,Decile 1,Urban,2015
22.399999618530273,26,,URY,330,258,29185,930,Uruguay,Decile 10,Urban,2015
6,26,,URY,330,258,29185,922,Uruguay,Decile 2,Urban,2015
6.699999809265137,26,,URY,330,258,29185,923,Uruguay,Decile 3,Urban,2015
7.400000095367432,26,,URY,330,258,29185,924,Uruguay,Decile 4,Urban,2015
8.100000381469727,26,,URY,330,258,29185,925,Uruguay,Decile 5,Urban,2015
9.199999809265137,26,,URY,330,258,29185,926,Uruguay,Decile 6,Urban,2015
10,26,,URY,330,258,29185,927,Uruguay,Decile 7,Urban,2015
11.600000381469727,26,,URY,330,258,29185,928,Uruguay,Decile 8,Urban,2015
14.199999809265137,26,,URY,330,258,29185,929,Uruguay,Decile 9,Urban,2015
4.400000095367432,26,,URY,327,258,29186,921,Uruguay,Decile 1,National,2016
22.399999618530273,26,,URY,327,258,29186,930,Uruguay,Decile 10,National,2016
5.800000190734863,26,,URY,327,258,29186,922,Uruguay,Decile 2,National,2016
6.699999809265137,26,,URY,327,258,29186,923,Uruguay,Decile 3,National,2016
7.199999809265137,26,,URY,327,258,29186,924,Uruguay,Decile 4,National,2016
8.100000381469727,26,,URY,327,258,29186,925,Uruguay,Decile 5,National,2016
9.100000381469727,26,,URY,327,258,29186,926,Uruguay,Decile 6,National,2016
10.399999618530273,26,,URY,327,258,29186,927,Uruguay,Decile 7,National,2016
11.600000381469727,26,,URY,327,258,29186,928,Uruguay,Decile 8,National,2016
14.199999809265137,26,,URY,327,258,29186,929,Uruguay,Decile 9,National,2016
4.5,26,,URY,331,258,29186,921,Uruguay,Decile 1,Rural,2016
22.5,26,,URY,331,258,29186,930,Uruguay,Decile 10,Rural,2016
6.300000190734863,26,,URY,331,258,29186,922,Uruguay,Decile 2,Rural,2016
6.900000095367432,26,,URY,331,258,29186,923,Uruguay,Decile 3,Rural,2016
7.5,26,,URY,331,258,29186,924,Uruguay,Decile 4,Rural,2016
7.900000095367432,26,,URY,331,258,29186,925,Uruguay,Decile 5,Rural,2016
8.800000190734863,26,,URY,331,258,29186,926,Uruguay,Decile 6,Rural,2016
10.300000190734863,26,,URY,331,258,29186,927,Uruguay,Decile 7,Rural,2016
11.800000190734863,26,,URY,331,258,29186,928,Uruguay,Decile 8,Rural,2016
13.5,26,,URY,331,258,29186,929,Uruguay,Decile 9,Rural,2016
4.400000095367432,26,,URY,330,258,29186,921,Uruguay,Decile 1,Urban,2016
22.399999618530273,26,,URY,330,258,29186,930,Uruguay,Decile 10,Urban,2016
5.800000190734863,26,,URY,330,258,29186,922,Uruguay,Decile 2,Urban,2016
6.599999904632568,26,,URY,330,258,29186,923,Uruguay,Decile 3,Urban,2016
7.300000190734863,26,,URY,330,258,29186,924,Uruguay,Decile 4,Urban,2016
8.100000381469727,26,,URY,330,258,29186,925,Uruguay,Decile 5,Urban,2016
9.100000381469727,26,,URY,330,258,29186,926,Uruguay,Decile 6,Urban,2016
10.399999618530273,26,,URY,330,258,29186,927,Uruguay,Decile 7,Urban,2016
11.5,26,,URY,330,258,29186,928,Uruguay,Decile 8,Urban,2016
14.5,26,,URY,330,258,29186,929,Uruguay,Decile 9,Urban,2016
4.400000095367432,26,,URY,327,258,29187,921,Uruguay,Decile 1,National,2017
23,26,,URY,327,258,29187,930,Uruguay,Decile 10,National,2017
5.900000095367432,26,,URY,327,258,29187,922,Uruguay,Decile 2,National,2017
6.5,26,,URY,327,258,29187,923,Uruguay,Decile 3,National,2017
7.400000095367432,26,,URY,327,258,29187,924,Uruguay,Decile 4,National,2017
8.199999809265137,26,,URY,327,258,29187,925,Uruguay,Decile 5,National,2017
8.800000190734863,26,,URY,327,258,29187,926,Uruguay,Decile 6,National,2017
9.800000190734863,26,,URY,327,258,29187,927,Uruguay,Decile 7,National,2017
12,26,,URY,327,258,29187,928,Uruguay,Decile 8,National,2017
14.100000381469727,26,,URY,327,258,29187,929,Uruguay,Decile 9,National,2017
4.5,26,,URY,331,258,29187,921,Uruguay,Decile 1,Rural,2017
21,26,,URY,331,258,29187,930,Uruguay,Decile 10,Rural,2017
6.599999904632568,26,,URY,331,258,29187,922,Uruguay,Decile 2,Rural,2017
6.900000095367432,26,,URY,331,258,29187,923,Uruguay,Decile 3,Rural,2017
7.900000095367432,26,,URY,331,258,29187,924,Uruguay,Decile 4,Rural,2017
8.600000381469727,26,,URY,331,258,29187,925,Uruguay,Decile 5,Rural,2017
9.399999618530273,26,,URY,331,258,29187,926,Uruguay,Decile 6,Rural,2017
9.899999618530273,26,,URY,331,258,29187,927,Uruguay,Decile 7,Rural,2017
11.5,26,,URY,331,258,29187,928,Uruguay,Decile 8,Rural,2017
13.600000381469727,26,,URY,331,258,29187,929,Uruguay,Decile 9,Rural,2017
4.400000095367432,26,,URY,330,258,29187,921,Uruguay,Decile 1,Urban,2017
23,26,,URY,330,258,29187,930,Uruguay,Decile 10,Urban,2017
5.800000190734863,26,,URY,330,258,29187,922,Uruguay,Decile 2,Urban,2017
6.599999904632568,26,,URY,330,258,29187,923,Uruguay,Decile 3,Urban,2017
7.400000095367432,26,,URY,330,258,29187,924,Uruguay,Decile 4,Urban,2017
7.900000095367432,26,,URY,330,258,29187,925,Uruguay,Decile 5,Urban,2017
8.899999618530273,26,,URY,330,258,29187,926,Uruguay,Decile 6,Urban,2017
10,26,,URY,330,258,29187,927,Uruguay,Decile 7,Urban,2017
11.699999809265137,26,,URY,330,258,29187,928,Uruguay,Decile 8,Urban,2017
14.300000190734863,26,,URY,330,258,29187,929,Uruguay,Decile 9,Urban,2017
4.5,26,,URY,327,258,29188,921,Uruguay,Decile 1,National,2018
22.700000762939453,26,,URY,327,258,29188,930,Uruguay,Decile 10,National,2018
5.800000190734863,26,,URY,327,258,29188,922,Uruguay,Decile 2,National,2018
6.699999809265137,26,,URY,327,258,29188,923,Uruguay,Decile 3,National,2018
7.300000190734863,26,,URY,327,258,29188,924,Uruguay,Decile 4,National,2018
7.800000190734863,26,,URY,327,258,29188,925,Uruguay,Decile 5,National,2018
9,26,,URY,327,258,29188,926,Uruguay,Decile 6,National,2018
10.300000190734863,26,,URY,327,258,29188,927,Uruguay,Decile 7,National,2018
11.399999618530273,26,,URY,327,258,29188,928,Uruguay,Decile 8,National,2018
14.399999618530273,26,,URY,327,258,29188,929,Uruguay,Decile 9,National,2018
4.900000095367432,26,,URY,331,258,29188,921,Uruguay,Decile 1,Rural,2018
19.700000762939453,26,,URY,331,258,29188,930,Uruguay,Decile 10,Rural,2018
6.900000095367432,26,,URY,331,258,29188,922,Uruguay,Decile 2,Rural,2018
7.699999809265137,26,,URY,331,258,29188,923,Uruguay,Decile 3,Rural,2018
8.100000381469727,26,,URY,331,258,29188,924,Uruguay,Decile 4,Rural,2018
8.699999809265137,26,,URY,331,258,29188,925,Uruguay,Decile 5,Rural,2018
9.100000381469727,26,,URY,331,258,29188,926,Uruguay,Decile 6,Rural,2018
10.399999618530273,26,,URY,331,258,29188,927,Uruguay,Decile 7,Rural,2018
11.5,26,,URY,331,258,29188,928,Uruguay,Decile 8,Rural,2018
12.899999618530273,26,,URY,331,258,29188,929,Uruguay,Decile 9,Rural,2018
4.5,26,,URY,330,258,29188,921,Uruguay,Decile 1,Urban,2018
22.799999237060547,26,,URY,330,258,29188,930,Uruguay,Decile 10,Urban,2018
5.800000190734863,26,,URY,330,258,29188,922,Uruguay,Decile 2,Urban,2018
6.599999904632568,26,,URY,330,258,29188,923,Uruguay,Decile 3,Urban,2018
7.300000190734863,26,,URY,330,258,29188,924,Uruguay,Decile 4,Urban,2018
7.800000190734863,26,,URY,330,258,29188,925,Uruguay,Decile 5,Urban,2018
8.899999618530273,26,,URY,330,258,29188,926,Uruguay,Decile 6,Urban,2018
10.300000190734863,26,,URY,330,258,29188,927,Uruguay,Decile 7,Urban,2018
11.699999809265137,26,,URY,330,258,29188,928,Uruguay,Decile 8,Urban,2018
14.300000190734863,26,,URY,330,258,29188,929,Uruguay,Decile 9,Urban,2018
4.400000095367432,26,,URY,327,258,29189,921,Uruguay,Decile 1,National,2019
22.899999618530273,26,,URY,327,258,29189,930,Uruguay,Decile 10,National,2019
5.699999809265137,26,,URY,327,258,29189,922,Uruguay,Decile 2,National,2019
6.599999904632568,26,,URY,327,258,29189,923,Uruguay,Decile 3,National,2019
7.400000095367432,26,,URY,327,258,29189,924,Uruguay,Decile 4,National,2019
7.800000190734863,26,,URY,327,258,29189,925,Uruguay,Decile 5,National,2019
9.100000381469727,26,,URY,327,258,29189,926,Uruguay,Decile 6,National,2019
10.100000381469727,26,,URY,327,258,29189,927,Uruguay,Decile 7,National,2019
11.800000190734863,26,,URY,327,258,29189,928,Uruguay,Decile 8,National,2019
14.199999809265137,26,,URY,327,258,29189,929,Uruguay,Decile 9,National,2019
5,26,,URY,331,258,29189,921,Uruguay,Decile 1,Rural,2019
20.200000762939453,26,,URY,331,258,29189,930,Uruguay,Decile 10,Rural,2019
6.199999809265137,26,,URY,331,258,29189,922,Uruguay,Decile 2,Rural,2019
7,26,,URY,331,258,29189,923,Uruguay,Decile 3,Rural,2019
7.900000095367432,26,,URY,331,258,29189,924,Uruguay,Decile 4,Rural,2019
8.600000381469727,26,,URY,331,258,29189,925,Uruguay,Decile 5,Rural,2019
9,26,,URY,331,258,29189,926,Uruguay,Decile 6,Rural,2019
10.899999618530273,26,,URY,331,258,29189,927,Uruguay,Decile 7,Rural,2019
11.100000381469727,26,,URY,331,258,29189,928,Uruguay,Decile 8,Rural,2019
14,26,,URY,331,258,29189,929,Uruguay,Decile 9,Rural,2019
4.300000190734863,26,,URY,330,258,29189,921,Uruguay,Decile 1,Urban,2019
23,26,,URY,330,258,29189,930,Uruguay,Decile 10,Urban,2019
5.699999809265137,26,,URY,330,258,29189,922,Uruguay,Decile 2,Urban,2019
6.599999904632568,26,,URY,330,258,29189,923,Uruguay,Decile 3,Urban,2019
7.199999809265137,26,,URY,330,258,29189,924,Uruguay,Decile 4,Urban,2019
8,26,,URY,330,258,29189,925,Uruguay,Decile 5,Urban,2019
9,26,,URY,330,258,29189,926,Uruguay,Decile 6,Urban,2019
10.100000381469727,26,,URY,330,258,29189,927,Uruguay,Decile 7,Urban,2019
11.800000190734863,26,,URY,330,258,29189,928,Uruguay,Decile 8,Urban,2019
14.300000190734863,26,,URY,330,258,29189,929,Uruguay,Decile 9,Urban,2019
4,26,,URY,327,258,29190,921,Uruguay,Decile 1,National,2020
23.299999237060547,26,,URY,327,258,29190,930,Uruguay,Decile 10,National,2020
5.400000095367432,26,,URY,327,258,29190,922,Uruguay,Decile 2,National,2020
6.300000190734863,26,,URY,327,258,29190,923,Uruguay,Decile 3,National,2020
7.199999809265137,26,,URY,327,258,29190,924,Uruguay,Decile 4,National,2020
8.199999809265137,26,,URY,327,258,29190,925,Uruguay,Decile 5,National,2020
8.899999618530273,26,,URY,327,258,29190,926,Uruguay,Decile 6,National,2020
10.199999809265137,26,,URY,327,258,29190,927,Uruguay,Decile 7,National,2020
11.899999618530273,26,,URY,327,258,29190,928,Uruguay,Decile 8,National,2020
14.600000381469727,26,,URY,327,258,29190,929,Uruguay,Decile 9,National,2020
4.400000095367432,26,,URY,331,258,29190,921,Uruguay,Decile 1,Rural,2020
22,26,,URY,331,258,29190,930,Uruguay,Decile 10,Rural,2020
6.300000190734863,26,,URY,331,258,29190,922,Uruguay,Decile 2,Rural,2020
7.199999809265137,26,,URY,331,258,29190,923,Uruguay,Decile 3,Rural,2020
7.699999809265137,26,,URY,331,258,29190,924,Uruguay,Decile 4,Rural,2020
8.399999618530273,26,,URY,331,258,29190,925,Uruguay,Decile 5,Rural,2020
9.300000190734863,26,,URY,331,258,29190,926,Uruguay,Decile 6,Rural,2020
9.699999809265137,26,,URY,331,258,29190,927,Uruguay,Decile 7,Rural,2020
10.899999618530273,26,,URY,331,258,29190,928,Uruguay,Decile 8,Rural,2020
14.199999809265137,26,,URY,331,258,29190,929,Uruguay,Decile 9,Rural,2020
4.099999904632568,26,,URY,330,258,29190,921,Uruguay,Decile 1,Urban,2020
23.299999237060547,26,,URY,330,258,29190,930,Uruguay,Decile 10,Urban,2020
5.400000095367432,26,,URY,330,258,29190,922,Uruguay,Decile 2,Urban,2020
6.400000095367432,26,,URY,330,258,29190,923,Uruguay,Decile 3,Urban,2020
7.199999809265137,26,,URY,330,258,29190,924,Uruguay,Decile 4,Urban,2020
8,26,,URY,330,258,29190,925,Uruguay,Decile 5,Urban,2020
8.899999618530273,26,,URY,330,258,29190,926,Uruguay,Decile 6,Urban,2020
10.300000190734863,26,,URY,330,258,29190,927,Uruguay,Decile 7,Urban,2020
11.800000190734863,26,,URY,330,258,29190,928,Uruguay,Decile 8,Urban,2020
14.5,26,,URY,330,258,29190,929,Uruguay,Decile 9,Urban,2020
4.099999904632568,26,,URY,327,258,29191,921,Uruguay,Decile 1,National,2021
24.399999618530273,26,,URY,327,258,29191,930,Uruguay,Decile 10,National,2021
5.5,26,,URY,327,258,29191,922,Uruguay,Decile 2,National,2021
6.400000095367432,26,,URY,327,258,29191,923,Uruguay,Decile 3,National,2021
7.199999809265137,26,,URY,327,258,29191,924,Uruguay,Decile 4,National,2021
7.699999809265137,26,,URY,327,258,29191,925,Uruguay,Decile 5,National,2021
8.800000190734863,26,,URY,327,258,29191,926,Uruguay,Decile 6,National,2021
10,26,,URY,327,258,29191,927,Uruguay,Decile 7,National,2021
11.899999618530273,26,,URY,327,258,29191,928,Uruguay,Decile 8,National,2021
14.100000381469727,26,,URY,327,258,29191,929,Uruguay,Decile 9,National,2021
4.800000190734863,26,,URY,331,258,29191,921,Uruguay,Decile 1,Rural,2021
19.600000381469727,26,,URY,331,258,29191,930,Uruguay,Decile 10,Rural,2021
5.699999809265137,26,,URY,331,258,29191,922,Uruguay,Decile 2,Rural,2021
7.900000095367432,26,,URY,331,258,29191,923,Uruguay,Decile 3,Rural,2021
7.599999904632568,26,,URY,331,258,29191,924,Uruguay,Decile 4,Rural,2021
8.899999618530273,26,,URY,331,258,29191,925,Uruguay,Decile 5,Rural,2021
9.100000381469727,26,,URY,331,258,29191,926,Uruguay,Decile 6,Rural,2021
10.5,26,,URY,331,258,29191,927,Uruguay,Decile 7,Rural,2021
12.699999809265137,26,,URY,331,258,29191,928,Uruguay,Decile 8,Rural,2021
13.199999809265137,26,,URY,331,258,29191,929,Uruguay,Decile 9,Rural,2021
4,26,,URY,330,258,29191,921,Uruguay,Decile 1,Urban,2021
24.600000381469727,26,,URY,330,258,29191,930,Uruguay,Decile 10,Urban,2021
5.5,26,,URY,330,258,29191,922,Uruguay,Decile 2,Urban,2021
6.400000095367432,26,,URY,330,258,29191,923,Uruguay,Decile 3,Urban,2021
7.099999904632568,26,,URY,330,258,29191,924,Uruguay,Decile 4,Urban,2021
7.699999809265137,26,,URY,330,258,29191,925,Uruguay,Decile 5,Urban,2021
8.699999809265137,26,,URY,330,258,29191,926,Uruguay,Decile 6,Urban,2021
10.100000381469727,26,,URY,330,258,29191,927,Uruguay,Decile 7,Urban,2021
11.800000190734863,26,,URY,330,258,29191,928,Uruguay,Decile 8,Urban,2021
14.100000381469727,26,,URY,330,258,29191,929,Uruguay,Decile 9,Urban,2021
4,26,,URY,327,258,29192,921,Uruguay,Decile 1,National,2022
24.100000381469727,26,,URY,327,258,29192,930,Uruguay,Decile 10,National,2022
5.400000095367432,26,,URY,327,258,29192,922,Uruguay,Decile 2,National,2022
6.5,26,,URY,327,258,29192,923,Uruguay,Decile 3,National,2022
7.099999904632568,26,,URY,327,258,29192,924,Uruguay,Decile 4,National,2022
7.800000190734863,26,,URY,327,258,29192,925,Uruguay,Decile 5,National,2022
8.899999618530273,26,,URY,327,258,29192,926,Uruguay,Decile 6,National,2022
9.800000190734863,26,,URY,327,258,29192,927,Uruguay,Decile 7,National,2022
11.600000381469727,26,,URY,327,258,29192,928,Uruguay,Decile 8,National,2022
14.699999809265137,26,,URY,327,258,29192,929,Uruguay,Decile 9,National,2022
4.199999809265137,26,,URY,331,258,29192,921,Uruguay,Decile 1,Rural,2022
22.5,26,,URY,331,258,29192,930,Uruguay,Decile 10,Rural,2022
6.699999809265137,26,,URY,331,258,29192,922,Uruguay,Decile 2,Rural,2022
6.800000190734863,26,,URY,331,258,29192,923,Uruguay,Decile 3,Rural,2022
7.900000095367432,26,,URY,331,258,29192,924,Uruguay,Decile 4,Rural,2022
8.699999809265137,26,,URY,331,258,29192,925,Uruguay,Decile 5,Rural,2022
9.199999809265137,26,,URY,331,258,29192,926,Uruguay,Decile 6,Rural,2022
9.699999809265137,26,,URY,331,258,29192,927,Uruguay,Decile 7,Rural,2022
11.899999618530273,26,,URY,331,258,29192,928,Uruguay,Decile 8,Rural,2022
12.399999618530273,26,,URY,331,258,29192,929,Uruguay,Decile 9,Rural,2022
4,26,,URY,330,258,29192,921,Uruguay,Decile 1,Urban,2022
24.200000762939453,26,,URY,330,258,29192,930,Uruguay,Decile 10,Urban,2022
5.400000095367432,26,,URY,330,258,29192,922,Uruguay,Decile 2,Urban,2022
6.199999809265137,26,,URY,330,258,29192,923,Uruguay,Decile 3,Urban,2022
7.199999809265137,26,,URY,330,258,29192,924,Uruguay,Decile 4,Urban,2022
7.800000190734863,26,,URY,330,258,29192,925,Uruguay,Decile 5,Urban,2022
8.800000190734863,26,,URY,330,258,29192,926,Uruguay,Decile 6,Urban,2022
9.800000190734863,26,,URY,330,258,29192,927,Uruguay,Decile 7,Urban,2022
11.699999809265137,26,,URY,330,258,29192,928,Uruguay,Decile 8,Urban,2022
14.699999809265137,26,,URY,330,258,29192,929,Uruguay,Decile 9,Urban,2022
4,26,,URY,327,258,29193,921,Uruguay,Decile 1,National,2023
24.700000762939453,26,,URY,327,258,29193,930,Uruguay,Decile 10,National,2023
5.400000095367432,26,,URY,327,258,29193,922,Uruguay,Decile 2,National,2023
6.400000095367432,26,,URY,327,258,29193,923,Uruguay,Decile 3,National,2023
7,26,,URY,327,258,29193,924,Uruguay,Decile 4,National,2023
7.599999904632568,26,,URY,327,258,29193,925,Uruguay,Decile 5,National,2023
8.800000190734863,26,,URY,327,258,29193,926,Uruguay,Decile 6,National,2023
9.800000190734863,26,,URY,327,258,29193,927,Uruguay,Decile 7,National,2023
11.600000381469727,26,,URY,327,258,29193,928,Uruguay,Decile 8,National,2023
14.600000381469727,26,,URY,327,258,29193,929,Uruguay,Decile 9,National,2023
4.5,26,,URY,331,258,29193,921,Uruguay,Decile 1,Rural,2023
21.100000381469727,26,,URY,331,258,29193,930,Uruguay,Decile 10,Rural,2023
6.400000095367432,26,,URY,331,258,29193,922,Uruguay,Decile 2,Rural,2023
7.199999809265137,26,,URY,331,258,29193,923,Uruguay,Decile 3,Rural,2023
7.699999809265137,26,,URY,331,258,29193,924,Uruguay,Decile 4,Rural,2023
7.900000095367432,26,,URY,331,258,29193,925,Uruguay,Decile 5,Rural,2023
9.899999618530273,26,,URY,331,258,29193,926,Uruguay,Decile 6,Rural,2023
9.699999809265137,26,,URY,331,258,29193,927,Uruguay,Decile 7,Rural,2023
12.100000381469727,26,,URY,331,258,29193,928,Uruguay,Decile 8,Rural,2023
13.5,26,,URY,331,258,29193,929,Uruguay,Decile 9,Rural,2023
4,26,,URY,330,258,29193,921,Uruguay,Decile 1,Urban,2023
24.799999237060547,26,,URY,330,258,29193,930,Uruguay,Decile 10,Urban,2023
5.400000095367432,26,,URY,330,258,29193,922,Uruguay,Decile 2,Urban,2023
6.300000190734863,26,,URY,330,258,29193,923,Uruguay,Decile 3,Urban,2023
7.099999904632568,26,,URY,330,258,29193,924,Uruguay,Decile 4,Urban,2023
7.599999904632568,26,,URY,330,258,29193,925,Uruguay,Decile 5,Urban,2023
8.699999809265137,26,,URY,330,258,29193,926,Uruguay,Decile 6,Urban,2023
9.899999618530273,26,,URY,330,258,29193,927,Uruguay,Decile 7,Urban,2023
11.600000381469727,26,,URY,330,258,29193,928,Uruguay,Decile 8,Urban,2023
14.600000381469727,26,,URY,330,258,29193,929,Uruguay,Decile 9,Urban,2023
4,26,,URY,327,258,29194,921,Uruguay,Decile 1,National,2024
24.200000762939453,26,,URY,327,258,29194,930,Uruguay,Decile 10,National,2024
5.400000095367432,26,,URY,327,258,29194,922,Uruguay,Decile 2,National,2024
6.5,26,,URY,327,258,29194,923,Uruguay,Decile 3,National,2024
7.300000190734863,26,,URY,327,258,29194,924,Uruguay,Decile 4,National,2024
7.5,26,,URY,327,258,29194,925,Uruguay,Decile 5,National,2024
8.800000190734863,26,,URY,327,258,29194,926,Uruguay,Decile 6,National,2024
10.100000381469727,26,,URY,327,258,29194,927,Uruguay,Decile 7,National,2024
11.899999618530273,26,,URY,327,258,29194,928,Uruguay,Decile 8,National,2024
14.399999618530273,26,,URY,327,258,29194,929,Uruguay,Decile 9,National,2024
4.199999809265137,26,,URY,331,258,29194,921,Uruguay,Decile 1,Rural,2024
19.600000381469727,26,,URY,331,258,29194,930,Uruguay,Decile 10,Rural,2024
6.099999904632568,26,,URY,331,258,29194,922,Uruguay,Decile 2,Rural,2024
7.400000095367432,26,,URY,331,258,29194,923,Uruguay,Decile 3,Rural,2024
7.800000190734863,26,,URY,331,258,29194,924,Uruguay,Decile 4,Rural,2024
8.100000381469727,26,,URY,331,258,29194,925,Uruguay,Decile 5,Rural,2024
9.199999809265137,26,,URY,331,258,29194,926,Uruguay,Decile 6,Rural,2024
10.899999618530273,26,,URY,331,258,29194,927,Uruguay,Decile 7,Rural,2024
11.699999809265137,26,,URY,331,258,29194,928,Uruguay,Decile 8,Rural,2024
15,26,,URY,331,258,29194,929,Uruguay,Decile 9,Rural,2024
4,26,,URY,330,258,29194,921,Uruguay,Decile 1,Urban,2024
24.200000762939453,26,,URY,330,258,29194,930,Uruguay,Decile 10,Urban,2024
5.400000095367432,26,,URY,330,258,29194,922,Uruguay,Decile 2,Urban,2024
6.400000095367432,26,,URY,330,258,29194,923,Uruguay,Decile 3,Urban,2024
7.199999809265137,26,,URY,330,258,29194,924,Uruguay,Decile 4,Urban,2024
7.599999904632568,26,,URY,330,258,29194,925,Uruguay,Decile 5,Urban,2024
8.600000381469727,26,,URY,330,258,29194,926,Uruguay,Decile 6,Urban,2024
10.300000190734863,26,,URY,330,258,29194,927,Uruguay,Decile 7,Urban,2024
11.600000381469727,26,,URY,330,258,29194,928,Uruguay,Decile 8,Urban,2024
14.699999809265137,26,,URY,330,258,29194,929,Uruguay,Decile 9,Urban,2024
2.5999999046325684,26,,VEN,327,259,29170,921,Venezuela (Bolivarian Republic of),Decile 1,National,2000
23.799999237060547,26,,VEN,327,259,29170,930,Venezuela (Bolivarian Republic of),Decile 10,National,2000
4.800000190734863,26,,VEN,327,259,29170,922,Venezuela (Bolivarian Republic of),Decile 2,National,2000
5.900000095367432,26,,VEN,327,259,29170,923,Venezuela (Bolivarian Republic of),Decile 3,National,2000
8,26,,VEN,327,259,29170,924,Venezuela (Bolivarian Republic of),Decile 4,National,2000
8,26,,VEN,327,259,29170,925,Venezuela (Bolivarian Republic of),Decile 5,National,2000
9.300000190734863,26,,VEN,327,259,29170,926,Venezuela (Bolivarian Republic of),Decile 6,National,2000
10.399999618530273,26,,VEN,327,259,29170,927,Venezuela (Bolivarian Republic of),Decile 7,National,2000
12.800000190734863,26,,VEN,327,259,29170,928,Venezuela (Bolivarian Republic of),Decile 8,National,2000
14.399999618530273,26,,VEN,327,259,29170,929,Venezuela (Bolivarian Republic of),Decile 9,National,2000
2.5,26,,VEN,327,259,29171,921,Venezuela (Bolivarian Republic of),Decile 1,National,2001
26,26,,VEN,327,259,29171,930,Venezuela (Bolivarian Republic of),Decile 10,National,2001
4.800000190734863,26,,VEN,327,259,29171,922,Venezuela (Bolivarian Republic of),Decile 2,National,2001
5.900000095367432,26,,VEN,327,259,29171,923,Venezuela (Bolivarian Republic of),Decile 3,National,2001
6.800000190734863,26,,VEN,327,259,29171,924,Venezuela (Bolivarian Republic of),Decile 4,National,2001
7.599999904632568,26,,VEN,327,259,29171,925,Venezuela (Bolivarian Republic of),Decile 5,National,2001
8.899999618530273,26,,VEN,327,259,29171,926,Venezuela (Bolivarian Republic of),Decile 6,National,2001
10,26,,VEN,327,259,29171,927,Venezuela (Bolivarian Republic of),Decile 7,National,2001
12.300000190734863,26,,VEN,327,259,29171,928,Venezuela (Bolivarian Republic of),Decile 8,National,2001
15.100000381469727,26,,VEN,327,259,29171,929,Venezuela (Bolivarian Republic of),Decile 9,National,2001
2.0999999046325684,26,,VEN,327,259,29172,921,Venezuela (Bolivarian Republic of),Decile 1,National,2002
26.100000381469727,26,,VEN,327,259,29172,930,Venezuela (Bolivarian Republic of),Decile 10,National,2002
5,26,,VEN,327,259,29172,922,Venezuela (Bolivarian Republic of),Decile 2,National,2002
6.199999809265137,26,,VEN,327,259,29172,923,Venezuela (Bolivarian Republic of),Decile 3,National,2002
6.5,26,,VEN,327,259,29172,924,Venezuela (Bolivarian Republic of),Decile 4,National,2002
7.699999809265137,26,,VEN,327,259,29172,925,Venezuela (Bolivarian Republic of),Decile 5,National,2002
9.300000190734863,26,,VEN,327,259,29172,926,Venezuela (Bolivarian Republic of),Decile 6,National,2002
10.199999809265137,26,,VEN,327,259,29172,927,Venezuela (Bolivarian Republic of),Decile 7,National,2002
11.899999618530273,26,,VEN,327,259,29172,928,Venezuela (Bolivarian Republic of),Decile 8,National,2002
14.899999618530273,26,,VEN,327,259,29172,929,Venezuela (Bolivarian Republic of),Decile 9,National,2002
2,26,,VEN,327,259,29173,921,Venezuela (Bolivarian Republic of),Decile 1,National,2003
24,26,,VEN,327,259,29173,930,Venezuela (Bolivarian Republic of),Decile 10,National,2003
5.099999904632568,26,,VEN,327,259,29173,922,Venezuela (Bolivarian Republic of),Decile 2,National,2003
6.300000190734863,26,,VEN,327,259,29173,923,Venezuela (Bolivarian Republic of),Decile 3,National,2003
7.400000095367432,26,,VEN,327,259,29173,924,Venezuela (Bolivarian Republic of),Decile 4,National,2003
8.199999809265137,26,,VEN,327,259,29173,925,Venezuela (Bolivarian Republic of),Decile 5,National,2003
9.199999809265137,26,,VEN,327,259,29173,926,Venezuela (Bolivarian Republic of),Decile 6,National,2003
10.899999618530273,26,,VEN,327,259,29173,927,Venezuela (Bolivarian Republic of),Decile 7,National,2003
12.300000190734863,26,,VEN,327,259,29173,928,Venezuela (Bolivarian Republic of),Decile 8,National,2003
14.5,26,,VEN,327,259,29173,929,Venezuela (Bolivarian Republic of),Decile 9,National,2003
2.200000047683716,26,,VEN,327,259,29174,921,Venezuela (Bolivarian Republic of),Decile 1,National,2004
24.299999237060547,26,,VEN,327,259,29174,930,Venezuela (Bolivarian Republic of),Decile 10,National,2004
5.099999904632568,26,,VEN,327,259,29174,922,Venezuela (Bolivarian Republic of),Decile 2,National,2004
5.800000190734863,26,,VEN,327,259,29174,923,Venezuela (Bolivarian Republic of),Decile 3,National,2004
7.199999809265137,26,,VEN,327,259,29174,924,Venezuela (Bolivarian Republic of),Decile 4,National,2004
8.5,26,,VEN,327,259,29174,925,Venezuela (Bolivarian Republic of),Decile 5,National,2004
9.399999618530273,26,,VEN,327,259,29174,926,Venezuela (Bolivarian Republic of),Decile 6,National,2004
10.699999809265137,26,,VEN,327,259,29174,927,Venezuela (Bolivarian Republic of),Decile 7,National,2004
12.300000190734863,26,,VEN,327,259,29174,928,Venezuela (Bolivarian Republic of),Decile 8,National,2004
14.399999618530273,26,,VEN,327,259,29174,929,Venezuela (Bolivarian Republic of),Decile 9,National,2004
1.600000023841858,26,,VEN,327,259,29175,921,Venezuela (Bolivarian Republic of),Decile 1,National,2005
27.200000762939453,26,,VEN,327,259,29175,930,Venezuela (Bolivarian Republic of),Decile 10,National,2005
4.5,26,,VEN,327,259,29175,922,Venezuela (Bolivarian Republic of),Decile 2,National,2005
5.699999809265137,26,,VEN,327,259,29175,923,Venezuela (Bolivarian Republic of),Decile 3,National,2005
7,26,,VEN,327,259,29175,924,Venezuela (Bolivarian Republic of),Decile 4,National,2005
8.100000381469727,26,,VEN,327,259,29175,925,Venezuela (Bolivarian Republic of),Decile 5,National,2005
9,26,,VEN,327,259,29175,926,Venezuela (Bolivarian Republic of),Decile 6,National,2005
10.800000190734863,26,,VEN,327,259,29175,927,Venezuela (Bolivarian Republic of),Decile 7,National,2005
12.100000381469727,26,,VEN,327,259,29175,928,Venezuela (Bolivarian Republic of),Decile 8,National,2005
14,26,,VEN,327,259,29175,929,Venezuela (Bolivarian Republic of),Decile 9,National,2005
2.5999999046325684,26,,VEN,327,259,29176,921,Venezuela (Bolivarian Republic of),Decile 1,National,2006
24.700000762939453,26,,VEN,327,259,29176,930,Venezuela (Bolivarian Republic of),Decile 10,National,2006
4.900000095367432,26,,VEN,327,259,29176,922,Venezuela (Bolivarian Republic of),Decile 2,National,2006
5.900000095367432,26,,VEN,327,259,29176,923,Venezuela (Bolivarian Republic of),Decile 3,National,2006
7.099999904632568,26,,VEN,327,259,29176,924,Venezuela (Bolivarian Republic of),Decile 4,National,2006
8.300000190734863,26,,VEN,327,259,29176,925,Venezuela (Bolivarian Republic of),Decile 5,National,2006
9.199999809265137,26,,VEN,327,259,29176,926,Venezuela (Bolivarian Republic of),Decile 6,National,2006
10.5,26,,VEN,327,259,29176,927,Venezuela (Bolivarian Republic of),Decile 7,National,2006
12.199999809265137,26,,VEN,327,259,29176,928,Venezuela (Bolivarian Republic of),Decile 8,National,2006
14.600000381469727,26,,VEN,327,259,29176,929,Venezuela (Bolivarian Republic of),Decile 9,National,2006
2.9000000953674316,26,,VEN,327,259,29177,921,Venezuela (Bolivarian Republic of),Decile 1,National,2007
23.399999618530273,26,,VEN,327,259,29177,930,Venezuela (Bolivarian Republic of),Decile 10,National,2007
4.900000095367432,26,,VEN,327,259,29177,922,Venezuela (Bolivarian Republic of),Decile 2,National,2007
6.099999904632568,26,,VEN,327,259,29177,923,Venezuela (Bolivarian Republic of),Decile 3,National,2007
7.5,26,,VEN,327,259,29177,924,Venezuela (Bolivarian Republic of),Decile 4,National,2007
8.300000190734863,26,,VEN,327,259,29177,925,Venezuela (Bolivarian Republic of),Decile 5,National,2007
9.100000381469727,26,,VEN,327,259,29177,926,Venezuela (Bolivarian Republic of),Decile 6,National,2007
10.899999618530273,26,,VEN,327,259,29177,927,Venezuela (Bolivarian Republic of),Decile 7,National,2007
12.199999809265137,26,,VEN,327,259,29177,928,Venezuela (Bolivarian Republic of),Decile 8,National,2007
14.899999618530273,26,,VEN,327,259,29177,929,Venezuela (Bolivarian Republic of),Decile 9,National,2007
2.9000000953674316,26,,VEN,327,259,29178,921,Venezuela (Bolivarian Republic of),Decile 1,National,2008
22.399999618530273,26,,VEN,327,259,29178,930,Venezuela (Bolivarian Republic of),Decile 10,National,2008
5.300000190734863,26,,VEN,327,259,29178,922,Venezuela (Bolivarian Republic of),Decile 2,National,2008
6.199999809265137,26,,VEN,327,259,29178,923,Venezuela (Bolivarian Republic of),Decile 3,National,2008
6.599999904632568,26,,VEN,327,259,29178,924,Venezuela (Bolivarian Republic of),Decile 4,National,2008
9.600000381469727,26,,VEN,327,259,29178,925,Venezuela (Bolivarian Republic of),Decile 5,National,2008
9.600000381469727,26,,VEN,327,259,29178,926,Venezuela (Bolivarian Republic of),Decile 6,National,2008
10.800000190734863,26,,VEN,327,259,29178,927,Venezuela (Bolivarian Republic of),Decile 7,National,2008
11.800000190734863,26,,VEN,327,259,29178,928,Venezuela (Bolivarian Republic of),Decile 8,National,2008
14.800000190734863,26,,VEN,327,259,29178,929,Venezuela (Bolivarian Republic of),Decile 9,National,2008
2.799999952316284,26,,VEN,327,259,29179,921,Venezuela (Bolivarian Republic of),Decile 1,National,2009
22.600000381469727,26,,VEN,327,259,29179,930,Venezuela (Bolivarian Republic of),Decile 10,National,2009
5.199999809265137,26,,VEN,327,259,29179,922,Venezuela (Bolivarian Republic of),Decile 2,National,2009
6.300000190734863,26,,VEN,327,259,29179,923,Venezuela (Bolivarian Republic of),Decile 3,National,2009
7.199999809265137,26,,VEN,327,259,29179,924,Venezuela (Bolivarian Republic of),Decile 4,National,2009
8.699999809265137,26,,VEN,327,259,29179,925,Venezuela (Bolivarian Republic of),Decile 5,National,2009
9.300000190734863,26,,VEN,327,259,29179,926,Venezuela (Bolivarian Republic of),Decile 6,National,2009
11.199999809265137,26,,VEN,327,259,29179,927,Venezuela (Bolivarian Republic of),Decile 7,National,2009
12.199999809265137,26,,VEN,327,259,29179,928,Venezuela (Bolivarian Republic of),Decile 8,National,2009
14.5,26,,VEN,327,259,29179,929,Venezuela (Bolivarian Republic of),Decile 9,National,2009
3.0999999046325684,26,,VEN,327,259,29180,921,Venezuela (Bolivarian Republic of),Decile 1,National,2010
19.899999618530273,26,,VEN,327,259,29180,930,Venezuela (Bolivarian Republic of),Decile 10,National,2010
5.199999809265137,26,,VEN,327,259,29180,922,Venezuela (Bolivarian Republic of),Decile 2,National,2010
6.699999809265137,26,,VEN,327,259,29180,923,Venezuela (Bolivarian Republic of),Decile 3,National,2010
7.800000190734863,26,,VEN,327,259,29180,924,Venezuela (Bolivarian Republic of),Decile 4,National,2010
8.600000381469727,26,,VEN,327,259,29180,925,Venezuela (Bolivarian Republic of),Decile 5,National,2010
10.5,26,,VEN,327,259,29180,926,Venezuela (Bolivarian Republic of),Decile 6,National,2010
11.100000381469727,26,,VEN,327,259,29180,927,Venezuela (Bolivarian Republic of),Decile 7,National,2010
12.800000190734863,26,,VEN,327,259,29180,928,Venezuela (Bolivarian Republic of),Decile 8,National,2010
14.199999809265137,26,,VEN,327,259,29180,929,Venezuela (Bolivarian Republic of),Decile 9,National,2010
3,26,,VEN,327,259,29181,921,Venezuela (Bolivarian Republic of),Decile 1,National,2011
20.5,26,,VEN,327,259,29181,930,Venezuela (Bolivarian Republic of),Decile 10,National,2011
5.099999904632568,26,,VEN,327,259,29181,922,Venezuela (Bolivarian Republic of),Decile 2,National,2011
6.900000095367432,26,,VEN,327,259,29181,923,Venezuela (Bolivarian Republic of),Decile 3,National,2011
7.300000190734863,26,,VEN,327,259,29181,924,Venezuela (Bolivarian Republic of),Decile 4,National,2011
8.300000190734863,26,,VEN,327,259,29181,925,Venezuela (Bolivarian Republic of),Decile 5,National,2011
10.5,26,,VEN,327,259,29181,926,Venezuela (Bolivarian Republic of),Decile 6,National,2011
11.5,26,,VEN,327,259,29181,927,Venezuela (Bolivarian Republic of),Decile 7,National,2011
12.199999809265137,26,,VEN,327,259,29181,928,Venezuela (Bolivarian Republic of),Decile 8,National,2011
14.800000190734863,26,,VEN,327,259,29181,929,Venezuela (Bolivarian Republic of),Decile 9,National,2011
2.799999952316284,26,,VEN,327,259,29182,921,Venezuela (Bolivarian Republic of),Decile 1,National,2012
22.100000381469727,26,,VEN,327,259,29182,930,Venezuela (Bolivarian Republic of),Decile 10,National,2012
4.900000095367432,26,,VEN,327,259,29182,922,Venezuela (Bolivarian Republic of),Decile 2,National,2012
6.5,26,,VEN,327,259,29182,923,Venezuela (Bolivarian Republic of),Decile 3,National,2012
7.400000095367432,26,,VEN,327,259,29182,924,Venezuela (Bolivarian Republic of),Decile 4,National,2012
8.600000381469727,26,,VEN,327,259,29182,925,Venezuela (Bolivarian Republic of),Decile 5,National,2012
10,26,,VEN,327,259,29182,926,Venezuela (Bolivarian Republic of),Decile 6,National,2012
11.399999618530273,26,,VEN,327,259,29182,927,Venezuela (Bolivarian Republic of),Decile 7,National,2012
12,26,,VEN,327,259,29182,928,Venezuela (Bolivarian Republic of),Decile 8,National,2012
14.300000190734863,26,,VEN,327,259,29182,929,Venezuela (Bolivarian Republic of),Decile 9,National,2012
2.5,26,,VEN,327,259,29183,921,Venezuela (Bolivarian Republic of),Decile 1,National,2013
22.299999237060547,26,,VEN,327,259,29183,930,Venezuela (Bolivarian Republic of),Decile 10,National,2013
5,26,,VEN,327,259,29183,922,Venezuela (Bolivarian Republic of),Decile 2,National,2013
6.199999809265137,26,,VEN,327,259,29183,923,Venezuela (Bolivarian Republic of),Decile 3,National,2013
8,26,,VEN,327,259,29183,924,Venezuela (Bolivarian Republic of),Decile 4,National,2013
8.399999618530273,26,,VEN,327,259,29183,925,Venezuela (Bolivarian Republic of),Decile 5,National,2013
9.899999618530273,26,,VEN,327,259,29183,926,Venezuela (Bolivarian Republic of),Decile 6,National,2013
11.5,26,,VEN,327,259,29183,927,Venezuela (Bolivarian Republic of),Decile 7,National,2013
11.699999809265137,26,,VEN,327,259,29183,928,Venezuela (Bolivarian Republic of),Decile 8,National,2013
14.600000381469727,26,,VEN,327,259,29183,929,Venezuela (Bolivarian Republic of),Decile 9,National,2013
2.9000000953674316,26,,VEN,327,259,29184,921,Venezuela (Bolivarian Republic of),Decile 1,National,2014
21.899999618530273,26,,VEN,327,259,29184,930,Venezuela (Bolivarian Republic of),Decile 10,National,2014
4.900000095367432,26,,VEN,327,259,29184,922,Venezuela (Bolivarian Republic of),Decile 2,National,2014
6.5,26,,VEN,327,259,29184,923,Venezuela (Bolivarian Republic of),Decile 3,National,2014
7.800000190734863,26,,VEN,327,259,29184,924,Venezuela (Bolivarian Republic of),Decile 4,National,2014
8.600000381469727,26,,VEN,327,259,29184,925,Venezuela (Bolivarian Republic of),Decile 5,National,2014
10.300000190734863,26,,VEN,327,259,29184,926,Venezuela (Bolivarian Republic of),Decile 6,National,2014
10.5,26,,VEN,327,259,29184,927,Venezuela (Bolivarian Republic of),Decile 7,National,2014
12.5,26,,VEN,327,259,29184,928,Venezuela (Bolivarian Republic of),Decile 8,National,2014
14.199999809265137,26,,VEN,327,259,29184,929,Venezuela (Bolivarian Republic of),Decile 9,National,2014
