value,source_id,notes_ids,iso3,dim_208,dim_261928,dim_378,dim_29117,dim_326,Geographical area,Food groups,Country__ESTANDAR,Quintile,Years__ESTANDAR
2.556771993637085,26,,ARG,216,261932,380,29187,327,National,Oils and fats,Argentina,Quintile 1,2017
2.2505006790161133,26,,ARG,216,261932,382,29187,327,National,Oils and fats,Argentina,Quintile 2,2017
2.245215654373169,26,,ARG,216,261932,383,29187,327,National,Oils and fats,Argentina,Quintile 3,2017
2.2754361629486084,26,,ARG,216,261932,384,29187,327,National,Oils and fats,Argentina,Quintile 4,2017
2.1619813442230225,26,,ARG,216,261932,381,29187,327,National,Oils and fats,Argentina,Quintile 5,2017
2.2638418674468994,26,,ARG,216,261932,379,29187,327,National,Oils and fats,Argentina,Total quintile,2017
2.400261402130127,26,,ARG,216,261936,380,29187,327,National,Ready-made food and other food products n.e.c.,Argentina,Quintile 1,2017
2.2673330307006836,26,,ARG,216,261936,382,29187,327,National,Ready-made food and other food products n.e.c.,Argentina,Quintile 2,2017
2.6531903743743896,26,,ARG,216,261936,383,29187,327,National,Ready-made food and other food products n.e.c.,Argentina,Quintile 3,2017
2.6704277992248535,26,,ARG,216,261936,384,29187,327,National,Ready-made food and other food products n.e.c.,Argentina,Quintile 4,2017
3.1550068855285645,26,,ARG,216,261936,381,29187,327,National,Ready-made food and other food products n.e.c.,Argentina,Quintile 5,2017
2.7270827293395996,26,,ARG,216,261936,379,29187,327,National,Ready-made food and other food products n.e.c.,Argentina,Total quintile,2017
35.87506866455078,26,,ARG,216,261929,380,29187,327,National,"Live animals, meat and other parts of slaughtered land animals",Argentina,Quintile 1,2017
36.14014434814453,26,,ARG,216,261929,382,29187,327,National,"Live animals, meat and other parts of slaughtered land animals",Argentina,Quintile 2,2017
35.54677963256836,26,,ARG,216,261929,383,29187,327,National,"Live animals, meat and other parts of slaughtered land animals",Argentina,Quintile 3,2017
33.59465789794922,26,,ARG,216,261929,384,29187,327,National,"Live animals, meat and other parts of slaughtered land animals",Argentina,Quintile 4,2017
30.0024471282959,26,,ARG,216,261929,381,29187,327,National,"Live animals, meat and other parts of slaughtered land animals",Argentina,Quintile 5,2017
33.480140686035156,26,,ARG,216,261929,379,29187,327,National,"Live animals, meat and other parts of slaughtered land animals",Argentina,Total quintile,2017
3.2987606525421143,26,,ARG,216,261935,380,29187,327,National,"Sugar, confectionery and desserts",Argentina,Quintile 1,2017
3.553677558898926,26,,ARG,216,261935,382,29187,327,National,"Sugar, confectionery and desserts",Argentina,Quintile 2,2017
3.825669288635254,26,,ARG,216,261935,383,29187,327,National,"Sugar, confectionery and desserts",Argentina,Quintile 3,2017
4.157768249511719,26,,ARG,216,261935,384,29187,327,National,"Sugar, confectionery and desserts",Argentina,Quintile 4,2017
5.309981346130371,26,,ARG,216,261935,381,29187,327,National,"Sugar, confectionery and desserts",Argentina,Quintile 5,2017
4.266108512878418,26,,ARG,216,261935,379,29187,327,National,"Sugar, confectionery and desserts",Argentina,Total quintile,2017
9.636861801147461,26,,ARG,216,261946,380,29187,327,National,Non - alcoholic beverages,Argentina,Quintile 1,2017
11.298070907592773,26,,ARG,216,261946,382,29187,327,National,Non - alcoholic beverages,Argentina,Quintile 2,2017
11.698986053466797,26,,ARG,216,261946,383,29187,327,National,Non - alcoholic beverages,Argentina,Quintile 3,2017
11.535199165344238,26,,ARG,216,261946,384,29187,327,National,Non - alcoholic beverages,Argentina,Quintile 4,2017
11.6123046875,26,,ARG,216,261946,381,29187,327,National,Non - alcoholic beverages,Argentina,Quintile 5,2017
11.32663631439209,26,,ARG,216,261946,379,29187,327,National,Non - alcoholic beverages,Argentina,Total quintile,2017
21.537900924682617,26,,ARG,216,261937,380,29187,327,National,Cereals and cereal products,Argentina,Quintile 1,2017
19.353776931762695,26,,ARG,216,261937,382,29187,327,National,Cereals and cereal products,Argentina,Quintile 2,2017
17.953174591064453,26,,ARG,216,261937,383,29187,327,National,Cereals and cereal products,Argentina,Quintile 3,2017
17.045230865478516,26,,ARG,216,261937,384,29187,327,National,Cereals and cereal products,Argentina,Quintile 4,2017
16.604785919189453,26,,ARG,216,261937,381,29187,327,National,Cereals and cereal products,Argentina,Quintile 5,2017
17.963088989257812,26,,ARG,216,261937,379,29187,327,National,Cereals and cereal products,Argentina,Total quintile,2017
2.6007978916168213,26,,ARG,216,261933,380,29187,327,National,Fruits and nuts,Argentina,Quintile 1,2017
3.1885335445404053,26,,ARG,216,261933,382,29187,327,National,Fruits and nuts,Argentina,Quintile 2,2017
3.8119242191314697,26,,ARG,216,261933,383,29187,327,National,Fruits and nuts,Argentina,Quintile 3,2017
4.4199395179748535,26,,ARG,216,261933,384,29187,327,National,Fruits and nuts,Argentina,Quintile 4,2017
5.648774147033691,26,,ARG,216,261933,381,29187,327,National,Fruits and nuts,Argentina,Quintile 5,2017
4.291043758392334,26,,ARG,216,261933,379,29187,327,National,Fruits and nuts,Argentina,Total quintile,2017
0.20551475882530212,26,,ARG,216,261957,380,29187,327,National,Non-disaggregable expenditures by food group,Argentina,Quintile 1,2017
0.10330600291490555,26,,ARG,216,261957,382,29187,327,National,Non-disaggregable expenditures by food group,Argentina,Quintile 2,2017
0.41159573197364807,26,,ARG,216,261957,383,29187,327,National,Non-disaggregable expenditures by food group,Argentina,Quintile 3,2017
0.9551964998245239,26,,ARG,216,261957,384,29187,327,National,Non-disaggregable expenditures by food group,Argentina,Quintile 4,2017
0.46204882860183716,26,,ARG,216,261957,381,29187,327,National,Non-disaggregable expenditures by food group,Argentina,Quintile 5,2017
0.4790288805961609,26,,ARG,216,261957,379,29187,327,National,Non-disaggregable expenditures by food group,Argentina,Total quintile,2017
10.008617401123047,26,,ARG,216,261934,380,29187,327,National,"Vegetables, tubers, plantains, cooking bananas and pulses",Argentina,Quintile 1,2017
9.550516128540039,26,,ARG,216,261934,382,29187,327,National,"Vegetables, tubers, plantains, cooking bananas and pulses",Argentina,Quintile 2,2017
9.273300170898438,26,,ARG,216,261934,383,29187,327,National,"Vegetables, tubers, plantains, cooking bananas and pulses",Argentina,Quintile 3,2017
9.270947456359863,26,,ARG,216,261934,384,29187,327,National,"Vegetables, tubers, plantains, cooking bananas and pulses",Argentina,Quintile 4,2017
8.932865142822266,26,,ARG,216,261934,381,29187,327,National,"Vegetables, tubers, plantains, cooking bananas and pulses",Argentina,Quintile 5,2017
9.29517650604248,26,,ARG,216,261934,379,29187,327,National,"Vegetables, tubers, plantains, cooking bananas and pulses",Argentina,Total quintile,2017
11.34912395477295,26,,ARG,216,261931,380,29187,327,National,"Milk, other dairy products and eggs",Argentina,Quintile 1,2017
11.489888191223145,26,,ARG,216,261931,382,29187,327,National,"Milk, other dairy products and eggs",Argentina,Quintile 2,2017
11.326054573059082,26,,ARG,216,261931,383,29187,327,National,"Milk, other dairy products and eggs",Argentina,Quintile 3,2017
12.690125465393066,26,,ARG,216,261931,384,29187,327,National,"Milk, other dairy products and eggs",Argentina,Quintile 4,2017
14.191031455993652,26,,ARG,216,261931,381,29187,327,National,"Milk, other dairy products and eggs",Argentina,Quintile 5,2017
12.56872844696045,26,,ARG,216,261931,379,29187,327,National,"Milk, other dairy products and eggs",Argentina,Total quintile,2017
0.530322790145874,26,,ARG,216,261930,380,29187,327,National,Fish and other seafood,Argentina,Quintile 1,2017
0.8042502999305725,26,,ARG,216,261930,382,29187,327,National,Fish and other seafood,Argentina,Quintile 2,2017
1.2541086673736572,26,,ARG,216,261930,383,29187,327,National,Fish and other seafood,Argentina,Quintile 3,2017
1.385070562362671,26,,ARG,216,261930,384,29187,327,National,Fish and other seafood,Argentina,Quintile 4,2017
1.9187732934951782,26,,ARG,216,261930,381,29187,327,National,Fish and other seafood,Argentina,Quintile 5,2017
1.3391233682632446,26,,ARG,216,261930,379,29187,327,National,Fish and other seafood,Argentina,Total quintile,2017
3.142101764678955,26,,BOL,221,261932,380,29185,327,National,Oils and fats,Bolivia (Plurinational State of),Quintile 1,2015
2.7556345462799072,26,,BOL,221,261932,382,29185,327,National,Oils and fats,Bolivia (Plurinational State of),Quintile 2,2015
2.5374112129211426,26,,BOL,221,261932,383,29185,327,National,Oils and fats,Bolivia (Plurinational State of),Quintile 3,2015
2.3489370346069336,26,,BOL,221,261932,384,29185,327,National,Oils and fats,Bolivia (Plurinational State of),Quintile 4,2015
2.1591804027557373,26,,BOL,221,261932,381,29185,327,National,Oils and fats,Bolivia (Plurinational State of),Quintile 5,2015
2.474205493927002,26,,BOL,221,261932,379,29185,327,National,Oils and fats,Bolivia (Plurinational State of),Total quintile,2015
2.553105115890503,26,,BOL,221,261932,380,29185,331,Rural,Oils and fats,Bolivia (Plurinational State of),Quintile 1,2015
4.0801496505737305,26,,BOL,221,261932,382,29185,331,Rural,Oils and fats,Bolivia (Plurinational State of),Quintile 2,2015
3.4418787956237793,26,,BOL,221,261932,383,29185,331,Rural,Oils and fats,Bolivia (Plurinational State of),Quintile 3,2015
3.0123162269592285,26,,BOL,221,261932,384,29185,331,Rural,Oils and fats,Bolivia (Plurinational State of),Quintile 4,2015
2.9275641441345215,26,,BOL,221,261932,381,29185,331,Rural,Oils and fats,Bolivia (Plurinational State of),Quintile 5,2015
3.173565626144409,26,,BOL,221,261932,379,29185,331,Rural,Oils and fats,Bolivia (Plurinational State of),Total quintile,2015
2.582404375076294,26,,BOL,221,261932,380,29185,330,Urban,Oils and fats,Bolivia (Plurinational State of),Quintile 1,2015
2.513547658920288,26,,BOL,221,261932,382,29185,330,Urban,Oils and fats,Bolivia (Plurinational State of),Quintile 2,2015
2.2990026473999023,26,,BOL,221,261932,383,29185,330,Urban,Oils and fats,Bolivia (Plurinational State of),Quintile 3,2015
2.16650128364563,26,,BOL,221,261932,384,29185,330,Urban,Oils and fats,Bolivia (Plurinational State of),Quintile 4,2015
2.0815718173980713,26,,BOL,221,261932,381,29185,330,Urban,Oils and fats,Bolivia (Plurinational State of),Quintile 5,2015
2.2819483280181885,26,,BOL,221,261932,379,29185,330,Urban,Oils and fats,Bolivia (Plurinational State of),Total quintile,2015
5.545473098754883,26,,BOL,221,261936,380,29185,327,National,Ready-made food and other food products n.e.c.,Bolivia (Plurinational State of),Quintile 1,2015
4.791422367095947,26,,BOL,221,261936,382,29185,327,National,Ready-made food and other food products n.e.c.,Bolivia (Plurinational State of),Quintile 2,2015
4.047952651977539,26,,BOL,221,261936,383,29185,327,National,Ready-made food and other food products n.e.c.,Bolivia (Plurinational State of),Quintile 3,2015
3.406738042831421,26,,BOL,221,261936,384,29185,327,National,Ready-made food and other food products n.e.c.,Bolivia (Plurinational State of),Quintile 4,2015
3.0365047454833984,26,,BOL,221,261936,381,29185,327,National,Ready-made food and other food products n.e.c.,Bolivia (Plurinational State of),Quintile 5,2015
3.8605663776397705,26,,BOL,221,261936,379,29185,327,National,Ready-made food and other food products n.e.c.,Bolivia (Plurinational State of),Total quintile,2015
7.842750072479248,26,,BOL,221,261936,380,29185,331,Rural,Ready-made food and other food products n.e.c.,Bolivia (Plurinational State of),Quintile 1,2015
6.369457721710205,26,,BOL,221,261936,382,29185,331,Rural,Ready-made food and other food products n.e.c.,Bolivia (Plurinational State of),Quintile 2,2015
7.622910022735596,26,,BOL,221,261936,383,29185,331,Rural,Ready-made food and other food products n.e.c.,Bolivia (Plurinational State of),Quintile 3,2015
8.210668563842773,26,,BOL,221,261936,384,29185,331,Rural,Ready-made food and other food products n.e.c.,Bolivia (Plurinational State of),Quintile 4,2015
5.857704162597656,26,,BOL,221,261936,381,29185,331,Rural,Ready-made food and other food products n.e.c.,Bolivia (Plurinational State of),Quintile 5,2015
7.030612945556641,26,,BOL,221,261936,379,29185,331,Rural,Ready-made food and other food products n.e.c.,Bolivia (Plurinational State of),Total quintile,2015
3.00642466545105,26,,BOL,221,261936,380,29185,330,Urban,Ready-made food and other food products n.e.c.,Bolivia (Plurinational State of),Quintile 1,2015
3.2405247688293457,26,,BOL,221,261936,382,29185,330,Urban,Ready-made food and other food products n.e.c.,Bolivia (Plurinational State of),Quintile 2,2015
3.069866180419922,26,,BOL,221,261936,383,29185,330,Urban,Ready-made food and other food products n.e.c.,Bolivia (Plurinational State of),Quintile 3,2015
3.048210382461548,26,,BOL,221,261936,384,29185,330,Urban,Ready-made food and other food products n.e.c.,Bolivia (Plurinational State of),Quintile 4,2015
2.733947992324829,26,,BOL,221,261936,381,29185,330,Urban,Ready-made food and other food products n.e.c.,Bolivia (Plurinational State of),Quintile 5,2015
2.989105701446533,26,,BOL,221,261936,379,29185,330,Urban,Ready-made food and other food products n.e.c.,Bolivia (Plurinational State of),Total quintile,2015
23.070499420166016,26,,BOL,221,261929,380,29185,327,National,"Live animals, meat and other parts of slaughtered land animals",Bolivia (Plurinational State of),Quintile 1,2015
28.067548751831055,26,,BOL,221,261929,382,29185,327,National,"Live animals, meat and other parts of slaughtered land animals",Bolivia (Plurinational State of),Quintile 2,2015
29.76645278930664,26,,BOL,221,261929,383,29185,327,National,"Live animals, meat and other parts of slaughtered land animals",Bolivia (Plurinational State of),Quintile 3,2015
30.605329513549805,26,,BOL,221,261929,384,29185,327,National,"Live animals, meat and other parts of slaughtered land animals",Bolivia (Plurinational State of),Quintile 4,2015
29.033905029296875,26,,BOL,221,261929,381,29185,327,National,"Live animals, meat and other parts of slaughtered land animals",Bolivia (Plurinational State of),Quintile 5,2015
28.79081916809082,26,,BOL,221,261929,379,29185,327,National,"Live animals, meat and other parts of slaughtered land animals",Bolivia (Plurinational State of),Total quintile,2015
16.610286712646484,26,,BOL,221,261929,380,29185,331,Rural,"Live animals, meat and other parts of slaughtered land animals",Bolivia (Plurinational State of),Quintile 1,2015
17.657005310058594,26,,BOL,221,261929,382,29185,331,Rural,"Live animals, meat and other parts of slaughtered land animals",Bolivia (Plurinational State of),Quintile 2,2015
20.262699127197266,26,,BOL,221,261929,383,29185,331,Rural,"Live animals, meat and other parts of slaughtered land animals",Bolivia (Plurinational State of),Quintile 3,2015
21.848194122314453,26,,BOL,221,261929,384,29185,331,Rural,"Live animals, meat and other parts of slaughtered land animals",Bolivia (Plurinational State of),Quintile 4,2015
26.078861236572266,26,,BOL,221,261929,381,29185,331,Rural,"Live animals, meat and other parts of slaughtered land animals",Bolivia (Plurinational State of),Quintile 5,2015
21.839332580566406,26,,BOL,221,261929,379,29185,331,Rural,"Live animals, meat and other parts of slaughtered land animals",Bolivia (Plurinational State of),Total quintile,2015
31.97866439819336,26,,BOL,221,261929,380,29185,330,Urban,"Live animals, meat and other parts of slaughtered land animals",Bolivia (Plurinational State of),Quintile 1,2015
31.561874389648438,26,,BOL,221,261929,382,29185,330,Urban,"Live animals, meat and other parts of slaughtered land animals",Bolivia (Plurinational State of),Quintile 2,2015
31.09360694885254,26,,BOL,221,261929,383,29185,330,Urban,"Live animals, meat and other parts of slaughtered land animals",Bolivia (Plurinational State of),Quintile 3,2015
31.172765731811523,26,,BOL,221,261929,384,29185,330,Urban,"Live animals, meat and other parts of slaughtered land animals",Bolivia (Plurinational State of),Quintile 4,2015
28.96660614013672,26,,BOL,221,261929,381,29185,330,Urban,"Live animals, meat and other parts of slaughtered land animals",Bolivia (Plurinational State of),Quintile 5,2015
30.701814651489258,26,,BOL,221,261929,379,29185,330,Urban,"Live animals, meat and other parts of slaughtered land animals",Bolivia (Plurinational State of),Total quintile,2015
4.3781867027282715,26,,BOL,221,261935,380,29185,327,National,"Sugar, confectionery and desserts",Bolivia (Plurinational State of),Quintile 1,2015
3.2746517658233643,26,,BOL,221,261935,382,29185,327,National,"Sugar, confectionery and desserts",Bolivia (Plurinational State of),Quintile 2,2015
3.213452100753784,26,,BOL,221,261935,383,29185,327,National,"Sugar, confectionery and desserts",Bolivia (Plurinational State of),Quintile 3,2015
3.2322661876678467,26,,BOL,221,261935,384,29185,327,National,"Sugar, confectionery and desserts",Bolivia (Plurinational State of),Quintile 4,2015
3.2941091060638428,26,,BOL,221,261935,381,29185,327,National,"Sugar, confectionery and desserts",Bolivia (Plurinational State of),Quintile 5,2015
3.369687557220459,26,,BOL,221,261935,379,29185,327,National,"Sugar, confectionery and desserts",Bolivia (Plurinational State of),Total quintile,2015
5.674716472625732,26,,BOL,221,261935,380,29185,331,Rural,"Sugar, confectionery and desserts",Bolivia (Plurinational State of),Quintile 1,2015
4.326329708099365,26,,BOL,221,261935,382,29185,331,Rural,"Sugar, confectionery and desserts",Bolivia (Plurinational State of),Quintile 2,2015
4.08107328414917,26,,BOL,221,261935,383,29185,331,Rural,"Sugar, confectionery and desserts",Bolivia (Plurinational State of),Quintile 3,2015
3.0691158771514893,26,,BOL,221,261935,384,29185,331,Rural,"Sugar, confectionery and desserts",Bolivia (Plurinational State of),Quintile 4,2015
3.2288501262664795,26,,BOL,221,261935,381,29185,331,Rural,"Sugar, confectionery and desserts",Bolivia (Plurinational State of),Quintile 5,2015
3.750396251678467,26,,BOL,221,261935,379,29185,331,Rural,"Sugar, confectionery and desserts",Bolivia (Plurinational State of),Total quintile,2015
3.2580015659332275,26,,BOL,221,261935,380,29185,330,Urban,"Sugar, confectionery and desserts",Bolivia (Plurinational State of),Quintile 1,2015
3.3188059329986572,26,,BOL,221,261935,382,29185,330,Urban,"Sugar, confectionery and desserts",Bolivia (Plurinational State of),Quintile 2,2015
3.383188247680664,26,,BOL,221,261935,383,29185,330,Urban,"Sugar, confectionery and desserts",Bolivia (Plurinational State of),Quintile 3,2015
2.8478424549102783,26,,BOL,221,261935,384,29185,330,Urban,"Sugar, confectionery and desserts",Bolivia (Plurinational State of),Quintile 4,2015
3.47668194770813,26,,BOL,221,261935,381,29185,330,Urban,"Sugar, confectionery and desserts",Bolivia (Plurinational State of),Quintile 5,2015
3.265028953552246,26,,BOL,221,261935,379,29185,330,Urban,"Sugar, confectionery and desserts",Bolivia (Plurinational State of),Total quintile,2015
6.0917463302612305,26,,BOL,221,261946,380,29185,327,National,Non - alcoholic beverages,Bolivia (Plurinational State of),Quintile 1,2015
8.373685836791992,26,,BOL,221,261946,382,29185,327,National,Non - alcoholic beverages,Bolivia (Plurinational State of),Quintile 2,2015
10.129653930664062,26,,BOL,221,261946,383,29185,327,National,Non - alcoholic beverages,Bolivia (Plurinational State of),Quintile 3,2015
11.433517456054688,26,,BOL,221,261946,384,29185,327,National,Non - alcoholic beverages,Bolivia (Plurinational State of),Quintile 4,2015
13.13216781616211,26,,BOL,221,261946,381,29185,327,National,Non - alcoholic beverages,Bolivia (Plurinational State of),Quintile 5,2015
10.659599304199219,26,,BOL,221,261946,379,29185,327,National,Non - alcoholic beverages,Bolivia (Plurinational State of),Total quintile,2015
4.115855693817139,26,,BOL,221,261946,380,29185,331,Rural,Non - alcoholic beverages,Bolivia (Plurinational State of),Quintile 1,2015
5.94984769821167,26,,BOL,221,261946,382,29185,331,Rural,Non - alcoholic beverages,Bolivia (Plurinational State of),Quintile 2,2015
5.897237777709961,26,,BOL,221,261946,383,29185,331,Rural,Non - alcoholic beverages,Bolivia (Plurinational State of),Quintile 3,2015
8.067414283752441,26,,BOL,221,261946,384,29185,331,Rural,Non - alcoholic beverages,Bolivia (Plurinational State of),Quintile 4,2015
10.716072082519531,26,,BOL,221,261946,381,29185,331,Rural,Non - alcoholic beverages,Bolivia (Plurinational State of),Quintile 5,2015
7.826208114624023,26,,BOL,221,261946,379,29185,331,Rural,Non - alcoholic beverages,Bolivia (Plurinational State of),Total quintile,2015
8.43465805053711,26,,BOL,221,261946,380,29185,330,Urban,Non - alcoholic beverages,Bolivia (Plurinational State of),Quintile 1,2015
10.146894454956055,26,,BOL,221,261946,382,29185,330,Urban,Non - alcoholic beverages,Bolivia (Plurinational State of),Quintile 2,2015
11.112470626831055,26,,BOL,221,261946,383,29185,330,Urban,Non - alcoholic beverages,Bolivia (Plurinational State of),Quintile 3,2015
11.866867065429688,26,,BOL,221,261946,384,29185,330,Urban,Non - alcoholic beverages,Bolivia (Plurinational State of),Quintile 4,2015
13.50863265991211,26,,BOL,221,261946,381,29185,330,Urban,Non - alcoholic beverages,Bolivia (Plurinational State of),Quintile 5,2015
11.438511848449707,26,,BOL,221,261946,379,29185,330,Urban,Non - alcoholic beverages,Bolivia (Plurinational State of),Total quintile,2015
23.325973510742188,26,,BOL,221,261937,380,29185,327,National,Cereals and cereal products,Bolivia (Plurinational State of),Quintile 1,2015
21.345815658569336,26,,BOL,221,261937,382,29185,327,National,Cereals and cereal products,Bolivia (Plurinational State of),Quintile 2,2015
19.314342498779297,26,,BOL,221,261937,383,29185,327,National,Cereals and cereal products,Bolivia (Plurinational State of),Quintile 3,2015
18.7548770904541,26,,BOL,221,261937,384,29185,327,National,Cereals and cereal products,Bolivia (Plurinational State of),Quintile 4,2015
17.46282386779785,26,,BOL,221,261937,381,29185,327,National,Cereals and cereal products,Bolivia (Plurinational State of),Quintile 5,2015
19.350440979003906,26,,BOL,221,261937,379,29185,327,National,Cereals and cereal products,Bolivia (Plurinational State of),Total quintile,2015
25.52171516418457,26,,BOL,221,261937,380,29185,331,Rural,Cereals and cereal products,Bolivia (Plurinational State of),Quintile 1,2015
22.37619400024414,26,,BOL,221,261937,382,29185,331,Rural,Cereals and cereal products,Bolivia (Plurinational State of),Quintile 2,2015
22.018033981323242,26,,BOL,221,261937,383,29185,331,Rural,Cereals and cereal products,Bolivia (Plurinational State of),Quintile 3,2015
19.583999633789062,26,,BOL,221,261937,384,29185,331,Rural,Cereals and cereal products,Bolivia (Plurinational State of),Quintile 4,2015
18.661794662475586,26,,BOL,221,261937,381,29185,331,Rural,Cereals and cereal products,Bolivia (Plurinational State of),Quintile 5,2015
20.7298526763916,26,,BOL,221,261937,379,29185,331,Rural,Cereals and cereal products,Bolivia (Plurinational State of),Total quintile,2015
22.444351196289062,26,,BOL,221,261937,380,29185,330,Urban,Cereals and cereal products,Bolivia (Plurinational State of),Quintile 1,2015
20.098007202148438,26,,BOL,221,261937,382,29185,330,Urban,Cereals and cereal products,Bolivia (Plurinational State of),Quintile 2,2015
19.097034454345703,26,,BOL,221,261937,383,29185,330,Urban,Cereals and cereal products,Bolivia (Plurinational State of),Quintile 3,2015
18.068038940429688,26,,BOL,221,261937,384,29185,330,Urban,Cereals and cereal products,Bolivia (Plurinational State of),Quintile 4,2015
17.275819778442383,26,,BOL,221,261937,381,29185,330,Urban,Cereals and cereal products,Bolivia (Plurinational State of),Quintile 5,2015
18.971235275268555,26,,BOL,221,261937,379,29185,330,Urban,Cereals and cereal products,Bolivia (Plurinational State of),Total quintile,2015
4.193106174468994,26,,BOL,221,261933,380,29185,327,National,Fruits and nuts,Bolivia (Plurinational State of),Quintile 1,2015
5.866030216217041,26,,BOL,221,261933,382,29185,327,National,Fruits and nuts,Bolivia (Plurinational State of),Quintile 2,2015
6.088537693023682,26,,BOL,221,261933,383,29185,327,National,Fruits and nuts,Bolivia (Plurinational State of),Quintile 3,2015
6.263377666473389,26,,BOL,221,261933,384,29185,327,National,Fruits and nuts,Bolivia (Plurinational State of),Quintile 4,2015
7.369652271270752,26,,BOL,221,261933,381,29185,327,National,Fruits and nuts,Bolivia (Plurinational State of),Quintile 5,2015
6.292896747589111,26,,BOL,221,261933,379,29185,327,National,Fruits and nuts,Bolivia (Plurinational State of),Total quintile,2015
2.9681594371795654,26,,BOL,221,261933,380,29185,331,Rural,Fruits and nuts,Bolivia (Plurinational State of),Quintile 1,2015
4.054622650146484,26,,BOL,221,261933,382,29185,331,Rural,Fruits and nuts,Bolivia (Plurinational State of),Quintile 2,2015
5.536708354949951,26,,BOL,221,261933,383,29185,331,Rural,Fruits and nuts,Bolivia (Plurinational State of),Quintile 3,2015
6.668689727783203,26,,BOL,221,261933,384,29185,331,Rural,Fruits and nuts,Bolivia (Plurinational State of),Quintile 4,2015
6.238367080688477,26,,BOL,221,261933,381,29185,331,Rural,Fruits and nuts,Bolivia (Plurinational State of),Quintile 5,2015
5.583359718322754,26,,BOL,221,261933,379,29185,331,Rural,Fruits and nuts,Bolivia (Plurinational State of),Total quintile,2015
5.331215858459473,26,,BOL,221,261933,380,29185,330,Urban,Fruits and nuts,Bolivia (Plurinational State of),Quintile 1,2015
5.836625576019287,26,,BOL,221,261933,382,29185,330,Urban,Fruits and nuts,Bolivia (Plurinational State of),Quintile 2,2015
6.180854320526123,26,,BOL,221,261933,383,29185,330,Urban,Fruits and nuts,Bolivia (Plurinational State of),Quintile 3,2015
4.535719871520996,26,,BRA,222,261935,379,29187,331,Rural,"Sugar, confectionery and desserts",Brazil,Total quintile,2017
3.68597149848938,26,,BRA,222,261935,380,29187,330,Urban,"Sugar, confectionery and desserts",Brazil,Quintile 1,2017
4.555619239807129,26,,BRA,222,261935,382,29187,330,Urban,"Sugar, confectionery and desserts",Brazil,Quintile 2,2017
4.244412899017334,26,,BRA,222,261935,383,29187,330,Urban,"Sugar, confectionery and desserts",Brazil,Quintile 3,2017
4.568586349487305,26,,BRA,222,261935,384,29187,330,Urban,"Sugar, confectionery and desserts",Brazil,Quintile 4,2017
5.105475425720215,26,,BRA,222,261935,381,29187,330,Urban,"Sugar, confectionery and desserts",Brazil,Quintile 5,2017
4.6074724197387695,26,,BRA,222,261935,379,29187,330,Urban,"Sugar, confectionery and desserts",Brazil,Total quintile,2017
7.343392372131348,26,,BRA,222,261946,380,29187,327,National,Non - alcoholic beverages,Brazil,Quintile 1,2017
7.635321617126465,26,,BRA,222,261946,382,29187,327,National,Non - alcoholic beverages,Brazil,Quintile 2,2017
7.802267074584961,26,,BRA,222,261946,383,29187,327,National,Non - alcoholic beverages,Brazil,Quintile 3,2017
8.447131156921387,26,,BRA,222,261946,384,29187,327,National,Non - alcoholic beverages,Brazil,Quintile 4,2017
8.764115333557129,26,,BRA,222,261946,381,29187,327,National,Non - alcoholic beverages,Brazil,Quintile 5,2017
8.211492538452148,26,,BRA,222,261946,379,29187,327,National,Non - alcoholic beverages,Brazil,Total quintile,2017
6.636584758758545,26,,BRA,222,261946,380,29187,331,Rural,Non - alcoholic beverages,Brazil,Quintile 1,2017
6.736251354217529,26,,BRA,222,261946,382,29187,331,Rural,Non - alcoholic beverages,Brazil,Quintile 2,2017
7.764772415161133,26,,BRA,222,261946,383,29187,331,Rural,Non - alcoholic beverages,Brazil,Quintile 3,2017
7.25521183013916,26,,BRA,222,261946,384,29187,331,Rural,Non - alcoholic beverages,Brazil,Quintile 4,2017
7.908267974853516,26,,BRA,222,261946,381,29187,331,Rural,Non - alcoholic beverages,Brazil,Quintile 5,2017
7.4130425453186035,26,,BRA,222,261946,379,29187,331,Rural,Non - alcoholic beverages,Brazil,Total quintile,2017
7.495091438293457,26,,BRA,222,261946,380,29187,330,Urban,Non - alcoholic beverages,Brazil,Quintile 1,2017
7.7274250984191895,26,,BRA,222,261946,382,29187,330,Urban,Non - alcoholic beverages,Brazil,Quintile 2,2017
8.008974075317383,26,,BRA,222,261946,383,29187,330,Urban,Non - alcoholic beverages,Brazil,Quintile 3,2017
8.504670143127441,26,,BRA,222,261946,384,29187,330,Urban,Non - alcoholic beverages,Brazil,Quintile 4,2017
8.852739334106445,26,,BRA,222,261946,381,29187,330,Urban,Non - alcoholic beverages,Brazil,Quintile 5,2017
8.324421882629395,26,,BRA,222,261946,379,29187,330,Urban,Non - alcoholic beverages,Brazil,Total quintile,2017
20.634841918945312,26,,BRA,222,261937,380,29187,327,National,Cereals and cereal products,Brazil,Quintile 1,2017
19.549657821655273,26,,BRA,222,261937,382,29187,327,National,Cereals and cereal products,Brazil,Quintile 2,2017
18.39003562927246,26,,BRA,222,261937,383,29187,327,National,Cereals and cereal products,Brazil,Quintile 3,2017
17.172330856323242,26,,BRA,222,261937,384,29187,327,National,Cereals and cereal products,Brazil,Quintile 4,2017
15.146858215332031,26,,BRA,222,261937,381,29187,327,National,Cereals and cereal products,Brazil,Quintile 5,2017
17.3807373046875,26,,BRA,222,261937,379,29187,327,National,Cereals and cereal products,Brazil,Total quintile,2017
21.765439987182617,26,,BRA,222,261937,380,29187,331,Rural,Cereals and cereal products,Brazil,Quintile 1,2017
18.827171325683594,26,,BRA,222,261937,382,29187,331,Rural,Cereals and cereal products,Brazil,Quintile 2,2017
17.843896865844727,26,,BRA,222,261937,383,29187,331,Rural,Cereals and cereal products,Brazil,Quintile 3,2017
18.05879783630371,26,,BRA,222,261937,384,29187,331,Rural,Cereals and cereal products,Brazil,Quintile 4,2017
15.434490203857422,26,,BRA,222,261937,381,29187,331,Rural,Cereals and cereal products,Brazil,Quintile 5,2017
17.698450088500977,26,,BRA,222,261937,379,29187,331,Rural,Cereals and cereal products,Brazil,Total quintile,2017
20.85511589050293,26,,BRA,222,261937,380,29187,330,Urban,Cereals and cereal products,Brazil,Quintile 1,2017
19.440929412841797,26,,BRA,222,261937,382,29187,330,Urban,Cereals and cereal products,Brazil,Quintile 2,2017
18.582775115966797,26,,BRA,222,261937,383,29187,330,Urban,Cereals and cereal products,Brazil,Quintile 3,2017
16.967273712158203,26,,BRA,222,261937,384,29187,330,Urban,Cereals and cereal products,Brazil,Quintile 4,2017
15.061663627624512,26,,BRA,222,261937,381,29187,330,Urban,Cereals and cereal products,Brazil,Quintile 5,2017
17.33580207824707,26,,BRA,222,261937,379,29187,330,Urban,Cereals and cereal products,Brazil,Total quintile,2017
3.728830099105835,26,,BRA,222,261933,380,29187,327,National,Fruits and nuts,Brazil,Quintile 1,2017
4.944195747375488,26,,BRA,222,261933,382,29187,327,National,Fruits and nuts,Brazil,Quintile 2,2017
5.330842971801758,26,,BRA,222,261933,383,29187,327,National,Fruits and nuts,Brazil,Quintile 3,2017
6.384764671325684,26,,BRA,222,261933,384,29187,327,National,Fruits and nuts,Brazil,Quintile 4,2017
8.30679702758789,26,,BRA,222,261933,381,29187,327,National,Fruits and nuts,Brazil,Quintile 5,2017
6.388283729553223,26,,BRA,222,261933,379,29187,327,National,Fruits and nuts,Brazil,Total quintile,2017
3.013524055480957,26,,BRA,222,261933,380,29187,331,Rural,Fruits and nuts,Brazil,Quintile 1,2017
3.4157567024230957,26,,BRA,222,261933,382,29187,331,Rural,Fruits and nuts,Brazil,Quintile 2,2017
4.225972652435303,26,,BRA,222,261933,383,29187,331,Rural,Fruits and nuts,Brazil,Quintile 3,2017
5.1216139793396,26,,BRA,222,261933,384,29187,331,Rural,Fruits and nuts,Brazil,Quintile 4,2017
6.471031665802002,26,,BRA,222,261933,381,29187,331,Rural,Fruits and nuts,Brazil,Quintile 5,2017
4.909549236297607,26,,BRA,222,261933,379,29187,331,Rural,Fruits and nuts,Brazil,Total quintile,2017
4.1377410888671875,26,,BRA,222,261933,380,29187,330,Urban,Fruits and nuts,Brazil,Quintile 1,2017
5.067499160766602,26,,BRA,222,261933,382,29187,330,Urban,Fruits and nuts,Brazil,Quintile 2,2017
5.476973533630371,26,,BRA,222,261933,383,29187,330,Urban,Fruits and nuts,Brazil,Quintile 3,2017
6.597235202789307,26,,BRA,222,261933,384,29187,330,Urban,Fruits and nuts,Brazil,Quintile 4,2017
8.493422508239746,26,,BRA,222,261933,381,29187,330,Urban,Fruits and nuts,Brazil,Quintile 5,2017
6.5974297523498535,26,,BRA,222,261933,379,29187,330,Urban,Fruits and nuts,Brazil,Total quintile,2017
3.3294379711151123,26,,BRA,222,261957,380,29187,327,National,Non-disaggregable expenditures by food group,Brazil,Quintile 1,2017
4.235445022583008,26,,BRA,222,261957,382,29187,327,National,Non-disaggregable expenditures by food group,Brazil,Quintile 2,2017
3.9923489093780518,26,,BRA,222,261957,383,29187,327,National,Non-disaggregable expenditures by food group,Brazil,Quintile 3,2017
3.2351388931274414,26,,BRA,222,261957,384,29187,327,National,Non-disaggregable expenditures by food group,Brazil,Quintile 4,2017
3.170017719268799,26,,BRA,222,261957,381,29187,327,National,Non-disaggregable expenditures by food group,Brazil,Quintile 5,2017
3.497732162475586,26,,BRA,222,261957,379,29187,327,National,Non-disaggregable expenditures by food group,Brazil,Total quintile,2017
6.673581600189209,26,,BOL,221,261933,384,29185,330,Urban,Fruits and nuts,Bolivia (Plurinational State of),Quintile 4,2015
7.482789993286133,26,,BOL,221,261933,381,29185,330,Urban,Fruits and nuts,Bolivia (Plurinational State of),Quintile 5,2015
6.487951278686523,26,,BOL,221,261933,379,29185,330,Urban,Fruits and nuts,Bolivia (Plurinational State of),Total quintile,2015
21.321022033691406,26,,BOL,221,261934,380,29185,327,National,"Vegetables, tubers, plantains, cooking bananas and pulses",Bolivia (Plurinational State of),Quintile 1,2015
15.808422088623047,26,,BOL,221,261934,382,29185,327,National,"Vegetables, tubers, plantains, cooking bananas and pulses",Bolivia (Plurinational State of),Quintile 2,2015
14.04702091217041,26,,BOL,221,261934,383,29185,327,National,"Vegetables, tubers, plantains, cooking bananas and pulses",Bolivia (Plurinational State of),Quintile 3,2015
13.007640838623047,26,,BOL,221,261934,384,29185,327,National,"Vegetables, tubers, plantains, cooking bananas and pulses",Bolivia (Plurinational State of),Quintile 4,2015
11.674786567687988,26,,BOL,221,261934,381,29185,327,National,"Vegetables, tubers, plantains, cooking bananas and pulses",Bolivia (Plurinational State of),Quintile 5,2015
14.098002433776855,26,,BOL,221,261934,379,29185,327,National,"Vegetables, tubers, plantains, cooking bananas and pulses",Bolivia (Plurinational State of),Total quintile,2015
29.463136672973633,26,,BOL,221,261934,380,29185,331,Rural,"Vegetables, tubers, plantains, cooking bananas and pulses",Bolivia (Plurinational State of),Quintile 1,2015
26.855144500732422,26,,BOL,221,261934,382,29185,331,Rural,"Vegetables, tubers, plantains, cooking bananas and pulses",Bolivia (Plurinational State of),Quintile 2,2015
20.108165740966797,26,,BOL,221,261934,383,29185,331,Rural,"Vegetables, tubers, plantains, cooking bananas and pulses",Bolivia (Plurinational State of),Quintile 3,2015
20.24113655090332,26,,BOL,221,261934,384,29185,331,Rural,"Vegetables, tubers, plantains, cooking bananas and pulses",Bolivia (Plurinational State of),Quintile 4,2015
17.341632843017578,26,,BOL,221,261934,381,29185,331,Rural,"Vegetables, tubers, plantains, cooking bananas and pulses",Bolivia (Plurinational State of),Quintile 5,2015
21.051593780517578,26,,BOL,221,261934,379,29185,331,Rural,"Vegetables, tubers, plantains, cooking bananas and pulses",Bolivia (Plurinational State of),Total quintile,2015
13.165661811828613,26,,BOL,221,261934,380,29185,330,Urban,"Vegetables, tubers, plantains, cooking bananas and pulses",Bolivia (Plurinational State of),Quintile 1,2015
12.858085632324219,26,,BOL,221,261934,382,29185,330,Urban,"Vegetables, tubers, plantains, cooking bananas and pulses",Bolivia (Plurinational State of),Quintile 2,2015
12.41726016998291,26,,BOL,221,261934,383,29185,330,Urban,"Vegetables, tubers, plantains, cooking bananas and pulses",Bolivia (Plurinational State of),Quintile 3,2015
12.186149597167969,26,,BOL,221,261934,384,29185,330,Urban,"Vegetables, tubers, plantains, cooking bananas and pulses",Bolivia (Plurinational State of),Quintile 4,2015
11.173630714416504,26,,BOL,221,261934,381,29185,330,Urban,"Vegetables, tubers, plantains, cooking bananas and pulses",Bolivia (Plurinational State of),Quintile 5,2015
12.18642807006836,26,,BOL,221,261934,379,29185,330,Urban,"Vegetables, tubers, plantains, cooking bananas and pulses",Bolivia (Plurinational State of),Total quintile,2015
7.300654411315918,26,,BOL,221,261931,380,29185,327,National,"Milk, other dairy products and eggs",Bolivia (Plurinational State of),Quintile 1,2015
8.271930694580078,26,,BOL,221,261931,382,29185,327,National,"Milk, other dairy products and eggs",Bolivia (Plurinational State of),Quintile 2,2015
9.50488567352295,26,,BOL,221,261931,383,29185,327,National,"Milk, other dairy products and eggs",Bolivia (Plurinational State of),Quintile 3,2015
9.749263763427734,26,,BOL,221,261931,384,29185,327,National,"Milk, other dairy products and eggs",Bolivia (Plurinational State of),Quintile 4,2015
11.441123008728027,26,,BOL,221,261931,381,29185,327,National,"Milk, other dairy products and eggs",Bolivia (Plurinational State of),Quintile 5,2015
9.7316312789917,26,,BOL,221,261931,379,29185,327,National,"Milk, other dairy products and eggs",Bolivia (Plurinational State of),Total quintile,2015
4.076946258544922,26,,BOL,221,261931,380,29185,331,Rural,"Milk, other dairy products and eggs",Bolivia (Plurinational State of),Quintile 1,2015
6.281529426574707,26,,BOL,221,261931,382,29185,331,Rural,"Milk, other dairy products and eggs",Bolivia (Plurinational State of),Quintile 2,2015
8.501654624938965,26,,BOL,221,261931,383,29185,331,Rural,"Milk, other dairy products and eggs",Bolivia (Plurinational State of),Quintile 3,2015
7.393143177032471,26,,BOL,221,261931,384,29185,331,Rural,"Milk, other dairy products and eggs",Bolivia (Plurinational State of),Quintile 4,2015
7.4648566246032715,26,,BOL,221,261931,381,29185,331,Rural,"Milk, other dairy products and eggs",Bolivia (Plurinational State of),Quintile 5,2015
7.171661853790283,26,,BOL,221,261931,379,29185,331,Rural,"Milk, other dairy products and eggs",Bolivia (Plurinational State of),Total quintile,2015
8.629598617553711,26,,BOL,221,261931,380,29185,330,Urban,"Milk, other dairy products and eggs",Bolivia (Plurinational State of),Quintile 1,2015
9.409082412719727,26,,BOL,221,261931,382,29185,330,Urban,"Milk, other dairy products and eggs",Bolivia (Plurinational State of),Quintile 2,2015
10.107385635375977,26,,BOL,221,261931,383,29185,330,Urban,"Milk, other dairy products and eggs",Bolivia (Plurinational State of),Quintile 3,2015
10.664358139038086,26,,BOL,221,261931,384,29185,330,Urban,"Milk, other dairy products and eggs",Bolivia (Plurinational State of),Quintile 4,2015
11.93734359741211,26,,BOL,221,261931,381,29185,330,Urban,"Milk, other dairy products and eggs",Bolivia (Plurinational State of),Quintile 5,2015
10.435379028320312,26,,BOL,221,261931,379,29185,330,Urban,"Milk, other dairy products and eggs",Bolivia (Plurinational State of),Total quintile,2015
1.63123619556427,26,,BOL,221,261930,380,29185,327,National,Fish and other seafood,Bolivia (Plurinational State of),Quintile 1,2015
1.4448578357696533,26,,BOL,221,261930,382,29185,327,National,Fish and other seafood,Bolivia (Plurinational State of),Quintile 2,2015
1.3502917289733887,26,,BOL,221,261930,383,29185,327,National,Fish and other seafood,Bolivia (Plurinational State of),Quintile 3,2015
1.1980526447296143,26,,BOL,221,261930,384,29185,327,National,Fish and other seafood,Bolivia (Plurinational State of),Quintile 4,2015
1.395749807357788,26,,BOL,221,261930,381,29185,327,National,Fish and other seafood,Bolivia (Plurinational State of),Quintile 5,2015
1.3721508979797363,26,,BOL,221,261930,379,29185,327,National,Fish and other seafood,Bolivia (Plurinational State of),Total quintile,2015
1.1733286380767822,26,,BOL,221,261930,380,29185,331,Rural,Fish and other seafood,Bolivia (Plurinational State of),Quintile 1,2015
2.0497171878814697,26,,BOL,221,261930,382,29185,331,Rural,Fish and other seafood,Bolivia (Plurinational State of),Quintile 2,2015
2.5296382904052734,26,,BOL,221,261930,383,29185,331,Rural,Fish and other seafood,Bolivia (Plurinational State of),Quintile 3,2015
1.9053215980529785,26,,BOL,221,261930,384,29185,331,Rural,Fish and other seafood,Bolivia (Plurinational State of),Quintile 4,2015
1.4842969179153442,26,,BOL,221,261930,381,29185,331,Rural,Fish and other seafood,Bolivia (Plurinational State of),Quintile 5,2015
1.8434163331985474,26,,BOL,221,261930,379,29185,331,Rural,Fish and other seafood,Bolivia (Plurinational State of),Total quintile,2015
1.1690200567245483,26,,BOL,221,261930,380,29185,330,Urban,Fish and other seafood,Bolivia (Plurinational State of),Quintile 1,2015
1.0165526866912842,26,,BOL,221,261930,382,29185,330,Urban,Fish and other seafood,Bolivia (Plurinational State of),Quintile 2,2015
1.23932945728302,26,,BOL,221,261930,383,29185,330,Urban,Fish and other seafood,Bolivia (Plurinational State of),Quintile 3,2015
1.3056845664978027,26,,BOL,221,261930,384,29185,330,Urban,Fish and other seafood,Bolivia (Plurinational State of),Quintile 4,2015
1.362973928451538,26,,BOL,221,261930,381,29185,330,Urban,Fish and other seafood,Bolivia (Plurinational State of),Quintile 5,2015
1.2425978183746338,26,,BOL,221,261930,379,29185,330,Urban,Fish and other seafood,Bolivia (Plurinational State of),Total quintile,2015
3.034982681274414,26,,BRA,222,261932,380,29187,327,National,Oils and fats,Brazil,Quintile 1,2017
2.8003787994384766,26,,BRA,222,261932,382,29187,327,National,Oils and fats,Brazil,Quintile 2,2017
2.852395534515381,26,,BRA,222,261932,383,29187,327,National,Oils and fats,Brazil,Quintile 3,2017
2.8819406032562256,26,,BRA,222,261932,384,29187,327,National,Oils and fats,Brazil,Quintile 4,2017
3.1279709339141846,26,,BRA,222,261932,381,29187,327,National,Oils and fats,Brazil,Quintile 5,2017
2.968641519546509,26,,BRA,222,261932,379,29187,327,National,Oils and fats,Brazil,Total quintile,2017
3.1991233825683594,26,,BRA,222,261932,380,29187,331,Rural,Oils and fats,Brazil,Quintile 1,2017
3.0299596786499023,26,,BRA,222,261932,382,29187,331,Rural,Oils and fats,Brazil,Quintile 2,2017
3.0405640602111816,26,,BRA,222,261932,383,29187,331,Rural,Oils and fats,Brazil,Quintile 3,2017
2.972066640853882,26,,BRA,222,261932,384,29187,331,Rural,Oils and fats,Brazil,Quintile 4,2017
2.643653631210327,26,,BRA,222,261932,381,29187,331,Rural,Oils and fats,Brazil,Quintile 5,2017
2.911658525466919,26,,BRA,222,261932,379,29187,331,Rural,Oils and fats,Brazil,Total quintile,2017
2.9876410961151123,26,,BRA,222,261932,380,29187,330,Urban,Oils and fats,Brazil,Quintile 1,2017
2.733876943588257,26,,BRA,222,261932,382,29187,330,Urban,Oils and fats,Brazil,Quintile 2,2017
2.8461785316467285,26,,BRA,222,261932,383,29187,330,Urban,Oils and fats,Brazil,Quintile 3,2017
2.914806604385376,26,,BRA,222,261932,384,29187,330,Urban,Oils and fats,Brazil,Quintile 4,2017
3.1732494831085205,26,,BRA,222,261932,381,29187,330,Urban,Oils and fats,Brazil,Quintile 5,2017
2.976700782775879,26,,BRA,222,261932,379,29187,330,Urban,Oils and fats,Brazil,Total quintile,2017
4.1594696044921875,26,,BRA,222,261936,380,29187,327,National,Ready-made food and other food products n.e.c.,Brazil,Quintile 1,2017
4.490975379943848,26,,BRA,222,261936,382,29187,327,National,Ready-made food and other food products n.e.c.,Brazil,Quintile 2,2017
5.1920342445373535,26,,BRA,222,261936,383,29187,327,National,Ready-made food and other food products n.e.c.,Brazil,Quintile 3,2017
6.316688060760498,26,,BRA,222,261936,384,29187,327,National,Ready-made food and other food products n.e.c.,Brazil,Quintile 4,2017
7.573596477508545,26,,BRA,222,261936,381,29187,327,National,Ready-made food and other food products n.e.c.,Brazil,Quintile 5,2017
6.0716142654418945,26,,BRA,222,261936,379,29187,327,National,Ready-made food and other food products n.e.c.,Brazil,Total quintile,2017
2.3508827686309814,26,,BRA,222,261936,380,29187,331,Rural,Ready-made food and other food products n.e.c.,Brazil,Quintile 1,2017
3.1584200859069824,26,,BRA,222,261936,382,29187,331,Rural,Ready-made food and other food products n.e.c.,Brazil,Quintile 2,2017
2.9735255241394043,26,,BRA,222,261936,383,29187,331,Rural,Ready-made food and other food products n.e.c.,Brazil,Quintile 3,2017
3.5790927410125732,26,,BRA,222,261936,384,29187,331,Rural,Ready-made food and other food products n.e.c.,Brazil,Quintile 4,2017
4.590540885925293,26,,BRA,222,261936,381,29187,331,Rural,Ready-made food and other food products n.e.c.,Brazil,Quintile 5,2017
3.598421096801758,26,,BRA,222,261936,379,29187,331,Rural,Ready-made food and other food products n.e.c.,Brazil,Total quintile,2017
4.80906867980957,26,,BRA,222,261936,380,29187,330,Urban,Ready-made food and other food products n.e.c.,Brazil,Quintile 1,2017
4.883881092071533,26,,BRA,222,261936,382,29187,330,Urban,Ready-made food and other food products n.e.c.,Brazil,Quintile 2,2017
5.719655513763428,26,,BRA,222,261936,383,29187,330,Urban,Ready-made food and other food products n.e.c.,Brazil,Quintile 3,2017
6.860344409942627,26,,BRA,222,261936,384,29187,330,Urban,Ready-made food and other food products n.e.c.,Brazil,Quintile 4,2017
7.587278842926025,26,,BRA,222,261936,381,29187,330,Urban,Ready-made food and other food products n.e.c.,Brazil,Quintile 5,2017
6.421411991119385,26,,BRA,222,261936,379,29187,330,Urban,Ready-made food and other food products n.e.c.,Brazil,Total quintile,2017
29.725229263305664,26,,BRA,222,261929,380,29187,327,National,"Live animals, meat and other parts of slaughtered land animals",Brazil,Quintile 1,2017
28.32284927368164,26,,BRA,222,261929,382,29187,327,National,"Live animals, meat and other parts of slaughtered land animals",Brazil,Quintile 2,2017
28.614044189453125,26,,BRA,222,261929,383,29187,327,National,"Live animals, meat and other parts of slaughtered land animals",Brazil,Quintile 3,2017
27.233198165893555,26,,BRA,222,261929,384,29187,327,National,"Live animals, meat and other parts of slaughtered land animals",Brazil,Quintile 4,2017
23.9482421875,26,,BRA,222,261929,381,29187,327,National,"Live animals, meat and other parts of slaughtered land animals",Brazil,Quintile 5,2017
26.73806381225586,26,,BRA,222,261929,379,29187,327,National,"Live animals, meat and other parts of slaughtered land animals",Brazil,Total quintile,2017
31.112577438354492,26,,BRA,222,261929,380,29187,331,Rural,"Live animals, meat and other parts of slaughtered land animals",Brazil,Quintile 1,2017
32.68461608886719,26,,BRA,222,261929,382,29187,331,Rural,"Live animals, meat and other parts of slaughtered land animals",Brazil,Quintile 2,2017
29.749534606933594,26,,BRA,222,261929,383,29187,331,Rural,"Live animals, meat and other parts of slaughtered land animals",Brazil,Quintile 3,2017
30.121723175048828,26,,BRA,222,261929,384,29187,331,Rural,"Live animals, meat and other parts of slaughtered land animals",Brazil,Quintile 4,2017
28.580764770507812,26,,BRA,222,261929,381,29187,331,Rural,"Live animals, meat and other parts of slaughtered land animals",Brazil,Quintile 5,2017
30.043014526367188,26,,BRA,222,261929,379,29187,331,Rural,"Live animals, meat and other parts of slaughtered land animals",Brazil,Total quintile,2017
28.81162452697754,26,,BRA,222,261929,380,29187,330,Urban,"Live animals, meat and other parts of slaughtered land animals",Brazil,Quintile 1,2017
27.747337341308594,26,,BRA,222,261929,382,29187,330,Urban,"Live animals, meat and other parts of slaughtered land animals",Brazil,Quintile 2,2017
28.406795501708984,26,,BRA,222,261929,383,29187,330,Urban,"Live animals, meat and other parts of slaughtered land animals",Brazil,Quintile 3,2017
27.03411865234375,26,,BRA,222,261929,384,29187,330,Urban,"Live animals, meat and other parts of slaughtered land animals",Brazil,Quintile 4,2017
23.397554397583008,26,,BRA,222,261929,381,29187,330,Urban,"Live animals, meat and other parts of slaughtered land animals",Brazil,Quintile 5,2017
26.270626068115234,26,,BRA,222,261929,379,29187,330,Urban,"Live animals, meat and other parts of slaughtered land animals",Brazil,Total quintile,2017
3.895400047302246,26,,BRA,222,261935,380,29187,327,National,"Sugar, confectionery and desserts",Brazil,Quintile 1,2017
4.391796588897705,26,,BRA,222,261935,382,29187,327,National,"Sugar, confectionery and desserts",Brazil,Quintile 2,2017
4.233145713806152,26,,BRA,222,261935,383,29187,327,National,"Sugar, confectionery and desserts",Brazil,Quintile 3,2017
4.609941482543945,26,,BRA,222,261935,384,29187,327,National,"Sugar, confectionery and desserts",Brazil,Quintile 4,2017
5.07089900970459,26,,BRA,222,261935,381,29187,327,National,"Sugar, confectionery and desserts",Brazil,Quintile 5,2017
4.598581314086914,26,,BRA,222,261935,379,29187,327,National,"Sugar, confectionery and desserts",Brazil,Total quintile,2017
4.149422645568848,26,,BRA,222,261935,380,29187,331,Rural,"Sugar, confectionery and desserts",Brazil,Quintile 1,2017
4.261487007141113,26,,BRA,222,261935,382,29187,331,Rural,"Sugar, confectionery and desserts",Brazil,Quintile 2,2017
4.245527744293213,26,,BRA,222,261935,383,29187,331,Rural,"Sugar, confectionery and desserts",Brazil,Quintile 3,2017
4.394942283630371,26,,BRA,222,261935,384,29187,331,Rural,"Sugar, confectionery and desserts",Brazil,Quintile 4,2017
5.055337905883789,26,,BRA,222,261935,381,29187,331,Rural,"Sugar, confectionery and desserts",Brazil,Quintile 5,2017
1.7175079584121704,26,,BRA,222,261957,380,29187,331,Rural,Non-disaggregable expenditures by food group,Brazil,Quintile 1,2017
2.6295077800750732,26,,BRA,222,261957,382,29187,331,Rural,Non-disaggregable expenditures by food group,Brazil,Quintile 2,2017
4.069986343383789,26,,BRA,222,261957,383,29187,331,Rural,Non-disaggregable expenditures by food group,Brazil,Quintile 3,2017
2.7685678005218506,26,,BRA,222,261957,384,29187,331,Rural,Non-disaggregable expenditures by food group,Brazil,Quintile 4,2017
2.969454526901245,26,,BRA,222,261957,381,29187,331,Rural,Non-disaggregable expenditures by food group,Brazil,Quintile 5,2017
2.928616762161255,26,,BRA,222,261957,379,29187,331,Rural,Non-disaggregable expenditures by food group,Brazil,Total quintile,2017
3.8728749752044678,26,,BRA,222,261957,380,29187,330,Urban,Non-disaggregable expenditures by food group,Brazil,Quintile 1,2017
4.744056701660156,26,,BRA,222,261957,382,29187,330,Urban,Non-disaggregable expenditures by food group,Brazil,Quintile 2,2017
3.6657748222351074,26,,BRA,222,261957,383,29187,330,Urban,Non-disaggregable expenditures by food group,Brazil,Quintile 3,2017
3.0318968296051025,26,,BRA,222,261957,384,29187,330,Urban,Non-disaggregable expenditures by food group,Brazil,Quintile 4,2017
3.322603225708008,26,,BRA,222,261957,381,29187,330,Urban,Non-disaggregable expenditures by food group,Brazil,Quintile 5,2017
3.5782253742218018,26,,BRA,222,261957,379,29187,330,Urban,Non-disaggregable expenditures by food group,Brazil,Total quintile,2017
9.957229614257812,26,,BRA,222,261934,380,29187,327,National,"Vegetables, tubers, plantains, cooking bananas and pulses",Brazil,Quintile 1,2017
9.755942344665527,26,,BRA,222,261934,382,29187,327,National,"Vegetables, tubers, plantains, cooking bananas and pulses",Brazil,Quintile 2,2017
9.568967819213867,26,,BRA,222,261934,383,29187,327,National,"Vegetables, tubers, plantains, cooking bananas and pulses",Brazil,Quintile 3,2017
9.655957221984863,26,,BRA,222,261934,384,29187,327,National,"Vegetables, tubers, plantains, cooking bananas and pulses",Brazil,Quintile 4,2017
9.249202728271484,26,,BRA,222,261934,381,29187,327,National,"Vegetables, tubers, plantains, cooking bananas and pulses",Brazil,Quintile 5,2017
9.543359756469727,26,,BRA,222,261934,379,29187,327,National,"Vegetables, tubers, plantains, cooking bananas and pulses",Brazil,Total quintile,2017
10.639957427978516,26,,BRA,222,261934,380,29187,331,Rural,"Vegetables, tubers, plantains, cooking bananas and pulses",Brazil,Quintile 1,2017
11.020675659179688,26,,BRA,222,261934,382,29187,331,Rural,"Vegetables, tubers, plantains, cooking bananas and pulses",Brazil,Quintile 2,2017
11.013620376586914,26,,BRA,222,261934,383,29187,331,Rural,"Vegetables, tubers, plantains, cooking bananas and pulses",Brazil,Quintile 3,2017
11.639452934265137,26,,BRA,222,261934,384,29187,331,Rural,"Vegetables, tubers, plantains, cooking bananas and pulses",Brazil,Quintile 4,2017
11.484331130981445,26,,BRA,222,261934,381,29187,331,Rural,"Vegetables, tubers, plantains, cooking bananas and pulses",Brazil,Quintile 5,2017
11.271718978881836,26,,BRA,222,261934,379,29187,331,Rural,"Vegetables, tubers, plantains, cooking bananas and pulses",Brazil,Total quintile,2017
9.530760765075684,26,,BRA,222,261934,380,29187,330,Urban,"Vegetables, tubers, plantains, cooking bananas and pulses",Brazil,Quintile 1,2017
9.271100997924805,26,,BRA,222,261934,382,29187,330,Urban,"Vegetables, tubers, plantains, cooking bananas and pulses",Brazil,Quintile 2,2017
9.306817054748535,26,,BRA,222,261934,383,29187,330,Urban,"Vegetables, tubers, plantains, cooking bananas and pulses",Brazil,Quintile 3,2017
9.41575813293457,26,,BRA,222,261934,384,29187,330,Urban,"Vegetables, tubers, plantains, cooking bananas and pulses",Brazil,Quintile 4,2017
9.163533210754395,26,,BRA,222,261934,381,29187,330,Urban,"Vegetables, tubers, plantains, cooking bananas and pulses",Brazil,Quintile 5,2017
9.298908233642578,26,,BRA,222,261934,379,29187,330,Urban,"Vegetables, tubers, plantains, cooking bananas and pulses",Brazil,Total quintile,2017
10.358437538146973,26,,BRA,222,261931,380,29187,327,National,"Milk, other dairy products and eggs",Brazil,Quintile 1,2017
11.268099784851074,26,,BRA,222,261931,382,29187,327,National,"Milk, other dairy products and eggs",Brazil,Quintile 2,2017
11.63741683959961,26,,BRA,222,261931,383,29187,327,National,"Milk, other dairy products and eggs",Brazil,Quintile 3,2017
12.071968078613281,26,,BRA,222,261931,384,29187,327,National,"Milk, other dairy products and eggs",Brazil,Quintile 4,2017
13.500020980834961,26,,BRA,222,261931,381,29187,327,National,"Milk, other dairy products and eggs",Brazil,Quintile 5,2017
12.201850891113281,26,,BRA,222,261931,379,29187,327,National,"Milk, other dairy products and eggs",Brazil,Total quintile,2017
8.627252578735352,26,,BRA,222,261931,380,29187,331,Rural,"Milk, other dairy products and eggs",Brazil,Quintile 1,2017
9.338348388671875,26,,BRA,222,261931,382,29187,331,Rural,"Milk, other dairy products and eggs",Brazil,Quintile 2,2017
10.821270942687988,26,,BRA,222,261931,383,29187,331,Rural,"Milk, other dairy products and eggs",Brazil,Quintile 3,2017
10.181529998779297,26,,BRA,222,261931,384,29187,331,Rural,"Milk, other dairy products and eggs",Brazil,Quintile 4,2017
12.621184349060059,26,,BRA,222,261931,381,29187,331,Rural,"Milk, other dairy products and eggs",Brazil,Quintile 5,2017
10.791061401367188,26,,BRA,222,261931,379,29187,331,Rural,"Milk, other dairy products and eggs",Brazil,Total quintile,2017
10.972274780273438,26,,BRA,222,261931,380,29187,330,Urban,"Milk, other dairy products and eggs",Brazil,Quintile 1,2017
11.592093467712402,26,,BRA,222,261931,382,29187,330,Urban,"Milk, other dairy products and eggs",Brazil,Quintile 2,2017
11.68709659576416,26,,BRA,222,261931,383,29187,330,Urban,"Milk, other dairy products and eggs",Brazil,Quintile 3,2017
12.128026008605957,26,,BRA,222,261931,384,29187,330,Urban,"Milk, other dairy products and eggs",Brazil,Quintile 4,2017
13.673300743103027,26,,BRA,222,261931,381,29187,330,Urban,"Milk, other dairy products and eggs",Brazil,Quintile 5,2017
12.401387214660645,26,,BRA,222,261931,379,29187,330,Urban,"Milk, other dairy products and eggs",Brazil,Total quintile,2017
3.8327479362487793,26,,BRA,222,261930,380,29187,327,National,Fish and other seafood,Brazil,Quintile 1,2017
2.605339288711548,26,,BRA,222,261930,382,29187,327,National,Fish and other seafood,Brazil,Quintile 2,2017
2.386500597000122,26,,BRA,222,261930,383,29187,327,National,Fish and other seafood,Brazil,Quintile 3,2017
1.990939974784851,26,,BRA,222,261930,384,29187,327,National,Fish and other seafood,Brazil,Quintile 4,2017
2.142280340194702,26,,BRA,222,261930,381,29187,327,National,Fish and other seafood,Brazil,Quintile 5,2017
2.3996422290802,26,,BRA,222,261930,379,29187,327,National,Fish and other seafood,Brazil,Total quintile,2017
6.7877278327941895,26,,BRA,222,261930,380,29187,331,Rural,Fish and other seafood,Brazil,Quintile 1,2017
4.8978071212768555,26,,BRA,222,261930,382,29187,331,Rural,Fish and other seafood,Brazil,Quintile 2,2017
4.2513298988342285,26,,BRA,222,261930,383,29187,331,Rural,Fish and other seafood,Brazil,Quintile 3,2017
3.9070019721984863,26,,BRA,222,261930,384,29187,331,Rural,Fish and other seafood,Brazil,Quintile 4,2017
2.2409441471099854,26,,BRA,222,261930,381,29187,331,Rural,Fish and other seafood,Brazil,Quintile 5,2017
3.898746967315674,26,,BRA,222,261930,379,29187,331,Rural,Fish and other seafood,Brazil,Total quintile,2017
2.8418352603912354,26,,BRA,222,261930,380,29187,330,Urban,Fish and other seafood,Brazil,Quintile 1,2017
2.236180067062378,26,,BRA,222,261930,382,29187,330,Urban,Fish and other seafood,Brazil,Quintile 2,2017
2.0545475482940674,26,,BRA,222,261930,383,29187,330,Urban,Fish and other seafood,Brazil,Quintile 3,2017
1.9772846698760986,26,,BRA,222,261930,384,29187,330,Urban,Fish and other seafood,Brazil,Quintile 4,2017
2.1691787242889404,26,,BRA,222,261930,381,29187,330,Urban,Fish and other seafood,Brazil,Quintile 5,2017
2.187615394592285,26,,BRA,222,261930,379,29187,330,Urban,Fish and other seafood,Brazil,Total quintile,2017
3.0593302249908447,26,,CHL,224,261932,380,29191,327,National,Oils and fats,Chile,Quintile 1,2021
2.9277477264404297,26,,CHL,224,261932,382,29191,327,National,Oils and fats,Chile,Quintile 2,2021
2.9063591957092285,26,,CHL,224,261932,383,29191,327,National,Oils and fats,Chile,Quintile 3,2021
2.791071891784668,26,,CHL,224,261932,384,29191,327,National,Oils and fats,Chile,Quintile 4,2021
2.257617950439453,26,,CHL,224,261932,381,29191,327,National,Oils and fats,Chile,Quintile 5,2021
2.72725248336792,26,,CHL,224,261932,379,29191,327,National,Oils and fats,Chile,Total quintile,2021
12.909344673156738,26,,CHL,224,261936,380,29191,327,National,Ready-made food and other food products n.e.c.,Chile,Quintile 1,2021
13.240607261657715,26,,CHL,224,261936,382,29191,327,National,Ready-made food and other food products n.e.c.,Chile,Quintile 2,2021
14.69379711151123,26,,CHL,224,261936,383,29191,327,National,Ready-made food and other food products n.e.c.,Chile,Quintile 3,2021
15.248417854309082,26,,CHL,224,261936,384,29191,327,National,Ready-made food and other food products n.e.c.,Chile,Quintile 4,2021
18.740182876586914,26,,CHL,224,261936,381,29191,327,National,Ready-made food and other food products n.e.c.,Chile,Quintile 5,2021
15.431913375854492,26,,CHL,224,261936,379,29191,327,National,Ready-made food and other food products n.e.c.,Chile,Total quintile,2021
21.328298568725586,26,,CHL,224,261929,380,29191,327,National,"Live animals, meat and other parts of slaughtered land animals",Chile,Quintile 1,2021
21.1499080657959,26,,CHL,224,261929,382,29191,327,National,"Live animals, meat and other parts of slaughtered land animals",Chile,Quintile 2,2021
20.90799903869629,26,,CHL,224,261929,383,29191,327,National,"Live animals, meat and other parts of slaughtered land animals",Chile,Quintile 3,2021
20.757492065429688,26,,CHL,224,261929,384,29191,327,National,"Live animals, meat and other parts of slaughtered land animals",Chile,Quintile 4,2021
18.687509536743164,26,,CHL,224,261929,381,29191,327,National,"Live animals, meat and other parts of slaughtered land animals",Chile,Quintile 5,2021
20.362865447998047,26,,CHL,224,261929,379,29191,327,National,"Live animals, meat and other parts of slaughtered land animals",Chile,Total quintile,2021
3.372462511062622,26,,CHL,224,261935,380,29191,327,National,"Sugar, confectionery and desserts",Chile,Quintile 1,2021
3.627436637878418,26,,CHL,224,261935,382,29191,327,National,"Sugar, confectionery and desserts",Chile,Quintile 2,2021
3.798240900039673,26,,CHL,224,261935,383,29191,327,National,"Sugar, confectionery and desserts",Chile,Quintile 3,2021
4.394090175628662,26,,CHL,224,261935,384,29191,327,National,"Sugar, confectionery and desserts",Chile,Quintile 4,2021
5.570339679718018,26,,CHL,224,261935,381,29191,327,National,"Sugar, confectionery and desserts",Chile,Quintile 5,2021
4.329608917236328,26,,CHL,224,261935,379,29191,327,National,"Sugar, confectionery and desserts",Chile,Total quintile,2021
8.805028915405273,26,,CHL,224,261946,380,29191,327,National,Non - alcoholic beverages,Chile,Quintile 1,2021
9.096029281616211,26,,CHL,224,261946,382,29191,327,National,Non - alcoholic beverages,Chile,Quintile 2,2021
9.190010070800781,26,,CHL,224,261946,383,29191,327,National,Non - alcoholic beverages,Chile,Quintile 3,2021
9.45227336883545,26,,CHL,224,261946,384,29191,327,National,Non - alcoholic beverages,Chile,Quintile 4,2021
9.721181869506836,26,,CHL,224,261946,381,29191,327,National,Non - alcoholic beverages,Chile,Quintile 5,2021
9.323710441589355,26,,CHL,224,261946,379,29191,327,National,Non - alcoholic beverages,Chile,Total quintile,2021
20.6525936126709,26,,CHL,224,261937,380,29191,327,National,Cereals and cereal products,Chile,Quintile 1,2021
19.150917053222656,26,,CHL,224,261937,382,29191,327,National,Cereals and cereal products,Chile,Quintile 2,2021
17.35047149658203,26,,CHL,224,261937,383,29191,327,National,Cereals and cereal products,Chile,Quintile 3,2021
16.173641204833984,26,,CHL,224,261937,384,29191,327,National,Cereals and cereal products,Chile,Quintile 4,2021
14.464094161987305,26,,CHL,224,261937,381,29191,327,National,Cereals and cereal products,Chile,Quintile 5,2021
17.070894241333008,26,,CHL,224,261937,379,29191,327,National,Cereals and cereal products,Chile,Total quintile,2021
5.767557144165039,26,,CHL,224,261933,380,29191,327,National,Fruits and nuts,Chile,Quintile 1,2021
6.53848123550415,26,,CHL,224,261933,382,29191,327,National,Fruits and nuts,Chile,Quintile 2,2021
6.666313648223877,26,,CHL,224,261933,383,29191,327,National,Fruits and nuts,Chile,Quintile 3,2021
6.971325397491455,26,,CHL,224,261933,384,29191,327,National,Fruits and nuts,Chile,Quintile 4,2021
7.039885520935059,26,,CHL,224,261933,381,29191,327,National,Fruits and nuts,Chile,Quintile 5,2021
6.686636924743652,26,,CHL,224,261933,379,29191,327,National,Fruits and nuts,Chile,Total quintile,2021
10.37890911102295,26,,CHL,224,261934,380,29191,327,National,"Vegetables, tubers, plantains, cooking bananas and pulses",Chile,Quintile 1,2021
10.450020790100098,26,,CHL,224,261934,382,29191,327,National,"Vegetables, tubers, plantains, cooking bananas and pulses",Chile,Quintile 2,2021
10.480326652526855,26,,CHL,224,261934,383,29191,327,National,"Vegetables, tubers, plantains, cooking bananas and pulses",Chile,Quintile 3,2021
10.122023582458496,26,,CHL,224,261934,384,29191,327,National,"Vegetables, tubers, plantains, cooking bananas and pulses",Chile,Quintile 4,2021
8.550145149230957,26,,CHL,224,261934,381,29191,327,National,"Vegetables, tubers, plantains, cooking bananas and pulses",Chile,Quintile 5,2021
9.848384857177734,26,,CHL,224,261934,379,29191,327,National,"Vegetables, tubers, plantains, cooking bananas and pulses",Chile,Total quintile,2021
11.190826416015625,26,,CHL,224,261931,380,29191,327,National,"Milk, other dairy products and eggs",Chile,Quintile 1,2021
10.92645263671875,26,,CHL,224,261931,382,29191,327,National,"Milk, other dairy products and eggs",Chile,Quintile 2,2021
10.908573150634766,26,,CHL,224,261931,383,29191,327,National,"Milk, other dairy products and eggs",Chile,Quintile 3,2021
10.981487274169922,26,,CHL,224,261931,384,29191,327,National,"Milk, other dairy products and eggs",Chile,Quintile 4,2021
11.51712703704834,26,,CHL,224,261931,381,29191,327,National,"Milk, other dairy products and eggs",Chile,Quintile 5,2021
11.13620376586914,26,,CHL,224,261931,379,29191,327,National,"Milk, other dairy products and eggs",Chile,Total quintile,2021
2.535651445388794,26,,CHL,224,261930,380,29191,327,National,Fish and other seafood,Chile,Quintile 1,2021
2.8924002647399902,26,,CHL,224,261930,382,29191,327,National,Fish and other seafood,Chile,Quintile 2,2021
3.0979089736938477,26,,CHL,224,261930,383,29191,327,National,Fish and other seafood,Chile,Quintile 3,2021
3.1081788539886475,26,,CHL,224,261930,384,29191,327,National,Fish and other seafood,Chile,Quintile 4,2021
3.4519166946411133,26,,CHL,224,261930,381,29191,327,National,Fish and other seafood,Chile,Quintile 5,2021
3.082531690597534,26,,CHL,224,261930,379,29191,327,National,Fish and other seafood,Chile,Total quintile,2021
4.796581745147705,26,,COL,225,261932,380,29186,327,National,Oils and fats,Colombia,Quintile 1,2016
4.295941352844238,26,,COL,225,261932,382,29186,327,National,Oils and fats,Colombia,Quintile 2,2016
3.918142557144165,26,,COL,225,261932,383,29186,327,National,Oils and fats,Colombia,Quintile 3,2016
3.736102342605591,26,,COL,225,261932,384,29186,327,National,Oils and fats,Colombia,Quintile 4,2016
3.6187610626220703,26,,COL,225,261932,381,29186,327,National,Oils and fats,Colombia,Quintile 5,2016
3.981560707092285,26,,COL,225,261932,379,29186,327,National,Oils and fats,Colombia,Total quintile,2016
6.337090969085693,26,,COL,225,261932,380,29186,331,Rural,Oils and fats,Colombia,Quintile 1,2016
6.0191216468811035,26,,COL,225,261932,382,29186,331,Rural,Oils and fats,Colombia,Quintile 2,2016
5.74457311630249,26,,COL,225,261932,383,29186,331,Rural,Oils and fats,Colombia,Quintile 3,2016
5.260506629943848,26,,COL,225,261932,384,29186,331,Rural,Oils and fats,Colombia,Quintile 4,2016
4.758161544799805,26,,COL,225,261932,381,29186,331,Rural,Oils and fats,Colombia,Quintile 5,2016
5.46583890914917,26,,COL,225,261932,379,29186,331,Rural,Oils and fats,Colombia,Total quintile,2016
3.6791598796844482,26,,COL,225,261932,380,29186,330,Urban,Oils and fats,Colombia,Quintile 1,2016
3.5470974445343018,26,,COL,225,261932,382,29186,330,Urban,Oils and fats,Colombia,Quintile 2,2016
3.4496877193450928,26,,COL,225,261932,383,29186,330,Urban,Oils and fats,Colombia,Quintile 3,2016
3.6101572513580322,26,,COL,225,261932,384,29186,330,Urban,Oils and fats,Colombia,Quintile 4,2016
3.5595149993896484,26,,COL,225,261932,381,29186,330,Urban,Oils and fats,Colombia,Quintile 5,2016
3.5647547245025635,26,,COL,225,261932,379,29186,330,Urban,Oils and fats,Colombia,Total quintile,2016
3.0306031703948975,26,,COL,225,261936,380,29186,327,National,Ready-made food and other food products n.e.c.,Colombia,Quintile 1,2016
2.688936471939087,26,,COL,225,261936,382,29186,327,National,Ready-made food and other food products n.e.c.,Colombia,Quintile 2,2016
2.768872022628784,26,,COL,225,261936,383,29186,327,National,Ready-made food and other food products n.e.c.,Colombia,Quintile 3,2016
3.025313377380371,26,,COL,225,261936,384,29186,327,National,Ready-made food and other food products n.e.c.,Colombia,Quintile 4,2016
3.777968645095825,26,,COL,225,261936,381,29186,327,National,Ready-made food and other food products n.e.c.,Colombia,Quintile 5,2016
3.1347947120666504,26,,COL,225,261936,379,29186,327,National,Ready-made food and other food products n.e.c.,Colombia,Total quintile,2016
2.9913694858551025,26,,COL,225,261936,380,29186,331,Rural,Ready-made food and other food products n.e.c.,Colombia,Quintile 1,2016
3.613957166671753,26,,COL,225,261936,382,29186,331,Rural,Ready-made food and other food products n.e.c.,Colombia,Quintile 2,2016
2.6953279972076416,26,,COL,225,261936,383,29186,331,Rural,Ready-made food and other food products n.e.c.,Colombia,Quintile 3,2016
2.6144461631774902,26,,COL,225,261936,384,29186,331,Rural,Ready-made food and other food products n.e.c.,Colombia,Quintile 4,2016
2.754443645477295,26,,COL,225,261936,381,29186,331,Rural,Ready-made food and other food products n.e.c.,Colombia,Quintile 5,2016
2.8856348991394043,26,,COL,225,261936,379,29186,331,Rural,Ready-made food and other food products n.e.c.,Colombia,Total quintile,2016
2.6765623092651367,26,,COL,225,261936,380,29186,330,Urban,Ready-made food and other food products n.e.c.,Colombia,Quintile 1,2016
2.8334336280822754,26,,COL,225,261936,382,29186,330,Urban,Ready-made food and other food products n.e.c.,Colombia,Quintile 2,2016
2.8501617908477783,26,,COL,225,261936,383,29186,330,Urban,Ready-made food and other food products n.e.c.,Colombia,Quintile 3,2016
3.0850071907043457,26,,COL,225,261936,384,29186,330,Urban,Ready-made food and other food products n.e.c.,Colombia,Quintile 4,2016
3.994140386581421,26,,COL,225,261936,381,29186,330,Urban,Ready-made food and other food products n.e.c.,Colombia,Quintile 5,2016
3.2047622203826904,26,,COL,225,261936,379,29186,330,Urban,Ready-made food and other food products n.e.c.,Colombia,Total quintile,2016
23.642789840698242,26,,COL,225,261929,380,29186,327,National,"Live animals, meat and other parts of slaughtered land animals",Colombia,Quintile 1,2016
25.63215446472168,26,,COL,225,261929,382,29186,327,National,"Live animals, meat and other parts of slaughtered land animals",Colombia,Quintile 2,2016
27.372177124023438,26,,COL,225,261929,383,29186,327,National,"Live animals, meat and other parts of slaughtered land animals",Colombia,Quintile 3,2016
28.239513397216797,26,,COL,225,261929,384,29186,327,National,"Live animals, meat and other parts of slaughtered land animals",Colombia,Quintile 4,2016
26.67934799194336,26,,COL,225,261929,381,29186,327,National,"Live animals, meat and other parts of slaughtered land animals",Colombia,Quintile 5,2016
26.542030334472656,26,,COL,225,261929,379,29186,327,National,"Live animals, meat and other parts of slaughtered land animals",Colombia,Total quintile,2016
20.145788192749023,26,,COL,225,261929,380,29186,331,Rural,"Live animals, meat and other parts of slaughtered land animals",Colombia,Quintile 1,2016
21.965103149414062,26,,COL,225,261929,382,29186,331,Rural,"Live animals, meat and other parts of slaughtered land animals",Colombia,Quintile 2,2016
23.127408981323242,26,,COL,225,261929,383,29186,331,Rural,"Live animals, meat and other parts of slaughtered land animals",Colombia,Quintile 3,2016
23.75361442565918,26,,COL,225,261929,384,29186,331,Rural,"Live animals, meat and other parts of slaughtered land animals",Colombia,Quintile 4,2016
26.3140869140625,26,,COL,225,261929,381,29186,331,Rural,"Live animals, meat and other parts of slaughtered land animals",Colombia,Quintile 5,2016
23.633197784423828,26,,COL,225,261929,379,29186,331,Rural,"Live animals, meat and other parts of slaughtered land animals",Colombia,Total quintile,2016
26.080894470214844,26,,COL,225,261929,380,29186,330,Urban,"Live animals, meat and other parts of slaughtered land animals",Colombia,Quintile 1,2016
27.60917854309082,26,,COL,225,261929,382,29186,330,Urban,"Live animals, meat and other parts of slaughtered land animals",Colombia,Quintile 2,2016
28.25128173828125,26,,COL,225,261929,383,29186,330,Urban,"Live animals, meat and other parts of slaughtered land animals",Colombia,Quintile 3,2016
28.545135498046875,26,,COL,225,261929,384,29186,330,Urban,"Live animals, meat and other parts of slaughtered land animals",Colombia,Quintile 4,2016
26.388042449951172,26,,COL,225,261929,381,29186,330,Urban,"Live animals, meat and other parts of slaughtered land animals",Colombia,Quintile 5,2016
27.358869552612305,26,,COL,225,261929,379,29186,330,Urban,"Live animals, meat and other parts of slaughtered land animals",Colombia,Total quintile,2016
7.320719242095947,26,,COL,225,261935,380,29186,327,National,"Sugar, confectionery and desserts",Colombia,Quintile 1,2016
6.209378242492676,26,,COL,225,261935,382,29186,327,National,"Sugar, confectionery and desserts",Colombia,Quintile 2,2016
5.538153648376465,26,,COL,225,261935,383,29186,327,National,"Sugar, confectionery and desserts",Colombia,Quintile 3,2016
4.9330291748046875,26,,COL,225,261935,384,29186,327,National,"Sugar, confectionery and desserts",Colombia,Quintile 4,2016
4.163425922393799,26,,COL,225,261935,381,29186,327,National,"Sugar, confectionery and desserts",Colombia,Quintile 5,2016
5.38180685043335,26,,COL,225,261935,379,29186,327,National,"Sugar, confectionery and desserts",Colombia,Total quintile,2016
10.227813720703125,26,,COL,225,261935,380,29186,331,Rural,"Sugar, confectionery and desserts",Colombia,Quintile 1,2016
9.054725646972656,26,,COL,225,261935,382,29186,331,Rural,"Sugar, confectionery and desserts",Colombia,Quintile 2,2016
8.536541938781738,26,,COL,225,261935,383,29186,331,Rural,"Sugar, confectionery and desserts",Colombia,Quintile 3,2016
7.817540168762207,26,,COL,225,261935,384,29186,331,Rural,"Sugar, confectionery and desserts",Colombia,Quintile 4,2016
6.900012016296387,26,,COL,225,261935,381,29186,331,Rural,"Sugar, confectionery and desserts",Colombia,Quintile 5,2016
8.193740844726562,26,,COL,225,261935,379,29186,331,Rural,"Sugar, confectionery and desserts",Colombia,Total quintile,2016
5.33935546875,26,,COL,225,261935,380,29186,330,Urban,"Sugar, confectionery and desserts",Colombia,Quintile 1,2016
4.981390953063965,26,,COL,225,261935,382,29186,330,Urban,"Sugar, confectionery and desserts",Colombia,Quintile 2,2016
4.774652481079102,26,,COL,225,261935,383,29186,330,Urban,"Sugar, confectionery and desserts",Colombia,Quintile 3,2016
4.5399346351623535,26,,COL,225,261935,384,29186,330,Urban,"Sugar, confectionery and desserts",Colombia,Quintile 4,2016
3.923807382583618,26,,COL,225,261935,381,29186,330,Urban,"Sugar, confectionery and desserts",Colombia,Quintile 5,2016
4.592176914215088,26,,COL,225,261935,379,29186,330,Urban,"Sugar, confectionery and desserts",Colombia,Total quintile,2016
6.038820743560791,26,,COL,225,261946,380,29186,327,National,Non - alcoholic beverages,Colombia,Quintile 1,2016
6.543801784515381,26,,COL,225,261946,382,29186,327,National,Non - alcoholic beverages,Colombia,Quintile 2,2016
6.801177024841309,26,,COL,225,261946,383,29186,327,National,Non - alcoholic beverages,Colombia,Quintile 3,2016
7.463642120361328,26,,COL,225,261946,384,29186,327,National,Non - alcoholic beverages,Colombia,Quintile 4,2016
7.589241981506348,26,,COL,225,261946,381,29186,327,National,Non - alcoholic beverages,Colombia,Quintile 5,2016
7.0170207023620605,26,,COL,225,261946,379,29186,327,National,Non - alcoholic beverages,Colombia,Total quintile,2016
4.784836769104004,26,,COL,225,261946,380,29186,331,Rural,Non - alcoholic beverages,Colombia,Quintile 1,2016
4.982076168060303,26,,COL,225,261946,382,29186,331,Rural,Non - alcoholic beverages,Colombia,Quintile 2,2016
5.006587505340576,26,,COL,225,261946,383,29186,331,Rural,Non - alcoholic beverages,Colombia,Quintile 3,2016
5.278960704803467,26,,COL,225,261946,384,29186,331,Rural,Non - alcoholic beverages,Colombia,Quintile 4,2016
5.857636451721191,26,,COL,225,261946,381,29186,331,Rural,Non - alcoholic beverages,Colombia,Quintile 5,2016
5.286412715911865,26,,COL,225,261946,379,29186,331,Rural,Non - alcoholic beverages,Colombia,Total quintile,2016
7.051506519317627,26,,COL,225,261946,380,29186,330,Urban,Non - alcoholic beverages,Colombia,Quintile 1,2016
7.228796005249023,26,,COL,225,261946,382,29186,330,Urban,Non - alcoholic beverages,Colombia,Quintile 2,2016
7.493828773498535,26,,COL,225,261946,383,29186,330,Urban,Non - alcoholic beverages,Colombia,Quintile 3,2016
7.755943298339844,26,,COL,225,261946,384,29186,330,Urban,Non - alcoholic beverages,Colombia,Quintile 4,2016
7.69976806640625,26,,COL,225,261946,381,29186,330,Urban,Non - alcoholic beverages,Colombia,Quintile 5,2016
7.502999305725098,26,,COL,225,261946,379,29186,330,Urban,Non - alcoholic beverages,Colombia,Total quintile,2016
20.477645874023438,26,,COL,225,261937,380,29186,327,National,Cereals and cereal products,Colombia,Quintile 1,2016
19.12862205505371,26,,COL,225,261937,382,29186,327,National,Cereals and cereal products,Colombia,Quintile 2,2016
17.32172966003418,26,,COL,225,261937,383,29186,327,National,Cereals and cereal products,Colombia,Quintile 3,2016
15.836318969726562,26,,COL,225,261937,384,29186,327,National,Cereals and cereal products,Colombia,Quintile 4,2016
14.021871566772461,26,,COL,225,261937,381,29186,327,National,Cereals and cereal products,Colombia,Quintile 5,2016
16.813167572021484,26,,COL,225,261937,379,29186,327,National,Cereals and cereal products,Colombia,Total quintile,2016
22.698993682861328,26,,COL,225,261937,380,29186,331,Rural,Cereals and cereal products,Colombia,Quintile 1,2016
20.740684509277344,26,,COL,225,261937,382,29186,331,Rural,Cereals and cereal products,Colombia,Quintile 2,2016
20.12078285217285,26,,COL,225,261937,383,29186,331,Rural,Cereals and cereal products,Colombia,Quintile 3,2016
18.965621948242188,26,,COL,225,261937,384,29186,331,Rural,Cereals and cereal products,Colombia,Quintile 4,2016
16.857892990112305,26,,COL,225,261937,381,29186,331,Rural,Cereals and cereal products,Colombia,Quintile 5,2016
19.330461502075195,26,,COL,225,261937,379,29186,331,Rural,Cereals and cereal products,Colombia,Total quintile,2016
19.428035736083984,26,,COL,225,261937,380,29186,330,Urban,Cereals and cereal products,Colombia,Quintile 1,2016
17.798734664916992,26,,COL,225,261937,382,29186,330,Urban,Cereals and cereal products,Colombia,Quintile 2,2016
16.48008155822754,26,,COL,225,261937,383,29186,330,Urban,Cereals and cereal products,Colombia,Quintile 3,2016
15.555508613586426,26,,COL,225,261937,384,29186,330,Urban,Cereals and cereal products,Colombia,Quintile 4,2016
13.675514221191406,26,,COL,225,261937,381,29186,330,Urban,Cereals and cereal products,Colombia,Quintile 5,2016
16.106277465820312,26,,COL,225,261937,379,29186,330,Urban,Cereals and cereal products,Colombia,Total quintile,2016
3.137979745864868,26,,COL,225,261933,380,29186,327,National,Fruits and nuts,Colombia,Quintile 1,2016
3.7077739238739014,26,,COL,225,261933,382,29186,327,National,Fruits and nuts,Colombia,Quintile 2,2016
4.193192005157471,26,,COL,225,261933,383,29186,327,National,Fruits and nuts,Colombia,Quintile 3,2016
4.875812530517578,26,,COL,225,261933,384,29186,327,National,Fruits and nuts,Colombia,Quintile 4,2016
7.63175106048584,26,,COL,225,261933,381,29186,327,National,Fruits and nuts,Colombia,Quintile 5,2016
5.087336540222168,26,,COL,225,261933,379,29186,327,National,Fruits and nuts,Colombia,Total quintile,2016
2.534419298171997,26,,COL,225,261933,380,29186,331,Rural,Fruits and nuts,Colombia,Quintile 1,2016
3.2729403972625732,26,,COL,225,261933,382,29186,331,Rural,Fruits and nuts,Colombia,Quintile 2,2016
3.5783908367156982,26,,COL,225,261933,383,29186,331,Rural,Fruits and nuts,Colombia,Quintile 3,2016
3.9678773880004883,26,,COL,225,261933,384,29186,331,Rural,Fruits and nuts,Colombia,Quintile 4,2016
4.699133396148682,26,,COL,225,261933,381,29186,331,Rural,Fruits and nuts,Colombia,Quintile 5,2016
3.8125791549682617,26,,COL,225,261933,379,29186,331,Rural,Fruits and nuts,Colombia,Total quintile,2016
3.3360018730163574,26,,COL,225,261933,380,29186,330,Urban,Fruits and nuts,Colombia,Quintile 1,2016
3.9542713165283203,26,,COL,225,261933,382,29186,330,Urban,Fruits and nuts,Colombia,Quintile 2,2016
4.492156982421875,26,,COL,225,261933,383,29186,330,Urban,Fruits and nuts,Colombia,Quintile 3,2016
5.204355239868164,26,,COL,225,261933,384,29186,330,Urban,Fruits and nuts,Colombia,Quintile 4,2016
8.12685775756836,26,,COL,225,261933,381,29186,330,Urban,Fruits and nuts,Colombia,Quintile 5,2016
5.445306301116943,26,,COL,225,261933,379,29186,330,Urban,Fruits and nuts,Colombia,Total quintile,2016
15.462358474731445,26,,COL,225,261934,380,29186,327,National,"Vegetables, tubers, plantains, cooking bananas and pulses",Colombia,Quintile 1,2016
15.0338716506958,26,,COL,225,261934,382,29186,327,National,"Vegetables, tubers, plantains, cooking bananas and pulses",Colombia,Quintile 2,2016
14.425853729248047,26,,COL,225,261934,383,29186,327,National,"Vegetables, tubers, plantains, cooking bananas and pulses",Colombia,Quintile 3,2016
13.205004692077637,26,,COL,225,261934,384,29186,327,National,"Vegetables, tubers, plantains, cooking bananas and pulses",Colombia,Quintile 4,2016
12.08673095703125,26,,COL,225,261934,381,29186,327,National,"Vegetables, tubers, plantains, cooking bananas and pulses",Colombia,Quintile 5,2016
13.746167182922363,26,,COL,225,261934,379,29186,327,National,"Vegetables, tubers, plantains, cooking bananas and pulses",Colombia,Total quintile,2016
17.379323959350586,26,,COL,225,261934,380,29186,331,Rural,"Vegetables, tubers, plantains, cooking bananas and pulses",Colombia,Quintile 1,2016
17.057525634765625,26,,COL,225,261934,382,29186,331,Rural,"Vegetables, tubers, plantains, cooking bananas and pulses",Colombia,Quintile 2,2016
17.91090965270996,26,,COL,225,261934,383,29186,331,Rural,"Vegetables, tubers, plantains, cooking bananas and pulses",Colombia,Quintile 3,2016
18.189130783081055,26,,COL,225,261934,384,29186,331,Rural,"Vegetables, tubers, plantains, cooking bananas and pulses",Colombia,Quintile 4,2016
17.04621696472168,26,,COL,225,261934,381,29186,331,Rural,"Vegetables, tubers, plantains, cooking bananas and pulses",Colombia,Quintile 5,2016
17.50946807861328,26,,COL,225,261934,379,29186,331,Rural,"Vegetables, tubers, plantains, cooking bananas and pulses",Colombia,Total quintile,2016
13.779390335083008,26,,COL,225,261934,380,29186,330,Urban,"Vegetables, tubers, plantains, cooking bananas and pulses",Colombia,Quintile 1,2016
13.483587265014648,26,,COL,225,261934,382,29186,330,Urban,"Vegetables, tubers, plantains, cooking bananas and pulses",Colombia,Quintile 2,2016
13.073199272155762,26,,COL,225,261934,383,29186,330,Urban,"Vegetables, tubers, plantains, cooking bananas and pulses",Colombia,Quintile 3,2016
12.473223686218262,26,,COL,225,261934,384,29186,330,Urban,"Vegetables, tubers, plantains, cooking bananas and pulses",Colombia,Quintile 4,2016
11.612744331359863,26,,COL,225,261934,381,29186,330,Urban,"Vegetables, tubers, plantains, cooking bananas and pulses",Colombia,Quintile 5,2016
12.689380645751953,26,,COL,225,261934,379,29186,330,Urban,"Vegetables, tubers, plantains, cooking bananas and pulses",Colombia,Total quintile,2016
12.463945388793945,26,,COL,225,261931,380,29186,327,National,"Milk, other dairy products and eggs",Colombia,Quintile 1,2016
13.194904327392578,26,,COL,225,261931,382,29186,327,National,"Milk, other dairy products and eggs",Colombia,Quintile 2,2016
14.020771026611328,26,,COL,225,261931,383,29186,327,National,"Milk, other dairy products and eggs",Colombia,Quintile 3,2016
15.110856056213379,26,,COL,225,261931,384,29186,327,National,"Milk, other dairy products and eggs",Colombia,Quintile 4,2016
15.829214096069336,26,,COL,225,261931,381,29186,327,National,"Milk, other dairy products and eggs",Colombia,Quintile 5,2016
14.411084175109863,26,,COL,225,261931,379,29186,327,National,"Milk, other dairy products and eggs",Colombia,Total quintile,2016
9.639021873474121,26,,COL,225,261931,380,29186,331,Rural,"Milk, other dairy products and eggs",Colombia,Quintile 1,2016
10.527944564819336,26,,COL,225,261931,382,29186,331,Rural,"Milk, other dairy products and eggs",Colombia,Quintile 2,2016
10.311785697937012,26,,COL,225,261931,383,29186,331,Rural,"Milk, other dairy products and eggs",Colombia,Quintile 3,2016
10.974671363830566,26,,COL,225,261931,384,29186,331,Rural,"Milk, other dairy products and eggs",Colombia,Quintile 4,2016
11.371053695678711,26,,COL,225,261931,381,29186,331,Rural,"Milk, other dairy products and eggs",Colombia,Quintile 5,2016
10.724416732788086,26,,COL,225,261931,379,29186,331,Rural,"Milk, other dairy products and eggs",Colombia,Total quintile,2016
14.49189567565918,26,,COL,225,261931,380,29186,330,Urban,"Milk, other dairy products and eggs",Colombia,Quintile 1,2016
14.670016288757324,26,,COL,225,261931,382,29186,330,Urban,"Milk, other dairy products and eggs",Colombia,Quintile 2,2016
15.474137306213379,26,,COL,225,261931,383,29186,330,Urban,"Milk, other dairy products and eggs",Colombia,Quintile 3,2016
15.566258430480957,26,,COL,225,261931,384,29186,330,Urban,"Milk, other dairy products and eggs",Colombia,Quintile 4,2016
16.25092315673828,26,,COL,225,261931,381,29186,330,Urban,"Milk, other dairy products and eggs",Colombia,Quintile 5,2016
15.446351051330566,26,,COL,225,261931,379,29186,330,Urban,"Milk, other dairy products and eggs",Colombia,Total quintile,2016
3.628556966781616,26,,COL,225,261930,380,29186,327,National,Fish and other seafood,Colombia,Quintile 1,2016
3.5646159648895264,26,,COL,225,261930,382,29186,327,National,Fish and other seafood,Colombia,Quintile 2,2016
3.6399316787719727,26,,COL,225,261930,383,29186,327,National,Fish and other seafood,Colombia,Quintile 3,2016
3.5744080543518066,26,,COL,225,261930,384,29186,327,National,Fish and other seafood,Colombia,Quintile 4,2016
4.601686477661133,26,,COL,225,261930,381,29186,327,National,Fish and other seafood,Colombia,Quintile 5,2016
3.8850317001342773,26,,COL,225,261930,379,29186,327,National,Fish and other seafood,Colombia,Total quintile,2016
3.2613439559936523,26,,COL,225,261930,380,29186,331,Rural,Fish and other seafood,Colombia,Quintile 1,2016
2.7659213542938232,26,,COL,225,261930,382,29186,331,Rural,Fish and other seafood,Colombia,Quintile 2,2016
2.967691421508789,26,,COL,225,261930,383,29186,331,Rural,Fish and other seafood,Colombia,Quintile 3,2016
3.177628993988037,26,,COL,225,261930,384,29186,331,Rural,Fish and other seafood,Colombia,Quintile 4,2016
3.4413623809814453,26,,COL,225,261930,381,29186,331,Rural,Fish and other seafood,Colombia,Quintile 5,2016
3.1582512855529785,26,,COL,225,261930,379,29186,331,Rural,Fish and other seafood,Colombia,Total quintile,2016
4.137197017669678,26,,COL,225,261930,380,29186,330,Urban,Fish and other seafood,Colombia,Quintile 1,2016
3.8934926986694336,26,,COL,225,261930,382,29186,330,Urban,Fish and other seafood,Colombia,Quintile 2,2016
3.660813331604004,26,,COL,225,261930,383,29186,330,Urban,Fish and other seafood,Colombia,Quintile 3,2016
3.6644744873046875,26,,COL,225,261930,384,29186,330,Urban,Fish and other seafood,Colombia,Quintile 4,2016
4.768688201904297,26,,COL,225,261930,381,29186,330,Urban,Fish and other seafood,Colombia,Quintile 5,2016
4.0891218185424805,26,,COL,225,261930,379,29186,330,Urban,Fish and other seafood,Colombia,Total quintile,2016
3.9208173751831055,26,,CRI,226,261932,380,29188,327,National,Oils and fats,Costa Rica,Quintile 1,2018
3.426175594329834,26,,CRI,226,261932,382,29188,327,National,Oils and fats,Costa Rica,Quintile 2,2018
3.2337028980255127,26,,CRI,226,261932,383,29188,327,National,Oils and fats,Costa Rica,Quintile 3,2018
2.6047823429107666,26,,CRI,226,261932,384,29188,327,National,Oils and fats,Costa Rica,Quintile 4,2018
2.249810218811035,26,,CRI,226,261932,381,29188,327,National,Oils and fats,Costa Rica,Quintile 5,2018
2.9077200889587402,26,,CRI,226,261932,379,29188,327,National,Oils and fats,Costa Rica,Total quintile,2018
4.6822075843811035,26,,CRI,226,261932,380,29188,331,Rural,Oils and fats,Costa Rica,Quintile 1,2018
3.5296123027801514,26,,CRI,226,261932,382,29188,331,Rural,Oils and fats,Costa Rica,Quintile 2,2018
3.615760326385498,26,,CRI,226,261932,383,29188,331,Rural,Oils and fats,Costa Rica,Quintile 3,2018
3.464174747467041,26,,CRI,226,261932,384,29188,331,Rural,Oils and fats,Costa Rica,Quintile 4,2018
2.353738784790039,26,,CRI,226,261932,381,29188,331,Rural,Oils and fats,Costa Rica,Quintile 5,2018
3.3573079109191895,26,,CRI,226,261932,379,29188,331,Rural,Oils and fats,Costa Rica,Total quintile,2018
3.520595073699951,26,,CRI,226,261932,380,29188,330,Urban,Oils and fats,Costa Rica,Quintile 1,2018
3.2989704608917236,26,,CRI,226,261932,382,29188,330,Urban,Oils and fats,Costa Rica,Quintile 2,2018
2.9801759719848633,26,,CRI,226,261932,383,29188,330,Urban,Oils and fats,Costa Rica,Quintile 3,2018
2.7138407230377197,26,,CRI,226,261932,384,29188,330,Urban,Oils and fats,Costa Rica,Quintile 4,2018
2.084139585494995,26,,CRI,226,261932,381,29188,330,Urban,Oils and fats,Costa Rica,Quintile 5,2018
2.7565085887908936,26,,CRI,226,261932,379,29188,330,Urban,Oils and fats,Costa Rica,Total quintile,2018
6.400071144104004,26,,CRI,226,261936,380,29188,327,National,Ready-made food and other food products n.e.c.,Costa Rica,Quintile 1,2018
6.355169773101807,26,,CRI,226,261936,382,29188,327,National,Ready-made food and other food products n.e.c.,Costa Rica,Quintile 2,2018
6.926280975341797,26,,CRI,226,261936,383,29188,327,National,Ready-made food and other food products n.e.c.,Costa Rica,Quintile 3,2018
6.84136962890625,26,,CRI,226,261936,384,29188,327,National,Ready-made food and other food products n.e.c.,Costa Rica,Quintile 4,2018
6.631453990936279,26,,CRI,226,261936,381,29188,327,National,Ready-made food and other food products n.e.c.,Costa Rica,Quintile 5,2018
6.658170700073242,26,,CRI,226,261936,379,29188,327,National,Ready-made food and other food products n.e.c.,Costa Rica,Total quintile,2018
5.80112886428833,26,,CRI,226,261936,380,29188,331,Rural,Ready-made food and other food products n.e.c.,Costa Rica,Quintile 1,2018
6.062569618225098,26,,CRI,226,261936,382,29188,331,Rural,Ready-made food and other food products n.e.c.,Costa Rica,Quintile 2,2018
6.941777229309082,26,,CRI,226,261936,383,29188,331,Rural,Ready-made food and other food products n.e.c.,Costa Rica,Quintile 3,2018
6.01797342300415,26,,CRI,226,261936,384,29188,331,Rural,Ready-made food and other food products n.e.c.,Costa Rica,Quintile 4,2018
5.930586814880371,26,,CRI,226,261936,381,29188,331,Rural,Ready-made food and other food products n.e.c.,Costa Rica,Quintile 5,2018
6.141916751861572,26,,CRI,226,261936,379,29188,331,Rural,Ready-made food and other food products n.e.c.,Costa Rica,Total quintile,2018
6.295938014984131,26,,CRI,226,261936,380,29188,330,Urban,Ready-made food and other food products n.e.c.,Costa Rica,Quintile 1,2018
6.75710916519165,26,,CRI,226,261936,382,29188,330,Urban,Ready-made food and other food products n.e.c.,Costa Rica,Quintile 2,2018
7.612823963165283,26,,CRI,226,261936,383,29188,330,Urban,Ready-made food and other food products n.e.c.,Costa Rica,Quintile 3,2018
6.645127773284912,26,,CRI,226,261936,384,29188,330,Urban,Ready-made food and other food products n.e.c.,Costa Rica,Quintile 4,2018
6.743216037750244,26,,CRI,226,261936,381,29188,330,Urban,Ready-made food and other food products n.e.c.,Costa Rica,Quintile 5,2018
6.831804275512695,26,,CRI,226,261936,379,29188,330,Urban,Ready-made food and other food products n.e.c.,Costa Rica,Total quintile,2018
17.45553970336914,26,,CRI,226,261929,380,29188,327,National,"Live animals, meat and other parts of slaughtered land animals",Costa Rica,Quintile 1,2018
17.370519638061523,26,,CRI,226,261929,382,29188,327,National,"Live animals, meat and other parts of slaughtered land animals",Costa Rica,Quintile 2,2018
17.863977432250977,26,,CRI,226,261929,383,29188,327,National,"Live animals, meat and other parts of slaughtered land animals",Costa Rica,Quintile 3,2018
18.937644958496094,26,,CRI,226,261929,384,29188,327,National,"Live animals, meat and other parts of slaughtered land animals",Costa Rica,Quintile 4,2018
16.832616806030273,26,,CRI,226,261929,381,29188,327,National,"Live animals, meat and other parts of slaughtered land animals",Costa Rica,Quintile 5,2018
17.64767074584961,26,,CRI,226,261929,379,29188,327,National,"Live animals, meat and other parts of slaughtered land animals",Costa Rica,Total quintile,2018
15.506665229797363,26,,CRI,226,261929,380,29188,331,Rural,"Live animals, meat and other parts of slaughtered land animals",Costa Rica,Quintile 1,2018
18.912662506103516,26,,CRI,226,261929,382,29188,331,Rural,"Live animals, meat and other parts of slaughtered land animals",Costa Rica,Quintile 2,2018
16.245887756347656,26,,CRI,226,261929,383,29188,331,Rural,"Live animals, meat and other parts of slaughtered land animals",Costa Rica,Quintile 3,2018
18.917722702026367,26,,CRI,226,261929,384,29188,331,Rural,"Live animals, meat and other parts of slaughtered land animals",Costa Rica,Quintile 4,2018
17.630735397338867,26,,CRI,226,261929,381,29188,331,Rural,"Live animals, meat and other parts of slaughtered land animals",Costa Rica,Quintile 5,2018
17.592105865478516,26,,CRI,226,261929,379,29188,331,Rural,"Live animals, meat and other parts of slaughtered land animals",Costa Rica,Total quintile,2018
17.42292594909668,26,,CRI,226,261929,380,29188,330,Urban,"Live animals, meat and other parts of slaughtered land animals",Costa Rica,Quintile 1,2018
17.280031204223633,26,,CRI,226,261929,382,29188,330,Urban,"Live animals, meat and other parts of slaughtered land animals",Costa Rica,Quintile 2,2018
18.468481063842773,26,,CRI,226,261929,383,29188,330,Urban,"Live animals, meat and other parts of slaughtered land animals",Costa Rica,Quintile 3,2018
18.68586540222168,26,,CRI,226,261929,384,29188,330,Urban,"Live animals, meat and other parts of slaughtered land animals",Costa Rica,Quintile 4,2018
16.782123565673828,26,,CRI,226,261929,381,29188,330,Urban,"Live animals, meat and other parts of slaughtered land animals",Costa Rica,Quintile 5,2018
17.666358947753906,26,,CRI,226,261929,379,29188,330,Urban,"Live animals, meat and other parts of slaughtered land animals",Costa Rica,Total quintile,2018
6.474376678466797,26,,CRI,226,261935,380,29188,327,National,"Sugar, confectionery and desserts",Costa Rica,Quintile 1,2018
5.901416301727295,26,,CRI,226,261935,382,29188,327,National,"Sugar, confectionery and desserts",Costa Rica,Quintile 2,2018
5.359954833984375,26,,CRI,226,261935,383,29188,327,National,"Sugar, confectionery and desserts",Costa Rica,Quintile 3,2018
5.209175109863281,26,,CRI,226,261935,384,29188,327,National,"Sugar, confectionery and desserts",Costa Rica,Quintile 4,2018
5.610805511474609,26,,CRI,226,261935,381,29188,327,National,"Sugar, confectionery and desserts",Costa Rica,Quintile 5,2018
5.6326117515563965,26,,CRI,226,261935,379,29188,327,National,"Sugar, confectionery and desserts",Costa Rica,Total quintile,2018
8.311914443969727,26,,CRI,226,261935,380,29188,331,Rural,"Sugar, confectionery and desserts",Costa Rica,Quintile 1,2018
6.618597507476807,26,,CRI,226,261935,382,29188,331,Rural,"Sugar, confectionery and desserts",Costa Rica,Quintile 2,2018
5.585186958312988,26,,CRI,226,261935,383,29188,331,Rural,"Sugar, confectionery and desserts",Costa Rica,Quintile 3,2018
6.026150703430176,26,,CRI,226,261935,384,29188,331,Rural,"Sugar, confectionery and desserts",Costa Rica,Quintile 4,2018
6.357510089874268,26,,CRI,226,261935,381,29188,331,Rural,"Sugar, confectionery and desserts",Costa Rica,Quintile 5,2018
6.452395439147949,26,,CRI,226,261935,379,29188,331,Rural,"Sugar, confectionery and desserts",Costa Rica,Total quintile,2018
5.798663139343262,26,,CRI,226,261935,380,29188,330,Urban,"Sugar, confectionery and desserts",Costa Rica,Quintile 1,2018
5.603793621063232,26,,CRI,226,261935,382,29188,330,Urban,"Sugar, confectionery and desserts",Costa Rica,Quintile 2,2018
5.085866451263428,26,,CRI,226,261935,383,29188,330,Urban,"Sugar, confectionery and desserts",Costa Rica,Quintile 3,2018
5.169921398162842,26,,CRI,226,261935,384,29188,330,Urban,"Sugar, confectionery and desserts",Costa Rica,Quintile 4,2018
5.34935188293457,26,,CRI,226,261935,381,29188,330,Urban,"Sugar, confectionery and desserts",Costa Rica,Quintile 5,2018
5.356890678405762,26,,CRI,226,261935,379,29188,330,Urban,"Sugar, confectionery and desserts",Costa Rica,Total quintile,2018
9.164894104003906,26,,CRI,226,261946,380,29188,327,National,Non - alcoholic beverages,Costa Rica,Quintile 1,2018
8.625850677490234,26,,CRI,226,261946,382,29188,327,National,Non - alcoholic beverages,Costa Rica,Quintile 2,2018
8.256562232971191,26,,CRI,226,261946,383,29188,327,National,Non - alcoholic beverages,Costa Rica,Quintile 3,2018
7.908501148223877,26,,CRI,226,261946,384,29188,327,National,Non - alcoholic beverages,Costa Rica,Quintile 4,2018
8.29053783416748,26,,CRI,226,261946,381,29188,327,National,Non - alcoholic beverages,Costa Rica,Quintile 5,2018
8.364974021911621,26,,CRI,226,261946,379,29188,327,National,Non - alcoholic beverages,Costa Rica,Total quintile,2018
9.78431510925293,26,,CRI,226,261946,380,29188,331,Rural,Non - alcoholic beverages,Costa Rica,Quintile 1,2018
8.892472267150879,26,,CRI,226,261946,382,29188,331,Rural,Non - alcoholic beverages,Costa Rica,Quintile 2,2018
8.89744758605957,26,,CRI,226,261946,383,29188,331,Rural,Non - alcoholic beverages,Costa Rica,Quintile 3,2018
8.49880313873291,26,,CRI,226,261946,384,29188,331,Rural,Non - alcoholic beverages,Costa Rica,Quintile 4,2018
8.021008491516113,26,,CRI,226,261946,381,29188,331,Rural,Non - alcoholic beverages,Costa Rica,Quintile 5,2018
8.681049346923828,26,,CRI,226,261946,379,29188,331,Rural,Non - alcoholic beverages,Costa Rica,Total quintile,2018
8.902303695678711,26,,CRI,226,261946,380,29188,330,Urban,Non - alcoholic beverages,Costa Rica,Quintile 1,2018
8.54150104522705,26,,CRI,226,261946,382,29188,330,Urban,Non - alcoholic beverages,Costa Rica,Quintile 2,2018
8.080591201782227,26,,CRI,226,261946,383,29188,330,Urban,Non - alcoholic beverages,Costa Rica,Quintile 3,2018
7.834417819976807,26,,CRI,226,261946,384,29188,330,Urban,Non - alcoholic beverages,Costa Rica,Quintile 4,2018
8.260485649108887,26,,CRI,226,261946,381,29188,330,Urban,Non - alcoholic beverages,Costa Rica,Quintile 5,2018
8.2586669921875,26,,CRI,226,261946,379,29188,330,Urban,Non - alcoholic beverages,Costa Rica,Total quintile,2018
24.94594383239746,26,,CRI,226,261937,380,29188,327,National,Cereals and cereal products,Costa Rica,Quintile 1,2018
24.25010871887207,26,,CRI,226,261937,382,29188,327,National,Cereals and cereal products,Costa Rica,Quintile 2,2018
23.076616287231445,26,,CRI,226,261937,383,29188,327,National,Cereals and cereal products,Costa Rica,Quintile 3,2018
20.462732315063477,26,,CRI,226,261937,384,29188,327,National,Cereals and cereal products,Costa Rica,Quintile 4,2018
18.375713348388672,26,,CRI,226,261937,381,29188,327,National,Cereals and cereal products,Costa Rica,Quintile 5,2018
21.46604347229004,26,,CRI,226,261937,379,29188,327,National,Cereals and cereal products,Costa Rica,Total quintile,2018
26.64181137084961,26,,CRI,226,261937,380,29188,331,Rural,Cereals and cereal products,Costa Rica,Quintile 1,2018
24.532705307006836,26,,CRI,226,261937,382,29188,331,Rural,Cereals and cereal products,Costa Rica,Quintile 2,2018
24.123559951782227,26,,CRI,226,261937,383,29188,331,Rural,Cereals and cereal products,Costa Rica,Quintile 3,2018
22.749897003173828,26,,CRI,226,261937,384,29188,331,Rural,Cereals and cereal products,Costa Rica,Quintile 4,2018
20.211103439331055,26,,CRI,226,261937,381,29188,331,Rural,Cereals and cereal products,Costa Rica,Quintile 5,2018
23.124937057495117,26,,CRI,226,261937,379,29188,331,Rural,Cereals and cereal products,Costa Rica,Total quintile,2018
23.892656326293945,26,,CRI,226,261937,380,29188,330,Urban,Cereals and cereal products,Costa Rica,Quintile 1,2018
25.065141677856445,26,,CRI,226,261937,382,29188,330,Urban,Cereals and cereal products,Costa Rica,Quintile 2,2018
21.554346084594727,26,,CRI,226,261937,383,29188,330,Urban,Cereals and cereal products,Costa Rica,Quintile 3,2018
19.955602645874023,26,,CRI,226,261937,384,29188,330,Urban,Cereals and cereal products,Costa Rica,Quintile 4,2018
17.94524574279785,26,,CRI,226,261937,381,29188,330,Urban,Cereals and cereal products,Costa Rica,Quintile 5,2018
20.90810203552246,26,,CRI,226,261937,379,29188,330,Urban,Cereals and cereal products,Costa Rica,Total quintile,2018
2.754725694656372,26,,CRI,226,261933,380,29188,327,National,Fruits and nuts,Costa Rica,Quintile 1,2018
4.0220794677734375,26,,CRI,226,261933,382,29188,327,National,Fruits and nuts,Costa Rica,Quintile 2,2018
4.694940090179443,26,,CRI,226,261933,383,29188,327,National,Fruits and nuts,Costa Rica,Quintile 3,2018
6.340033054351807,26,,CRI,226,261933,384,29188,327,National,Fruits and nuts,Costa Rica,Quintile 4,2018
9.030735969543457,26,,CRI,226,261933,381,29188,327,National,Fruits and nuts,Costa Rica,Quintile 5,2018
6.050719738006592,26,,CRI,226,261933,379,29188,327,National,Fruits and nuts,Costa Rica,Total quintile,2018
2.1888108253479004,26,,CRI,226,261933,380,29188,331,Rural,Fruits and nuts,Costa Rica,Quintile 1,2018
3.368025541305542,26,,CRI,226,261933,382,29188,331,Rural,Fruits and nuts,Costa Rica,Quintile 2,2018
4.332712173461914,26,,CRI,226,261933,383,29188,331,Rural,Fruits and nuts,Costa Rica,Quintile 3,2018
4.504624843597412,26,,CRI,226,261933,384,29188,331,Rural,Fruits and nuts,Costa Rica,Quintile 4,2018
7.833892345428467,26,,CRI,226,261933,381,29188,331,Rural,Fruits and nuts,Costa Rica,Quintile 5,2018
4.90070104598999,26,,CRI,226,261933,379,29188,331,Rural,Fruits and nuts,Costa Rica,Total quintile,2018
3.2692859172821045,26,,CRI,226,261933,380,29188,330,Urban,Fruits and nuts,Costa Rica,Quintile 1,2018
3.8946149349212646,26,,CRI,226,261933,382,29188,330,Urban,Fruits and nuts,Costa Rica,Quintile 2,2018
5.23190975189209,26,,CRI,226,261933,383,29188,330,Urban,Fruits and nuts,Costa Rica,Quintile 3,2018
6.808317184448242,26,,CRI,226,261933,384,29188,330,Urban,Fruits and nuts,Costa Rica,Quintile 4,2018
9.403491973876953,26,,CRI,226,261933,381,29188,330,Urban,Fruits and nuts,Costa Rica,Quintile 5,2018
6.437510013580322,26,,CRI,226,261933,379,29188,330,Urban,Fruits and nuts,Costa Rica,Total quintile,2018
11.921684265136719,26,,CRI,226,261934,380,29188,327,National,"Vegetables, tubers, plantains, cooking bananas and pulses",Costa Rica,Quintile 1,2018
12.30220890045166,26,,CRI,226,261934,382,29188,327,National,"Vegetables, tubers, plantains, cooking bananas and pulses",Costa Rica,Quintile 2,2018
12.340916633605957,26,,CRI,226,261934,383,29188,327,National,"Vegetables, tubers, plantains, cooking bananas and pulses",Costa Rica,Quintile 3,2018
13.65438461303711,26,,CRI,226,261934,384,29188,327,National,"Vegetables, tubers, plantains, cooking bananas and pulses",Costa Rica,Quintile 4,2018
13.107840538024902,26,,CRI,226,261934,381,29188,327,National,"Vegetables, tubers, plantains, cooking bananas and pulses",Costa Rica,Quintile 5,2018
12.807738304138184,26,,CRI,226,261934,379,29188,327,National,"Vegetables, tubers, plantains, cooking bananas and pulses",Costa Rica,Total quintile,2018
11.645358085632324,26,,CRI,226,261934,380,29188,331,Rural,"Vegetables, tubers, plantains, cooking bananas and pulses",Costa Rica,Quintile 1,2018
11.8626708984375,26,,CRI,226,261934,382,29188,331,Rural,"Vegetables, tubers, plantains, cooking bananas and pulses",Costa Rica,Quintile 2,2018
13.397002220153809,26,,CRI,226,261934,383,29188,331,Rural,"Vegetables, tubers, plantains, cooking bananas and pulses",Costa Rica,Quintile 3,2018
12.11061954498291,26,,CRI,226,261934,384,29188,331,Rural,"Vegetables, tubers, plantains, cooking bananas and pulses",Costa Rica,Quintile 4,2018
12.614959716796875,26,,CRI,226,261934,381,29188,331,Rural,"Vegetables, tubers, plantains, cooking bananas and pulses",Costa Rica,Quintile 5,2018
12.384623527526855,26,,CRI,226,261934,379,29188,331,Rural,"Vegetables, tubers, plantains, cooking bananas and pulses",Costa Rica,Total quintile,2018
12.723610877990723,26,,CRI,226,261934,380,29188,330,Urban,"Vegetables, tubers, plantains, cooking bananas and pulses",Costa Rica,Quintile 1,2018
10.94945240020752,26,,CRI,226,261934,382,29188,330,Urban,"Vegetables, tubers, plantains, cooking bananas and pulses",Costa Rica,Quintile 2,2018
13.65609073638916,26,,CRI,226,261934,383,29188,330,Urban,"Vegetables, tubers, plantains, cooking bananas and pulses",Costa Rica,Quintile 3,2018
13.681151390075684,26,,CRI,226,261934,384,29188,330,Urban,"Vegetables, tubers, plantains, cooking bananas and pulses",Costa Rica,Quintile 4,2018
13.11034107208252,26,,CRI,226,261934,381,29188,330,Urban,"Vegetables, tubers, plantains, cooking bananas and pulses",Costa Rica,Quintile 5,2018
12.950045585632324,26,,CRI,226,261934,379,29188,330,Urban,"Vegetables, tubers, plantains, cooking bananas and pulses",Costa Rica,Total quintile,2018
12.880399703979492,26,,CRI,226,261931,380,29188,327,National,"Milk, other dairy products and eggs",Costa Rica,Quintile 1,2018
13.738813400268555,26,,CRI,226,261931,382,29188,327,National,"Milk, other dairy products and eggs",Costa Rica,Quintile 2,2018
13.761761665344238,26,,CRI,226,261931,383,29188,327,National,"Milk, other dairy products and eggs",Costa Rica,Quintile 3,2018
13.439538955688477,26,,CRI,226,261931,384,29188,327,National,"Milk, other dairy products and eggs",Costa Rica,Quintile 4,2018
14.64520263671875,26,,CRI,226,261931,381,29188,327,National,"Milk, other dairy products and eggs",Costa Rica,Quintile 5,2018
13.850698471069336,26,,CRI,226,261931,379,29188,327,National,"Milk, other dairy products and eggs",Costa Rica,Total quintile,2018
11.154202461242676,26,,CRI,226,261931,380,29188,331,Rural,"Milk, other dairy products and eggs",Costa Rica,Quintile 1,2018
12.124961853027344,26,,CRI,226,261931,382,29188,331,Rural,"Milk, other dairy products and eggs",Costa Rica,Quintile 2,2018
12.988845825195312,26,,CRI,226,261931,383,29188,331,Rural,"Milk, other dairy products and eggs",Costa Rica,Quintile 3,2018
12.445585250854492,26,,CRI,226,261931,384,29188,331,Rural,"Milk, other dairy products and eggs",Costa Rica,Quintile 4,2018
13.356115341186523,26,,CRI,226,261931,381,29188,331,Rural,"Milk, other dairy products and eggs",Costa Rica,Quintile 5,2018
12.571073532104492,26,,CRI,226,261931,379,29188,331,Rural,"Milk, other dairy products and eggs",Costa Rica,Total quintile,2018
14.247215270996094,26,,CRI,226,261931,380,29188,330,Urban,"Milk, other dairy products and eggs",Costa Rica,Quintile 1,2018
14.472113609313965,26,,CRI,226,261931,382,29188,330,Urban,"Milk, other dairy products and eggs",Costa Rica,Quintile 2,2018
13.190153121948242,26,,CRI,226,261931,383,29188,330,Urban,"Milk, other dairy products and eggs",Costa Rica,Quintile 3,2018
14.039528846740723,26,,CRI,226,261931,384,29188,330,Urban,"Milk, other dairy products and eggs",Costa Rica,Quintile 4,2018
15.0121431350708,26,,CRI,226,261931,381,29188,330,Urban,"Milk, other dairy products and eggs",Costa Rica,Quintile 5,2018
14.281078338623047,26,,CRI,226,261931,379,29188,330,Urban,"Milk, other dairy products and eggs",Costa Rica,Total quintile,2018
4.081548690795898,26,,CRI,226,261930,380,29188,327,National,Fish and other seafood,Costa Rica,Quintile 1,2018
4.007658004760742,26,,CRI,226,261930,382,29188,327,National,Fish and other seafood,Costa Rica,Quintile 2,2018
4.485286235809326,26,,CRI,226,261930,383,29188,327,National,Fish and other seafood,Costa Rica,Quintile 3,2018
4.601839542388916,26,,CRI,226,261930,384,29188,327,National,Fish and other seafood,Costa Rica,Quintile 4,2018
5.225281715393066,26,,CRI,226,261930,381,29188,327,National,Fish and other seafood,Costa Rica,Quintile 5,2018
4.613655090332031,26,,CRI,226,261930,379,29188,327,National,Fish and other seafood,Costa Rica,Total quintile,2018
4.283586502075195,26,,CRI,226,261930,380,29188,331,Rural,Fish and other seafood,Costa Rica,Quintile 1,2018
4.0957207679748535,26,,CRI,226,261930,382,29188,331,Rural,Fish and other seafood,Costa Rica,Quintile 2,2018
3.8718197345733643,26,,CRI,226,261930,383,29188,331,Rural,Fish and other seafood,Costa Rica,Quintile 3,2018
5.264448165893555,26,,CRI,226,261930,384,29188,331,Rural,Fish and other seafood,Costa Rica,Quintile 4,2018
5.690349578857422,26,,CRI,226,261930,381,29188,331,Rural,Fish and other seafood,Costa Rica,Quintile 5,2018
4.793887138366699,26,,CRI,226,261930,379,29188,331,Rural,Fish and other seafood,Costa Rica,Total quintile,2018
3.926804304122925,26,,CRI,226,261930,380,29188,330,Urban,Fish and other seafood,Costa Rica,Quintile 1,2018
4.137270450592041,26,,CRI,226,261930,382,29188,330,Urban,Fish and other seafood,Costa Rica,Quintile 2,2018
4.139560222625732,26,,CRI,226,261930,383,29188,330,Urban,Fish and other seafood,Costa Rica,Quintile 3,2018
4.466228008270264,26,,CRI,226,261930,384,29188,330,Urban,Fish and other seafood,Costa Rica,Quintile 4,2018
5.30946159362793,26,,CRI,226,261930,381,29188,330,Urban,Fish and other seafood,Costa Rica,Quintile 5,2018
4.553036689758301,26,,CRI,226,261930,379,29188,330,Urban,Fish and other seafood,Costa Rica,Total quintile,2018
4.128872871398926,26,,ECU,229,261932,380,29184,327,National,Oils and fats,Ecuador,Quintile 1,2014
3.8778440952301025,26,,ECU,229,261932,382,29184,327,National,Oils and fats,Ecuador,Quintile 2,2014
3.6260223388671875,26,,ECU,229,261932,383,29184,327,National,Oils and fats,Ecuador,Quintile 3,2014
3.2145328521728516,26,,ECU,229,261932,384,29184,327,National,Oils and fats,Ecuador,Quintile 4,2014
2.659456729888916,26,,ECU,229,261932,381,29184,327,National,Oils and fats,Ecuador,Quintile 5,2014
3.3890469074249268,26,,ECU,229,261932,379,29184,327,National,Oils and fats,Ecuador,Total quintile,2014
4.380539894104004,26,,ECU,229,261932,380,29184,331,Rural,Oils and fats,Ecuador,Quintile 1,2014
4.536855697631836,26,,ECU,229,261932,382,29184,331,Rural,Oils and fats,Ecuador,Quintile 2,2014
4.319915294647217,26,,ECU,229,261932,383,29184,331,Rural,Oils and fats,Ecuador,Quintile 3,2014
4.21531343460083,26,,ECU,229,261932,384,29184,331,Rural,Oils and fats,Ecuador,Quintile 4,2014
3.5347354412078857,26,,ECU,229,261932,381,29184,331,Rural,Oils and fats,Ecuador,Quintile 5,2014
4.131353378295898,26,,ECU,229,261932,379,29184,331,Rural,Oils and fats,Ecuador,Total quintile,2014
3.6950972080230713,26,,ECU,229,261932,380,29184,330,Urban,Oils and fats,Ecuador,Quintile 1,2014
3.5135951042175293,26,,ECU,229,261932,382,29184,330,Urban,Oils and fats,Ecuador,Quintile 2,2014
3.2851626873016357,26,,ECU,229,261932,383,29184,330,Urban,Oils and fats,Ecuador,Quintile 3,2014
2.896104335784912,26,,ECU,229,261932,384,29184,330,Urban,Oils and fats,Ecuador,Quintile 4,2014
2.5343308448791504,26,,ECU,229,261932,381,29184,330,Urban,Oils and fats,Ecuador,Quintile 5,2014
3.1058361530303955,26,,ECU,229,261932,379,29184,330,Urban,Oils and fats,Ecuador,Total quintile,2014
1.2332801818847656,26,,ECU,229,261936,380,29184,327,National,Ready-made food and other food products n.e.c.,Ecuador,Quintile 1,2014
1.225614070892334,26,,ECU,229,261936,382,29184,327,National,Ready-made food and other food products n.e.c.,Ecuador,Quintile 2,2014
1.2038029432296753,26,,ECU,229,261936,383,29184,327,National,Ready-made food and other food products n.e.c.,Ecuador,Quintile 3,2014
1.1245096921920776,26,,ECU,229,261936,384,29184,327,National,Ready-made food and other food products n.e.c.,Ecuador,Quintile 4,2014
1.0893101692199707,26,,ECU,229,261936,381,29184,327,National,Ready-made food and other food products n.e.c.,Ecuador,Quintile 5,2014
1.1633182764053345,26,,ECU,229,261936,379,29184,327,National,Ready-made food and other food products n.e.c.,Ecuador,Total quintile,2014
1.182691216468811,26,,ECU,229,261936,380,29184,331,Rural,Ready-made food and other food products n.e.c.,Ecuador,Quintile 1,2014
1.27462899684906,26,,ECU,229,261936,382,29184,331,Rural,Ready-made food and other food products n.e.c.,Ecuador,Quintile 2,2014
1.2108259201049805,26,,ECU,229,261936,383,29184,331,Rural,Ready-made food and other food products n.e.c.,Ecuador,Quintile 3,2014
1.163924217224121,26,,ECU,229,261936,384,29184,331,Rural,Ready-made food and other food products n.e.c.,Ecuador,Quintile 4,2014
1.0594525337219238,26,,ECU,229,261936,381,29184,331,Rural,Ready-made food and other food products n.e.c.,Ecuador,Quintile 5,2014
1.1668384075164795,26,,ECU,229,261936,379,29184,331,Rural,Ready-made food and other food products n.e.c.,Ecuador,Total quintile,2014
1.2101284265518188,26,,ECU,229,261936,380,29184,330,Urban,Ready-made food and other food products n.e.c.,Ecuador,Quintile 1,2014
1.252271294593811,26,,ECU,229,261936,382,29184,330,Urban,Ready-made food and other food products n.e.c.,Ecuador,Quintile 2,2014
1.1878252029418945,26,,ECU,229,261936,383,29184,330,Urban,Ready-made food and other food products n.e.c.,Ecuador,Quintile 3,2014
1.114815592765808,26,,ECU,229,261936,384,29184,330,Urban,Ready-made food and other food products n.e.c.,Ecuador,Quintile 4,2014
1.0931285619735718,26,,ECU,229,261936,381,29184,330,Urban,Ready-made food and other food products n.e.c.,Ecuador,Quintile 5,2014
1.1619752645492554,26,,ECU,229,261936,379,29184,330,Urban,Ready-made food and other food products n.e.c.,Ecuador,Total quintile,2014
16.377899169921875,26,,ECU,229,261929,380,29184,327,National,"Live animals, meat and other parts of slaughtered land animals",Ecuador,Quintile 1,2014
17.500152587890625,26,,ECU,229,261929,382,29184,327,National,"Live animals, meat and other parts of slaughtered land animals",Ecuador,Quintile 2,2014
18.26189422607422,26,,ECU,229,261929,383,29184,327,National,"Live animals, meat and other parts of slaughtered land animals",Ecuador,Quintile 3,2014
18.570655822753906,26,,ECU,229,261929,384,29184,327,National,"Live animals, meat and other parts of slaughtered land animals",Ecuador,Quintile 4,2014
18.841022491455078,26,,ECU,229,261929,381,29184,327,National,"Live animals, meat and other parts of slaughtered land animals",Ecuador,Quintile 5,2014
18.089542388916016,26,,ECU,229,261929,379,29184,327,National,"Live animals, meat and other parts of slaughtered land animals",Ecuador,Total quintile,2014
14.942937850952148,26,,ECU,229,261929,380,29184,331,Rural,"Live animals, meat and other parts of slaughtered land animals",Ecuador,Quintile 1,2014
16.349205017089844,26,,ECU,229,261929,382,29184,331,Rural,"Live animals, meat and other parts of slaughtered land animals",Ecuador,Quintile 2,2014
17.01265525817871,26,,ECU,229,261929,383,29184,331,Rural,"Live animals, meat and other parts of slaughtered land animals",Ecuador,Quintile 3,2014
17.293306350708008,26,,ECU,229,261929,384,29184,331,Rural,"Live animals, meat and other parts of slaughtered land animals",Ecuador,Quintile 4,2014
18.105621337890625,26,,ECU,229,261929,381,29184,331,Rural,"Live animals, meat and other parts of slaughtered land animals",Ecuador,Quintile 5,2014
16.961912155151367,26,,ECU,229,261929,379,29184,331,Rural,"Live animals, meat and other parts of slaughtered land animals",Ecuador,Total quintile,2014
17.473857879638672,26,,ECU,229,261929,380,29184,330,Urban,"Live animals, meat and other parts of slaughtered land animals",Ecuador,Quintile 1,2014
18.234697341918945,26,,ECU,229,261929,382,29184,330,Urban,"Live animals, meat and other parts of slaughtered land animals",Ecuador,Quintile 2,2014
18.74273109436035,26,,ECU,229,261929,383,29184,330,Urban,"Live animals, meat and other parts of slaughtered land animals",Ecuador,Quintile 3,2014
18.7984676361084,26,,ECU,229,261929,384,29184,330,Urban,"Live animals, meat and other parts of slaughtered land animals",Ecuador,Quintile 4,2014
18.906984329223633,26,,ECU,229,261929,381,29184,330,Urban,"Live animals, meat and other parts of slaughtered land animals",Ecuador,Quintile 5,2014
18.519765853881836,26,,ECU,229,261929,379,29184,330,Urban,"Live animals, meat and other parts of slaughtered land animals",Ecuador,Total quintile,2014
3.5726256370544434,26,,ECU,229,261935,380,29184,327,National,"Sugar, confectionery and desserts",Ecuador,Quintile 1,2014
3.2598447799682617,26,,ECU,229,261935,382,29184,327,National,"Sugar, confectionery and desserts",Ecuador,Quintile 2,2014
3.0600717067718506,26,,ECU,229,261935,383,29184,327,National,"Sugar, confectionery and desserts",Ecuador,Quintile 3,2014
2.845438003540039,26,,ECU,229,261935,384,29184,327,National,"Sugar, confectionery and desserts",Ecuador,Quintile 4,2014
2.3370141983032227,26,,ECU,229,261935,381,29184,327,National,"Sugar, confectionery and desserts",Ecuador,Quintile 5,2014
2.924678325653076,26,,ECU,229,261935,379,29184,327,National,"Sugar, confectionery and desserts",Ecuador,Total quintile,2014
4.049684524536133,26,,ECU,229,261935,380,29184,331,Rural,"Sugar, confectionery and desserts",Ecuador,Quintile 1,2014
3.8451995849609375,26,,ECU,229,261935,382,29184,331,Rural,"Sugar, confectionery and desserts",Ecuador,Quintile 2,2014
3.798800230026245,26,,ECU,229,261935,383,29184,331,Rural,"Sugar, confectionery and desserts",Ecuador,Quintile 3,2014
3.6403274536132812,26,,ECU,229,261935,384,29184,331,Rural,"Sugar, confectionery and desserts",Ecuador,Quintile 4,2014
3.1165363788604736,26,,ECU,229,261935,381,29184,331,Rural,"Sugar, confectionery and desserts",Ecuador,Quintile 5,2014
3.622938394546509,26,,ECU,229,261935,379,29184,331,Rural,"Sugar, confectionery and desserts",Ecuador,Total quintile,2014
3.066882848739624,26,,ECU,229,261935,380,29184,330,Urban,"Sugar, confectionery and desserts",Ecuador,Quintile 1,2014
2.8895745277404785,26,,ECU,229,261935,382,29184,330,Urban,"Sugar, confectionery and desserts",Ecuador,Quintile 2,2014
2.739551067352295,26,,ECU,229,261935,383,29184,330,Urban,"Sugar, confectionery and desserts",Ecuador,Quintile 3,2014
2.646317720413208,26,,ECU,229,261935,384,29184,330,Urban,"Sugar, confectionery and desserts",Ecuador,Quintile 4,2014
2.218698263168335,26,,ECU,229,261935,381,29184,330,Urban,"Sugar, confectionery and desserts",Ecuador,Quintile 5,2014
2.6582725048065186,26,,ECU,229,261935,379,29184,330,Urban,"Sugar, confectionery and desserts",Ecuador,Total quintile,2014
3.068732261657715,26,,ECU,229,261946,380,29184,327,National,Non - alcoholic beverages,Ecuador,Quintile 1,2014
3.50957989692688,26,,ECU,229,261946,382,29184,327,National,Non - alcoholic beverages,Ecuador,Quintile 2,2014
3.8859972953796387,26,,ECU,229,261946,383,29184,327,National,Non - alcoholic beverages,Ecuador,Quintile 3,2014
4.124240875244141,26,,ECU,229,261946,384,29184,327,National,Non - alcoholic beverages,Ecuador,Quintile 4,2014
4.657838344573975,26,,ECU,229,261946,381,29184,327,National,Non - alcoholic beverages,Ecuador,Quintile 5,2014
3.966357469558716,26,,ECU,229,261946,379,29184,327,National,Non - alcoholic beverages,Ecuador,Total quintile,2014
2.316056966781616,26,,ECU,229,261946,380,29184,331,Rural,Non - alcoholic beverages,Ecuador,Quintile 1,2014
2.626883029937744,26,,ECU,229,261946,382,29184,331,Rural,Non - alcoholic beverages,Ecuador,Quintile 2,2014
2.671048164367676,26,,ECU,229,261946,383,29184,331,Rural,Non - alcoholic beverages,Ecuador,Quintile 3,2014
2.951474666595459,26,,ECU,229,261946,384,29184,331,Rural,Non - alcoholic beverages,Ecuador,Quintile 4,2014
3.518279790878296,26,,ECU,229,261946,381,29184,331,Rural,Non - alcoholic beverages,Ecuador,Quintile 5,2014
2.9041342735290527,26,,ECU,229,261946,379,29184,331,Rural,Non - alcoholic beverages,Ecuador,Total quintile,2014
3.7614734172821045,26,,ECU,229,261946,380,29184,330,Urban,Non - alcoholic beverages,Ecuador,Quintile 1,2014
4.217045783996582,26,,ECU,229,261946,382,29184,330,Urban,Non - alcoholic beverages,Ecuador,Quintile 2,2014
4.312624454498291,26,,ECU,229,261946,383,29184,330,Urban,Non - alcoholic beverages,Ecuador,Quintile 3,2014
4.4616312980651855,26,,ECU,229,261946,384,29184,330,Urban,Non - alcoholic beverages,Ecuador,Quintile 4,2014
4.792091369628906,26,,ECU,229,261946,381,29184,330,Urban,Non - alcoholic beverages,Ecuador,Quintile 5,2014
4.371625900268555,26,,ECU,229,261946,379,29184,330,Urban,Non - alcoholic beverages,Ecuador,Total quintile,2014
21.874513626098633,26,,ECU,229,261937,380,29184,327,National,Cereals and cereal products,Ecuador,Quintile 1,2014
20.41522789001465,26,,ECU,229,261937,382,29184,327,National,Cereals and cereal products,Ecuador,Quintile 2,2014
19.4032039642334,26,,ECU,229,261937,383,29184,327,National,Cereals and cereal products,Ecuador,Quintile 3,2014
18.17487144470215,26,,ECU,229,261937,384,29184,327,National,Cereals and cereal products,Ecuador,Quintile 4,2014
15.857885360717773,26,,ECU,229,261937,381,29184,327,National,Cereals and cereal products,Ecuador,Quintile 5,2014
18.69993019104004,26,,ECU,229,261937,379,29184,327,National,Cereals and cereal products,Ecuador,Total quintile,2014
21.9190673828125,26,,ECU,229,261937,380,29184,331,Rural,Cereals and cereal products,Ecuador,Quintile 1,2014
21.5186767578125,26,,ECU,229,261937,382,29184,331,Rural,Cereals and cereal products,Ecuador,Quintile 2,2014
20.684202194213867,26,,ECU,229,261937,383,29184,331,Rural,Cereals and cereal products,Ecuador,Quintile 3,2014
20.113420486450195,26,,ECU,229,261937,384,29184,331,Rural,Cereals and cereal products,Ecuador,Quintile 4,2014
17.856691360473633,26,,ECU,229,261937,381,29184,331,Rural,Cereals and cereal products,Ecuador,Quintile 5,2014
20.114791870117188,26,,ECU,229,261937,379,29184,331,Rural,Cereals and cereal products,Ecuador,Total quintile,2014
21.504995346069336,26,,ECU,229,261937,380,29184,330,Urban,Cereals and cereal products,Ecuador,Quintile 1,2014
19.5915470123291,26,,ECU,229,261937,382,29184,330,Urban,Cereals and cereal products,Ecuador,Quintile 2,2014
18.51243019104004,26,,ECU,229,261937,383,29184,330,Urban,Cereals and cereal products,Ecuador,Quintile 3,2014
17.458683013916016,26,,ECU,229,261937,384,29184,330,Urban,Cereals and cereal products,Ecuador,Quintile 4,2014
15.610237121582031,26,,ECU,229,261937,381,29184,330,Urban,Cereals and cereal products,Ecuador,Quintile 5,2014
18.160120010375977,26,,ECU,229,261937,379,29184,330,Urban,Cereals and cereal products,Ecuador,Total quintile,2014
8.646862983703613,26,,ECU,229,261933,380,29184,327,National,Fruits and nuts,Ecuador,Quintile 1,2014
9.687042236328125,26,,ECU,229,261933,382,29184,327,National,Fruits and nuts,Ecuador,Quintile 2,2014
10.474295616149902,26,,ECU,229,261933,383,29184,327,National,Fruits and nuts,Ecuador,Quintile 3,2014
11.631068229675293,26,,ECU,229,261933,384,29184,327,National,Fruits and nuts,Ecuador,Quintile 4,2014
13.673409461975098,26,,ECU,229,261933,381,29184,327,National,Fruits and nuts,Ecuador,Quintile 5,2014
11.198041915893555,26,,ECU,229,261933,379,29184,327,National,Fruits and nuts,Ecuador,Total quintile,2014
8.09442138671875,26,,ECU,229,261933,380,29184,331,Rural,Fruits and nuts,Ecuador,Quintile 1,2014
8.766694068908691,26,,ECU,229,261933,382,29184,331,Rural,Fruits and nuts,Ecuador,Quintile 2,2014
9.423929214477539,26,,ECU,229,261933,383,29184,331,Rural,Fruits and nuts,Ecuador,Quintile 3,2014
10.234657287597656,26,,ECU,229,261933,384,29184,331,Rural,Fruits and nuts,Ecuador,Quintile 4,2014
12.088459968566895,26,,ECU,229,261933,381,29184,331,Rural,Fruits and nuts,Ecuador,Quintile 5,2014
10.020089149475098,26,,ECU,229,261933,379,29184,331,Rural,Fruits and nuts,Ecuador,Total quintile,2014
9.209711074829102,26,,ECU,229,261933,380,29184,330,Urban,Fruits and nuts,Ecuador,Quintile 1,2014
10.282970428466797,26,,ECU,229,261933,382,29184,330,Urban,Fruits and nuts,Ecuador,Quintile 2,2014
11.094952583312988,26,,ECU,229,261933,383,29184,330,Urban,Fruits and nuts,Ecuador,Quintile 3,2014
12.119070053100586,26,,ECU,229,261933,384,29184,330,Urban,Fruits and nuts,Ecuador,Quintile 4,2014
13.978883743286133,26,,ECU,229,261933,381,29184,330,Urban,Fruits and nuts,Ecuador,Quintile 5,2014
11.647464752197266,26,,ECU,229,261933,379,29184,330,Urban,Fruits and nuts,Ecuador,Total quintile,2014
21.252668380737305,26,,ECU,229,261934,380,29184,327,National,"Vegetables, tubers, plantains, cooking bananas and pulses",Ecuador,Quintile 1,2014
19.77526092529297,26,,ECU,229,261934,382,29184,327,National,"Vegetables, tubers, plantains, cooking bananas and pulses",Ecuador,Quintile 2,2014
18.9115047454834,26,,ECU,229,261934,383,29184,327,National,"Vegetables, tubers, plantains, cooking bananas and pulses",Ecuador,Quintile 3,2014
18.326068878173828,26,,ECU,229,261934,384,29184,327,National,"Vegetables, tubers, plantains, cooking bananas and pulses",Ecuador,Quintile 4,2014
16.923402786254883,26,,ECU,229,261934,381,29184,327,National,"Vegetables, tubers, plantains, cooking bananas and pulses",Ecuador,Quintile 5,2014
18.725688934326172,26,,ECU,229,261934,379,29184,327,National,"Vegetables, tubers, plantains, cooking bananas and pulses",Ecuador,Total quintile,2014
24.276933670043945,26,,ECU,229,261934,380,29184,331,Rural,"Vegetables, tubers, plantains, cooking bananas and pulses",Ecuador,Quintile 1,2014
22.195274353027344,26,,ECU,229,261934,382,29184,331,Rural,"Vegetables, tubers, plantains, cooking bananas and pulses",Ecuador,Quintile 2,2014
21.766075134277344,26,,ECU,229,261934,383,29184,331,Rural,"Vegetables, tubers, plantains, cooking bananas and pulses",Ecuador,Quintile 3,2014
21.094375610351562,26,,ECU,229,261934,384,29184,331,Rural,"Vegetables, tubers, plantains, cooking bananas and pulses",Ecuador,Quintile 4,2014
20.058076858520508,26,,ECU,229,261934,381,29184,331,Rural,"Vegetables, tubers, plantains, cooking bananas and pulses",Ecuador,Quintile 5,2014
21.585220336914062,26,,ECU,229,261934,379,29184,331,Rural,"Vegetables, tubers, plantains, cooking bananas and pulses",Ecuador,Total quintile,2014
18.7896728515625,26,,ECU,229,261934,380,29184,330,Urban,"Vegetables, tubers, plantains, cooking bananas and pulses",Ecuador,Quintile 1,2014
18.195133209228516,26,,ECU,229,261934,382,29184,330,Urban,"Vegetables, tubers, plantains, cooking bananas and pulses",Ecuador,Quintile 2,2014
18.009429931640625,26,,ECU,229,261934,383,29184,330,Urban,"Vegetables, tubers, plantains, cooking bananas and pulses",Ecuador,Quintile 3,2014
17.46868896484375,26,,ECU,229,261934,384,29184,330,Urban,"Vegetables, tubers, plantains, cooking bananas and pulses",Ecuador,Quintile 4,2014
16.455713272094727,26,,ECU,229,261934,381,29184,330,Urban,"Vegetables, tubers, plantains, cooking bananas and pulses",Ecuador,Quintile 5,2014
17.634695053100586,26,,ECU,229,261934,379,29184,330,Urban,"Vegetables, tubers, plantains, cooking bananas and pulses",Ecuador,Total quintile,2014
12.891587257385254,26,,ECU,229,261931,380,29184,327,National,"Milk, other dairy products and eggs",Ecuador,Quintile 1,2014
13.59682846069336,26,,ECU,229,261931,382,29184,327,National,"Milk, other dairy products and eggs",Ecuador,Quintile 2,2014
14.05489730834961,26,,ECU,229,261931,383,29184,327,National,"Milk, other dairy products and eggs",Ecuador,Quintile 3,2014
14.541097640991211,26,,ECU,229,261931,384,29184,327,National,"Milk, other dairy products and eggs",Ecuador,Quintile 4,2014
15.863591194152832,26,,ECU,229,261931,381,29184,327,National,"Milk, other dairy products and eggs",Ecuador,Quintile 5,2014
14.406208992004395,26,,ECU,229,261931,379,29184,327,National,"Milk, other dairy products and eggs",Ecuador,Total quintile,2014
12.06583309173584,26,,ECU,229,261931,380,29184,331,Rural,"Milk, other dairy products and eggs",Ecuador,Quintile 1,2014
12.5593900680542,26,,ECU,229,261931,382,29184,331,Rural,"Milk, other dairy products and eggs",Ecuador,Quintile 2,2014
12.843644142150879,26,,ECU,229,261931,383,29184,331,Rural,"Milk, other dairy products and eggs",Ecuador,Quintile 3,2014
12.912965774536133,26,,ECU,229,261931,384,29184,331,Rural,"Milk, other dairy products and eggs",Ecuador,Quintile 4,2014
13.814179420471191,26,,ECU,229,261931,381,29184,331,Rural,"Milk, other dairy products and eggs",Ecuador,Quintile 5,2014
12.961735725402832,26,,ECU,229,261931,379,29184,331,Rural,"Milk, other dairy products and eggs",Ecuador,Total quintile,2014
13.55907917022705,26,,ECU,229,261931,380,29184,330,Urban,"Milk, other dairy products and eggs",Ecuador,Quintile 1,2014
14.382822036743164,26,,ECU,229,261931,382,29184,330,Urban,"Milk, other dairy products and eggs",Ecuador,Quintile 2,2014
14.535491943359375,26,,ECU,229,261931,383,29184,330,Urban,"Milk, other dairy products and eggs",Ecuador,Quintile 3,2014
15.36152172088623,26,,ECU,229,261931,384,29184,330,Urban,"Milk, other dairy products and eggs",Ecuador,Quintile 4,2014
16.121910095214844,26,,ECU,229,261931,381,29184,330,Urban,"Milk, other dairy products and eggs",Ecuador,Quintile 5,2014
14.957315444946289,26,,ECU,229,261931,379,29184,330,Urban,"Milk, other dairy products and eggs",Ecuador,Total quintile,2014
6.952957630157471,26,,ECU,229,261930,380,29184,327,National,Fish and other seafood,Ecuador,Quintile 1,2014
7.152605056762695,26,,ECU,229,261930,382,29184,327,National,Fish and other seafood,Ecuador,Quintile 2,2014
7.118309020996094,26,,ECU,229,261930,383,29184,327,National,Fish and other seafood,Ecuador,Quintile 3,2014
7.447518825531006,26,,ECU,229,261930,384,29184,327,National,Fish and other seafood,Ecuador,Quintile 4,2014
8.097068786621094,26,,ECU,229,261930,381,29184,327,National,Fish and other seafood,Ecuador,Quintile 5,2014
7.437187671661377,26,,ECU,229,261930,379,29184,327,National,Fish and other seafood,Ecuador,Total quintile,2014
6.771833419799805,26,,ECU,229,261930,380,29184,331,Rural,Fish and other seafood,Ecuador,Quintile 1,2014
6.327192306518555,26,,ECU,229,261930,382,29184,331,Rural,Fish and other seafood,Ecuador,Quintile 2,2014
6.268903732299805,26,,ECU,229,261930,383,29184,331,Rural,Fish and other seafood,Ecuador,Quintile 3,2014
6.380234718322754,26,,ECU,229,261930,384,29184,331,Rural,Fish and other seafood,Ecuador,Quintile 4,2014
6.847967624664307,26,,ECU,229,261930,381,29184,331,Rural,Fish and other seafood,Ecuador,Quintile 5,2014
6.53098726272583,26,,ECU,229,261930,379,29184,331,Rural,Fish and other seafood,Ecuador,Total quintile,2014
7.72910213470459,26,,ECU,229,261930,380,29184,330,Urban,Fish and other seafood,Ecuador,Quintile 1,2014
7.440342426300049,26,,ECU,229,261930,382,29184,330,Urban,Fish and other seafood,Ecuador,Quintile 2,2014
7.579801082611084,26,,ECU,229,261930,383,29184,330,Urban,Fish and other seafood,Ecuador,Quintile 3,2014
7.674698829650879,26,,ECU,229,261930,384,29184,330,Urban,Fish and other seafood,Ecuador,Quintile 4,2014
8.288022994995117,26,,ECU,229,261930,381,29184,330,Urban,Fish and other seafood,Ecuador,Quintile 5,2014
7.782928943634033,26,,ECU,229,261930,379,29184,330,Urban,Fish and other seafood,Ecuador,Total quintile,2014
3.461679220199585,26,,SLV,230,261932,380,29176,327,National,Oils and fats,El Salvador,Quintile 1,2006
3.3064355850219727,26,,SLV,230,261932,382,29176,327,National,Oils and fats,El Salvador,Quintile 2,2006
2.7925422191619873,26,,SLV,230,261932,383,29176,327,National,Oils and fats,El Salvador,Quintile 3,2006
2.509976863861084,26,,SLV,230,261932,384,29176,327,National,Oils and fats,El Salvador,Quintile 4,2006
2.092175006866455,26,,SLV,230,261932,381,29176,327,National,Oils and fats,El Salvador,Quintile 5,2006
2.6690948009490967,26,,SLV,230,261932,379,29176,327,National,Oils and fats,El Salvador,Total quintile,2006
3.958965539932251,26,,SLV,230,261932,380,29176,331,Rural,Oils and fats,El Salvador,Quintile 1,2006
3.819244384765625,26,,SLV,230,261932,382,29176,331,Rural,Oils and fats,El Salvador,Quintile 2,2006
3.924229860305786,26,,SLV,230,261932,383,29176,331,Rural,Oils and fats,El Salvador,Quintile 3,2006
3.803335428237915,26,,SLV,230,261932,384,29176,331,Rural,Oils and fats,El Salvador,Quintile 4,2006
3.1504156589508057,26,,SLV,230,261932,381,29176,331,Rural,Oils and fats,El Salvador,Quintile 5,2006
3.658031463623047,26,,SLV,230,261932,379,29176,331,Rural,Oils and fats,El Salvador,Total quintile,2006
2.7894654273986816,26,,SLV,230,261932,380,29176,330,Urban,Oils and fats,El Salvador,Quintile 1,2006
2.413752794265747,26,,SLV,230,261932,382,29176,330,Urban,Oils and fats,El Salvador,Quintile 2,2006
2.171044111251831,26,,SLV,230,261932,383,29176,330,Urban,Oils and fats,El Salvador,Quintile 3,2006
2.0969858169555664,26,,SLV,230,261932,384,29176,330,Urban,Oils and fats,El Salvador,Quintile 4,2006
2.0789101123809814,26,,SLV,230,261932,381,29176,330,Urban,Oils and fats,El Salvador,Quintile 5,2006
2.252836227416992,26,,SLV,230,261932,379,29176,330,Urban,Oils and fats,El Salvador,Total quintile,2006
4.647130966186523,26,,SLV,230,261936,380,29176,327,National,Ready-made food and other food products n.e.c.,El Salvador,Quintile 1,2006
5.061523914337158,26,,SLV,230,261936,382,29176,327,National,Ready-made food and other food products n.e.c.,El Salvador,Quintile 2,2006
4.476230621337891,26,,SLV,230,261936,383,29176,327,National,Ready-made food and other food products n.e.c.,El Salvador,Quintile 3,2006
4.259702205657959,26,,SLV,230,261936,384,29176,327,National,Ready-made food and other food products n.e.c.,El Salvador,Quintile 4,2006
4.100812911987305,26,,SLV,230,261936,381,29176,327,National,Ready-made food and other food products n.e.c.,El Salvador,Quintile 5,2006
4.418581962585449,26,,SLV,230,261936,379,29176,327,National,Ready-made food and other food products n.e.c.,El Salvador,Total quintile,2006
4.662793159484863,26,,SLV,230,261936,380,29176,331,Rural,Ready-made food and other food products n.e.c.,El Salvador,Quintile 1,2006
6.924255847930908,26,,SLV,230,261936,382,29176,331,Rural,Ready-made food and other food products n.e.c.,El Salvador,Quintile 2,2006
4.677073955535889,26,,SLV,230,261936,383,29176,331,Rural,Ready-made food and other food products n.e.c.,El Salvador,Quintile 3,2006
4.839409351348877,26,,SLV,230,261936,384,29176,331,Rural,Ready-made food and other food products n.e.c.,El Salvador,Quintile 4,2006
4.383156776428223,26,,SLV,230,261936,381,29176,331,Rural,Ready-made food and other food products n.e.c.,El Salvador,Quintile 5,2006
4.977148056030273,26,,SLV,230,261936,379,29176,331,Rural,Ready-made food and other food products n.e.c.,El Salvador,Total quintile,2006
4.090023994445801,26,,SLV,230,261936,380,29176,330,Urban,Ready-made food and other food products n.e.c.,El Salvador,Quintile 1,2006
4.30051326751709,26,,SLV,230,261936,382,29176,330,Urban,Ready-made food and other food products n.e.c.,El Salvador,Quintile 2,2006
4.395284175872803,26,,SLV,230,261936,383,29176,330,Urban,Ready-made food and other food products n.e.c.,El Salvador,Quintile 3,2006
4.092709064483643,26,,SLV,230,261936,384,29176,330,Urban,Ready-made food and other food products n.e.c.,El Salvador,Quintile 4,2006
4.098537445068359,26,,SLV,230,261936,381,29176,330,Urban,Ready-made food and other food products n.e.c.,El Salvador,Quintile 5,2006
4.183473110198975,26,,SLV,230,261936,379,29176,330,Urban,Ready-made food and other food products n.e.c.,El Salvador,Total quintile,2006
11.873247146606445,26,,SLV,230,261929,380,29176,327,National,"Live animals, meat and other parts of slaughtered land animals",El Salvador,Quintile 1,2006
12.532768249511719,26,,SLV,230,261929,382,29176,327,National,"Live animals, meat and other parts of slaughtered land animals",El Salvador,Quintile 2,2006
15.403424263000488,26,,SLV,230,261929,383,29176,327,National,"Live animals, meat and other parts of slaughtered land animals",El Salvador,Quintile 3,2006
17.877513885498047,26,,SLV,230,261929,384,29176,327,National,"Live animals, meat and other parts of slaughtered land animals",El Salvador,Quintile 4,2006
19.978078842163086,26,,SLV,230,261929,381,29176,327,National,"Live animals, meat and other parts of slaughtered land animals",El Salvador,Quintile 5,2006
16.531169891357422,26,,SLV,230,261929,379,29176,327,National,"Live animals, meat and other parts of slaughtered land animals",El Salvador,Total quintile,2006
10.844038963317871,26,,SLV,230,261929,380,29176,331,Rural,"Live animals, meat and other parts of slaughtered land animals",El Salvador,Quintile 1,2006
8.676403045654297,26,,SLV,230,261929,382,29176,331,Rural,"Live animals, meat and other parts of slaughtered land animals",El Salvador,Quintile 2,2006
11.443877220153809,26,,SLV,230,261929,383,29176,331,Rural,"Live animals, meat and other parts of slaughtered land animals",El Salvador,Quintile 3,2006
12.124201774597168,26,,SLV,230,261929,384,29176,331,Rural,"Live animals, meat and other parts of slaughtered land animals",El Salvador,Quintile 4,2006
16.055435180664062,26,,SLV,230,261929,381,29176,331,Rural,"Live animals, meat and other parts of slaughtered land animals",El Salvador,Quintile 5,2006
12.4212064743042,26,,SLV,230,261929,379,29176,331,Rural,"Live animals, meat and other parts of slaughtered land animals",El Salvador,Total quintile,2006
14.334924697875977,26,,SLV,230,261929,380,29176,330,Urban,"Live animals, meat and other parts of slaughtered land animals",El Salvador,Quintile 1,2006
16.34665870666504,26,,SLV,230,261929,382,29176,330,Urban,"Live animals, meat and other parts of slaughtered land animals",El Salvador,Quintile 2,2006
18.069509506225586,26,,SLV,230,261929,383,29176,330,Urban,"Live animals, meat and other parts of slaughtered land animals",El Salvador,Quintile 3,2006
18.97710418701172,26,,SLV,230,261929,384,29176,330,Urban,"Live animals, meat and other parts of slaughtered land animals",El Salvador,Quintile 4,2006
20.70624351501465,26,,SLV,230,261929,381,29176,330,Urban,"Live animals, meat and other parts of slaughtered land animals",El Salvador,Quintile 5,2006
18.261117935180664,26,,SLV,230,261929,379,29176,330,Urban,"Live animals, meat and other parts of slaughtered land animals",El Salvador,Total quintile,2006
5.415517330169678,26,,SLV,230,261935,380,29176,327,National,"Sugar, confectionery and desserts",El Salvador,Quintile 1,2006
5.216851711273193,26,,SLV,230,261935,382,29176,327,National,"Sugar, confectionery and desserts",El Salvador,Quintile 2,2006
3.703787326812744,26,,SLV,230,261935,383,29176,327,National,"Sugar, confectionery and desserts",El Salvador,Quintile 3,2006
2.9718503952026367,26,,SLV,230,261935,384,29176,327,National,"Sugar, confectionery and desserts",El Salvador,Quintile 4,2006
2.7660367488861084,26,,SLV,230,261935,381,29176,327,National,"Sugar, confectionery and desserts",El Salvador,Quintile 5,2006
3.6898820400238037,26,,SLV,230,261935,379,29176,327,National,"Sugar, confectionery and desserts",El Salvador,Total quintile,2006
6.86716365814209,26,,SLV,230,261935,380,29176,331,Rural,"Sugar, confectionery and desserts",El Salvador,Quintile 1,2006
6.419229030609131,26,,SLV,230,261935,382,29176,331,Rural,"Sugar, confectionery and desserts",El Salvador,Quintile 2,2006
8.062715530395508,26,,SLV,230,261935,383,29176,331,Rural,"Sugar, confectionery and desserts",El Salvador,Quintile 3,2006
5.09556770324707,26,,SLV,230,261935,384,29176,331,Rural,"Sugar, confectionery and desserts",El Salvador,Quintile 4,2006
3.6322755813598633,26,,SLV,230,261935,381,29176,331,Rural,"Sugar, confectionery and desserts",El Salvador,Quintile 5,2006
5.689910411834717,26,,SLV,230,261935,379,29176,331,Rural,"Sugar, confectionery and desserts",El Salvador,Total quintile,2006
3.2617416381835938,26,,SLV,230,261935,380,29176,330,Urban,"Sugar, confectionery and desserts",El Salvador,Quintile 1,2006
2.9952237606048584,26,,SLV,230,261935,382,29176,330,Urban,"Sugar, confectionery and desserts",El Salvador,Quintile 2,2006
2.9907519817352295,26,,SLV,230,261935,383,29176,330,Urban,"Sugar, confectionery and desserts",El Salvador,Quintile 3,2006
2.754862070083618,26,,SLV,230,261935,384,29176,330,Urban,"Sugar, confectionery and desserts",El Salvador,Quintile 4,2006
2.5553529262542725,26,,SLV,230,261935,381,29176,330,Urban,"Sugar, confectionery and desserts",El Salvador,Quintile 5,2006
2.848039388656616,26,,SLV,230,261935,379,29176,330,Urban,"Sugar, confectionery and desserts",El Salvador,Total quintile,2006
9.995253562927246,26,,SLV,230,261946,380,29176,327,National,Non - alcoholic beverages,El Salvador,Quintile 1,2006
9.523709297180176,26,,SLV,230,261946,382,29176,327,National,Non - alcoholic beverages,El Salvador,Quintile 2,2006
10.316515922546387,26,,SLV,230,261946,383,29176,327,National,Non - alcoholic beverages,El Salvador,Quintile 3,2006
10.342264175415039,26,,SLV,230,261946,384,29176,327,National,Non - alcoholic beverages,El Salvador,Quintile 4,2006
10.104456901550293,26,,SLV,230,261946,381,29176,327,National,Non - alcoholic beverages,El Salvador,Quintile 5,2006
10.092571258544922,26,,SLV,230,261946,379,29176,327,National,Non - alcoholic beverages,El Salvador,Total quintile,2006
10.10849380493164,26,,SLV,230,261946,380,29176,331,Rural,Non - alcoholic beverages,El Salvador,Quintile 1,2006
8.62105941772461,26,,SLV,230,261946,382,29176,331,Rural,Non - alcoholic beverages,El Salvador,Quintile 2,2006
10.014174461364746,26,,SLV,230,261946,383,29176,331,Rural,Non - alcoholic beverages,El Salvador,Quintile 3,2006
10.658677101135254,26,,SLV,230,261946,384,29176,331,Rural,Non - alcoholic beverages,El Salvador,Quintile 4,2006
10.037311553955078,26,,SLV,230,261946,381,29176,331,Rural,Non - alcoholic beverages,El Salvador,Quintile 5,2006
9.945842742919922,26,,SLV,230,261946,379,29176,331,Rural,Non - alcoholic beverages,El Salvador,Total quintile,2006
10.04239559173584,26,,SLV,230,261946,380,29176,330,Urban,Non - alcoholic beverages,El Salvador,Quintile 1,2006
9.752784729003906,26,,SLV,230,261946,382,29176,330,Urban,Non - alcoholic beverages,El Salvador,Quintile 2,2006
10.119098663330078,26,,SLV,230,261946,383,29176,330,Urban,Non - alcoholic beverages,El Salvador,Quintile 3,2006
10.29085636138916,26,,SLV,230,261946,384,29176,330,Urban,Non - alcoholic beverages,El Salvador,Quintile 4,2006
10.341796875,26,,SLV,230,261946,381,29176,330,Urban,Non - alcoholic beverages,El Salvador,Quintile 5,2006
10.154332160949707,26,,SLV,230,261946,379,29176,330,Urban,Non - alcoholic beverages,El Salvador,Total quintile,2006
27.924762725830078,26,,SLV,230,261937,380,29176,327,National,Cereals and cereal products,El Salvador,Quintile 1,2006
27.493284225463867,26,,SLV,230,261937,382,29176,327,National,Cereals and cereal products,El Salvador,Quintile 2,2006
26.94774627685547,26,,SLV,230,261937,383,29176,327,National,Cereals and cereal products,El Salvador,Quintile 3,2006
24.615156173706055,26,,SLV,230,261937,384,29176,327,National,Cereals and cereal products,El Salvador,Quintile 4,2006
21.480850219726562,26,,SLV,230,261937,381,29176,327,National,Cereals and cereal products,El Salvador,Quintile 5,2006
24.88456916809082,26,,SLV,230,261937,379,29176,327,National,Cereals and cereal products,El Salvador,Total quintile,2006
27.256629943847656,26,,SLV,230,261937,380,29176,331,Rural,Cereals and cereal products,El Salvador,Quintile 1,2006
26.986549377441406,26,,SLV,230,261937,382,29176,331,Rural,Cereals and cereal products,El Salvador,Quintile 2,2006
25.183591842651367,26,,SLV,230,261937,383,29176,331,Rural,Cereals and cereal products,El Salvador,Quintile 3,2006
26.040210723876953,26,,SLV,230,261937,384,29176,331,Rural,Cereals and cereal products,El Salvador,Quintile 4,2006
24.737646102905273,26,,SLV,230,261937,381,29176,331,Rural,Cereals and cereal products,El Salvador,Quintile 5,2006
25.839082717895508,26,,SLV,230,261937,379,29176,331,Rural,Cereals and cereal products,El Salvador,Total quintile,2006
29.435171127319336,26,,SLV,230,261937,380,29176,330,Urban,Cereals and cereal products,El Salvador,Quintile 1,2006
27.365737915039062,26,,SLV,230,261937,382,29176,330,Urban,Cereals and cereal products,El Salvador,Quintile 2,2006
25.798206329345703,26,,SLV,230,261937,383,29176,330,Urban,Cereals and cereal products,El Salvador,Quintile 3,2006
23.374439239501953,26,,SLV,230,261937,384,29176,330,Urban,Cereals and cereal products,El Salvador,Quintile 4,2006
20.633129119873047,26,,SLV,230,261937,381,29176,330,Urban,Cereals and cereal products,El Salvador,Quintile 5,2006
24.48280143737793,26,,SLV,230,261937,379,29176,330,Urban,Cereals and cereal products,El Salvador,Total quintile,2006
3.218877077102661,26,,SLV,230,261933,380,29176,327,National,Fruits and nuts,El Salvador,Quintile 1,2006
3.2556188106536865,26,,SLV,230,261933,382,29176,327,National,Fruits and nuts,El Salvador,Quintile 2,2006
3.719478130340576,26,,SLV,230,261933,383,29176,327,National,Fruits and nuts,El Salvador,Quintile 3,2006
4.424812316894531,26,,SLV,230,261933,384,29176,327,National,Fruits and nuts,El Salvador,Quintile 4,2006
6.540013790130615,26,,SLV,230,261933,381,29176,327,National,Fruits and nuts,El Salvador,Quintile 5,2006
4.6458940505981445,26,,SLV,230,261933,379,29176,327,National,Fruits and nuts,El Salvador,Total quintile,2006
3.056770086288452,26,,SLV,230,261933,380,29176,331,Rural,Fruits and nuts,El Salvador,Quintile 1,2006
2.4820644855499268,26,,SLV,230,261933,382,29176,331,Rural,Fruits and nuts,El Salvador,Quintile 2,2006
2.5113015174865723,26,,SLV,230,261933,383,29176,331,Rural,Fruits and nuts,El Salvador,Quintile 3,2006
3.2621402740478516,26,,SLV,230,261933,384,29176,331,Rural,Fruits and nuts,El Salvador,Quintile 4,2006
4.394736289978027,26,,SLV,230,261933,381,29176,331,Rural,Fruits and nuts,El Salvador,Quintile 5,2006
3.3064727783203125,26,,SLV,230,261933,379,29176,331,Rural,Fruits and nuts,El Salvador,Total quintile,2006
3.704493761062622,26,,SLV,230,261933,380,29176,330,Urban,Fruits and nuts,El Salvador,Quintile 1,2006
3.9981977939605713,26,,SLV,230,261933,382,29176,330,Urban,Fruits and nuts,El Salvador,Quintile 2,2006
4.325979232788086,26,,SLV,230,261933,383,29176,330,Urban,Fruits and nuts,El Salvador,Quintile 3,2006
5.301525592803955,26,,SLV,230,261933,384,29176,330,Urban,Fruits and nuts,El Salvador,Quintile 4,2006
7.026886463165283,26,,SLV,230,261933,381,29176,330,Urban,Fruits and nuts,El Salvador,Quintile 5,2006
5.209677219390869,26,,SLV,230,261933,379,29176,330,Urban,Fruits and nuts,El Salvador,Total quintile,2006
13.363666534423828,26,,SLV,230,261934,380,29176,327,National,"Vegetables, tubers, plantains, cooking bananas and pulses",El Salvador,Quintile 1,2006
13.757535934448242,26,,SLV,230,261934,382,29176,327,National,"Vegetables, tubers, plantains, cooking bananas and pulses",El Salvador,Quintile 2,2006
12.485810279846191,26,,SLV,230,261934,383,29176,327,National,"Vegetables, tubers, plantains, cooking bananas and pulses",El Salvador,Quintile 3,2006
11.494281768798828,26,,SLV,230,261934,384,29176,327,National,"Vegetables, tubers, plantains, cooking bananas and pulses",El Salvador,Quintile 4,2006
11.285273551940918,26,,SLV,230,261934,381,29176,327,National,"Vegetables, tubers, plantains, cooking bananas and pulses",El Salvador,Quintile 5,2006
12.186285018920898,26,,SLV,230,261934,379,29176,327,National,"Vegetables, tubers, plantains, cooking bananas and pulses",El Salvador,Total quintile,2006
13.769137382507324,26,,SLV,230,261934,380,29176,331,Rural,"Vegetables, tubers, plantains, cooking bananas and pulses",El Salvador,Quintile 1,2006
16.927101135253906,26,,SLV,230,261934,382,29176,331,Rural,"Vegetables, tubers, plantains, cooking bananas and pulses",El Salvador,Quintile 2,2006
13.925424575805664,26,,SLV,230,261934,383,29176,331,Rural,"Vegetables, tubers, plantains, cooking bananas and pulses",El Salvador,Quintile 3,2006
13.945040702819824,26,,SLV,230,261934,384,29176,331,Rural,"Vegetables, tubers, plantains, cooking bananas and pulses",El Salvador,Quintile 4,2006
12.284355163574219,26,,SLV,230,261934,381,29176,331,Rural,"Vegetables, tubers, plantains, cooking bananas and pulses",El Salvador,Quintile 5,2006
13.89266586303711,26,,SLV,230,261934,379,29176,331,Rural,"Vegetables, tubers, plantains, cooking bananas and pulses",El Salvador,Total quintile,2006
11.976600646972656,26,,SLV,230,261934,380,29176,330,Urban,"Vegetables, tubers, plantains, cooking bananas and pulses",El Salvador,Quintile 1,2006
12.135446548461914,26,,SLV,230,261934,382,29176,330,Urban,"Vegetables, tubers, plantains, cooking bananas and pulses",El Salvador,Quintile 2,2006
11.576455116271973,26,,SLV,230,261934,383,29176,330,Urban,"Vegetables, tubers, plantains, cooking bananas and pulses",El Salvador,Quintile 3,2006
11.059311866760254,26,,SLV,230,261934,384,29176,330,Urban,"Vegetables, tubers, plantains, cooking bananas and pulses",El Salvador,Quintile 4,2006
11.102983474731445,26,,SLV,230,261934,381,29176,330,Urban,"Vegetables, tubers, plantains, cooking bananas and pulses",El Salvador,Quintile 5,2006
11.468043327331543,26,,SLV,230,261934,379,29176,330,Urban,"Vegetables, tubers, plantains, cooking bananas and pulses",El Salvador,Total quintile,2006
17.372873306274414,26,,SLV,230,261931,380,29176,327,National,"Milk, other dairy products and eggs",El Salvador,Quintile 1,2006
17.08003807067871,26,,SLV,230,261931,382,29176,327,National,"Milk, other dairy products and eggs",El Salvador,Quintile 2,2006
17.729310989379883,26,,SLV,230,261931,383,29176,327,National,"Milk, other dairy products and eggs",El Salvador,Quintile 3,2006
18.681766510009766,26,,SLV,230,261931,384,29176,327,National,"Milk, other dairy products and eggs",El Salvador,Quintile 4,2006
17.595022201538086,26,,SLV,230,261931,381,29176,327,National,"Milk, other dairy products and eggs",El Salvador,Quintile 5,2006
17.753671646118164,26,,SLV,230,261931,379,29176,327,National,"Milk, other dairy products and eggs",El Salvador,Total quintile,2006
16.740055084228516,26,,SLV,230,261931,380,29176,331,Rural,"Milk, other dairy products and eggs",El Salvador,Quintile 1,2006
16.442014694213867,26,,SLV,230,261931,382,29176,331,Rural,"Milk, other dairy products and eggs",El Salvador,Quintile 2,2006
16.8632755279541,26,,SLV,230,261931,383,29176,331,Rural,"Milk, other dairy products and eggs",El Salvador,Quintile 3,2006
17.039255142211914,26,,SLV,230,261931,384,29176,331,Rural,"Milk, other dairy products and eggs",El Salvador,Quintile 4,2006
16.689983367919922,26,,SLV,230,261931,381,29176,331,Rural,"Milk, other dairy products and eggs",El Salvador,Quintile 5,2006
16.761089324951172,26,,SLV,230,261931,379,29176,331,Rural,"Milk, other dairy products and eggs",El Salvador,Total quintile,2006
17.757858276367188,26,,SLV,230,261931,380,29176,330,Urban,"Milk, other dairy products and eggs",El Salvador,Quintile 1,2006
18.702547073364258,26,,SLV,230,261931,382,29176,330,Urban,"Milk, other dairy products and eggs",El Salvador,Quintile 2,2006
18.274126052856445,26,,SLV,230,261931,383,29176,330,Urban,"Milk, other dairy products and eggs",El Salvador,Quintile 3,2006
19.43914031982422,26,,SLV,230,261931,384,29176,330,Urban,"Milk, other dairy products and eggs",El Salvador,Quintile 4,2006
17.132259368896484,26,,SLV,230,261931,381,29176,330,Urban,"Milk, other dairy products and eggs",El Salvador,Quintile 5,2006
18.171464920043945,26,,SLV,230,261931,379,29176,330,Urban,"Milk, other dairy products and eggs",El Salvador,Total quintile,2006
2.726991653442383,26,,SLV,230,261930,380,29176,327,National,Fish and other seafood,El Salvador,Quintile 1,2006
2.772233724594116,26,,SLV,230,261930,382,29176,327,National,Fish and other seafood,El Salvador,Quintile 2,2006
2.4251530170440674,26,,SLV,230,261930,383,29176,327,National,Fish and other seafood,El Salvador,Quintile 3,2006
2.8226773738861084,26,,SLV,230,261930,384,29176,327,National,Fish and other seafood,El Salvador,Quintile 4,2006
4.057280540466309,26,,SLV,230,261930,381,29176,327,National,Fish and other seafood,El Salvador,Quintile 5,2006
3.1282782554626465,26,,SLV,230,261930,379,29176,327,National,Fish and other seafood,El Salvador,Total quintile,2006
2.7359530925750732,26,,SLV,230,261930,380,29176,331,Rural,Fish and other seafood,El Salvador,Quintile 1,2006
2.7020788192749023,26,,SLV,230,261930,382,29176,331,Rural,Fish and other seafood,El Salvador,Quintile 2,2006
3.394336700439453,26,,SLV,230,261930,383,29176,331,Rural,Fish and other seafood,El Salvador,Quintile 3,2006
3.192162275314331,26,,SLV,230,261930,384,29176,331,Rural,Fish and other seafood,El Salvador,Quintile 4,2006
4.634684085845947,26,,SLV,230,261930,381,29176,331,Rural,Fish and other seafood,El Salvador,Quintile 5,2006
3.5085527896881104,26,,SLV,230,261930,379,29176,331,Rural,Fish and other seafood,El Salvador,Total quintile,2006
2.6073243618011475,26,,SLV,230,261930,380,29176,330,Urban,Fish and other seafood,El Salvador,Quintile 1,2006
1.9891377687454224,26,,SLV,230,261930,382,29176,330,Urban,Fish and other seafood,El Salvador,Quintile 2,2006
2.2795441150665283,26,,SLV,230,261930,383,29176,330,Urban,Fish and other seafood,El Salvador,Quintile 3,2006
2.613064765930176,26,,SLV,230,261930,384,29176,330,Urban,Fish and other seafood,El Salvador,Quintile 4,2006
4.323898792266846,26,,SLV,230,261930,381,29176,330,Urban,Fish and other seafood,El Salvador,Quintile 5,2006
2.968214988708496,26,,SLV,230,261930,379,29176,330,Urban,Fish and other seafood,El Salvador,Total quintile,2006
1.6250051259994507,26,,GTM,235,261932,380,29184,327,National,Oils and fats,Guatemala,Quintile 1,2014
2.100149393081665,26,,GTM,235,261932,382,29184,327,National,Oils and fats,Guatemala,Quintile 2,2014
2.0984079837799072,26,,GTM,235,261932,383,29184,327,National,Oils and fats,Guatemala,Quintile 3,2014
2.279222249984741,26,,GTM,235,261932,384,29184,327,National,Oils and fats,Guatemala,Quintile 4,2014
2.096284866333008,26,,GTM,235,261932,381,29184,327,National,Oils and fats,Guatemala,Quintile 5,2014
2.0690178871154785,26,,GTM,235,261932,379,29184,327,National,Oils and fats,Guatemala,Total quintile,2014
1.5867751836776733,26,,GTM,235,261932,380,29184,331,Rural,Oils and fats,Guatemala,Quintile 1,2014
1.667997121810913,26,,GTM,235,261932,382,29184,331,Rural,Oils and fats,Guatemala,Quintile 2,2014
1.9268826246261597,26,,GTM,235,261932,383,29184,331,Rural,Oils and fats,Guatemala,Quintile 3,2014
2.0933566093444824,26,,GTM,235,261932,384,29184,331,Rural,Oils and fats,Guatemala,Quintile 4,2014
2.122391939163208,26,,GTM,235,261932,381,29184,331,Rural,Oils and fats,Guatemala,Quintile 5,2014
1.9166277647018433,26,,GTM,235,261932,379,29184,331,Rural,Oils and fats,Guatemala,Total quintile,2014
2.056766986846924,26,,GTM,235,261932,380,29184,330,Urban,Oils and fats,Guatemala,Quintile 1,2014
2.3096365928649902,26,,GTM,235,261932,382,29184,330,Urban,Oils and fats,Guatemala,Quintile 2,2014
2.2399561405181885,26,,GTM,235,261932,383,29184,330,Urban,Oils and fats,Guatemala,Quintile 3,2014
2.223965883255005,26,,GTM,235,261932,384,29184,330,Urban,Oils and fats,Guatemala,Quintile 4,2014
2.132864236831665,26,,GTM,235,261932,381,29184,330,Urban,Oils and fats,Guatemala,Quintile 5,2014
2.1937665939331055,26,,GTM,235,261932,379,29184,330,Urban,Oils and fats,Guatemala,Total quintile,2014
3.224228858947754,26,,GTM,235,261936,380,29184,327,National,Ready-made food and other food products n.e.c.,Guatemala,Quintile 1,2014
3.8726696968078613,26,,GTM,235,261936,382,29184,327,National,Ready-made food and other food products n.e.c.,Guatemala,Quintile 2,2014
4.919295787811279,26,,GTM,235,261936,383,29184,327,National,Ready-made food and other food products n.e.c.,Guatemala,Quintile 3,2014
5.355778694152832,26,,GTM,235,261936,384,29184,327,National,Ready-made food and other food products n.e.c.,Guatemala,Quintile 4,2014
5.853346347808838,26,,GTM,235,261936,381,29184,327,National,Ready-made food and other food products n.e.c.,Guatemala,Quintile 5,2014
4.854558944702148,26,,GTM,235,261936,379,29184,327,National,Ready-made food and other food products n.e.c.,Guatemala,Total quintile,2014
3.1013906002044678,26,,GTM,235,261936,380,29184,331,Rural,Ready-made food and other food products n.e.c.,Guatemala,Quintile 1,2014
3.1721043586730957,26,,GTM,235,261936,382,29184,331,Rural,Ready-made food and other food products n.e.c.,Guatemala,Quintile 2,2014
3.7658305168151855,26,,GTM,235,261936,383,29184,331,Rural,Ready-made food and other food products n.e.c.,Guatemala,Quintile 3,2014
4.455333709716797,26,,GTM,235,261936,384,29184,331,Rural,Ready-made food and other food products n.e.c.,Guatemala,Quintile 4,2014
4.7278971672058105,26,,GTM,235,261936,381,29184,331,Rural,Ready-made food and other food products n.e.c.,Guatemala,Quintile 5,2014
3.961913824081421,26,,GTM,235,261936,379,29184,331,Rural,Ready-made food and other food products n.e.c.,Guatemala,Total quintile,2014
4.233095169067383,26,,GTM,235,261936,380,29184,330,Urban,Ready-made food and other food products n.e.c.,Guatemala,Quintile 1,2014
5.165050506591797,26,,GTM,235,261936,382,29184,330,Urban,Ready-made food and other food products n.e.c.,Guatemala,Quintile 2,2014
6.047048091888428,26,,GTM,235,261936,383,29184,330,Urban,Ready-made food and other food products n.e.c.,Guatemala,Quintile 3,2014
5.680263519287109,26,,GTM,235,261936,384,29184,330,Urban,Ready-made food and other food products n.e.c.,Guatemala,Quintile 4,2014
6.160019397735596,26,,GTM,235,261936,381,29184,330,Urban,Ready-made food and other food products n.e.c.,Guatemala,Quintile 5,2014
5.585291385650635,26,,GTM,235,261936,379,29184,330,Urban,Ready-made food and other food products n.e.c.,Guatemala,Total quintile,2014
9.350239753723145,26,,GTM,235,261929,380,29184,327,National,"Live animals, meat and other parts of slaughtered land animals",Guatemala,Quintile 1,2014
11.807714462280273,26,,GTM,235,261929,382,29184,327,National,"Live animals, meat and other parts of slaughtered land animals",Guatemala,Quintile 2,2014
13.542974472045898,26,,GTM,235,261929,383,29184,327,National,"Live animals, meat and other parts of slaughtered land animals",Guatemala,Quintile 3,2014
15.699060440063477,26,,GTM,235,261929,384,29184,327,National,"Live animals, meat and other parts of slaughtered land animals",Guatemala,Quintile 4,2014
19.783998489379883,26,,GTM,235,261929,381,29184,327,National,"Live animals, meat and other parts of slaughtered land animals",Guatemala,Quintile 5,2014
14.85243034362793,26,,GTM,235,261929,379,29184,327,National,"Live animals, meat and other parts of slaughtered land animals",Guatemala,Total quintile,2014
8.726062774658203,26,,GTM,235,261929,380,29184,331,Rural,"Live animals, meat and other parts of slaughtered land animals",Guatemala,Quintile 1,2014
9.725268363952637,26,,GTM,235,261929,382,29184,331,Rural,"Live animals, meat and other parts of slaughtered land animals",Guatemala,Quintile 2,2014
11.99293041229248,26,,GTM,235,261929,383,29184,331,Rural,"Live animals, meat and other parts of slaughtered land animals",Guatemala,Quintile 3,2014
12.563563346862793,26,,GTM,235,261929,384,29184,331,Rural,"Live animals, meat and other parts of slaughtered land animals",Guatemala,Quintile 4,2014
15.810100555419922,26,,GTM,235,261929,381,29184,331,Rural,"Live animals, meat and other parts of slaughtered land animals",Guatemala,Quintile 5,2014
12.229449272155762,26,,GTM,235,261929,379,29184,331,Rural,"Live animals, meat and other parts of slaughtered land animals",Guatemala,Total quintile,2014
11.843111038208008,26,,GTM,235,261929,380,29184,330,Urban,"Live animals, meat and other parts of slaughtered land animals",Guatemala,Quintile 1,2014
14.397834777832031,26,,GTM,235,261929,382,29184,330,Urban,"Live animals, meat and other parts of slaughtered land animals",Guatemala,Quintile 2,2014
15.879295349121094,26,,GTM,235,261929,383,29184,330,Urban,"Live animals, meat and other parts of slaughtered land animals",Guatemala,Quintile 3,2014
18.3990421295166,26,,GTM,235,261929,384,29184,330,Urban,"Live animals, meat and other parts of slaughtered land animals",Guatemala,Quintile 4,2014
21.140756607055664,26,,GTM,235,261929,381,29184,330,Urban,"Live animals, meat and other parts of slaughtered land animals",Guatemala,Quintile 5,2014
16.999643325805664,26,,GTM,235,261929,379,29184,330,Urban,"Live animals, meat and other parts of slaughtered land animals",Guatemala,Total quintile,2014
4.675541877746582,26,,GTM,235,261935,380,29184,327,National,"Sugar, confectionery and desserts",Guatemala,Quintile 1,2014
4.907149314880371,26,,GTM,235,261935,382,29184,327,National,"Sugar, confectionery and desserts",Guatemala,Quintile 2,2014
4.844531536102295,26,,GTM,235,261935,383,29184,327,National,"Sugar, confectionery and desserts",Guatemala,Quintile 3,2014
4.544875144958496,26,,GTM,235,261935,384,29184,327,National,"Sugar, confectionery and desserts",Guatemala,Quintile 4,2014
4.135341644287109,26,,GTM,235,261935,381,29184,327,National,"Sugar, confectionery and desserts",Guatemala,Quintile 5,2014
4.567394256591797,26,,GTM,235,261935,379,29184,327,National,"Sugar, confectionery and desserts",Guatemala,Total quintile,2014
4.512946128845215,26,,GTM,235,261935,380,29184,331,Rural,"Sugar, confectionery and desserts",Guatemala,Quintile 1,2014
4.68014669418335,26,,GTM,235,261935,382,29184,331,Rural,"Sugar, confectionery and desserts",Guatemala,Quintile 2,2014
5.038843154907227,26,,GTM,235,261935,383,29184,331,Rural,"Sugar, confectionery and desserts",Guatemala,Quintile 3,2014
5.202915191650391,26,,GTM,235,261935,384,29184,331,Rural,"Sugar, confectionery and desserts",Guatemala,Quintile 4,2014
4.681035995483398,26,,GTM,235,261935,381,29184,331,Rural,"Sugar, confectionery and desserts",Guatemala,Quintile 5,2014
4.8350629806518555,26,,GTM,235,261935,379,29184,331,Rural,"Sugar, confectionery and desserts",Guatemala,Total quintile,2014
4.8520636558532715,26,,GTM,235,261935,380,29184,330,Urban,"Sugar, confectionery and desserts",Guatemala,Quintile 1,2014
4.618105411529541,26,,GTM,235,261935,382,29184,330,Urban,"Sugar, confectionery and desserts",Guatemala,Quintile 2,2014
4.375809192657471,26,,GTM,235,261935,383,29184,330,Urban,"Sugar, confectionery and desserts",Guatemala,Quintile 3,2014
4.257504463195801,26,,GTM,235,261935,384,29184,330,Urban,"Sugar, confectionery and desserts",Guatemala,Quintile 4,2014
3.956939697265625,26,,GTM,235,261935,381,29184,330,Urban,"Sugar, confectionery and desserts",Guatemala,Quintile 5,2014
4.3482770919799805,26,,GTM,235,261935,379,29184,330,Urban,"Sugar, confectionery and desserts",Guatemala,Total quintile,2014
2.7795655727386475,26,,GTM,235,261946,380,29184,327,National,Non - alcoholic beverages,Guatemala,Quintile 1,2014
3.4165494441986084,26,,GTM,235,261946,382,29184,327,National,Non - alcoholic beverages,Guatemala,Quintile 2,2014
4.043926239013672,26,,GTM,235,261946,383,29184,327,National,Non - alcoholic beverages,Guatemala,Quintile 3,2014
4.833888530731201,26,,GTM,235,261946,384,29184,327,National,Non - alcoholic beverages,Guatemala,Quintile 4,2014
6.293497085571289,26,,GTM,235,261946,381,29184,327,National,Non - alcoholic beverages,Guatemala,Quintile 5,2014
4.554388046264648,26,,GTM,235,261946,379,29184,327,National,Non - alcoholic beverages,Guatemala,Total quintile,2014
2.5466384887695312,26,,GTM,235,261946,380,29184,331,Rural,Non - alcoholic beverages,Guatemala,Quintile 1,2014
2.672189712524414,26,,GTM,235,261946,382,29184,331,Rural,Non - alcoholic beverages,Guatemala,Quintile 2,2014
3.2646563053131104,26,,GTM,235,261946,383,29184,331,Rural,Non - alcoholic beverages,Guatemala,Quintile 3,2014
3.7169995307922363,26,,GTM,235,261946,384,29184,331,Rural,Non - alcoholic beverages,Guatemala,Quintile 4,2014
4.626721382141113,26,,GTM,235,261946,381,29184,331,Rural,Non - alcoholic beverages,Guatemala,Quintile 5,2014
3.508610486984253,26,,GTM,235,261946,379,29184,331,Rural,Non - alcoholic beverages,Guatemala,Total quintile,2014
3.8413360118865967,26,,GTM,235,261946,380,29184,330,Urban,Non - alcoholic beverages,Guatemala,Quintile 1,2014
4.3394775390625,26,,GTM,235,261946,382,29184,330,Urban,Non - alcoholic beverages,Guatemala,Quintile 2,2014
5.112420082092285,26,,GTM,235,261946,383,29184,330,Urban,Non - alcoholic beverages,Guatemala,Quintile 3,2014
5.666303634643555,26,,GTM,235,261946,384,29184,330,Urban,Non - alcoholic beverages,Guatemala,Quintile 4,2014
6.960559844970703,26,,GTM,235,261946,381,29184,330,Urban,Non - alcoholic beverages,Guatemala,Quintile 5,2014
5.410477161407471,26,,GTM,235,261946,379,29184,330,Urban,Non - alcoholic beverages,Guatemala,Total quintile,2014
55.54871368408203,26,,GTM,235,261937,380,29184,327,National,Cereals and cereal products,Guatemala,Quintile 1,2014
48.11112594604492,26,,GTM,235,261937,382,29184,327,National,Cereals and cereal products,Guatemala,Quintile 2,2014
42.751861572265625,26,,GTM,235,261937,383,29184,327,National,Cereals and cereal products,Guatemala,Quintile 3,2014
36.27565383911133,26,,GTM,235,261937,384,29184,327,National,Cereals and cereal products,Guatemala,Quintile 4,2014
28.062149047851562,26,,GTM,235,261937,381,29184,327,National,Cereals and cereal products,Guatemala,Quintile 5,2014
39.99843215942383,26,,GTM,235,261937,379,29184,327,National,Cereals and cereal products,Guatemala,Total quintile,2014
57.267826080322266,26,,GTM,235,261937,380,29184,331,Rural,Cereals and cereal products,Guatemala,Quintile 1,2014
55.137451171875,26,,GTM,235,261937,382,29184,331,Rural,Cereals and cereal products,Guatemala,Quintile 2,2014
48.78367614746094,26,,GTM,235,261937,383,29184,331,Rural,Cereals and cereal products,Guatemala,Quintile 3,2014
45.55519485473633,26,,GTM,235,261937,384,29184,331,Rural,Cereals and cereal products,Guatemala,Quintile 4,2014
37.99778366088867,26,,GTM,235,261937,381,29184,331,Rural,Cereals and cereal products,Guatemala,Quintile 5,2014
47.64783477783203,26,,GTM,235,261937,379,29184,331,Rural,Cereals and cereal products,Guatemala,Total quintile,2014
46.31700134277344,26,,GTM,235,261937,380,29184,330,Urban,Cereals and cereal products,Guatemala,Quintile 1,2014
39.84433364868164,26,,GTM,235,261937,382,29184,330,Urban,Cereals and cereal products,Guatemala,Quintile 2,2014
34.48426818847656,26,,GTM,235,261937,383,29184,330,Urban,Cereals and cereal products,Guatemala,Quintile 3,2014
30.618003845214844,26,,GTM,235,261937,384,29184,330,Urban,Cereals and cereal products,Guatemala,Quintile 4,2014
25.035869598388672,26,,GTM,235,261937,381,29184,330,Urban,Cereals and cereal products,Guatemala,Quintile 5,2014
33.73651123046875,26,,GTM,235,261937,379,29184,330,Urban,Cereals and cereal products,Guatemala,Total quintile,2014
1.563696026802063,26,,GTM,235,261933,380,29184,327,National,Fruits and nuts,Guatemala,Quintile 1,2014
2.112901449203491,26,,GTM,235,261933,382,29184,327,National,Fruits and nuts,Guatemala,Quintile 2,2014
2.6087794303894043,26,,GTM,235,261933,383,29184,327,National,Fruits and nuts,Guatemala,Quintile 3,2014
3.162307024002075,26,,GTM,235,261933,384,29184,327,National,Fruits and nuts,Guatemala,Quintile 4,2014
4.899662017822266,26,,GTM,235,261933,381,29184,327,National,Fruits and nuts,Guatemala,Quintile 5,2014
3.132295608520508,26,,GTM,235,261933,379,29184,327,National,Fruits and nuts,Guatemala,Total quintile,2014
1.3834428787231445,26,,GTM,235,261933,380,29184,331,Rural,Fruits and nuts,Guatemala,Quintile 1,2014
1.6887792348861694,26,,GTM,235,261933,382,29184,331,Rural,Fruits and nuts,Guatemala,Quintile 2,2014
1.854239583015442,26,,GTM,235,261933,383,29184,331,Rural,Fruits and nuts,Guatemala,Quintile 3,2014
2.2509539127349854,26,,GTM,235,261933,384,29184,331,Rural,Fruits and nuts,Guatemala,Quintile 4,2014
2.9958205223083496,26,,GTM,235,261933,381,29184,331,Rural,Fruits and nuts,Guatemala,Quintile 5,2014
2.140446662902832,26,,GTM,235,261933,379,29184,331,Rural,Fruits and nuts,Guatemala,Total quintile,2014
2.4017529487609863,26,,GTM,235,261933,380,29184,330,Urban,Fruits and nuts,Guatemala,Quintile 1,2014
2.9982383251190186,26,,GTM,235,261933,382,29184,330,Urban,Fruits and nuts,Guatemala,Quintile 2,2014
3.302475690841675,26,,GTM,235,261933,383,29184,330,Urban,Fruits and nuts,Guatemala,Quintile 3,2014
4.419877529144287,26,,GTM,235,261933,384,29184,330,Urban,Fruits and nuts,Guatemala,Quintile 4,2014
5.474567890167236,26,,GTM,235,261933,381,29184,330,Urban,Fruits and nuts,Guatemala,Quintile 5,2014
3.9442381858825684,26,,GTM,235,261933,379,29184,330,Urban,Fruits and nuts,Guatemala,Total quintile,2014
2.1256282329559326,26,,GTM,235,261957,380,29184,327,National,Non-disaggregable expenditures by food group,Guatemala,Quintile 1,2014
2.124469757080078,26,,GTM,235,261957,382,29184,327,National,Non-disaggregable expenditures by food group,Guatemala,Quintile 2,2014
2.4120981693267822,26,,GTM,235,261957,383,29184,327,National,Non-disaggregable expenditures by food group,Guatemala,Quintile 3,2014
2.2663414478302,26,,GTM,235,261957,384,29184,327,National,Non-disaggregable expenditures by food group,Guatemala,Quintile 4,2014
1.1164801120758057,26,,GTM,235,261957,381,29184,327,National,Non-disaggregable expenditures by food group,Guatemala,Quintile 5,2014
1.9310214519500732,26,,GTM,235,261957,379,29184,327,National,Non-disaggregable expenditures by food group,Guatemala,Total quintile,2014
2.3789267539978027,26,,GTM,235,261957,380,29184,331,Rural,Non-disaggregable expenditures by food group,Guatemala,Quintile 1,2014
2.081000328063965,26,,GTM,235,261957,382,29184,331,Rural,Non-disaggregable expenditures by food group,Guatemala,Quintile 2,2014
2.0667595863342285,26,,GTM,235,261957,383,29184,331,Rural,Non-disaggregable expenditures by food group,Guatemala,Quintile 3,2014
2.2575464248657227,26,,GTM,235,261957,384,29184,331,Rural,Non-disaggregable expenditures by food group,Guatemala,Quintile 4,2014
1.864400029182434,26,,GTM,235,261957,381,29184,331,Rural,Non-disaggregable expenditures by food group,Guatemala,Quintile 5,2014
2.104029655456543,26,,GTM,235,261957,379,29184,331,Rural,Non-disaggregable expenditures by food group,Guatemala,Total quintile,2014
1.9678071737289429,26,,GTM,235,261957,380,29184,330,Urban,Non-disaggregable expenditures by food group,Guatemala,Quintile 1,2014
2.7106664180755615,26,,GTM,235,261957,382,29184,330,Urban,Non-disaggregable expenditures by food group,Guatemala,Quintile 2,2014
2.1022791862487793,26,,GTM,235,261957,383,29184,330,Urban,Non-disaggregable expenditures by food group,Guatemala,Quintile 3,2014
1.964572787284851,26,,GTM,235,261957,384,29184,330,Urban,Non-disaggregable expenditures by food group,Guatemala,Quintile 4,2014
0.7162129282951355,26,,GTM,235,261957,381,29184,330,Urban,Non-disaggregable expenditures by food group,Guatemala,Quintile 5,2014
1.789394497871399,26,,GTM,235,261957,379,29184,330,Urban,Non-disaggregable expenditures by food group,Guatemala,Total quintile,2014
13.847973823547363,26,,GTM,235,261934,380,29184,327,National,"Vegetables, tubers, plantains, cooking bananas and pulses",Guatemala,Quintile 1,2014
14.522976875305176,26,,GTM,235,261934,382,29184,327,National,"Vegetables, tubers, plantains, cooking bananas and pulses",Guatemala,Quintile 2,2014
14.229158401489258,26,,GTM,235,261934,383,29184,327,National,"Vegetables, tubers, plantains, cooking bananas and pulses",Guatemala,Quintile 3,2014
14.399336814880371,26,,GTM,235,261934,384,29184,327,National,"Vegetables, tubers, plantains, cooking bananas and pulses",Guatemala,Quintile 4,2014
13.696442604064941,26,,GTM,235,261934,381,29184,327,National,"Vegetables, tubers, plantains, cooking bananas and pulses",Guatemala,Quintile 5,2014
14.111959457397461,26,,GTM,235,261934,379,29184,327,National,"Vegetables, tubers, plantains, cooking bananas and pulses",Guatemala,Total quintile,2014
13.686237335205078,26,,GTM,235,261934,380,29184,331,Rural,"Vegetables, tubers, plantains, cooking bananas and pulses",Guatemala,Quintile 1,2014
13.735505104064941,26,,GTM,235,261934,382,29184,331,Rural,"Vegetables, tubers, plantains, cooking bananas and pulses",Guatemala,Quintile 2,2014
14.407468795776367,26,,GTM,235,261934,383,29184,331,Rural,"Vegetables, tubers, plantains, cooking bananas and pulses",Guatemala,Quintile 3,2014
13.999947547912598,26,,GTM,235,261934,384,29184,331,Rural,"Vegetables, tubers, plantains, cooking bananas and pulses",Guatemala,Quintile 4,2014
13.842036247253418,26,,GTM,235,261934,381,29184,331,Rural,"Vegetables, tubers, plantains, cooking bananas and pulses",Guatemala,Quintile 5,2014
13.942337036132812,26,,GTM,235,261934,379,29184,331,Rural,"Vegetables, tubers, plantains, cooking bananas and pulses",Guatemala,Total quintile,2014
15.174114227294922,26,,GTM,235,261934,380,29184,330,Urban,"Vegetables, tubers, plantains, cooking bananas and pulses",Guatemala,Quintile 1,2014
14.387499809265137,26,,GTM,235,261934,382,29184,330,Urban,"Vegetables, tubers, plantains, cooking bananas and pulses",Guatemala,Quintile 2,2014
14.542000770568848,26,,GTM,235,261934,383,29184,330,Urban,"Vegetables, tubers, plantains, cooking bananas and pulses",Guatemala,Quintile 3,2014
13.765910148620605,26,,GTM,235,261934,384,29184,330,Urban,"Vegetables, tubers, plantains, cooking bananas and pulses",Guatemala,Quintile 4,2014
13.849224090576172,26,,GTM,235,261934,381,29184,330,Urban,"Vegetables, tubers, plantains, cooking bananas and pulses",Guatemala,Quintile 5,2014
14.250814437866211,26,,GTM,235,261934,379,29184,330,Urban,"Vegetables, tubers, plantains, cooking bananas and pulses",Guatemala,Total quintile,2014
4.956270217895508,26,,GTM,235,261931,380,29184,327,National,"Milk, other dairy products and eggs",Guatemala,Quintile 1,2014
6.458819389343262,26,,GTM,235,261931,382,29184,327,National,"Milk, other dairy products and eggs",Guatemala,Quintile 2,2014
7.756947040557861,26,,GTM,235,261931,383,29184,327,National,"Milk, other dairy products and eggs",Guatemala,Quintile 3,2014
10.179903984069824,26,,GTM,235,261931,384,29184,327,National,"Milk, other dairy products and eggs",Guatemala,Quintile 4,2014
12.32651424407959,26,,GTM,235,261931,381,29184,327,National,"Milk, other dairy products and eggs",Guatemala,Quintile 5,2014
8.936478614807129,26,,GTM,235,261931,379,29184,327,National,"Milk, other dairy products and eggs",Guatemala,Total quintile,2014
4.508662700653076,26,,GTM,235,261931,380,29184,331,Rural,"Milk, other dairy products and eggs",Guatemala,Quintile 1,2014
5.020534038543701,26,,GTM,235,261931,382,29184,331,Rural,"Milk, other dairy products and eggs",Guatemala,Quintile 2,2014
6.279216766357422,26,,GTM,235,261931,383,29184,331,Rural,"Milk, other dairy products and eggs",Guatemala,Quintile 3,2014
7.058927536010742,26,,GTM,235,261931,384,29184,331,Rural,"Milk, other dairy products and eggs",Guatemala,Quintile 4,2014
10.156365394592285,26,,GTM,235,261931,381,29184,331,Rural,"Milk, other dairy products and eggs",Guatemala,Quintile 5,2014
6.982551574707031,26,,GTM,235,261931,379,29184,331,Rural,"Milk, other dairy products and eggs",Guatemala,Total quintile,2014
6.86426305770874,26,,GTM,235,261931,380,29184,330,Urban,"Milk, other dairy products and eggs",Guatemala,Quintile 1,2014
8.484158515930176,26,,GTM,235,261931,382,29184,330,Urban,"Milk, other dairy products and eggs",Guatemala,Quintile 2,2014
10.81387710571289,26,,GTM,235,261931,383,29184,330,Urban,"Milk, other dairy products and eggs",Guatemala,Quintile 3,2014
11.689255714416504,26,,GTM,235,261931,384,29184,330,Urban,"Milk, other dairy products and eggs",Guatemala,Quintile 4,2014
12.673637390136719,26,,GTM,235,261931,381,29184,330,Urban,"Milk, other dairy products and eggs",Guatemala,Quintile 5,2014
10.535992622375488,26,,GTM,235,261931,379,29184,330,Urban,"Milk, other dairy products and eggs",Guatemala,Total quintile,2014
0.3031367361545563,26,,GTM,235,261930,380,29184,327,National,Fish and other seafood,Guatemala,Quintile 1,2014
0.5654762983322144,26,,GTM,235,261930,382,29184,327,National,Fish and other seafood,Guatemala,Quintile 2,2014
0.7920206189155579,26,,GTM,235,261930,383,29184,327,National,Fish and other seafood,Guatemala,Quintile 3,2014
1.0036344528198242,26,,GTM,235,261930,384,29184,327,National,Fish and other seafood,Guatemala,Quintile 4,2014
1.736283302307129,26,,GTM,235,261930,381,29184,327,National,Fish and other seafood,Guatemala,Quintile 5,2014
0.9920253157615662,26,,GTM,235,261930,379,29184,327,National,Fish and other seafood,Guatemala,Total quintile,2014
0.30109065771102905,26,,GTM,235,261930,380,29184,331,Rural,Fish and other seafood,Guatemala,Quintile 1,2014
0.4190237522125244,26,,GTM,235,261930,382,29184,331,Rural,Fish and other seafood,Guatemala,Quintile 2,2014
0.6194965243339539,26,,GTM,235,261930,383,29184,331,Rural,Fish and other seafood,Guatemala,Quintile 3,2014
0.8452600240707397,26,,GTM,235,261930,384,29184,331,Rural,Fish and other seafood,Guatemala,Quintile 4,2014
1.1754465103149414,26,,GTM,235,261930,381,29184,331,Rural,Fish and other seafood,Guatemala,Quintile 5,2014
0.731135904788971,26,,GTM,235,261930,379,29184,331,Rural,Fish and other seafood,Guatemala,Total quintile,2014
0.4486888647079468,26,,GTM,235,261930,380,29184,330,Urban,Fish and other seafood,Guatemala,Quintile 1,2014
0.7449975609779358,26,,GTM,235,261930,382,29184,330,Urban,Fish and other seafood,Guatemala,Quintile 2,2014
1.1005686521530151,26,,GTM,235,261930,383,29184,330,Urban,Fish and other seafood,Guatemala,Quintile 3,2014
1.3153002262115479,26,,GTM,235,261930,384,29184,330,Urban,Fish and other seafood,Guatemala,Quintile 4,2014
1.899346947669983,26,,GTM,235,261930,381,29184,330,Urban,Fish and other seafood,Guatemala,Quintile 5,2014
1.2055933475494385,26,,GTM,235,261930,379,29184,330,Urban,Fish and other seafood,Guatemala,Total quintile,2014
5.888671875,26,,HND,239,261932,380,29174,327,National,Oils and fats,Honduras,Quintile 1,2004
6.059640884399414,26,,HND,239,261932,382,29174,327,National,Oils and fats,Honduras,Quintile 2,2004
5.702707767486572,26,,HND,239,261932,383,29174,327,National,Oils and fats,Honduras,Quintile 3,2004
5.568337917327881,26,,HND,239,261932,384,29174,327,National,Oils and fats,Honduras,Quintile 4,2004
5.348019599914551,26,,HND,239,261932,381,29174,327,National,Oils and fats,Honduras,Quintile 5,2004
5.617126941680908,26,,HND,239,261932,379,29174,327,National,Oils and fats,Honduras,Total quintile,2004
5.951023578643799,26,,HND,239,261932,380,29174,331,Rural,Oils and fats,Honduras,Quintile 1,2004
5.708259105682373,26,,HND,239,261932,382,29174,331,Rural,Oils and fats,Honduras,Quintile 2,2004
5.8630218505859375,26,,HND,239,261932,383,29174,331,Rural,Oils and fats,Honduras,Quintile 3,2004
5.7884202003479,26,,HND,239,261932,384,29174,331,Rural,Oils and fats,Honduras,Quintile 4,2004
5.648887634277344,26,,HND,239,261932,381,29174,331,Rural,Oils and fats,Honduras,Quintile 5,2004
5.762721538543701,26,,HND,239,261932,379,29174,331,Rural,Oils and fats,Honduras,Total quintile,2004
6.210675239562988,26,,HND,239,261932,380,29174,330,Urban,Oils and fats,Honduras,Quintile 1,2004
5.732843399047852,26,,HND,239,261932,382,29174,330,Urban,Oils and fats,Honduras,Quintile 2,2004
5.470893383026123,26,,HND,239,261932,383,29174,330,Urban,Oils and fats,Honduras,Quintile 3,2004
5.245995044708252,26,,HND,239,261932,384,29174,330,Urban,Oils and fats,Honduras,Quintile 4,2004
5.3978424072265625,26,,HND,239,261932,381,29174,330,Urban,Oils and fats,Honduras,Quintile 5,2004
5.5305657386779785,26,,HND,239,261932,379,29174,330,Urban,Oils and fats,Honduras,Total quintile,2004
5.0868706703186035,26,,HND,239,261936,380,29174,327,National,Ready-made food and other food products n.e.c.,Honduras,Quintile 1,2004
4.770768642425537,26,,HND,239,261936,382,29174,327,National,Ready-made food and other food products n.e.c.,Honduras,Quintile 2,2004
4.612672805786133,26,,HND,239,261936,383,29174,327,National,Ready-made food and other food products n.e.c.,Honduras,Quintile 3,2004
4.648130893707275,26,,HND,239,261936,384,29174,327,National,Ready-made food and other food products n.e.c.,Honduras,Quintile 4,2004
5.648083209991455,26,,HND,239,261936,381,29174,327,National,Ready-made food and other food products n.e.c.,Honduras,Quintile 5,2004
5.03081750869751,26,,HND,239,261936,379,29174,327,National,Ready-made food and other food products n.e.c.,Honduras,Total quintile,2004
5.596007347106934,26,,HND,239,261936,380,29174,331,Rural,Ready-made food and other food products n.e.c.,Honduras,Quintile 1,2004
4.834627628326416,26,,HND,239,261936,382,29174,331,Rural,Ready-made food and other food products n.e.c.,Honduras,Quintile 2,2004
5.087368488311768,26,,HND,239,261936,383,29174,331,Rural,Ready-made food and other food products n.e.c.,Honduras,Quintile 3,2004
4.552311897277832,26,,HND,239,261936,384,29174,331,Rural,Ready-made food and other food products n.e.c.,Honduras,Quintile 4,2004
5.495107173919678,26,,HND,239,261936,381,29174,331,Rural,Ready-made food and other food products n.e.c.,Honduras,Quintile 5,2004
5.132213115692139,26,,HND,239,261936,379,29174,331,Rural,Ready-made food and other food products n.e.c.,Honduras,Total quintile,2004
4.410529136657715,26,,HND,239,261936,380,29174,330,Urban,Ready-made food and other food products n.e.c.,Honduras,Quintile 1,2004
4.722077369689941,26,,HND,239,261936,382,29174,330,Urban,Ready-made food and other food products n.e.c.,Honduras,Quintile 2,2004
4.824394702911377,26,,HND,239,261936,383,29174,330,Urban,Ready-made food and other food products n.e.c.,Honduras,Quintile 3,2004
4.598513126373291,26,,HND,239,261936,384,29174,330,Urban,Ready-made food and other food products n.e.c.,Honduras,Quintile 4,2004
5.838708400726318,26,,HND,239,261936,381,29174,330,Urban,Ready-made food and other food products n.e.c.,Honduras,Quintile 5,2004
4.970533847808838,26,,HND,239,261936,379,29174,330,Urban,Ready-made food and other food products n.e.c.,Honduras,Total quintile,2004
12.119845390319824,26,,HND,239,261929,380,29174,327,National,"Live animals, meat and other parts of slaughtered land animals",Honduras,Quintile 1,2004
14.518305778503418,26,,HND,239,261929,382,29174,327,National,"Live animals, meat and other parts of slaughtered land animals",Honduras,Quintile 2,2004
19.515052795410156,26,,HND,239,261929,383,29174,327,National,"Live animals, meat and other parts of slaughtered land animals",Honduras,Quintile 3,2004
22.98106575012207,26,,HND,239,261929,384,29174,327,National,"Live animals, meat and other parts of slaughtered land animals",Honduras,Quintile 4,2004
23.009620666503906,26,,HND,239,261929,381,29174,327,National,"Live animals, meat and other parts of slaughtered land animals",Honduras,Quintile 5,2004
20.144311904907227,26,,HND,239,261929,379,29174,327,National,"Live animals, meat and other parts of slaughtered land animals",Honduras,Total quintile,2004
10.594490051269531,26,,HND,239,261929,380,29174,331,Rural,"Live animals, meat and other parts of slaughtered land animals",Honduras,Quintile 1,2004
10.332747459411621,26,,HND,239,261929,382,29174,331,Rural,"Live animals, meat and other parts of slaughtered land animals",Honduras,Quintile 2,2004
13.801355361938477,26,,HND,239,261929,383,29174,331,Rural,"Live animals, meat and other parts of slaughtered land animals",Honduras,Quintile 3,2004
18.379823684692383,26,,HND,239,261929,384,29174,331,Rural,"Live animals, meat and other parts of slaughtered land animals",Honduras,Quintile 4,2004
22.980499267578125,26,,HND,239,261929,381,29174,331,Rural,"Live animals, meat and other parts of slaughtered land animals",Honduras,Quintile 5,2004
17.167551040649414,26,,HND,239,261929,379,29174,331,Rural,"Live animals, meat and other parts of slaughtered land animals",Honduras,Total quintile,2004
16.857494354248047,26,,HND,239,261929,380,29174,330,Urban,"Live animals, meat and other parts of slaughtered land animals",Honduras,Quintile 1,2004
20.698102951049805,26,,HND,239,261929,382,29174,330,Urban,"Live animals, meat and other parts of slaughtered land animals",Honduras,Quintile 2,2004
22.923303604125977,26,,HND,239,261929,383,29174,330,Urban,"Live animals, meat and other parts of slaughtered land animals",Honduras,Quintile 3,2004
22.81041717529297,26,,HND,239,261929,384,29174,330,Urban,"Live animals, meat and other parts of slaughtered land animals",Honduras,Quintile 4,2004
23.407318115234375,26,,HND,239,261929,381,29174,330,Urban,"Live animals, meat and other parts of slaughtered land animals",Honduras,Quintile 5,2004
21.914104461669922,26,,HND,239,261929,379,29174,330,Urban,"Live animals, meat and other parts of slaughtered land animals",Honduras,Total quintile,2004
7.007821559906006,26,,HND,239,261935,380,29174,327,National,"Sugar, confectionery and desserts",Honduras,Quintile 1,2004
6.36836576461792,26,,HND,239,261935,382,29174,327,National,"Sugar, confectionery and desserts",Honduras,Quintile 2,2004
5.07961368560791,26,,HND,239,261935,383,29174,327,National,"Sugar, confectionery and desserts",Honduras,Quintile 3,2004
4.2918477058410645,26,,HND,239,261935,384,29174,327,National,"Sugar, confectionery and desserts",Honduras,Quintile 4,2004
3.561326026916504,26,,HND,239,261935,381,29174,327,National,"Sugar, confectionery and desserts",Honduras,Quintile 5,2004
4.743445873260498,26,,HND,239,261935,379,29174,327,National,"Sugar, confectionery and desserts",Honduras,Total quintile,2004
7.63313102722168,26,,HND,239,261935,380,29174,331,Rural,"Sugar, confectionery and desserts",Honduras,Quintile 1,2004
7.715559005737305,26,,HND,239,261935,382,29174,331,Rural,"Sugar, confectionery and desserts",Honduras,Quintile 2,2004
6.707170486450195,26,,HND,239,261935,383,29174,331,Rural,"Sugar, confectionery and desserts",Honduras,Quintile 3,2004
5.531257152557373,26,,HND,239,261935,384,29174,331,Rural,"Sugar, confectionery and desserts",Honduras,Quintile 4,2004
4.672101974487305,26,,HND,239,261935,381,29174,331,Rural,"Sugar, confectionery and desserts",Honduras,Quintile 5,2004
5.980828762054443,26,,HND,239,261935,379,29174,331,Rural,"Sugar, confectionery and desserts",Honduras,Total quintile,2004
5.302821159362793,26,,HND,239,261935,380,29174,330,Urban,"Sugar, confectionery and desserts",Honduras,Quintile 1,2004
4.595536231994629,26,,HND,239,261935,382,29174,330,Urban,"Sugar, confectionery and desserts",Honduras,Quintile 2,2004
4.0533447265625,26,,HND,239,261935,383,29174,330,Urban,"Sugar, confectionery and desserts",Honduras,Quintile 3,2004
3.4696364402770996,26,,HND,239,261935,384,29174,330,Urban,"Sugar, confectionery and desserts",Honduras,Quintile 4,2004
3.502302885055542,26,,HND,239,261935,381,29174,330,Urban,"Sugar, confectionery and desserts",Honduras,Quintile 5,2004
4.007776737213135,26,,HND,239,261935,379,29174,330,Urban,"Sugar, confectionery and desserts",Honduras,Total quintile,2004
7.00520133972168,26,,HND,239,261946,380,29174,327,National,Non - alcoholic beverages,Honduras,Quintile 1,2004
8.260323524475098,26,,HND,239,261946,382,29174,327,National,Non - alcoholic beverages,Honduras,Quintile 2,2004
9.94926643371582,26,,HND,239,261946,383,29174,327,National,Non - alcoholic beverages,Honduras,Quintile 3,2004
11.301691055297852,26,,HND,239,261946,384,29174,327,National,Non - alcoholic beverages,Honduras,Quintile 4,2004
12.866263389587402,26,,HND,239,261946,381,29174,327,National,Non - alcoholic beverages,Honduras,Quintile 5,2004
10.73349666595459,26,,HND,239,261946,379,29174,327,National,Non - alcoholic beverages,Honduras,Total quintile,2004
6.089500427246094,26,,HND,239,261946,380,29174,331,Rural,Non - alcoholic beverages,Honduras,Quintile 1,2004
6.041320323944092,26,,HND,239,261946,382,29174,331,Rural,Non - alcoholic beverages,Honduras,Quintile 2,2004
7.631249904632568,26,,HND,239,261946,383,29174,331,Rural,Non - alcoholic beverages,Honduras,Quintile 3,2004
9.57970142364502,26,,HND,239,261946,384,29174,331,Rural,Non - alcoholic beverages,Honduras,Quintile 4,2004
10.759937286376953,26,,HND,239,261946,381,29174,331,Rural,Non - alcoholic beverages,Honduras,Quintile 5,2004
8.760921478271484,26,,HND,239,261946,379,29174,331,Rural,Non - alcoholic beverages,Honduras,Total quintile,2004
9.892036437988281,26,,HND,239,261946,380,29174,330,Urban,Non - alcoholic beverages,Honduras,Quintile 1,2004
10.325207710266113,26,,HND,239,261946,382,29174,330,Urban,Non - alcoholic beverages,Honduras,Quintile 2,2004
11.634300231933594,26,,HND,239,261946,383,29174,330,Urban,Non - alcoholic beverages,Honduras,Quintile 3,2004
14.485246658325195,26,,HND,239,261946,384,29174,330,Urban,Non - alcoholic beverages,Honduras,Quintile 4,2004
11.663289070129395,26,,HND,239,261946,381,29174,330,Urban,Non - alcoholic beverages,Honduras,Quintile 5,2004
11.90626335144043,26,,HND,239,261946,379,29174,330,Urban,Non - alcoholic beverages,Honduras,Total quintile,2004
27.735939025878906,26,,HND,239,261937,380,29174,327,National,Cereals and cereal products,Honduras,Quintile 1,2004
24.453792572021484,26,,HND,239,261937,382,29174,327,National,Cereals and cereal products,Honduras,Quintile 2,2004
20.799089431762695,26,,HND,239,261937,383,29174,327,National,Cereals and cereal products,Honduras,Quintile 3,2004
17.867523193359375,26,,HND,239,261937,384,29174,327,National,Cereals and cereal products,Honduras,Quintile 4,2004
15.258519172668457,26,,HND,239,261937,381,29174,327,National,Cereals and cereal products,Honduras,Quintile 5,2004
19.412057876586914,26,,HND,239,261937,379,29174,327,National,Cereals and cereal products,Honduras,Total quintile,2004
29.668376922607422,26,,HND,239,261937,380,29174,331,Rural,Cereals and cereal products,Honduras,Quintile 1,2004
29.105924606323242,26,,HND,239,261937,382,29174,331,Rural,Cereals and cereal products,Honduras,Quintile 2,2004
24.750734329223633,26,,HND,239,261937,383,29174,331,Rural,Cereals and cereal products,Honduras,Quintile 3,2004
21.500961303710938,26,,HND,239,261937,384,29174,331,Rural,Cereals and cereal products,Honduras,Quintile 4,2004
17.059310913085938,26,,HND,239,261937,381,29174,331,Rural,Cereals and cereal products,Honduras,Quintile 5,2004
22.520132064819336,26,,HND,239,261937,379,29174,331,Rural,Cereals and cereal products,Honduras,Total quintile,2004
22.44021987915039,26,,HND,239,261937,380,29174,330,Urban,Cereals and cereal products,Honduras,Quintile 1,2004
20.020139694213867,26,,HND,239,261937,382,29174,330,Urban,Cereals and cereal products,Honduras,Quintile 2,2004
17.748430252075195,26,,HND,239,261937,383,29174,330,Urban,Cereals and cereal products,Honduras,Quintile 3,2004
16.21373748779297,26,,HND,239,261937,384,29174,330,Urban,Cereals and cereal products,Honduras,Quintile 4,2004
14.877582550048828,26,,HND,239,261937,381,29174,330,Urban,Cereals and cereal products,Honduras,Quintile 5,2004
17.564197540283203,26,,HND,239,261937,379,29174,330,Urban,Cereals and cereal products,Honduras,Total quintile,2004
4.2257184982299805,26,,HND,239,261933,380,29174,327,National,Fruits and nuts,Honduras,Quintile 1,2004
3.7688982486724854,26,,HND,239,261933,382,29174,327,National,Fruits and nuts,Honduras,Quintile 2,2004
3.4654877185821533,26,,HND,239,261933,383,29174,327,National,Fruits and nuts,Honduras,Quintile 3,2004
3.8272252082824707,26,,HND,239,261933,384,29174,327,National,Fruits and nuts,Honduras,Quintile 4,2004
4.71929931640625,26,,HND,239,261933,381,29174,327,National,Fruits and nuts,Honduras,Quintile 5,2004
4.086029529571533,26,,HND,239,261933,379,29174,327,National,Fruits and nuts,Honduras,Total quintile,2004
4.559213161468506,26,,HND,239,261933,380,29174,331,Rural,Fruits and nuts,Honduras,Quintile 1,2004
4.362582206726074,26,,HND,239,261933,382,29174,331,Rural,Fruits and nuts,Honduras,Quintile 2,2004
4.1194610595703125,26,,HND,239,261933,383,29174,331,Rural,Fruits and nuts,Honduras,Quintile 3,2004
3.3474481105804443,26,,HND,239,261933,384,29174,331,Rural,Fruits and nuts,Honduras,Quintile 4,2004
3.782336711883545,26,,HND,239,261933,381,29174,331,Rural,Fruits and nuts,Honduras,Quintile 5,2004
3.9107162952423096,26,,HND,239,261933,379,29174,331,Rural,Fruits and nuts,Honduras,Total quintile,2004
3.33069109916687,26,,HND,239,261933,380,29174,330,Urban,Fruits and nuts,Honduras,Quintile 1,2004
3.502354145050049,26,,HND,239,261933,382,29174,330,Urban,Fruits and nuts,Honduras,Quintile 2,2004
3.9221794605255127,26,,HND,239,261933,383,29174,330,Urban,Fruits and nuts,Honduras,Quintile 3,2004
4.256417274475098,26,,HND,239,261933,384,29174,330,Urban,Fruits and nuts,Honduras,Quintile 4,2004
5.1627888679504395,26,,HND,239,261933,381,29174,330,Urban,Fruits and nuts,Honduras,Quintile 5,2004
4.1902594566345215,26,,HND,239,261933,379,29174,330,Urban,Fruits and nuts,Honduras,Total quintile,2004
15.537790298461914,26,,HND,239,261934,380,29174,327,National,"Vegetables, tubers, plantains, cooking bananas and pulses",Honduras,Quintile 1,2004
14.217290878295898,26,,HND,239,261934,382,29174,327,National,"Vegetables, tubers, plantains, cooking bananas and pulses",Honduras,Quintile 2,2004
12.694539070129395,26,,HND,239,261934,383,29174,327,National,"Vegetables, tubers, plantains, cooking bananas and pulses",Honduras,Quintile 3,2004
11.75098991394043,26,,HND,239,261934,384,29174,327,National,"Vegetables, tubers, plantains, cooking bananas and pulses",Honduras,Quintile 4,2004
10.742131233215332,26,,HND,239,261934,381,29174,327,National,"Vegetables, tubers, plantains, cooking bananas and pulses",Honduras,Quintile 5,2004
12.299389839172363,26,,HND,239,261934,379,29174,327,National,"Vegetables, tubers, plantains, cooking bananas and pulses",Honduras,Total quintile,2004
15.756119728088379,26,,HND,239,261934,380,29174,331,Rural,"Vegetables, tubers, plantains, cooking bananas and pulses",Honduras,Quintile 1,2004
16.102067947387695,26,,HND,239,261934,382,29174,331,Rural,"Vegetables, tubers, plantains, cooking bananas and pulses",Honduras,Quintile 2,2004
14.286033630371094,26,,HND,239,261934,383,29174,331,Rural,"Vegetables, tubers, plantains, cooking bananas and pulses",Honduras,Quintile 3,2004
13.046086311340332,26,,HND,239,261934,384,29174,331,Rural,"Vegetables, tubers, plantains, cooking bananas and pulses",Honduras,Quintile 4,2004
11.76878547668457,26,,HND,239,261934,381,29174,331,Rural,"Vegetables, tubers, plantains, cooking bananas and pulses",Honduras,Quintile 5,2004
13.549826622009277,26,,HND,239,261934,379,29174,331,Rural,"Vegetables, tubers, plantains, cooking bananas and pulses",Honduras,Total quintile,2004
13.79481029510498,26,,HND,239,261934,380,29174,330,Urban,"Vegetables, tubers, plantains, cooking bananas and pulses",Honduras,Quintile 1,2004
12.26112174987793,26,,HND,239,261934,382,29174,330,Urban,"Vegetables, tubers, plantains, cooking bananas and pulses",Honduras,Quintile 2,2004
11.63317584991455,26,,HND,239,261934,383,29174,330,Urban,"Vegetables, tubers, plantains, cooking bananas and pulses",Honduras,Quintile 3,2004
10.872207641601562,26,,HND,239,261934,384,29174,330,Urban,"Vegetables, tubers, plantains, cooking bananas and pulses",Honduras,Quintile 4,2004
10.651576042175293,26,,HND,239,261934,381,29174,330,Urban,"Vegetables, tubers, plantains, cooking bananas and pulses",Honduras,Quintile 5,2004
11.555960655212402,26,,HND,239,261934,379,29174,330,Urban,"Vegetables, tubers, plantains, cooking bananas and pulses",Honduras,Total quintile,2004
14.256507873535156,26,,HND,239,261931,380,29174,327,National,"Milk, other dairy products and eggs",Honduras,Quintile 1,2004
16.259456634521484,26,,HND,239,261931,382,29174,327,National,"Milk, other dairy products and eggs",Honduras,Quintile 2,2004
16.736595153808594,26,,HND,239,261931,383,29174,327,National,"Milk, other dairy products and eggs",Honduras,Quintile 3,2004
16.095638275146484,26,,HND,239,261931,384,29174,327,National,"Milk, other dairy products and eggs",Honduras,Quintile 4,2004
15.866180419921875,26,,HND,239,261931,381,29174,327,National,"Milk, other dairy products and eggs",Honduras,Quintile 5,2004
15.974145889282227,26,,HND,239,261931,379,29174,327,National,"Milk, other dairy products and eggs",Honduras,Total quintile,2004
13.229564666748047,26,,HND,239,261931,380,29174,331,Rural,"Milk, other dairy products and eggs",Honduras,Quintile 1,2004
14.56013011932373,26,,HND,239,261931,382,29174,331,Rural,"Milk, other dairy products and eggs",Honduras,Quintile 2,2004
16.237951278686523,26,,HND,239,261931,383,29174,331,Rural,"Milk, other dairy products and eggs",Honduras,Quintile 3,2004
16.80022430419922,26,,HND,239,261931,384,29174,331,Rural,"Milk, other dairy products and eggs",Honduras,Quintile 4,2004
15.605850219726562,26,,HND,239,261931,381,29174,331,Rural,"Milk, other dairy products and eggs",Honduras,Quintile 5,2004
15.572047233581543,26,,HND,239,261931,379,29174,331,Rural,"Milk, other dairy products and eggs",Honduras,Total quintile,2004
16.518787384033203,26,,HND,239,261931,380,29174,330,Urban,"Milk, other dairy products and eggs",Honduras,Quintile 1,2004
16.696496963500977,26,,HND,239,261931,382,29174,330,Urban,"Milk, other dairy products and eggs",Honduras,Quintile 2,2004
16.222434997558594,26,,HND,239,261931,383,29174,330,Urban,"Milk, other dairy products and eggs",Honduras,Quintile 3,2004
15.909355163574219,26,,HND,239,261931,384,29174,330,Urban,"Milk, other dairy products and eggs",Honduras,Quintile 4,2004
16.04163360595703,26,,HND,239,261931,381,29174,330,Urban,"Milk, other dairy products and eggs",Honduras,Quintile 5,2004
16.213207244873047,26,,HND,239,261931,379,29174,330,Urban,"Milk, other dairy products and eggs",Honduras,Total quintile,2004
1.1356340646743774,26,,HND,239,261930,380,29174,327,National,Fish and other seafood,Honduras,Quintile 1,2004
1.3231579065322876,26,,HND,239,261930,382,29174,327,National,Fish and other seafood,Honduras,Quintile 2,2004
1.444974422454834,26,,HND,239,261930,383,29174,327,National,Fish and other seafood,Honduras,Quintile 3,2004
1.6675492525100708,26,,HND,239,261930,384,29174,327,National,Fish and other seafood,Honduras,Quintile 4,2004
2.9805564880371094,26,,HND,239,261930,381,29174,327,National,Fish and other seafood,Honduras,Quintile 5,2004
1.959177851676941,26,,HND,239,261930,379,29174,327,National,Fish and other seafood,Honduras,Total quintile,2004
0.9225740432739258,26,,HND,239,261930,380,29174,331,Rural,Fish and other seafood,Honduras,Quintile 1,2004
1.236782193183899,26,,HND,239,261930,382,29174,331,Rural,Fish and other seafood,Honduras,Quintile 2,2004
1.5156530141830444,26,,HND,239,261930,383,29174,331,Rural,Fish and other seafood,Honduras,Quintile 3,2004
1.4737662076950073,26,,HND,239,261930,384,29174,331,Rural,Fish and other seafood,Honduras,Quintile 4,2004
2.2271854877471924,26,,HND,239,261930,381,29174,331,Rural,Fish and other seafood,Honduras,Quintile 5,2004
1.6430402994155884,26,,HND,239,261930,379,29174,331,Rural,Fish and other seafood,Honduras,Total quintile,2004
1.2419337034225464,26,,HND,239,261930,380,29174,330,Urban,Fish and other seafood,Honduras,Quintile 1,2004
1.4461183547973633,26,,HND,239,261930,382,29174,330,Urban,Fish and other seafood,Honduras,Quintile 2,2004
1.5675435066223145,26,,HND,239,261930,383,29174,330,Urban,Fish and other seafood,Honduras,Quintile 3,2004
2.1384735107421875,26,,HND,239,261930,384,29174,330,Urban,Fish and other seafood,Honduras,Quintile 4,2004
3.456956386566162,26,,HND,239,261930,381,29174,330,Urban,Fish and other seafood,Honduras,Quintile 5,2004
2.1471328735351562,26,,HND,239,261930,379,29174,330,Urban,Fish and other seafood,Honduras,Total quintile,2004
2.2355713844299316,26,,MEX,233,261932,380,29188,327,National,Oils and fats,Mexico,Quintile 1,2018
1.6363381147384644,26,,MEX,233,261932,382,29188,327,National,Oils and fats,Mexico,Quintile 2,2018
1.3695769309997559,26,,MEX,233,261932,383,29188,327,National,Oils and fats,Mexico,Quintile 3,2018
1.2248109579086304,26,,MEX,233,261932,384,29188,327,National,Oils and fats,Mexico,Quintile 4,2018
1.1122260093688965,26,,MEX,233,261932,381,29188,327,National,Oils and fats,Mexico,Quintile 5,2018
1.4203321933746338,26,,MEX,233,261932,379,29188,327,National,Oils and fats,Mexico,Total quintile,2018
3.0971181392669678,26,,MEX,233,261932,380,29188,331,Rural,Oils and fats,Mexico,Quintile 1,2018
2.7536046504974365,26,,MEX,233,261932,382,29188,331,Rural,Oils and fats,Mexico,Quintile 2,2018
2.4630351066589355,26,,MEX,233,261932,383,29188,331,Rural,Oils and fats,Mexico,Quintile 3,2018
1.994310736656189,26,,MEX,233,261932,384,29188,331,Rural,Oils and fats,Mexico,Quintile 4,2018
1.704422950744629,26,,MEX,233,261932,381,29188,331,Rural,Oils and fats,Mexico,Quintile 5,2018
2.2719545364379883,26,,MEX,233,261932,379,29188,331,Rural,Oils and fats,Mexico,Total quintile,2018
1.5376077890396118,26,,MEX,233,261932,380,29188,330,Urban,Oils and fats,Mexico,Quintile 1,2018
1.308417797088623,26,,MEX,233,261932,382,29188,330,Urban,Oils and fats,Mexico,Quintile 2,2018
1.120094895362854,26,,MEX,233,261932,383,29188,330,Urban,Oils and fats,Mexico,Quintile 3,2018
1.1396422386169434,26,,MEX,233,261932,384,29188,330,Urban,Oils and fats,Mexico,Quintile 4,2018
1.0945123434066772,26,,MEX,233,261932,381,29188,330,Urban,Oils and fats,Mexico,Quintile 5,2018
1.2062677145004272,26,,MEX,233,261932,379,29188,330,Urban,Oils and fats,Mexico,Total quintile,2018
9.312065124511719,26,,MEX,233,261936,380,29188,327,National,Ready-made food and other food products n.e.c.,Mexico,Quintile 1,2018
11.37997817993164,26,,MEX,233,261936,382,29188,327,National,Ready-made food and other food products n.e.c.,Mexico,Quintile 2,2018
13.055728912353516,26,,MEX,233,261936,383,29188,327,National,Ready-made food and other food products n.e.c.,Mexico,Quintile 3,2018
14.969354629516602,26,,MEX,233,261936,384,29188,327,National,Ready-made food and other food products n.e.c.,Mexico,Quintile 4,2018
17.398244857788086,26,,MEX,233,261936,381,29188,327,National,Ready-made food and other food products n.e.c.,Mexico,Quintile 5,2018
13.975489616394043,26,,MEX,233,261936,379,29188,327,National,Ready-made food and other food products n.e.c.,Mexico,Total quintile,2018
6.796348571777344,26,,MEX,233,261936,380,29188,331,Rural,Ready-made food and other food products n.e.c.,Mexico,Quintile 1,2018
7.8642964363098145,26,,MEX,233,261936,382,29188,331,Rural,Ready-made food and other food products n.e.c.,Mexico,Quintile 2,2018
9.13870906829834,26,,MEX,233,261936,383,29188,331,Rural,Ready-made food and other food products n.e.c.,Mexico,Quintile 3,2018
11.117603302001953,26,,MEX,233,261936,384,29188,331,Rural,Ready-made food and other food products n.e.c.,Mexico,Quintile 4,2018
12.635802268981934,26,,MEX,233,261936,381,29188,331,Rural,Ready-made food and other food products n.e.c.,Mexico,Quintile 5,2018
10.066740036010742,26,,MEX,233,261936,379,29188,331,Rural,Ready-made food and other food products n.e.c.,Mexico,Total quintile,2018
11.437799453735352,26,,MEX,233,261936,380,29188,330,Urban,Ready-made food and other food products n.e.c.,Mexico,Quintile 1,2018
12.398468971252441,26,,MEX,233,261936,382,29188,330,Urban,Ready-made food and other food products n.e.c.,Mexico,Quintile 2,2018
14.262711524963379,26,,MEX,233,261936,383,29188,330,Urban,Ready-made food and other food products n.e.c.,Mexico,Quintile 3,2018
16.025020599365234,26,,MEX,233,261936,384,29188,330,Urban,Ready-made food and other food products n.e.c.,Mexico,Quintile 4,2018
17.816246032714844,26,,MEX,233,261936,381,29188,330,Urban,Ready-made food and other food products n.e.c.,Mexico,Quintile 5,2018
14.957996368408203,26,,MEX,233,261936,379,29188,330,Urban,Ready-made food and other food products n.e.c.,Mexico,Total quintile,2018
19.320772171020508,26,,MEX,233,261929,380,29188,327,National,"Live animals, meat and other parts of slaughtered land animals",Mexico,Quintile 1,2018
22.438621520996094,26,,MEX,233,261929,382,29188,327,National,"Live animals, meat and other parts of slaughtered land animals",Mexico,Quintile 2,2018
23.420377731323242,26,,MEX,233,261929,383,29188,327,National,"Live animals, meat and other parts of slaughtered land animals",Mexico,Quintile 3,2018
23.903194427490234,26,,MEX,233,261929,384,29188,327,National,"Live animals, meat and other parts of slaughtered land animals",Mexico,Quintile 4,2018
22.804630279541016,26,,MEX,233,261929,381,29188,327,National,"Live animals, meat and other parts of slaughtered land animals",Mexico,Quintile 5,2018
22.648630142211914,26,,MEX,233,261929,379,29188,327,National,"Live animals, meat and other parts of slaughtered land animals",Mexico,Total quintile,2018
16.04909896850586,26,,MEX,233,261929,380,29188,331,Rural,"Live animals, meat and other parts of slaughtered land animals",Mexico,Quintile 1,2018
18.565336227416992,26,,MEX,233,261929,382,29188,331,Rural,"Live animals, meat and other parts of slaughtered land animals",Mexico,Quintile 2,2018
20.253053665161133,26,,MEX,233,261929,383,29188,331,Rural,"Live animals, meat and other parts of slaughtered land animals",Mexico,Quintile 3,2018
20.336868286132812,26,,MEX,233,261929,384,29188,331,Rural,"Live animals, meat and other parts of slaughtered land animals",Mexico,Quintile 4,2018
21.90692138671875,26,,MEX,233,261929,381,29188,331,Rural,"Live animals, meat and other parts of slaughtered land animals",Mexico,Quintile 5,2018
19.912687301635742,26,,MEX,233,261929,379,29188,331,Rural,"Live animals, meat and other parts of slaughtered land animals",Mexico,Total quintile,2018
21.668983459472656,26,,MEX,233,261929,380,29188,330,Urban,"Live animals, meat and other parts of slaughtered land animals",Mexico,Quintile 1,2018
23.62895393371582,26,,MEX,233,261929,382,29188,330,Urban,"Live animals, meat and other parts of slaughtered land animals",Mexico,Quintile 2,2018
24.43250846862793,26,,MEX,233,261929,383,29188,330,Urban,"Live animals, meat and other parts of slaughtered land animals",Mexico,Quintile 3,2018
24.043506622314453,26,,MEX,233,261929,384,29188,330,Urban,"Live animals, meat and other parts of slaughtered land animals",Mexico,Quintile 4,2018
22.693302154541016,26,,MEX,233,261929,381,29188,330,Urban,"Live animals, meat and other parts of slaughtered land animals",Mexico,Quintile 5,2018
23.336339950561523,26,,MEX,233,261929,379,29188,330,Urban,"Live animals, meat and other parts of slaughtered land animals",Mexico,Total quintile,2018
2.540919542312622,26,,MEX,233,261935,380,29188,327,National,"Sugar, confectionery and desserts",Mexico,Quintile 1,2018
1.7983883619308472,26,,MEX,233,261935,382,29188,327,National,"Sugar, confectionery and desserts",Mexico,Quintile 2,2018
1.6237854957580566,26,,MEX,233,261935,383,29188,327,National,"Sugar, confectionery and desserts",Mexico,Quintile 3,2018
1.4455801248550415,26,,MEX,233,261935,384,29188,327,National,"Sugar, confectionery and desserts",Mexico,Quintile 4,2018
1.6036982536315918,26,,MEX,233,261935,381,29188,327,National,"Sugar, confectionery and desserts",Mexico,Quintile 5,2018
1.7275996208190918,26,,MEX,233,261935,379,29188,327,National,"Sugar, confectionery and desserts",Mexico,Total quintile,2018
3.882124900817871,26,,MEX,233,261935,380,29188,331,Rural,"Sugar, confectionery and desserts",Mexico,Quintile 1,2018
3.1654255390167236,26,,MEX,233,261935,382,29188,331,Rural,"Sugar, confectionery and desserts",Mexico,Quintile 2,2018
2.640277624130249,26,,MEX,233,261935,383,29188,331,Rural,"Sugar, confectionery and desserts",Mexico,Quintile 3,2018
2.1436827182769775,26,,MEX,233,261935,384,29188,331,Rural,"Sugar, confectionery and desserts",Mexico,Quintile 4,2018
1.994565486907959,26,,MEX,233,261935,381,29188,331,Rural,"Sugar, confectionery and desserts",Mexico,Quintile 5,2018
2.5950801372528076,26,,MEX,233,261935,379,29188,331,Rural,"Sugar, confectionery and desserts",Mexico,Total quintile,2018
1.659178376197815,26,,MEX,233,261935,380,29188,330,Urban,"Sugar, confectionery and desserts",Mexico,Quintile 1,2018
1.4491373300552368,26,,MEX,233,261935,382,29188,330,Urban,"Sugar, confectionery and desserts",Mexico,Quintile 2,2018
1.4756841659545898,26,,MEX,233,261935,383,29188,330,Urban,"Sugar, confectionery and desserts",Mexico,Quintile 3,2018
1.342938780784607,26,,MEX,233,261935,384,29188,330,Urban,"Sugar, confectionery and desserts",Mexico,Quintile 4,2018
1.6233689785003662,26,,MEX,233,261935,381,29188,330,Urban,"Sugar, confectionery and desserts",Mexico,Quintile 5,2018
1.5095490217208862,26,,MEX,233,261935,379,29188,330,Urban,"Sugar, confectionery and desserts",Mexico,Total quintile,2018
7.59039306640625,26,,MEX,233,261946,380,29188,327,National,Non - alcoholic beverages,Mexico,Quintile 1,2018
8.074860572814941,26,,MEX,233,261946,382,29188,327,National,Non - alcoholic beverages,Mexico,Quintile 2,2018
8.59581470489502,26,,MEX,233,261946,383,29188,327,National,Non - alcoholic beverages,Mexico,Quintile 3,2018
8.927846908569336,26,,MEX,233,261946,384,29188,327,National,Non - alcoholic beverages,Mexico,Quintile 4,2018
9.200085639953613,26,,MEX,233,261946,381,29188,327,National,Non - alcoholic beverages,Mexico,Quintile 5,2018
8.627547264099121,26,,MEX,233,261946,379,29188,327,National,Non - alcoholic beverages,Mexico,Total quintile,2018
7.1595377922058105,26,,MEX,233,261946,380,29188,331,Rural,Non - alcoholic beverages,Mexico,Quintile 1,2018
7.7852325439453125,26,,MEX,233,261946,382,29188,331,Rural,Non - alcoholic beverages,Mexico,Quintile 2,2018
7.96381950378418,26,,MEX,233,261946,383,29188,331,Rural,Non - alcoholic beverages,Mexico,Quintile 3,2018
8.635045051574707,26,,MEX,233,261946,384,29188,331,Rural,Non - alcoholic beverages,Mexico,Quintile 4,2018
9.284153938293457,26,,MEX,233,261946,381,29188,331,Rural,Non - alcoholic beverages,Mexico,Quintile 5,2018
8.358448028564453,26,,MEX,233,261946,379,29188,331,Rural,Non - alcoholic beverages,Mexico,Total quintile,2018
7.798819065093994,26,,MEX,233,261946,380,29188,330,Urban,Non - alcoholic beverages,Mexico,Quintile 1,2018
8.270082473754883,26,,MEX,233,261946,382,29188,330,Urban,Non - alcoholic beverages,Mexico,Quintile 2,2018
8.680622100830078,26,,MEX,233,261946,383,29188,330,Urban,Non - alcoholic beverages,Mexico,Quintile 3,2018
9.093257904052734,26,,MEX,233,261946,384,29188,330,Urban,Non - alcoholic beverages,Mexico,Quintile 4,2018
9.083390235900879,26,,MEX,233,261946,381,29188,330,Urban,Non - alcoholic beverages,Mexico,Quintile 5,2018
8.695188522338867,26,,MEX,233,261946,379,29188,330,Urban,Non - alcoholic beverages,Mexico,Total quintile,2018
23.904897689819336,26,,MEX,233,261937,380,29188,327,National,Cereals and cereal products,Mexico,Quintile 1,2018
20.86743927001953,26,,MEX,233,261937,382,29188,327,National,Cereals and cereal products,Mexico,Quintile 2,2018
18.92452049255371,26,,MEX,233,261937,383,29188,327,National,Cereals and cereal products,Mexico,Quintile 3,2018
17.1634521484375,26,,MEX,233,261937,384,29188,327,National,Cereals and cereal products,Mexico,Quintile 4,2018
13.51399040222168,26,,MEX,233,261937,381,29188,327,National,Cereals and cereal products,Mexico,Quintile 5,2018
17.935443878173828,26,,MEX,233,261937,379,29188,327,National,Cereals and cereal products,Mexico,Total quintile,2018
26.135316848754883,26,,MEX,233,261937,380,29188,331,Rural,Cereals and cereal products,Mexico,Quintile 1,2018
24.233348846435547,26,,MEX,233,261937,382,29188,331,Rural,Cereals and cereal products,Mexico,Quintile 2,2018
22.503334045410156,26,,MEX,233,261937,383,29188,331,Rural,Cereals and cereal products,Mexico,Quintile 3,2018
21.406490325927734,26,,MEX,233,261937,384,29188,331,Rural,Cereals and cereal products,Mexico,Quintile 4,2018
18.755939483642578,26,,MEX,233,261937,381,29188,331,Rural,Cereals and cereal products,Mexico,Quintile 5,2018
21.945178985595703,26,,MEX,233,261937,379,29188,331,Rural,Cereals and cereal products,Mexico,Total quintile,2018
22.176198959350586,26,,MEX,233,261937,380,29188,330,Urban,Cereals and cereal products,Mexico,Quintile 1,2018
19.628673553466797,26,,MEX,233,261937,382,29188,330,Urban,Cereals and cereal products,Mexico,Quintile 2,2018
17.763391494750977,26,,MEX,233,261937,383,29188,330,Urban,Cereals and cereal products,Mexico,Quintile 3,2018
16.092863082885742,26,,MEX,233,261937,384,29188,330,Urban,Cereals and cereal products,Mexico,Quintile 4,2018
12.870368957519531,26,,MEX,233,261937,381,29188,330,Urban,Cereals and cereal products,Mexico,Quintile 5,2018
16.927553176879883,26,,MEX,233,261937,379,29188,330,Urban,Cereals and cereal products,Mexico,Total quintile,2018
2.4033312797546387,26,,MEX,233,261933,380,29188,327,National,Fruits and nuts,Mexico,Quintile 1,2018
3.145854949951172,26,,MEX,233,261933,382,29188,327,National,Fruits and nuts,Mexico,Quintile 2,2018
3.5389719009399414,26,,MEX,233,261933,383,29188,327,National,Fruits and nuts,Mexico,Quintile 3,2018
4.334965229034424,26,,MEX,233,261933,384,29188,327,National,Fruits and nuts,Mexico,Quintile 4,2018
6.917381286621094,26,,MEX,233,261933,381,29188,327,National,Fruits and nuts,Mexico,Quintile 5,2018
4.483115196228027,26,,MEX,233,261933,379,29188,327,National,Fruits and nuts,Mexico,Total quintile,2018
2.033926010131836,26,,MEX,233,261933,380,29188,331,Rural,Fruits and nuts,Mexico,Quintile 1,2018
2.436464309692383,26,,MEX,233,261933,382,29188,331,Rural,Fruits and nuts,Mexico,Quintile 2,2018
2.9560532569885254,26,,MEX,233,261933,383,29188,331,Rural,Fruits and nuts,Mexico,Quintile 3,2018
3.18810772895813,26,,MEX,233,261933,384,29188,331,Rural,Fruits and nuts,Mexico,Quintile 4,2018
4.373011112213135,26,,MEX,233,261933,381,29188,331,Rural,Fruits and nuts,Mexico,Quintile 5,2018
3.2086002826690674,26,,MEX,233,261933,379,29188,331,Rural,Fruits and nuts,Mexico,Total quintile,2018
2.7021799087524414,26,,MEX,233,261933,380,29188,330,Urban,Fruits and nuts,Mexico,Quintile 1,2018
3.4353528022766113,26,,MEX,233,261933,382,29188,330,Urban,Fruits and nuts,Mexico,Quintile 2,2018
3.7181003093719482,26,,MEX,233,261933,383,29188,330,Urban,Fruits and nuts,Mexico,Quintile 3,2018
4.810840129852295,26,,MEX,233,261933,384,29188,330,Urban,Fruits and nuts,Mexico,Quintile 4,2018
7.3535332679748535,26,,MEX,233,261933,381,29188,330,Urban,Fruits and nuts,Mexico,Quintile 5,2018
4.803478717803955,26,,MEX,233,261933,379,29188,330,Urban,Fruits and nuts,Mexico,Total quintile,2018
16.736164093017578,26,,MEX,233,261934,380,29188,327,National,"Vegetables, tubers, plantains, cooking bananas and pulses",Mexico,Quintile 1,2018
14.459172248840332,26,,MEX,233,261934,382,29188,327,National,"Vegetables, tubers, plantains, cooking bananas and pulses",Mexico,Quintile 2,2018
13.440781593322754,26,,MEX,233,261934,383,29188,327,National,"Vegetables, tubers, plantains, cooking bananas and pulses",Mexico,Quintile 3,2018
12.352727890014648,26,,MEX,233,261934,384,29188,327,National,"Vegetables, tubers, plantains, cooking bananas and pulses",Mexico,Quintile 4,2018
10.677886009216309,26,,MEX,233,261934,381,29188,327,National,"Vegetables, tubers, plantains, cooking bananas and pulses",Mexico,Quintile 5,2018
12.996981620788574,26,,MEX,233,261934,379,29188,327,National,"Vegetables, tubers, plantains, cooking bananas and pulses",Mexico,Total quintile,2018
19.739683151245117,26,,MEX,233,261934,380,29188,331,Rural,"Vegetables, tubers, plantains, cooking bananas and pulses",Mexico,Quintile 1,2018
17.532121658325195,26,,MEX,233,261934,382,29188,331,Rural,"Vegetables, tubers, plantains, cooking bananas and pulses",Mexico,Quintile 2,2018
16.206239700317383,26,,MEX,233,261934,383,29188,331,Rural,"Vegetables, tubers, plantains, cooking bananas and pulses",Mexico,Quintile 3,2018
15.208735466003418,26,,MEX,233,261934,384,29188,331,Rural,"Vegetables, tubers, plantains, cooking bananas and pulses",Mexico,Quintile 4,2018
13.368796348571777,26,,MEX,233,261934,381,29188,331,Rural,"Vegetables, tubers, plantains, cooking bananas and pulses",Mexico,Quintile 5,2018
15.852662086486816,26,,MEX,233,261934,379,29188,331,Rural,"Vegetables, tubers, plantains, cooking bananas and pulses",Mexico,Total quintile,2018
14.749547004699707,26,,MEX,233,261934,380,29188,330,Urban,"Vegetables, tubers, plantains, cooking bananas and pulses",Mexico,Quintile 1,2018
13.506524085998535,26,,MEX,233,261934,382,29188,330,Urban,"Vegetables, tubers, plantains, cooking bananas and pulses",Mexico,Quintile 2,2018
12.670390129089355,26,,MEX,233,261934,383,29188,330,Urban,"Vegetables, tubers, plantains, cooking bananas and pulses",Mexico,Quintile 3,2018
11.84887409210205,26,,MEX,233,261934,384,29188,330,Urban,"Vegetables, tubers, plantains, cooking bananas and pulses",Mexico,Quintile 4,2018
10.425689697265625,26,,MEX,233,261934,381,29188,330,Urban,"Vegetables, tubers, plantains, cooking bananas and pulses",Mexico,Quintile 5,2018
12.279175758361816,26,,MEX,233,261934,379,29188,330,Urban,"Vegetables, tubers, plantains, cooking bananas and pulses",Mexico,Total quintile,2018
13.895522117614746,26,,MEX,233,261931,380,29188,327,National,"Milk, other dairy products and eggs",Mexico,Quintile 1,2018
14.355524063110352,26,,MEX,233,261931,382,29188,327,National,"Milk, other dairy products and eggs",Mexico,Quintile 2,2018
14.137953758239746,26,,MEX,233,261931,383,29188,327,National,"Milk, other dairy products and eggs",Mexico,Quintile 3,2018
13.52133560180664,26,,MEX,233,261931,384,29188,327,National,"Milk, other dairy products and eggs",Mexico,Quintile 4,2018
13.015153884887695,26,,MEX,233,261931,381,29188,327,National,"Milk, other dairy products and eggs",Mexico,Quintile 5,2018
13.678218841552734,26,,MEX,233,261931,379,29188,327,National,"Milk, other dairy products and eggs",Mexico,Total quintile,2018
12.600395202636719,26,,MEX,233,261931,380,29188,331,Rural,"Milk, other dairy products and eggs",Mexico,Quintile 1,2018
13.364864349365234,26,,MEX,233,261931,382,29188,331,Rural,"Milk, other dairy products and eggs",Mexico,Quintile 2,2018
13.610652923583984,26,,MEX,233,261931,383,29188,331,Rural,"Milk, other dairy products and eggs",Mexico,Quintile 3,2018
13.774935722351074,26,,MEX,233,261931,384,29188,331,Rural,"Milk, other dairy products and eggs",Mexico,Quintile 4,2018
13.065555572509766,26,,MEX,233,261931,381,29188,331,Rural,"Milk, other dairy products and eggs",Mexico,Quintile 5,2018
13.315101623535156,26,,MEX,233,261931,379,29188,331,Rural,"Milk, other dairy products and eggs",Mexico,Total quintile,2018
14.618744850158691,26,,MEX,233,261931,380,29188,330,Urban,"Milk, other dairy products and eggs",Mexico,Quintile 1,2018
14.58987045288086,26,,MEX,233,261931,382,29188,330,Urban,"Milk, other dairy products and eggs",Mexico,Quintile 2,2018
13.970337867736816,26,,MEX,233,261931,383,29188,330,Urban,"Milk, other dairy products and eggs",Mexico,Quintile 3,2018
13.377616882324219,26,,MEX,233,261931,384,29188,330,Urban,"Milk, other dairy products and eggs",Mexico,Quintile 4,2018
13.042625427246094,26,,MEX,233,261931,381,29188,330,Urban,"Milk, other dairy products and eggs",Mexico,Quintile 5,2018
13.769492149353027,26,,MEX,233,261931,379,29188,330,Urban,"Milk, other dairy products and eggs",Mexico,Total quintile,2018
2.060363292694092,26,,MEX,233,261930,380,29188,327,National,Fish and other seafood,Mexico,Quintile 1,2018
1.843824028968811,26,,MEX,233,261930,382,29188,327,National,Fish and other seafood,Mexico,Quintile 2,2018
1.8924875259399414,26,,MEX,233,261930,383,29188,327,National,Fish and other seafood,Mexico,Quintile 3,2018
2.1567325592041016,26,,MEX,233,261930,384,29188,327,National,Fish and other seafood,Mexico,Quintile 4,2018
3.756701707839966,26,,MEX,233,261930,381,29188,327,National,Fish and other seafood,Mexico,Quintile 5,2018
2.506640672683716,26,,MEX,233,261930,379,29188,327,National,Fish and other seafood,Mexico,Total quintile,2018
2.5064501762390137,26,,MEX,233,261930,380,29188,331,Rural,Fish and other seafood,Mexico,Quintile 1,2018
2.2993054389953613,26,,MEX,233,261930,382,29188,331,Rural,Fish and other seafood,Mexico,Quintile 2,2018
2.2648255825042725,26,,MEX,233,261930,383,29188,331,Rural,Fish and other seafood,Mexico,Quintile 3,2018
2.1942214965820312,26,,MEX,233,261930,384,29188,331,Rural,Fish and other seafood,Mexico,Quintile 4,2018
2.910831928253174,26,,MEX,233,261930,381,29188,331,Rural,Fish and other seafood,Mexico,Quintile 5,2018
2.4735474586486816,26,,MEX,233,261930,379,29188,331,Rural,Fish and other seafood,Mexico,Total quintile,2018
1.6509425640106201,26,,MEX,233,261930,380,29188,330,Urban,Fish and other seafood,Mexico,Quintile 1,2018
1.7845170497894287,26,,MEX,233,261930,382,29188,330,Urban,Fish and other seafood,Mexico,Quintile 2,2018
1.9061590433120728,26,,MEX,233,261930,383,29188,330,Urban,Fish and other seafood,Mexico,Quintile 3,2018
2.225437641143799,26,,MEX,233,261930,384,29188,330,Urban,Fish and other seafood,Mexico,Quintile 4,2018
3.996962070465088,26,,MEX,233,261930,381,29188,330,Urban,Fish and other seafood,Mexico,Quintile 5,2018
2.5149590969085693,26,,MEX,233,261930,379,29188,330,Urban,Fish and other seafood,Mexico,Total quintile,2018
5.0373053550720215,26,,NIC,240,261932,380,29184,327,National,Oils and fats,Nicaragua,Quintile 1,2014
4.567485809326172,26,,NIC,240,261932,382,29184,327,National,Oils and fats,Nicaragua,Quintile 2,2014
4.007561683654785,26,,NIC,240,261932,383,29184,327,National,Oils and fats,Nicaragua,Quintile 3,2014
3.6712727546691895,26,,NIC,240,261932,384,29184,327,National,Oils and fats,Nicaragua,Quintile 4,2014
3.0678882598876953,26,,NIC,240,261932,381,29184,327,National,Oils and fats,Nicaragua,Quintile 5,2014
3.845651865005493,26,,NIC,240,261932,379,29184,327,National,Oils and fats,Nicaragua,Total quintile,2014
5.141735076904297,26,,NIC,240,261932,380,29184,331,Rural,Oils and fats,Nicaragua,Quintile 1,2014
5.107715129852295,26,,NIC,240,261932,382,29184,331,Rural,Oils and fats,Nicaragua,Quintile 2,2014
4.957812309265137,26,,NIC,240,261932,383,29184,331,Rural,Oils and fats,Nicaragua,Quintile 3,2014
4.737338066101074,26,,NIC,240,261932,384,29184,331,Rural,Oils and fats,Nicaragua,Quintile 4,2014
3.8812813758850098,26,,NIC,240,261932,381,29184,331,Rural,Oils and fats,Nicaragua,Quintile 5,2014
4.6413726806640625,26,,NIC,240,261932,379,29184,331,Rural,Oils and fats,Nicaragua,Total quintile,2014
4.4050493240356445,26,,NIC,240,261932,380,29184,330,Urban,Oils and fats,Nicaragua,Quintile 1,2014
3.7213306427001953,26,,NIC,240,261932,382,29184,330,Urban,Oils and fats,Nicaragua,Quintile 2,2014
3.6063294410705566,26,,NIC,240,261932,383,29184,330,Urban,Oils and fats,Nicaragua,Quintile 3,2014
3.415553331375122,26,,NIC,240,261932,384,29184,330,Urban,Oils and fats,Nicaragua,Quintile 4,2014
2.8543219566345215,26,,NIC,240,261932,381,29184,330,Urban,Oils and fats,Nicaragua,Quintile 5,2014
3.459794282913208,26,,NIC,240,261932,379,29184,330,Urban,Oils and fats,Nicaragua,Total quintile,2014
3.126415252685547,26,,NIC,240,261936,380,29184,327,National,Ready-made food and other food products n.e.c.,Nicaragua,Quintile 1,2014
4.038876533508301,26,,NIC,240,261936,382,29184,327,National,Ready-made food and other food products n.e.c.,Nicaragua,Quintile 2,2014
4.947412967681885,26,,NIC,240,261936,383,29184,327,National,Ready-made food and other food products n.e.c.,Nicaragua,Quintile 3,2014
7.067370891571045,26,,NIC,240,261936,384,29184,327,National,Ready-made food and other food products n.e.c.,Nicaragua,Quintile 4,2014
9.480814933776855,26,,NIC,240,261936,381,29184,327,National,Ready-made food and other food products n.e.c.,Nicaragua,Quintile 5,2014
6.501482963562012,26,,NIC,240,261936,379,29184,327,National,Ready-made food and other food products n.e.c.,Nicaragua,Total quintile,2014
1.9213991165161133,26,,NIC,240,261936,380,29184,331,Rural,Ready-made food and other food products n.e.c.,Nicaragua,Quintile 1,2014
1.9953266382217407,26,,NIC,240,261936,382,29184,331,Rural,Ready-made food and other food products n.e.c.,Nicaragua,Quintile 2,2014
2.822861909866333,26,,NIC,240,261936,383,29184,331,Rural,Ready-made food and other food products n.e.c.,Nicaragua,Quintile 3,2014
2.830932855606079,26,,NIC,240,261936,384,29184,331,Rural,Ready-made food and other food products n.e.c.,Nicaragua,Quintile 4,2014
5.3555779457092285,26,,NIC,240,261936,381,29184,331,Rural,Ready-made food and other food products n.e.c.,Nicaragua,Quintile 5,2014
3.3129172325134277,26,,NIC,240,261936,379,29184,331,Rural,Ready-made food and other food products n.e.c.,Nicaragua,Total quintile,2014
6.100399494171143,26,,NIC,240,261936,380,29184,330,Urban,Ready-made food and other food products n.e.c.,Nicaragua,Quintile 1,2014
5.813526630401611,26,,NIC,240,261936,382,29184,330,Urban,Ready-made food and other food products n.e.c.,Nicaragua,Quintile 2,2014
7.139975070953369,26,,NIC,240,261936,383,29184,330,Urban,Ready-made food and other food products n.e.c.,Nicaragua,Quintile 3,2014
8.174427032470703,26,,NIC,240,261936,384,29184,330,Urban,Ready-made food and other food products n.e.c.,Nicaragua,Quintile 4,2014
10.545916557312012,26,,NIC,240,261936,381,29184,330,Urban,Ready-made food and other food products n.e.c.,Nicaragua,Quintile 5,2014
8.047669410705566,26,,NIC,240,261936,379,29184,330,Urban,Ready-made food and other food products n.e.c.,Nicaragua,Total quintile,2014
10.564687728881836,26,,NIC,240,261929,380,29184,327,National,"Live animals, meat and other parts of slaughtered land animals",Nicaragua,Quintile 1,2014
12.371681213378906,26,,NIC,240,261929,382,29184,327,National,"Live animals, meat and other parts of slaughtered land animals",Nicaragua,Quintile 2,2014
15.369635581970215,26,,NIC,240,261929,383,29184,327,National,"Live animals, meat and other parts of slaughtered land animals",Nicaragua,Quintile 3,2014
17.16729736328125,26,,NIC,240,261929,384,29184,327,National,"Live animals, meat and other parts of slaughtered land animals",Nicaragua,Quintile 4,2014
20.388296127319336,26,,NIC,240,261929,381,29184,327,National,"Live animals, meat and other parts of slaughtered land animals",Nicaragua,Quintile 5,2014
16.319931030273438,26,,NIC,240,261929,379,29184,327,National,"Live animals, meat and other parts of slaughtered land animals",Nicaragua,Total quintile,2014
9.834630966186523,26,,NIC,240,261929,380,29184,331,Rural,"Live animals, meat and other parts of slaughtered land animals",Nicaragua,Quintile 1,2014
11.354735374450684,26,,NIC,240,261929,382,29184,331,Rural,"Live animals, meat and other parts of slaughtered land animals",Nicaragua,Quintile 2,2014
11.13818645477295,26,,NIC,240,261929,383,29184,331,Rural,"Live animals, meat and other parts of slaughtered land animals",Nicaragua,Quintile 3,2014
13.93753433227539,26,,NIC,240,261929,384,29184,331,Rural,"Live animals, meat and other parts of slaughtered land animals",Nicaragua,Quintile 4,2014
16.961557388305664,26,,NIC,240,261929,381,29184,331,Rural,"Live animals, meat and other parts of slaughtered land animals",Nicaragua,Quintile 5,2014
13.31328296661377,26,,NIC,240,261929,379,29184,331,Rural,"Live animals, meat and other parts of slaughtered land animals",Nicaragua,Total quintile,2014
12.377057075500488,26,,NIC,240,261929,380,29184,330,Urban,"Live animals, meat and other parts of slaughtered land animals",Nicaragua,Quintile 1,2014
15.661214828491211,26,,NIC,240,261929,382,29184,330,Urban,"Live animals, meat and other parts of slaughtered land animals",Nicaragua,Quintile 2,2014
17.16704559326172,26,,NIC,240,261929,383,29184,330,Urban,"Live animals, meat and other parts of slaughtered land animals",Nicaragua,Quintile 3,2014
18.820283889770508,26,,NIC,240,261929,384,29184,330,Urban,"Live animals, meat and other parts of slaughtered land animals",Nicaragua,Quintile 4,2014
20.847190856933594,26,,NIC,240,261929,381,29184,330,Urban,"Live animals, meat and other parts of slaughtered land animals",Nicaragua,Quintile 5,2014
17.777902603149414,26,,NIC,240,261929,379,29184,330,Urban,"Live animals, meat and other parts of slaughtered land animals",Nicaragua,Total quintile,2014
5.583391189575195,26,,NIC,240,261935,380,29184,327,National,"Sugar, confectionery and desserts",Nicaragua,Quintile 1,2014
5.244226455688477,26,,NIC,240,261935,382,29184,327,National,"Sugar, confectionery and desserts",Nicaragua,Quintile 2,2014
4.546316623687744,26,,NIC,240,261935,383,29184,327,National,"Sugar, confectionery and desserts",Nicaragua,Quintile 3,2014
4.22250509262085,26,,NIC,240,261935,384,29184,327,National,"Sugar, confectionery and desserts",Nicaragua,Quintile 4,2014
3.654794692993164,26,,NIC,240,261935,381,29184,327,National,"Sugar, confectionery and desserts",Nicaragua,Quintile 5,2014
4.424222469329834,26,,NIC,240,261935,379,29184,327,National,"Sugar, confectionery and desserts",Nicaragua,Total quintile,2014
5.96028470993042,26,,NIC,240,261935,380,29184,331,Rural,"Sugar, confectionery and desserts",Nicaragua,Quintile 1,2014
5.76202392578125,26,,NIC,240,261935,382,29184,331,Rural,"Sugar, confectionery and desserts",Nicaragua,Quintile 2,2014
5.8511152267456055,26,,NIC,240,261935,383,29184,331,Rural,"Sugar, confectionery and desserts",Nicaragua,Quintile 3,2014
5.673647880554199,26,,NIC,240,261935,384,29184,331,Rural,"Sugar, confectionery and desserts",Nicaragua,Quintile 4,2014
4.753549575805664,26,,NIC,240,261935,381,29184,331,Rural,"Sugar, confectionery and desserts",Nicaragua,Quintile 5,2014
5.487227439880371,26,,NIC,240,261935,379,29184,331,Rural,"Sugar, confectionery and desserts",Nicaragua,Total quintile,2014
4.631362438201904,26,,NIC,240,261935,380,29184,330,Urban,"Sugar, confectionery and desserts",Nicaragua,Quintile 1,2014
4.068153381347656,26,,NIC,240,261935,382,29184,330,Urban,"Sugar, confectionery and desserts",Nicaragua,Quintile 2,2014
4.03398323059082,26,,NIC,240,261935,383,29184,330,Urban,"Sugar, confectionery and desserts",Nicaragua,Quintile 3,2014
3.8739123344421387,26,,NIC,240,261935,384,29184,330,Urban,"Sugar, confectionery and desserts",Nicaragua,Quintile 4,2014
3.4600448608398438,26,,NIC,240,261935,381,29184,330,Urban,"Sugar, confectionery and desserts",Nicaragua,Quintile 5,2014
3.908754825592041,26,,NIC,240,261935,379,29184,330,Urban,"Sugar, confectionery and desserts",Nicaragua,Total quintile,2014
5.583422660827637,26,,NIC,240,261946,380,29184,327,National,Non - alcoholic beverages,Nicaragua,Quintile 1,2014
5.967733860015869,26,,NIC,240,261946,382,29184,327,National,Non - alcoholic beverages,Nicaragua,Quintile 2,2014
5.619650363922119,26,,NIC,240,261946,383,29184,327,National,Non - alcoholic beverages,Nicaragua,Quintile 3,2014
6.043063163757324,26,,NIC,240,261946,384,29184,327,National,Non - alcoholic beverages,Nicaragua,Quintile 4,2014
5.9444451332092285,26,,NIC,240,261946,381,29184,327,National,Non - alcoholic beverages,Nicaragua,Quintile 5,2014
5.865946292877197,26,,NIC,240,261946,379,29184,327,National,Non - alcoholic beverages,Nicaragua,Total quintile,2014
5.605328559875488,26,,NIC,240,261946,380,29184,331,Rural,Non - alcoholic beverages,Nicaragua,Quintile 1,2014
5.675382614135742,26,,NIC,240,261946,382,29184,331,Rural,Non - alcoholic beverages,Nicaragua,Quintile 2,2014
5.539275169372559,26,,NIC,240,261946,383,29184,331,Rural,Non - alcoholic beverages,Nicaragua,Quintile 3,2014
5.4059858322143555,26,,NIC,240,261946,384,29184,331,Rural,Non - alcoholic beverages,Nicaragua,Quintile 4,2014
5.941832065582275,26,,NIC,240,261946,381,29184,331,Rural,Non - alcoholic beverages,Nicaragua,Quintile 5,2014
5.663358688354492,26,,NIC,240,261946,379,29184,331,Rural,Non - alcoholic beverages,Nicaragua,Total quintile,2014
5.856081008911133,26,,NIC,240,261946,380,29184,330,Urban,Non - alcoholic beverages,Nicaragua,Quintile 1,2014
6.063109874725342,26,,NIC,240,261946,382,29184,330,Urban,Non - alcoholic beverages,Nicaragua,Quintile 2,2014
6.112420082092285,26,,NIC,240,261946,383,29184,330,Urban,Non - alcoholic beverages,Nicaragua,Quintile 3,2014
6.073448181152344,26,,NIC,240,261946,384,29184,330,Urban,Non - alcoholic beverages,Nicaragua,Quintile 4,2014
5.786040306091309,26,,NIC,240,261946,381,29184,330,Urban,Non - alcoholic beverages,Nicaragua,Quintile 5,2014
5.964184284210205,26,,NIC,240,261946,379,29184,330,Urban,Non - alcoholic beverages,Nicaragua,Total quintile,2014
26.818748474121094,26,,NIC,240,261937,380,29184,327,National,Cereals and cereal products,Nicaragua,Quintile 1,2014
27.045700073242188,26,,NIC,240,261937,382,29184,327,National,Cereals and cereal products,Nicaragua,Quintile 2,2014
24.7454891204834,26,,NIC,240,261937,383,29184,327,National,Cereals and cereal products,Nicaragua,Quintile 3,2014
21.84984016418457,26,,NIC,240,261937,384,29184,327,National,Cereals and cereal products,Nicaragua,Quintile 4,2014
17.352672576904297,26,,NIC,240,261937,381,29184,327,National,Cereals and cereal products,Nicaragua,Quintile 5,2014
22.349285125732422,26,,NIC,240,261937,379,29184,327,National,Cereals and cereal products,Nicaragua,Total quintile,2014
26.179828643798828,26,,NIC,240,261937,380,29184,331,Rural,Cereals and cereal products,Nicaragua,Quintile 1,2014
26.80021858215332,26,,NIC,240,261937,382,29184,331,Rural,Cereals and cereal products,Nicaragua,Quintile 2,2014
27.196897506713867,26,,NIC,240,261937,383,29184,331,Rural,Cereals and cereal products,Nicaragua,Quintile 3,2014
24.747581481933594,26,,NIC,240,261937,384,29184,331,Rural,Cereals and cereal products,Nicaragua,Quintile 4,2014
20.47848892211914,26,,NIC,240,261937,381,29184,331,Rural,Cereals and cereal products,Nicaragua,Quintile 5,2014
24.4600887298584,26,,NIC,240,261937,379,29184,331,Rural,Cereals and cereal products,Nicaragua,Total quintile,2014
27.534765243530273,26,,NIC,240,261937,380,29184,330,Urban,Cereals and cereal products,Nicaragua,Quintile 1,2014
25.014305114746094,26,,NIC,240,261937,382,29184,330,Urban,Cereals and cereal products,Nicaragua,Quintile 2,2014
22.822757720947266,26,,NIC,240,261937,383,29184,330,Urban,Cereals and cereal products,Nicaragua,Quintile 3,2014
20.41701889038086,26,,NIC,240,261937,384,29184,330,Urban,Cereals and cereal products,Nicaragua,Quintile 4,2014
16.424062728881836,26,,NIC,240,261937,381,29184,330,Urban,Cereals and cereal products,Nicaragua,Quintile 5,2014
21.325721740722656,26,,NIC,240,261937,379,29184,330,Urban,Cereals and cereal products,Nicaragua,Total quintile,2014
3.800999164581299,26,,NIC,240,261933,380,29184,327,National,Fruits and nuts,Nicaragua,Quintile 1,2014
4.041448593139648,26,,NIC,240,261933,382,29184,327,National,Fruits and nuts,Nicaragua,Quintile 2,2014
4.292057514190674,26,,NIC,240,261933,383,29184,327,National,Fruits and nuts,Nicaragua,Quintile 3,2014
4.6664958000183105,26,,NIC,240,261933,384,29184,327,National,Fruits and nuts,Nicaragua,Quintile 4,2014
6.407146453857422,26,,NIC,240,261933,381,29184,327,National,Fruits and nuts,Nicaragua,Quintile 5,2014
4.949753761291504,26,,NIC,240,261933,379,29184,327,National,Fruits and nuts,Nicaragua,Total quintile,2014
4.2336883544921875,26,,NIC,240,261933,380,29184,331,Rural,Fruits and nuts,Nicaragua,Quintile 1,2014
3.539785623550415,26,,NIC,240,261933,382,29184,331,Rural,Fruits and nuts,Nicaragua,Quintile 2,2014
4.143813610076904,26,,NIC,240,261933,383,29184,331,Rural,Fruits and nuts,Nicaragua,Quintile 3,2014
4.386898040771484,26,,NIC,240,261933,384,29184,331,Rural,Fruits and nuts,Nicaragua,Quintile 4,2014
5.021845817565918,26,,NIC,240,261933,381,29184,331,Rural,Fruits and nuts,Nicaragua,Quintile 5,2014
4.370986461639404,26,,NIC,240,261933,379,29184,331,Rural,Fruits and nuts,Nicaragua,Total quintile,2014
3.8594915866851807,26,,NIC,240,261933,380,29184,330,Urban,Fruits and nuts,Nicaragua,Quintile 1,2014
3.988621711730957,26,,NIC,240,261933,382,29184,330,Urban,Fruits and nuts,Nicaragua,Quintile 2,2014
4.596445560455322,26,,NIC,240,261933,383,29184,330,Urban,Fruits and nuts,Nicaragua,Quintile 3,2014
5.117862701416016,26,,NIC,240,261933,384,29184,330,Urban,Fruits and nuts,Nicaragua,Quintile 4,2014
6.958422660827637,26,,NIC,240,261933,381,29184,330,Urban,Fruits and nuts,Nicaragua,Quintile 5,2014
5.230407238006592,26,,NIC,240,261933,379,29184,330,Urban,Fruits and nuts,Nicaragua,Total quintile,2014
0.6703020334243774,26,,NIC,240,261957,380,29184,327,National,Non-disaggregable expenditures by food group,Nicaragua,Quintile 1,2014
0.3194681704044342,26,,NIC,240,261957,382,29184,327,National,Non-disaggregable expenditures by food group,Nicaragua,Quintile 2,2014
0.1778825968503952,26,,NIC,240,261957,383,29184,327,National,Non-disaggregable expenditures by food group,Nicaragua,Quintile 3,2014
0.24903587996959686,26,,NIC,240,261957,384,29184,327,National,Non-disaggregable expenditures by food group,Nicaragua,Quintile 4,2014
0.1414821892976761,26,,NIC,240,261957,381,29184,327,National,Non-disaggregable expenditures by food group,Nicaragua,Quintile 5,2014
0.2648133933544159,26,,NIC,240,261957,379,29184,327,National,Non-disaggregable expenditures by food group,Nicaragua,Total quintile,2014
1.049601435661316,26,,NIC,240,261957,380,29184,331,Rural,Non-disaggregable expenditures by food group,Nicaragua,Quintile 1,2014
0.39755287766456604,26,,NIC,240,261957,382,29184,331,Rural,Non-disaggregable expenditures by food group,Nicaragua,Quintile 2,2014
0.42801088094711304,26,,NIC,240,261957,383,29184,331,Rural,Non-disaggregable expenditures by food group,Nicaragua,Quintile 3,2014
0.1952659636735916,26,,NIC,240,261957,384,29184,331,Rural,Non-disaggregable expenditures by food group,Nicaragua,Quintile 4,2014
0.23848772048950195,26,,NIC,240,261957,381,29184,331,Rural,Non-disaggregable expenditures by food group,Nicaragua,Quintile 5,2014
0.40800410509109497,26,,NIC,240,261957,379,29184,331,Rural,Non-disaggregable expenditures by food group,Nicaragua,Total quintile,2014
0.2979738116264343,26,,NIC,240,261957,380,29184,330,Urban,Non-disaggregable expenditures by food group,Nicaragua,Quintile 1,2014
0.20897510647773743,26,,NIC,240,261957,382,29184,330,Urban,Non-disaggregable expenditures by food group,Nicaragua,Quintile 2,2014
0.2301722913980484,26,,NIC,240,261957,383,29184,330,Urban,Non-disaggregable expenditures by food group,Nicaragua,Quintile 3,2014
0.18709847331047058,26,,NIC,240,261957,384,29184,330,Urban,Non-disaggregable expenditures by food group,Nicaragua,Quintile 4,2014
0.1283993273973465,26,,NIC,240,261957,381,29184,330,Urban,Non-disaggregable expenditures by food group,Nicaragua,Quintile 5,2014
0.19537797570228577,26,,NIC,240,261957,379,29184,330,Urban,Non-disaggregable expenditures by food group,Nicaragua,Total quintile,2014
20.634857177734375,26,,NIC,240,261934,380,29184,327,National,"Vegetables, tubers, plantains, cooking bananas and pulses",Nicaragua,Quintile 1,2014
16.955074310302734,26,,NIC,240,261934,382,29184,327,National,"Vegetables, tubers, plantains, cooking bananas and pulses",Nicaragua,Quintile 2,2014
16.246299743652344,26,,NIC,240,261934,383,29184,327,National,"Vegetables, tubers, plantains, cooking bananas and pulses",Nicaragua,Quintile 3,2014
15.503786087036133,26,,NIC,240,261934,384,29184,327,National,"Vegetables, tubers, plantains, cooking bananas and pulses",Nicaragua,Quintile 4,2014
14.521612167358398,26,,NIC,240,261934,381,29184,327,National,"Vegetables, tubers, plantains, cooking bananas and pulses",Nicaragua,Quintile 5,2014
16.18338966369629,26,,NIC,240,261934,379,29184,327,National,"Vegetables, tubers, plantains, cooking bananas and pulses",Nicaragua,Total quintile,2014
21.17217254638672,26,,NIC,240,261934,380,29184,331,Rural,"Vegetables, tubers, plantains, cooking bananas and pulses",Nicaragua,Quintile 1,2014
22.41672134399414,26,,NIC,240,261934,382,29184,331,Rural,"Vegetables, tubers, plantains, cooking bananas and pulses",Nicaragua,Quintile 2,2014
17.967273712158203,26,,NIC,240,261934,383,29184,331,Rural,"Vegetables, tubers, plantains, cooking bananas and pulses",Nicaragua,Quintile 3,2014
19.776626586914062,26,,NIC,240,261934,384,29184,331,Rural,"Vegetables, tubers, plantains, cooking bananas and pulses",Nicaragua,Quintile 4,2014
18.788999557495117,26,,NIC,240,261934,381,29184,331,Rural,"Vegetables, tubers, plantains, cooking bananas and pulses",Nicaragua,Quintile 5,2014
19.794904708862305,26,,NIC,240,261934,379,29184,331,Rural,"Vegetables, tubers, plantains, cooking bananas and pulses",Nicaragua,Total quintile,2014
15.55820369720459,26,,NIC,240,261934,380,29184,330,Urban,"Vegetables, tubers, plantains, cooking bananas and pulses",Nicaragua,Quintile 1,2014
14.840313911437988,26,,NIC,240,261934,382,29184,330,Urban,"Vegetables, tubers, plantains, cooking bananas and pulses",Nicaragua,Quintile 2,2014
14.264768600463867,26,,NIC,240,261934,383,29184,330,Urban,"Vegetables, tubers, plantains, cooking bananas and pulses",Nicaragua,Quintile 3,2014
14.475458145141602,26,,NIC,240,261934,384,29184,330,Urban,"Vegetables, tubers, plantains, cooking bananas and pulses",Nicaragua,Quintile 4,2014
13.800309181213379,26,,NIC,240,261934,381,29184,330,Urban,"Vegetables, tubers, plantains, cooking bananas and pulses",Nicaragua,Quintile 5,2014
14.432109832763672,26,,NIC,240,261934,379,29184,330,Urban,"Vegetables, tubers, plantains, cooking bananas and pulses",Nicaragua,Total quintile,2014
16.631072998046875,26,,NIC,240,261931,380,29184,327,National,"Milk, other dairy products and eggs",Nicaragua,Quintile 1,2014
17.894561767578125,26,,NIC,240,261931,382,29184,327,National,"Milk, other dairy products and eggs",Nicaragua,Quintile 2,2014
18.36103630065918,26,,NIC,240,261931,383,29184,327,National,"Milk, other dairy products and eggs",Nicaragua,Quintile 3,2014
17.43488311767578,26,,NIC,240,261931,384,29184,327,National,"Milk, other dairy products and eggs",Nicaragua,Quintile 4,2014
16.299575805664062,26,,NIC,240,261931,381,29184,327,National,"Milk, other dairy products and eggs",Nicaragua,Quintile 5,2014
17.212446212768555,26,,NIC,240,261931,379,29184,327,National,"Milk, other dairy products and eggs",Nicaragua,Total quintile,2014
17.202674865722656,26,,NIC,240,261931,380,29184,331,Rural,"Milk, other dairy products and eggs",Nicaragua,Quintile 1,2014
16.063934326171875,26,,NIC,240,261931,382,29184,331,Rural,"Milk, other dairy products and eggs",Nicaragua,Quintile 2,2014
18.676158905029297,26,,NIC,240,261931,383,29184,331,Rural,"Milk, other dairy products and eggs",Nicaragua,Quintile 3,2014
17.234024047851562,26,,NIC,240,261931,384,29184,331,Rural,"Milk, other dairy products and eggs",Nicaragua,Quintile 4,2014
16.592924118041992,26,,NIC,240,261931,381,29184,331,Rural,"Milk, other dairy products and eggs",Nicaragua,Quintile 5,2014
17.104597091674805,26,,NIC,240,261931,379,29184,331,Rural,"Milk, other dairy products and eggs",Nicaragua,Total quintile,2014
17.253786087036133,26,,NIC,240,261931,380,29184,330,Urban,"Milk, other dairy products and eggs",Nicaragua,Quintile 1,2014
18.693683624267578,26,,NIC,240,261931,382,29184,330,Urban,"Milk, other dairy products and eggs",Nicaragua,Quintile 2,2014
17.905139923095703,26,,NIC,240,261931,383,29184,330,Urban,"Milk, other dairy products and eggs",Nicaragua,Quintile 3,2014
17.255537033081055,26,,NIC,240,261931,384,29184,330,Urban,"Milk, other dairy products and eggs",Nicaragua,Quintile 4,2014
16.11946678161621,26,,NIC,240,261931,381,29184,330,Urban,"Milk, other dairy products and eggs",Nicaragua,Quintile 5,2014
17.26474380493164,26,,NIC,240,261931,379,29184,330,Urban,"Milk, other dairy products and eggs",Nicaragua,Total quintile,2014
1.54879629611969,26,,NIC,240,261930,380,29184,327,National,Fish and other seafood,Nicaragua,Quintile 1,2014
1.55374276638031,26,,NIC,240,261930,382,29184,327,National,Fish and other seafood,Nicaragua,Quintile 2,2014
1.6866564750671387,26,,NIC,240,261930,383,29184,327,National,Fish and other seafood,Nicaragua,Quintile 3,2014
2.124451160430908,26,,NIC,240,261930,384,29184,327,National,Fish and other seafood,Nicaragua,Quintile 4,2014
2.741272211074829,26,,NIC,240,261930,381,29184,327,National,Fish and other seafood,Nicaragua,Quintile 5,2014
2.0830769538879395,26,,NIC,240,261930,379,29184,327,National,Fish and other seafood,Nicaragua,Total quintile,2014
1.698655128479004,26,,NIC,240,261930,380,29184,331,Rural,Fish and other seafood,Nicaragua,Quintile 1,2014
0.8866033554077148,26,,NIC,240,261930,382,29184,331,Rural,Fish and other seafood,Nicaragua,Quintile 2,2014
1.2785943746566772,26,,NIC,240,261930,383,29184,331,Rural,Fish and other seafood,Nicaragua,Quintile 3,2014
1.0741633176803589,26,,NIC,240,261930,384,29184,331,Rural,Fish and other seafood,Nicaragua,Quintile 4,2014
1.9854562282562256,26,,NIC,240,261930,381,29184,331,Rural,Fish and other seafood,Nicaragua,Quintile 5,2014
1.4432607889175415,26,,NIC,240,261930,379,29184,331,Rural,Fish and other seafood,Nicaragua,Total quintile,2014
2.125831127166748,26,,NIC,240,261930,380,29184,330,Urban,Fish and other seafood,Nicaragua,Quintile 1,2014
1.926763653755188,26,,NIC,240,261930,382,29184,330,Urban,Fish and other seafood,Nicaragua,Quintile 2,2014
2.1209630966186523,26,,NIC,240,261930,383,29184,330,Urban,Fish and other seafood,Nicaragua,Quintile 3,2014
2.1894006729125977,26,,NIC,240,261930,384,29184,330,Urban,Fish and other seafood,Nicaragua,Quintile 4,2014
3.0758249759674072,26,,NIC,240,261930,381,29184,330,Urban,Fish and other seafood,Nicaragua,Quintile 5,2014
2.393333911895752,26,,NIC,240,261930,379,29184,330,Urban,Fish and other seafood,Nicaragua,Total quintile,2014
4.953646659851074,26,,PAN,241,261932,380,29177,327,National,Oils and fats,Panama,Quintile 1,2007
5.062023639678955,26,,PAN,241,261932,382,29177,327,National,Oils and fats,Panama,Quintile 2,2007
5.883861064910889,26,,PAN,241,261932,383,29177,327,National,Oils and fats,Panama,Quintile 3,2007
5.674476623535156,26,,PAN,241,261932,384,29177,327,National,Oils and fats,Panama,Quintile 4,2007
7.019339084625244,26,,PAN,241,261932,381,29177,327,National,Oils and fats,Panama,Quintile 5,2007
5.996134281158447,26,,PAN,241,261932,379,29177,327,National,Oils and fats,Panama,Total quintile,2007
5.518405437469482,26,,PAN,241,261936,380,29177,327,National,Ready-made food and other food products n.e.c.,Panama,Quintile 1,2007
5.462072849273682,26,,PAN,241,261936,382,29177,327,National,Ready-made food and other food products n.e.c.,Panama,Quintile 2,2007
5.184952259063721,26,,PAN,241,261936,383,29177,327,National,Ready-made food and other food products n.e.c.,Panama,Quintile 3,2007
5.406705379486084,26,,PAN,241,261936,384,29177,327,National,Ready-made food and other food products n.e.c.,Panama,Quintile 4,2007
6.510907173156738,26,,PAN,241,261936,381,29177,327,National,Ready-made food and other food products n.e.c.,Panama,Quintile 5,2007
5.759886741638184,26,,PAN,241,261936,379,29177,327,National,Ready-made food and other food products n.e.c.,Panama,Total quintile,2007
28.448619842529297,26,,PAN,241,261929,380,29177,327,National,"Live animals, meat and other parts of slaughtered land animals",Panama,Quintile 1,2007
30.79191780090332,26,,PAN,241,261929,382,29177,327,National,"Live animals, meat and other parts of slaughtered land animals",Panama,Quintile 2,2007
31.255657196044922,26,,PAN,241,261929,383,29177,327,National,"Live animals, meat and other parts of slaughtered land animals",Panama,Quintile 3,2007
32.50798416137695,26,,PAN,241,261929,384,29177,327,National,"Live animals, meat and other parts of slaughtered land animals",Panama,Quintile 4,2007
30.035263061523438,26,,PAN,241,261929,381,29177,327,National,"Live animals, meat and other parts of slaughtered land animals",Panama,Quintile 5,2007
30.738157272338867,26,,PAN,241,261929,379,29177,327,National,"Live animals, meat and other parts of slaughtered land animals",Panama,Total quintile,2007
4.735424995422363,26,,PAN,241,261935,380,29177,327,National,"Sugar, confectionery and desserts",Panama,Quintile 1,2007
4.028763771057129,26,,PAN,241,261935,382,29177,327,National,"Sugar, confectionery and desserts",Panama,Quintile 2,2007
4.405247211456299,26,,PAN,241,261935,383,29177,327,National,"Sugar, confectionery and desserts",Panama,Quintile 3,2007
4.2065229415893555,26,,PAN,241,261935,384,29177,327,National,"Sugar, confectionery and desserts",Panama,Quintile 4,2007
4.2199788093566895,26,,PAN,241,261935,381,29177,327,National,"Sugar, confectionery and desserts",Panama,Quintile 5,2007
4.280758857727051,26,,PAN,241,261935,379,29177,327,National,"Sugar, confectionery and desserts",Panama,Total quintile,2007
10.52931022644043,26,,PAN,241,261946,380,29177,327,National,Non - alcoholic beverages,Panama,Quintile 1,2007
10.455665588378906,26,,PAN,241,261946,382,29177,327,National,Non - alcoholic beverages,Panama,Quintile 2,2007
10.43012809753418,26,,PAN,241,261946,383,29177,327,National,Non - alcoholic beverages,Panama,Quintile 3,2007
9.978117942810059,26,,PAN,241,261946,384,29177,327,National,Non - alcoholic beverages,Panama,Quintile 4,2007
10.051119804382324,26,,PAN,241,261946,381,29177,327,National,Non - alcoholic beverages,Panama,Quintile 5,2007
10.216657638549805,26,,PAN,241,261946,379,29177,327,National,Non - alcoholic beverages,Panama,Total quintile,2007
24.708433151245117,26,,PAN,241,261937,380,29177,327,National,Cereals and cereal products,Panama,Quintile 1,2007
21.50711441040039,26,,PAN,241,261937,382,29177,327,National,Cereals and cereal products,Panama,Quintile 2,2007
19.422985076904297,26,,PAN,241,261937,383,29177,327,National,Cereals and cereal products,Panama,Quintile 3,2007
17.844825744628906,26,,PAN,241,261937,384,29177,327,National,Cereals and cereal products,Panama,Quintile 4,2007
15.612982749938965,26,,PAN,241,261937,381,29177,327,National,Cereals and cereal products,Panama,Quintile 5,2007
18.684974670410156,26,,PAN,241,261937,379,29177,327,National,Cereals and cereal products,Panama,Total quintile,2007
0.96982342004776,26,,PAN,241,261933,380,29177,327,National,Fruits and nuts,Panama,Quintile 1,2007
1.2106789350509644,26,,PAN,241,261933,382,29177,327,National,Fruits and nuts,Panama,Quintile 2,2007
1.3230401277542114,26,,PAN,241,261933,383,29177,327,National,Fruits and nuts,Panama,Quintile 3,2007
1.6258577108383179,26,,PAN,241,261933,384,29177,327,National,Fruits and nuts,Panama,Quintile 4,2007
2.398695707321167,26,,PAN,241,261933,381,29177,327,National,Fruits and nuts,Panama,Quintile 5,2007
1.6973466873168945,26,,PAN,241,261933,379,29177,327,National,Fruits and nuts,Panama,Total quintile,2007
7.77126932144165,26,,PAN,241,261934,380,29177,327,National,"Vegetables, tubers, plantains, cooking bananas and pulses",Panama,Quintile 1,2007
8.508688926696777,26,,PAN,241,261934,382,29177,327,National,"Vegetables, tubers, plantains, cooking bananas and pulses",Panama,Quintile 2,2007
8.251153945922852,26,,PAN,241,261934,383,29177,327,National,"Vegetables, tubers, plantains, cooking bananas and pulses",Panama,Quintile 3,2007
8.167497634887695,26,,PAN,241,261934,384,29177,327,National,"Vegetables, tubers, plantains, cooking bananas and pulses",Panama,Quintile 4,2007
8.219732284545898,26,,PAN,241,261934,381,29177,327,National,"Vegetables, tubers, plantains, cooking bananas and pulses",Panama,Quintile 5,2007
8.20555591583252,26,,PAN,241,261934,379,29177,327,National,"Vegetables, tubers, plantains, cooking bananas and pulses",Panama,Total quintile,2007
9.847208023071289,26,,PAN,241,261931,380,29177,327,National,"Milk, other dairy products and eggs",Panama,Quintile 1,2007
10.158185958862305,26,,PAN,241,261931,382,29177,327,National,"Milk, other dairy products and eggs",Panama,Quintile 2,2007
10.92050552368164,26,,PAN,241,261931,383,29177,327,National,"Milk, other dairy products and eggs",Panama,Quintile 3,2007
11.091947555541992,26,,PAN,241,261931,384,29177,327,National,"Milk, other dairy products and eggs",Panama,Quintile 4,2007
11.846102714538574,26,,PAN,241,261931,381,29177,327,National,"Milk, other dairy products and eggs",Panama,Quintile 5,2007
11.03907299041748,26,,PAN,241,261931,379,29177,327,National,"Milk, other dairy products and eggs",Panama,Total quintile,2007
2.5178604125976562,26,,PAN,241,261930,380,29177,327,National,Fish and other seafood,Panama,Quintile 1,2007
2.8148880004882812,26,,PAN,241,261930,382,29177,327,National,Fish and other seafood,Panama,Quintile 2,2007
2.922468900680542,26,,PAN,241,261930,383,29177,327,National,Fish and other seafood,Panama,Quintile 3,2007
3.496063232421875,26,,PAN,241,261930,384,29177,327,National,Fish and other seafood,Panama,Quintile 4,2007
4.085879802703857,26,,PAN,241,261930,381,29177,327,National,Fish and other seafood,Panama,Quintile 5,2007
3.3814566135406494,26,,PAN,241,261930,379,29177,327,National,Fish and other seafood,Panama,Total quintile,2007
3.5701189041137695,26,,PRY,242,261932,380,29181,327,National,Oils and fats,Paraguay,Quintile 1,2011
2.839951992034912,26,,PRY,242,261932,382,29181,327,National,Oils and fats,Paraguay,Quintile 2,2011
2.3084425926208496,26,,PRY,242,261932,383,29181,327,National,Oils and fats,Paraguay,Quintile 3,2011
1.9474002122879028,26,,PRY,242,261932,384,29181,327,National,Oils and fats,Paraguay,Quintile 4,2011
1.6661373376846313,26,,PRY,242,261932,381,29181,327,National,Oils and fats,Paraguay,Quintile 5,2011
2.3266637325286865,26,,PRY,242,261932,379,29181,327,National,Oils and fats,Paraguay,Total quintile,2011
3.7492663860321045,26,,PRY,242,261932,380,29181,331,Rural,Oils and fats,Paraguay,Quintile 1,2011
3.3718929290771484,26,,PRY,242,261932,382,29181,331,Rural,Oils and fats,Paraguay,Quintile 2,2011
3.3370189666748047,26,,PRY,242,261932,383,29181,331,Rural,Oils and fats,Paraguay,Quintile 3,2011
2.4820311069488525,26,,PRY,242,261932,384,29181,331,Rural,Oils and fats,Paraguay,Quintile 4,2011
2.086805582046509,26,,PRY,242,261932,381,29181,331,Rural,Oils and fats,Paraguay,Quintile 5,2011
2.8930716514587402,26,,PRY,242,261932,379,29181,331,Rural,Oils and fats,Paraguay,Total quintile,2011
2.8501672744750977,26,,PRY,242,261932,380,29181,330,Urban,Oils and fats,Paraguay,Quintile 1,2011
2.2176990509033203,26,,PRY,242,261932,382,29181,330,Urban,Oils and fats,Paraguay,Quintile 2,2011
2.0163283348083496,26,,PRY,242,261932,383,29181,330,Urban,Oils and fats,Paraguay,Quintile 3,2011
1.760131597518921,26,,PRY,242,261932,384,29181,330,Urban,Oils and fats,Paraguay,Quintile 4,2011
1.6227774620056152,26,,PRY,242,261932,381,29181,330,Urban,Oils and fats,Paraguay,Quintile 5,2011
2.014641284942627,26,,PRY,242,261932,379,29181,330,Urban,Oils and fats,Paraguay,Total quintile,2011
1.8266239166259766,26,,PRY,242,261936,380,29181,327,National,Ready-made food and other food products n.e.c.,Paraguay,Quintile 1,2011
1.8478416204452515,26,,PRY,242,261936,382,29181,327,National,Ready-made food and other food products n.e.c.,Paraguay,Quintile 2,2011
1.674715518951416,26,,PRY,242,261936,383,29181,327,National,Ready-made food and other food products n.e.c.,Paraguay,Quintile 3,2011
1.7494975328445435,26,,PRY,242,261936,384,29181,327,National,Ready-made food and other food products n.e.c.,Paraguay,Quintile 4,2011
1.5641648769378662,26,,PRY,242,261936,381,29181,327,National,Ready-made food and other food products n.e.c.,Paraguay,Quintile 5,2011
1.7124502658843994,26,,PRY,242,261936,379,29181,327,National,Ready-made food and other food products n.e.c.,Paraguay,Total quintile,2011
1.4309895038604736,26,,PRY,242,261936,380,29181,331,Rural,Ready-made food and other food products n.e.c.,Paraguay,Quintile 1,2011
1.9962247610092163,26,,PRY,242,261936,382,29181,331,Rural,Ready-made food and other food products n.e.c.,Paraguay,Quintile 2,2011
1.6975643634796143,26,,PRY,242,261936,383,29181,331,Rural,Ready-made food and other food products n.e.c.,Paraguay,Quintile 3,2011
1.564019799232483,26,,PRY,242,261936,384,29181,331,Rural,Ready-made food and other food products n.e.c.,Paraguay,Quintile 4,2011
1.4984197616577148,26,,PRY,242,261936,381,29181,331,Rural,Ready-made food and other food products n.e.c.,Paraguay,Quintile 5,2011
1.6317840814590454,26,,PRY,242,261936,379,29181,331,Rural,Ready-made food and other food products n.e.c.,Paraguay,Total quintile,2011
1.9547717571258545,26,,PRY,242,261936,380,29181,330,Urban,Ready-made food and other food products n.e.c.,Paraguay,Quintile 1,2011
1.8776766061782837,26,,PRY,242,261936,382,29181,330,Urban,Ready-made food and other food products n.e.c.,Paraguay,Quintile 2,2011
1.7326222658157349,26,,PRY,242,261936,383,29181,330,Urban,Ready-made food and other food products n.e.c.,Paraguay,Quintile 3,2011
1.7617336511611938,26,,PRY,242,261936,384,29181,330,Urban,Ready-made food and other food products n.e.c.,Paraguay,Quintile 4,2011
1.5796668529510498,26,,PRY,242,261936,381,29181,330,Urban,Ready-made food and other food products n.e.c.,Paraguay,Quintile 5,2011
1.7568875551223755,26,,PRY,242,261936,379,29181,330,Urban,Ready-made food and other food products n.e.c.,Paraguay,Total quintile,2011
24.25135612487793,26,,PRY,242,261929,380,29181,327,National,"Live animals, meat and other parts of slaughtered land animals",Paraguay,Quintile 1,2011
27.000539779663086,26,,PRY,242,261929,382,29181,327,National,"Live animals, meat and other parts of slaughtered land animals",Paraguay,Quintile 2,2011
28.735219955444336,26,,PRY,242,261929,383,29181,327,National,"Live animals, meat and other parts of slaughtered land animals",Paraguay,Quintile 3,2011
28.624225616455078,26,,PRY,242,261929,384,29181,327,National,"Live animals, meat and other parts of slaughtered land animals",Paraguay,Quintile 4,2011
28.47010612487793,26,,PRY,242,261929,381,29181,327,National,"Live animals, meat and other parts of slaughtered land animals",Paraguay,Quintile 5,2011
27.702547073364258,26,,PRY,242,261929,379,29181,327,National,"Live animals, meat and other parts of slaughtered land animals",Paraguay,Total quintile,2011
23.716604232788086,26,,PRY,242,261929,380,29181,331,Rural,"Live animals, meat and other parts of slaughtered land animals",Paraguay,Quintile 1,2011
24.072107315063477,26,,PRY,242,261929,382,29181,331,Rural,"Live animals, meat and other parts of slaughtered land animals",Paraguay,Quintile 2,2011
26.41069793701172,26,,PRY,242,261929,383,29181,331,Rural,"Live animals, meat and other parts of slaughtered land animals",Paraguay,Quintile 3,2011
28.672895431518555,26,,PRY,242,261929,384,29181,331,Rural,"Live animals, meat and other parts of slaughtered land animals",Paraguay,Quintile 4,2011
28.78683090209961,26,,PRY,242,261929,381,29181,331,Rural,"Live animals, meat and other parts of slaughtered land animals",Paraguay,Quintile 5,2011
26.694908142089844,26,,PRY,242,261929,379,29181,331,Rural,"Live animals, meat and other parts of slaughtered land animals",Paraguay,Total quintile,2011
26.538516998291016,26,,PRY,242,261929,380,29181,330,Urban,"Live animals, meat and other parts of slaughtered land animals",Paraguay,Quintile 1,2011
29.36471939086914,26,,PRY,242,261929,382,29181,330,Urban,"Live animals, meat and other parts of slaughtered land animals",Paraguay,Quintile 2,2011
28.258277893066406,26,,PRY,242,261929,383,29181,330,Urban,"Live animals, meat and other parts of slaughtered land animals",Paraguay,Quintile 3,2011
28.5498046875,26,,PRY,242,261929,384,29181,330,Urban,"Live animals, meat and other parts of slaughtered land animals",Paraguay,Quintile 4,2011
28.2186336517334,26,,PRY,242,261929,381,29181,330,Urban,"Live animals, meat and other parts of slaughtered land animals",Paraguay,Quintile 5,2011
28.25763511657715,26,,PRY,242,261929,379,29181,330,Urban,"Live animals, meat and other parts of slaughtered land animals",Paraguay,Total quintile,2011
4.838759422302246,26,,PRY,242,261935,380,29181,327,National,"Sugar, confectionery and desserts",Paraguay,Quintile 1,2011
5.193507194519043,26,,PRY,242,261935,382,29181,327,National,"Sugar, confectionery and desserts",Paraguay,Quintile 2,2011
4.538214683532715,26,,PRY,242,261935,383,29181,327,National,"Sugar, confectionery and desserts",Paraguay,Quintile 3,2011
4.246664524078369,26,,PRY,242,261935,384,29181,327,National,"Sugar, confectionery and desserts",Paraguay,Quintile 4,2011
4.098081588745117,26,,PRY,242,261935,381,29181,327,National,"Sugar, confectionery and desserts",Paraguay,Quintile 5,2011
4.510090351104736,26,,PRY,242,261935,379,29181,327,National,"Sugar, confectionery and desserts",Paraguay,Total quintile,2011
4.133128643035889,26,,PRY,242,261935,380,29181,331,Rural,"Sugar, confectionery and desserts",Paraguay,Quintile 1,2011
5.505253314971924,26,,PRY,242,261935,382,29181,331,Rural,"Sugar, confectionery and desserts",Paraguay,Quintile 2,2011
5.320908069610596,26,,PRY,242,261935,383,29181,331,Rural,"Sugar, confectionery and desserts",Paraguay,Quintile 3,2011
4.527355670928955,26,,PRY,242,261935,384,29181,331,Rural,"Sugar, confectionery and desserts",Paraguay,Quintile 4,2011
4.116293430328369,26,,PRY,242,261935,381,29181,331,Rural,"Sugar, confectionery and desserts",Paraguay,Quintile 5,2011
4.692354202270508,26,,PRY,242,261935,379,29181,331,Rural,"Sugar, confectionery and desserts",Paraguay,Total quintile,2011
5.2428297996521,26,,PRY,242,261935,380,29181,330,Urban,"Sugar, confectionery and desserts",Paraguay,Quintile 1,2011
4.288947105407715,26,,PRY,242,261935,382,29181,330,Urban,"Sugar, confectionery and desserts",Paraguay,Quintile 2,2011
4.400887966156006,26,,PRY,242,261935,383,29181,330,Urban,"Sugar, confectionery and desserts",Paraguay,Quintile 3,2011
4.098013877868652,26,,PRY,242,261935,384,29181,330,Urban,"Sugar, confectionery and desserts",Paraguay,Quintile 4,2011
4.293561935424805,26,,PRY,242,261935,381,29181,330,Urban,"Sugar, confectionery and desserts",Paraguay,Quintile 5,2011
4.409685134887695,26,,PRY,242,261935,379,29181,330,Urban,"Sugar, confectionery and desserts",Paraguay,Total quintile,2011
4.547663688659668,26,,PRY,242,261946,380,29181,327,National,Non - alcoholic beverages,Paraguay,Quintile 1,2011
6.0067033767700195,26,,PRY,242,261946,382,29181,327,National,Non - alcoholic beverages,Paraguay,Quintile 2,2011
6.55557107925415,26,,PRY,242,261946,383,29181,327,National,Non - alcoholic beverages,Paraguay,Quintile 3,2011
7.354438781738281,26,,PRY,242,261946,384,29181,327,National,Non - alcoholic beverages,Paraguay,Quintile 4,2011
8.704850196838379,26,,PRY,242,261946,381,29181,327,National,Non - alcoholic beverages,Paraguay,Quintile 5,2011
6.931098937988281,26,,PRY,242,261946,379,29181,327,National,Non - alcoholic beverages,Paraguay,Total quintile,2011
4.126622676849365,26,,PRY,242,261946,380,29181,331,Rural,Non - alcoholic beverages,Paraguay,Quintile 1,2011
4.770940780639648,26,,PRY,242,261946,382,29181,331,Rural,Non - alcoholic beverages,Paraguay,Quintile 2,2011
5.309669017791748,26,,PRY,242,261946,383,29181,331,Rural,Non - alcoholic beverages,Paraguay,Quintile 3,2011
5.553065299987793,26,,PRY,242,261946,384,29181,331,Rural,Non - alcoholic beverages,Paraguay,Quintile 4,2011
6.698587894439697,26,,PRY,242,261946,381,29181,331,Rural,Non - alcoholic beverages,Paraguay,Quintile 5,2011
5.449418067932129,26,,PRY,242,261946,379,29181,331,Rural,Non - alcoholic beverages,Paraguay,Total quintile,2011
6.202564239501953,26,,PRY,242,261946,380,29181,330,Urban,Non - alcoholic beverages,Paraguay,Quintile 1,2011
6.845952033996582,26,,PRY,242,261946,382,29181,330,Urban,Non - alcoholic beverages,Paraguay,Quintile 2,2011
7.346599578857422,26,,PRY,242,261946,383,29181,330,Urban,Non - alcoholic beverages,Paraguay,Quintile 3,2011
8.308873176574707,26,,PRY,242,261946,384,29181,330,Urban,Non - alcoholic beverages,Paraguay,Quintile 4,2011
9.052334785461426,26,,PRY,242,261946,381,29181,330,Urban,Non - alcoholic beverages,Paraguay,Quintile 5,2011
7.747326374053955,26,,PRY,242,261946,379,29181,330,Urban,Non - alcoholic beverages,Paraguay,Total quintile,2011
17.7979793548584,26,,PRY,242,261937,380,29181,327,National,Cereals and cereal products,Paraguay,Quintile 1,2011
17.653404235839844,26,,PRY,242,261937,382,29181,327,National,Cereals and cereal products,Paraguay,Quintile 2,2011
16.877666473388672,26,,PRY,242,261937,383,29181,327,National,Cereals and cereal products,Paraguay,Quintile 3,2011
15.759833335876465,26,,PRY,242,261937,384,29181,327,National,Cereals and cereal products,Paraguay,Quintile 4,2011
14.136507034301758,26,,PRY,242,261937,381,29181,327,National,Cereals and cereal products,Paraguay,Quintile 5,2011
16.155527114868164,26,,PRY,242,261937,379,29181,327,National,Cereals and cereal products,Paraguay,Total quintile,2011
17.470989227294922,26,,PRY,242,261937,380,29181,331,Rural,Cereals and cereal products,Paraguay,Quintile 1,2011
15.665164947509766,26,,PRY,242,261937,382,29181,331,Rural,Cereals and cereal products,Paraguay,Quintile 2,2011
17.36020278930664,26,,PRY,242,261937,383,29181,331,Rural,Cereals and cereal products,Paraguay,Quintile 3,2011
16.547927856445312,26,,PRY,242,261937,384,29181,331,Rural,Cereals and cereal products,Paraguay,Quintile 4,2011
14.098702430725098,26,,PRY,242,261937,381,29181,331,Rural,Cereals and cereal products,Paraguay,Quintile 5,2011
16.042490005493164,26,,PRY,242,261937,379,29181,331,Rural,Cereals and cereal products,Paraguay,Total quintile,2011
19.493494033813477,26,,PRY,242,261937,380,29181,330,Urban,Cereals and cereal products,Paraguay,Quintile 1,2011
17.59674072265625,26,,PRY,242,261937,382,29181,330,Urban,Cereals and cereal products,Paraguay,Quintile 2,2011
16.096397399902344,26,,PRY,242,261937,383,29181,330,Urban,Cereals and cereal products,Paraguay,Quintile 3,2011
15.593006134033203,26,,PRY,242,261937,384,29181,330,Urban,Cereals and cereal products,Paraguay,Quintile 4,2011
14.075227737426758,26,,PRY,242,261937,381,29181,330,Urban,Cereals and cereal products,Paraguay,Quintile 5,2011
16.217796325683594,26,,PRY,242,261937,379,29181,330,Urban,Cereals and cereal products,Paraguay,Total quintile,2011
7.875564098358154,26,,PRY,242,261933,380,29181,327,National,Fruits and nuts,Paraguay,Quintile 1,2011
7.10137414932251,26,,PRY,242,261933,382,29181,327,National,Fruits and nuts,Paraguay,Quintile 2,2011
6.957927227020264,26,,PRY,242,261933,383,29181,327,National,Fruits and nuts,Paraguay,Quintile 3,2011
7.444013595581055,26,,PRY,242,261933,384,29181,327,National,Fruits and nuts,Paraguay,Quintile 4,2011
8.706687927246094,26,,PRY,242,261933,381,29181,327,National,Fruits and nuts,Paraguay,Quintile 5,2011
7.6928205490112305,26,,PRY,242,261933,379,29181,327,National,Fruits and nuts,Paraguay,Total quintile,2011
9.396097183227539,26,,PRY,242,261933,380,29181,331,Rural,Fruits and nuts,Paraguay,Quintile 1,2011
8.510220527648926,26,,PRY,242,261933,382,29181,331,Rural,Fruits and nuts,Paraguay,Quintile 2,2011
7.208287715911865,26,,PRY,242,261933,383,29181,331,Rural,Fruits and nuts,Paraguay,Quintile 3,2011
7.160649299621582,26,,PRY,242,261933,384,29181,331,Rural,Fruits and nuts,Paraguay,Quintile 4,2011
8.214310646057129,26,,PRY,242,261933,381,29181,331,Rural,Fruits and nuts,Paraguay,Quintile 5,2011
8.021466255187988,26,,PRY,242,261933,379,29181,331,Rural,Fruits and nuts,Paraguay,Total quintile,2011
6.266988277435303,26,,PRY,242,261933,380,29181,330,Urban,Fruits and nuts,Paraguay,Quintile 1,2011
6.544819355010986,26,,PRY,242,261933,382,29181,330,Urban,Fruits and nuts,Paraguay,Quintile 2,2011
7.102437496185303,26,,PRY,242,261933,383,29181,330,Urban,Fruits and nuts,Paraguay,Quintile 3,2011
7.724637985229492,26,,PRY,242,261933,384,29181,330,Urban,Fruits and nuts,Paraguay,Quintile 4,2011
8.989119529724121,26,,PRY,242,261933,381,29181,330,Urban,Fruits and nuts,Paraguay,Quintile 5,2011
7.511776447296143,26,,PRY,242,261933,379,29181,330,Urban,Fruits and nuts,Paraguay,Total quintile,2011
16.629322052001953,26,,PRY,242,261934,380,29181,327,National,"Vegetables, tubers, plantains, cooking bananas and pulses",Paraguay,Quintile 1,2011
13.903324127197266,26,,PRY,242,261934,382,29181,327,National,"Vegetables, tubers, plantains, cooking bananas and pulses",Paraguay,Quintile 2,2011
12.606598854064941,26,,PRY,242,261934,383,29181,327,National,"Vegetables, tubers, plantains, cooking bananas and pulses",Paraguay,Quintile 3,2011
12.629907608032227,26,,PRY,242,261934,384,29181,327,National,"Vegetables, tubers, plantains, cooking bananas and pulses",Paraguay,Quintile 4,2011
11.687007904052734,26,,PRY,242,261934,381,29181,327,National,"Vegetables, tubers, plantains, cooking bananas and pulses",Paraguay,Quintile 5,2011
13.159144401550293,26,,PRY,242,261934,379,29181,327,National,"Vegetables, tubers, plantains, cooking bananas and pulses",Paraguay,Total quintile,2011
17.82537841796875,26,,PRY,242,261934,380,29181,331,Rural,"Vegetables, tubers, plantains, cooking bananas and pulses",Paraguay,Quintile 1,2011
16.655410766601562,26,,PRY,242,261934,382,29181,331,Rural,"Vegetables, tubers, plantains, cooking bananas and pulses",Paraguay,Quintile 2,2011
15.174154281616211,26,,PRY,242,261934,383,29181,331,Rural,"Vegetables, tubers, plantains, cooking bananas and pulses",Paraguay,Quintile 3,2011
13.495689392089844,26,,PRY,242,261934,384,29181,331,Rural,"Vegetables, tubers, plantains, cooking bananas and pulses",Paraguay,Quintile 4,2011
13.604121208190918,26,,PRY,242,261934,381,29181,331,Rural,"Vegetables, tubers, plantains, cooking bananas and pulses",Paraguay,Quintile 5,2011
15.063630104064941,26,,PRY,242,261934,379,29181,331,Rural,"Vegetables, tubers, plantains, cooking bananas and pulses",Paraguay,Total quintile,2011
13.346900939941406,26,,PRY,242,261934,380,29181,330,Urban,"Vegetables, tubers, plantains, cooking bananas and pulses",Paraguay,Quintile 1,2011
12.18603229522705,26,,PRY,242,261934,382,29181,330,Urban,"Vegetables, tubers, plantains, cooking bananas and pulses",Paraguay,Quintile 2,2011
12.285359382629395,26,,PRY,242,261934,383,29181,330,Urban,"Vegetables, tubers, plantains, cooking bananas and pulses",Paraguay,Quintile 3,2011
11.99693775177002,26,,PRY,242,261934,384,29181,330,Urban,"Vegetables, tubers, plantains, cooking bananas and pulses",Paraguay,Quintile 4,2011
11.334420204162598,26,,PRY,242,261934,381,29181,330,Urban,"Vegetables, tubers, plantains, cooking bananas and pulses",Paraguay,Quintile 5,2011
12.110003471374512,26,,PRY,242,261934,379,29181,330,Urban,"Vegetables, tubers, plantains, cooking bananas and pulses",Paraguay,Total quintile,2011
17.80368423461914,26,,PRY,242,261931,380,29181,327,National,"Milk, other dairy products and eggs",Paraguay,Quintile 1,2011
17.467702865600586,26,,PRY,242,261931,382,29181,327,National,"Milk, other dairy products and eggs",Paraguay,Quintile 2,2011
18.4891357421875,26,,PRY,242,261931,383,29181,327,National,"Milk, other dairy products and eggs",Paraguay,Quintile 3,2011
19.1881103515625,26,,PRY,242,261931,384,29181,327,National,"Milk, other dairy products and eggs",Paraguay,Quintile 4,2011
18.784809112548828,26,,PRY,242,261931,381,29181,327,National,"Milk, other dairy products and eggs",Paraguay,Quintile 5,2011
18.44998550415039,26,,PRY,242,261931,379,29181,327,National,"Milk, other dairy products and eggs",Paraguay,Total quintile,2011
17.565135955810547,26,,PRY,242,261931,380,29181,331,Rural,"Milk, other dairy products and eggs",Paraguay,Quintile 1,2011
18.679546356201172,26,,PRY,242,261931,382,29181,331,Rural,"Milk, other dairy products and eggs",Paraguay,Quintile 2,2011
17.23331069946289,26,,PRY,242,261931,383,29181,331,Rural,"Milk, other dairy products and eggs",Paraguay,Quintile 3,2011
19.10984992980957,26,,PRY,242,261931,384,29181,331,Rural,"Milk, other dairy products and eggs",Paraguay,Quintile 4,2011
19.40435791015625,26,,PRY,242,261931,381,29181,331,Rural,"Milk, other dairy products and eggs",Paraguay,Quintile 5,2011
18.52088737487793,26,,PRY,242,261931,379,29181,331,Rural,"Milk, other dairy products and eggs",Paraguay,Total quintile,2011
17.029497146606445,26,,PRY,242,261931,380,29181,330,Urban,"Milk, other dairy products and eggs",Paraguay,Quintile 1,2011
17.86421012878418,26,,PRY,242,261931,382,29181,330,Urban,"Milk, other dairy products and eggs",Paraguay,Quintile 2,2011
19.26255226135254,26,,PRY,242,261931,383,29181,330,Urban,"Milk, other dairy products and eggs",Paraguay,Quintile 3,2011
18.97394371032715,26,,PRY,242,261931,384,29181,330,Urban,"Milk, other dairy products and eggs",Paraguay,Quintile 4,2011
18.441429138183594,26,,PRY,242,261931,381,29181,330,Urban,"Milk, other dairy products and eggs",Paraguay,Quintile 5,2011
18.410926818847656,26,,PRY,242,261931,379,29181,330,Urban,"Milk, other dairy products and eggs",Paraguay,Total quintile,2011
0.8589289784431458,26,,PRY,242,261930,380,29181,327,National,Fish and other seafood,Paraguay,Quintile 1,2011
0.9856486320495605,26,,PRY,242,261930,382,29181,327,National,Fish and other seafood,Paraguay,Quintile 2,2011
1.2565072774887085,26,,PRY,242,261930,383,29181,327,National,Fish and other seafood,Paraguay,Quintile 3,2011
1.0559096336364746,26,,PRY,242,261930,384,29181,327,National,Fish and other seafood,Paraguay,Quintile 4,2011
2.1816463470458984,26,,PRY,242,261930,381,29181,327,National,Fish and other seafood,Paraguay,Quintile 5,2011
1.35967218875885,26,,PRY,242,261930,379,29181,327,National,Fish and other seafood,Paraguay,Total quintile,2011
0.5857887268066406,26,,PRY,242,261930,380,29181,331,Rural,Fish and other seafood,Paraguay,Quintile 1,2011
0.7732389569282532,26,,PRY,242,261930,382,29181,331,Rural,Fish and other seafood,Paraguay,Quintile 2,2011
0.9481855630874634,26,,PRY,242,261930,383,29181,331,Rural,Fish and other seafood,Paraguay,Quintile 3,2011
0.8865156769752502,26,,PRY,242,261930,384,29181,331,Rural,Fish and other seafood,Paraguay,Quintile 4,2011
1.4915708303451538,26,,PRY,242,261930,381,29181,331,Rural,Fish and other seafood,Paraguay,Quintile 5,2011
0.9899910092353821,26,,PRY,242,261930,379,29181,331,Rural,Fish and other seafood,Paraguay,Total quintile,2011
1.0742686986923218,26,,PRY,242,261930,380,29181,330,Urban,Fish and other seafood,Paraguay,Quintile 1,2011
1.2132034301757812,26,,PRY,242,261930,382,29181,330,Urban,Fish and other seafood,Paraguay,Quintile 2,2011
1.4985369443893433,26,,PRY,242,261930,383,29181,330,Urban,Fish and other seafood,Paraguay,Quintile 3,2011
1.2329175472259521,26,,PRY,242,261930,384,29181,330,Urban,Fish and other seafood,Paraguay,Quintile 4,2011
2.3928301334381104,26,,PRY,242,261930,381,29181,330,Urban,Fish and other seafood,Paraguay,Quintile 5,2011
1.5633219480514526,26,,PRY,242,261930,379,29181,330,Urban,Fish and other seafood,Paraguay,Total quintile,2011
2.493933916091919,26,,PER,244,261932,380,29189,327,National,Oils and fats,Peru,Quintile 1,2019
2.328441619873047,26,,PER,244,261932,382,29189,327,National,Oils and fats,Peru,Quintile 2,2019
2.2353689670562744,26,,PER,244,261932,383,29189,327,National,Oils and fats,Peru,Quintile 3,2019
2.175008773803711,26,,PER,244,261932,384,29189,327,National,Oils and fats,Peru,Quintile 4,2019
2.2917087078094482,26,,PER,244,261932,381,29189,327,National,Oils and fats,Peru,Quintile 5,2019
2.2887845039367676,26,,PER,244,261932,379,29189,327,National,Oils and fats,Peru,Total quintile,2019
2.6693551540374756,26,,PER,244,261932,380,29189,331,Rural,Oils and fats,Peru,Quintile 1,2019
2.479851007461548,26,,PER,244,261932,382,29189,331,Rural,Oils and fats,Peru,Quintile 2,2019
2.4233157634735107,26,,PER,244,261932,383,29189,331,Rural,Oils and fats,Peru,Quintile 3,2019
2.3723905086517334,26,,PER,244,261932,384,29189,331,Rural,Oils and fats,Peru,Quintile 4,2019
2.174495220184326,26,,PER,244,261932,381,29189,331,Rural,Oils and fats,Peru,Quintile 5,2019
2.3889706134796143,26,,PER,244,261932,379,29189,331,Rural,Oils and fats,Peru,Total quintile,2019
2.353445529937744,26,,PER,244,261932,380,29189,330,Urban,Oils and fats,Peru,Quintile 1,2019
2.290761709213257,26,,PER,244,261932,382,29189,330,Urban,Oils and fats,Peru,Quintile 2,2019
2.244050979614258,26,,PER,244,261932,383,29189,330,Urban,Oils and fats,Peru,Quintile 3,2019
2.146650791168213,26,,PER,244,261932,384,29189,330,Urban,Oils and fats,Peru,Quintile 4,2019
2.3236606121063232,26,,PER,244,261932,381,29189,330,Urban,Oils and fats,Peru,Quintile 5,2019
2.2683849334716797,26,,PER,244,261932,379,29189,330,Urban,Oils and fats,Peru,Total quintile,2019
2.897495985031128,26,,PER,244,261936,380,29189,327,National,Ready-made food and other food products n.e.c.,Peru,Quintile 1,2019
3.528536319732666,26,,PER,244,261936,382,29189,327,National,Ready-made food and other food products n.e.c.,Peru,Quintile 2,2019
3.6406733989715576,26,,PER,244,261936,383,29189,327,National,Ready-made food and other food products n.e.c.,Peru,Quintile 3,2019
3.7287282943725586,26,,PER,244,261936,384,29189,327,National,Ready-made food and other food products n.e.c.,Peru,Quintile 4,2019
3.436530590057373,26,,PER,244,261936,381,29189,327,National,Ready-made food and other food products n.e.c.,Peru,Quintile 5,2019
3.484013080596924,26,,PER,244,261936,379,29189,327,National,Ready-made food and other food products n.e.c.,Peru,Total quintile,2019
2.3500661849975586,26,,PER,244,261936,380,29189,331,Rural,Ready-made food and other food products n.e.c.,Peru,Quintile 1,2019
2.4389617443084717,26,,PER,244,261936,382,29189,331,Rural,Ready-made food and other food products n.e.c.,Peru,Quintile 2,2019
2.5748915672302246,26,,PER,244,261936,383,29189,331,Rural,Ready-made food and other food products n.e.c.,Peru,Quintile 3,2019
2.8742387294769287,26,,PER,244,261936,384,29189,331,Rural,Ready-made food and other food products n.e.c.,Peru,Quintile 4,2019
3.197119951248169,26,,PER,244,261936,381,29189,331,Rural,Ready-made food and other food products n.e.c.,Peru,Quintile 5,2019
2.7547447681427,26,,PER,244,261936,379,29189,331,Rural,Ready-made food and other food products n.e.c.,Peru,Total quintile,2019
3.6317811012268066,26,,PER,244,261936,380,29189,330,Urban,Ready-made food and other food products n.e.c.,Peru,Quintile 1,2019
3.780320644378662,26,,PER,244,261936,382,29189,330,Urban,Ready-made food and other food products n.e.c.,Peru,Quintile 2,2019
3.6994993686676025,26,,PER,244,261936,383,29189,330,Urban,Ready-made food and other food products n.e.c.,Peru,Quintile 3,2019
3.800098180770874,26,,PER,244,261936,384,29189,330,Urban,Ready-made food and other food products n.e.c.,Peru,Quintile 4,2019
3.3471951484680176,26,,PER,244,261936,381,29189,330,Urban,Ready-made food and other food products n.e.c.,Peru,Quintile 5,2019
3.632504463195801,26,,PER,244,261936,379,29189,330,Urban,Ready-made food and other food products n.e.c.,Peru,Total quintile,2019
14.156631469726562,26,,PER,244,261929,380,29189,327,National,"Live animals, meat and other parts of slaughtered land animals",Peru,Quintile 1,2019
17.767614364624023,26,,PER,244,261929,382,29189,327,National,"Live animals, meat and other parts of slaughtered land animals",Peru,Quintile 2,2019
18.536928176879883,26,,PER,244,261929,383,29189,327,National,"Live animals, meat and other parts of slaughtered land animals",Peru,Quintile 3,2019
19.506053924560547,26,,PER,244,261929,384,29189,327,National,"Live animals, meat and other parts of slaughtered land animals",Peru,Quintile 4,2019
19.721160888671875,26,,PER,244,261929,381,29189,327,National,"Live animals, meat and other parts of slaughtered land animals",Peru,Quintile 5,2019
18.343931198120117,26,,PER,244,261929,379,29189,327,National,"Live animals, meat and other parts of slaughtered land animals",Peru,Total quintile,2019
10.812382698059082,26,,PER,244,261929,380,29189,331,Rural,"Live animals, meat and other parts of slaughtered land animals",Peru,Quintile 1,2019
12.335176467895508,26,,PER,244,261929,382,29189,331,Rural,"Live animals, meat and other parts of slaughtered land animals",Peru,Quintile 2,2019
13.393563270568848,26,,PER,244,261929,383,29189,331,Rural,"Live animals, meat and other parts of slaughtered land animals",Peru,Quintile 3,2019
15.011943817138672,26,,PER,244,261929,384,29189,331,Rural,"Live animals, meat and other parts of slaughtered land animals",Peru,Quintile 4,2019
16.725385665893555,26,,PER,244,261929,381,29189,331,Rural,"Live animals, meat and other parts of slaughtered land animals",Peru,Quintile 5,2019
14.109597206115723,26,,PER,244,261929,379,29189,331,Rural,"Live animals, meat and other parts of slaughtered land animals",Peru,Total quintile,2019
6.151186466217041,26,,PER,244,261930,380,29189,331,Rural,Fish and other seafood,Peru,Quintile 1,2019
6.402379035949707,26,,PER,244,261930,382,29189,331,Rural,Fish and other seafood,Peru,Quintile 2,2019
6.417869567871094,26,,PER,244,261930,383,29189,331,Rural,Fish and other seafood,Peru,Quintile 3,2019
6.479937553405762,26,,PER,244,261930,384,29189,331,Rural,Fish and other seafood,Peru,Quintile 4,2019
6.609971523284912,26,,PER,244,261930,381,29189,331,Rural,Fish and other seafood,Peru,Quintile 5,2019
6.443506240844727,26,,PER,244,261930,379,29189,331,Rural,Fish and other seafood,Peru,Total quintile,2019
7.282915115356445,26,,PER,244,261930,380,29189,330,Urban,Fish and other seafood,Peru,Quintile 1,2019
7.498575210571289,26,,PER,244,261930,382,29189,330,Urban,Fish and other seafood,Peru,Quintile 2,2019
7.325922012329102,26,,PER,244,261930,383,29189,330,Urban,Fish and other seafood,Peru,Quintile 3,2019
7.3262834548950195,26,,PER,244,261930,384,29189,330,Urban,Fish and other seafood,Peru,Quintile 4,2019
7.979489326477051,26,,PER,244,261930,381,29189,330,Urban,Fish and other seafood,Peru,Quintile 5,2019
7.52349328994751,26,,PER,244,261930,379,29189,330,Urban,Fish and other seafood,Peru,Total quintile,2019
3.790910482406616,26,,DOM,264,261932,380,29188,327,National,Oils and fats,Dominican Republic,Quintile 1,2018
3.1434919834136963,26,,DOM,264,261932,382,29188,327,National,Oils and fats,Dominican Republic,Quintile 2,2018
2.876718282699585,26,,DOM,264,261932,383,29188,327,National,Oils and fats,Dominican Republic,Quintile 3,2018
2.800490617752075,26,,DOM,264,261932,384,29188,327,National,Oils and fats,Dominican Republic,Quintile 4,2018
2.066371202468872,26,,DOM,264,261932,381,29188,327,National,Oils and fats,Dominican Republic,Quintile 5,2018
2.8254106044769287,26,,DOM,264,261932,379,29188,327,National,Oils and fats,Dominican Republic,Total quintile,2018
4.512575149536133,26,,DOM,264,261932,380,29188,331,Rural,Oils and fats,Dominican Republic,Quintile 1,2018
3.3178212642669678,26,,DOM,264,261932,382,29188,331,Rural,Oils and fats,Dominican Republic,Quintile 2,2018
3.4723620414733887,26,,DOM,264,261932,383,29188,331,Rural,Oils and fats,Dominican Republic,Quintile 3,2018
2.8779120445251465,26,,DOM,264,261932,384,29188,331,Rural,Oils and fats,Dominican Republic,Quintile 4,2018
2.7479162216186523,26,,DOM,264,261932,381,29188,331,Rural,Oils and fats,Dominican Republic,Quintile 5,2018
3.2346973419189453,26,,DOM,264,261932,379,29188,331,Rural,Oils and fats,Dominican Republic,Total quintile,2018
3.5877997875213623,26,,DOM,264,261932,380,29188,330,Urban,Oils and fats,Dominican Republic,Quintile 1,2018
3.046574831008911,26,,DOM,264,261932,382,29188,330,Urban,Oils and fats,Dominican Republic,Quintile 2,2018
2.8548126220703125,26,,DOM,264,261932,383,29188,330,Urban,Oils and fats,Dominican Republic,Quintile 3,2018
2.624405860900879,26,,DOM,264,261932,384,29188,330,Urban,Oils and fats,Dominican Republic,Quintile 4,2018
2.01591157913208,26,,DOM,264,261932,381,29188,330,Urban,Oils and fats,Dominican Republic,Quintile 5,2018
2.730168342590332,26,,DOM,264,261932,379,29188,330,Urban,Oils and fats,Dominican Republic,Total quintile,2018
7.018720626831055,26,,DOM,264,261936,380,29188,327,National,Ready-made food and other food products n.e.c.,Dominican Republic,Quintile 1,2018
6.5566725730896,26,,DOM,264,261936,382,29188,327,National,Ready-made food and other food products n.e.c.,Dominican Republic,Quintile 2,2018
5.887776851654053,26,,DOM,264,261936,383,29188,327,National,Ready-made food and other food products n.e.c.,Dominican Republic,Quintile 3,2018
5.81963586807251,26,,DOM,264,261936,384,29188,327,National,Ready-made food and other food products n.e.c.,Dominican Republic,Quintile 4,2018
4.977470397949219,26,,DOM,264,261936,381,29188,327,National,Ready-made food and other food products n.e.c.,Dominican Republic,Quintile 5,2018
5.912493705749512,26,,DOM,264,261936,379,29188,327,National,Ready-made food and other food products n.e.c.,Dominican Republic,Total quintile,2018
7.414707183837891,26,,DOM,264,261936,380,29188,331,Rural,Ready-made food and other food products n.e.c.,Dominican Republic,Quintile 1,2018
6.478390693664551,26,,DOM,264,261936,382,29188,331,Rural,Ready-made food and other food products n.e.c.,Dominican Republic,Quintile 2,2018
6.634382724761963,26,,DOM,264,261936,383,29188,331,Rural,Ready-made food and other food products n.e.c.,Dominican Republic,Quintile 3,2018
6.263387680053711,26,,DOM,264,261936,384,29188,331,Rural,Ready-made food and other food products n.e.c.,Dominican Republic,Quintile 4,2018
5.3755950927734375,26,,DOM,264,261936,381,29188,331,Rural,Ready-made food and other food products n.e.c.,Dominican Republic,Quintile 5,2018
6.258870601654053,26,,DOM,264,261936,379,29188,331,Rural,Ready-made food and other food products n.e.c.,Dominican Republic,Total quintile,2018
6.9543962478637695,26,,DOM,264,261936,380,29188,330,Urban,Ready-made food and other food products n.e.c.,Dominican Republic,Quintile 1,2018
6.49423885345459,26,,DOM,264,261936,382,29188,330,Urban,Ready-made food and other food products n.e.c.,Dominican Republic,Quintile 2,2018
5.651173114776611,26,,DOM,264,261936,383,29188,330,Urban,Ready-made food and other food products n.e.c.,Dominican Republic,Quintile 3,2018
5.868016719818115,26,,DOM,264,261936,384,29188,330,Urban,Ready-made food and other food products n.e.c.,Dominican Republic,Quintile 4,2018
4.847230434417725,26,,DOM,264,261936,381,29188,330,Urban,Ready-made food and other food products n.e.c.,Dominican Republic,Quintile 5,2018
5.83189058303833,26,,DOM,264,261936,379,29188,330,Urban,Ready-made food and other food products n.e.c.,Dominican Republic,Total quintile,2018
20.686370849609375,26,,DOM,264,261929,380,29188,327,National,"Live animals, meat and other parts of slaughtered land animals",Dominican Republic,Quintile 1,2018
22.228557586669922,26,,DOM,264,261929,382,29188,327,National,"Live animals, meat and other parts of slaughtered land animals",Dominican Republic,Quintile 2,2018
22.536113739013672,26,,DOM,264,261929,383,29188,327,National,"Live animals, meat and other parts of slaughtered land animals",Dominican Republic,Quintile 3,2018
23.22567367553711,26,,DOM,264,261929,384,29188,327,National,"Live animals, meat and other parts of slaughtered land animals",Dominican Republic,Quintile 4,2018
20.249298095703125,26,,DOM,264,261929,381,29188,327,National,"Live animals, meat and other parts of slaughtered land animals",Dominican Republic,Quintile 5,2018
21.798267364501953,26,,DOM,264,261929,379,29188,327,National,"Live animals, meat and other parts of slaughtered land animals",Dominican Republic,Total quintile,2018
19.8300838470459,26,,DOM,264,261929,380,29188,331,Rural,"Live animals, meat and other parts of slaughtered land animals",Dominican Republic,Quintile 1,2018
22.382701873779297,26,,DOM,264,261929,382,29188,331,Rural,"Live animals, meat and other parts of slaughtered land animals",Dominican Republic,Quintile 2,2018
22.704849243164062,26,,DOM,264,261929,383,29188,331,Rural,"Live animals, meat and other parts of slaughtered land animals",Dominican Republic,Quintile 3,2018
22.466772079467773,26,,DOM,264,261929,384,29188,331,Rural,"Live animals, meat and other parts of slaughtered land animals",Dominican Republic,Quintile 4,2018
21.347549438476562,26,,DOM,264,261929,381,29188,331,Rural,"Live animals, meat and other parts of slaughtered land animals",Dominican Republic,Quintile 5,2018
21.838882446289062,26,,DOM,264,261929,379,29188,331,Rural,"Live animals, meat and other parts of slaughtered land animals",Dominican Republic,Total quintile,2018
20.985137939453125,26,,DOM,264,261929,380,29188,330,Urban,"Live animals, meat and other parts of slaughtered land animals",Dominican Republic,Quintile 1,2018
22.013708114624023,26,,DOM,264,261929,382,29188,330,Urban,"Live animals, meat and other parts of slaughtered land animals",Dominican Republic,Quintile 2,2018
22.561033248901367,26,,DOM,264,261929,383,29188,330,Urban,"Live animals, meat and other parts of slaughtered land animals",Dominican Republic,Quintile 3,2018
23.29022216796875,26,,DOM,264,261929,384,29188,330,Urban,"Live animals, meat and other parts of slaughtered land animals",Dominican Republic,Quintile 4,2018
20.11846923828125,26,,DOM,264,261929,381,29188,330,Urban,"Live animals, meat and other parts of slaughtered land animals",Dominican Republic,Quintile 5,2018
21.788816452026367,26,,DOM,264,261929,379,29188,330,Urban,"Live animals, meat and other parts of slaughtered land animals",Dominican Republic,Total quintile,2018
3.3463287353515625,26,,DOM,264,261935,380,29188,327,National,"Sugar, confectionery and desserts",Dominican Republic,Quintile 1,2018
3.2021749019622803,26,,DOM,264,261935,382,29188,327,National,"Sugar, confectionery and desserts",Dominican Republic,Quintile 2,2018
3.280579090118408,26,,DOM,264,261935,383,29188,327,National,"Sugar, confectionery and desserts",Dominican Republic,Quintile 3,2018
17.762489318847656,26,,PER,244,261929,380,29189,330,Urban,"Live animals, meat and other parts of slaughtered land animals",Peru,Quintile 1,2019
18.68196678161621,26,,PER,244,261929,382,29189,330,Urban,"Live animals, meat and other parts of slaughtered land animals",Peru,Quintile 2,2019
19.16477394104004,26,,PER,244,261929,383,29189,330,Urban,"Live animals, meat and other parts of slaughtered land animals",Peru,Quintile 3,2019
20.08734703063965,26,,PER,244,261929,384,29189,330,Urban,"Live animals, meat and other parts of slaughtered land animals",Peru,Quintile 4,2019
19.66672706604004,26,,PER,244,261929,381,29189,330,Urban,"Live animals, meat and other parts of slaughtered land animals",Peru,Quintile 5,2019
19.206113815307617,26,,PER,244,261929,379,29189,330,Urban,"Live animals, meat and other parts of slaughtered land animals",Peru,Total quintile,2019
3.2649598121643066,26,,PER,244,261935,380,29189,327,National,"Sugar, confectionery and desserts",Peru,Quintile 1,2019
3.3177099227905273,26,,PER,244,261935,382,29189,327,National,"Sugar, confectionery and desserts",Peru,Quintile 2,2019
3.2982962131500244,26,,PER,244,261935,383,29189,327,National,"Sugar, confectionery and desserts",Peru,Quintile 3,2019
3.2234385013580322,26,,PER,244,261935,384,29189,327,National,"Sugar, confectionery and desserts",Peru,Quintile 4,2019
3.0784969329833984,26,,PER,244,261935,381,29189,327,National,"Sugar, confectionery and desserts",Peru,Quintile 5,2019
3.2208783626556396,26,,PER,244,261935,379,29189,327,National,"Sugar, confectionery and desserts",Peru,Total quintile,2019
3.0518298149108887,26,,PER,244,261935,380,29189,331,Rural,"Sugar, confectionery and desserts",Peru,Quintile 1,2019
3.0971007347106934,26,,PER,244,261935,382,29189,331,Rural,"Sugar, confectionery and desserts",Peru,Quintile 2,2019
3.152766466140747,26,,PER,244,261935,383,29189,331,Rural,"Sugar, confectionery and desserts",Peru,Quintile 3,2019
3.1966488361358643,26,,PER,244,261935,384,29189,331,Rural,"Sugar, confectionery and desserts",Peru,Quintile 4,2019
3.2498908042907715,26,,PER,244,261935,381,29189,331,Rural,"Sugar, confectionery and desserts",Peru,Quintile 5,2019
3.1650230884552,26,,PER,244,261935,379,29189,331,Rural,"Sugar, confectionery and desserts",Peru,Total quintile,2019
3.415034055709839,26,,PER,244,261935,380,29189,330,Urban,"Sugar, confectionery and desserts",Peru,Quintile 1,2019
3.3512353897094727,26,,PER,244,261935,382,29189,330,Urban,"Sugar, confectionery and desserts",Peru,Quintile 2,2019
3.282301425933838,26,,PER,244,261935,383,29189,330,Urban,"Sugar, confectionery and desserts",Peru,Quintile 3,2019
3.169227123260498,26,,PER,244,261935,384,29189,330,Urban,"Sugar, confectionery and desserts",Peru,Quintile 4,2019
3.065807342529297,26,,PER,244,261935,381,29189,330,Urban,"Sugar, confectionery and desserts",Peru,Quintile 5,2019
3.2322514057159424,26,,PER,244,261935,379,29189,330,Urban,"Sugar, confectionery and desserts",Peru,Total quintile,2019
2.628145933151245,26,,PER,244,261946,380,29189,327,National,Non - alcoholic beverages,Peru,Quintile 1,2019
2.91178035736084,26,,PER,244,261946,382,29189,327,National,Non - alcoholic beverages,Peru,Quintile 2,2019
3.193526268005371,26,,PER,244,261946,383,29189,327,National,Non - alcoholic beverages,Peru,Quintile 3,2019
3.5035712718963623,26,,PER,244,261946,384,29189,327,National,Non - alcoholic beverages,Peru,Quintile 4,2019
4.087796211242676,26,,PER,244,261946,381,29189,327,National,Non - alcoholic beverages,Peru,Quintile 5,2019
3.379399299621582,26,,PER,244,261946,379,29189,327,National,Non - alcoholic beverages,Peru,Total quintile,2019
2.448352336883545,26,,PER,244,261946,380,29189,331,Rural,Non - alcoholic beverages,Peru,Quintile 1,2019
2.588883876800537,26,,PER,244,261946,382,29189,331,Rural,Non - alcoholic beverages,Peru,Quintile 2,2019
2.770303964614868,26,,PER,244,261946,383,29189,331,Rural,Non - alcoholic beverages,Peru,Quintile 3,2019
2.912419080734253,26,,PER,244,261946,384,29189,331,Rural,Non - alcoholic beverages,Peru,Quintile 4,2019
3.412464141845703,26,,PER,244,261946,381,29189,331,Rural,Non - alcoholic beverages,Peru,Quintile 5,2019
2.899174451828003,26,,PER,244,261946,379,29189,331,Rural,Non - alcoholic beverages,Peru,Total quintile,2019
2.686671495437622,26,,PER,244,261946,380,29189,330,Urban,Non - alcoholic beverages,Peru,Quintile 1,2019
3.192981481552124,26,,PER,244,261946,382,29189,330,Urban,Non - alcoholic beverages,Peru,Quintile 2,2019
3.2807226181030273,26,,PER,244,261946,383,29189,330,Urban,Non - alcoholic beverages,Peru,Quintile 3,2019
3.5718727111816406,26,,PER,244,261946,384,29189,330,Urban,Non - alcoholic beverages,Peru,Quintile 4,2019
4.1720781326293945,26,,PER,244,261946,381,29189,330,Urban,Non - alcoholic beverages,Peru,Quintile 5,2019
3.4771814346313477,26,,PER,244,261946,379,29189,330,Urban,Non - alcoholic beverages,Peru,Total quintile,2019
23.257532119750977,26,,PER,244,261937,380,29189,327,National,Cereals and cereal products,Peru,Quintile 1,2019
21.421131134033203,26,,PER,244,261937,382,29189,327,National,Cereals and cereal products,Peru,Quintile 2,2019
20.02695083618164,26,,PER,244,261937,383,29189,327,National,Cereals and cereal products,Peru,Quintile 3,2019
18.952123641967773,26,,PER,244,261937,384,29189,327,National,Cereals and cereal products,Peru,Quintile 4,2019
16.67902374267578,26,,PER,244,261937,381,29189,327,National,Cereals and cereal products,Peru,Quintile 5,2019
19.559911727905273,26,,PER,244,261937,379,29189,327,National,Cereals and cereal products,Peru,Total quintile,2019
23.90785026550293,26,,PER,244,261937,380,29189,331,Rural,Cereals and cereal products,Peru,Quintile 1,2019
23.514934539794922,26,,PER,244,261937,382,29189,331,Rural,Cereals and cereal products,Peru,Quintile 2,2019
23.345285415649414,26,,PER,244,261937,383,29189,331,Rural,Cereals and cereal products,Peru,Quintile 3,2019
22.57512664794922,26,,PER,244,261937,384,29189,331,Rural,Cereals and cereal products,Peru,Quintile 4,2019
21.174049377441406,26,,PER,244,261937,381,29189,331,Rural,Cereals and cereal products,Peru,Quintile 5,2019
22.694917678833008,26,,PER,244,261937,379,29189,331,Rural,Cereals and cereal products,Peru,Total quintile,2019
22.00420570373535,26,,PER,244,261937,380,29189,330,Urban,Cereals and cereal products,Peru,Quintile 1,2019
20.17165756225586,26,,PER,244,261937,382,29189,330,Urban,Cereals and cereal products,Peru,Quintile 2,2019
19.58591079711914,26,,PER,244,261937,383,29189,330,Urban,Cereals and cereal products,Peru,Quintile 3,2019
18.22624397277832,26,,PER,244,261937,384,29189,330,Urban,Cereals and cereal products,Peru,Quintile 4,2019
16.457210540771484,26,,PER,244,261937,381,29189,330,Urban,Cereals and cereal products,Peru,Quintile 5,2019
18.92156982421875,26,,PER,244,261937,379,29189,330,Urban,Cereals and cereal products,Peru,Total quintile,2019
7.286406517028809,26,,PER,244,261933,380,29189,327,National,Fruits and nuts,Peru,Quintile 1,2019
8.028353691101074,26,,PER,244,261933,382,29189,327,National,Fruits and nuts,Peru,Quintile 2,2019
8.86853313446045,26,,PER,244,261933,383,29189,327,National,Fruits and nuts,Peru,Quintile 3,2019
9.185497283935547,26,,PER,244,261933,384,29189,327,National,Fruits and nuts,Peru,Quintile 4,2019
11.324028968811035,26,,PER,244,261933,381,29189,327,National,Fruits and nuts,Peru,Quintile 5,2019
9.246537208557129,26,,PER,244,261933,379,29189,327,National,Fruits and nuts,Peru,Total quintile,2019
6.716668605804443,26,,PER,244,261933,380,29189,331,Rural,Fruits and nuts,Peru,Quintile 1,2019
7.269772052764893,26,,PER,244,261933,382,29189,331,Rural,Fruits and nuts,Peru,Quintile 2,2019
7.410247802734375,26,,PER,244,261933,383,29189,331,Rural,Fruits and nuts,Peru,Quintile 3,2019
7.780415058135986,26,,PER,244,261933,384,29189,331,Rural,Fruits and nuts,Peru,Quintile 4,2019
8.54249095916748,26,,PER,244,261933,381,29189,331,Rural,Fruits and nuts,Peru,Quintile 5,2019
7.677228927612305,26,,PER,244,261933,379,29189,331,Rural,Fruits and nuts,Peru,Total quintile,2019
7.747744560241699,26,,PER,244,261933,380,29189,330,Urban,Fruits and nuts,Peru,Quintile 1,2019
8.553176879882812,26,,PER,244,261933,382,29189,330,Urban,Fruits and nuts,Peru,Quintile 2,2019
9.110634803771973,26,,PER,244,261933,383,29189,330,Urban,Fruits and nuts,Peru,Quintile 3,2019
9.461194038391113,26,,PER,244,261933,384,29189,330,Urban,Fruits and nuts,Peru,Quintile 4,2019
11.672242164611816,26,,PER,244,261933,381,29189,330,Urban,Fruits and nuts,Peru,Quintile 5,2019
9.56607437133789,26,,PER,244,261933,379,29189,330,Urban,Fruits and nuts,Peru,Total quintile,2019
27.625822067260742,26,,PER,244,261934,380,29189,327,National,"Vegetables, tubers, plantains, cooking bananas and pulses",Peru,Quintile 1,2019
22.591554641723633,26,,PER,244,261934,382,29189,327,National,"Vegetables, tubers, plantains, cooking bananas and pulses",Peru,Quintile 2,2019
21.21035385131836,26,,PER,244,261934,383,29189,327,National,"Vegetables, tubers, plantains, cooking bananas and pulses",Peru,Quintile 3,2019
20.081886291503906,26,,PER,244,261934,384,29189,327,National,"Vegetables, tubers, plantains, cooking bananas and pulses",Peru,Quintile 4,2019
18.700315475463867,26,,PER,244,261934,381,29189,327,National,"Vegetables, tubers, plantains, cooking bananas and pulses",Peru,Quintile 5,2019
21.389434814453125,26,,PER,244,261934,379,29189,327,National,"Vegetables, tubers, plantains, cooking bananas and pulses",Peru,Total quintile,2019
33.287017822265625,26,,PER,244,261934,380,29189,331,Rural,"Vegetables, tubers, plantains, cooking bananas and pulses",Peru,Quintile 1,2019
30.644502639770508,26,,PER,244,261934,382,29189,331,Rural,"Vegetables, tubers, plantains, cooking bananas and pulses",Peru,Quintile 2,2019
28.924806594848633,26,,PER,244,261934,383,29189,331,Rural,"Vegetables, tubers, plantains, cooking bananas and pulses",Peru,Quintile 3,2019
26.9805908203125,26,,PER,244,261934,384,29189,331,Rural,"Vegetables, tubers, plantains, cooking bananas and pulses",Peru,Quintile 4,2019
24.43600082397461,26,,PER,244,261934,381,29189,331,Rural,"Vegetables, tubers, plantains, cooking bananas and pulses",Peru,Quintile 5,2019
28.187450408935547,26,,PER,244,261934,379,29189,331,Rural,"Vegetables, tubers, plantains, cooking bananas and pulses",Peru,Total quintile,2019
22.314077377319336,26,,PER,244,261934,380,29189,330,Urban,"Vegetables, tubers, plantains, cooking bananas and pulses",Peru,Quintile 1,2019
20.680965423583984,26,,PER,244,261934,382,29189,330,Urban,"Vegetables, tubers, plantains, cooking bananas and pulses",Peru,Quintile 2,2019
20.28391456604004,26,,PER,244,261934,383,29189,330,Urban,"Vegetables, tubers, plantains, cooking bananas and pulses",Peru,Quintile 3,2019
19.631511688232422,26,,PER,244,261934,384,29189,330,Urban,"Vegetables, tubers, plantains, cooking bananas and pulses",Peru,Quintile 4,2019
18.376718521118164,26,,PER,244,261934,381,29189,330,Urban,"Vegetables, tubers, plantains, cooking bananas and pulses",Peru,Quintile 5,2019
20.005245208740234,26,,PER,244,261934,379,29189,330,Urban,"Vegetables, tubers, plantains, cooking bananas and pulses",Peru,Total quintile,2019
9.75056266784668,26,,PER,244,261931,380,29189,327,National,"Milk, other dairy products and eggs",Peru,Quintile 1,2019
10.9551362991333,26,,PER,244,261931,382,29189,327,National,"Milk, other dairy products and eggs",Peru,Quintile 2,2019
11.61960506439209,26,,PER,244,261931,383,29189,327,National,"Milk, other dairy products and eggs",Peru,Quintile 3,2019
12.357330322265625,26,,PER,244,261931,384,29189,327,National,"Milk, other dairy products and eggs",Peru,Quintile 4,2019
12.846578598022461,26,,PER,244,261931,381,29189,327,National,"Milk, other dairy products and eggs",Peru,Quintile 5,2019
11.746318817138672,26,,PER,244,261931,379,29189,327,National,"Milk, other dairy products and eggs",Peru,Total quintile,2019
8.605292320251465,26,,PER,244,261931,380,29189,331,Rural,"Milk, other dairy products and eggs",Peru,Quintile 1,2019
9.228438377380371,26,,PER,244,261931,382,29189,331,Rural,"Milk, other dairy products and eggs",Peru,Quintile 2,2019
9.586950302124023,26,,PER,244,261931,383,29189,331,Rural,"Milk, other dairy products and eggs",Peru,Quintile 3,2019
9.816288948059082,26,,PER,244,261931,384,29189,331,Rural,"Milk, other dairy products and eggs",Peru,Quintile 4,2019
10.478130340576172,26,,PER,244,261931,381,29189,331,Rural,"Milk, other dairy products and eggs",Peru,Quintile 5,2019
9.679386138916016,26,,PER,244,261931,379,29189,331,Rural,"Milk, other dairy products and eggs",Peru,Total quintile,2019
10.801634788513184,26,,PER,244,261931,380,29189,330,Urban,"Milk, other dairy products and eggs",Peru,Quintile 1,2019
11.798357963562012,26,,PER,244,261931,382,29189,330,Urban,"Milk, other dairy products and eggs",Peru,Quintile 2,2019
12.022269248962402,26,,PER,244,261931,383,29189,330,Urban,"Milk, other dairy products and eggs",Peru,Quintile 3,2019
12.579568862915039,26,,PER,244,261931,384,29189,330,Urban,"Milk, other dairy products and eggs",Peru,Quintile 4,2019
12.93886947631836,26,,PER,244,261931,381,29189,330,Urban,"Milk, other dairy products and eggs",Peru,Quintile 5,2019
12.167181015014648,26,,PER,244,261931,379,29189,330,Urban,"Milk, other dairy products and eggs",Peru,Total quintile,2019
6.6385111808776855,26,,PER,244,261930,380,29189,327,National,Fish and other seafood,Peru,Quintile 1,2019
7.149742603302002,26,,PER,244,261930,382,29189,327,National,Fish and other seafood,Peru,Quintile 2,2019
7.36976432800293,26,,PER,244,261930,383,29189,327,National,Fish and other seafood,Peru,Quintile 3,2019
7.286360263824463,26,,PER,244,261930,384,29189,327,National,Fish and other seafood,Peru,Quintile 4,2019
7.834359645843506,26,,PER,244,261930,381,29189,327,National,Fish and other seafood,Peru,Quintile 5,2019
7.34079122543335,26,,PER,244,261930,379,29189,327,National,Fish and other seafood,Peru,Total quintile,2019
3.169671058654785,26,,DOM,264,261935,384,29188,327,National,"Sugar, confectionery and desserts",Dominican Republic,Quintile 4,2018
3.702545642852783,26,,DOM,264,261935,381,29188,327,National,"Sugar, confectionery and desserts",Dominican Republic,Quintile 5,2018
3.3587441444396973,26,,DOM,264,261935,379,29188,327,National,"Sugar, confectionery and desserts",Dominican Republic,Total quintile,2018
3.6201863288879395,26,,DOM,264,261935,380,29188,331,Rural,"Sugar, confectionery and desserts",Dominican Republic,Quintile 1,2018
3.0756380558013916,26,,DOM,264,261935,382,29188,331,Rural,"Sugar, confectionery and desserts",Dominican Republic,Quintile 2,2018
3.3827719688415527,26,,DOM,264,261935,383,29188,331,Rural,"Sugar, confectionery and desserts",Dominican Republic,Quintile 3,2018
3.2522225379943848,26,,DOM,264,261935,384,29188,331,Rural,"Sugar, confectionery and desserts",Dominican Republic,Quintile 4,2018
3.1179208755493164,26,,DOM,264,261935,381,29188,331,Rural,"Sugar, confectionery and desserts",Dominican Republic,Quintile 5,2018
3.2566750049591064,26,,DOM,264,261935,379,29188,331,Rural,"Sugar, confectionery and desserts",Dominican Republic,Total quintile,2018
3.317600727081299,26,,DOM,264,261935,380,29188,330,Urban,"Sugar, confectionery and desserts",Dominican Republic,Quintile 1,2018
3.183899402618408,26,,DOM,264,261935,382,29188,330,Urban,"Sugar, confectionery and desserts",Dominican Republic,Quintile 2,2018
3.3461642265319824,26,,DOM,264,261935,383,29188,330,Urban,"Sugar, confectionery and desserts",Dominican Republic,Quintile 3,2018
3.0844297409057617,26,,DOM,264,261935,384,29188,330,Urban,"Sugar, confectionery and desserts",Dominican Republic,Quintile 4,2018
3.853924512863159,26,,DOM,264,261935,381,29188,330,Urban,"Sugar, confectionery and desserts",Dominican Republic,Quintile 5,2018
3.3824961185455322,26,,DOM,264,261935,379,29188,330,Urban,"Sugar, confectionery and desserts",Dominican Republic,Total quintile,2018
8.877262115478516,26,,DOM,264,261946,380,29188,327,National,Non - alcoholic beverages,Dominican Republic,Quintile 1,2018
10.335458755493164,26,,DOM,264,261946,382,29188,327,National,Non - alcoholic beverages,Dominican Republic,Quintile 2,2018
10.445853233337402,26,,DOM,264,261946,383,29188,327,National,Non - alcoholic beverages,Dominican Republic,Quintile 3,2018
11.404180526733398,26,,DOM,264,261946,384,29188,327,National,Non - alcoholic beverages,Dominican Republic,Quintile 4,2018
12.870694160461426,26,,DOM,264,261946,381,29188,327,National,Non - alcoholic beverages,Dominican Republic,Quintile 5,2018
11.047298431396484,26,,DOM,264,261946,379,29188,327,National,Non - alcoholic beverages,Dominican Republic,Total quintile,2018
8.227828025817871,26,,DOM,264,261946,380,29188,331,Rural,Non - alcoholic beverages,Dominican Republic,Quintile 1,2018
9.143664360046387,26,,DOM,264,261946,382,29188,331,Rural,Non - alcoholic beverages,Dominican Republic,Quintile 2,2018
10.172677993774414,26,,DOM,264,261946,383,29188,331,Rural,Non - alcoholic beverages,Dominican Republic,Quintile 3,2018
10.351957321166992,26,,DOM,264,261946,384,29188,331,Rural,Non - alcoholic beverages,Dominican Republic,Quintile 4,2018
11.367538452148438,26,,DOM,264,261946,381,29188,331,Rural,Non - alcoholic beverages,Dominican Republic,Quintile 5,2018
10.145755767822266,26,,DOM,264,261946,379,29188,331,Rural,Non - alcoholic beverages,Dominican Republic,Total quintile,2018
9.13037109375,26,,DOM,264,261946,380,29188,330,Urban,Non - alcoholic beverages,Dominican Republic,Quintile 1,2018
10.576762199401855,26,,DOM,264,261946,382,29188,330,Urban,Non - alcoholic beverages,Dominican Republic,Quintile 2,2018
10.673454284667969,26,,DOM,264,261946,383,29188,330,Urban,Non - alcoholic beverages,Dominican Republic,Quintile 3,2018
11.708892822265625,26,,DOM,264,261946,384,29188,330,Urban,Non - alcoholic beverages,Dominican Republic,Quintile 4,2018
13.007780075073242,26,,DOM,264,261946,381,29188,330,Urban,Non - alcoholic beverages,Dominican Republic,Quintile 5,2018
11.25709056854248,26,,DOM,264,261946,379,29188,330,Urban,Non - alcoholic beverages,Dominican Republic,Total quintile,2018
20.118602752685547,26,,DOM,264,261937,380,29188,327,National,Cereals and cereal products,Dominican Republic,Quintile 1,2018
17.52032470703125,26,,DOM,264,261937,382,29188,327,National,Cereals and cereal products,Dominican Republic,Quintile 2,2018
15.696422576904297,26,,DOM,264,261937,383,29188,327,National,Cereals and cereal products,Dominican Republic,Quintile 3,2018
13.992270469665527,26,,DOM,264,261937,384,29188,327,National,Cereals and cereal products,Dominican Republic,Quintile 4,2018
13.151658058166504,26,,DOM,264,261937,381,29188,327,National,Cereals and cereal products,Dominican Republic,Quintile 5,2018
15.587516784667969,26,,DOM,264,261937,379,29188,327,National,Cereals and cereal products,Dominican Republic,Total quintile,2018
21.736309051513672,26,,DOM,264,261937,380,29188,331,Rural,Cereals and cereal products,Dominican Republic,Quintile 1,2018
19.089134216308594,26,,DOM,264,261937,382,29188,331,Rural,Cereals and cereal products,Dominican Republic,Quintile 2,2018
16.07645606994629,26,,DOM,264,261937,383,29188,331,Rural,Cereals and cereal products,Dominican Republic,Quintile 3,2018
14.762287139892578,26,,DOM,264,261937,384,29188,331,Rural,Cereals and cereal products,Dominican Republic,Quintile 4,2018
13.192398071289062,26,,DOM,264,261937,381,29188,331,Rural,Cereals and cereal products,Dominican Republic,Quintile 5,2018
16.15056037902832,26,,DOM,264,261937,379,29188,331,Rural,Cereals and cereal products,Dominican Republic,Total quintile,2018
19.787614822387695,26,,DOM,264,261937,380,29188,330,Urban,Cereals and cereal products,Dominican Republic,Quintile 1,2018
17.063817977905273,26,,DOM,264,261937,382,29188,330,Urban,Cereals and cereal products,Dominican Republic,Quintile 2,2018
15.772473335266113,26,,DOM,264,261937,383,29188,330,Urban,Cereals and cereal products,Dominican Republic,Quintile 3,2018
13.631755828857422,26,,DOM,264,261937,384,29188,330,Urban,Cereals and cereal products,Dominican Republic,Quintile 4,2018
13.258988380432129,26,,DOM,264,261937,381,29188,330,Urban,Cereals and cereal products,Dominican Republic,Quintile 5,2018
15.45649528503418,26,,DOM,264,261937,379,29188,330,Urban,Cereals and cereal products,Dominican Republic,Total quintile,2018
2.071619749069214,26,,DOM,264,261933,380,29188,327,National,Fruits and nuts,Dominican Republic,Quintile 1,2018
2.3817551136016846,26,,DOM,264,261933,382,29188,327,National,Fruits and nuts,Dominican Republic,Quintile 2,2018
3.2588047981262207,26,,DOM,264,261933,383,29188,327,National,Fruits and nuts,Dominican Republic,Quintile 3,2018
4.028158664703369,26,,DOM,264,261933,384,29188,327,National,Fruits and nuts,Dominican Republic,Quintile 4,2018
5.551393508911133,26,,DOM,264,261933,381,29188,327,National,Fruits and nuts,Dominican Republic,Quintile 5,2018
3.7036569118499756,26,,DOM,264,261933,379,29188,327,National,Fruits and nuts,Dominican Republic,Total quintile,2018
1.754839539527893,26,,DOM,264,261933,380,29188,331,Rural,Fruits and nuts,Dominican Republic,Quintile 1,2018
2.060633420944214,26,,DOM,264,261933,382,29188,331,Rural,Fruits and nuts,Dominican Republic,Quintile 2,2018
2.692537784576416,26,,DOM,264,261933,383,29188,331,Rural,Fruits and nuts,Dominican Republic,Quintile 3,2018
3.2759029865264893,26,,DOM,264,261933,384,29188,331,Rural,Fruits and nuts,Dominican Republic,Quintile 4,2018
4.607027053833008,26,,DOM,264,261933,381,29188,331,Rural,Fruits and nuts,Dominican Republic,Quintile 5,2018
3.158607244491577,26,,DOM,264,261933,379,29188,331,Rural,Fruits and nuts,Dominican Republic,Total quintile,2018
2.1466145515441895,26,,DOM,264,261933,380,29188,330,Urban,Fruits and nuts,Dominican Republic,Quintile 1,2018
2.581324815750122,26,,DOM,264,261933,382,29188,330,Urban,Fruits and nuts,Dominican Republic,Quintile 2,2018
3.253412961959839,26,,DOM,264,261933,383,29188,330,Urban,Fruits and nuts,Dominican Republic,Quintile 3,2018
4.376273155212402,26,,DOM,264,261933,384,29188,330,Urban,Fruits and nuts,Dominican Republic,Quintile 4,2018
5.627917289733887,26,,DOM,264,261933,381,29188,330,Urban,Fruits and nuts,Dominican Republic,Quintile 5,2018
3.830491781234741,26,,DOM,264,261933,379,29188,330,Urban,Fruits and nuts,Dominican Republic,Total quintile,2018
20.61185073852539,26,,DOM,264,261934,380,29188,327,National,"Vegetables, tubers, plantains, cooking bananas and pulses",Dominican Republic,Quintile 1,2018
20.840972900390625,26,,DOM,264,261934,382,29188,327,National,"Vegetables, tubers, plantains, cooking bananas and pulses",Dominican Republic,Quintile 2,2018
20.475631713867188,26,,DOM,264,261934,383,29188,327,National,"Vegetables, tubers, plantains, cooking bananas and pulses",Dominican Republic,Quintile 3,2018
19.600984573364258,26,,DOM,264,261934,384,29188,327,National,"Vegetables, tubers, plantains, cooking bananas and pulses",Dominican Republic,Quintile 4,2018
18.888818740844727,26,,DOM,264,261934,381,29188,327,National,"Vegetables, tubers, plantains, cooking bananas and pulses",Dominican Republic,Quintile 5,2018
19.952526092529297,26,,DOM,264,261934,379,29188,327,National,"Vegetables, tubers, plantains, cooking bananas and pulses",Dominican Republic,Total quintile,2018
20.452085494995117,26,,DOM,264,261934,380,29188,331,Rural,"Vegetables, tubers, plantains, cooking bananas and pulses",Dominican Republic,Quintile 1,2018
20.5241756439209,26,,DOM,264,261934,382,29188,331,Rural,"Vegetables, tubers, plantains, cooking bananas and pulses",Dominican Republic,Quintile 2,2018
20.947546005249023,26,,DOM,264,261934,383,29188,331,Rural,"Vegetables, tubers, plantains, cooking bananas and pulses",Dominican Republic,Quintile 3,2018
20.8527774810791,26,,DOM,264,261934,384,29188,331,Rural,"Vegetables, tubers, plantains, cooking bananas and pulses",Dominican Republic,Quintile 4,2018
20.952754974365234,26,,DOM,264,261934,381,29188,331,Rural,"Vegetables, tubers, plantains, cooking bananas and pulses",Dominican Republic,Quintile 5,2018
20.795860290527344,26,,DOM,264,261934,379,29188,331,Rural,"Vegetables, tubers, plantains, cooking bananas and pulses",Dominican Republic,Total quintile,2018
20.560270309448242,26,,DOM,264,261934,380,29188,330,Urban,"Vegetables, tubers, plantains, cooking bananas and pulses",Dominican Republic,Quintile 1,2018
20.97228240966797,26,,DOM,264,261934,382,29188,330,Urban,"Vegetables, tubers, plantains, cooking bananas and pulses",Dominican Republic,Quintile 2,2018
20.07802963256836,26,,DOM,264,261934,383,29188,330,Urban,"Vegetables, tubers, plantains, cooking bananas and pulses",Dominican Republic,Quintile 3,2018
19.553213119506836,26,,DOM,264,261934,384,29188,330,Urban,"Vegetables, tubers, plantains, cooking bananas and pulses",Dominican Republic,Quintile 4,2018
18.3835391998291,26,,DOM,264,261934,381,29188,330,Urban,"Vegetables, tubers, plantains, cooking bananas and pulses",Dominican Republic,Quintile 5,2018
19.75627899169922,26,,DOM,264,261934,379,29188,330,Urban,"Vegetables, tubers, plantains, cooking bananas and pulses",Dominican Republic,Total quintile,2018
10.206101417541504,26,,DOM,264,261931,380,29188,327,National,"Milk, other dairy products and eggs",Dominican Republic,Quintile 1,2018
10.464851379394531,26,,DOM,264,261931,382,29188,327,National,"Milk, other dairy products and eggs",Dominican Republic,Quintile 2,2018
12.154684066772461,26,,DOM,264,261931,383,29188,327,National,"Milk, other dairy products and eggs",Dominican Republic,Quintile 3,2018
12.162347793579102,26,,DOM,264,261931,384,29188,327,National,"Milk, other dairy products and eggs",Dominican Republic,Quintile 4,2018
13.93419361114502,26,,DOM,264,261931,381,29188,327,National,"Milk, other dairy products and eggs",Dominican Republic,Quintile 5,2018
12.048027038574219,26,,DOM,264,261931,379,29188,327,National,"Milk, other dairy products and eggs",Dominican Republic,Total quintile,2018
9.395989418029785,26,,DOM,264,261931,380,29188,331,Rural,"Milk, other dairy products and eggs",Dominican Republic,Quintile 1,2018
10.882122993469238,26,,DOM,264,261931,382,29188,331,Rural,"Milk, other dairy products and eggs",Dominican Republic,Quintile 2,2018
11.045622825622559,26,,DOM,264,261931,383,29188,331,Rural,"Milk, other dairy products and eggs",Dominican Republic,Quintile 3,2018
11.817561149597168,26,,DOM,264,261931,384,29188,331,Rural,"Milk, other dairy products and eggs",Dominican Republic,Quintile 4,2018
12.632357597351074,26,,DOM,264,261931,381,29188,331,Rural,"Milk, other dairy products and eggs",Dominican Republic,Quintile 5,2018
11.444679260253906,26,,DOM,264,261931,379,29188,331,Rural,"Milk, other dairy products and eggs",Dominican Republic,Total quintile,2018
10.228132247924805,26,,DOM,264,261931,380,29188,330,Urban,"Milk, other dairy products and eggs",Dominican Republic,Quintile 1,2018
10.630962371826172,26,,DOM,264,261931,382,29188,330,Urban,"Milk, other dairy products and eggs",Dominican Republic,Quintile 2,2018
12.450321197509766,26,,DOM,264,261931,383,29188,330,Urban,"Milk, other dairy products and eggs",Dominican Republic,Quintile 3,2018
11.946208000183105,26,,DOM,264,261931,384,29188,330,Urban,"Milk, other dairy products and eggs",Dominican Republic,Quintile 4,2018
14.387920379638672,26,,DOM,264,261931,381,29188,330,Urban,"Milk, other dairy products and eggs",Dominican Republic,Quintile 5,2018
12.18842887878418,26,,DOM,264,261931,379,29188,330,Urban,"Milk, other dairy products and eggs",Dominican Republic,Total quintile,2018
3.272233724594116,26,,DOM,264,261930,380,29188,327,National,Fish and other seafood,Dominican Republic,Quintile 1,2018
3.325741767883301,26,,DOM,264,261930,382,29188,327,National,Fish and other seafood,Dominican Republic,Quintile 2,2018
3.387415647506714,26,,DOM,264,261930,383,29188,327,National,Fish and other seafood,Dominican Republic,Quintile 3,2018
3.79658579826355,26,,DOM,264,261930,384,29188,327,National,Fish and other seafood,Dominican Republic,Quintile 4,2018
4.607556343078613,26,,DOM,264,261930,381,29188,327,National,Fish and other seafood,Dominican Republic,Quintile 5,2018
3.7660584449768066,26,,DOM,264,261930,379,29188,327,National,Fish and other seafood,Dominican Republic,Total quintile,2018
3.0553979873657227,26,,DOM,264,261930,380,29188,331,Rural,Fish and other seafood,Dominican Republic,Quintile 1,2018
3.045717477798462,26,,DOM,264,261930,382,29188,331,Rural,Fish and other seafood,Dominican Republic,Quintile 2,2018
2.8707942962646484,26,,DOM,264,261930,383,29188,331,Rural,Fish and other seafood,Dominican Republic,Quintile 3,2018
4.079219818115234,26,,DOM,264,261930,384,29188,331,Rural,Fish and other seafood,Dominican Republic,Quintile 4,2018
4.658942699432373,26,,DOM,264,261930,381,29188,331,Rural,Fish and other seafood,Dominican Republic,Quintile 5,2018
3.715411424636841,26,,DOM,264,261930,379,29188,331,Rural,Fish and other seafood,Dominican Republic,Total quintile,2018
3.302062511444092,26,,DOM,264,261930,380,29188,330,Urban,Fish and other seafood,Dominican Republic,Quintile 1,2018
3.436429977416992,26,,DOM,264,261930,382,29188,330,Urban,Fish and other seafood,Dominican Republic,Quintile 2,2018
3.3591256141662598,26,,DOM,264,261930,383,29188,330,Urban,Fish and other seafood,Dominican Republic,Quintile 3,2018
3.9165825843811035,26,,DOM,264,261930,384,29188,330,Urban,Fish and other seafood,Dominican Republic,Quintile 4,2018
4.49832010269165,26,,DOM,264,261930,381,29188,330,Urban,Fish and other seafood,Dominican Republic,Quintile 5,2018
3.777844190597534,26,,DOM,264,261930,379,29188,330,Urban,Fish and other seafood,Dominican Republic,Total quintile,2018
2.2478537559509277,26,,URY,258,261932,380,29186,327,National,Oils and fats,Uruguay,Quintile 1,2016
2.25980806350708,26,,URY,258,261932,382,29186,327,National,Oils and fats,Uruguay,Quintile 2,2016
2.0126941204071045,26,,URY,258,261932,383,29186,327,National,Oils and fats,Uruguay,Quintile 3,2016
1.7724552154541016,26,,URY,258,261932,384,29186,327,National,Oils and fats,Uruguay,Quintile 4,2016
1.8836950063705444,26,,URY,258,261932,381,29186,327,National,Oils and fats,Uruguay,Quintile 5,2016
1.9828286170959473,26,,URY,258,261932,379,29186,327,National,Oils and fats,Uruguay,Total quintile,2016
4.314787864685059,26,,URY,258,261936,380,29186,327,National,Ready-made food and other food products n.e.c.,Uruguay,Quintile 1,2016
3.9826529026031494,26,,URY,258,261936,382,29186,327,National,Ready-made food and other food products n.e.c.,Uruguay,Quintile 2,2016
3.76275372505188,26,,URY,258,261936,383,29186,327,National,Ready-made food and other food products n.e.c.,Uruguay,Quintile 3,2016
3.9491262435913086,26,,URY,258,261936,384,29186,327,National,Ready-made food and other food products n.e.c.,Uruguay,Quintile 4,2016
4.048944473266602,26,,URY,258,261936,381,29186,327,National,Ready-made food and other food products n.e.c.,Uruguay,Quintile 5,2016
3.9915192127227783,26,,URY,258,261936,379,29186,327,National,Ready-made food and other food products n.e.c.,Uruguay,Total quintile,2016
29.485713958740234,26,,URY,258,261929,380,29186,327,National,"Live animals, meat and other parts of slaughtered land animals",Uruguay,Quintile 1,2016
30.345346450805664,26,,URY,258,261929,382,29186,327,National,"Live animals, meat and other parts of slaughtered land animals",Uruguay,Quintile 2,2016
29.870681762695312,26,,URY,258,261929,383,29186,327,National,"Live animals, meat and other parts of slaughtered land animals",Uruguay,Quintile 3,2016
28.280038833618164,26,,URY,258,261929,384,29186,327,National,"Live animals, meat and other parts of slaughtered land animals",Uruguay,Quintile 4,2016
24.915555953979492,26,,URY,258,261929,381,29186,327,National,"Live animals, meat and other parts of slaughtered land animals",Uruguay,Quintile 5,2016
27.993654251098633,26,,URY,258,261929,379,29186,327,National,"Live animals, meat and other parts of slaughtered land animals",Uruguay,Total quintile,2016
3.388436794281006,26,,URY,258,261935,380,29186,327,National,"Sugar, confectionery and desserts",Uruguay,Quintile 1,2016
3.3349075317382812,26,,URY,258,261935,382,29186,327,National,"Sugar, confectionery and desserts",Uruguay,Quintile 2,2016
3.45094633102417,26,,URY,258,261935,383,29186,327,National,"Sugar, confectionery and desserts",Uruguay,Quintile 3,2016
4.520695686340332,26,,URY,258,261935,384,29186,327,National,"Sugar, confectionery and desserts",Uruguay,Quintile 4,2016
4.864589691162109,26,,URY,258,261935,381,29186,327,National,"Sugar, confectionery and desserts",Uruguay,Quintile 5,2016
4.111454486846924,26,,URY,258,261935,379,29186,327,National,"Sugar, confectionery and desserts",Uruguay,Total quintile,2016
10.944843292236328,26,,URY,258,261946,380,29186,327,National,Non - alcoholic beverages,Uruguay,Quintile 1,2016
12.553564071655273,26,,URY,258,261946,382,29186,327,National,Non - alcoholic beverages,Uruguay,Quintile 2,2016
12.829768180847168,26,,URY,258,261946,383,29186,327,National,Non - alcoholic beverages,Uruguay,Quintile 3,2016
14.14409065246582,26,,URY,258,261946,384,29186,327,National,Non - alcoholic beverages,Uruguay,Quintile 4,2016
14.720477104187012,26,,URY,258,261946,381,29186,327,National,Non - alcoholic beverages,Uruguay,Quintile 5,2016
13.46451187133789,26,,URY,258,261946,379,29186,327,National,Non - alcoholic beverages,Uruguay,Total quintile,2016
22.408592224121094,26,,URY,258,261937,380,29186,327,National,Cereals and cereal products,Uruguay,Quintile 1,2016
19.851112365722656,26,,URY,258,261937,382,29186,327,National,Cereals and cereal products,Uruguay,Quintile 2,2016
19.371437072753906,26,,URY,258,261937,383,29186,327,National,Cereals and cereal products,Uruguay,Quintile 3,2016
18.79385757446289,26,,URY,258,261937,384,29186,327,National,Cereals and cereal products,Uruguay,Quintile 4,2016
17.523256301879883,26,,URY,258,261937,381,29186,327,National,Cereals and cereal products,Uruguay,Quintile 5,2016
19.08087730407715,26,,URY,258,261937,379,29186,327,National,Cereals and cereal products,Uruguay,Total quintile,2016
3.9390745162963867,26,,URY,258,261933,380,29186,327,National,Fruits and nuts,Uruguay,Quintile 1,2016
4.607047080993652,26,,URY,258,261933,382,29186,327,National,Fruits and nuts,Uruguay,Quintile 2,2016
5.174785137176514,26,,URY,258,261933,383,29186,327,National,Fruits and nuts,Uruguay,Quintile 3,2016
5.6745734214782715,26,,URY,258,261933,384,29186,327,National,Fruits and nuts,Uruguay,Quintile 4,2016
7.281970024108887,26,,URY,258,261933,381,29186,327,National,Fruits and nuts,Uruguay,Quintile 5,2016
5.717158317565918,26,,URY,258,261933,379,29186,327,National,Fruits and nuts,Uruguay,Total quintile,2016
0.33702483773231506,26,,URY,258,261957,380,29186,327,National,Non-disaggregable expenditures by food group,Uruguay,Quintile 1,2016
0.316786527633667,26,,URY,258,261957,382,29186,327,National,Non-disaggregable expenditures by food group,Uruguay,Quintile 2,2016
0.3512611985206604,26,,URY,258,261957,383,29186,327,National,Non-disaggregable expenditures by food group,Uruguay,Quintile 3,2016
0.3686783015727997,26,,URY,258,261957,384,29186,327,National,Non-disaggregable expenditures by food group,Uruguay,Quintile 4,2016
0.45558294653892517,26,,URY,258,261957,381,29186,327,National,Non-disaggregable expenditures by food group,Uruguay,Quintile 5,2016
0.38071370124816895,26,,URY,258,261957,379,29186,327,National,Non-disaggregable expenditures by food group,Uruguay,Total quintile,2016
8.432583808898926,26,,URY,258,261934,380,29186,327,National,"Vegetables, tubers, plantains, cooking bananas and pulses",Uruguay,Quintile 1,2016
8.445755004882812,26,,URY,258,261934,382,29186,327,National,"Vegetables, tubers, plantains, cooking bananas and pulses",Uruguay,Quintile 2,2016
8.712257385253906,26,,URY,258,261934,383,29186,327,National,"Vegetables, tubers, plantains, cooking bananas and pulses",Uruguay,Quintile 3,2016
8.39742374420166,26,,URY,258,261934,384,29186,327,National,"Vegetables, tubers, plantains, cooking bananas and pulses",Uruguay,Quintile 4,2016
8.727651596069336,26,,URY,258,261934,381,29186,327,National,"Vegetables, tubers, plantains, cooking bananas and pulses",Uruguay,Quintile 5,2016
8.571272850036621,26,,URY,258,261934,379,29186,327,National,"Vegetables, tubers, plantains, cooking bananas and pulses",Uruguay,Total quintile,2016
13.801812171936035,26,,URY,258,261931,380,29186,327,National,"Milk, other dairy products and eggs",Uruguay,Quintile 1,2016
13.110185623168945,26,,URY,258,261931,382,29186,327,National,"Milk, other dairy products and eggs",Uruguay,Quintile 2,2016
12.85238265991211,26,,URY,258,261931,383,29186,327,National,"Milk, other dairy products and eggs",Uruguay,Quintile 3,2016
12.445066452026367,26,,URY,258,261931,384,29186,327,National,"Milk, other dairy products and eggs",Uruguay,Quintile 4,2016
13.054987907409668,26,,URY,258,261931,381,29186,327,National,"Milk, other dairy products and eggs",Uruguay,Quintile 5,2016
12.969588279724121,26,,URY,258,261931,379,29186,327,National,"Milk, other dairy products and eggs",Uruguay,Total quintile,2016
0.6992758512496948,26,,URY,258,261930,380,29186,327,National,Fish and other seafood,Uruguay,Quintile 1,2016
1.1928335428237915,26,,URY,258,261930,382,29186,327,National,Fish and other seafood,Uruguay,Quintile 2,2016
1.6110336780548096,26,,URY,258,261930,383,29186,327,National,Fish and other seafood,Uruguay,Quintile 3,2016
1.6539957523345947,26,,URY,258,261930,384,29186,327,National,Fish and other seafood,Uruguay,Quintile 4,2016
2.5232882499694824,26,,URY,258,261930,381,29186,327,National,Fish and other seafood,Uruguay,Quintile 5,2016
1.7364203929901123,26,,URY,258,261930,379,29186,327,National,Fish and other seafood,Uruguay,Total quintile,2016
