value,source_id,notes_ids,iso3,dim_208,dim_378,dim_29117,dim_326,dim_261912,Geographical area,Country__ESTANDAR,Consumer expending division,Quintile,Years__ESTANDAR
35.2762336730957,26,,ARG,216,380,29187,327,261913,National,Argentina,Food and non-alcoholic beverages,Quintile 1,2017
2.338472604751587,26,,ARG,216,380,29187,327,261916,National,Argentina,"Alcoholic beverages, tobacco and narcotics",Quintile 1,2017
3.386246919631958,26,,ARG,216,380,29187,327,261927,National,Argentina,"Personal care, social proteccion and miscellaneous goods and services",Quintile 1,2017
7.990074634552002,26,,ARG,216,380,29187,327,261922,National,Argentina,Information and communication,Quintile 1,2017
4.02203893661499,26,,ARG,216,380,29187,327,261919,National,Argentina,"Furnishings, household equipment and routine household maintenance",Quintile 1,2017
7.897009372711182,26,,ARG,216,380,29187,327,261917,National,Argentina,Clothing and footwear,Quintile 1,2017
4.639796257019043,26,,ARG,216,380,29187,327,261923,National,Argentina,"Reacreation, sport and culture",Quintile 1,2017
4.430392265319824,26,,ARG,216,380,29187,327,261925,National,Argentina,Restaurants and accommodation services,Quintile 1,2017
3.4850828647613525,26,,ARG,216,380,29187,327,261920,National,Argentina,Health,Quintile 1,2017
0.8435876965522766,26,,ARG,216,380,29187,327,261926,National,Argentina,Insurance and financial services,Quintile 1,2017
1.5276869535446167,26,,ARG,216,380,29187,327,261924,National,Argentina,Education services,Quintile 1,2017
10.447937965393066,26,,ARG,216,380,29187,327,261921,National,Argentina,Transport,Quintile 1,2017
13.715439796447754,26,,ARG,216,380,29187,327,261918,National,Argentina,"Housing, water, electricity, gas and other fuels",Quintile 1,2017
29.939098358154297,26,,ARG,216,382,29187,327,261913,National,Argentina,Food and non-alcoholic beverages,Quintile 2,2017
2.0944416522979736,26,,ARG,216,382,29187,327,261916,National,Argentina,"Alcoholic beverages, tobacco and narcotics",Quintile 2,2017
3.3230350017547607,26,,ARG,216,382,29187,327,261927,National,Argentina,"Personal care, social proteccion and miscellaneous goods and services",Quintile 2,2017
8.50733470916748,26,,ARG,216,382,29187,327,261922,National,Argentina,Information and communication,Quintile 2,2017
4.060428619384766,26,,ARG,216,382,29187,327,261919,National,Argentina,"Furnishings, household equipment and routine household maintenance",Quintile 2,2017
7.603991508483887,26,,ARG,216,382,29187,327,261917,National,Argentina,Clothing and footwear,Quintile 2,2017
4.244623184204102,26,,ARG,216,382,29187,327,261923,National,Argentina,"Reacreation, sport and culture",Quintile 2,2017
4.574241638183594,26,,ARG,216,382,29187,327,261925,National,Argentina,Restaurants and accommodation services,Quintile 2,2017
3.9337615966796875,26,,ARG,216,382,29187,327,261920,National,Argentina,Health,Quintile 2,2017
1.1128085851669312,26,,ARG,216,382,29187,327,261926,National,Argentina,Insurance and financial services,Quintile 2,2017
2.4467172622680664,26,,ARG,216,382,29187,327,261924,National,Argentina,Education services,Quintile 2,2017
12.754435539245605,26,,ARG,216,382,29187,327,261921,National,Argentina,Transport,Quintile 2,2017
15.405080795288086,26,,ARG,216,382,29187,327,261918,National,Argentina,"Housing, water, electricity, gas and other fuels",Quintile 2,2017
26.1778564453125,26,,ARG,216,383,29187,327,261913,National,Argentina,Food and non-alcoholic beverages,Quintile 3,2017
2.250922203063965,26,,ARG,216,383,29187,327,261916,National,Argentina,"Alcoholic beverages, tobacco and narcotics",Quintile 3,2017
3.378885269165039,26,,ARG,216,383,29187,327,261927,National,Argentina,"Personal care, social proteccion and miscellaneous goods and services",Quintile 3,2017
8.64877700805664,26,,ARG,216,383,29187,327,261922,National,Argentina,Information and communication,Quintile 3,2017
4.554577827453613,26,,ARG,216,383,29187,327,261919,National,Argentina,"Furnishings, household equipment and routine household maintenance",Quintile 3,2017
7.102570533752441,26,,ARG,216,383,29187,327,261917,National,Argentina,Clothing and footwear,Quintile 3,2017
4.744867324829102,26,,ARG,216,383,29187,327,261923,National,Argentina,"Reacreation, sport and culture",Quintile 3,2017
5.812527656555176,26,,ARG,216,383,29187,327,261925,National,Argentina,Restaurants and accommodation services,Quintile 3,2017
4.277569770812988,26,,ARG,216,383,29187,327,261920,National,Argentina,Health,Quintile 3,2017
1.8296234607696533,26,,ARG,216,383,29187,327,261926,National,Argentina,Insurance and financial services,Quintile 3,2017
2.621072769165039,26,,ARG,216,383,29187,327,261924,National,Argentina,Education services,Quintile 3,2017
14.487635612487793,26,,ARG,216,383,29187,327,261921,National,Argentina,Transport,Quintile 3,2017
14.113114356994629,26,,ARG,216,383,29187,327,261918,National,Argentina,"Housing, water, electricity, gas and other fuels",Quintile 3,2017
22.668127059936523,26,,ARG,216,384,29187,327,261913,National,Argentina,Food and non-alcoholic beverages,Quintile 4,2017
1.774947166442871,26,,ARG,216,384,29187,327,261916,National,Argentina,"Alcoholic beverages, tobacco and narcotics",Quintile 4,2017
3.3734965324401855,26,,ARG,216,384,29187,327,261927,National,Argentina,"Personal care, social proteccion and miscellaneous goods and services",Quintile 4,2017
8.316912651062012,26,,ARG,216,384,29187,327,261922,National,Argentina,Information and communication,Quintile 4,2017
4.725121021270752,26,,ARG,216,384,29187,327,261919,National,Argentina,"Furnishings, household equipment and routine household maintenance",Quintile 4,2017
6.918368816375732,26,,ARG,216,384,29187,327,261917,National,Argentina,Clothing and footwear,Quintile 4,2017
5.09140682220459,26,,ARG,216,384,29187,327,261923,National,Argentina,"Reacreation, sport and culture",Quintile 4,2017
6.081496238708496,26,,ARG,216,384,29187,327,261925,National,Argentina,Restaurants and accommodation services,Quintile 4,2017
4.305041790008545,26,,ARG,216,384,29187,327,261920,National,Argentina,Health,Quintile 4,2017
2.7720751762390137,26,,ARG,216,384,29187,327,261926,National,Argentina,Insurance and financial services,Quintile 4,2017
3.494783639907837,26,,ARG,216,384,29187,327,261924,National,Argentina,Education services,Quintile 4,2017
16.509963989257812,26,,ARG,216,384,29187,327,261921,National,Argentina,Transport,Quintile 4,2017
13.968260765075684,26,,ARG,216,384,29187,327,261918,National,Argentina,"Housing, water, electricity, gas and other fuels",Quintile 4,2017
16.407878875732422,26,,ARG,216,381,29187,327,261913,National,Argentina,Food and non-alcoholic beverages,Quintile 5,2017
1.77717924118042,26,,ARG,216,381,29187,327,261916,National,Argentina,"Alcoholic beverages, tobacco and narcotics",Quintile 5,2017
3.5895564556121826,26,,ARG,216,381,29187,327,261927,National,Argentina,"Personal care, social proteccion and miscellaneous goods and services",Quintile 5,2017
7.0510687828063965,26,,ARG,216,381,29187,327,261922,National,Argentina,Information and communication,Quintile 5,2017
6.44333553314209,26,,ARG,216,381,29187,327,261919,National,Argentina,"Furnishings, household equipment and routine household maintenance",Quintile 5,2017
6.005130767822266,26,,ARG,216,381,29187,327,261917,National,Argentina,Clothing and footwear,Quintile 5,2017
6.681741714477539,26,,ARG,216,381,29187,327,261923,National,Argentina,"Reacreation, sport and culture",Quintile 5,2017
7.73417854309082,26,,ARG,216,381,29187,327,261925,National,Argentina,Restaurants and accommodation services,Quintile 5,2017
4.050156116485596,26,,ARG,216,381,29187,327,261920,National,Argentina,Health,Quintile 5,2017
4.531754493713379,26,,ARG,216,381,29187,327,261926,National,Argentina,Insurance and financial services,Quintile 5,2017
3.792377233505249,26,,ARG,216,381,29187,327,261924,National,Argentina,Education services,Quintile 5,2017
17.563594818115234,26,,ARG,216,381,29187,327,261921,National,Argentina,Transport,Quintile 5,2017
14.372048377990723,26,,ARG,216,381,29187,327,261918,National,Argentina,"Housing, water, electricity, gas and other fuels",Quintile 5,2017
22.307708740234375,26,,ARG,216,379,29187,327,261913,National,Argentina,Food and non-alcoholic beverages,Total quintile,2017
1.9301440715789795,26,,ARG,216,379,29187,327,261916,National,Argentina,"Alcoholic beverages, tobacco and narcotics",Total quintile,2017
3.4625773429870605,26,,ARG,216,379,29187,327,261927,National,Argentina,"Personal care, social proteccion and miscellaneous goods and services",Total quintile,2017
7.821620941162109,26,,ARG,216,379,29187,327,261922,National,Argentina,Information and communication,Total quintile,2017
5.308994770050049,26,,ARG,216,379,29187,327,261919,National,Argentina,"Furnishings, household equipment and routine household maintenance",Total quintile,2017
6.706251621246338,26,,ARG,216,379,29187,327,261917,National,Argentina,Clothing and footwear,Total quintile,2017
5.590848445892334,26,,ARG,216,379,29187,327,261923,National,Argentina,"Reacreation, sport and culture",Total quintile,2017
6.454550266265869,26,,ARG,216,379,29187,327,261925,National,Argentina,Restaurants and accommodation services,Total quintile,2017
4.086943626403809,26,,ARG,216,379,29187,327,261920,National,Argentina,Health,Total quintile,2017
3.0462279319763184,26,,ARG,216,379,29187,327,261926,National,Argentina,Insurance and financial services,Total quintile,2017
3.2168831825256348,26,,ARG,216,379,29187,327,261924,National,Argentina,Education services,Total quintile,2017
15.759134292602539,26,,ARG,216,379,29187,327,261921,National,Argentina,Transport,Total quintile,2017
14.30811595916748,26,,ARG,216,379,29187,327,261918,National,Argentina,"Housing, water, electricity, gas and other fuels",Total quintile,2017
41.062747955322266,26,,BOL,221,380,29185,327,261913,National,Bolivia (Plurinational State of),Food and non-alcoholic beverages,Quintile 1,2015
1.0199742317199707,26,,BOL,221,380,29185,327,261916,National,Bolivia (Plurinational State of),"Alcoholic beverages, tobacco and narcotics",Quintile 1,2015
5.542269706726074,26,,BOL,221,380,29185,327,261927,National,Bolivia (Plurinational State of),"Personal care, social proteccion and miscellaneous goods and services",Quintile 1,2015
4.054018974304199,26,,BOL,221,380,29185,327,261922,National,Bolivia (Plurinational State of),Information and communication,Quintile 1,2015
4.845654010772705,26,,BOL,221,380,29185,327,261919,National,Bolivia (Plurinational State of),"Furnishings, household equipment and routine household maintenance",Quintile 1,2015
7.414278984069824,26,,BOL,221,380,29185,327,261917,National,Bolivia (Plurinational State of),Clothing and footwear,Quintile 1,2015
3.300502300262451,26,,BOL,221,380,29185,327,261923,National,Bolivia (Plurinational State of),"Reacreation, sport and culture",Quintile 1,2015
6.712794303894043,26,,BOL,221,380,29185,327,261925,National,Bolivia (Plurinational State of),Restaurants and accommodation services,Quintile 1,2015
2.3128552436828613,26,,BOL,221,380,29185,327,261920,National,Bolivia (Plurinational State of),Health,Quintile 1,2015
0.29220637679100037,26,,BOL,221,380,29185,327,261926,National,Bolivia (Plurinational State of),Insurance and financial services,Quintile 1,2015
1.227705478668213,26,,BOL,221,380,29185,327,261924,National,Bolivia (Plurinational State of),Education services,Quintile 1,2015
6.711430549621582,26,,BOL,221,380,29185,327,261921,National,Bolivia (Plurinational State of),Transport,Quintile 1,2015
15.503561973571777,26,,BOL,221,380,29185,327,261918,National,Bolivia (Plurinational State of),"Housing, water, electricity, gas and other fuels",Quintile 1,2015
37.231788635253906,26,,BOL,221,382,29185,327,261913,National,Bolivia (Plurinational State of),Food and non-alcoholic beverages,Quintile 2,2015
0.7483313679695129,26,,BOL,221,382,29185,327,261916,National,Bolivia (Plurinational State of),"Alcoholic beverages, tobacco and narcotics",Quintile 2,2015
5.622287273406982,26,,BOL,221,382,29185,327,261927,National,Bolivia (Plurinational State of),"Personal care, social proteccion and miscellaneous goods and services",Quintile 2,2015
4.559391498565674,26,,BOL,221,382,29185,327,261922,National,Bolivia (Plurinational State of),Information and communication,Quintile 2,2015
4.586702346801758,26,,BOL,221,382,29185,327,261919,National,Bolivia (Plurinational State of),"Furnishings, household equipment and routine household maintenance",Quintile 2,2015
6.837008953094482,26,,BOL,221,382,29185,327,261917,National,Bolivia (Plurinational State of),Clothing and footwear,Quintile 2,2015
2.891026020050049,26,,BOL,221,382,29185,327,261923,National,Bolivia (Plurinational State of),"Reacreation, sport and culture",Quintile 2,2015
9.465092658996582,26,,BOL,221,382,29185,327,261925,National,Bolivia (Plurinational State of),Restaurants and accommodation services,Quintile 2,2015
2.2155778408050537,26,,BOL,221,382,29185,327,261920,National,Bolivia (Plurinational State of),Health,Quintile 2,2015
0.30255720019340515,26,,BOL,221,382,29185,327,261926,National,Bolivia (Plurinational State of),Insurance and financial services,Quintile 2,2015
1.576183795928955,26,,BOL,221,382,29185,327,261924,National,Bolivia (Plurinational State of),Education services,Quintile 2,2015
7.611774921417236,26,,BOL,221,382,29185,327,261921,National,Bolivia (Plurinational State of),Transport,Quintile 2,2015
16.352277755737305,26,,BOL,221,382,29185,327,261918,National,Bolivia (Plurinational State of),"Housing, water, electricity, gas and other fuels",Quintile 2,2015
32.06447219848633,26,,BOL,221,383,29185,327,261913,National,Bolivia (Plurinational State of),Food and non-alcoholic beverages,Quintile 3,2015
0.8925679922103882,26,,BOL,221,383,29185,327,261916,National,Bolivia (Plurinational State of),"Alcoholic beverages, tobacco and narcotics",Quintile 3,2015
6.048463344573975,26,,BOL,221,383,29185,327,261927,National,Bolivia (Plurinational State of),"Personal care, social proteccion and miscellaneous goods and services",Quintile 3,2015
5.592505931854248,26,,BOL,221,383,29185,327,261922,National,Bolivia (Plurinational State of),Information and communication,Quintile 3,2015
4.988709926605225,26,,BOL,221,383,29185,327,261919,National,Bolivia (Plurinational State of),"Furnishings, household equipment and routine household maintenance",Quintile 3,2015
6.846595287322998,26,,BOL,221,383,29185,327,261917,National,Bolivia (Plurinational State of),Clothing and footwear,Quintile 3,2015
2.739889621734619,26,,BOL,221,383,29185,327,261923,National,Bolivia (Plurinational State of),"Reacreation, sport and culture",Quintile 3,2015
11.607769012451172,26,,BOL,221,383,29185,327,261925,National,Bolivia (Plurinational State of),Restaurants and accommodation services,Quintile 3,2015
2.39259934425354,26,,BOL,221,383,29185,327,261920,National,Bolivia (Plurinational State of),Health,Quintile 3,2015
0.3041335344314575,26,,BOL,221,383,29185,327,261926,National,Bolivia (Plurinational State of),Insurance and financial services,Quintile 3,2015
1.5372179746627808,26,,BOL,221,383,29185,327,261924,National,Bolivia (Plurinational State of),Education services,Quintile 3,2015
8.383149147033691,26,,BOL,221,383,29185,327,261921,National,Bolivia (Plurinational State of),Transport,Quintile 3,2015
16.601926803588867,26,,BOL,221,383,29185,327,261918,National,Bolivia (Plurinational State of),"Housing, water, electricity, gas and other fuels",Quintile 3,2015
26.728382110595703,26,,BOL,221,384,29185,327,261913,National,Bolivia (Plurinational State of),Food and non-alcoholic beverages,Quintile 4,2015
1.0384210348129272,26,,BOL,221,384,29185,327,261916,National,Bolivia (Plurinational State of),"Alcoholic beverages, tobacco and narcotics",Quintile 4,2015
6.031264781951904,26,,BOL,221,384,29185,327,261927,National,Bolivia (Plurinational State of),"Personal care, social proteccion and miscellaneous goods and services",Quintile 4,2015
6.468079090118408,26,,BOL,221,384,29185,327,261922,National,Bolivia (Plurinational State of),Information and communication,Quintile 4,2015
4.992948055267334,26,,BOL,221,384,29185,327,261919,National,Bolivia (Plurinational State of),"Furnishings, household equipment and routine household maintenance",Quintile 4,2015
6.945985317230225,26,,BOL,221,384,29185,327,261917,National,Bolivia (Plurinational State of),Clothing and footwear,Quintile 4,2015
2.634678840637207,26,,BOL,221,384,29185,327,261923,National,Bolivia (Plurinational State of),"Reacreation, sport and culture",Quintile 4,2015
13.447012901306152,26,,BOL,221,384,29185,327,261925,National,Bolivia (Plurinational State of),Restaurants and accommodation services,Quintile 4,2015
3.0004618167877197,26,,BOL,221,384,29185,327,261920,National,Bolivia (Plurinational State of),Health,Quintile 4,2015
0.4146895110607147,26,,BOL,221,384,29185,327,261926,National,Bolivia (Plurinational State of),Insurance and financial services,Quintile 4,2015
2.1884098052978516,26,,BOL,221,384,29185,327,261924,National,Bolivia (Plurinational State of),Education services,Quintile 4,2015
7.708741664886475,26,,BOL,221,384,29185,327,261921,National,Bolivia (Plurinational State of),Transport,Quintile 4,2015
18.400924682617188,26,,BOL,221,384,29185,327,261918,National,Bolivia (Plurinational State of),"Housing, water, electricity, gas and other fuels",Quintile 4,2015
18.384151458740234,26,,BOL,221,381,29185,327,261913,National,Bolivia (Plurinational State of),Food and non-alcoholic beverages,Quintile 5,2015
1.1289021968841553,26,,BOL,221,381,29185,327,261916,National,Bolivia (Plurinational State of),"Alcoholic beverages, tobacco and narcotics",Quintile 5,2015
5.7274346351623535,26,,BOL,221,381,29185,327,261927,National,Bolivia (Plurinational State of),"Personal care, social proteccion and miscellaneous goods and services",Quintile 5,2015
7.191165447235107,26,,BOL,221,381,29185,327,261922,National,Bolivia (Plurinational State of),Information and communication,Quintile 5,2015
6.1630449295043945,26,,BOL,221,381,29185,327,261919,National,Bolivia (Plurinational State of),"Furnishings, household equipment and routine household maintenance",Quintile 5,2015
6.340281009674072,26,,BOL,221,381,29185,327,261917,National,Bolivia (Plurinational State of),Clothing and footwear,Quintile 5,2015
2.855107069015503,26,,BOL,221,381,29185,327,261923,National,Bolivia (Plurinational State of),"Reacreation, sport and culture",Quintile 5,2015
12.912169456481934,26,,BOL,221,381,29185,327,261925,National,Bolivia (Plurinational State of),Restaurants and accommodation services,Quintile 5,2015
3.116455554962158,26,,BOL,221,381,29185,327,261920,National,Bolivia (Plurinational State of),Health,Quintile 5,2015
0.6598292589187622,26,,BOL,221,381,29185,327,261926,National,Bolivia (Plurinational State of),Insurance and financial services,Quintile 5,2015
3.910123348236084,26,,BOL,221,381,29185,327,261924,National,Bolivia (Plurinational State of),Education services,Quintile 5,2015
8.956013679504395,26,,BOL,221,381,29185,327,261921,National,Bolivia (Plurinational State of),Transport,Quintile 5,2015
22.655323028564453,26,,BOL,221,381,29185,327,261918,National,Bolivia (Plurinational State of),"Housing, water, electricity, gas and other fuels",Quintile 5,2015
26.090757369995117,26,,BOL,221,379,29185,327,261913,National,Bolivia (Plurinational State of),Food and non-alcoholic beverages,Total quintile,2015
1.0199192762374878,26,,BOL,221,379,29185,327,261916,National,Bolivia (Plurinational State of),"Alcoholic beverages, tobacco and narcotics",Total quintile,2015
5.825285911560059,26,,BOL,221,379,29185,327,261927,National,Bolivia (Plurinational State of),"Personal care, social proteccion and miscellaneous goods and services",Total quintile,2015
6.2684407234191895,26,,BOL,221,379,29185,327,261922,National,Bolivia (Plurinational State of),Information and communication,Total quintile,2015
5.443156719207764,26,,BOL,221,379,29185,327,261919,National,Bolivia (Plurinational State of),"Furnishings, household equipment and routine household maintenance",Total quintile,2015
6.685530185699463,26,,BOL,221,379,29185,327,261917,National,Bolivia (Plurinational State of),Clothing and footwear,Total quintile,2015
2.818695068359375,26,,BOL,221,379,29185,327,261923,National,Bolivia (Plurinational State of),"Reacreation, sport and culture",Total quintile,2015
12.03592300415039,26,,BOL,221,379,29185,327,261925,National,Bolivia (Plurinational State of),Restaurants and accommodation services,Total quintile,2015
2.8190536499023438,26,,BOL,221,379,29185,327,261920,National,Bolivia (Plurinational State of),Health,Total quintile,2015
0.4822089970111847,26,,BOL,221,379,29185,327,261926,National,Bolivia (Plurinational State of),Insurance and financial services,Total quintile,2015
2.6963675022125244,26,,BOL,221,379,29185,327,261924,National,Bolivia (Plurinational State of),Education services,Total quintile,2015
8.283397674560547,26,,BOL,221,379,29185,327,261921,National,Bolivia (Plurinational State of),Transport,Total quintile,2015
19.53126335144043,26,,BOL,221,379,29185,327,261918,National,Bolivia (Plurinational State of),"Housing, water, electricity, gas and other fuels",Total quintile,2015
44.269935607910156,26,,BOL,221,380,29185,331,261913,Rural,Bolivia (Plurinational State of),Food and non-alcoholic beverages,Quintile 1,2015
1.588374137878418,26,,BOL,221,380,29185,331,261916,Rural,Bolivia (Plurinational State of),"Alcoholic beverages, tobacco and narcotics",Quintile 1,2015
5.258225917816162,26,,BOL,221,380,29185,331,261927,Rural,Bolivia (Plurinational State of),"Personal care, social proteccion and miscellaneous goods and services",Quintile 1,2015
3.6662726402282715,26,,BOL,221,380,29185,331,261922,Rural,Bolivia (Plurinational State of),Information and communication,Quintile 1,2015
5.658045768737793,26,,BOL,221,380,29185,331,261919,Rural,Bolivia (Plurinational State of),"Furnishings, household equipment and routine household maintenance",Quintile 1,2015
9.033750534057617,26,,BOL,221,380,29185,331,261917,Rural,Bolivia (Plurinational State of),Clothing and footwear,Quintile 1,2015
3.906449794769287,26,,BOL,221,380,29185,331,261923,Rural,Bolivia (Plurinational State of),"Reacreation, sport and culture",Quintile 1,2015
3.889023542404175,26,,BOL,221,380,29185,331,261925,Rural,Bolivia (Plurinational State of),Restaurants and accommodation services,Quintile 1,2015
1.3136252164840698,26,,BOL,221,380,29185,331,261920,Rural,Bolivia (Plurinational State of),Health,Quintile 1,2015
0.19516059756278992,26,,BOL,221,380,29185,331,261926,Rural,Bolivia (Plurinational State of),Insurance and financial services,Quintile 1,2015
0.4708847105503082,26,,BOL,221,380,29185,331,261924,Rural,Bolivia (Plurinational State of),Education services,Quintile 1,2015
6.430599212646484,26,,BOL,221,380,29185,331,261921,Rural,Bolivia (Plurinational State of),Transport,Quintile 1,2015
14.31965160369873,26,,BOL,221,380,29185,331,261918,Rural,Bolivia (Plurinational State of),"Housing, water, electricity, gas and other fuels",Quintile 1,2015
43.05784225463867,26,,BOL,221,382,29185,331,261913,Rural,Bolivia (Plurinational State of),Food and non-alcoholic beverages,Quintile 2,2015
0.3034301698207855,26,,BOL,221,382,29185,331,261916,Rural,Bolivia (Plurinational State of),"Alcoholic beverages, tobacco and narcotics",Quintile 2,2015
4.956325054168701,26,,BOL,221,382,29185,331,261927,Rural,Bolivia (Plurinational State of),"Personal care, social proteccion and miscellaneous goods and services",Quintile 2,2015
4.109061241149902,26,,BOL,221,382,29185,331,261922,Rural,Bolivia (Plurinational State of),Information and communication,Quintile 2,2015
5.243055820465088,26,,BOL,221,382,29185,331,261919,Rural,Bolivia (Plurinational State of),"Furnishings, household equipment and routine household maintenance",Quintile 2,2015
7.684074401855469,26,,BOL,221,382,29185,331,261917,Rural,Bolivia (Plurinational State of),Clothing and footwear,Quintile 2,2015
3.4007253646850586,26,,BOL,221,382,29185,331,261923,Rural,Bolivia (Plurinational State of),"Reacreation, sport and culture",Quintile 2,2015
5.0971479415893555,26,,BOL,221,382,29185,331,261925,Rural,Bolivia (Plurinational State of),Restaurants and accommodation services,Quintile 2,2015
2.7395639419555664,26,,BOL,221,382,29185,331,261920,Rural,Bolivia (Plurinational State of),Health,Quintile 2,2015
0.35463181138038635,26,,BOL,221,382,29185,331,261926,Rural,Bolivia (Plurinational State of),Insurance and financial services,Quintile 2,2015
0.9236546754837036,26,,BOL,221,382,29185,331,261924,Rural,Bolivia (Plurinational State of),Education services,Quintile 2,2015
7.196659088134766,26,,BOL,221,382,29185,331,261921,Rural,Bolivia (Plurinational State of),Transport,Quintile 2,2015
14.933826446533203,26,,BOL,221,382,29185,331,261918,Rural,Bolivia (Plurinational State of),"Housing, water, electricity, gas and other fuels",Quintile 2,2015
46.79495620727539,26,,BOL,221,383,29185,331,261913,Rural,Bolivia (Plurinational State of),Food and non-alcoholic beverages,Quintile 3,2015
0.5927867889404297,26,,BOL,221,383,29185,331,261916,Rural,Bolivia (Plurinational State of),"Alcoholic beverages, tobacco and narcotics",Quintile 3,2015
4.965807914733887,26,,BOL,221,383,29185,331,261927,Rural,Bolivia (Plurinational State of),"Personal care, social proteccion and miscellaneous goods and services",Quintile 3,2015
3.5917205810546875,26,,BOL,221,383,29185,331,261922,Rural,Bolivia (Plurinational State of),Information and communication,Quintile 3,2015
5.714778900146484,26,,BOL,221,383,29185,331,261919,Rural,Bolivia (Plurinational State of),"Furnishings, household equipment and routine household maintenance",Quintile 3,2015
6.803352355957031,26,,BOL,221,383,29185,331,261917,Rural,Bolivia (Plurinational State of),Clothing and footwear,Quintile 3,2015
1.9629367589950562,26,,BOL,221,383,29185,331,261923,Rural,Bolivia (Plurinational State of),"Reacreation, sport and culture",Quintile 3,2015
4.766035556793213,26,,BOL,221,383,29185,331,261925,Rural,Bolivia (Plurinational State of),Restaurants and accommodation services,Quintile 3,2015
2.4981188774108887,26,,BOL,221,383,29185,331,261920,Rural,Bolivia (Plurinational State of),Health,Quintile 3,2015
0.18091818690299988,26,,BOL,221,383,29185,331,261926,Rural,Bolivia (Plurinational State of),Insurance and financial services,Quintile 3,2015
0.9406612515449524,26,,BOL,221,383,29185,331,261924,Rural,Bolivia (Plurinational State of),Education services,Quintile 3,2015
7.024940490722656,26,,BOL,221,383,29185,331,261921,Rural,Bolivia (Plurinational State of),Transport,Quintile 3,2015
14.162985801696777,26,,BOL,221,383,29185,331,261918,Rural,Bolivia (Plurinational State of),"Housing, water, electricity, gas and other fuels",Quintile 3,2015
35.33673858642578,26,,BOL,221,384,29185,331,261913,Rural,Bolivia (Plurinational State of),Food and non-alcoholic beverages,Quintile 4,2015
0.9184604287147522,26,,BOL,221,384,29185,331,261916,Rural,Bolivia (Plurinational State of),"Alcoholic beverages, tobacco and narcotics",Quintile 4,2015
5.17216682434082,26,,BOL,221,384,29185,331,261927,Rural,Bolivia (Plurinational State of),"Personal care, social proteccion and miscellaneous goods and services",Quintile 4,2015
4.560680389404297,26,,BOL,221,384,29185,331,261922,Rural,Bolivia (Plurinational State of),Information and communication,Quintile 4,2015
6.234148979187012,26,,BOL,221,384,29185,331,261919,Rural,Bolivia (Plurinational State of),"Furnishings, household equipment and routine household maintenance",Quintile 4,2015
7.896358013153076,26,,BOL,221,384,29185,331,261917,Rural,Bolivia (Plurinational State of),Clothing and footwear,Quintile 4,2015
2.6521410942077637,26,,BOL,221,384,29185,331,261923,Rural,Bolivia (Plurinational State of),"Reacreation, sport and culture",Quintile 4,2015
5.758571147918701,26,,BOL,221,384,29185,331,261925,Rural,Bolivia (Plurinational State of),Restaurants and accommodation services,Quintile 4,2015
2.4371914863586426,26,,BOL,221,384,29185,331,261920,Rural,Bolivia (Plurinational State of),Health,Quintile 4,2015
0.42269212007522583,26,,BOL,221,384,29185,331,261926,Rural,Bolivia (Plurinational State of),Insurance and financial services,Quintile 4,2015
0.9796478748321533,26,,BOL,221,384,29185,331,261924,Rural,Bolivia (Plurinational State of),Education services,Quintile 4,2015
15.408196449279785,26,,BOL,221,384,29185,331,261921,Rural,Bolivia (Plurinational State of),Transport,Quintile 4,2015
12.223007202148438,26,,BOL,221,384,29185,331,261918,Rural,Bolivia (Plurinational State of),"Housing, water, electricity, gas and other fuels",Quintile 4,2015
28.03887367248535,26,,BOL,221,381,29185,331,261913,Rural,Bolivia (Plurinational State of),Food and non-alcoholic beverages,Quintile 5,2015
2.468834161758423,26,,BOL,221,381,29185,331,261916,Rural,Bolivia (Plurinational State of),"Alcoholic beverages, tobacco and narcotics",Quintile 5,2015
5.121764659881592,26,,BOL,221,381,29185,331,261927,Rural,Bolivia (Plurinational State of),"Personal care, social proteccion and miscellaneous goods and services",Quintile 5,2015
6.013822555541992,26,,BOL,221,381,29185,331,261922,Rural,Bolivia (Plurinational State of),Information and communication,Quintile 5,2015
6.518807411193848,26,,BOL,221,381,29185,331,261919,Rural,Bolivia (Plurinational State of),"Furnishings, household equipment and routine household maintenance",Quintile 5,2015
8.789451599121094,26,,BOL,221,381,29185,331,261917,Rural,Bolivia (Plurinational State of),Clothing and footwear,Quintile 5,2015
2.1468324661254883,26,,BOL,221,381,29185,331,261923,Rural,Bolivia (Plurinational State of),"Reacreation, sport and culture",Quintile 5,2015
11.130846977233887,26,,BOL,221,381,29185,331,261925,Rural,Bolivia (Plurinational State of),Restaurants and accommodation services,Quintile 5,2015
4.5432448387146,26,,BOL,221,381,29185,331,261920,Rural,Bolivia (Plurinational State of),Health,Quintile 5,2015
0.9061488509178162,26,,BOL,221,381,29185,331,261926,Rural,Bolivia (Plurinational State of),Insurance and financial services,Quintile 5,2015
0.7253828048706055,26,,BOL,221,381,29185,331,261924,Rural,Bolivia (Plurinational State of),Education services,Quintile 5,2015
11.266037940979004,26,,BOL,221,381,29185,331,261921,Rural,Bolivia (Plurinational State of),Transport,Quintile 5,2015
12.329952239990234,26,,BOL,221,381,29185,331,261918,Rural,Bolivia (Plurinational State of),"Housing, water, electricity, gas and other fuels",Quintile 5,2015
35.63102722167969,26,,BOL,221,379,29185,331,261913,Rural,Bolivia (Plurinational State of),Food and non-alcoholic beverages,Total quintile,2015
1.4980119466781616,26,,BOL,221,379,29185,331,261916,Rural,Bolivia (Plurinational State of),"Alcoholic beverages, tobacco and narcotics",Total quintile,2015
5.101369857788086,26,,BOL,221,379,29185,331,261927,Rural,Bolivia (Plurinational State of),"Personal care, social proteccion and miscellaneous goods and services",Total quintile,2015
4.896996974945068,26,,BOL,221,379,29185,331,261922,Rural,Bolivia (Plurinational State of),Information and communication,Total quintile,2015
6.115854740142822,26,,BOL,221,379,29185,331,261919,Rural,Bolivia (Plurinational State of),"Furnishings, household equipment and routine household maintenance",Total quintile,2015
8.163949966430664,26,,BOL,221,379,29185,331,261917,Rural,Bolivia (Plurinational State of),Clothing and footwear,Total quintile,2015
2.5158326625823975,26,,BOL,221,379,29185,331,261923,Rural,Bolivia (Plurinational State of),"Reacreation, sport and culture",Total quintile,2015
7.629153728485107,26,,BOL,221,379,29185,331,261925,Rural,Bolivia (Plurinational State of),Restaurants and accommodation services,Total quintile,2015
3.2735226154327393,26,,BOL,221,379,29185,331,261920,Rural,Bolivia (Plurinational State of),Health,Total quintile,2015
0.5618051886558533,26,,BOL,221,379,29185,331,261926,Rural,Bolivia (Plurinational State of),Insurance and financial services,Total quintile,2015
0.8216281533241272,26,,BOL,221,379,29185,331,261924,Rural,Bolivia (Plurinational State of),Education services,Total quintile,2015
10.753366470336914,26,,BOL,221,379,29185,331,261921,Rural,Bolivia (Plurinational State of),Transport,Total quintile,2015
13.037479400634766,26,,BOL,221,379,29185,331,261918,Rural,Bolivia (Plurinational State of),"Housing, water, electricity, gas and other fuels",Total quintile,2015
36.146427154541016,26,,BOL,221,380,29185,330,261913,Urban,Bolivia (Plurinational State of),Food and non-alcoholic beverages,Quintile 1,2015
0.8568655252456665,26,,BOL,221,380,29185,330,261916,Urban,Bolivia (Plurinational State of),"Alcoholic beverages, tobacco and narcotics",Quintile 1,2015
6.081417083740234,26,,BOL,221,380,29185,330,261927,Urban,Bolivia (Plurinational State of),"Personal care, social proteccion and miscellaneous goods and services",Quintile 1,2015
4.6905837059021,26,,BOL,221,380,29185,330,261922,Urban,Bolivia (Plurinational State of),Information and communication,Quintile 1,2015
4.050880432128906,26,,BOL,221,380,29185,330,261919,Urban,Bolivia (Plurinational State of),"Furnishings, household equipment and routine household maintenance",Quintile 1,2015
6.5157904624938965,26,,BOL,221,380,29185,330,261917,Urban,Bolivia (Plurinational State of),Clothing and footwear,Quintile 1,2015
3.2894880771636963,26,,BOL,221,380,29185,330,261923,Urban,Bolivia (Plurinational State of),"Reacreation, sport and culture",Quintile 1,2015
10.453899383544922,26,,BOL,221,380,29185,330,261925,Urban,Bolivia (Plurinational State of),Restaurants and accommodation services,Quintile 1,2015
2.176926851272583,26,,BOL,221,380,29185,330,261920,Urban,Bolivia (Plurinational State of),Health,Quintile 1,2015
0.2686343789100647,26,,BOL,221,380,29185,330,261926,Urban,Bolivia (Plurinational State of),Insurance and financial services,Quintile 1,2015
1.9567458629608154,26,,BOL,221,380,29185,330,261924,Urban,Bolivia (Plurinational State of),Education services,Quintile 1,2015
6.670655250549316,26,,BOL,221,380,29185,330,261921,Urban,Bolivia (Plurinational State of),Transport,Quintile 1,2015
16.841686248779297,26,,BOL,221,380,29185,330,261918,Urban,Bolivia (Plurinational State of),"Housing, water, electricity, gas and other fuels",Quintile 1,2015
32.93873977661133,26,,BOL,221,382,29185,330,261913,Urban,Bolivia (Plurinational State of),Food and non-alcoholic beverages,Quintile 2,2015
0.9573557376861572,26,,BOL,221,382,29185,330,261916,Urban,Bolivia (Plurinational State of),"Alcoholic beverages, tobacco and narcotics",Quintile 2,2015
6.163839817047119,26,,BOL,221,382,29185,330,261927,Urban,Bolivia (Plurinational State of),"Personal care, social proteccion and miscellaneous goods and services",Quintile 2,2015
5.313541412353516,26,,BOL,221,382,29185,330,261922,Urban,Bolivia (Plurinational State of),Information and communication,Quintile 2,2015
4.546659469604492,26,,BOL,221,382,29185,330,261919,Urban,Bolivia (Plurinational State of),"Furnishings, household equipment and routine household maintenance",Quintile 2,2015
6.620844841003418,26,,BOL,221,382,29185,330,261917,Urban,Bolivia (Plurinational State of),Clothing and footwear,Quintile 2,2015
2.854215145111084,26,,BOL,221,382,29185,330,261923,Urban,Bolivia (Plurinational State of),"Reacreation, sport and culture",Quintile 2,2015
12.368178367614746,26,,BOL,221,382,29185,330,261925,Urban,Bolivia (Plurinational State of),Restaurants and accommodation services,Quintile 2,2015
2.367938280105591,26,,BOL,221,382,29185,330,261920,Urban,Bolivia (Plurinational State of),Health,Quintile 2,2015
0.27101004123687744,26,,BOL,221,382,29185,330,261926,Urban,Bolivia (Plurinational State of),Insurance and financial services,Quintile 2,2015
1.5309867858886719,26,,BOL,221,382,29185,330,261924,Urban,Bolivia (Plurinational State of),Education services,Quintile 2,2015
6.760917663574219,26,,BOL,221,382,29185,330,261921,Urban,Bolivia (Plurinational State of),Transport,Quintile 2,2015
17.30577278137207,26,,BOL,221,382,29185,330,261918,Urban,Bolivia (Plurinational State of),"Housing, water, electricity, gas and other fuels",Quintile 2,2015
28.588956832885742,26,,BOL,221,383,29185,330,261913,Urban,Bolivia (Plurinational State of),Food and non-alcoholic beverages,Quintile 3,2015
0.849697470664978,26,,BOL,221,383,29185,330,261916,Urban,Bolivia (Plurinational State of),"Alcoholic beverages, tobacco and narcotics",Quintile 3,2015
6.138000011444092,26,,BOL,221,383,29185,330,261927,Urban,Bolivia (Plurinational State of),"Personal care, social proteccion and miscellaneous goods and services",Quintile 3,2015
6.115581512451172,26,,BOL,221,383,29185,330,261922,Urban,Bolivia (Plurinational State of),Information and communication,Quintile 3,2015
4.668710708618164,26,,BOL,221,383,29185,330,261919,Urban,Bolivia (Plurinational State of),"Furnishings, household equipment and routine household maintenance",Quintile 3,2015
6.71787166595459,26,,BOL,221,383,29185,330,261917,Urban,Bolivia (Plurinational State of),Clothing and footwear,Quintile 3,2015
2.69385027885437,26,,BOL,221,383,29185,330,261923,Urban,Bolivia (Plurinational State of),"Reacreation, sport and culture",Quintile 3,2015
13.173778533935547,26,,BOL,221,383,29185,330,261925,Urban,Bolivia (Plurinational State of),Restaurants and accommodation services,Quintile 3,2015
2.510838031768799,26,,BOL,221,383,29185,330,261920,Urban,Bolivia (Plurinational State of),Health,Quintile 3,2015
0.3580264151096344,26,,BOL,221,383,29185,330,261926,Urban,Bolivia (Plurinational State of),Insurance and financial services,Quintile 3,2015
2.027972459793091,26,,BOL,221,383,29185,330,261924,Urban,Bolivia (Plurinational State of),Education services,Quintile 3,2015
7.404375076293945,26,,BOL,221,383,29185,330,261921,Urban,Bolivia (Plurinational State of),Transport,Quintile 3,2015
18.75234031677246,26,,BOL,221,383,29185,330,261918,Urban,Bolivia (Plurinational State of),"Housing, water, electricity, gas and other fuels",Quintile 3,2015
24.35515594482422,26,,BOL,221,384,29185,330,261913,Urban,Bolivia (Plurinational State of),Food and non-alcoholic beverages,Quintile 4,2015
1.1437671184539795,26,,BOL,221,384,29185,330,261916,Urban,Bolivia (Plurinational State of),"Alcoholic beverages, tobacco and narcotics",Quintile 4,2015
6.040283679962158,26,,BOL,221,384,29185,330,261927,Urban,Bolivia (Plurinational State of),"Personal care, social proteccion and miscellaneous goods and services",Quintile 4,2015
6.806784152984619,26,,BOL,221,384,29185,330,261922,Urban,Bolivia (Plurinational State of),Information and communication,Quintile 4,2015
5.005370616912842,26,,BOL,221,384,29185,330,261919,Urban,Bolivia (Plurinational State of),"Furnishings, household equipment and routine household maintenance",Quintile 4,2015
6.539314270019531,26,,BOL,221,384,29185,330,261917,Urban,Bolivia (Plurinational State of),Clothing and footwear,Quintile 4,2015
2.7499735355377197,26,,BOL,221,384,29185,330,261923,Urban,Bolivia (Plurinational State of),"Reacreation, sport and culture",Quintile 4,2015
13.562479972839355,26,,BOL,221,384,29185,330,261925,Urban,Bolivia (Plurinational State of),Restaurants and accommodation services,Quintile 4,2015
2.853142738342285,26,,BOL,221,384,29185,330,261920,Urban,Bolivia (Plurinational State of),Health,Quintile 4,2015
0.43167340755462646,26,,BOL,221,384,29185,330,261926,Urban,Bolivia (Plurinational State of),Insurance and financial services,Quintile 4,2015
2.9966278076171875,26,,BOL,221,384,29185,330,261924,Urban,Bolivia (Plurinational State of),Education services,Quintile 4,2015
7.4364166259765625,26,,BOL,221,384,29185,330,261921,Urban,Bolivia (Plurinational State of),Transport,Quintile 4,2015
20.079010009765625,26,,BOL,221,384,29185,330,261918,Urban,Bolivia (Plurinational State of),"Housing, water, electricity, gas and other fuels",Quintile 4,2015
17.21004867553711,26,,BOL,221,381,29185,330,261913,Urban,Bolivia (Plurinational State of),Food and non-alcoholic beverages,Quintile 5,2015
0.8558897376060486,26,,BOL,221,381,29185,330,261916,Urban,Bolivia (Plurinational State of),"Alcoholic beverages, tobacco and narcotics",Quintile 5,2015
5.75642204284668,26,,BOL,221,381,29185,330,261927,Urban,Bolivia (Plurinational State of),"Personal care, social proteccion and miscellaneous goods and services",Quintile 5,2015
7.324554920196533,26,,BOL,221,381,29185,330,261922,Urban,Bolivia (Plurinational State of),Information and communication,Quintile 5,2015
6.272629261016846,26,,BOL,221,381,29185,330,261919,Urban,Bolivia (Plurinational State of),"Furnishings, household equipment and routine household maintenance",Quintile 5,2015
6.1212077140808105,26,,BOL,221,381,29185,330,261917,Urban,Bolivia (Plurinational State of),Clothing and footwear,Quintile 5,2015
2.9311835765838623,26,,BOL,221,381,29185,330,261923,Urban,Bolivia (Plurinational State of),"Reacreation, sport and culture",Quintile 5,2015
13.048284530639648,26,,BOL,221,381,29185,330,261925,Urban,Bolivia (Plurinational State of),Restaurants and accommodation services,Quintile 5,2015
2.9977951049804688,26,,BOL,221,381,29185,330,261920,Urban,Bolivia (Plurinational State of),Health,Quintile 5,2015
0.6360579133033752,26,,BOL,221,381,29185,330,261926,Urban,Bolivia (Plurinational State of),Insurance and financial services,Quintile 5,2015
4.202561855316162,26,,BOL,221,381,29185,330,261924,Urban,Bolivia (Plurinational State of),Education services,Quintile 5,2015
8.781286239624023,26,,BOL,221,381,29185,330,261921,Urban,Bolivia (Plurinational State of),Transport,Quintile 5,2015
23.862079620361328,26,,BOL,221,381,29185,330,261918,Urban,Bolivia (Plurinational State of),"Housing, water, electricity, gas and other fuels",Quintile 5,2015
24.30198097229004,26,,BOL,221,379,29185,330,261913,Urban,Bolivia (Plurinational State of),Food and non-alcoholic beverages,Total quintile,2015
0.9302781820297241,26,,BOL,221,379,29185,330,261916,Urban,Bolivia (Plurinational State of),"Alcoholic beverages, tobacco and narcotics",Total quintile,2015
5.9610185623168945,26,,BOL,221,379,29185,330,261927,Urban,Bolivia (Plurinational State of),"Personal care, social proteccion and miscellaneous goods and services",Total quintile,2015
6.525582790374756,26,,BOL,221,379,29185,330,261922,Urban,Bolivia (Plurinational State of),Information and communication,Total quintile,2015
5.317027568817139,26,,BOL,221,379,29185,330,261919,Urban,Bolivia (Plurinational State of),"Furnishings, household equipment and routine household maintenance",Total quintile,2015
6.408329963684082,26,,BOL,221,379,29185,330,261917,Urban,Bolivia (Plurinational State of),Clothing and footwear,Total quintile,2015
2.875481128692627,26,,BOL,221,379,29185,330,261923,Urban,Bolivia (Plurinational State of),"Reacreation, sport and culture",Total quintile,2015
12.862180709838867,26,,BOL,221,379,29185,330,261925,Urban,Bolivia (Plurinational State of),Restaurants and accommodation services,Total quintile,2015
2.733841896057129,26,,BOL,221,379,29185,330,261920,Urban,Bolivia (Plurinational State of),Health,Total quintile,2015
0.4672848880290985,26,,BOL,221,379,29185,330,261926,Urban,Bolivia (Plurinational State of),Insurance and financial services,Total quintile,2015
3.0478763580322266,26,,BOL,221,379,29185,330,261924,Urban,Bolivia (Plurinational State of),Education services,Total quintile,2015
7.820284843444824,26,,BOL,221,379,29185,330,261921,Urban,Bolivia (Plurinational State of),Transport,Total quintile,2015
20.74883270263672,26,,BOL,221,379,29185,330,261918,Urban,Bolivia (Plurinational State of),"Housing, water, electricity, gas and other fuels",Total quintile,2015
19.83365249633789,26,,BRA,222,380,29187,327,261913,National,Brazil,Food and non-alcoholic beverages,Quintile 1,2017
0.8787333965301514,26,,BRA,222,380,29187,327,261916,National,Brazil,"Alcoholic beverages, tobacco and narcotics",Quintile 1,2017
8.24435806274414,26,,BRA,222,380,29187,327,261927,National,Brazil,"Personal care, social proteccion and miscellaneous goods and services",Quintile 1,2017
5.18125581741333,26,,BRA,222,380,29187,327,261922,National,Brazil,Information and communication,Quintile 1,2017
4.632908344268799,26,,BRA,222,380,29187,327,261919,National,Brazil,"Furnishings, household equipment and routine household maintenance",Quintile 1,2017
5.203848361968994,26,,BRA,222,380,29187,327,261917,National,Brazil,Clothing and footwear,Quintile 1,2017
2.7863190174102783,26,,BRA,222,380,29187,327,261923,National,Brazil,"Reacreation, sport and culture",Quintile 1,2017
5.278661251068115,26,,BRA,222,380,29187,327,261925,National,Brazil,Restaurants and accommodation services,Quintile 1,2017
5.171756267547607,26,,BRA,222,380,29187,327,261920,National,Brazil,Health,Quintile 1,2017
0.49392983317375183,26,,BRA,222,380,29187,327,261926,National,Brazil,Insurance and financial services,Quintile 1,2017
1.7010247707366943,26,,BRA,222,380,29187,327,261924,National,Brazil,Education services,Quintile 1,2017
11.367402076721191,26,,BRA,222,380,29187,327,261921,National,Brazil,Transport,Quintile 1,2017
29.22614860534668,26,,BRA,222,380,29187,327,261918,National,Brazil,"Housing, water, electricity, gas and other fuels",Quintile 1,2017
15.79843807220459,26,,BRA,222,382,29187,327,261913,National,Brazil,Food and non-alcoholic beverages,Quintile 2,2017
0.945729672908783,26,,BRA,222,382,29187,327,261916,National,Brazil,"Alcoholic beverages, tobacco and narcotics",Quintile 2,2017
7.775240421295166,26,,BRA,222,382,29187,327,261927,National,Brazil,"Personal care, social proteccion and miscellaneous goods and services",Quintile 2,2017
5.827005863189697,26,,BRA,222,382,29187,327,261922,National,Brazil,Information and communication,Quintile 2,2017
4.601096153259277,26,,BRA,222,382,29187,327,261919,National,Brazil,"Furnishings, household equipment and routine household maintenance",Quintile 2,2017
5.056825637817383,26,,BRA,222,382,29187,327,261917,National,Brazil,Clothing and footwear,Quintile 2,2017
2.708569288253784,26,,BRA,222,382,29187,327,261923,National,Brazil,"Reacreation, sport and culture",Quintile 2,2017
5.90956974029541,26,,BRA,222,382,29187,327,261925,National,Brazil,Restaurants and accommodation services,Quintile 2,2017
6.102959632873535,26,,BRA,222,382,29187,327,261920,National,Brazil,Health,Quintile 2,2017
0.9849487543106079,26,,BRA,222,382,29187,327,261926,National,Brazil,Insurance and financial services,Quintile 2,2017
2.137576103210449,26,,BRA,222,382,29187,327,261924,National,Brazil,Education services,Quintile 2,2017
13.368626594543457,26,,BRA,222,382,29187,327,261921,National,Brazil,Transport,Quintile 2,2017
28.78341293334961,26,,BRA,222,382,29187,327,261918,National,Brazil,"Housing, water, electricity, gas and other fuels",Quintile 2,2017
13.783210754394531,26,,BRA,222,383,29187,327,261913,National,Brazil,Food and non-alcoholic beverages,Quintile 3,2017
0.9183670878410339,26,,BRA,222,383,29187,327,261916,National,Brazil,"Alcoholic beverages, tobacco and narcotics",Quintile 3,2017
7.138527870178223,26,,BRA,222,383,29187,327,261927,National,Brazil,"Personal care, social proteccion and miscellaneous goods and services",Quintile 3,2017
6.214078426361084,26,,BRA,222,383,29187,327,261922,National,Brazil,Information and communication,Quintile 3,2017
4.520190715789795,26,,BRA,222,383,29187,327,261919,National,Brazil,"Furnishings, household equipment and routine household maintenance",Quintile 3,2017
4.847994327545166,26,,BRA,222,383,29187,327,261917,National,Brazil,Clothing and footwear,Quintile 3,2017
3.000432014465332,26,,BRA,222,383,29187,327,261923,National,Brazil,"Reacreation, sport and culture",Quintile 3,2017
6.074657440185547,26,,BRA,222,383,29187,327,261925,National,Brazil,Restaurants and accommodation services,Quintile 3,2017
6.175551891326904,26,,BRA,222,383,29187,327,261920,National,Brazil,Health,Quintile 3,2017
1.5793960094451904,26,,BRA,222,383,29187,327,261926,National,Brazil,Insurance and financial services,Quintile 3,2017
2.5871033668518066,26,,BRA,222,383,29187,327,261924,National,Brazil,Education services,Quintile 3,2017
15.193564414978027,26,,BRA,222,383,29187,327,261921,National,Brazil,Transport,Quintile 3,2017
27.9669246673584,26,,BRA,222,383,29187,327,261918,National,Brazil,"Housing, water, electricity, gas and other fuels",Quintile 3,2017
11.5985746383667,26,,BRA,222,384,29187,327,261913,National,Brazil,Food and non-alcoholic beverages,Quintile 4,2017
1.0045465230941772,26,,BRA,222,384,29187,327,261916,National,Brazil,"Alcoholic beverages, tobacco and narcotics",Quintile 4,2017
6.758915901184082,26,,BRA,222,384,29187,327,261927,National,Brazil,"Personal care, social proteccion and miscellaneous goods and services",Quintile 4,2017
6.002657413482666,26,,BRA,222,384,29187,327,261922,National,Brazil,Information and communication,Quintile 4,2017
4.519857883453369,26,,BRA,222,384,29187,327,261919,National,Brazil,"Furnishings, household equipment and routine household maintenance",Quintile 4,2017
4.302383899688721,26,,BRA,222,384,29187,327,261917,National,Brazil,Clothing and footwear,Quintile 4,2017
3.103558301925659,26,,BRA,222,384,29187,327,261923,National,Brazil,"Reacreation, sport and culture",Quintile 4,2017
6.124166965484619,26,,BRA,222,384,29187,327,261925,National,Brazil,Restaurants and accommodation services,Quintile 4,2017
6.260053634643555,26,,BRA,222,384,29187,327,261920,National,Brazil,Health,Quintile 4,2017
2.4132258892059326,26,,BRA,222,384,29187,327,261926,National,Brazil,Insurance and financial services,Quintile 4,2017
3.3396308422088623,26,,BRA,222,384,29187,327,261924,National,Brazil,Education services,Quintile 4,2017
16.847017288208008,26,,BRA,222,384,29187,327,261921,National,Brazil,Transport,Quintile 4,2017
27.72541046142578,26,,BRA,222,384,29187,327,261918,National,Brazil,"Housing, water, electricity, gas and other fuels",Quintile 4,2017
7.99310302734375,26,,BRA,222,381,29187,327,261913,National,Brazil,Food and non-alcoholic beverages,Quintile 5,2017
0.707189679145813,26,,BRA,222,381,29187,327,261916,National,Brazil,"Alcoholic beverages, tobacco and narcotics",Quintile 5,2017
5.802752494812012,26,,BRA,222,381,29187,327,261927,National,Brazil,"Personal care, social proteccion and miscellaneous goods and services",Quintile 5,2017
5.395090579986572,26,,BRA,222,381,29187,327,261922,National,Brazil,Information and communication,Quintile 5,2017
6.293774604797363,26,,BRA,222,381,29187,327,261919,National,Brazil,"Furnishings, household equipment and routine household maintenance",Quintile 5,2017
3.4689557552337646,26,,BRA,222,381,29187,327,261917,National,Brazil,Clothing and footwear,Quintile 5,2017
3.842179536819458,26,,BRA,222,381,29187,327,261923,National,Brazil,"Reacreation, sport and culture",Quintile 5,2017
6.501342296600342,26,,BRA,222,381,29187,327,261925,National,Brazil,Restaurants and accommodation services,Quintile 5,2017
4.964946746826172,26,,BRA,222,381,29187,327,261920,National,Brazil,Health,Quintile 5,2017
5.425403594970703,26,,BRA,222,381,29187,327,261926,National,Brazil,Insurance and financial services,Quintile 5,2017
4.656551837921143,26,,BRA,222,381,29187,327,261924,National,Brazil,Education services,Quintile 5,2017
18.279909133911133,26,,BRA,222,381,29187,327,261921,National,Brazil,Transport,Quintile 5,2017
26.66880226135254,26,,BRA,222,381,29187,327,261918,National,Brazil,"Housing, water, electricity, gas and other fuels",Quintile 5,2017
11.055182456970215,26,,BRA,222,379,29187,327,261913,National,Brazil,Food and non-alcoholic beverages,Total quintile,2017
0.8335230350494385,26,,BRA,222,379,29187,327,261916,National,Brazil,"Alcoholic beverages, tobacco and narcotics",Total quintile,2017
6.534943103790283,26,,BRA,222,379,29187,327,261927,National,Brazil,"Personal care, social proteccion and miscellaneous goods and services",Total quintile,2017
5.668735980987549,26,,BRA,222,379,29187,327,261922,National,Brazil,Information and communication,Total quintile,2017
5.4023613929748535,26,,BRA,222,379,29187,327,261919,National,Brazil,"Furnishings, household equipment and routine household maintenance",Total quintile,2017
4.1009392738342285,26,,BRA,222,379,29187,327,261917,National,Brazil,Clothing and footwear,Total quintile,2017
3.392003059387207,26,,BRA,222,379,29187,327,261923,National,Brazil,"Reacreation, sport and culture",Total quintile,2017
6.229616641998291,26,,BRA,222,379,29187,327,261925,National,Brazil,Restaurants and accommodation services,Total quintile,2017
5.5337748527526855,26,,BRA,222,379,29187,327,261920,National,Brazil,Health,Total quintile,2017
3.51157283782959,26,,BRA,222,379,29187,327,261926,National,Brazil,Insurance and financial services,Total quintile,2017
3.6596248149871826,26,,BRA,222,379,29187,327,261924,National,Brazil,Education services,Total quintile,2017
16.63991928100586,26,,BRA,222,379,29187,327,261921,National,Brazil,Transport,Total quintile,2017
27.437803268432617,26,,BRA,222,379,29187,327,261918,National,Brazil,"Housing, water, electricity, gas and other fuels",Total quintile,2017
26.570199966430664,26,,BRA,222,380,29187,331,261913,Rural,Brazil,Food and non-alcoholic beverages,Quintile 1,2017
0.6359765529632568,26,,BRA,222,380,29187,331,261916,Rural,Brazil,"Alcoholic beverages, tobacco and narcotics",Quintile 1,2017
8.019872665405273,26,,BRA,222,380,29187,331,261927,Rural,Brazil,"Personal care, social proteccion and miscellaneous goods and services",Quintile 1,2017
3.6081554889678955,26,,BRA,222,380,29187,331,261922,Rural,Brazil,Information and communication,Quintile 1,2017
5.129711627960205,26,,BRA,222,380,29187,331,261919,Rural,Brazil,"Furnishings, household equipment and routine household maintenance",Quintile 1,2017
5.247685432434082,26,,BRA,222,380,29187,331,261917,Rural,Brazil,Clothing and footwear,Quintile 1,2017
2.735520362854004,26,,BRA,222,380,29187,331,261923,Rural,Brazil,"Reacreation, sport and culture",Quintile 1,2017
4.738433837890625,26,,BRA,222,380,29187,331,261925,Rural,Brazil,Restaurants and accommodation services,Quintile 1,2017
5.462779521942139,26,,BRA,222,380,29187,331,261920,Rural,Brazil,Health,Quintile 1,2017
0.5601208806037903,26,,BRA,222,380,29187,331,261926,Rural,Brazil,Insurance and financial services,Quintile 1,2017
1.0283081531524658,26,,BRA,222,380,29187,331,261924,Rural,Brazil,Education services,Quintile 1,2017
12.041587829589844,26,,BRA,222,380,29187,331,261921,Rural,Brazil,Transport,Quintile 1,2017
24.221649169921875,26,,BRA,222,380,29187,331,261918,Rural,Brazil,"Housing, water, electricity, gas and other fuels",Quintile 1,2017
22.820281982421875,26,,BRA,222,382,29187,331,261913,Rural,Brazil,Food and non-alcoholic beverages,Quintile 2,2017
0.6218098402023315,26,,BRA,222,382,29187,331,261916,Rural,Brazil,"Alcoholic beverages, tobacco and narcotics",Quintile 2,2017
8.127035140991211,26,,BRA,222,382,29187,331,261927,Rural,Brazil,"Personal care, social proteccion and miscellaneous goods and services",Quintile 2,2017
4.530832767486572,26,,BRA,222,382,29187,331,261922,Rural,Brazil,Information and communication,Quintile 2,2017
4.629854679107666,26,,BRA,222,382,29187,331,261919,Rural,Brazil,"Furnishings, household equipment and routine household maintenance",Quintile 2,2017
5.318723678588867,26,,BRA,222,382,29187,331,261917,Rural,Brazil,Clothing and footwear,Quintile 2,2017
2.7261569499969482,26,,BRA,222,382,29187,331,261923,Rural,Brazil,"Reacreation, sport and culture",Quintile 2,2017
6.829801559448242,26,,BRA,222,382,29187,331,261925,Rural,Brazil,Restaurants and accommodation services,Quintile 2,2017
5.875203609466553,26,,BRA,222,382,29187,331,261920,Rural,Brazil,Health,Quintile 2,2017
0.2528288960456848,26,,BRA,222,382,29187,331,261926,Rural,Brazil,Insurance and financial services,Quintile 2,2017
0.735946774482727,26,,BRA,222,382,29187,331,261924,Rural,Brazil,Education services,Quintile 2,2017
14.6279878616333,26,,BRA,222,382,29187,331,261921,Rural,Brazil,Transport,Quintile 2,2017
22.903535842895508,26,,BRA,222,382,29187,331,261918,Rural,Brazil,"Housing, water, electricity, gas and other fuels",Quintile 2,2017
20.284942626953125,26,,BRA,222,383,29187,331,261913,Rural,Brazil,Food and non-alcoholic beverages,Quintile 3,2017
0.8423768281936646,26,,BRA,222,383,29187,331,261916,Rural,Brazil,"Alcoholic beverages, tobacco and narcotics",Quintile 3,2017
7.591189384460449,26,,BRA,222,383,29187,331,261927,Rural,Brazil,"Personal care, social proteccion and miscellaneous goods and services",Quintile 3,2017
4.612760066986084,26,,BRA,222,383,29187,331,261922,Rural,Brazil,Information and communication,Quintile 3,2017
4.834985256195068,26,,BRA,222,383,29187,331,261919,Rural,Brazil,"Furnishings, household equipment and routine household maintenance",Quintile 3,2017
4.971607685089111,26,,BRA,222,383,29187,331,261917,Rural,Brazil,Clothing and footwear,Quintile 3,2017
2.272176504135132,26,,BRA,222,383,29187,331,261923,Rural,Brazil,"Reacreation, sport and culture",Quintile 3,2017
6.659163951873779,26,,BRA,222,383,29187,331,261925,Rural,Brazil,Restaurants and accommodation services,Quintile 3,2017
7.011009693145752,26,,BRA,222,383,29187,331,261920,Rural,Brazil,Health,Quintile 3,2017
0.40531212091445923,26,,BRA,222,383,29187,331,261926,Rural,Brazil,Insurance and financial services,Quintile 3,2017
1.0333079099655151,26,,BRA,222,383,29187,331,261924,Rural,Brazil,Education services,Quintile 3,2017
16.795331954956055,26,,BRA,222,383,29187,331,261921,Rural,Brazil,Transport,Quintile 3,2017
22.685834884643555,26,,BRA,222,383,29187,331,261918,Rural,Brazil,"Housing, water, electricity, gas and other fuels",Quintile 3,2017
18.635316848754883,26,,BRA,222,384,29187,331,261913,Rural,Brazil,Food and non-alcoholic beverages,Quintile 4,2017
0.7976990342140198,26,,BRA,222,384,29187,331,261916,Rural,Brazil,"Alcoholic beverages, tobacco and narcotics",Quintile 4,2017
6.660366058349609,26,,BRA,222,384,29187,331,261927,Rural,Brazil,"Personal care, social proteccion and miscellaneous goods and services",Quintile 4,2017
4.441487789154053,26,,BRA,222,384,29187,331,261922,Rural,Brazil,Information and communication,Quintile 4,2017
5.563346862792969,26,,BRA,222,384,29187,331,261919,Rural,Brazil,"Furnishings, household equipment and routine household maintenance",Quintile 4,2017
4.608586311340332,26,,BRA,222,384,29187,331,261917,Rural,Brazil,Clothing and footwear,Quintile 4,2017
2.2237045764923096,26,,BRA,222,384,29187,331,261923,Rural,Brazil,"Reacreation, sport and culture",Quintile 4,2017
6.382964611053467,26,,BRA,222,384,29187,331,261925,Rural,Brazil,Restaurants and accommodation services,Quintile 4,2017
8.441265106201172,26,,BRA,222,384,29187,331,261920,Rural,Brazil,Health,Quintile 4,2017
0.7345999479293823,26,,BRA,222,384,29187,331,261926,Rural,Brazil,Insurance and financial services,Quintile 4,2017
0.8858492970466614,26,,BRA,222,384,29187,331,261924,Rural,Brazil,Education services,Quintile 4,2017
17.981746673583984,26,,BRA,222,384,29187,331,261921,Rural,Brazil,Transport,Quintile 4,2017
22.643068313598633,26,,BRA,222,384,29187,331,261918,Rural,Brazil,"Housing, water, electricity, gas and other fuels",Quintile 4,2017
12.700764656066895,26,,BRA,222,381,29187,331,261913,Rural,Brazil,Food and non-alcoholic beverages,Quintile 5,2017
0.8985168933868408,26,,BRA,222,381,29187,331,261916,Rural,Brazil,"Alcoholic beverages, tobacco and narcotics",Quintile 5,2017
6.182028770446777,26,,BRA,222,381,29187,331,261927,Rural,Brazil,"Personal care, social proteccion and miscellaneous goods and services",Quintile 5,2017
4.403738021850586,26,,BRA,222,381,29187,331,261922,Rural,Brazil,Information and communication,Quintile 5,2017
5.83408260345459,26,,BRA,222,381,29187,331,261919,Rural,Brazil,"Furnishings, household equipment and routine household maintenance",Quintile 5,2017
4.115970134735107,26,,BRA,222,381,29187,331,261917,Rural,Brazil,Clothing and footwear,Quintile 5,2017
2.349090099334717,26,,BRA,222,381,29187,331,261923,Rural,Brazil,"Reacreation, sport and culture",Quintile 5,2017
5.389021873474121,26,,BRA,222,381,29187,331,261925,Rural,Brazil,Restaurants and accommodation services,Quintile 5,2017
7.7672882080078125,26,,BRA,222,381,29187,331,261920,Rural,Brazil,Health,Quintile 5,2017
2.037062406539917,26,,BRA,222,381,29187,331,261926,Rural,Brazil,Insurance and financial services,Quintile 5,2017
2.1156885623931885,26,,BRA,222,381,29187,331,261924,Rural,Brazil,Education services,Quintile 5,2017
23.190826416015625,26,,BRA,222,381,29187,331,261921,Rural,Brazil,Transport,Quintile 5,2017
23.015920639038086,26,,BRA,222,381,29187,331,261918,Rural,Brazil,"Housing, water, electricity, gas and other fuels",Quintile 5,2017
17.307558059692383,26,,BRA,222,379,29187,331,261913,Rural,Brazil,Food and non-alcoholic beverages,Total quintile,2017
0.8177070617675781,26,,BRA,222,379,29187,331,261916,Rural,Brazil,"Alcoholic beverages, tobacco and narcotics",Total quintile,2017
6.8553690910339355,26,,BRA,222,379,29187,331,261927,Rural,Brazil,"Personal care, social proteccion and miscellaneous goods and services",Total quintile,2017
4.399505138397217,26,,BRA,222,379,29187,331,261922,Rural,Brazil,Information and communication,Total quintile,2017
5.435257434844971,26,,BRA,222,379,29187,331,261919,Rural,Brazil,"Furnishings, household equipment and routine household maintenance",Total quintile,2017
4.572231769561768,26,,BRA,222,379,29187,331,261917,Rural,Brazil,Clothing and footwear,Total quintile,2017
2.380821704864502,26,,BRA,222,379,29187,331,261923,Rural,Brazil,"Reacreation, sport and culture",Total quintile,2017
5.912637710571289,26,,BRA,222,379,29187,331,261925,Rural,Brazil,Restaurants and accommodation services,Total quintile,2017
7.415395259857178,26,,BRA,222,379,29187,331,261920,Rural,Brazil,Health,Total quintile,2017
1.1955739259719849,26,,BRA,222,379,29187,331,261926,Rural,Brazil,Insurance and financial services,Total quintile,2017
1.4483134746551514,26,,BRA,222,379,29187,331,261924,Rural,Brazil,Education services,Total quintile,2017
19.298763275146484,26,,BRA,222,379,29187,331,261921,Rural,Brazil,Transport,Total quintile,2017
22.960865020751953,26,,BRA,222,379,29187,331,261918,Rural,Brazil,"Housing, water, electricity, gas and other fuels",Total quintile,2017
17.638744354248047,26,,BRA,222,380,29187,330,261913,Urban,Brazil,Food and non-alcoholic beverages,Quintile 1,2017
0.9702674150466919,26,,BRA,222,380,29187,330,261916,Urban,Brazil,"Alcoholic beverages, tobacco and narcotics",Quintile 1,2017
8.226154327392578,26,,BRA,222,380,29187,330,261927,Urban,Brazil,"Personal care, social proteccion and miscellaneous goods and services",Quintile 1,2017
5.613820552825928,26,,BRA,222,380,29187,330,261922,Urban,Brazil,Information and communication,Quintile 1,2017
4.502380847930908,26,,BRA,222,380,29187,330,261919,Urban,Brazil,"Furnishings, household equipment and routine household maintenance",Quintile 1,2017
5.2038187980651855,26,,BRA,222,380,29187,330,261917,Urban,Brazil,Clothing and footwear,Quintile 1,2017
2.7925562858581543,26,,BRA,222,380,29187,330,261923,Urban,Brazil,"Reacreation, sport and culture",Quintile 1,2017
5.195108890533447,26,,BRA,222,380,29187,330,261925,Urban,Brazil,Restaurants and accommodation services,Quintile 1,2017
5.093196868896484,26,,BRA,222,380,29187,330,261920,Urban,Brazil,Health,Quintile 1,2017
0.6184559464454651,26,,BRA,222,380,29187,330,261926,Urban,Brazil,Insurance and financial services,Quintile 1,2017
2.155015707015991,26,,BRA,222,380,29187,330,261924,Urban,Brazil,Education services,Quintile 1,2017
10.739076614379883,26,,BRA,222,380,29187,330,261921,Urban,Brazil,Transport,Quintile 1,2017
31.25140380859375,26,,BRA,222,380,29187,330,261918,Urban,Brazil,"Housing, water, electricity, gas and other fuels",Quintile 1,2017
14.719141006469727,26,,BRA,222,382,29187,330,261913,Urban,Brazil,Food and non-alcoholic beverages,Quintile 2,2017
0.9389479160308838,26,,BRA,222,382,29187,330,261916,Urban,Brazil,"Alcoholic beverages, tobacco and narcotics",Quintile 2,2017
7.6702189445495605,26,,BRA,222,382,29187,330,261927,Urban,Brazil,"Personal care, social proteccion and miscellaneous goods and services",Quintile 2,2017
6.167548179626465,26,,BRA,222,382,29187,330,261922,Urban,Brazil,Information and communication,Quintile 2,2017
4.616387844085693,26,,BRA,222,382,29187,330,261919,Urban,Brazil,"Furnishings, household equipment and routine household maintenance",Quintile 2,2017
5.046449661254883,26,,BRA,222,382,29187,330,261917,Urban,Brazil,Clothing and footwear,Quintile 2,2017
2.8696060180664062,26,,BRA,222,382,29187,330,261923,Urban,Brazil,"Reacreation, sport and culture",Quintile 2,2017
5.850000381469727,26,,BRA,222,382,29187,330,261925,Urban,Brazil,Restaurants and accommodation services,Quintile 2,2017
5.90834903717041,26,,BRA,222,382,29187,330,261920,Urban,Brazil,Health,Quintile 2,2017
1.1574326753616333,26,,BRA,222,382,29187,330,261926,Urban,Brazil,Insurance and financial services,Quintile 2,2017
2.3698456287384033,26,,BRA,222,382,29187,330,261924,Urban,Brazil,Education services,Quintile 2,2017
13.134103775024414,26,,BRA,222,382,29187,330,261921,Urban,Brazil,Transport,Quintile 2,2017
29.551969528198242,26,,BRA,222,382,29187,330,261918,Urban,Brazil,"Housing, water, electricity, gas and other fuels",Quintile 2,2017
12.791168212890625,26,,BRA,222,383,29187,330,261913,Urban,Brazil,Food and non-alcoholic beverages,Quintile 3,2017
0.9467527866363525,26,,BRA,222,383,29187,330,261916,Urban,Brazil,"Alcoholic beverages, tobacco and narcotics",Quintile 3,2017
7.118475914001465,26,,BRA,222,383,29187,330,261927,Urban,Brazil,"Personal care, social proteccion and miscellaneous goods and services",Quintile 3,2017
6.408746242523193,26,,BRA,222,383,29187,330,261922,Urban,Brazil,Information and communication,Quintile 3,2017
4.358986854553223,26,,BRA,222,383,29187,330,261919,Urban,Brazil,"Furnishings, household equipment and routine household maintenance",Quintile 3,2017
4.766103744506836,26,,BRA,222,383,29187,330,261917,Urban,Brazil,Clothing and footwear,Quintile 3,2017
3.039870500564575,26,,BRA,222,383,29187,330,261923,Urban,Brazil,"Reacreation, sport and culture",Quintile 3,2017
5.991241931915283,26,,BRA,222,383,29187,330,261925,Urban,Brazil,Restaurants and accommodation services,Quintile 3,2017
6.036956310272217,26,,BRA,222,383,29187,330,261920,Urban,Brazil,Health,Quintile 3,2017
1.8397135734558105,26,,BRA,222,383,29187,330,261926,Urban,Brazil,Insurance and financial services,Quintile 3,2017
2.942528247833252,26,,BRA,222,383,29187,330,261924,Urban,Brazil,Education services,Quintile 3,2017
15.076269149780273,26,,BRA,222,383,29187,330,261921,Urban,Brazil,Transport,Quintile 3,2017
28.683185577392578,26,,BRA,222,383,29187,330,261918,Urban,Brazil,"Housing, water, electricity, gas and other fuels",Quintile 3,2017
11.169384002685547,26,,BRA,222,384,29187,330,261913,Urban,Brazil,Food and non-alcoholic beverages,Quintile 4,2017
0.9941420555114746,26,,BRA,222,384,29187,330,261916,Urban,Brazil,"Alcoholic beverages, tobacco and narcotics",Quintile 4,2017
6.656012058258057,26,,BRA,222,384,29187,330,261927,Urban,Brazil,"Personal care, social proteccion and miscellaneous goods and services",Quintile 4,2017
6.144029140472412,26,,BRA,222,384,29187,330,261922,Urban,Brazil,Information and communication,Quintile 4,2017
4.503989219665527,26,,BRA,222,384,29187,330,261919,Urban,Brazil,"Furnishings, household equipment and routine household maintenance",Quintile 4,2017
4.23628568649292,26,,BRA,222,384,29187,330,261917,Urban,Brazil,Clothing and footwear,Quintile 4,2017
3.272045373916626,26,,BRA,222,384,29187,330,261923,Urban,Brazil,"Reacreation, sport and culture",Quintile 4,2017
6.130456447601318,26,,BRA,222,384,29187,330,261925,Urban,Brazil,Restaurants and accommodation services,Quintile 4,2017
5.837217330932617,26,,BRA,222,384,29187,330,261920,Urban,Brazil,Health,Quintile 4,2017
2.7831990718841553,26,,BRA,222,384,29187,330,261926,Urban,Brazil,Insurance and financial services,Quintile 4,2017
3.649773597717285,26,,BRA,222,384,29187,330,261924,Urban,Brazil,Education services,Quintile 4,2017
16.940704345703125,26,,BRA,222,384,29187,330,261921,Urban,Brazil,Transport,Quintile 4,2017
27.682762145996094,26,,BRA,222,384,29187,330,261918,Urban,Brazil,"Housing, water, electricity, gas and other fuels",Quintile 4,2017
7.7421650886535645,26,,BRA,222,381,29187,330,261913,Urban,Brazil,Food and non-alcoholic beverages,Quintile 5,2017
0.6928989887237549,26,,BRA,222,381,29187,330,261916,Urban,Brazil,"Alcoholic beverages, tobacco and narcotics",Quintile 5,2017
5.791452884674072,26,,BRA,222,381,29187,330,261927,Urban,Brazil,"Personal care, social proteccion and miscellaneous goods and services",Quintile 5,2017
5.371747016906738,26,,BRA,222,381,29187,330,261922,Urban,Brazil,Information and communication,Quintile 5,2017
6.37899112701416,26,,BRA,222,381,29187,330,261919,Urban,Brazil,"Furnishings, household equipment and routine household maintenance",Quintile 5,2017
3.417567014694214,26,,BRA,222,381,29187,330,261917,Urban,Brazil,Clothing and footwear,Quintile 5,2017
3.9170851707458496,26,,BRA,222,381,29187,330,261923,Urban,Brazil,"Reacreation, sport and culture",Quintile 5,2017
6.615475654602051,26,,BRA,222,381,29187,330,261925,Urban,Brazil,Restaurants and accommodation services,Quintile 5,2017
4.897090911865234,26,,BRA,222,381,29187,330,261920,Urban,Brazil,Health,Quintile 5,2017
5.610642433166504,26,,BRA,222,381,29187,330,261926,Urban,Brazil,Insurance and financial services,Quintile 5,2017
4.73903226852417,26,,BRA,222,381,29187,330,261924,Urban,Brazil,Education services,Quintile 5,2017
18.011552810668945,26,,BRA,222,381,29187,330,261921,Urban,Brazil,Transport,Quintile 5,2017
26.814298629760742,26,,BRA,222,381,29187,330,261918,Urban,Brazil,"Housing, water, electricity, gas and other fuels",Quintile 5,2017
10.517788887023926,26,,BRA,222,379,29187,330,261913,Urban,Brazil,Food and non-alcoholic beverages,Total quintile,2017
0.8348824381828308,26,,BRA,222,379,29187,330,261916,Urban,Brazil,"Alcoholic beverages, tobacco and narcotics",Total quintile,2017
6.5074028968811035,26,,BRA,222,379,29187,330,261927,Urban,Brazil,"Personal care, social proteccion and miscellaneous goods and services",Total quintile,2017
5.777826309204102,26,,BRA,222,379,29187,330,261922,Urban,Brazil,Information and communication,Total quintile,2017
5.399533748626709,26,,BRA,222,379,29187,330,261919,Urban,Brazil,"Furnishings, household equipment and routine household maintenance",Total quintile,2017
4.060431480407715,26,,BRA,222,379,29187,330,261917,Urban,Brazil,Clothing and footwear,Total quintile,2017
3.4789140224456787,26,,BRA,222,379,29187,330,261923,Urban,Brazil,"Reacreation, sport and culture",Total quintile,2017
6.256860733032227,26,,BRA,222,379,29187,330,261925,Urban,Brazil,Restaurants and accommodation services,Total quintile,2017
5.372049331665039,26,,BRA,222,379,29187,330,261920,Urban,Brazil,Health,Total quintile,2017
3.7106330394744873,26,,BRA,222,379,29187,330,261926,Urban,Brazil,Insurance and financial services,Total quintile,2017
3.849687337875366,26,,BRA,222,379,29187,330,261924,Urban,Brazil,Education services,Total quintile,2017
16.411392211914062,26,,BRA,222,379,29187,330,261921,Urban,Brazil,Transport,Total quintile,2017
27.82259750366211,26,,BRA,222,379,29187,330,261918,Urban,Brazil,"Housing, water, electricity, gas and other fuels",Total quintile,2017
26.766357421875,26,,CHL,224,380,29191,327,261913,National,Chile,Food and non-alcoholic beverages,Quintile 1,2021
1.27940034866333,26,,CHL,224,380,29191,327,261916,National,Chile,"Alcoholic beverages, tobacco and narcotics",Quintile 1,2021
3.2076990604400635,26,,CHL,224,380,29191,327,261927,National,Chile,"Personal care, social proteccion and miscellaneous goods and services",Quintile 1,2021
6.024239540100098,26,,CHL,224,380,29191,327,261922,National,Chile,Information and communication,Quintile 1,2021
3.8869965076446533,26,,CHL,224,380,29191,327,261919,National,Chile,"Furnishings, household equipment and routine household maintenance",Quintile 1,2021
2.5485002994537354,26,,CHL,224,380,29191,327,261917,National,Chile,Clothing and footwear,Quintile 1,2021
2.7677736282348633,26,,CHL,224,380,29191,327,261923,National,Chile,"Reacreation, sport and culture",Quintile 1,2021
3.7359447479248047,26,,CHL,224,380,29191,327,261925,National,Chile,Restaurants and accommodation services,Quintile 1,2021
5.19981050491333,26,,CHL,224,380,29191,327,261920,National,Chile,Health,Quintile 1,2021
0.9632672667503357,26,,CHL,224,380,29191,327,261926,National,Chile,Insurance and financial services,Quintile 1,2021
1.4997496604919434,26,,CHL,224,380,29191,327,261924,National,Chile,Education services,Quintile 1,2021
10.904961585998535,26,,CHL,224,380,29191,327,261921,National,Chile,Transport,Quintile 1,2021
31.215299606323242,26,,CHL,224,380,29191,327,261918,National,Chile,"Housing, water, electricity, gas and other fuels",Quintile 1,2021
24.516141891479492,26,,CHL,224,382,29191,327,261913,National,Chile,Food and non-alcoholic beverages,Quintile 2,2021
1.3136659860610962,26,,CHL,224,382,29191,327,261916,National,Chile,"Alcoholic beverages, tobacco and narcotics",Quintile 2,2021
3.0519981384277344,26,,CHL,224,382,29191,327,261927,National,Chile,"Personal care, social proteccion and miscellaneous goods and services",Quintile 2,2021
6.139777660369873,26,,CHL,224,382,29191,327,261922,National,Chile,Information and communication,Quintile 2,2021
4.090395450592041,26,,CHL,224,382,29191,327,261919,National,Chile,"Furnishings, household equipment and routine household maintenance",Quintile 2,2021
2.438563823699951,26,,CHL,224,382,29191,327,261917,National,Chile,Clothing and footwear,Quintile 2,2021
3.0371131896972656,26,,CHL,224,382,29191,327,261923,National,Chile,"Reacreation, sport and culture",Quintile 2,2021
3.7156786918640137,26,,CHL,224,382,29191,327,261925,National,Chile,Restaurants and accommodation services,Quintile 2,2021
5.897340774536133,26,,CHL,224,382,29191,327,261920,National,Chile,Health,Quintile 2,2021
1.7386536598205566,26,,CHL,224,382,29191,327,261926,National,Chile,Insurance and financial services,Quintile 2,2021
2.0122339725494385,26,,CHL,224,382,29191,327,261924,National,Chile,Education services,Quintile 2,2021
10.744283676147461,26,,CHL,224,382,29191,327,261921,National,Chile,Transport,Quintile 2,2021
31.304153442382812,26,,CHL,224,382,29191,327,261918,National,Chile,"Housing, water, electricity, gas and other fuels",Quintile 2,2021
21.55900001525879,26,,CHL,224,383,29191,327,261913,National,Chile,Food and non-alcoholic beverages,Quintile 3,2021
1.254634976387024,26,,CHL,224,383,29191,327,261916,National,Chile,"Alcoholic beverages, tobacco and narcotics",Quintile 3,2021
3.009408473968506,26,,CHL,224,383,29191,327,261927,National,Chile,"Personal care, social proteccion and miscellaneous goods and services",Quintile 3,2021
6.044100284576416,26,,CHL,224,383,29191,327,261922,National,Chile,Information and communication,Quintile 3,2021
4.500919342041016,26,,CHL,224,383,29191,327,261919,National,Chile,"Furnishings, household equipment and routine household maintenance",Quintile 3,2021
2.3626999855041504,26,,CHL,224,383,29191,327,261917,National,Chile,Clothing and footwear,Quintile 3,2021
3.286007881164551,26,,CHL,224,383,29191,327,261923,National,Chile,"Reacreation, sport and culture",Quintile 3,2021
4.170477390289307,26,,CHL,224,383,29191,327,261925,National,Chile,Restaurants and accommodation services,Quintile 3,2021
6.472957134246826,26,,CHL,224,383,29191,327,261920,National,Chile,Health,Quintile 3,2021
2.2905101776123047,26,,CHL,224,383,29191,327,261926,National,Chile,Insurance and financial services,Quintile 3,2021
2.329537868499756,26,,CHL,224,383,29191,327,261924,National,Chile,Education services,Quintile 3,2021
12.024153709411621,26,,CHL,224,383,29191,327,261921,National,Chile,Transport,Quintile 3,2021
30.695592880249023,26,,CHL,224,383,29191,327,261918,National,Chile,"Housing, water, electricity, gas and other fuels",Quintile 3,2021
18.265119552612305,26,,CHL,224,384,29191,327,261913,National,Chile,Food and non-alcoholic beverages,Quintile 4,2021
1.2624849081039429,26,,CHL,224,384,29191,327,261916,National,Chile,"Alcoholic beverages, tobacco and narcotics",Quintile 4,2021
3.090557098388672,26,,CHL,224,384,29191,327,261927,National,Chile,"Personal care, social proteccion and miscellaneous goods and services",Quintile 4,2021
5.677753925323486,26,,CHL,224,384,29191,327,261922,National,Chile,Information and communication,Quintile 4,2021
4.631900787353516,26,,CHL,224,384,29191,327,261919,National,Chile,"Furnishings, household equipment and routine household maintenance",Quintile 4,2021
2.3248047828674316,26,,CHL,224,384,29191,327,261917,National,Chile,Clothing and footwear,Quintile 4,2021
3.515756130218506,26,,CHL,224,384,29191,327,261923,National,Chile,"Reacreation, sport and culture",Quintile 4,2021
4.730531215667725,26,,CHL,224,384,29191,327,261925,National,Chile,Restaurants and accommodation services,Quintile 4,2021
7.4005866050720215,26,,CHL,224,384,29191,327,261920,National,Chile,Health,Quintile 4,2021
3.1917002201080322,26,,CHL,224,384,29191,327,261926,National,Chile,Insurance and financial services,Quintile 4,2021
3.103269338607788,26,,CHL,224,384,29191,327,261924,National,Chile,Education services,Quintile 4,2021
12.829338073730469,26,,CHL,224,384,29191,327,261921,National,Chile,Transport,Quintile 4,2021
29.976198196411133,26,,CHL,224,384,29191,327,261918,National,Chile,"Housing, water, electricity, gas and other fuels",Quintile 4,2021
11.994573593139648,26,,CHL,224,381,29191,327,261913,National,Chile,Food and non-alcoholic beverages,Quintile 5,2021
1.1867512464523315,26,,CHL,224,381,29191,327,261916,National,Chile,"Alcoholic beverages, tobacco and narcotics",Quintile 5,2021
3.183577537536621,26,,CHL,224,381,29191,327,261927,National,Chile,"Personal care, social proteccion and miscellaneous goods and services",Quintile 5,2021
5.125181674957275,26,,CHL,224,381,29191,327,261922,National,Chile,Information and communication,Quintile 5,2021
6.105312347412109,26,,CHL,224,381,29191,327,261919,National,Chile,"Furnishings, household equipment and routine household maintenance",Quintile 5,2021
2.3633906841278076,26,,CHL,224,381,29191,327,261917,National,Chile,Clothing and footwear,Quintile 5,2021
4.421290397644043,26,,CHL,224,381,29191,327,261923,National,Chile,"Reacreation, sport and culture",Quintile 5,2021
6.380683898925781,26,,CHL,224,381,29191,327,261925,National,Chile,Restaurants and accommodation services,Quintile 5,2021
6.909912586212158,26,,CHL,224,381,29191,327,261920,National,Chile,Health,Quintile 5,2021
5.982636451721191,26,,CHL,224,381,29191,327,261926,National,Chile,Insurance and financial services,Quintile 5,2021
4.674469470977783,26,,CHL,224,381,29191,327,261924,National,Chile,Education services,Quintile 5,2021
13.623376846313477,26,,CHL,224,381,29191,327,261921,National,Chile,Transport,Quintile 5,2021
28.048843383789062,26,,CHL,224,381,29191,327,261918,National,Chile,"Housing, water, electricity, gas and other fuels",Quintile 5,2021
17.790904998779297,26,,CHL,224,379,29191,327,261913,National,Chile,Food and non-alcoholic beverages,Total quintile,2021
1.2381511926651,26,,CHL,224,379,29191,327,261916,National,Chile,"Alcoholic beverages, tobacco and narcotics",Total quintile,2021
3.1223692893981934,26,,CHL,224,379,29191,327,261927,National,Chile,"Personal care, social proteccion and miscellaneous goods and services",Total quintile,2021
5.59859561920166,26,,CHL,224,379,29191,327,261922,National,Chile,Information and communication,Total quintile,2021
5.0771894454956055,26,,CHL,224,379,29191,327,261919,National,Chile,"Furnishings, household equipment and routine household maintenance",Total quintile,2021
2.381819725036621,26,,CHL,224,379,29191,327,261917,National,Chile,Clothing and footwear,Total quintile,2021
3.7205166816711426,26,,CHL,224,379,29191,327,261923,National,Chile,"Reacreation, sport and culture",Total quintile,2021
5.099112033843994,26,,CHL,224,379,29191,327,261925,National,Chile,Restaurants and accommodation services,Total quintile,2021
6.660205364227295,26,,CHL,224,379,29191,327,261920,National,Chile,Health,Total quintile,2021
3.8026440143585205,26,,CHL,224,379,29191,327,261926,National,Chile,Insurance and financial services,Total quintile,2021
3.3387465476989746,26,,CHL,224,379,29191,327,261924,National,Chile,Education services,Total quintile,2021
12.58892822265625,26,,CHL,224,379,29191,327,261921,National,Chile,Transport,Total quintile,2021
29.5808162689209,26,,CHL,224,379,29191,327,261918,National,Chile,"Housing, water, electricity, gas and other fuels",Total quintile,2021
30.694133758544922,26,,COL,225,380,29186,327,261913,National,Colombia,Food and non-alcoholic beverages,Quintile 1,2016
0.7738774418830872,26,,COL,225,380,29186,327,261916,National,Colombia,"Alcoholic beverages, tobacco and narcotics",Quintile 1,2016
5.117485523223877,26,,COL,225,380,29186,327,261927,National,Colombia,"Personal care, social proteccion and miscellaneous goods and services",Quintile 1,2016
2.966885805130005,26,,COL,225,380,29186,327,261922,National,Colombia,Information and communication,Quintile 1,2016
3.025785207748413,26,,COL,225,380,29186,327,261919,National,Colombia,"Furnishings, household equipment and routine household maintenance",Quintile 1,2016
4.25322961807251,26,,COL,225,380,29186,327,261917,National,Colombia,Clothing and footwear,Quintile 1,2016
1.6398183107376099,26,,COL,225,380,29186,327,261923,National,Colombia,"Reacreation, sport and culture",Quintile 1,2016
12.4263916015625,26,,COL,225,380,29186,327,261925,National,Colombia,Restaurants and accommodation services,Quintile 1,2016
1.6800545454025269,26,,COL,225,380,29186,327,261920,National,Colombia,Health,Quintile 1,2016
0.0824921652674675,26,,COL,225,380,29186,327,261926,National,Colombia,Insurance and financial services,Quintile 1,2016
1.1225364208221436,26,,COL,225,380,29186,327,261924,National,Colombia,Education services,Quintile 1,2016
6.852724552154541,26,,COL,225,380,29186,327,261921,National,Colombia,Transport,Quintile 1,2016
29.36458396911621,26,,COL,225,380,29186,327,261918,National,Colombia,"Housing, water, electricity, gas and other fuels",Quintile 1,2016
26.79107093811035,26,,COL,225,382,29186,327,261913,National,Colombia,Food and non-alcoholic beverages,Quintile 2,2016
0.775721549987793,26,,COL,225,382,29186,327,261916,National,Colombia,"Alcoholic beverages, tobacco and narcotics",Quintile 2,2016
5.134842872619629,26,,COL,225,382,29186,327,261927,National,Colombia,"Personal care, social proteccion and miscellaneous goods and services",Quintile 2,2016
3.5164644718170166,26,,COL,225,382,29186,327,261922,National,Colombia,Information and communication,Quintile 2,2016
3.1191868782043457,26,,COL,225,382,29186,327,261919,National,Colombia,"Furnishings, household equipment and routine household maintenance",Quintile 2,2016
4.25734281539917,26,,COL,225,382,29186,327,261917,National,Colombia,Clothing and footwear,Quintile 2,2016
1.6179753541946411,26,,COL,225,382,29186,327,261923,National,Colombia,"Reacreation, sport and culture",Quintile 2,2016
13.624984741210938,26,,COL,225,382,29186,327,261925,National,Colombia,Restaurants and accommodation services,Quintile 2,2016
1.692919373512268,26,,COL,225,382,29186,327,261920,National,Colombia,Health,Quintile 2,2016
0.0760391503572464,26,,COL,225,382,29186,327,261926,National,Colombia,Insurance and financial services,Quintile 2,2016
1.3130007982254028,26,,COL,225,382,29186,327,261924,National,Colombia,Education services,Quintile 2,2016
7.922416687011719,26,,COL,225,382,29186,327,261921,National,Colombia,Transport,Quintile 2,2016
30.15803337097168,26,,COL,225,382,29186,327,261918,National,Colombia,"Housing, water, electricity, gas and other fuels",Quintile 2,2016
23.198511123657227,26,,COL,225,383,29186,327,261913,National,Colombia,Food and non-alcoholic beverages,Quintile 3,2016
0.909016489982605,26,,COL,225,383,29186,327,261916,National,Colombia,"Alcoholic beverages, tobacco and narcotics",Quintile 3,2016
5.198673725128174,26,,COL,225,383,29186,327,261927,National,Colombia,"Personal care, social proteccion and miscellaneous goods and services",Quintile 3,2016
4.433365821838379,26,,COL,225,383,29186,327,261922,National,Colombia,Information and communication,Quintile 3,2016
3.2465567588806152,26,,COL,225,383,29186,327,261919,National,Colombia,"Furnishings, household equipment and routine household maintenance",Quintile 3,2016
4.228248119354248,26,,COL,225,383,29186,327,261917,National,Colombia,Clothing and footwear,Quintile 3,2016
1.6278244256973267,26,,COL,225,383,29186,327,261923,National,Colombia,"Reacreation, sport and culture",Quintile 3,2016
13.470623016357422,26,,COL,225,383,29186,327,261925,National,Colombia,Restaurants and accommodation services,Quintile 3,2016
1.497619390487671,26,,COL,225,383,29186,327,261920,National,Colombia,Health,Quintile 3,2016
0.11828141659498215,26,,COL,225,383,29186,327,261926,National,Colombia,Insurance and financial services,Quintile 3,2016
1.7112897634506226,26,,COL,225,383,29186,327,261924,National,Colombia,Education services,Quintile 3,2016
8.801287651062012,26,,COL,225,383,29186,327,261921,National,Colombia,Transport,Quintile 3,2016
31.558700561523438,26,,COL,225,383,29186,327,261918,National,Colombia,"Housing, water, electricity, gas and other fuels",Quintile 3,2016
18.953413009643555,26,,COL,225,384,29186,327,261913,National,Colombia,Food and non-alcoholic beverages,Quintile 4,2016
0.8362870812416077,26,,COL,225,384,29186,327,261916,National,Colombia,"Alcoholic beverages, tobacco and narcotics",Quintile 4,2016
5.203242778778076,26,,COL,225,384,29186,327,261927,National,Colombia,"Personal care, social proteccion and miscellaneous goods and services",Quintile 4,2016
5.149932861328125,26,,COL,225,384,29186,327,261922,National,Colombia,Information and communication,Quintile 4,2016
3.418656587600708,26,,COL,225,384,29186,327,261919,National,Colombia,"Furnishings, household equipment and routine household maintenance",Quintile 4,2016
4.360803604125977,26,,COL,225,384,29186,327,261917,National,Colombia,Clothing and footwear,Quintile 4,2016
1.814843773841858,26,,COL,225,384,29186,327,261923,National,Colombia,"Reacreation, sport and culture",Quintile 4,2016
12.979751586914062,26,,COL,225,384,29186,327,261925,National,Colombia,Restaurants and accommodation services,Quintile 4,2016
1.7001926898956299,26,,COL,225,384,29186,327,261920,National,Colombia,Health,Quintile 4,2016
0.24537186324596405,26,,COL,225,384,29186,327,261926,National,Colombia,Insurance and financial services,Quintile 4,2016
2.9906532764434814,26,,COL,225,384,29186,327,261924,National,Colombia,Education services,Quintile 4,2016
9.79617691040039,26,,COL,225,384,29186,327,261921,National,Colombia,Transport,Quintile 4,2016
32.55067443847656,26,,COL,225,384,29186,327,261918,National,Colombia,"Housing, water, electricity, gas and other fuels",Quintile 4,2016
11.733502388000488,26,,COL,225,381,29186,327,261913,National,Colombia,Food and non-alcoholic beverages,Quintile 5,2016
0.8761823773384094,26,,COL,225,381,29186,327,261916,National,Colombia,"Alcoholic beverages, tobacco and narcotics",Quintile 5,2016
4.596028804779053,26,,COL,225,381,29186,327,261927,National,Colombia,"Personal care, social proteccion and miscellaneous goods and services",Quintile 5,2016
5.776116847991943,26,,COL,225,381,29186,327,261922,National,Colombia,Information and communication,Quintile 5,2016
4.876277923583984,26,,COL,225,381,29186,327,261919,National,Colombia,"Furnishings, household equipment and routine household maintenance",Quintile 5,2016
4.566200256347656,26,,COL,225,381,29186,327,261917,National,Colombia,Clothing and footwear,Quintile 5,2016
3.101691722869873,26,,COL,225,381,29186,327,261923,National,Colombia,"Reacreation, sport and culture",Quintile 5,2016
11.386114120483398,26,,COL,225,381,29186,327,261925,National,Colombia,Restaurants and accommodation services,Quintile 5,2016
2.350234270095825,26,,COL,225,381,29186,327,261920,National,Colombia,Health,Quintile 5,2016
1.1557044982910156,26,,COL,225,381,29186,327,261926,National,Colombia,Insurance and financial services,Quintile 5,2016
5.064840793609619,26,,COL,225,381,29186,327,261924,National,Colombia,Education services,Quintile 5,2016
9.85649299621582,26,,COL,225,381,29186,327,261921,National,Colombia,Transport,Quintile 5,2016
34.660614013671875,26,,COL,225,381,29186,327,261918,National,Colombia,"Housing, water, electricity, gas and other fuels",Quintile 5,2016
18.222442626953125,26,,COL,225,379,29186,327,261913,National,Colombia,Food and non-alcoholic beverages,Total quintile,2016
0.852921187877655,26,,COL,225,379,29186,327,261916,National,Colombia,"Alcoholic beverages, tobacco and narcotics",Total quintile,2016
4.916066646575928,26,,COL,225,379,29186,327,261927,National,Colombia,"Personal care, social proteccion and miscellaneous goods and services",Total quintile,2016
4.956335067749023,26,,COL,225,379,29186,327,261922,National,Colombia,Information and communication,Total quintile,2016
3.9783401489257812,26,,COL,225,379,29186,327,261919,National,Colombia,"Furnishings, household equipment and routine household maintenance",Total quintile,2016
4.412225246429443,26,,COL,225,379,29186,327,261917,National,Colombia,Clothing and footwear,Total quintile,2016
2.3256680965423584,26,,COL,225,379,29186,327,261923,National,Colombia,"Reacreation, sport and culture",Total quintile,2016
12.367305755615234,26,,COL,225,379,29186,327,261925,National,Colombia,Restaurants and accommodation services,Total quintile,2016
1.9582393169403076,26,,COL,225,379,29186,327,261920,National,Colombia,Health,Total quintile,2016
0.6008540391921997,26,,COL,225,379,29186,327,261926,National,Colombia,Insurance and financial services,Total quintile,2016
3.3819751739501953,26,,COL,225,379,29186,327,261924,National,Colombia,Education services,Total quintile,2016
9.217466354370117,26,,COL,225,379,29186,327,261921,National,Colombia,Transport,Total quintile,2016
32.81016159057617,26,,COL,225,379,29186,327,261918,National,Colombia,"Housing, water, electricity, gas and other fuels",Total quintile,2016
41.9588737487793,26,,COL,225,380,29186,331,261913,Rural,Colombia,Food and non-alcoholic beverages,Quintile 1,2016
0.6591766476631165,26,,COL,225,380,29186,331,261916,Rural,Colombia,"Alcoholic beverages, tobacco and narcotics",Quintile 1,2016
4.97357702255249,26,,COL,225,380,29186,331,261927,Rural,Colombia,"Personal care, social proteccion and miscellaneous goods and services",Quintile 1,2016
1.9020878076553345,26,,COL,225,380,29186,331,261922,Rural,Colombia,Information and communication,Quintile 1,2016
3.1086628437042236,26,,COL,225,380,29186,331,261919,Rural,Colombia,"Furnishings, household equipment and routine household maintenance",Quintile 1,2016
4.442683696746826,26,,COL,225,380,29186,331,261917,Rural,Colombia,Clothing and footwear,Quintile 1,2016
1.4842778444290161,26,,COL,225,380,29186,331,261923,Rural,Colombia,"Reacreation, sport and culture",Quintile 1,2016
9.99404239654541,26,,COL,225,380,29186,331,261925,Rural,Colombia,Restaurants and accommodation services,Quintile 1,2016
1.897788166999817,26,,COL,225,380,29186,331,261920,Rural,Colombia,Health,Quintile 1,2016
0.01580328308045864,26,,COL,225,380,29186,331,261926,Rural,Colombia,Insurance and financial services,Quintile 1,2016
0.2705629765987396,26,,COL,225,380,29186,331,261924,Rural,Colombia,Education services,Quintile 1,2016
6.832071304321289,26,,COL,225,380,29186,331,261921,Rural,Colombia,Transport,Quintile 1,2016
22.460391998291016,26,,COL,225,380,29186,331,261918,Rural,Colombia,"Housing, water, electricity, gas and other fuels",Quintile 1,2016
39.85390090942383,26,,COL,225,382,29186,331,261913,Rural,Colombia,Food and non-alcoholic beverages,Quintile 2,2016
1.0113837718963623,26,,COL,225,382,29186,331,261916,Rural,Colombia,"Alcoholic beverages, tobacco and narcotics",Quintile 2,2016
5.068924903869629,26,,COL,225,382,29186,331,261927,Rural,Colombia,"Personal care, social proteccion and miscellaneous goods and services",Quintile 2,2016
2.188812255859375,26,,COL,225,382,29186,331,261922,Rural,Colombia,Information and communication,Quintile 2,2016
3.336660861968994,26,,COL,225,382,29186,331,261919,Rural,Colombia,"Furnishings, household equipment and routine household maintenance",Quintile 2,2016
4.568065643310547,26,,COL,225,382,29186,331,261917,Rural,Colombia,Clothing and footwear,Quintile 2,2016
1.2933006286621094,26,,COL,225,382,29186,331,261923,Rural,Colombia,"Reacreation, sport and culture",Quintile 2,2016
11.190484046936035,26,,COL,225,382,29186,331,261925,Rural,Colombia,Restaurants and accommodation services,Quintile 2,2016
1.9382940530776978,26,,COL,225,382,29186,331,261920,Rural,Colombia,Health,Quintile 2,2016
0.042566899210214615,26,,COL,225,382,29186,331,261926,Rural,Colombia,Insurance and financial services,Quintile 2,2016
0.21034520864486694,26,,COL,225,382,29186,331,261924,Rural,Colombia,Education services,Quintile 2,2016
6.626677513122559,26,,COL,225,382,29186,331,261921,Rural,Colombia,Transport,Quintile 2,2016
22.67058563232422,26,,COL,225,382,29186,331,261918,Rural,Colombia,"Housing, water, electricity, gas and other fuels",Quintile 2,2016
36.95441436767578,26,,COL,225,383,29186,331,261913,Rural,Colombia,Food and non-alcoholic beverages,Quintile 3,2016
1.0086065530776978,26,,COL,225,383,29186,331,261916,Rural,Colombia,"Alcoholic beverages, tobacco and narcotics",Quintile 3,2016
5.158531665802002,26,,COL,225,383,29186,331,261927,Rural,Colombia,"Personal care, social proteccion and miscellaneous goods and services",Quintile 3,2016
2.5160348415374756,26,,COL,225,383,29186,331,261922,Rural,Colombia,Information and communication,Quintile 3,2016
3.1752076148986816,26,,COL,225,383,29186,331,261919,Rural,Colombia,"Furnishings, household equipment and routine household maintenance",Quintile 3,2016
4.838507175445557,26,,COL,225,383,29186,331,261917,Rural,Colombia,Clothing and footwear,Quintile 3,2016
2.2110819816589355,26,,COL,225,383,29186,331,261923,Rural,Colombia,"Reacreation, sport and culture",Quintile 3,2016
12.809779167175293,26,,COL,225,383,29186,331,261925,Rural,Colombia,Restaurants and accommodation services,Quintile 3,2016
1.5913931131362915,26,,COL,225,383,29186,331,261920,Rural,Colombia,Health,Quintile 3,2016
0.04533901810646057,26,,COL,225,383,29186,331,261926,Rural,Colombia,Insurance and financial services,Quintile 3,2016
0.3120018243789673,26,,COL,225,383,29186,331,261924,Rural,Colombia,Education services,Quintile 3,2016
7.150467395782471,26,,COL,225,383,29186,331,261921,Rural,Colombia,Transport,Quintile 3,2016
22.228635787963867,26,,COL,225,383,29186,331,261918,Rural,Colombia,"Housing, water, electricity, gas and other fuels",Quintile 3,2016
35.77360153198242,26,,COL,225,384,29186,331,261913,Rural,Colombia,Food and non-alcoholic beverages,Quintile 4,2016
1.035336971282959,26,,COL,225,384,29186,331,261916,Rural,Colombia,"Alcoholic beverages, tobacco and narcotics",Quintile 4,2016
5.152894020080566,26,,COL,225,384,29186,331,261927,Rural,Colombia,"Personal care, social proteccion and miscellaneous goods and services",Quintile 4,2016
3.0509040355682373,26,,COL,225,384,29186,331,261922,Rural,Colombia,Information and communication,Quintile 4,2016
3.5214133262634277,26,,COL,225,384,29186,331,261919,Rural,Colombia,"Furnishings, household equipment and routine household maintenance",Quintile 4,2016
5.100159168243408,26,,COL,225,384,29186,331,261917,Rural,Colombia,Clothing and footwear,Quintile 4,2016
1.3326762914657593,26,,COL,225,384,29186,331,261923,Rural,Colombia,"Reacreation, sport and culture",Quintile 4,2016
10.9932861328125,26,,COL,225,384,29186,331,261925,Rural,Colombia,Restaurants and accommodation services,Quintile 4,2016
1.670920491218567,26,,COL,225,384,29186,331,261920,Rural,Colombia,Health,Quintile 4,2016
0.058143019676208496,26,,COL,225,384,29186,331,261926,Rural,Colombia,Insurance and financial services,Quintile 4,2016
0.27348700165748596,26,,COL,225,384,29186,331,261924,Rural,Colombia,Education services,Quintile 4,2016
7.420827865600586,26,,COL,225,384,29186,331,261921,Rural,Colombia,Transport,Quintile 4,2016
24.616350173950195,26,,COL,225,384,29186,331,261918,Rural,Colombia,"Housing, water, electricity, gas and other fuels",Quintile 4,2016
26.378448486328125,26,,COL,225,381,29186,331,261913,Rural,Colombia,Food and non-alcoholic beverages,Quintile 5,2016
1.497617483139038,26,,COL,225,381,29186,331,261916,Rural,Colombia,"Alcoholic beverages, tobacco and narcotics",Quintile 5,2016
4.713746547698975,26,,COL,225,381,29186,331,261927,Rural,Colombia,"Personal care, social proteccion and miscellaneous goods and services",Quintile 5,2016
4.080790042877197,26,,COL,225,381,29186,331,261922,Rural,Colombia,Information and communication,Quintile 5,2016
5.230684280395508,26,,COL,225,381,29186,331,261919,Rural,Colombia,"Furnishings, household equipment and routine household maintenance",Quintile 5,2016
5.192789077758789,26,,COL,225,381,29186,331,261917,Rural,Colombia,Clothing and footwear,Quintile 5,2016
1.627302646636963,26,,COL,225,381,29186,331,261923,Rural,Colombia,"Reacreation, sport and culture",Quintile 5,2016
9.354073524475098,26,,COL,225,381,29186,331,261925,Rural,Colombia,Restaurants and accommodation services,Quintile 5,2016
1.9323139190673828,26,,COL,225,381,29186,331,261920,Rural,Colombia,Health,Quintile 5,2016
0.3628602921962738,26,,COL,225,381,29186,331,261926,Rural,Colombia,Insurance and financial services,Quintile 5,2016
1.4403815269470215,26,,COL,225,381,29186,331,261924,Rural,Colombia,Education services,Quintile 5,2016
9.368959426879883,26,,COL,225,381,29186,331,261921,Rural,Colombia,Transport,Quintile 5,2016
28.82003402709961,26,,COL,225,381,29186,331,261918,Rural,Colombia,"Housing, water, electricity, gas and other fuels",Quintile 5,2016
33.65322494506836,26,,COL,225,379,29186,331,261913,Rural,Colombia,Food and non-alcoholic beverages,Total quintile,2016
1.162580966949463,26,,COL,225,379,29186,331,261916,Rural,Colombia,"Alcoholic beverages, tobacco and narcotics",Total quintile,2016
4.958901405334473,26,,COL,225,379,29186,331,261927,Rural,Colombia,"Personal care, social proteccion and miscellaneous goods and services",Total quintile,2016
3.108651876449585,26,,COL,225,379,29186,331,261922,Rural,Colombia,Information and communication,Total quintile,2016
4.036507606506348,26,,COL,225,379,29186,331,261919,Rural,Colombia,"Furnishings, household equipment and routine household maintenance",Total quintile,2016
4.948785781860352,26,,COL,225,379,29186,331,261917,Rural,Colombia,Clothing and footwear,Total quintile,2016
1.6006839275360107,26,,COL,225,379,29186,331,261923,Rural,Colombia,"Reacreation, sport and culture",Total quintile,2016
10.609207153320312,26,,COL,225,379,29186,331,261925,Rural,Colombia,Restaurants and accommodation services,Total quintile,2016
1.8165446519851685,26,,COL,225,379,29186,331,261920,Rural,Colombia,Health,Total quintile,2016
0.16382434964179993,26,,COL,225,379,29186,331,261926,Rural,Colombia,Insurance and financial services,Total quintile,2016
0.7086349129676819,26,,COL,225,379,29186,331,261924,Rural,Colombia,Education services,Total quintile,2016
7.934297561645508,26,,COL,225,379,29186,331,261921,Rural,Colombia,Transport,Total quintile,2016
25.29815673828125,26,,COL,225,379,29186,331,261918,Rural,Colombia,"Housing, water, electricity, gas and other fuels",Total quintile,2016
25.154815673828125,26,,COL,225,380,29186,330,261913,Urban,Colombia,Food and non-alcoholic beverages,Quintile 1,2016
0.7294535040855408,26,,COL,225,380,29186,330,261916,Urban,Colombia,"Alcoholic beverages, tobacco and narcotics",Quintile 1,2016
5.161495208740234,26,,COL,225,380,29186,330,261927,Urban,Colombia,"Personal care, social proteccion and miscellaneous goods and services",Quintile 1,2016
3.419567346572876,26,,COL,225,380,29186,330,261922,Urban,Colombia,Information and communication,Quintile 1,2016
2.9894943237304688,26,,COL,225,380,29186,330,261919,Urban,Colombia,"Furnishings, household equipment and routine household maintenance",Quintile 1,2016
4.063294887542725,26,,COL,225,380,29186,330,261917,Urban,Colombia,Clothing and footwear,Quintile 1,2016
1.6990352869033813,26,,COL,225,380,29186,330,261923,Urban,Colombia,"Reacreation, sport and culture",Quintile 1,2016
13.603618621826172,26,,COL,225,380,29186,330,261925,Urban,Colombia,Restaurants and accommodation services,Quintile 1,2016
1.5498931407928467,26,,COL,225,380,29186,330,261920,Urban,Colombia,Health,Quintile 1,2016
0.0984099805355072,26,,COL,225,380,29186,330,261926,Urban,Colombia,Insurance and financial services,Quintile 1,2016
1.56214439868927,26,,COL,225,380,29186,330,261924,Urban,Colombia,Education services,Quintile 1,2016
7.119744777679443,26,,COL,225,380,29186,330,261921,Urban,Colombia,Transport,Quintile 1,2016
32.84903335571289,26,,COL,225,380,29186,330,261918,Urban,Colombia,"Housing, water, electricity, gas and other fuels",Quintile 1,2016
22.334257125854492,26,,COL,225,382,29186,330,261913,Urban,Colombia,Food and non-alcoholic beverages,Quintile 2,2016
0.8169266581535339,26,,COL,225,382,29186,330,261916,Urban,Colombia,"Alcoholic beverages, tobacco and narcotics",Quintile 2,2016
5.1530375480651855,26,,COL,225,382,29186,330,261927,Urban,Colombia,"Personal care, social proteccion and miscellaneous goods and services",Quintile 2,2016
4.189183235168457,26,,COL,225,382,29186,330,261922,Urban,Colombia,Information and communication,Quintile 2,2016
3.0072758197784424,26,,COL,225,382,29186,330,261919,Urban,Colombia,"Furnishings, household equipment and routine household maintenance",Quintile 2,2016
4.079798221588135,26,,COL,225,382,29186,330,261917,Urban,Colombia,Clothing and footwear,Quintile 2,2016
1.5071771144866943,26,,COL,225,382,29186,330,261923,Urban,Colombia,"Reacreation, sport and culture",Quintile 2,2016
14.192863464355469,26,,COL,225,382,29186,330,261925,Urban,Colombia,Restaurants and accommodation services,Quintile 2,2016
1.6324940919876099,26,,COL,225,382,29186,330,261920,Urban,Colombia,Health,Quintile 2,2016
0.09945633262395859,26,,COL,225,382,29186,330,261926,Urban,Colombia,Insurance and financial services,Quintile 2,2016
1.761719822883606,26,,COL,225,382,29186,330,261924,Urban,Colombia,Education services,Quintile 2,2016
8.627172470092773,26,,COL,225,382,29186,330,261921,Urban,Colombia,Transport,Quintile 2,2016
32.59864044189453,26,,COL,225,382,29186,330,261918,Urban,Colombia,"Housing, water, electricity, gas and other fuels",Quintile 2,2016
20.017780303955078,26,,COL,225,383,29186,330,261913,Urban,Colombia,Food and non-alcoholic beverages,Quintile 3,2016
0.7350361347198486,26,,COL,225,383,29186,330,261916,Urban,Colombia,"Alcoholic beverages, tobacco and narcotics",Quintile 3,2016
5.245028018951416,26,,COL,225,383,29186,330,261927,Urban,Colombia,"Personal care, social proteccion and miscellaneous goods and services",Quintile 3,2016
4.920851230621338,26,,COL,225,383,29186,330,261922,Urban,Colombia,Information and communication,Quintile 3,2016
3.219845771789551,26,,COL,225,383,29186,330,261919,Urban,Colombia,"Furnishings, household equipment and routine household maintenance",Quintile 3,2016
4.0732421875,26,,COL,225,383,29186,330,261917,Urban,Colombia,Clothing and footwear,Quintile 3,2016
1.7910343408584595,26,,COL,225,383,29186,330,261923,Urban,Colombia,"Reacreation, sport and culture",Quintile 3,2016
13.575074195861816,26,,COL,225,383,29186,330,261925,Urban,Colombia,Restaurants and accommodation services,Quintile 3,2016
1.5737074613571167,26,,COL,225,383,29186,330,261920,Urban,Colombia,Health,Quintile 3,2016
0.1517094373703003,26,,COL,225,383,29186,330,261926,Urban,Colombia,Insurance and financial services,Quintile 3,2016
2.3090806007385254,26,,COL,225,383,29186,330,261924,Urban,Colombia,Education services,Quintile 3,2016
9.221537590026855,26,,COL,225,383,29186,330,261921,Urban,Colombia,Transport,Quintile 3,2016
33.166072845458984,26,,COL,225,383,29186,330,261918,Urban,Colombia,"Housing, water, electricity, gas and other fuels",Quintile 3,2016
17.09935188293457,26,,COL,225,384,29186,330,261913,Urban,Colombia,Food and non-alcoholic beverages,Quintile 4,2016
0.8177677392959595,26,,COL,225,384,29186,330,261916,Urban,Colombia,"Alcoholic beverages, tobacco and narcotics",Quintile 4,2016
5.2484588623046875,26,,COL,225,384,29186,330,261927,Urban,Colombia,"Personal care, social proteccion and miscellaneous goods and services",Quintile 4,2016
5.442716121673584,26,,COL,225,384,29186,330,261922,Urban,Colombia,Information and communication,Quintile 4,2016
3.4258179664611816,26,,COL,225,384,29186,330,261919,Urban,Colombia,"Furnishings, household equipment and routine household maintenance",Quintile 4,2016
4.3741888999938965,26,,COL,225,384,29186,330,261917,Urban,Colombia,Clothing and footwear,Quintile 4,2016
1.9271304607391357,26,,COL,225,384,29186,330,261923,Urban,Colombia,"Reacreation, sport and culture",Quintile 4,2016
12.878499984741211,26,,COL,225,384,29186,330,261925,Urban,Colombia,Restaurants and accommodation services,Quintile 4,2016
1.7288241386413574,26,,COL,225,384,29186,330,261920,Urban,Colombia,Health,Quintile 4,2016
0.27741509675979614,26,,COL,225,384,29186,330,261926,Urban,Colombia,Insurance and financial services,Quintile 4,2016
3.489595651626587,26,,COL,225,384,29186,330,261924,Urban,Colombia,Education services,Quintile 4,2016
10.022912979125977,26,,COL,225,384,29186,330,261921,Urban,Colombia,Transport,Quintile 4,2016
33.26731872558594,26,,COL,225,384,29186,330,261918,Urban,Colombia,"Housing, water, electricity, gas and other fuels",Quintile 4,2016
10.887689590454102,26,,COL,225,381,29186,330,261913,Urban,Colombia,Food and non-alcoholic beverages,Quintile 5,2016
0.8520627617835999,26,,COL,225,381,29186,330,261916,Urban,Colombia,"Alcoholic beverages, tobacco and narcotics",Quintile 5,2016
4.519101142883301,26,,COL,225,381,29186,330,261927,Urban,Colombia,"Personal care, social proteccion and miscellaneous goods and services",Quintile 5,2016
5.831780910491943,26,,COL,225,381,29186,330,261922,Urban,Colombia,Information and communication,Quintile 5,2016
4.951455116271973,26,,COL,225,381,29186,330,261919,Urban,Colombia,"Furnishings, household equipment and routine household maintenance",Quintile 5,2016
4.5488667488098145,26,,COL,225,381,29186,330,261917,Urban,Colombia,Clothing and footwear,Quintile 5,2016
3.269291877746582,26,,COL,225,381,29186,330,261923,Urban,Colombia,"Reacreation, sport and culture",Quintile 5,2016
11.485926628112793,26,,COL,225,381,29186,330,261925,Urban,Colombia,Restaurants and accommodation services,Quintile 5,2016
2.414865255355835,26,,COL,225,381,29186,330,261920,Urban,Colombia,Health,Quintile 5,2016
1.2803707122802734,26,,COL,225,381,29186,330,261926,Urban,Colombia,Insurance and financial services,Quintile 5,2016
5.334449291229248,26,,COL,225,381,29186,330,261924,Urban,Colombia,Education services,Quintile 5,2016
9.829231262207031,26,,COL,225,381,29186,330,261921,Urban,Colombia,Transport,Quintile 5,2016
34.7949104309082,26,,COL,225,381,29186,330,261918,Urban,Colombia,"Housing, water, electricity, gas and other fuels",Quintile 5,2016
16.187868118286133,26,,COL,225,379,29186,330,261913,Urban,Colombia,Food and non-alcoholic beverages,Total quintile,2016
0.8120920062065125,26,,COL,225,379,29186,330,261916,Urban,Colombia,"Alcoholic beverages, tobacco and narcotics",Total quintile,2016
4.91041898727417,26,,COL,225,379,29186,330,261927,Urban,Colombia,"Personal care, social proteccion and miscellaneous goods and services",Total quintile,2016
5.199955463409424,26,,COL,225,379,29186,330,261922,Urban,Colombia,Information and communication,Total quintile,2016
3.970670700073242,26,,COL,225,379,29186,330,261919,Urban,Colombia,"Furnishings, household equipment and routine household maintenance",Total quintile,2016
4.3414788246154785,26,,COL,225,379,29186,330,261917,Urban,Colombia,Clothing and footwear,Total quintile,2016
2.4212584495544434,26,,COL,225,379,29186,330,261923,Urban,Colombia,"Reacreation, sport and culture",Total quintile,2016
12.599114418029785,26,,COL,225,379,29186,330,261925,Urban,Colombia,Restaurants and accommodation services,Total quintile,2016
1.9769220352172852,26,,COL,225,379,29186,330,261920,Urban,Colombia,Health,Total quintile,2016
0.6584771275520325,26,,COL,225,379,29186,330,261926,Urban,Colombia,Insurance and financial services,Total quintile,2016
3.734459638595581,26,,COL,225,379,29186,330,261924,Urban,Colombia,Education services,Total quintile,2016
9.386653900146484,26,,COL,225,379,29186,330,261921,Urban,Colombia,Transport,Total quintile,2016
33.800628662109375,26,,COL,225,379,29186,330,261918,Urban,Colombia,"Housing, water, electricity, gas and other fuels",Total quintile,2016
36.921817779541016,26,,CRI,226,380,29188,327,261913,National,Costa Rica,Food and non-alcoholic beverages,Quintile 1,2018
0.21081668138504028,26,,CRI,226,380,29188,327,261916,National,Costa Rica,"Alcoholic beverages, tobacco and narcotics",Quintile 1,2018
6.562800884246826,26,,CRI,226,380,29188,327,261927,National,Costa Rica,"Personal care, social proteccion and miscellaneous goods and services",Quintile 1,2018
7.3730573654174805,26,,CRI,226,380,29188,327,261922,National,Costa Rica,Information and communication,Quintile 1,2018
4.113449573516846,26,,CRI,226,380,29188,327,261919,National,Costa Rica,"Furnishings, household equipment and routine household maintenance",Quintile 1,2018
4.439869403839111,26,,CRI,226,380,29188,327,261917,National,Costa Rica,Clothing and footwear,Quintile 1,2018
3.286240577697754,26,,CRI,226,380,29188,327,261923,National,Costa Rica,"Reacreation, sport and culture",Quintile 1,2018
5.199418544769287,26,,CRI,226,380,29188,327,261925,National,Costa Rica,Restaurants and accommodation services,Quintile 1,2018
2.526608943939209,26,,CRI,226,380,29188,327,261920,National,Costa Rica,Health,Quintile 1,2018
0.11061885207891464,26,,CRI,226,380,29188,327,261926,National,Costa Rica,Insurance and financial services,Quintile 1,2018
1.362627387046814,26,,CRI,226,380,29188,327,261924,National,Costa Rica,Education services,Quintile 1,2018
11.35167407989502,26,,CRI,226,380,29188,327,261921,National,Costa Rica,Transport,Quintile 1,2018
16.540998458862305,26,,CRI,226,380,29188,327,261918,National,Costa Rica,"Housing, water, electricity, gas and other fuels",Quintile 1,2018
33.46625518798828,26,,CRI,226,382,29188,327,261913,National,Costa Rica,Food and non-alcoholic beverages,Quintile 2,2018
0.22934919595718384,26,,CRI,226,382,29188,327,261916,National,Costa Rica,"Alcoholic beverages, tobacco and narcotics",Quintile 2,2018
6.914963722229004,26,,CRI,226,382,29188,327,261927,National,Costa Rica,"Personal care, social proteccion and miscellaneous goods and services",Quintile 2,2018
8.716898918151855,26,,CRI,226,382,29188,327,261922,National,Costa Rica,Information and communication,Quintile 2,2018
4.853275775909424,26,,CRI,226,382,29188,327,261919,National,Costa Rica,"Furnishings, household equipment and routine household maintenance",Quintile 2,2018
4.3562846183776855,26,,CRI,226,382,29188,327,261917,National,Costa Rica,Clothing and footwear,Quintile 2,2018
3.15313458442688,26,,CRI,226,382,29188,327,261923,National,Costa Rica,"Reacreation, sport and culture",Quintile 2,2018
5.562157154083252,26,,CRI,226,382,29188,327,261925,National,Costa Rica,Restaurants and accommodation services,Quintile 2,2018
3.323573589324951,26,,CRI,226,382,29188,327,261920,National,Costa Rica,Health,Quintile 2,2018
0.19511497020721436,26,,CRI,226,382,29188,327,261926,National,Costa Rica,Insurance and financial services,Quintile 2,2018
1.8530203104019165,26,,CRI,226,382,29188,327,261924,National,Costa Rica,Education services,Quintile 2,2018
12.459878921508789,26,,CRI,226,382,29188,327,261921,National,Costa Rica,Transport,Quintile 2,2018
14.916092872619629,26,,CRI,226,382,29188,327,261918,National,Costa Rica,"Housing, water, electricity, gas and other fuels",Quintile 2,2018
29.257413864135742,26,,CRI,226,383,29188,327,261913,National,Costa Rica,Food and non-alcoholic beverages,Quintile 3,2018
0.3191329836845398,26,,CRI,226,383,29188,327,261916,National,Costa Rica,"Alcoholic beverages, tobacco and narcotics",Quintile 3,2018
6.777346611022949,26,,CRI,226,383,29188,327,261927,National,Costa Rica,"Personal care, social proteccion and miscellaneous goods and services",Quintile 3,2018
8.78438663482666,26,,CRI,226,383,29188,327,261922,National,Costa Rica,Information and communication,Quintile 3,2018
4.920114994049072,26,,CRI,226,383,29188,327,261919,National,Costa Rica,"Furnishings, household equipment and routine household maintenance",Quintile 3,2018
4.624682426452637,26,,CRI,226,383,29188,327,261917,National,Costa Rica,Clothing and footwear,Quintile 3,2018
3.134284019470215,26,,CRI,226,383,29188,327,261923,National,Costa Rica,"Reacreation, sport and culture",Quintile 3,2018
6.400285720825195,26,,CRI,226,383,29188,327,261925,National,Costa Rica,Restaurants and accommodation services,Quintile 3,2018
4.612634181976318,26,,CRI,226,383,29188,327,261920,National,Costa Rica,Health,Quintile 3,2018
0.2757318913936615,26,,CRI,226,383,29188,327,261926,National,Costa Rica,Insurance and financial services,Quintile 3,2018
3.164607048034668,26,,CRI,226,383,29188,327,261924,National,Costa Rica,Education services,Quintile 3,2018
13.704076766967773,26,,CRI,226,383,29188,327,261921,National,Costa Rica,Transport,Quintile 3,2018
14.02530288696289,26,,CRI,226,383,29188,327,261918,National,Costa Rica,"Housing, water, electricity, gas and other fuels",Quintile 3,2018
24.074575424194336,26,,CRI,226,384,29188,327,261913,National,Costa Rica,Food and non-alcoholic beverages,Quintile 4,2018
0.5092383027076721,26,,CRI,226,384,29188,327,261916,National,Costa Rica,"Alcoholic beverages, tobacco and narcotics",Quintile 4,2018
6.461350440979004,26,,CRI,226,384,29188,327,261927,National,Costa Rica,"Personal care, social proteccion and miscellaneous goods and services",Quintile 4,2018
8.754271507263184,26,,CRI,226,384,29188,327,261922,National,Costa Rica,Information and communication,Quintile 4,2018
4.898189067840576,26,,CRI,226,384,29188,327,261919,National,Costa Rica,"Furnishings, household equipment and routine household maintenance",Quintile 4,2018
4.403013229370117,26,,CRI,226,384,29188,327,261917,National,Costa Rica,Clothing and footwear,Quintile 4,2018
3.45327091217041,26,,CRI,226,384,29188,327,261923,National,Costa Rica,"Reacreation, sport and culture",Quintile 4,2018
7.484941482543945,26,,CRI,226,384,29188,327,261925,National,Costa Rica,Restaurants and accommodation services,Quintile 4,2018
5.559566497802734,26,,CRI,226,384,29188,327,261920,National,Costa Rica,Health,Quintile 4,2018
0.40877479314804077,26,,CRI,226,384,29188,327,261926,National,Costa Rica,Insurance and financial services,Quintile 4,2018
5.5604400634765625,26,,CRI,226,384,29188,327,261924,National,Costa Rica,Education services,Quintile 4,2018
16.940744400024414,26,,CRI,226,384,29188,327,261921,National,Costa Rica,Transport,Quintile 4,2018
11.491623878479004,26,,CRI,226,384,29188,327,261918,National,Costa Rica,"Housing, water, electricity, gas and other fuels",Quintile 4,2018
16.42626190185547,26,,CRI,226,381,29188,327,261913,National,Costa Rica,Food and non-alcoholic beverages,Quintile 5,2018
0.7420143485069275,26,,CRI,226,381,29188,327,261916,National,Costa Rica,"Alcoholic beverages, tobacco and narcotics",Quintile 5,2018
6.14556360244751,26,,CRI,226,381,29188,327,261927,National,Costa Rica,"Personal care, social proteccion and miscellaneous goods and services",Quintile 5,2018
7.013391971588135,26,,CRI,226,381,29188,327,261922,National,Costa Rica,Information and communication,Quintile 5,2018
6.802120685577393,26,,CRI,226,381,29188,327,261919,National,Costa Rica,"Furnishings, household equipment and routine household maintenance",Quintile 5,2018
4.4898905754089355,26,,CRI,226,381,29188,327,261917,National,Costa Rica,Clothing and footwear,Quintile 5,2018
6.078789710998535,26,,CRI,226,381,29188,327,261923,National,Costa Rica,"Reacreation, sport and culture",Quintile 5,2018
7.88101863861084,26,,CRI,226,381,29188,327,261925,National,Costa Rica,Restaurants and accommodation services,Quintile 5,2018
6.9374589920043945,26,,CRI,226,381,29188,327,261920,National,Costa Rica,Health,Quintile 5,2018
1.312026023864746,26,,CRI,226,381,29188,327,261926,National,Costa Rica,Insurance and financial services,Quintile 5,2018
6.35845422744751,26,,CRI,226,381,29188,327,261924,National,Costa Rica,Education services,Quintile 5,2018
21.38214111328125,26,,CRI,226,381,29188,327,261921,National,Costa Rica,Transport,Quintile 5,2018
8.430868148803711,26,,CRI,226,381,29188,327,261918,National,Costa Rica,"Housing, water, electricity, gas and other fuels",Quintile 5,2018
23.52311897277832,26,,CRI,226,379,29188,327,261913,National,Costa Rica,Food and non-alcoholic beverages,Total quintile,2018
0.529384195804596,26,,CRI,226,379,29188,327,261916,National,Costa Rica,"Alcoholic beverages, tobacco and narcotics",Total quintile,2018
6.426389694213867,26,,CRI,226,379,29188,327,261927,National,Costa Rica,"Personal care, social proteccion and miscellaneous goods and services",Total quintile,2018
7.867401123046875,26,,CRI,226,379,29188,327,261922,National,Costa Rica,Information and communication,Total quintile,2018
5.681259632110596,26,,CRI,226,379,29188,327,261919,National,Costa Rica,"Furnishings, household equipment and routine household maintenance",Total quintile,2018
4.47219705581665,26,,CRI,226,379,29188,327,261917,National,Costa Rica,Clothing and footwear,Total quintile,2018
4.528730869293213,26,,CRI,226,379,29188,327,261923,National,Costa Rica,"Reacreation, sport and culture",Total quintile,2018
7.101039886474609,26,,CRI,226,379,29188,327,261925,National,Costa Rica,Restaurants and accommodation services,Total quintile,2018
5.537950038909912,26,,CRI,226,379,29188,327,261920,National,Costa Rica,Health,Total quintile,2018
0.743505597114563,26,,CRI,226,379,29188,327,261926,National,Costa Rica,Insurance and financial services,Total quintile,2018
4.8074188232421875,26,,CRI,226,379,29188,327,261924,National,Costa Rica,Education services,Total quintile,2018
17.487653732299805,26,,CRI,226,379,29188,327,261921,National,Costa Rica,Transport,Total quintile,2018
11.293951034545898,26,,CRI,226,379,29188,327,261918,National,Costa Rica,"Housing, water, electricity, gas and other fuels",Total quintile,2018
39.490806579589844,26,,CRI,226,380,29188,331,261913,Rural,Costa Rica,Food and non-alcoholic beverages,Quintile 1,2018
0.349025696516037,26,,CRI,226,380,29188,331,261916,Rural,Costa Rica,"Alcoholic beverages, tobacco and narcotics",Quintile 1,2018
6.316728115081787,26,,CRI,226,380,29188,331,261927,Rural,Costa Rica,"Personal care, social proteccion and miscellaneous goods and services",Quintile 1,2018
7.318118095397949,26,,CRI,226,380,29188,331,261922,Rural,Costa Rica,Information and communication,Quintile 1,2018
4.641777992248535,26,,CRI,226,380,29188,331,261919,Rural,Costa Rica,"Furnishings, household equipment and routine household maintenance",Quintile 1,2018
3.828681468963623,26,,CRI,226,380,29188,331,261917,Rural,Costa Rica,Clothing and footwear,Quintile 1,2018
3.197413682937622,26,,CRI,226,380,29188,331,261923,Rural,Costa Rica,"Reacreation, sport and culture",Quintile 1,2018
4.41429328918457,26,,CRI,226,380,29188,331,261925,Rural,Costa Rica,Restaurants and accommodation services,Quintile 1,2018
2.5196127891540527,26,,CRI,226,380,29188,331,261920,Rural,Costa Rica,Health,Quintile 1,2018
0.1376418024301529,26,,CRI,226,380,29188,331,261926,Rural,Costa Rica,Insurance and financial services,Quintile 1,2018
0.6310693025588989,26,,CRI,226,380,29188,331,261924,Rural,Costa Rica,Education services,Quintile 1,2018
13.466707229614258,26,,CRI,226,380,29188,331,261921,Rural,Costa Rica,Transport,Quintile 1,2018
13.688122749328613,26,,CRI,226,380,29188,331,261918,Rural,Costa Rica,"Housing, water, electricity, gas and other fuels",Quintile 1,2018
37.35517501831055,26,,CRI,226,382,29188,331,261913,Rural,Costa Rica,Food and non-alcoholic beverages,Quintile 2,2018
0.25799500942230225,26,,CRI,226,382,29188,331,261916,Rural,Costa Rica,"Alcoholic beverages, tobacco and narcotics",Quintile 2,2018
6.660976409912109,26,,CRI,226,382,29188,331,261927,Rural,Costa Rica,"Personal care, social proteccion and miscellaneous goods and services",Quintile 2,2018
8.397395133972168,26,,CRI,226,382,29188,331,261922,Rural,Costa Rica,Information and communication,Quintile 2,2018
4.742086887359619,26,,CRI,226,382,29188,331,261919,Rural,Costa Rica,"Furnishings, household equipment and routine household maintenance",Quintile 2,2018
4.724035739898682,26,,CRI,226,382,29188,331,261917,Rural,Costa Rica,Clothing and footwear,Quintile 2,2018
3.0225865840911865,26,,CRI,226,382,29188,331,261923,Rural,Costa Rica,"Reacreation, sport and culture",Quintile 2,2018
4.784072399139404,26,,CRI,226,382,29188,331,261925,Rural,Costa Rica,Restaurants and accommodation services,Quintile 2,2018
3.0558362007141113,26,,CRI,226,382,29188,331,261920,Rural,Costa Rica,Health,Quintile 2,2018
0.1621258407831192,26,,CRI,226,382,29188,331,261926,Rural,Costa Rica,Insurance and financial services,Quintile 2,2018
1.3618793487548828,26,,CRI,226,382,29188,331,261924,Rural,Costa Rica,Education services,Quintile 2,2018
13.559317588806152,26,,CRI,226,382,29188,331,261921,Rural,Costa Rica,Transport,Quintile 2,2018
11.91651725769043,26,,CRI,226,382,29188,331,261918,Rural,Costa Rica,"Housing, water, electricity, gas and other fuels",Quintile 2,2018
32.7930793762207,26,,CRI,226,383,29188,331,261913,Rural,Costa Rica,Food and non-alcoholic beverages,Quintile 3,2018
0.309450626373291,26,,CRI,226,383,29188,331,261916,Rural,Costa Rica,"Alcoholic beverages, tobacco and narcotics",Quintile 3,2018
6.690126895904541,26,,CRI,226,383,29188,331,261927,Rural,Costa Rica,"Personal care, social proteccion and miscellaneous goods and services",Quintile 3,2018
8.05057144165039,26,,CRI,226,383,29188,331,261922,Rural,Costa Rica,Information and communication,Quintile 3,2018
5.561767101287842,26,,CRI,226,383,29188,331,261919,Rural,Costa Rica,"Furnishings, household equipment and routine household maintenance",Quintile 3,2018
4.441050052642822,26,,CRI,226,383,29188,331,261917,Rural,Costa Rica,Clothing and footwear,Quintile 3,2018
2.6701126098632812,26,,CRI,226,383,29188,331,261923,Rural,Costa Rica,"Reacreation, sport and culture",Quintile 3,2018
5.448876857757568,26,,CRI,226,383,29188,331,261925,Rural,Costa Rica,Restaurants and accommodation services,Quintile 3,2018
4.20259952545166,26,,CRI,226,383,29188,331,261920,Rural,Costa Rica,Health,Quintile 3,2018
0.2939942181110382,26,,CRI,226,383,29188,331,261926,Rural,Costa Rica,Insurance and financial services,Quintile 3,2018
1.912352442741394,26,,CRI,226,383,29188,331,261924,Rural,Costa Rica,Education services,Quintile 3,2018
16.033836364746094,26,,CRI,226,383,29188,331,261921,Rural,Costa Rica,Transport,Quintile 3,2018
11.592180252075195,26,,CRI,226,383,29188,331,261918,Rural,Costa Rica,"Housing, water, electricity, gas and other fuels",Quintile 3,2018
29.191162109375,26,,CRI,226,384,29188,331,261913,Rural,Costa Rica,Food and non-alcoholic beverages,Quintile 4,2018
0.30183011293411255,26,,CRI,226,384,29188,331,261916,Rural,Costa Rica,"Alcoholic beverages, tobacco and narcotics",Quintile 4,2018
6.33076286315918,26,,CRI,226,384,29188,331,261927,Rural,Costa Rica,"Personal care, social proteccion and miscellaneous goods and services",Quintile 4,2018
7.754548072814941,26,,CRI,226,384,29188,331,261922,Rural,Costa Rica,Information and communication,Quintile 4,2018
5.3335347175598145,26,,CRI,226,384,29188,331,261919,Rural,Costa Rica,"Furnishings, household equipment and routine household maintenance",Quintile 4,2018
4.3406147956848145,26,,CRI,226,384,29188,331,261917,Rural,Costa Rica,Clothing and footwear,Quintile 4,2018
2.917935609817505,26,,CRI,226,384,29188,331,261923,Rural,Costa Rica,"Reacreation, sport and culture",Quintile 4,2018
8.27724838256836,26,,CRI,226,384,29188,331,261925,Rural,Costa Rica,Restaurants and accommodation services,Quintile 4,2018
5.616528034210205,26,,CRI,226,384,29188,331,261920,Rural,Costa Rica,Health,Quintile 4,2018
0.25598645210266113,26,,CRI,226,384,29188,331,261926,Rural,Costa Rica,Insurance and financial services,Quintile 4,2018
2.958951234817505,26,,CRI,226,384,29188,331,261924,Rural,Costa Rica,Education services,Quintile 4,2018
16.815797805786133,26,,CRI,226,384,29188,331,261921,Rural,Costa Rica,Transport,Quintile 4,2018
9.905099868774414,26,,CRI,226,384,29188,331,261918,Rural,Costa Rica,"Housing, water, electricity, gas and other fuels",Quintile 4,2018
19.43703269958496,26,,CRI,226,381,29188,331,261913,Rural,Costa Rica,Food and non-alcoholic beverages,Quintile 5,2018
0.4975118041038513,26,,CRI,226,381,29188,331,261916,Rural,Costa Rica,"Alcoholic beverages, tobacco and narcotics",Quintile 5,2018
6.203307628631592,26,,CRI,226,381,29188,331,261927,Rural,Costa Rica,"Personal care, social proteccion and miscellaneous goods and services",Quintile 5,2018
7.378931999206543,26,,CRI,226,381,29188,331,261922,Rural,Costa Rica,Information and communication,Quintile 5,2018
5.40259313583374,26,,CRI,226,381,29188,331,261919,Rural,Costa Rica,"Furnishings, household equipment and routine household maintenance",Quintile 5,2018
4.446584701538086,26,,CRI,226,381,29188,331,261917,Rural,Costa Rica,Clothing and footwear,Quintile 5,2018
4.36189079284668,26,,CRI,226,381,29188,331,261923,Rural,Costa Rica,"Reacreation, sport and culture",Quintile 5,2018
8.649065971374512,26,,CRI,226,381,29188,331,261925,Rural,Costa Rica,Restaurants and accommodation services,Quintile 5,2018
5.731839179992676,26,,CRI,226,381,29188,331,261920,Rural,Costa Rica,Health,Quintile 5,2018
0.7851541638374329,26,,CRI,226,381,29188,331,261926,Rural,Costa Rica,Insurance and financial services,Quintile 5,2018
3.9857892990112305,26,,CRI,226,381,29188,331,261924,Rural,Costa Rica,Education services,Quintile 5,2018
25.428861618041992,26,,CRI,226,381,29188,331,261921,Rural,Costa Rica,Transport,Quintile 5,2018
7.691437244415283,26,,CRI,226,381,29188,331,261918,Rural,Costa Rica,"Housing, water, electricity, gas and other fuels",Quintile 5,2018
27.84697914123535,26,,CRI,226,379,29188,331,261913,Rural,Costa Rica,Food and non-alcoholic beverages,Total quintile,2018
0.38109031319618225,26,,CRI,226,379,29188,331,261916,Rural,Costa Rica,"Alcoholic beverages, tobacco and narcotics",Total quintile,2018
6.376165866851807,26,,CRI,226,379,29188,331,261927,Rural,Costa Rica,"Personal care, social proteccion and miscellaneous goods and services",Total quintile,2018
7.688508033752441,26,,CRI,226,379,29188,331,261922,Rural,Costa Rica,Information and communication,Total quintile,2018
5.255382537841797,26,,CRI,226,379,29188,331,261919,Rural,Costa Rica,"Furnishings, household equipment and routine household maintenance",Total quintile,2018
4.398250102996826,26,,CRI,226,379,29188,331,261917,Rural,Costa Rica,Clothing and footwear,Total quintile,2018
3.5026776790618896,26,,CRI,226,379,29188,331,261923,Rural,Costa Rica,"Reacreation, sport and culture",Total quintile,2018
7.167129993438721,26,,CRI,226,379,29188,331,261925,Rural,Costa Rica,Restaurants and accommodation services,Total quintile,2018
4.817071914672852,26,,CRI,226,379,29188,331,261920,Rural,Costa Rica,Health,Total quintile,2018
0.452385812997818,26,,CRI,226,379,29188,331,261926,Rural,Costa Rica,Insurance and financial services,Total quintile,2018
2.781909942626953,26,,CRI,226,379,29188,331,261924,Rural,Costa Rica,Education services,Total quintile,2018
19.435955047607422,26,,CRI,226,379,29188,331,261921,Rural,Costa Rica,Transport,Total quintile,2018
9.896493911743164,26,,CRI,226,379,29188,331,261918,Rural,Costa Rica,"Housing, water, electricity, gas and other fuels",Total quintile,2018
34.90253829956055,26,,CRI,226,380,29188,330,261913,Urban,Costa Rica,Food and non-alcoholic beverages,Quintile 1,2018
0.1410602629184723,26,,CRI,226,380,29188,330,261916,Urban,Costa Rica,"Alcoholic beverages, tobacco and narcotics",Quintile 1,2018
6.457423210144043,26,,CRI,226,380,29188,330,261927,Urban,Costa Rica,"Personal care, social proteccion and miscellaneous goods and services",Quintile 1,2018
7.445013523101807,26,,CRI,226,380,29188,330,261922,Urban,Costa Rica,Information and communication,Quintile 1,2018
3.8374574184417725,26,,CRI,226,380,29188,330,261919,Urban,Costa Rica,"Furnishings, household equipment and routine household maintenance",Quintile 1,2018
4.463461399078369,26,,CRI,226,380,29188,330,261917,Urban,Costa Rica,Clothing and footwear,Quintile 1,2018
3.3829946517944336,26,,CRI,226,380,29188,330,261923,Urban,Costa Rica,"Reacreation, sport and culture",Quintile 1,2018
5.341092109680176,26,,CRI,226,380,29188,330,261925,Urban,Costa Rica,Restaurants and accommodation services,Quintile 1,2018
2.4731664657592773,26,,CRI,226,380,29188,330,261920,Urban,Costa Rica,Health,Quintile 1,2018
0.09066399186849594,26,,CRI,226,380,29188,330,261926,Urban,Costa Rica,Insurance and financial services,Quintile 1,2018
1.9957524538040161,26,,CRI,226,380,29188,330,261924,Urban,Costa Rica,Education services,Quintile 1,2018
9.945281982421875,26,,CRI,226,380,29188,330,261921,Urban,Costa Rica,Transport,Quintile 1,2018
19.524093627929688,26,,CRI,226,380,29188,330,261918,Urban,Costa Rica,"Housing, water, electricity, gas and other fuels",Quintile 1,2018
31.874374389648438,26,,CRI,226,382,29188,330,261913,Urban,Costa Rica,Food and non-alcoholic beverages,Quintile 2,2018
0.25826022028923035,26,,CRI,226,382,29188,330,261916,Urban,Costa Rica,"Alcoholic beverages, tobacco and narcotics",Quintile 2,2018
7.399908065795898,26,,CRI,226,382,29188,330,261927,Urban,Costa Rica,"Personal care, social proteccion and miscellaneous goods and services",Quintile 2,2018
9.254631996154785,26,,CRI,226,382,29188,330,261922,Urban,Costa Rica,Information and communication,Quintile 2,2018
4.537461280822754,26,,CRI,226,382,29188,330,261919,Urban,Costa Rica,"Furnishings, household equipment and routine household maintenance",Quintile 2,2018
4.586782455444336,26,,CRI,226,382,29188,330,261917,Urban,Costa Rica,Clothing and footwear,Quintile 2,2018
3.2404613494873047,26,,CRI,226,382,29188,330,261923,Urban,Costa Rica,"Reacreation, sport and culture",Quintile 2,2018
6.34989070892334,26,,CRI,226,382,29188,330,261925,Urban,Costa Rica,Restaurants and accommodation services,Quintile 2,2018
3.36928129196167,26,,CRI,226,382,29188,330,261920,Urban,Costa Rica,Health,Quintile 2,2018
0.18351450562477112,26,,CRI,226,382,29188,330,261926,Urban,Costa Rica,Insurance and financial services,Quintile 2,2018
2.3205461502075195,26,,CRI,226,382,29188,330,261924,Urban,Costa Rica,Education services,Quintile 2,2018
10.981403350830078,26,,CRI,226,382,29188,330,261921,Urban,Costa Rica,Transport,Quintile 2,2018
15.64348316192627,26,,CRI,226,382,29188,330,261918,Urban,Costa Rica,"Housing, water, electricity, gas and other fuels",Quintile 2,2018
27.544992446899414,26,,CRI,226,383,29188,330,261913,Urban,Costa Rica,Food and non-alcoholic beverages,Quintile 3,2018
0.4125962257385254,26,,CRI,226,383,29188,330,261916,Urban,Costa Rica,"Alcoholic beverages, tobacco and narcotics",Quintile 3,2018
6.85689640045166,26,,CRI,226,383,29188,330,261927,Urban,Costa Rica,"Personal care, social proteccion and miscellaneous goods and services",Quintile 3,2018
9.066227912902832,26,,CRI,226,383,29188,330,261922,Urban,Costa Rica,Information and communication,Quintile 3,2018
5.115561485290527,26,,CRI,226,383,29188,330,261919,Urban,Costa Rica,"Furnishings, household equipment and routine household maintenance",Quintile 3,2018
5.029287338256836,26,,CRI,226,383,29188,330,261917,Urban,Costa Rica,Clothing and footwear,Quintile 3,2018
3.274468183517456,26,,CRI,226,383,29188,330,261923,Urban,Costa Rica,"Reacreation, sport and culture",Quintile 3,2018
5.905373573303223,26,,CRI,226,383,29188,330,261925,Urban,Costa Rica,Restaurants and accommodation services,Quintile 3,2018
5.297965049743652,26,,CRI,226,383,29188,330,261920,Urban,Costa Rica,Health,Quintile 3,2018
0.3026474416255951,26,,CRI,226,383,29188,330,261926,Urban,Costa Rica,Insurance and financial services,Quintile 3,2018
3.732316732406616,26,,CRI,226,383,29188,330,261924,Urban,Costa Rica,Education services,Quintile 3,2018
13.136021614074707,26,,CRI,226,383,29188,330,261921,Urban,Costa Rica,Transport,Quintile 3,2018
14.32564640045166,26,,CRI,226,383,29188,330,261918,Urban,Costa Rica,"Housing, water, electricity, gas and other fuels",Quintile 3,2018
22.374237060546875,26,,CRI,226,384,29188,330,261913,Urban,Costa Rica,Food and non-alcoholic beverages,Quintile 4,2018
0.6252301931381226,26,,CRI,226,384,29188,330,261916,Urban,Costa Rica,"Alcoholic beverages, tobacco and narcotics",Quintile 4,2018
6.356032371520996,26,,CRI,226,384,29188,330,261927,Urban,Costa Rica,"Personal care, social proteccion and miscellaneous goods and services",Quintile 4,2018
8.693700790405273,26,,CRI,226,384,29188,330,261922,Urban,Costa Rica,Information and communication,Quintile 4,2018
4.883697032928467,26,,CRI,226,384,29188,330,261919,Urban,Costa Rica,"Furnishings, household equipment and routine household maintenance",Quintile 4,2018
4.075697422027588,26,,CRI,226,384,29188,330,261917,Urban,Costa Rica,Clothing and footwear,Quintile 4,2018
3.81321120262146,26,,CRI,226,384,29188,330,261923,Urban,Costa Rica,"Reacreation, sport and culture",Quintile 4,2018
7.767512321472168,26,,CRI,226,384,29188,330,261925,Urban,Costa Rica,Restaurants and accommodation services,Quintile 4,2018
5.830712795257568,26,,CRI,226,384,29188,330,261920,Urban,Costa Rica,Health,Quintile 4,2018
0.5357466340065002,26,,CRI,226,384,29188,330,261926,Urban,Costa Rica,Insurance and financial services,Quintile 4,2018
6.567200660705566,26,,CRI,226,384,29188,330,261924,Urban,Costa Rica,Education services,Quintile 4,2018
16.69695281982422,26,,CRI,226,384,29188,330,261921,Urban,Costa Rica,Transport,Quintile 4,2018
11.780068397521973,26,,CRI,226,384,29188,330,261918,Urban,Costa Rica,"Housing, water, electricity, gas and other fuels",Quintile 4,2018
15.952391624450684,26,,CRI,226,381,29188,330,261913,Urban,Costa Rica,Food and non-alcoholic beverages,Quintile 5,2018
0.750204861164093,26,,CRI,226,381,29188,330,261916,Urban,Costa Rica,"Alcoholic beverages, tobacco and narcotics",Quintile 5,2018
6.096869468688965,26,,CRI,226,381,29188,330,261927,Urban,Costa Rica,"Personal care, social proteccion and miscellaneous goods and services",Quintile 5,2018
6.895720958709717,26,,CRI,226,381,29188,330,261922,Urban,Costa Rica,Information and communication,Quintile 5,2018
7.137216567993164,26,,CRI,226,381,29188,330,261919,Urban,Costa Rica,"Furnishings, household equipment and routine household maintenance",Quintile 5,2018
4.49165678024292,26,,CRI,226,381,29188,330,261917,Urban,Costa Rica,Clothing and footwear,Quintile 5,2018
6.4574198722839355,26,,CRI,226,381,29188,330,261923,Urban,Costa Rica,"Reacreation, sport and culture",Quintile 5,2018
7.6501946449279785,26,,CRI,226,381,29188,330,261925,Urban,Costa Rica,Restaurants and accommodation services,Quintile 5,2018
7.004932403564453,26,,CRI,226,381,29188,330,261920,Urban,Costa Rica,Health,Quintile 5,2018
1.4292867183685303,26,,CRI,226,381,29188,330,261926,Urban,Costa Rica,Insurance and financial services,Quintile 5,2018
6.676785469055176,26,,CRI,226,381,29188,330,261924,Urban,Costa Rica,Education services,Quintile 5,2018
21.14589500427246,26,,CRI,226,381,29188,330,261921,Urban,Costa Rica,Transport,Quintile 5,2018
8.311426162719727,26,,CRI,226,381,29188,330,261918,Urban,Costa Rica,"Housing, water, electricity, gas and other fuels",Quintile 5,2018
22.355632781982422,26,,CRI,226,379,29188,330,261913,Urban,Costa Rica,Food and non-alcoholic beverages,Total quintile,2018
0.5694249868392944,26,,CRI,226,379,29188,330,261916,Urban,Costa Rica,"Alcoholic beverages, tobacco and narcotics",Total quintile,2018
6.439950942993164,26,,CRI,226,379,29188,330,261927,Urban,Costa Rica,"Personal care, social proteccion and miscellaneous goods and services",Total quintile,2018
7.915704250335693,26,,CRI,226,379,29188,330,261922,Urban,Costa Rica,Information and communication,Total quintile,2018
5.796250820159912,26,,CRI,226,379,29188,330,261919,Urban,Costa Rica,"Furnishings, household equipment and routine household maintenance",Total quintile,2018
4.49216365814209,26,,CRI,226,379,29188,330,261917,Urban,Costa Rica,Clothing and footwear,Total quintile,2018
4.8057756423950195,26,,CRI,226,379,29188,330,261923,Urban,Costa Rica,"Reacreation, sport and culture",Total quintile,2018
7.083195209503174,26,,CRI,226,379,29188,330,261925,Urban,Costa Rica,Restaurants and accommodation services,Total quintile,2018
5.732594013214111,26,,CRI,226,379,29188,330,261920,Urban,Costa Rica,Health,Total quintile,2018
0.8221108317375183,26,,CRI,226,379,29188,330,261926,Urban,Costa Rica,Insurance and financial services,Total quintile,2018
5.354326248168945,26,,CRI,226,379,29188,330,261924,Urban,Costa Rica,Education services,Total quintile,2018
16.961591720581055,26,,CRI,226,379,29188,330,261921,Urban,Costa Rica,Transport,Total quintile,2018
11.67127799987793,26,,CRI,226,379,29188,330,261918,Urban,Costa Rica,"Housing, water, electricity, gas and other fuels",Total quintile,2018
41.377220153808594,26,,ECU,229,380,29184,327,261913,National,Ecuador,Food and non-alcoholic beverages,Quintile 1,2014
0.3984324336051941,26,,ECU,229,380,29184,327,261916,National,Ecuador,"Alcoholic beverages, tobacco and narcotics",Quintile 1,2014
4.616787910461426,26,,ECU,229,380,29184,327,261927,National,Ecuador,"Personal care, social proteccion and miscellaneous goods and services",Quintile 1,2014
3.449298143386841,26,,ECU,229,380,29184,327,261922,National,Ecuador,Information and communication,Quintile 1,2014
3.5579833984375,26,,ECU,229,380,29184,327,261919,National,Ecuador,"Furnishings, household equipment and routine household maintenance",Quintile 1,2014
4.242691516876221,26,,ECU,229,380,29184,327,261917,National,Ecuador,Clothing and footwear,Quintile 1,2014
2.653210401535034,26,,ECU,229,380,29184,327,261923,National,Ecuador,"Reacreation, sport and culture",Quintile 1,2014
11.516356468200684,26,,ECU,229,380,29184,327,261925,National,Ecuador,Restaurants and accommodation services,Quintile 1,2014
3.7850422859191895,26,,ECU,229,380,29184,327,261920,National,Ecuador,Health,Quintile 1,2014
0.11667410284280777,26,,ECU,229,380,29184,327,261926,National,Ecuador,Insurance and financial services,Quintile 1,2014
1.0352911949157715,26,,ECU,229,380,29184,327,261924,National,Ecuador,Education services,Quintile 1,2014
7.887348651885986,26,,ECU,229,380,29184,327,261921,National,Ecuador,Transport,Quintile 1,2014
15.363663673400879,26,,ECU,229,380,29184,327,261918,National,Ecuador,"Housing, water, electricity, gas and other fuels",Quintile 1,2014
36.45488739013672,26,,ECU,229,382,29184,327,261913,National,Ecuador,Food and non-alcoholic beverages,Quintile 2,2014
0.423035204410553,26,,ECU,229,382,29184,327,261916,National,Ecuador,"Alcoholic beverages, tobacco and narcotics",Quintile 2,2014
4.516160488128662,26,,ECU,229,382,29184,327,261927,National,Ecuador,"Personal care, social proteccion and miscellaneous goods and services",Quintile 2,2014
4.366296291351318,26,,ECU,229,382,29184,327,261922,National,Ecuador,Information and communication,Quintile 2,2014
3.517683506011963,26,,ECU,229,382,29184,327,261919,National,Ecuador,"Furnishings, household equipment and routine household maintenance",Quintile 2,2014
4.13165283203125,26,,ECU,229,382,29184,327,261917,National,Ecuador,Clothing and footwear,Quintile 2,2014
2.5704965591430664,26,,ECU,229,382,29184,327,261923,National,Ecuador,"Reacreation, sport and culture",Quintile 2,2014
14.14612865447998,26,,ECU,229,382,29184,327,261925,National,Ecuador,Restaurants and accommodation services,Quintile 2,2014
3.426678419113159,26,,ECU,229,382,29184,327,261920,National,Ecuador,Health,Quintile 2,2014
0.11154855042695999,26,,ECU,229,382,29184,327,261926,National,Ecuador,Insurance and financial services,Quintile 2,2014
1.606107473373413,26,,ECU,229,382,29184,327,261924,National,Ecuador,Education services,Quintile 2,2014
8.90925407409668,26,,ECU,229,382,29184,327,261921,National,Ecuador,Transport,Quintile 2,2014
15.820069313049316,26,,ECU,229,382,29184,327,261918,National,Ecuador,"Housing, water, electricity, gas and other fuels",Quintile 2,2014
31.60700035095215,26,,ECU,229,383,29184,327,261913,National,Ecuador,Food and non-alcoholic beverages,Quintile 3,2014
0.553424596786499,26,,ECU,229,383,29184,327,261916,National,Ecuador,"Alcoholic beverages, tobacco and narcotics",Quintile 3,2014
4.528305530548096,26,,ECU,229,383,29184,327,261927,National,Ecuador,"Personal care, social proteccion and miscellaneous goods and services",Quintile 3,2014
5.565962791442871,26,,ECU,229,383,29184,327,261922,National,Ecuador,Information and communication,Quintile 3,2014
3.4207663536071777,26,,ECU,229,383,29184,327,261919,National,Ecuador,"Furnishings, household equipment and routine household maintenance",Quintile 3,2014
4.118994235992432,26,,ECU,229,383,29184,327,261917,National,Ecuador,Clothing and footwear,Quintile 3,2014
2.5038421154022217,26,,ECU,229,383,29184,327,261923,National,Ecuador,"Reacreation, sport and culture",Quintile 3,2014
15.617114067077637,26,,ECU,229,383,29184,327,261925,National,Ecuador,Restaurants and accommodation services,Quintile 3,2014
3.804063081741333,26,,ECU,229,383,29184,327,261920,National,Ecuador,Health,Quintile 3,2014
0.17091330885887146,26,,ECU,229,383,29184,327,261926,National,Ecuador,Insurance and financial services,Quintile 3,2014
2.3576366901397705,26,,ECU,229,383,29184,327,261924,National,Ecuador,Education services,Quintile 3,2014
9.410445213317871,26,,ECU,229,383,29184,327,261921,National,Ecuador,Transport,Quintile 3,2014
16.34153175354004,26,,ECU,229,383,29184,327,261918,National,Ecuador,"Housing, water, electricity, gas and other fuels",Quintile 3,2014
26.4000301361084,26,,ECU,229,384,29184,327,261913,National,Ecuador,Food and non-alcoholic beverages,Quintile 4,2014
0.511434018611908,26,,ECU,229,384,29184,327,261916,National,Ecuador,"Alcoholic beverages, tobacco and narcotics",Quintile 4,2014
4.217660903930664,26,,ECU,229,384,29184,327,261927,National,Ecuador,"Personal care, social proteccion and miscellaneous goods and services",Quintile 4,2014
5.959692478179932,26,,ECU,229,384,29184,327,261922,National,Ecuador,Information and communication,Quintile 4,2014
3.3973445892333984,26,,ECU,229,384,29184,327,261919,National,Ecuador,"Furnishings, household equipment and routine household maintenance",Quintile 4,2014
4.3205671310424805,26,,ECU,229,384,29184,327,261917,National,Ecuador,Clothing and footwear,Quintile 4,2014
2.8024322986602783,26,,ECU,229,384,29184,327,261923,National,Ecuador,"Reacreation, sport and culture",Quintile 4,2014
17.09200096130371,26,,ECU,229,384,29184,327,261925,National,Ecuador,Restaurants and accommodation services,Quintile 4,2014
3.8879482746124268,26,,ECU,229,384,29184,327,261920,National,Ecuador,Health,Quintile 4,2014
0.28459876775741577,26,,ECU,229,384,29184,327,261926,National,Ecuador,Insurance and financial services,Quintile 4,2014
3.4806158542633057,26,,ECU,229,384,29184,327,261924,National,Ecuador,Education services,Quintile 4,2014
11.224963188171387,26,,ECU,229,384,29184,327,261921,National,Ecuador,Transport,Quintile 4,2014
16.420711517333984,26,,ECU,229,384,29184,327,261918,National,Ecuador,"Housing, water, electricity, gas and other fuels",Quintile 4,2014
16.863645553588867,26,,ECU,229,381,29184,327,261913,National,Ecuador,Food and non-alcoholic beverages,Quintile 5,2014
0.4955793023109436,26,,ECU,229,381,29184,327,261916,National,Ecuador,"Alcoholic beverages, tobacco and narcotics",Quintile 5,2014
4.47549295425415,26,,ECU,229,381,29184,327,261927,National,Ecuador,"Personal care, social proteccion and miscellaneous goods and services",Quintile 5,2014
6.168766021728516,26,,ECU,229,381,29184,327,261922,National,Ecuador,Information and communication,Quintile 5,2014
4.96978235244751,26,,ECU,229,381,29184,327,261919,National,Ecuador,"Furnishings, household equipment and routine household maintenance",Quintile 5,2014
4.726643085479736,26,,ECU,229,381,29184,327,261917,National,Ecuador,Clothing and footwear,Quintile 5,2014
3.1271708011627197,26,,ECU,229,381,29184,327,261923,National,Ecuador,"Reacreation, sport and culture",Quintile 5,2014
14.762531280517578,26,,ECU,229,381,29184,327,261925,National,Ecuador,Restaurants and accommodation services,Quintile 5,2014
4.587425231933594,26,,ECU,229,381,29184,327,261920,National,Ecuador,Health,Quintile 5,2014
1.2447912693023682,26,,ECU,229,381,29184,327,261926,National,Ecuador,Insurance and financial services,Quintile 5,2014
4.870844841003418,26,,ECU,229,381,29184,327,261924,National,Ecuador,Education services,Quintile 5,2014
16.171798706054688,26,,ECU,229,381,29184,327,261921,National,Ecuador,Transport,Quintile 5,2014
17.53553009033203,26,,ECU,229,381,29184,327,261918,National,Ecuador,"Housing, water, electricity, gas and other fuels",Quintile 5,2014
25.834341049194336,26,,ECU,229,379,29184,327,261913,National,Ecuador,Food and non-alcoholic beverages,Total quintile,2014
0.4908522963523865,26,,ECU,229,379,29184,327,261916,National,Ecuador,"Alcoholic beverages, tobacco and narcotics",Total quintile,2014
4.445148468017578,26,,ECU,229,379,29184,327,261927,National,Ecuador,"Personal care, social proteccion and miscellaneous goods and services",Total quintile,2014
5.5682454109191895,26,,ECU,229,379,29184,327,261922,National,Ecuador,Information and communication,Total quintile,2014
4.079311370849609,26,,ECU,229,379,29184,327,261919,National,Ecuador,"Furnishings, household equipment and routine household maintenance",Total quintile,2014
4.4262375831604,26,,ECU,229,379,29184,327,261917,National,Ecuador,Clothing and footwear,Total quintile,2014
2.8475353717803955,26,,ECU,229,379,29184,327,261923,National,Ecuador,"Reacreation, sport and culture",Total quintile,2014
15.045591354370117,26,,ECU,229,379,29184,327,261925,National,Ecuador,Restaurants and accommodation services,Total quintile,2014
4.09804630279541,26,,ECU,229,379,29184,327,261920,National,Ecuador,Health,Total quintile,2014
0.627163290977478,26,,ECU,229,379,29184,327,261926,National,Ecuador,Insurance and financial services,Total quintile,2014
3.432162284851074,26,,ECU,229,379,29184,327,261924,National,Ecuador,Education services,Total quintile,2014
12.403019905090332,26,,ECU,229,379,29184,327,261921,National,Ecuador,Transport,Total quintile,2014
16.70234489440918,26,,ECU,229,379,29184,327,261918,National,Ecuador,"Housing, water, electricity, gas and other fuels",Total quintile,2014
46.59333038330078,26,,ECU,229,380,29184,331,261913,Rural,Ecuador,Food and non-alcoholic beverages,Quintile 1,2014
0.39956873655319214,26,,ECU,229,380,29184,331,261916,Rural,Ecuador,"Alcoholic beverages, tobacco and narcotics",Quintile 1,2014
4.2662153244018555,26,,ECU,229,380,29184,331,261927,Rural,Ecuador,"Personal care, social proteccion and miscellaneous goods and services",Quintile 1,2014
2.7904434204101562,26,,ECU,229,380,29184,331,261922,Rural,Ecuador,Information and communication,Quintile 1,2014
3.4902923107147217,26,,ECU,229,380,29184,331,261919,Rural,Ecuador,"Furnishings, household equipment and routine household maintenance",Quintile 1,2014
3.8961589336395264,26,,ECU,229,380,29184,331,261917,Rural,Ecuador,Clothing and footwear,Quintile 1,2014
2.4771366119384766,26,,ECU,229,380,29184,331,261923,Rural,Ecuador,"Reacreation, sport and culture",Quintile 1,2014
9.310653686523438,26,,ECU,229,380,29184,331,261925,Rural,Ecuador,Restaurants and accommodation services,Quintile 1,2014
3.3967268466949463,26,,ECU,229,380,29184,331,261920,Rural,Ecuador,Health,Quintile 1,2014
0.10513447970151901,26,,ECU,229,380,29184,331,261926,Rural,Ecuador,Insurance and financial services,Quintile 1,2014
0.6590368151664734,26,,ECU,229,380,29184,331,261924,Rural,Ecuador,Education services,Quintile 1,2014
8.97456169128418,26,,ECU,229,380,29184,331,261921,Rural,Ecuador,Transport,Quintile 1,2014
13.640741348266602,26,,ECU,229,380,29184,331,261918,Rural,Ecuador,"Housing, water, electricity, gas and other fuels",Quintile 1,2014
43.040283203125,26,,ECU,229,382,29184,331,261913,Rural,Ecuador,Food and non-alcoholic beverages,Quintile 2,2014
0.36530551314353943,26,,ECU,229,382,29184,331,261916,Rural,Ecuador,"Alcoholic beverages, tobacco and narcotics",Quintile 2,2014
4.486541748046875,26,,ECU,229,382,29184,331,261927,Rural,Ecuador,"Personal care, social proteccion and miscellaneous goods and services",Quintile 2,2014
3.1505239009857178,26,,ECU,229,382,29184,331,261922,Rural,Ecuador,Information and communication,Quintile 2,2014
3.726950168609619,26,,ECU,229,382,29184,331,261919,Rural,Ecuador,"Furnishings, household equipment and routine household maintenance",Quintile 2,2014
3.902881383895874,26,,ECU,229,382,29184,331,261917,Rural,Ecuador,Clothing and footwear,Quintile 2,2014
2.1140997409820557,26,,ECU,229,382,29184,331,261923,Rural,Ecuador,"Reacreation, sport and culture",Quintile 2,2014
12.264660835266113,26,,ECU,229,382,29184,331,261925,Rural,Ecuador,Restaurants and accommodation services,Quintile 2,2014
3.699047088623047,26,,ECU,229,382,29184,331,261920,Rural,Ecuador,Health,Quintile 2,2014
0.10701891779899597,26,,ECU,229,382,29184,331,261926,Rural,Ecuador,Insurance and financial services,Quintile 2,2014
0.6555479168891907,26,,ECU,229,382,29184,331,261924,Rural,Ecuador,Education services,Quintile 2,2014
8.51785659790039,26,,ECU,229,382,29184,331,261921,Rural,Ecuador,Transport,Quintile 2,2014
13.969282150268555,26,,ECU,229,382,29184,331,261918,Rural,Ecuador,"Housing, water, electricity, gas and other fuels",Quintile 2,2014
38.910194396972656,26,,ECU,229,383,29184,331,261913,Rural,Ecuador,Food and non-alcoholic beverages,Quintile 3,2014
0.4838651418685913,26,,ECU,229,383,29184,331,261916,Rural,Ecuador,"Alcoholic beverages, tobacco and narcotics",Quintile 3,2014
4.294219493865967,26,,ECU,229,383,29184,331,261927,Rural,Ecuador,"Personal care, social proteccion and miscellaneous goods and services",Quintile 3,2014
3.6461992263793945,26,,ECU,229,383,29184,331,261922,Rural,Ecuador,Information and communication,Quintile 3,2014
3.5049357414245605,26,,ECU,229,383,29184,331,261919,Rural,Ecuador,"Furnishings, household equipment and routine household maintenance",Quintile 3,2014
4.050273418426514,26,,ECU,229,383,29184,331,261917,Rural,Ecuador,Clothing and footwear,Quintile 3,2014
2.0578315258026123,26,,ECU,229,383,29184,331,261923,Rural,Ecuador,"Reacreation, sport and culture",Quintile 3,2014
14.431160926818848,26,,ECU,229,383,29184,331,261925,Rural,Ecuador,Restaurants and accommodation services,Quintile 3,2014
3.7493062019348145,26,,ECU,229,383,29184,331,261920,Rural,Ecuador,Health,Quintile 3,2014
0.11273577064275742,26,,ECU,229,383,29184,331,261926,Rural,Ecuador,Insurance and financial services,Quintile 3,2014
0.9228358864784241,26,,ECU,229,383,29184,331,261924,Rural,Ecuador,Education services,Quintile 3,2014
10.06808090209961,26,,ECU,229,383,29184,331,261921,Rural,Ecuador,Transport,Quintile 3,2014
13.76836109161377,26,,ECU,229,383,29184,331,261918,Rural,Ecuador,"Housing, water, electricity, gas and other fuels",Quintile 3,2014
35.263954162597656,26,,ECU,229,384,29184,331,261913,Rural,Ecuador,Food and non-alcoholic beverages,Quintile 4,2014
0.46229490637779236,26,,ECU,229,384,29184,331,261916,Rural,Ecuador,"Alcoholic beverages, tobacco and narcotics",Quintile 4,2014
4.328266620635986,26,,ECU,229,384,29184,331,261927,Rural,Ecuador,"Personal care, social proteccion and miscellaneous goods and services",Quintile 4,2014
4.406450271606445,26,,ECU,229,384,29184,331,261922,Rural,Ecuador,Information and communication,Quintile 4,2014
3.508111000061035,26,,ECU,229,384,29184,331,261919,Rural,Ecuador,"Furnishings, household equipment and routine household maintenance",Quintile 4,2014
3.8783247470855713,26,,ECU,229,384,29184,331,261917,Rural,Ecuador,Clothing and footwear,Quintile 4,2014
1.9631887674331665,26,,ECU,229,384,29184,331,261923,Rural,Ecuador,"Reacreation, sport and culture",Quintile 4,2014
15.890974044799805,26,,ECU,229,384,29184,331,261925,Rural,Ecuador,Restaurants and accommodation services,Quintile 4,2014
4.309029579162598,26,,ECU,229,384,29184,331,261920,Rural,Ecuador,Health,Quintile 4,2014
0.18055832386016846,26,,ECU,229,384,29184,331,261926,Rural,Ecuador,Insurance and financial services,Quintile 4,2014
1.2545808553695679,26,,ECU,229,384,29184,331,261924,Rural,Ecuador,Education services,Quintile 4,2014
10.87248420715332,26,,ECU,229,384,29184,331,261921,Rural,Ecuador,Transport,Quintile 4,2014
13.681783676147461,26,,ECU,229,384,29184,331,261918,Rural,Ecuador,"Housing, water, electricity, gas and other fuels",Quintile 4,2014
24.82223129272461,26,,ECU,229,381,29184,331,261913,Rural,Ecuador,Food and non-alcoholic beverages,Quintile 5,2014
0.5522636771202087,26,,ECU,229,381,29184,331,261916,Rural,Ecuador,"Alcoholic beverages, tobacco and narcotics",Quintile 5,2014
4.178590297698975,26,,ECU,229,381,29184,331,261927,Rural,Ecuador,"Personal care, social proteccion and miscellaneous goods and services",Quintile 5,2014
5.222695350646973,26,,ECU,229,381,29184,331,261922,Rural,Ecuador,Information and communication,Quintile 5,2014
3.6914291381835938,26,,ECU,229,381,29184,331,261919,Rural,Ecuador,"Furnishings, household equipment and routine household maintenance",Quintile 5,2014
4.240636348724365,26,,ECU,229,381,29184,331,261917,Rural,Ecuador,Clothing and footwear,Quintile 5,2014
2.1135141849517822,26,,ECU,229,381,29184,331,261923,Rural,Ecuador,"Reacreation, sport and culture",Quintile 5,2014
17.707956314086914,26,,ECU,229,381,29184,331,261925,Rural,Ecuador,Restaurants and accommodation services,Quintile 5,2014
4.610121726989746,26,,ECU,229,381,29184,331,261920,Rural,Ecuador,Health,Quintile 5,2014
0.5982252955436707,26,,ECU,229,381,29184,331,261926,Rural,Ecuador,Insurance and financial services,Quintile 5,2014
2.0945382118225098,26,,ECU,229,381,29184,331,261924,Rural,Ecuador,Education services,Quintile 5,2014
16.28053855895996,26,,ECU,229,381,29184,331,261921,Rural,Ecuador,Transport,Quintile 5,2014
13.887260437011719,26,,ECU,229,381,29184,331,261918,Rural,Ecuador,"Housing, water, electricity, gas and other fuels",Quintile 5,2014
34.24652099609375,26,,ECU,229,379,29184,331,261913,Rural,Ecuador,Food and non-alcoholic beverages,Total quintile,2014
0.4794388711452484,26,,ECU,229,379,29184,331,261916,Rural,Ecuador,"Alcoholic beverages, tobacco and narcotics",Total quintile,2014
4.282346725463867,26,,ECU,229,379,29184,331,261927,Rural,Ecuador,"Personal care, social proteccion and miscellaneous goods and services",Total quintile,2014
4.23928689956665,26,,ECU,229,379,29184,331,261922,Rural,Ecuador,Information and communication,Total quintile,2014
3.604739189147949,26,,ECU,229,379,29184,331,261919,Rural,Ecuador,"Furnishings, household equipment and routine household maintenance",Total quintile,2014
4.047860622406006,26,,ECU,229,379,29184,331,261917,Rural,Ecuador,Clothing and footwear,Total quintile,2014
2.1097371578216553,26,,ECU,229,379,29184,331,261923,Rural,Ecuador,"Reacreation, sport and culture",Total quintile,2014
15.132258415222168,26,,ECU,229,379,29184,331,261925,Rural,Ecuador,Restaurants and accommodation services,Total quintile,2014
4.1468610763549805,26,,ECU,229,379,29184,331,261920,Rural,Ecuador,Health,Total quintile,2014
0.3068644106388092,26,,ECU,229,379,29184,331,261926,Rural,Ecuador,Insurance and financial services,Total quintile,2014
1.3664346933364868,26,,ECU,229,379,29184,331,261924,Rural,Ecuador,Education services,Total quintile,2014
12.228625297546387,26,,ECU,229,379,29184,331,261921,Rural,Ecuador,Transport,Total quintile,2014
13.809026718139648,26,,ECU,229,379,29184,331,261918,Rural,Ecuador,"Housing, water, electricity, gas and other fuels",Total quintile,2014
37.4283447265625,26,,ECU,229,380,29184,330,261913,Urban,Ecuador,Food and non-alcoholic beverages,Quintile 1,2014
0.3906498849391937,26,,ECU,229,380,29184,330,261916,Urban,Ecuador,"Alcoholic beverages, tobacco and narcotics",Quintile 1,2014
4.827294826507568,26,,ECU,229,380,29184,330,261927,Urban,Ecuador,"Personal care, social proteccion and miscellaneous goods and services",Quintile 1,2014
4.056390762329102,26,,ECU,229,380,29184,330,261922,Urban,Ecuador,Information and communication,Quintile 1,2014
3.5327930450439453,26,,ECU,229,380,29184,330,261919,Urban,Ecuador,"Furnishings, household equipment and routine household maintenance",Quintile 1,2014
4.438869953155518,26,,ECU,229,380,29184,330,261917,Urban,Ecuador,Clothing and footwear,Quintile 1,2014
2.916342258453369,26,,ECU,229,380,29184,330,261923,Urban,Ecuador,"Reacreation, sport and culture",Quintile 1,2014
12.850035667419434,26,,ECU,229,380,29184,330,261925,Urban,Ecuador,Restaurants and accommodation services,Quintile 1,2014
3.5502476692199707,26,,ECU,229,380,29184,330,261920,Urban,Ecuador,Health,Quintile 1,2014
0.11161322891712189,26,,ECU,229,380,29184,330,261926,Urban,Ecuador,Insurance and financial services,Quintile 1,2014
1.4835965633392334,26,,ECU,229,380,29184,330,261924,Urban,Ecuador,Education services,Quintile 1,2014
7.398705959320068,26,,ECU,229,380,29184,330,261921,Urban,Ecuador,Transport,Quintile 1,2014
17.01511573791504,26,,ECU,229,380,29184,330,261918,Urban,Ecuador,"Housing, water, electricity, gas and other fuels",Quintile 1,2014
32.407657623291016,26,,ECU,229,382,29184,330,261913,Urban,Ecuador,Food and non-alcoholic beverages,Quintile 2,2014
0.48106780648231506,26,,ECU,229,382,29184,330,261916,Urban,Ecuador,"Alcoholic beverages, tobacco and narcotics",Quintile 2,2014
4.601282119750977,26,,ECU,229,382,29184,330,261927,Urban,Ecuador,"Personal care, social proteccion and miscellaneous goods and services",Quintile 2,2014
5.476470947265625,26,,ECU,229,382,29184,330,261922,Urban,Ecuador,Information and communication,Quintile 2,2014
3.364741802215576,26,,ECU,229,382,29184,330,261919,Urban,Ecuador,"Furnishings, household equipment and routine household maintenance",Quintile 2,2014
4.125370502471924,26,,ECU,229,382,29184,330,261917,Urban,Ecuador,Clothing and footwear,Quintile 2,2014
2.7706480026245117,26,,ECU,229,382,29184,330,261923,Urban,Ecuador,"Reacreation, sport and culture",Quintile 2,2014
14.755209922790527,26,,ECU,229,382,29184,330,261925,Urban,Ecuador,Restaurants and accommodation services,Quintile 2,2014
3.5013344287872314,26,,ECU,229,382,29184,330,261920,Urban,Ecuador,Health,Quintile 2,2014
0.14342214167118073,26,,ECU,229,382,29184,330,261926,Urban,Ecuador,Insurance and financial services,Quintile 2,2014
2.5276124477386475,26,,ECU,229,382,29184,330,261924,Urban,Ecuador,Education services,Quintile 2,2014
8.693517684936523,26,,ECU,229,382,29184,330,261921,Urban,Ecuador,Transport,Quintile 2,2014
17.15166664123535,26,,ECU,229,382,29184,330,261918,Urban,Ecuador,"Housing, water, electricity, gas and other fuels",Quintile 2,2014
28.822402954101562,26,,ECU,229,383,29184,330,261913,Urban,Ecuador,Food and non-alcoholic beverages,Quintile 3,2014
0.5695499777793884,26,,ECU,229,383,29184,330,261916,Urban,Ecuador,"Alcoholic beverages, tobacco and narcotics",Quintile 3,2014
4.445868492126465,26,,ECU,229,383,29184,330,261927,Urban,Ecuador,"Personal care, social proteccion and miscellaneous goods and services",Quintile 3,2014
6.083371162414551,26,,ECU,229,383,29184,330,261922,Urban,Ecuador,Information and communication,Quintile 3,2014
3.460153341293335,26,,ECU,229,383,29184,330,261919,Urban,Ecuador,"Furnishings, household equipment and routine household maintenance",Quintile 3,2014
4.378686428070068,26,,ECU,229,383,29184,330,261917,Urban,Ecuador,Clothing and footwear,Quintile 3,2014
2.812028646469116,26,,ECU,229,383,29184,330,261923,Urban,Ecuador,"Reacreation, sport and culture",Quintile 3,2014
16.428625106811523,26,,ECU,229,383,29184,330,261925,Urban,Ecuador,Restaurants and accommodation services,Quintile 3,2014
3.773865222930908,26,,ECU,229,383,29184,330,261920,Urban,Ecuador,Health,Quintile 3,2014
0.20369601249694824,26,,ECU,229,383,29184,330,261926,Urban,Ecuador,Insurance and financial services,Quintile 3,2014
2.9135189056396484,26,,ECU,229,383,29184,330,261924,Urban,Ecuador,Education services,Quintile 3,2014
8.97165298461914,26,,ECU,229,383,29184,330,261921,Urban,Ecuador,Transport,Quintile 3,2014
17.136581420898438,26,,ECU,229,383,29184,330,261918,Urban,Ecuador,"Housing, water, electricity, gas and other fuels",Quintile 3,2014
23.57077980041504,26,,ECU,229,384,29184,330,261913,Urban,Ecuador,Food and non-alcoholic beverages,Quintile 4,2014
0.4983298182487488,26,,ECU,229,384,29184,330,261916,Urban,Ecuador,"Alcoholic beverages, tobacco and narcotics",Quintile 4,2014
4.188823699951172,26,,ECU,229,384,29184,330,261927,Urban,Ecuador,"Personal care, social proteccion and miscellaneous goods and services",Quintile 4,2014
6.3318867683410645,26,,ECU,229,384,29184,330,261922,Urban,Ecuador,Information and communication,Quintile 4,2014
3.5219898223876953,26,,ECU,229,384,29184,330,261919,Urban,Ecuador,"Furnishings, household equipment and routine household maintenance",Quintile 4,2014
4.339509010314941,26,,ECU,229,384,29184,330,261917,Urban,Ecuador,Clothing and footwear,Quintile 4,2014
3.04594349861145,26,,ECU,229,384,29184,330,261923,Urban,Ecuador,"Reacreation, sport and culture",Quintile 4,2014
16.063833236694336,26,,ECU,229,384,29184,330,261925,Urban,Ecuador,Restaurants and accommodation services,Quintile 4,2014
3.902195692062378,26,,ECU,229,384,29184,330,261920,Urban,Ecuador,Health,Quintile 4,2014
0.3690244257450104,26,,ECU,229,384,29184,330,261926,Urban,Ecuador,Insurance and financial services,Quintile 4,2014
4.403889179229736,26,,ECU,229,384,29184,330,261924,Urban,Ecuador,Education services,Quintile 4,2014
12.248929023742676,26,,ECU,229,384,29184,330,261921,Urban,Ecuador,Transport,Quintile 4,2014
17.51486587524414,26,,ECU,229,384,29184,330,261918,Urban,Ecuador,"Housing, water, electricity, gas and other fuels",Quintile 4,2014
15.501350402832031,26,,ECU,229,381,29184,330,261913,Urban,Ecuador,Food and non-alcoholic beverages,Quintile 5,2014
0.48914089798927307,26,,ECU,229,381,29184,330,261916,Urban,Ecuador,"Alcoholic beverages, tobacco and narcotics",Quintile 5,2014
4.552209854125977,26,,ECU,229,381,29184,330,261927,Urban,Ecuador,"Personal care, social proteccion and miscellaneous goods and services",Quintile 5,2014
6.2044548988342285,26,,ECU,229,381,29184,330,261922,Urban,Ecuador,Information and communication,Quintile 5,2014
5.3007636070251465,26,,ECU,229,381,29184,330,261919,Urban,Ecuador,"Furnishings, household equipment and routine household maintenance",Quintile 5,2014
4.835757255554199,26,,ECU,229,381,29184,330,261917,Urban,Ecuador,Clothing and footwear,Quintile 5,2014
3.2493960857391357,26,,ECU,229,381,29184,330,261923,Urban,Ecuador,"Reacreation, sport and culture",Quintile 5,2014
14.483935356140137,26,,ECU,229,381,29184,330,261925,Urban,Ecuador,Restaurants and accommodation services,Quintile 5,2014
4.621888637542725,26,,ECU,229,381,29184,330,261920,Urban,Ecuador,Health,Quintile 5,2014
1.4243556261062622,26,,ECU,229,381,29184,330,261926,Urban,Ecuador,Insurance and financial services,Quintile 5,2014
5.220031261444092,26,,ECU,229,381,29184,330,261924,Urban,Ecuador,Education services,Quintile 5,2014
16.339162826538086,26,,ECU,229,381,29184,330,261921,Urban,Ecuador,Transport,Quintile 5,2014
17.77755355834961,26,,ECU,229,381,29184,330,261918,Urban,Ecuador,"Housing, water, electricity, gas and other fuels",Quintile 5,2014
23.614540100097656,26,,ECU,229,379,29184,330,261913,Urban,Ecuador,Food and non-alcoholic beverages,Total quintile,2014
0.4938640594482422,26,,ECU,229,379,29184,330,261916,Urban,Ecuador,"Alcoholic beverages, tobacco and narcotics",Total quintile,2014
4.488108158111572,26,,ECU,229,379,29184,330,261927,Urban,Ecuador,"Personal care, social proteccion and miscellaneous goods and services",Total quintile,2014
5.918930530548096,26,,ECU,229,379,29184,330,261922,Urban,Ecuador,Information and communication,Total quintile,2014
4.204541206359863,26,,ECU,229,379,29184,330,261919,Urban,Ecuador,"Furnishings, household equipment and routine household maintenance",Total quintile,2014
4.526083469390869,26,,ECU,229,379,29184,330,261917,Urban,Ecuador,Clothing and footwear,Total quintile,2014
3.0422251224517822,26,,ECU,229,379,29184,330,261923,Urban,Ecuador,"Reacreation, sport and culture",Total quintile,2014
15.022721290588379,26,,ECU,229,379,29184,330,261925,Urban,Ecuador,Restaurants and accommodation services,Total quintile,2014
4.085165023803711,26,,ECU,229,379,29184,330,261920,Urban,Ecuador,Health,Total quintile,2014
0.7116836309432983,26,,ECU,229,379,29184,330,261926,Urban,Ecuador,Insurance and financial services,Total quintile,2014
3.9772653579711914,26,,ECU,229,379,29184,330,261924,Urban,Ecuador,Education services,Total quintile,2014
12.449039459228516,26,,ECU,229,379,29184,330,261921,Urban,Ecuador,Transport,Total quintile,2014
17.46583366394043,26,,ECU,229,379,29184,330,261918,Urban,Ecuador,"Housing, water, electricity, gas and other fuels",Total quintile,2014
30.811756134033203,26,,SLV,230,380,29176,327,261913,National,El Salvador,Food and non-alcoholic beverages,Quintile 1,2006
0.27300745248794556,26,,SLV,230,380,29176,327,261916,National,El Salvador,"Alcoholic beverages, tobacco and narcotics",Quintile 1,2006
7.131916522979736,26,,SLV,230,380,29176,327,261927,National,El Salvador,"Personal care, social proteccion and miscellaneous goods and services",Quintile 1,2006
4.473649501800537,26,,SLV,230,380,29176,327,261922,National,El Salvador,Information and communication,Quintile 1,2006
7.235107421875,26,,SLV,230,380,29176,327,261919,National,El Salvador,"Furnishings, household equipment and routine household maintenance",Quintile 1,2006
5.302757263183594,26,,SLV,230,380,29176,327,261917,National,El Salvador,Clothing and footwear,Quintile 1,2006
6.16365909576416,26,,SLV,230,380,29176,327,261923,National,El Salvador,"Reacreation, sport and culture",Quintile 1,2006
3.4481325149536133,26,,SLV,230,380,29176,327,261925,National,El Salvador,Restaurants and accommodation services,Quintile 1,2006
5.241677284240723,26,,SLV,230,380,29176,327,261920,National,El Salvador,Health,Quintile 1,2006
0.27328139543533325,26,,SLV,230,380,29176,327,261926,National,El Salvador,Insurance and financial services,Quintile 1,2006
0.8532626032829285,26,,SLV,230,380,29176,327,261924,National,El Salvador,Education services,Quintile 1,2006
6.616818904876709,26,,SLV,230,380,29176,327,261921,National,El Salvador,Transport,Quintile 1,2006
22.174972534179688,26,,SLV,230,380,29176,327,261918,National,El Salvador,"Housing, water, electricity, gas and other fuels",Quintile 1,2006
31.6258487701416,26,,SLV,230,382,29176,327,261913,National,El Salvador,Food and non-alcoholic beverages,Quintile 2,2006
0.45173555612564087,26,,SLV,230,382,29176,327,261916,National,El Salvador,"Alcoholic beverages, tobacco and narcotics",Quintile 2,2006
6.249706268310547,26,,SLV,230,382,29176,327,261927,National,El Salvador,"Personal care, social proteccion and miscellaneous goods and services",Quintile 2,2006
4.19304084777832,26,,SLV,230,382,29176,327,261922,National,El Salvador,Information and communication,Quintile 2,2006
6.842297554016113,26,,SLV,230,382,29176,327,261919,National,El Salvador,"Furnishings, household equipment and routine household maintenance",Quintile 2,2006
4.84004020690918,26,,SLV,230,382,29176,327,261917,National,El Salvador,Clothing and footwear,Quintile 2,2006
4.272430419921875,26,,SLV,230,382,29176,327,261923,National,El Salvador,"Reacreation, sport and culture",Quintile 2,2006
4.400205135345459,26,,SLV,230,382,29176,327,261925,National,El Salvador,Restaurants and accommodation services,Quintile 2,2006
4.474071025848389,26,,SLV,230,382,29176,327,261920,National,El Salvador,Health,Quintile 2,2006
0.6826764941215515,26,,SLV,230,382,29176,327,261926,National,El Salvador,Insurance and financial services,Quintile 2,2006
1.7005176544189453,26,,SLV,230,382,29176,327,261924,National,El Salvador,Education services,Quintile 2,2006
6.19909143447876,26,,SLV,230,382,29176,327,261921,National,El Salvador,Transport,Quintile 2,2006
24.068340301513672,26,,SLV,230,382,29176,327,261918,National,El Salvador,"Housing, water, electricity, gas and other fuels",Quintile 2,2006
28.72148323059082,26,,SLV,230,383,29176,327,261913,National,El Salvador,Food and non-alcoholic beverages,Quintile 3,2006
0.3854042887687683,26,,SLV,230,383,29176,327,261916,National,El Salvador,"Alcoholic beverages, tobacco and narcotics",Quintile 3,2006
6.849940776824951,26,,SLV,230,383,29176,327,261927,National,El Salvador,"Personal care, social proteccion and miscellaneous goods and services",Quintile 3,2006
5.068302154541016,26,,SLV,230,383,29176,327,261922,National,El Salvador,Information and communication,Quintile 3,2006
6.572970867156982,26,,SLV,230,383,29176,327,261919,National,El Salvador,"Furnishings, household equipment and routine household maintenance",Quintile 3,2006
5.254457950592041,26,,SLV,230,383,29176,327,261917,National,El Salvador,Clothing and footwear,Quintile 3,2006
3.6027746200561523,26,,SLV,230,383,29176,327,261923,National,El Salvador,"Reacreation, sport and culture",Quintile 3,2006
6.212873458862305,26,,SLV,230,383,29176,327,261925,National,El Salvador,Restaurants and accommodation services,Quintile 3,2006
4.178786277770996,26,,SLV,230,383,29176,327,261920,National,El Salvador,Health,Quintile 3,2006
1.0093106031417847,26,,SLV,230,383,29176,327,261926,National,El Salvador,Insurance and financial services,Quintile 3,2006
2.3392815589904785,26,,SLV,230,383,29176,327,261924,National,El Salvador,Education services,Quintile 3,2006
7.681768894195557,26,,SLV,230,383,29176,327,261921,National,El Salvador,Transport,Quintile 3,2006
22.122644424438477,26,,SLV,230,383,29176,327,261918,National,El Salvador,"Housing, water, electricity, gas and other fuels",Quintile 3,2006
24.21529769897461,26,,SLV,230,384,29176,327,261913,National,El Salvador,Food and non-alcoholic beverages,Quintile 4,2006
0.2819148302078247,26,,SLV,230,384,29176,327,261916,National,El Salvador,"Alcoholic beverages, tobacco and narcotics",Quintile 4,2006
7.261463642120361,26,,SLV,230,384,29176,327,261927,National,El Salvador,"Personal care, social proteccion and miscellaneous goods and services",Quintile 4,2006
5.766451835632324,26,,SLV,230,384,29176,327,261922,National,El Salvador,Information and communication,Quintile 4,2006
6.397096157073975,26,,SLV,230,384,29176,327,261919,National,El Salvador,"Furnishings, household equipment and routine household maintenance",Quintile 4,2006
5.052709579467773,26,,SLV,230,384,29176,327,261917,National,El Salvador,Clothing and footwear,Quintile 4,2006
3.5781636238098145,26,,SLV,230,384,29176,327,261923,National,El Salvador,"Reacreation, sport and culture",Quintile 4,2006
7.71845817565918,26,,SLV,230,384,29176,327,261925,National,El Salvador,Restaurants and accommodation services,Quintile 4,2006
4.274684906005859,26,,SLV,230,384,29176,327,261920,National,El Salvador,Health,Quintile 4,2006
1.2561545372009277,26,,SLV,230,384,29176,327,261926,National,El Salvador,Insurance and financial services,Quintile 4,2006
2.4697329998016357,26,,SLV,230,384,29176,327,261924,National,El Salvador,Education services,Quintile 4,2006
10.615255355834961,26,,SLV,230,384,29176,327,261921,National,El Salvador,Transport,Quintile 4,2006
21.11261558532715,26,,SLV,230,384,29176,327,261918,National,El Salvador,"Housing, water, electricity, gas and other fuels",Quintile 4,2006
15.521400451660156,26,,SLV,230,381,29176,327,261913,National,El Salvador,Food and non-alcoholic beverages,Quintile 5,2006
0.4124681055545807,26,,SLV,230,381,29176,327,261916,National,El Salvador,"Alcoholic beverages, tobacco and narcotics",Quintile 5,2006
6.484222412109375,26,,SLV,230,381,29176,327,261927,National,El Salvador,"Personal care, social proteccion and miscellaneous goods and services",Quintile 5,2006
5.765194416046143,26,,SLV,230,381,29176,327,261922,National,El Salvador,Information and communication,Quintile 5,2006
5.963010787963867,26,,SLV,230,381,29176,327,261919,National,El Salvador,"Furnishings, household equipment and routine household maintenance",Quintile 5,2006
4.453594207763672,26,,SLV,230,381,29176,327,261917,National,El Salvador,Clothing and footwear,Quintile 5,2006
4.488527774810791,26,,SLV,230,381,29176,327,261923,National,El Salvador,"Reacreation, sport and culture",Quintile 5,2006
7.098544597625732,26,,SLV,230,381,29176,327,261925,National,El Salvador,Restaurants and accommodation services,Quintile 5,2006
4.587231159210205,26,,SLV,230,381,29176,327,261920,National,El Salvador,Health,Quintile 5,2006
2.8598785400390625,26,,SLV,230,381,29176,327,261926,National,El Salvador,Insurance and financial services,Quintile 5,2006
4.195116996765137,26,,SLV,230,381,29176,327,261924,National,El Salvador,Education services,Quintile 5,2006
14.961160659790039,26,,SLV,230,381,29176,327,261921,National,El Salvador,Transport,Quintile 5,2006
23.20965003967285,26,,SLV,230,381,29176,327,261918,National,El Salvador,"Housing, water, electricity, gas and other fuels",Quintile 5,2006
22.28368377685547,26,,SLV,230,379,29176,327,261913,National,El Salvador,Food and non-alcoholic beverages,Total quintile,2006
0.3732850253582001,26,,SLV,230,379,29176,327,261916,National,El Salvador,"Alcoholic beverages, tobacco and narcotics",Total quintile,2006
6.7283806800842285,26,,SLV,230,379,29176,327,261927,National,El Salvador,"Personal care, social proteccion and miscellaneous goods and services",Total quintile,2006
5.3784332275390625,26,,SLV,230,379,29176,327,261922,National,El Salvador,Information and communication,Total quintile,2006
6.349839210510254,26,,SLV,230,379,29176,327,261919,National,El Salvador,"Furnishings, household equipment and routine household maintenance",Total quintile,2006
4.807297229766846,26,,SLV,230,379,29176,327,261917,National,El Salvador,Clothing and footwear,Total quintile,2006
4.315476894378662,26,,SLV,230,379,29176,327,261923,National,El Salvador,"Reacreation, sport and culture",Total quintile,2006
6.468448638916016,26,,SLV,230,379,29176,327,261925,National,El Salvador,Restaurants and accommodation services,Total quintile,2006
4.516724109649658,26,,SLV,230,379,29176,327,261920,National,El Salvador,Health,Total quintile,2006
1.8005032539367676,26,,SLV,230,379,29176,327,261926,National,El Salvador,Insurance and financial services,Total quintile,2006
3.004955291748047,26,,SLV,230,379,29176,327,261924,National,El Salvador,Education services,Total quintile,2006
11.344440460205078,26,,SLV,230,379,29176,327,261921,National,El Salvador,Transport,Total quintile,2006
22.628530502319336,26,,SLV,230,379,29176,327,261918,National,El Salvador,"Housing, water, electricity, gas and other fuels",Total quintile,2006
30.935396194458008,26,,SLV,230,380,29176,331,261913,Rural,El Salvador,Food and non-alcoholic beverages,Quintile 1,2006
0.3536258339881897,26,,SLV,230,380,29176,331,261916,Rural,El Salvador,"Alcoholic beverages, tobacco and narcotics",Quintile 1,2006
6.253561496734619,26,,SLV,230,380,29176,331,261927,Rural,El Salvador,"Personal care, social proteccion and miscellaneous goods and services",Quintile 1,2006
3.891113519668579,26,,SLV,230,380,29176,331,261922,Rural,El Salvador,Information and communication,Quintile 1,2006
7.980175971984863,26,,SLV,230,380,29176,331,261919,Rural,El Salvador,"Furnishings, household equipment and routine household maintenance",Quintile 1,2006
4.893872261047363,26,,SLV,230,380,29176,331,261917,Rural,El Salvador,Clothing and footwear,Quintile 1,2006
9.561859130859375,26,,SLV,230,380,29176,331,261923,Rural,El Salvador,"Reacreation, sport and culture",Quintile 1,2006
3.0353360176086426,26,,SLV,230,380,29176,331,261925,Rural,El Salvador,Restaurants and accommodation services,Quintile 1,2006
5.590680122375488,26,,SLV,230,380,29176,331,261920,Rural,El Salvador,Health,Quintile 1,2006
0.07273343950510025,26,,SLV,230,380,29176,331,261926,Rural,El Salvador,Insurance and financial services,Quintile 1,2006
0.2849055528640747,26,,SLV,230,380,29176,331,261924,Rural,El Salvador,Education services,Quintile 1,2006
4.829178333282471,26,,SLV,230,380,29176,331,261921,Rural,El Salvador,Transport,Quintile 1,2006
22.317562103271484,26,,SLV,230,380,29176,331,261918,Rural,El Salvador,"Housing, water, electricity, gas and other fuels",Quintile 1,2006
36.16114807128906,26,,SLV,230,382,29176,331,261913,Rural,El Salvador,Food and non-alcoholic beverages,Quintile 2,2006
0.19384300708770752,26,,SLV,230,382,29176,331,261916,Rural,El Salvador,"Alcoholic beverages, tobacco and narcotics",Quintile 2,2006
5.844639778137207,26,,SLV,230,382,29176,331,261927,Rural,El Salvador,"Personal care, social proteccion and miscellaneous goods and services",Quintile 2,2006
3.111189603805542,26,,SLV,230,382,29176,331,261922,Rural,El Salvador,Information and communication,Quintile 2,2006
7.540399074554443,26,,SLV,230,382,29176,331,261919,Rural,El Salvador,"Furnishings, household equipment and routine household maintenance",Quintile 2,2006
5.93783712387085,26,,SLV,230,382,29176,331,261917,Rural,El Salvador,Clothing and footwear,Quintile 2,2006
4.675494194030762,26,,SLV,230,382,29176,331,261923,Rural,El Salvador,"Reacreation, sport and culture",Quintile 2,2006
2.3454413414001465,26,,SLV,230,382,29176,331,261925,Rural,El Salvador,Restaurants and accommodation services,Quintile 2,2006
3.5309360027313232,26,,SLV,230,382,29176,331,261920,Rural,El Salvador,Health,Quintile 2,2006
0.396914005279541,26,,SLV,230,382,29176,331,261926,Rural,El Salvador,Insurance and financial services,Quintile 2,2006
0.46280258893966675,26,,SLV,230,382,29176,331,261924,Rural,El Salvador,Education services,Quintile 2,2006
5.472750663757324,26,,SLV,230,382,29176,331,261921,Rural,El Salvador,Transport,Quintile 2,2006
24.32660484313965,26,,SLV,230,382,29176,331,261918,Rural,El Salvador,"Housing, water, electricity, gas and other fuels",Quintile 2,2006
31.79204559326172,26,,SLV,230,383,29176,331,261913,Rural,El Salvador,Food and non-alcoholic beverages,Quintile 3,2006
0.4957766532897949,26,,SLV,230,383,29176,331,261916,Rural,El Salvador,"Alcoholic beverages, tobacco and narcotics",Quintile 3,2006
6.26595401763916,26,,SLV,230,383,29176,331,261927,Rural,El Salvador,"Personal care, social proteccion and miscellaneous goods and services",Quintile 3,2006
3.3309168815612793,26,,SLV,230,383,29176,331,261922,Rural,El Salvador,Information and communication,Quintile 3,2006
6.793318748474121,26,,SLV,230,383,29176,331,261919,Rural,El Salvador,"Furnishings, household equipment and routine household maintenance",Quintile 3,2006
4.468803882598877,26,,SLV,230,383,29176,331,261917,Rural,El Salvador,Clothing and footwear,Quintile 3,2006
5.160009384155273,26,,SLV,230,383,29176,331,261923,Rural,El Salvador,"Reacreation, sport and culture",Quintile 3,2006
2.8783819675445557,26,,SLV,230,383,29176,331,261925,Rural,El Salvador,Restaurants and accommodation services,Quintile 3,2006
4.417081356048584,26,,SLV,230,383,29176,331,261920,Rural,El Salvador,Health,Quintile 3,2006
0.8568471670150757,26,,SLV,230,383,29176,331,261926,Rural,El Salvador,Insurance and financial services,Quintile 3,2006
2.064847469329834,26,,SLV,230,383,29176,331,261924,Rural,El Salvador,Education services,Quintile 3,2006
5.507273197174072,26,,SLV,230,383,29176,331,261921,Rural,El Salvador,Transport,Quintile 3,2006
25.9687442779541,26,,SLV,230,383,29176,331,261918,Rural,El Salvador,"Housing, water, electricity, gas and other fuels",Quintile 3,2006
30.091289520263672,26,,SLV,230,384,29176,331,261913,Rural,El Salvador,Food and non-alcoholic beverages,Quintile 4,2006
0.3326897621154785,26,,SLV,230,384,29176,331,261916,Rural,El Salvador,"Alcoholic beverages, tobacco and narcotics",Quintile 4,2006
8.026122093200684,26,,SLV,230,384,29176,331,261927,Rural,El Salvador,"Personal care, social proteccion and miscellaneous goods and services",Quintile 4,2006
3.699289560317993,26,,SLV,230,384,29176,331,261922,Rural,El Salvador,Information and communication,Quintile 4,2006
6.10950231552124,26,,SLV,230,384,29176,331,261919,Rural,El Salvador,"Furnishings, household equipment and routine household maintenance",Quintile 4,2006
5.620336055755615,26,,SLV,230,384,29176,331,261917,Rural,El Salvador,Clothing and footwear,Quintile 4,2006
4.445952892303467,26,,SLV,230,384,29176,331,261923,Rural,El Salvador,"Reacreation, sport and culture",Quintile 4,2006
5.1895575523376465,26,,SLV,230,384,29176,331,261925,Rural,El Salvador,Restaurants and accommodation services,Quintile 4,2006
4.69508695602417,26,,SLV,230,384,29176,331,261920,Rural,El Salvador,Health,Quintile 4,2006
1.2577500343322754,26,,SLV,230,384,29176,331,261926,Rural,El Salvador,Insurance and financial services,Quintile 4,2006
0.565953254699707,26,,SLV,230,384,29176,331,261924,Rural,El Salvador,Education services,Quintile 4,2006
7.2864155769348145,26,,SLV,230,384,29176,331,261921,Rural,El Salvador,Transport,Quintile 4,2006
22.680055618286133,26,,SLV,230,384,29176,331,261918,Rural,El Salvador,"Housing, water, electricity, gas and other fuels",Quintile 4,2006
24.01184844970703,26,,SLV,230,381,29176,331,261913,Rural,El Salvador,Food and non-alcoholic beverages,Quintile 5,2006
0.36344820261001587,26,,SLV,230,381,29176,331,261916,Rural,El Salvador,"Alcoholic beverages, tobacco and narcotics",Quintile 5,2006
7.419290065765381,26,,SLV,230,381,29176,331,261927,Rural,El Salvador,"Personal care, social proteccion and miscellaneous goods and services",Quintile 5,2006
5.099400520324707,26,,SLV,230,381,29176,331,261922,Rural,El Salvador,Information and communication,Quintile 5,2006
6.641153812408447,26,,SLV,230,381,29176,331,261919,Rural,El Salvador,"Furnishings, household equipment and routine household maintenance",Quintile 5,2006
4.781514644622803,26,,SLV,230,381,29176,331,261917,Rural,El Salvador,Clothing and footwear,Quintile 5,2006
4.312102317810059,26,,SLV,230,381,29176,331,261923,Rural,El Salvador,"Reacreation, sport and culture",Quintile 5,2006
6.616575717926025,26,,SLV,230,381,29176,331,261925,Rural,El Salvador,Restaurants and accommodation services,Quintile 5,2006
5.489887237548828,26,,SLV,230,381,29176,331,261920,Rural,El Salvador,Health,Quintile 5,2006
0.857542097568512,26,,SLV,230,381,29176,331,261926,Rural,El Salvador,Insurance and financial services,Quintile 5,2006
1.4651293754577637,26,,SLV,230,381,29176,331,261924,Rural,El Salvador,Education services,Quintile 5,2006
11.449933052062988,26,,SLV,230,381,29176,331,261921,Rural,El Salvador,Transport,Quintile 5,2006
21.492176055908203,26,,SLV,230,381,29176,331,261918,Rural,El Salvador,"Housing, water, electricity, gas and other fuels",Quintile 5,2006
29.104839324951172,26,,SLV,230,379,29176,331,261913,Rural,El Salvador,Food and non-alcoholic beverages,Total quintile,2006
0.3562905192375183,26,,SLV,230,379,29176,331,261916,Rural,El Salvador,"Alcoholic beverages, tobacco and narcotics",Total quintile,2006
6.969770431518555,26,,SLV,230,379,29176,331,261927,Rural,El Salvador,"Personal care, social proteccion and miscellaneous goods and services",Total quintile,2006
4.0920000076293945,26,,SLV,230,379,29176,331,261922,Rural,El Salvador,Information and communication,Total quintile,2006
6.877514362335205,26,,SLV,230,379,29176,331,261919,Rural,El Salvador,"Furnishings, household equipment and routine household maintenance",Total quintile,2006
5.059670925140381,26,,SLV,230,379,29176,331,261917,Rural,El Salvador,Clothing and footwear,Total quintile,2006
5.312757968902588,26,,SLV,230,379,29176,331,261923,Rural,El Salvador,"Reacreation, sport and culture",Total quintile,2006
4.626725673675537,26,,SLV,230,379,29176,331,261925,Rural,El Salvador,Restaurants and accommodation services,Total quintile,2006
4.917844295501709,26,,SLV,230,379,29176,331,261920,Rural,El Salvador,Health,Total quintile,2006
0.7597840428352356,26,,SLV,230,379,29176,331,261926,Rural,El Salvador,Insurance and financial services,Total quintile,2006
1.0829142332077026,26,,SLV,230,379,29176,331,261924,Rural,El Salvador,Education services,Total quintile,2006
7.878347873687744,26,,SLV,230,379,29176,331,261921,Rural,El Salvador,Transport,Total quintile,2006
22.96154022216797,26,,SLV,230,379,29176,331,261918,Rural,El Salvador,"Housing, water, electricity, gas and other fuels",Total quintile,2006
29.39919090270996,26,,SLV,230,380,29176,330,261913,Urban,El Salvador,Food and non-alcoholic beverages,Quintile 1,2006
0.42117443680763245,26,,SLV,230,380,29176,330,261916,Urban,El Salvador,"Alcoholic beverages, tobacco and narcotics",Quintile 1,2006
7.102106094360352,26,,SLV,230,380,29176,330,261927,Urban,El Salvador,"Personal care, social proteccion and miscellaneous goods and services",Quintile 1,2006
5.497419834136963,26,,SLV,230,380,29176,330,261922,Urban,El Salvador,Information and communication,Quintile 1,2006
6.4504075050354,26,,SLV,230,380,29176,330,261919,Urban,El Salvador,"Furnishings, household equipment and routine household maintenance",Quintile 1,2006
5.016444683074951,26,,SLV,230,380,29176,330,261917,Urban,El Salvador,Clothing and footwear,Quintile 1,2006
3.7271316051483154,26,,SLV,230,380,29176,330,261923,Urban,El Salvador,"Reacreation, sport and culture",Quintile 1,2006
4.9505534172058105,26,,SLV,230,380,29176,330,261925,Urban,El Salvador,Restaurants and accommodation services,Quintile 1,2006
5.674830913543701,26,,SLV,230,380,29176,330,261920,Urban,El Salvador,Health,Quintile 1,2006
0.4784689247608185,26,,SLV,230,380,29176,330,261926,Urban,El Salvador,Insurance and financial services,Quintile 1,2006
1.7692805528640747,26,,SLV,230,380,29176,330,261924,Urban,El Salvador,Education services,Quintile 1,2006
7.796833038330078,26,,SLV,230,380,29176,330,261921,Urban,El Salvador,Transport,Quintile 1,2006
21.716157913208008,26,,SLV,230,380,29176,330,261918,Urban,El Salvador,"Housing, water, electricity, gas and other fuels",Quintile 1,2006
29.63861656188965,26,,SLV,230,382,29176,330,261913,Urban,El Salvador,Food and non-alcoholic beverages,Quintile 2,2006
0.44111883640289307,26,,SLV,230,382,29176,330,261916,Urban,El Salvador,"Alcoholic beverages, tobacco and narcotics",Quintile 2,2006
6.6793060302734375,26,,SLV,230,382,29176,330,261927,Urban,El Salvador,"Personal care, social proteccion and miscellaneous goods and services",Quintile 2,2006
5.260764122009277,26,,SLV,230,382,29176,330,261922,Urban,El Salvador,Information and communication,Quintile 2,2006
6.996176719665527,26,,SLV,230,382,29176,330,261919,Urban,El Salvador,"Furnishings, household equipment and routine household maintenance",Quintile 2,2006
5.237445831298828,26,,SLV,230,382,29176,330,261917,Urban,El Salvador,Clothing and footwear,Quintile 2,2006
3.2108657360076904,26,,SLV,230,382,29176,330,261923,Urban,El Salvador,"Reacreation, sport and culture",Quintile 2,2006
6.304375171661377,26,,SLV,230,382,29176,330,261925,Urban,El Salvador,Restaurants and accommodation services,Quintile 2,2006
3.9272756576538086,26,,SLV,230,382,29176,330,261920,Urban,El Salvador,Health,Quintile 2,2006
0.7407055497169495,26,,SLV,230,382,29176,330,261926,Urban,El Salvador,Insurance and financial services,Quintile 2,2006
2.167781114578247,26,,SLV,230,382,29176,330,261924,Urban,El Salvador,Education services,Quintile 2,2006
6.642227649688721,26,,SLV,230,382,29176,330,261921,Urban,El Salvador,Transport,Quintile 2,2006
22.753339767456055,26,,SLV,230,382,29176,330,261918,Urban,El Salvador,"Housing, water, electricity, gas and other fuels",Quintile 2,2006
25.825302124023438,26,,SLV,230,383,29176,330,261913,Urban,El Salvador,Food and non-alcoholic beverages,Quintile 3,2006
0.3183724880218506,26,,SLV,230,383,29176,330,261916,Urban,El Salvador,"Alcoholic beverages, tobacco and narcotics",Quintile 3,2006
6.220174312591553,26,,SLV,230,383,29176,330,261927,Urban,El Salvador,"Personal care, social proteccion and miscellaneous goods and services",Quintile 3,2006
5.823937892913818,26,,SLV,230,383,29176,330,261922,Urban,El Salvador,Information and communication,Quintile 3,2006
6.336605548858643,26,,SLV,230,383,29176,330,261919,Urban,El Salvador,"Furnishings, household equipment and routine household maintenance",Quintile 3,2006
5.111774921417236,26,,SLV,230,383,29176,330,261917,Urban,El Salvador,Clothing and footwear,Quintile 3,2006
3.3709051609039307,26,,SLV,230,383,29176,330,261923,Urban,El Salvador,"Reacreation, sport and culture",Quintile 3,2006
7.695508003234863,26,,SLV,230,383,29176,330,261925,Urban,El Salvador,Restaurants and accommodation services,Quintile 3,2006
3.982064962387085,26,,SLV,230,383,29176,330,261920,Urban,El Salvador,Health,Quintile 3,2006
1.2954180240631104,26,,SLV,230,383,29176,330,261926,Urban,El Salvador,Insurance and financial services,Quintile 3,2006
3.479978561401367,26,,SLV,230,383,29176,330,261924,Urban,El Salvador,Education services,Quintile 3,2006
10.062952995300293,26,,SLV,230,383,29176,330,261921,Urban,El Salvador,Transport,Quintile 3,2006
20.477005004882812,26,,SLV,230,383,29176,330,261918,Urban,El Salvador,"Housing, water, electricity, gas and other fuels",Quintile 3,2006
20.715044021606445,26,,SLV,230,384,29176,330,261913,Urban,El Salvador,Food and non-alcoholic beverages,Quintile 4,2006
0.2894802689552307,26,,SLV,230,384,29176,330,261916,Urban,El Salvador,"Alcoholic beverages, tobacco and narcotics",Quintile 4,2006
7.1423234939575195,26,,SLV,230,384,29176,330,261927,Urban,El Salvador,"Personal care, social proteccion and miscellaneous goods and services",Quintile 4,2006
5.63397216796875,26,,SLV,230,384,29176,330,261922,Urban,El Salvador,Information and communication,Quintile 4,2006
6.207210540771484,26,,SLV,230,384,29176,330,261919,Urban,El Salvador,"Furnishings, household equipment and routine household maintenance",Quintile 4,2006
4.852940082550049,26,,SLV,230,384,29176,330,261917,Urban,El Salvador,Clothing and footwear,Quintile 4,2006
4.10989236831665,26,,SLV,230,384,29176,330,261923,Urban,El Salvador,"Reacreation, sport and culture",Quintile 4,2006
7.792623996734619,26,,SLV,230,384,29176,330,261925,Urban,El Salvador,Restaurants and accommodation services,Quintile 4,2006
3.8316590785980225,26,,SLV,230,384,29176,330,261920,Urban,El Salvador,Health,Quintile 4,2006
2.156940221786499,26,,SLV,230,384,29176,330,261926,Urban,El Salvador,Insurance and financial services,Quintile 4,2006
2.526078701019287,26,,SLV,230,384,29176,330,261924,Urban,El Salvador,Education services,Quintile 4,2006
12.425325393676758,26,,SLV,230,384,29176,330,261921,Urban,El Salvador,Transport,Quintile 4,2006
22.316511154174805,26,,SLV,230,384,29176,330,261918,Urban,El Salvador,"Housing, water, electricity, gas and other fuels",Quintile 4,2006
13.836077690124512,26,,SLV,230,381,29176,330,261913,Urban,El Salvador,Food and non-alcoholic beverages,Quintile 5,2006
0.4152757227420807,26,,SLV,230,381,29176,330,261916,Urban,El Salvador,"Alcoholic beverages, tobacco and narcotics",Quintile 5,2006
6.468083381652832,26,,SLV,230,381,29176,330,261927,Urban,El Salvador,"Personal care, social proteccion and miscellaneous goods and services",Quintile 5,2006
5.985349178314209,26,,SLV,230,381,29176,330,261922,Urban,El Salvador,Information and communication,Quintile 5,2006
5.882756233215332,26,,SLV,230,381,29176,330,261919,Urban,El Salvador,"Furnishings, household equipment and routine household maintenance",Quintile 5,2006
4.361602783203125,26,,SLV,230,381,29176,330,261917,Urban,El Salvador,Clothing and footwear,Quintile 5,2006
4.450598239898682,26,,SLV,230,381,29176,330,261923,Urban,El Salvador,"Reacreation, sport and culture",Quintile 5,2006
7.063964366912842,26,,SLV,230,381,29176,330,261925,Urban,El Salvador,Restaurants and accommodation services,Quintile 5,2006
4.632028102874756,26,,SLV,230,381,29176,330,261920,Urban,El Salvador,Health,Quintile 5,2006
3.0597352981567383,26,,SLV,230,381,29176,330,261926,Urban,El Salvador,Insurance and financial services,Quintile 5,2006
4.855365753173828,26,,SLV,230,381,29176,330,261924,Urban,El Salvador,Education services,Quintile 5,2006
15.552216529846191,26,,SLV,230,381,29176,330,261921,Urban,El Salvador,Transport,Quintile 5,2006
23.436946868896484,26,,SLV,230,381,29176,330,261918,Urban,El Salvador,"Housing, water, electricity, gas and other fuels",Quintile 5,2006
20.244346618652344,26,,SLV,230,379,29176,330,261913,Urban,El Salvador,Food and non-alcoholic beverages,Total quintile,2006
0.3783659338951111,26,,SLV,230,379,29176,330,261916,Urban,El Salvador,"Alcoholic beverages, tobacco and narcotics",Total quintile,2006
6.6562113761901855,26,,SLV,230,379,29176,330,261927,Urban,El Salvador,"Personal care, social proteccion and miscellaneous goods and services",Total quintile,2006
5.763041019439697,26,,SLV,230,379,29176,330,261922,Urban,El Salvador,Information and communication,Total quintile,2006
6.192079067230225,26,,SLV,230,379,29176,330,261919,Urban,El Salvador,"Furnishings, household equipment and routine household maintenance",Total quintile,2006
4.731844902038574,26,,SLV,230,379,29176,330,261917,Urban,El Salvador,Clothing and footwear,Total quintile,2006
4.017317295074463,26,,SLV,230,379,29176,330,261923,Urban,El Salvador,"Reacreation, sport and culture",Total quintile,2006
7.019073009490967,26,,SLV,230,379,29176,330,261925,Urban,El Salvador,Restaurants and accommodation services,Total quintile,2006
4.3968000411987305,26,,SLV,230,379,29176,330,261920,Urban,El Salvador,Health,Total quintile,2006
2.111649513244629,26,,SLV,230,379,29176,330,261926,Urban,El Salvador,Insurance and financial services,Total quintile,2006
3.57959246635437,26,,SLV,230,379,29176,330,261924,Urban,El Salvador,Education services,Total quintile,2006
12.380706787109375,26,,SLV,230,379,29176,330,261921,Urban,El Salvador,Transport,Total quintile,2006
22.52897071838379,26,,SLV,230,379,29176,330,261918,Urban,El Salvador,"Housing, water, electricity, gas and other fuels",Total quintile,2006
53.38423538208008,26,,GTM,235,380,29184,327,261913,National,Guatemala,Food and non-alcoholic beverages,Quintile 1,2014
0.14153622090816498,26,,GTM,235,380,29184,327,261916,National,Guatemala,"Alcoholic beverages, tobacco and narcotics",Quintile 1,2014
3.052885055541992,26,,GTM,235,380,29184,327,261927,National,Guatemala,"Personal care, social proteccion and miscellaneous goods and services",Quintile 1,2014
2.5165653228759766,26,,GTM,235,380,29184,327,261922,National,Guatemala,Information and communication,Quintile 1,2014
3.31158185005188,26,,GTM,235,380,29184,327,261919,National,Guatemala,"Furnishings, household equipment and routine household maintenance",Quintile 1,2014
4.711925983428955,26,,GTM,235,380,29184,327,261917,National,Guatemala,Clothing and footwear,Quintile 1,2014
2.4128243923187256,26,,GTM,235,380,29184,327,261923,National,Guatemala,"Reacreation, sport and culture",Quintile 1,2014
1.1211214065551758,26,,GTM,235,380,29184,327,261925,National,Guatemala,Restaurants and accommodation services,Quintile 1,2014
4.169654369354248,26,,GTM,235,380,29184,327,261920,National,Guatemala,Health,Quintile 1,2014
0.002801325172185898,26,,GTM,235,380,29184,327,261926,National,Guatemala,Insurance and financial services,Quintile 1,2014
1.410142183303833,26,,GTM,235,380,29184,327,261924,National,Guatemala,Education services,Quintile 1,2014
3.414400339126587,26,,GTM,235,380,29184,327,261921,National,Guatemala,Transport,Quintile 1,2014
20.350326538085938,26,,GTM,235,380,29184,327,261918,National,Guatemala,"Housing, water, electricity, gas and other fuels",Quintile 1,2014
48.48195266723633,26,,GTM,235,382,29184,327,261913,National,Guatemala,Food and non-alcoholic beverages,Quintile 2,2014
0.19720785319805145,26,,GTM,235,382,29184,327,261916,National,Guatemala,"Alcoholic beverages, tobacco and narcotics",Quintile 2,2014
3.628749132156372,26,,GTM,235,382,29184,327,261927,National,Guatemala,"Personal care, social proteccion and miscellaneous goods and services",Quintile 2,2014
3.095543146133423,26,,GTM,235,382,29184,327,261922,National,Guatemala,Information and communication,Quintile 2,2014
3.1738357543945312,26,,GTM,235,382,29184,327,261919,National,Guatemala,"Furnishings, household equipment and routine household maintenance",Quintile 2,2014
4.629409313201904,26,,GTM,235,382,29184,327,261917,National,Guatemala,Clothing and footwear,Quintile 2,2014
2.4523777961730957,26,,GTM,235,382,29184,327,261923,National,Guatemala,"Reacreation, sport and culture",Quintile 2,2014
1.471065640449524,26,,GTM,235,382,29184,327,261925,National,Guatemala,Restaurants and accommodation services,Quintile 2,2014
4.259251117706299,26,,GTM,235,382,29184,327,261920,National,Guatemala,Health,Quintile 2,2014
0.0031791578512638807,26,,GTM,235,382,29184,327,261926,National,Guatemala,Insurance and financial services,Quintile 2,2014
1.647127628326416,26,,GTM,235,382,29184,327,261924,National,Guatemala,Education services,Quintile 2,2014
4.304355621337891,26,,GTM,235,382,29184,327,261921,National,Guatemala,Transport,Quintile 2,2014
22.655942916870117,26,,GTM,235,382,29184,327,261918,National,Guatemala,"Housing, water, electricity, gas and other fuels",Quintile 2,2014
42.61415481567383,26,,GTM,235,383,29184,327,261913,National,Guatemala,Food and non-alcoholic beverages,Quintile 3,2014
0.23392757773399353,26,,GTM,235,383,29184,327,261916,National,Guatemala,"Alcoholic beverages, tobacco and narcotics",Quintile 3,2014
4.453172206878662,26,,GTM,235,383,29184,327,261927,National,Guatemala,"Personal care, social proteccion and miscellaneous goods and services",Quintile 3,2014
4.129204273223877,26,,GTM,235,383,29184,327,261922,National,Guatemala,Information and communication,Quintile 3,2014
3.246428966522217,26,,GTM,235,383,29184,327,261919,National,Guatemala,"Furnishings, household equipment and routine household maintenance",Quintile 3,2014
4.2971343994140625,26,,GTM,235,383,29184,327,261917,National,Guatemala,Clothing and footwear,Quintile 3,2014
2.7151520252227783,26,,GTM,235,383,29184,327,261923,National,Guatemala,"Reacreation, sport and culture",Quintile 3,2014
1.859349012374878,26,,GTM,235,383,29184,327,261925,National,Guatemala,Restaurants and accommodation services,Quintile 3,2014
5.373031139373779,26,,GTM,235,383,29184,327,261920,National,Guatemala,Health,Quintile 3,2014
0.023467237129807472,26,,GTM,235,383,29184,327,261926,National,Guatemala,Insurance and financial services,Quintile 3,2014
2.2739288806915283,26,,GTM,235,383,29184,327,261924,National,Guatemala,Education services,Quintile 3,2014
5.71465539932251,26,,GTM,235,383,29184,327,261921,National,Guatemala,Transport,Quintile 3,2014
23.06639289855957,26,,GTM,235,383,29184,327,261918,National,Guatemala,"Housing, water, electricity, gas and other fuels",Quintile 3,2014
36.68880844116211,26,,GTM,235,384,29184,327,261913,National,Guatemala,Food and non-alcoholic beverages,Quintile 4,2014
0.14011986553668976,26,,GTM,235,384,29184,327,261916,National,Guatemala,"Alcoholic beverages, tobacco and narcotics",Quintile 4,2014
4.654317855834961,26,,GTM,235,384,29184,327,261927,National,Guatemala,"Personal care, social proteccion and miscellaneous goods and services",Quintile 4,2014
5.294761657714844,26,,GTM,235,384,29184,327,261922,National,Guatemala,Information and communication,Quintile 4,2014
3.137206554412842,26,,GTM,235,384,29184,327,261919,National,Guatemala,"Furnishings, household equipment and routine household maintenance",Quintile 4,2014
3.923802375793457,26,,GTM,235,384,29184,327,261917,National,Guatemala,Clothing and footwear,Quintile 4,2014
3.360382556915283,26,,GTM,235,384,29184,327,261923,National,Guatemala,"Reacreation, sport and culture",Quintile 4,2014
2.598255157470703,26,,GTM,235,384,29184,327,261925,National,Guatemala,Restaurants and accommodation services,Quintile 4,2014
4.806970119476318,26,,GTM,235,384,29184,327,261920,National,Guatemala,Health,Quintile 4,2014
0.03514662757515907,26,,GTM,235,384,29184,327,261926,National,Guatemala,Insurance and financial services,Quintile 4,2014
3.031083345413208,26,,GTM,235,384,29184,327,261924,National,Guatemala,Education services,Quintile 4,2014
7.991540908813477,26,,GTM,235,384,29184,327,261921,National,Guatemala,Transport,Quintile 4,2014
24.33760643005371,26,,GTM,235,384,29184,327,261918,National,Guatemala,"Housing, water, electricity, gas and other fuels",Quintile 4,2014
24.785036087036133,26,,GTM,235,381,29184,327,261913,National,Guatemala,Food and non-alcoholic beverages,Quintile 5,2014
0.2533165514469147,26,,GTM,235,381,29184,327,261916,National,Guatemala,"Alcoholic beverages, tobacco and narcotics",Quintile 5,2014
5.389512062072754,26,,GTM,235,381,29184,327,261927,National,Guatemala,"Personal care, social proteccion and miscellaneous goods and services",Quintile 5,2014
6.72242546081543,26,,GTM,235,381,29184,327,261922,National,Guatemala,Information and communication,Quintile 5,2014
4.227468013763428,26,,GTM,235,381,29184,327,261919,National,Guatemala,"Furnishings, household equipment and routine household maintenance",Quintile 5,2014
3.4194748401641846,26,,GTM,235,381,29184,327,261917,National,Guatemala,Clothing and footwear,Quintile 5,2014
3.4903340339660645,26,,GTM,235,381,29184,327,261923,National,Guatemala,"Reacreation, sport and culture",Quintile 5,2014
5.416368007659912,26,,GTM,235,381,29184,327,261925,National,Guatemala,Restaurants and accommodation services,Quintile 5,2014
4.691211700439453,26,,GTM,235,381,29184,327,261920,National,Guatemala,Health,Quintile 5,2014
0.4585782289505005,26,,GTM,235,381,29184,327,261926,National,Guatemala,Insurance and financial services,Quintile 5,2014
4.685434341430664,26,,GTM,235,381,29184,327,261924,National,Guatemala,Education services,Quintile 5,2014
12.356491088867188,26,,GTM,235,381,29184,327,261921,National,Guatemala,Transport,Quintile 5,2014
24.10434913635254,26,,GTM,235,381,29184,327,261918,National,Guatemala,"Housing, water, electricity, gas and other fuels",Quintile 5,2014
35.59400939941406,26,,GTM,235,379,29184,327,261913,National,Guatemala,Food and non-alcoholic beverages,Total quintile,2014
0.20911647379398346,26,,GTM,235,379,29184,327,261916,National,Guatemala,"Alcoholic beverages, tobacco and narcotics",Total quintile,2014
4.658091068267822,26,,GTM,235,379,29184,327,261927,National,Guatemala,"Personal care, social proteccion and miscellaneous goods and services",Total quintile,2014
5.188710689544678,26,,GTM,235,379,29184,327,261922,National,Guatemala,Information and communication,Total quintile,2014
3.632930278778076,26,,GTM,235,379,29184,327,261919,National,Guatemala,"Furnishings, household equipment and routine household maintenance",Total quintile,2014
3.9284844398498535,26,,GTM,235,379,29184,327,261917,National,Guatemala,Clothing and footwear,Total quintile,2014
3.1171395778656006,26,,GTM,235,379,29184,327,261923,National,Guatemala,"Reacreation, sport and culture",Total quintile,2014
3.393042802810669,26,,GTM,235,379,29184,327,261925,National,Guatemala,Restaurants and accommodation services,Total quintile,2014
4.720752239227295,26,,GTM,235,379,29184,327,261920,National,Guatemala,Health,Total quintile,2014
0.20429010689258575,26,,GTM,235,379,29184,327,261926,National,Guatemala,Insurance and financial services,Total quintile,2014
3.290229320526123,26,,GTM,235,379,29184,327,261924,National,Guatemala,Education services,Total quintile,2014
8.599176406860352,26,,GTM,235,379,29184,327,261921,National,Guatemala,Transport,Total quintile,2014
23.464027404785156,26,,GTM,235,379,29184,327,261918,National,Guatemala,"Housing, water, electricity, gas and other fuels",Total quintile,2014
54.914546966552734,26,,GTM,235,380,29184,331,261913,Rural,Guatemala,Food and non-alcoholic beverages,Quintile 1,2014
0.11721602082252502,26,,GTM,235,380,29184,331,261916,Rural,Guatemala,"Alcoholic beverages, tobacco and narcotics",Quintile 1,2014
2.6651623249053955,26,,GTM,235,380,29184,331,261927,Rural,Guatemala,"Personal care, social proteccion and miscellaneous goods and services",Quintile 1,2014
2.2641184329986572,26,,GTM,235,380,29184,331,261922,Rural,Guatemala,Information and communication,Quintile 1,2014
3.2928123474121094,26,,GTM,235,380,29184,331,261919,Rural,Guatemala,"Furnishings, household equipment and routine household maintenance",Quintile 1,2014
4.840579509735107,26,,GTM,235,380,29184,331,261917,Rural,Guatemala,Clothing and footwear,Quintile 1,2014
2.104926824569702,26,,GTM,235,380,29184,331,261923,Rural,Guatemala,"Reacreation, sport and culture",Quintile 1,2014
0.7662811279296875,26,,GTM,235,380,29184,331,261925,Rural,Guatemala,Restaurants and accommodation services,Quintile 1,2014
4.245875835418701,26,,GTM,235,380,29184,331,261920,Rural,Guatemala,Health,Quintile 1,2014
0.002822982845827937,26,,GTM,235,380,29184,331,261926,Rural,Guatemala,Insurance and financial services,Quintile 1,2014
1.2125864028930664,26,,GTM,235,380,29184,331,261924,Rural,Guatemala,Education services,Quintile 1,2014
3.334951877593994,26,,GTM,235,380,29184,331,261921,Rural,Guatemala,Transport,Quintile 1,2014
20.23811912536621,26,,GTM,235,380,29184,331,261918,Rural,Guatemala,"Housing, water, electricity, gas and other fuels",Quintile 1,2014
53.1566276550293,26,,GTM,235,382,29184,331,261913,Rural,Guatemala,Food and non-alcoholic beverages,Quintile 2,2014
0.14178714156150818,26,,GTM,235,382,29184,331,261916,Rural,Guatemala,"Alcoholic beverages, tobacco and narcotics",Quintile 2,2014
3.2046871185302734,26,,GTM,235,382,29184,331,261927,Rural,Guatemala,"Personal care, social proteccion and miscellaneous goods and services",Quintile 2,2014
2.4102847576141357,26,,GTM,235,382,29184,331,261922,Rural,Guatemala,Information and communication,Quintile 2,2014
3.3688576221466064,26,,GTM,235,382,29184,331,261919,Rural,Guatemala,"Furnishings, household equipment and routine household maintenance",Quintile 2,2014
4.683088302612305,26,,GTM,235,382,29184,331,261917,Rural,Guatemala,Clothing and footwear,Quintile 2,2014
1.7587945461273193,26,,GTM,235,382,29184,331,261923,Rural,Guatemala,"Reacreation, sport and culture",Quintile 2,2014
0.8963115811347961,26,,GTM,235,382,29184,331,261925,Rural,Guatemala,Restaurants and accommodation services,Quintile 2,2014
5.064920425415039,26,,GTM,235,382,29184,331,261920,Rural,Guatemala,Health,Quintile 2,2014
0.004302894230931997,26,,GTM,235,382,29184,331,261926,Rural,Guatemala,Insurance and financial services,Quintile 2,2014
1.2684433460235596,26,,GTM,235,382,29184,331,261924,Rural,Guatemala,Education services,Quintile 2,2014
3.4200830459594727,26,,GTM,235,382,29184,331,261921,Rural,Guatemala,Transport,Quintile 2,2014
20.621810913085938,26,,GTM,235,382,29184,331,261918,Rural,Guatemala,"Housing, water, electricity, gas and other fuels",Quintile 2,2014
49.80076217651367,26,,GTM,235,383,29184,331,261913,Rural,Guatemala,Food and non-alcoholic beverages,Quintile 3,2014
0.17873091995716095,26,,GTM,235,383,29184,331,261916,Rural,Guatemala,"Alcoholic beverages, tobacco and narcotics",Quintile 3,2014
3.471738815307617,26,,GTM,235,383,29184,331,261927,Rural,Guatemala,"Personal care, social proteccion and miscellaneous goods and services",Quintile 3,2014
2.928438663482666,26,,GTM,235,383,29184,331,261922,Rural,Guatemala,Information and communication,Quintile 3,2014
3.2564308643341064,26,,GTM,235,383,29184,331,261919,Rural,Guatemala,"Furnishings, household equipment and routine household maintenance",Quintile 3,2014
4.616482257843018,26,,GTM,235,383,29184,331,261917,Rural,Guatemala,Clothing and footwear,Quintile 3,2014
2.1348764896392822,26,,GTM,235,383,29184,331,261923,Rural,Guatemala,"Reacreation, sport and culture",Quintile 3,2014
1.325278878211975,26,,GTM,235,383,29184,331,261925,Rural,Guatemala,Restaurants and accommodation services,Quintile 3,2014
4.3760175704956055,26,,GTM,235,383,29184,331,261920,Rural,Guatemala,Health,Quintile 3,2014
0.004921275191009045,26,,GTM,235,383,29184,331,261926,Rural,Guatemala,Insurance and financial services,Quintile 3,2014
1.4175407886505127,26,,GTM,235,383,29184,331,261924,Rural,Guatemala,Education services,Quintile 3,2014
4.68941068649292,26,,GTM,235,383,29184,331,261921,Rural,Guatemala,Transport,Quintile 3,2014
21.79936981201172,26,,GTM,235,383,29184,331,261918,Rural,Guatemala,"Housing, water, electricity, gas and other fuels",Quintile 3,2014
45.826576232910156,26,,GTM,235,384,29184,331,261913,Rural,Guatemala,Food and non-alcoholic beverages,Quintile 4,2014
0.2861173450946808,26,,GTM,235,384,29184,331,261916,Rural,Guatemala,"Alcoholic beverages, tobacco and narcotics",Quintile 4,2014
4.0722455978393555,26,,GTM,235,384,29184,331,261927,Rural,Guatemala,"Personal care, social proteccion and miscellaneous goods and services",Quintile 4,2014
4.005207061767578,26,,GTM,235,384,29184,331,261922,Rural,Guatemala,Information and communication,Quintile 4,2014
3.392320394515991,26,,GTM,235,384,29184,331,261919,Rural,Guatemala,"Furnishings, household equipment and routine household maintenance",Quintile 4,2014
4.5144243240356445,26,,GTM,235,384,29184,331,261917,Rural,Guatemala,Clothing and footwear,Quintile 4,2014
2.083768129348755,26,,GTM,235,384,29184,331,261923,Rural,Guatemala,"Reacreation, sport and culture",Quintile 4,2014
1.4202477931976318,26,,GTM,235,384,29184,331,261925,Rural,Guatemala,Restaurants and accommodation services,Quintile 4,2014
4.810176372528076,26,,GTM,235,384,29184,331,261920,Rural,Guatemala,Health,Quintile 4,2014
0.0032266410999000072,26,,GTM,235,384,29184,331,261926,Rural,Guatemala,Insurance and financial services,Quintile 4,2014
1.5806705951690674,26,,GTM,235,384,29184,331,261924,Rural,Guatemala,Education services,Quintile 4,2014
5.869377613067627,26,,GTM,235,384,29184,331,261921,Rural,Guatemala,Transport,Quintile 4,2014
22.13564109802246,26,,GTM,235,384,29184,331,261918,Rural,Guatemala,"Housing, water, electricity, gas and other fuels",Quintile 4,2014
34.545066833496094,26,,GTM,235,381,29184,331,261913,Rural,Guatemala,Food and non-alcoholic beverages,Quintile 5,2014
0.23299527168273926,26,,GTM,235,381,29184,331,261916,Rural,Guatemala,"Alcoholic beverages, tobacco and narcotics",Quintile 5,2014
4.875659465789795,26,,GTM,235,381,29184,331,261927,Rural,Guatemala,"Personal care, social proteccion and miscellaneous goods and services",Quintile 5,2014
5.08736515045166,26,,GTM,235,381,29184,331,261922,Rural,Guatemala,Information and communication,Quintile 5,2014
3.733135938644409,26,,GTM,235,381,29184,331,261919,Rural,Guatemala,"Furnishings, household equipment and routine household maintenance",Quintile 5,2014
4.116100788116455,26,,GTM,235,381,29184,331,261917,Rural,Guatemala,Clothing and footwear,Quintile 5,2014
2.4371697902679443,26,,GTM,235,381,29184,331,261923,Rural,Guatemala,"Reacreation, sport and culture",Quintile 5,2014
3.156724214553833,26,,GTM,235,381,29184,331,261925,Rural,Guatemala,Restaurants and accommodation services,Quintile 5,2014
6.337838172912598,26,,GTM,235,381,29184,331,261920,Rural,Guatemala,Health,Quintile 5,2014
0.1212935671210289,26,,GTM,235,381,29184,331,261926,Rural,Guatemala,Insurance and financial services,Quintile 5,2014
2.499925374984741,26,,GTM,235,381,29184,331,261924,Rural,Guatemala,Education services,Quintile 5,2014
10.140970230102539,26,,GTM,235,381,29184,331,261921,Rural,Guatemala,Transport,Quintile 5,2014
22.715755462646484,26,,GTM,235,381,29184,331,261918,Rural,Guatemala,"Housing, water, electricity, gas and other fuels",Quintile 5,2014
44.76905059814453,26,,GTM,235,379,29184,331,261913,Rural,Guatemala,Food and non-alcoholic beverages,Total quintile,2014
0.20676304399967194,26,,GTM,235,379,29184,331,261916,Rural,Guatemala,"Alcoholic beverages, tobacco and narcotics",Total quintile,2014
3.9473485946655273,26,,GTM,235,379,29184,331,261927,Rural,Guatemala,"Personal care, social proteccion and miscellaneous goods and services",Total quintile,2014
3.7475075721740723,26,,GTM,235,379,29184,331,261922,Rural,Guatemala,Information and communication,Total quintile,2014
3.4723973274230957,26,,GTM,235,379,29184,331,261919,Rural,Guatemala,"Furnishings, household equipment and routine household maintenance",Total quintile,2014
4.457931995391846,26,,GTM,235,379,29184,331,261917,Rural,Guatemala,Clothing and footwear,Total quintile,2014
2.1713600158691406,26,,GTM,235,379,29184,331,261923,Rural,Guatemala,"Reacreation, sport and culture",Total quintile,2014
1.8536593914031982,26,,GTM,235,379,29184,331,261925,Rural,Guatemala,Restaurants and accommodation services,Total quintile,2014
5.237286567687988,26,,GTM,235,379,29184,331,261920,Rural,Guatemala,Health,Total quintile,2014
0.04497784748673439,26,,GTM,235,379,29184,331,261926,Rural,Guatemala,Insurance and financial services,Total quintile,2014
1.7828048467636108,26,,GTM,235,379,29184,331,261924,Rural,Guatemala,Education services,Total quintile,2014
6.486726760864258,26,,GTM,235,379,29184,331,261921,Rural,Guatemala,Transport,Total quintile,2014
21.822185516357422,26,,GTM,235,379,29184,331,261918,Rural,Guatemala,"Housing, water, electricity, gas and other fuels",Total quintile,2014
46.62769317626953,26,,GTM,235,380,29184,330,261913,Urban,Guatemala,Food and non-alcoholic beverages,Quintile 1,2014
0.23236548900604248,26,,GTM,235,380,29184,330,261916,Urban,Guatemala,"Alcoholic beverages, tobacco and narcotics",Quintile 1,2014
3.9643497467041016,26,,GTM,235,380,29184,330,261927,Urban,Guatemala,"Personal care, social proteccion and miscellaneous goods and services",Quintile 1,2014
3.421420097351074,26,,GTM,235,380,29184,330,261922,Urban,Guatemala,Information and communication,Quintile 1,2014
3.115123748779297,26,,GTM,235,380,29184,330,261919,Urban,Guatemala,"Furnishings, household equipment and routine household maintenance",Quintile 1,2014
4.5841803550720215,26,,GTM,235,380,29184,330,261917,Urban,Guatemala,Clothing and footwear,Quintile 1,2014
3.313708543777466,26,,GTM,235,380,29184,330,261923,Urban,Guatemala,"Reacreation, sport and culture",Quintile 1,2014
1.7576671838760376,26,,GTM,235,380,29184,330,261925,Urban,Guatemala,Restaurants and accommodation services,Quintile 1,2014
3.5439023971557617,26,,GTM,235,380,29184,330,261920,Urban,Guatemala,Health,Quintile 1,2014
0.0009420689311809838,26,,GTM,235,380,29184,330,261926,Urban,Guatemala,Insurance and financial services,Quintile 1,2014
1.981114387512207,26,,GTM,235,380,29184,330,261924,Urban,Guatemala,Education services,Quintile 1,2014
4.1103668212890625,26,,GTM,235,380,29184,330,261921,Urban,Guatemala,Transport,Quintile 1,2014
23.347166061401367,26,,GTM,235,380,29184,330,261918,Urban,Guatemala,"Housing, water, electricity, gas and other fuels",Quintile 1,2014
39.62435531616211,26,,GTM,235,382,29184,330,261913,Urban,Guatemala,Food and non-alcoholic beverages,Quintile 2,2014
0.18499456346035004,26,,GTM,235,382,29184,330,261916,Urban,Guatemala,"Alcoholic beverages, tobacco and narcotics",Quintile 2,2014
4.813729763031006,26,,GTM,235,382,29184,330,261927,Urban,Guatemala,"Personal care, social proteccion and miscellaneous goods and services",Quintile 2,2014
4.401336193084717,26,,GTM,235,382,29184,330,261922,Urban,Guatemala,Information and communication,Quintile 2,2014
3.066180467605591,26,,GTM,235,382,29184,330,261919,Urban,Guatemala,"Furnishings, household equipment and routine household maintenance",Quintile 2,2014
4.1348876953125,26,,GTM,235,382,29184,330,261917,Urban,Guatemala,Clothing and footwear,Quintile 2,2014
3.29915714263916,26,,GTM,235,382,29184,330,261923,Urban,Guatemala,"Reacreation, sport and culture",Quintile 2,2014
2.480903387069702,26,,GTM,235,382,29184,330,261925,Urban,Guatemala,Restaurants and accommodation services,Quintile 2,2014
5.465122699737549,26,,GTM,235,382,29184,330,261920,Urban,Guatemala,Health,Quintile 2,2014
0.0316486731171608,26,,GTM,235,382,29184,330,261926,Urban,Guatemala,Insurance and financial services,Quintile 2,2014
2.775451898574829,26,,GTM,235,382,29184,330,261924,Urban,Guatemala,Education services,Quintile 2,2014
5.738985061645508,26,,GTM,235,382,29184,330,261921,Urban,Guatemala,Transport,Quintile 2,2014
23.983247756958008,26,,GTM,235,382,29184,330,261918,Urban,Guatemala,"Housing, water, electricity, gas and other fuels",Quintile 2,2014
36.16865921020508,26,,GTM,235,383,29184,330,261913,Urban,Guatemala,Food and non-alcoholic beverages,Quintile 3,2014
0.1518992930650711,26,,GTM,235,383,29184,330,261916,Urban,Guatemala,"Alcoholic beverages, tobacco and narcotics",Quintile 3,2014
4.595371723175049,26,,GTM,235,383,29184,330,261927,Urban,Guatemala,"Personal care, social proteccion and miscellaneous goods and services",Quintile 3,2014
5.496576309204102,26,,GTM,235,383,29184,330,261922,Urban,Guatemala,Information and communication,Quintile 3,2014
3.1306052207946777,26,,GTM,235,383,29184,330,261919,Urban,Guatemala,"Furnishings, household equipment and routine household maintenance",Quintile 3,2014
3.7389681339263916,26,,GTM,235,383,29184,330,261917,Urban,Guatemala,Clothing and footwear,Quintile 3,2014
3.792163848876953,26,,GTM,235,383,29184,330,261923,Urban,Guatemala,"Reacreation, sport and culture",Quintile 3,2014
2.942176103591919,26,,GTM,235,383,29184,330,261925,Urban,Guatemala,Restaurants and accommodation services,Quintile 3,2014
4.398477554321289,26,,GTM,235,383,29184,330,261920,Urban,Guatemala,Health,Quintile 3,2014
0.052597712725400925,26,,GTM,235,383,29184,330,261926,Urban,Guatemala,Insurance and financial services,Quintile 3,2014
3.4117319583892822,26,,GTM,235,383,29184,330,261924,Urban,Guatemala,Education services,Quintile 3,2014
7.5756354331970215,26,,GTM,235,383,29184,330,261921,Urban,Guatemala,Transport,Quintile 3,2014
24.545137405395508,26,,GTM,235,383,29184,330,261918,Urban,Guatemala,"Housing, water, electricity, gas and other fuels",Quintile 3,2014
30.92786979675293,26,,GTM,235,384,29184,330,261913,Urban,Guatemala,Food and non-alcoholic beverages,Quintile 4,2014
0.18845179677009583,26,,GTM,235,384,29184,330,261916,Urban,Guatemala,"Alcoholic beverages, tobacco and narcotics",Quintile 4,2014
4.983834266662598,26,,GTM,235,384,29184,330,261927,Urban,Guatemala,"Personal care, social proteccion and miscellaneous goods and services",Quintile 4,2014
6.174400329589844,26,,GTM,235,384,29184,330,261922,Urban,Guatemala,Information and communication,Quintile 4,2014
3.2299132347106934,26,,GTM,235,384,29184,330,261919,Urban,Guatemala,"Furnishings, household equipment and routine household maintenance",Quintile 4,2014
3.7685511112213135,26,,GTM,235,384,29184,330,261917,Urban,Guatemala,Clothing and footwear,Quintile 4,2014
3.8100922107696533,26,,GTM,235,384,29184,330,261923,Urban,Guatemala,"Reacreation, sport and culture",Quintile 4,2014
3.4417614936828613,26,,GTM,235,384,29184,330,261925,Urban,Guatemala,Restaurants and accommodation services,Quintile 4,2014
4.584183692932129,26,,GTM,235,384,29184,330,261920,Urban,Guatemala,Health,Quintile 4,2014
0.06538539379835129,26,,GTM,235,384,29184,330,261926,Urban,Guatemala,Insurance and financial services,Quintile 4,2014
4.662265300750732,26,,GTM,235,384,29184,330,261924,Urban,Guatemala,Education services,Quintile 4,2014
9.307557106018066,26,,GTM,235,384,29184,330,261921,Urban,Guatemala,Transport,Quintile 4,2014
24.85573387145996,26,,GTM,235,384,29184,330,261918,Urban,Guatemala,"Housing, water, electricity, gas and other fuels",Quintile 4,2014
21.842300415039062,26,,GTM,235,381,29184,330,261913,Urban,Guatemala,Food and non-alcoholic beverages,Quintile 5,2014
0.24850012362003326,26,,GTM,235,381,29184,330,261916,Urban,Guatemala,"Alcoholic beverages, tobacco and narcotics",Quintile 5,2014
5.567005157470703,26,,GTM,235,381,29184,330,261927,Urban,Guatemala,"Personal care, social proteccion and miscellaneous goods and services",Quintile 5,2014
7.111537456512451,26,,GTM,235,381,29184,330,261922,Urban,Guatemala,Information and communication,Quintile 5,2014
4.555182456970215,26,,GTM,235,381,29184,330,261919,Urban,Guatemala,"Furnishings, household equipment and routine household maintenance",Quintile 5,2014
3.1702961921691895,26,,GTM,235,381,29184,330,261917,Urban,Guatemala,Clothing and footwear,Quintile 5,2014
3.6435654163360596,26,,GTM,235,381,29184,330,261923,Urban,Guatemala,"Reacreation, sport and culture",Quintile 5,2014
6.256565093994141,26,,GTM,235,381,29184,330,261925,Urban,Guatemala,Restaurants and accommodation services,Quintile 5,2014
4.2606964111328125,26,,GTM,235,381,29184,330,261920,Urban,Guatemala,Health,Quintile 5,2014
0.6510134935379028,26,,GTM,235,381,29184,330,261926,Urban,Guatemala,Insurance and financial services,Quintile 5,2014
44.58631896972656,26,,HND,239,383,29174,331,261913,Rural,Honduras,Food and non-alcoholic beverages,Quintile 3,2004
0.7045519948005676,26,,HND,239,383,29174,331,261916,Rural,Honduras,"Alcoholic beverages, tobacco and narcotics",Quintile 3,2004
3.0698161125183105,26,,HND,239,383,29174,331,261927,Rural,Honduras,"Personal care, social proteccion and miscellaneous goods and services",Quintile 3,2004
0.9197078347206116,26,,HND,239,383,29174,331,261922,Rural,Honduras,Information and communication,Quintile 3,2004
2.867677927017212,26,,HND,239,383,29174,331,261919,Rural,Honduras,"Furnishings, household equipment and routine household maintenance",Quintile 3,2004
2.587463140487671,26,,HND,239,383,29174,331,261917,Rural,Honduras,Clothing and footwear,Quintile 3,2004
1.8828113079071045,26,,HND,239,383,29174,331,261923,Rural,Honduras,"Reacreation, sport and culture",Quintile 3,2004
6.952090263366699,26,,HND,239,383,29174,331,261925,Rural,Honduras,Restaurants and accommodation services,Quintile 3,2004
15.358497619628906,26,,HND,239,383,29174,331,261920,Rural,Honduras,Health,Quintile 3,2004
0.011089226230978966,26,,HND,239,383,29174,331,261926,Rural,Honduras,Insurance and financial services,Quintile 3,2004
0.592924952507019,26,,HND,239,383,29174,331,261924,Rural,Honduras,Education services,Quintile 3,2004
4.756340026855469,26,,HND,239,383,29174,331,261921,Rural,Honduras,Transport,Quintile 3,2004
15.710710525512695,26,,HND,239,383,29174,331,261918,Rural,Honduras,"Housing, water, electricity, gas and other fuels",Quintile 3,2004
41.9146728515625,26,,HND,239,384,29174,331,261913,Rural,Honduras,Food and non-alcoholic beverages,Quintile 4,2004
0.8219638466835022,26,,HND,239,384,29174,331,261916,Rural,Honduras,"Alcoholic beverages, tobacco and narcotics",Quintile 4,2004
3.414335250854492,26,,HND,239,384,29174,331,261927,Rural,Honduras,"Personal care, social proteccion and miscellaneous goods and services",Quintile 4,2004
1.851105809211731,26,,HND,239,384,29174,331,261922,Rural,Honduras,Information and communication,Quintile 4,2004
3.1153817176818848,26,,HND,239,384,29174,331,261919,Rural,Honduras,"Furnishings, household equipment and routine household maintenance",Quintile 4,2004
2.8177502155303955,26,,HND,239,384,29174,331,261917,Rural,Honduras,Clothing and footwear,Quintile 4,2004
2.033829927444458,26,,HND,239,384,29174,331,261923,Rural,Honduras,"Reacreation, sport and culture",Quintile 4,2004
5.860794544219971,26,,HND,239,384,29174,331,261925,Rural,Honduras,Restaurants and accommodation services,Quintile 4,2004
14.369118690490723,26,,HND,239,384,29174,331,261920,Rural,Honduras,Health,Quintile 4,2004
0.02170046977698803,26,,HND,239,384,29174,331,261926,Rural,Honduras,Insurance and financial services,Quintile 4,2004
1.1868455410003662,26,,HND,239,384,29174,331,261924,Rural,Honduras,Education services,Quintile 4,2004
8.767674446105957,26,,HND,239,384,29174,331,261921,Rural,Honduras,Transport,Quintile 4,2004
13.824828147888184,26,,HND,239,384,29174,331,261918,Rural,Honduras,"Housing, water, electricity, gas and other fuels",Quintile 4,2004
33.02729034423828,26,,HND,239,381,29174,331,261913,Rural,Honduras,Food and non-alcoholic beverages,Quintile 5,2004
0.611233115196228,26,,HND,239,381,29174,331,261916,Rural,Honduras,"Alcoholic beverages, tobacco and narcotics",Quintile 5,2004
4.475035667419434,26,,HND,239,381,29174,331,261927,Rural,Honduras,"Personal care, social proteccion and miscellaneous goods and services",Quintile 5,2004
3.931983232498169,26,,HND,239,381,29174,331,261922,Rural,Honduras,Information and communication,Quintile 5,2004
3.7168381214141846,26,,HND,239,381,29174,331,261919,Rural,Honduras,"Furnishings, household equipment and routine household maintenance",Quintile 5,2004
2.9362754821777344,26,,HND,239,381,29174,331,261917,Rural,Honduras,Clothing and footwear,Quintile 5,2004
1.9156862497329712,26,,HND,239,381,29174,331,261923,Rural,Honduras,"Reacreation, sport and culture",Quintile 5,2004
5.5750861167907715,26,,HND,239,381,29174,331,261925,Rural,Honduras,Restaurants and accommodation services,Quintile 5,2004
14.876949310302734,26,,HND,239,381,29174,331,261920,Rural,Honduras,Health,Quintile 5,2004
0.13126437366008759,26,,HND,239,381,29174,331,261926,Rural,Honduras,Insurance and financial services,Quintile 5,2004
3.1805779933929443,26,,HND,239,381,29174,331,261924,Rural,Honduras,Education services,Quintile 5,2004
10.367783546447754,26,,HND,239,381,29174,331,261921,Rural,Honduras,Transport,Quintile 5,2004
15.253996849060059,26,,HND,239,381,29174,331,261918,Rural,Honduras,"Housing, water, electricity, gas and other fuels",Quintile 5,2004
38.40993881225586,26,,HND,239,379,29174,331,261913,Rural,Honduras,Food and non-alcoholic beverages,Total quintile,2004
0.6154739260673523,26,,HND,239,379,29174,331,261916,Rural,Honduras,"Alcoholic beverages, tobacco and narcotics",Total quintile,2004
3.4825448989868164,26,,HND,239,379,29174,331,261927,Rural,Honduras,"Personal care, social proteccion and miscellaneous goods and services",Total quintile,2004
2.278838634490967,26,,HND,239,379,29174,331,261922,Rural,Honduras,Information and communication,Total quintile,2004
3.1539034843444824,26,,HND,239,379,29174,331,261919,Rural,Honduras,"Furnishings, household equipment and routine household maintenance",Total quintile,2004
2.718754529953003,26,,HND,239,379,29174,331,261917,Rural,Honduras,Clothing and footwear,Total quintile,2004
1.9506909847259521,26,,HND,239,379,29174,331,261923,Rural,Honduras,"Reacreation, sport and culture",Total quintile,2004
6.411067962646484,26,,HND,239,379,29174,331,261925,Rural,Honduras,Restaurants and accommodation services,Total quintile,2004
15.85576057434082,26,,HND,239,379,29174,331,261920,Rural,Honduras,Health,Total quintile,2004
0.08750560134649277,26,,HND,239,379,29174,331,261926,Rural,Honduras,Insurance and financial services,Total quintile,2004
1.7740353345870972,26,,HND,239,379,29174,331,261924,Rural,Honduras,Education services,Total quintile,2004
7.894679069519043,26,,HND,239,379,29174,331,261921,Rural,Honduras,Transport,Total quintile,2004
15.366806030273438,26,,HND,239,379,29174,331,261918,Rural,Honduras,"Housing, water, electricity, gas and other fuels",Total quintile,2004
37.07945251464844,26,,HND,239,380,29174,330,261913,Urban,Honduras,Food and non-alcoholic beverages,Quintile 1,2004
0.5781428217887878,26,,HND,239,380,29174,330,261916,Urban,Honduras,"Alcoholic beverages, tobacco and narcotics",Quintile 1,2004
3.7311899662017822,26,,HND,239,380,29174,330,261927,Urban,Honduras,"Personal care, social proteccion and miscellaneous goods and services",Quintile 1,2004
3.493259906768799,26,,HND,239,380,29174,330,261922,Urban,Honduras,Information and communication,Quintile 1,2004
2.679218292236328,26,,HND,239,380,29174,330,261919,Urban,Honduras,"Furnishings, household equipment and routine household maintenance",Quintile 1,2004
2.528048515319824,26,,HND,239,380,29174,330,261917,Urban,Honduras,Clothing and footwear,Quintile 1,2004
2.4319026470184326,26,,HND,239,380,29174,330,261923,Urban,Honduras,"Reacreation, sport and culture",Quintile 1,2004
6.198548316955566,26,,HND,239,380,29174,330,261925,Urban,Honduras,Restaurants and accommodation services,Quintile 1,2004
13.898699760437012,26,,HND,239,380,29174,330,261920,Urban,Honduras,Health,Quintile 1,2004
0.13219289481639862,26,,HND,239,380,29174,330,261926,Urban,Honduras,Insurance and financial services,Quintile 1,2004
1.9338223934173584,26,,HND,239,380,29174,330,261924,Urban,Honduras,Education services,Quintile 1,2004
6.206879615783691,26,,HND,239,380,29174,330,261921,Urban,Honduras,Transport,Quintile 1,2004
19.108642578125,26,,HND,239,380,29174,330,261918,Urban,Honduras,"Housing, water, electricity, gas and other fuels",Quintile 1,2004
40.77606201171875,26,,HND,239,382,29174,330,261913,Urban,Honduras,Food and non-alcoholic beverages,Quintile 2,2004
0.5858840346336365,26,,HND,239,382,29174,330,261916,Urban,Honduras,"Alcoholic beverages, tobacco and narcotics",Quintile 2,2004
3.6677098274230957,26,,HND,239,382,29174,330,261927,Urban,Honduras,"Personal care, social proteccion and miscellaneous goods and services",Quintile 2,2004
3.70109486579895,26,,HND,239,382,29174,330,261922,Urban,Honduras,Information and communication,Quintile 2,2004
2.5884416103363037,26,,HND,239,382,29174,330,261919,Urban,Honduras,"Furnishings, household equipment and routine household maintenance",Quintile 2,2004
2.4793686866760254,26,,HND,239,382,29174,330,261917,Urban,Honduras,Clothing and footwear,Quintile 2,2004
2.2720587253570557,26,,HND,239,382,29174,330,261923,Urban,Honduras,"Reacreation, sport and culture",Quintile 2,2004
5.200272560119629,26,,HND,239,382,29174,330,261925,Urban,Honduras,Restaurants and accommodation services,Quintile 2,2004
14.254349708557129,26,,HND,239,382,29174,330,261920,Urban,Honduras,Health,Quintile 2,2004
0.007805582135915756,26,,HND,239,382,29174,330,261926,Urban,Honduras,Insurance and financial services,Quintile 2,2004
1.787174940109253,26,,HND,239,382,29174,330,261924,Urban,Honduras,Education services,Quintile 2,2004
5.264369010925293,26,,HND,239,382,29174,330,261921,Urban,Honduras,Transport,Quintile 2,2004
4.9842448234558105,26,,GTM,235,381,29184,330,261924,Urban,Guatemala,Education services,Quintile 5,2014
13.356279373168945,26,,GTM,235,381,29184,330,261921,Urban,Guatemala,Transport,Quintile 5,2014
24.352813720703125,26,,GTM,235,381,29184,330,261918,Urban,Guatemala,"Housing, water, electricity, gas and other fuels",Quintile 5,2014
30.620361328125,26,,GTM,235,379,29184,330,261913,Urban,Guatemala,Food and non-alcoholic beverages,Total quintile,2014
0.21039223670959473,26,,GTM,235,379,29184,330,261916,Urban,Guatemala,"Alcoholic beverages, tobacco and narcotics",Total quintile,2014
5.043374061584473,26,,GTM,235,379,29184,330,261927,Urban,Guatemala,"Personal care, social proteccion and miscellaneous goods and services",Total quintile,2014
5.969964981079102,26,,GTM,235,379,29184,330,261922,Urban,Guatemala,Information and communication,Total quintile,2014
3.7199525833129883,26,,GTM,235,379,29184,330,261919,Urban,Guatemala,"Furnishings, household equipment and routine household maintenance",Total quintile,2014
3.641479015350342,26,,GTM,235,379,29184,330,261917,Urban,Guatemala,Clothing and footwear,Total quintile,2014
3.6298320293426514,26,,GTM,235,379,29184,330,261923,Urban,Guatemala,"Reacreation, sport and culture",Total quintile,2014
4.227518558502197,26,,GTM,235,379,29184,330,261925,Urban,Guatemala,Restaurants and accommodation services,Total quintile,2014
4.440747261047363,26,,GTM,235,379,29184,330,261920,Urban,Guatemala,Health,Total quintile,2014
0.2906508147716522,26,,GTM,235,379,29184,330,261926,Urban,Guatemala,Insurance and financial services,Total quintile,2014
4.1073808670043945,26,,GTM,235,379,29184,330,261924,Urban,Guatemala,Education services,Total quintile,2014
9.744302749633789,26,,GTM,235,379,29184,330,261921,Urban,Guatemala,Transport,Total quintile,2014
24.35404396057129,26,,GTM,235,379,29184,330,261918,Urban,Guatemala,"Housing, water, electricity, gas and other fuels",Total quintile,2014
37.619140625,26,,HND,239,380,29174,327,261913,National,Honduras,Food and non-alcoholic beverages,Quintile 1,2004
0.4082544147968292,26,,HND,239,380,29174,327,261916,National,Honduras,"Alcoholic beverages, tobacco and narcotics",Quintile 1,2004
2.715610980987549,26,,HND,239,380,29174,327,261927,National,Honduras,"Personal care, social proteccion and miscellaneous goods and services",Quintile 1,2004
1.9948804378509521,26,,HND,239,380,29174,327,261922,National,Honduras,Information and communication,Quintile 1,2004
2.518341302871704,26,,HND,239,380,29174,327,261919,National,Honduras,"Furnishings, household equipment and routine household maintenance",Quintile 1,2004
2.5211479663848877,26,,HND,239,380,29174,327,261917,National,Honduras,Clothing and footwear,Quintile 1,2004
2.139299154281616,26,,HND,239,380,29174,327,261923,National,Honduras,"Reacreation, sport and culture",Quintile 1,2004
7.4806342124938965,26,,HND,239,380,29174,327,261925,National,Honduras,Restaurants and accommodation services,Quintile 1,2004
16.780447006225586,26,,HND,239,380,29174,327,261920,National,Honduras,Health,Quintile 1,2004
0.1159648671746254,26,,HND,239,380,29174,327,261926,National,Honduras,Insurance and financial services,Quintile 1,2004
1.3753647804260254,26,,HND,239,380,29174,327,261924,National,Honduras,Education services,Quintile 1,2004
5.9789299964904785,26,,HND,239,380,29174,327,261921,National,Honduras,Transport,Quintile 1,2004
18.35198402404785,26,,HND,239,380,29174,327,261918,National,Honduras,"Housing, water, electricity, gas and other fuels",Quintile 1,2004
42.68279266357422,26,,HND,239,382,29174,327,261913,National,Honduras,Food and non-alcoholic beverages,Quintile 2,2004
0.6416450142860413,26,,HND,239,382,29174,327,261916,National,Honduras,"Alcoholic beverages, tobacco and narcotics",Quintile 2,2004
3.134732246398926,26,,HND,239,382,29174,327,261927,National,Honduras,"Personal care, social proteccion and miscellaneous goods and services",Quintile 2,2004
1.6015444993972778,26,,HND,239,382,29174,327,261922,National,Honduras,Information and communication,Quintile 2,2004
2.720132350921631,26,,HND,239,382,29174,327,261919,National,Honduras,"Furnishings, household equipment and routine household maintenance",Quintile 2,2004
2.413564920425415,26,,HND,239,382,29174,327,261917,National,Honduras,Clothing and footwear,Quintile 2,2004
2.0961146354675293,26,,HND,239,382,29174,327,261923,National,Honduras,"Reacreation, sport and culture",Quintile 2,2004
6.7358078956604,26,,HND,239,382,29174,327,261925,National,Honduras,Restaurants and accommodation services,Quintile 2,2004
15.790307998657227,26,,HND,239,382,29174,327,261920,National,Honduras,Health,Quintile 2,2004
0.08012804388999939,26,,HND,239,382,29174,327,261926,National,Honduras,Insurance and financial services,Quintile 2,2004
0.8960414528846741,26,,HND,239,382,29174,327,261924,National,Honduras,Education services,Quintile 2,2004
4.691659927368164,26,,HND,239,382,29174,327,261921,National,Honduras,Transport,Quintile 2,2004
16.51552963256836,26,,HND,239,382,29174,327,261918,National,Honduras,"Housing, water, electricity, gas and other fuels",Quintile 2,2004
41.284603118896484,26,,HND,239,383,29174,327,261913,National,Honduras,Food and non-alcoholic beverages,Quintile 3,2004
0.6940991878509521,26,,HND,239,383,29174,327,261916,National,Honduras,"Alcoholic beverages, tobacco and narcotics",Quintile 3,2004
3.536583662033081,26,,HND,239,383,29174,327,261927,National,Honduras,"Personal care, social proteccion and miscellaneous goods and services",Quintile 3,2004
2.813441514968872,26,,HND,239,383,29174,327,261922,National,Honduras,Information and communication,Quintile 3,2004
2.8609485626220703,26,,HND,239,383,29174,327,261919,National,Honduras,"Furnishings, household equipment and routine household maintenance",Quintile 3,2004
2.6409828662872314,26,,HND,239,383,29174,327,261917,National,Honduras,Clothing and footwear,Quintile 3,2004
2.182602882385254,26,,HND,239,383,29174,327,261923,National,Honduras,"Reacreation, sport and culture",Quintile 3,2004
5.562448978424072,26,,HND,239,383,29174,327,261925,National,Honduras,Restaurants and accommodation services,Quintile 3,2004
14.31445026397705,26,,HND,239,383,29174,327,261920,National,Honduras,Health,Quintile 3,2004
0.017082437872886658,26,,HND,239,383,29174,327,261926,National,Honduras,Insurance and financial services,Quintile 3,2004
1.464692234992981,26,,HND,239,383,29174,327,261924,National,Honduras,Education services,Quintile 3,2004
6.939881801605225,26,,HND,239,383,29174,327,261921,National,Honduras,Transport,Quintile 3,2004
15.688180923461914,26,,HND,239,383,29174,327,261918,National,Honduras,"Housing, water, electricity, gas and other fuels",Quintile 3,2004
38.070735931396484,26,,HND,239,384,29174,327,261913,National,Honduras,Food and non-alcoholic beverages,Quintile 4,2004
0.5826310515403748,26,,HND,239,384,29174,327,261916,National,Honduras,"Alcoholic beverages, tobacco and narcotics",Quintile 4,2004
3.872995138168335,26,,HND,239,384,29174,327,261927,National,Honduras,"Personal care, social proteccion and miscellaneous goods and services",Quintile 4,2004
4.2296857833862305,26,,HND,239,384,29174,327,261922,National,Honduras,Information and communication,Quintile 4,2004
2.691891670227051,26,,HND,239,384,29174,327,261919,National,Honduras,"Furnishings, household equipment and routine household maintenance",Quintile 4,2004
2.6405413150787354,26,,HND,239,384,29174,327,261917,National,Honduras,Clothing and footwear,Quintile 4,2004
2.4108264446258545,26,,HND,239,384,29174,327,261923,National,Honduras,"Reacreation, sport and culture",Quintile 4,2004
4.860652446746826,26,,HND,239,384,29174,327,261925,National,Honduras,Restaurants and accommodation services,Quintile 4,2004
13.957621574401855,26,,HND,239,384,29174,327,261920,National,Honduras,Health,Quintile 4,2004
0.06768998503684998,26,,HND,239,384,29174,327,261926,National,Honduras,Insurance and financial services,Quintile 4,2004
2.0597379207611084,26,,HND,239,384,29174,327,261924,National,Honduras,Education services,Quintile 4,2004
7.209710597991943,26,,HND,239,384,29174,327,261921,National,Honduras,Transport,Quintile 4,2004
17.34528160095215,26,,HND,239,384,29174,327,261918,National,Honduras,"Housing, water, electricity, gas and other fuels",Quintile 4,2004
21.965194702148438,26,,HND,239,381,29174,327,261913,National,Honduras,Food and non-alcoholic beverages,Quintile 5,2004
0.5238857269287109,26,,HND,239,381,29174,327,261916,National,Honduras,"Alcoholic beverages, tobacco and narcotics",Quintile 5,2004
4.338188171386719,26,,HND,239,381,29174,327,261927,National,Honduras,"Personal care, social proteccion and miscellaneous goods and services",Quintile 5,2004
7.016006946563721,26,,HND,239,381,29174,327,261922,National,Honduras,Information and communication,Quintile 5,2004
3.7359490394592285,26,,HND,239,381,29174,327,261919,National,Honduras,"Furnishings, household equipment and routine household maintenance",Quintile 5,2004
3.012331485748291,26,,HND,239,381,29174,327,261917,National,Honduras,Clothing and footwear,Quintile 5,2004
3.0253005027770996,26,,HND,239,381,29174,327,261923,National,Honduras,"Reacreation, sport and culture",Quintile 5,2004
4.715668201446533,26,,HND,239,381,29174,327,261925,National,Honduras,Restaurants and accommodation services,Quintile 5,2004
12.267597198486328,26,,HND,239,381,29174,327,261920,National,Honduras,Health,Quintile 5,2004
0.40473487973213196,26,,HND,239,381,29174,327,261926,National,Honduras,Insurance and financial services,Quintile 5,2004
5.453577518463135,26,,HND,239,381,29174,327,261924,National,Honduras,Education services,Quintile 5,2004
14.646866798400879,26,,HND,239,381,29174,327,261921,National,Honduras,Transport,Quintile 5,2004
18.894697189331055,26,,HND,239,381,29174,327,261918,National,Honduras,"Housing, water, electricity, gas and other fuels",Quintile 5,2004
31.364078521728516,26,,HND,239,379,29174,327,261913,National,Honduras,Food and non-alcoholic beverages,Total quintile,2004
0.5616922974586487,26,,HND,239,379,29174,327,261916,National,Honduras,"Alcoholic beverages, tobacco and narcotics",Total quintile,2004
3.8754663467407227,26,,HND,239,379,29174,327,261927,National,Honduras,"Personal care, social proteccion and miscellaneous goods and services",Total quintile,2004
4.8979411125183105,26,,HND,239,379,29174,327,261922,National,Honduras,Information and communication,Total quintile,2004
3.194114923477173,26,,HND,239,379,29174,327,261919,National,Honduras,"Furnishings, household equipment and routine household maintenance",Total quintile,2004
2.783477306365967,26,,HND,239,379,29174,327,261917,National,Honduras,Clothing and footwear,Total quintile,2004
2.6140735149383545,26,,HND,239,379,29174,327,261923,National,Honduras,"Reacreation, sport and culture",Total quintile,2004
5.292416095733643,26,,HND,239,379,29174,327,261925,National,Honduras,Restaurants and accommodation services,Total quintile,2004
13.628100395202637,26,,HND,239,379,29174,327,261920,National,Honduras,Health,Total quintile,2004
0.2240593284368515,26,,HND,239,379,29174,327,261926,National,Honduras,Insurance and financial services,Total quintile,2004
3.400367259979248,26,,HND,239,379,29174,327,261924,National,Honduras,Education services,Total quintile,2004
10.319944381713867,26,,HND,239,379,29174,327,261921,National,Honduras,Transport,Total quintile,2004
17.844268798828125,26,,HND,239,379,29174,327,261918,National,Honduras,"Housing, water, electricity, gas and other fuels",Total quintile,2004
39.477577209472656,26,,HND,239,380,29174,331,261913,Rural,Honduras,Food and non-alcoholic beverages,Quintile 1,2004
0.3835175335407257,26,,HND,239,380,29174,331,261916,Rural,Honduras,"Alcoholic beverages, tobacco and narcotics",Quintile 1,2004
2.0296108722686768,26,,HND,239,380,29174,331,261927,Rural,Honduras,"Personal care, social proteccion and miscellaneous goods and services",Quintile 1,2004
1.0011684894561768,26,,HND,239,380,29174,331,261922,Rural,Honduras,Information and communication,Quintile 1,2004
2.4547836780548096,26,,HND,239,380,29174,331,261919,Rural,Honduras,"Furnishings, household equipment and routine household maintenance",Quintile 1,2004
2.606259822845459,26,,HND,239,380,29174,331,261917,Rural,Honduras,Clothing and footwear,Quintile 1,2004
1.9454435110092163,26,,HND,239,380,29174,331,261923,Rural,Honduras,"Reacreation, sport and culture",Quintile 1,2004
7.3918776512146,26,,HND,239,380,29174,331,261925,Rural,Honduras,Restaurants and accommodation services,Quintile 1,2004
17.862369537353516,26,,HND,239,380,29174,331,261920,Rural,Honduras,Health,Quintile 1,2004
0.1112113893032074,26,,HND,239,380,29174,331,261926,Rural,Honduras,Insurance and financial services,Quintile 1,2004
0.7731019854545593,26,,HND,239,380,29174,331,261924,Rural,Honduras,Education services,Quintile 1,2004
6.912257671356201,26,,HND,239,380,29174,331,261921,Rural,Honduras,Transport,Quintile 1,2004
17.05082130432129,26,,HND,239,380,29174,331,261918,Rural,Honduras,"Housing, water, electricity, gas and other fuels",Quintile 1,2004
41.2355842590332,26,,HND,239,382,29174,331,261913,Rural,Honduras,Food and non-alcoholic beverages,Quintile 2,2004
0.3815951347351074,26,,HND,239,382,29174,331,261916,Rural,Honduras,"Alcoholic beverages, tobacco and narcotics",Quintile 2,2004
2.2485504150390625,26,,HND,239,382,29174,331,261927,Rural,Honduras,"Personal care, social proteccion and miscellaneous goods and services",Quintile 2,2004
0.5196234583854675,26,,HND,239,382,29174,331,261922,Rural,Honduras,Information and communication,Quintile 2,2004
2.3997511863708496,26,,HND,239,382,29174,331,261919,Rural,Honduras,"Furnishings, household equipment and routine household maintenance",Quintile 2,2004
2.105415105819702,26,,HND,239,382,29174,331,261917,Rural,Honduras,Clothing and footwear,Quintile 2,2004
2.0120697021484375,26,,HND,239,382,29174,331,261923,Rural,Honduras,"Reacreation, sport and culture",Quintile 2,2004
8.492110252380371,26,,HND,239,382,29174,331,261925,Rural,Honduras,Restaurants and accommodation services,Quintile 2,2004
20.352235794067383,26,,HND,239,382,29174,331,261920,Rural,Honduras,Health,Quintile 2,2004
0.13113528490066528,26,,HND,239,382,29174,331,261926,Rural,Honduras,Insurance and financial services,Quintile 2,2004
0.6126003265380859,26,,HND,239,382,29174,331,261924,Rural,Honduras,Education services,Quintile 2,2004
3.144192695617676,26,,HND,239,382,29174,331,261921,Rural,Honduras,Transport,Quintile 2,2004
16.36513328552246,26,,HND,239,382,29174,331,261918,Rural,Honduras,"Housing, water, electricity, gas and other fuels",Quintile 2,2004
17.415407180786133,26,,HND,239,382,29174,330,261918,Urban,Honduras,"Housing, water, electricity, gas and other fuels",Quintile 2,2004
37.82019805908203,26,,HND,239,383,29174,330,261913,Urban,Honduras,Food and non-alcoholic beverages,Quintile 3,2004
0.6965646743774414,26,,HND,239,383,29174,330,261916,Urban,Honduras,"Alcoholic beverages, tobacco and narcotics",Quintile 3,2004
3.8535513877868652,26,,HND,239,383,29174,330,261927,Urban,Honduras,"Personal care, social proteccion and miscellaneous goods and services",Quintile 3,2004
4.634870529174805,26,,HND,239,383,29174,330,261922,Urban,Honduras,Information and communication,Quintile 3,2004
2.639221429824829,26,,HND,239,383,29174,330,261919,Urban,Honduras,"Furnishings, household equipment and routine household maintenance",Quintile 3,2004
2.599581003189087,26,,HND,239,383,29174,330,261917,Urban,Honduras,Clothing and footwear,Quintile 3,2004
2.665691614151001,26,,HND,239,383,29174,330,261923,Urban,Honduras,"Reacreation, sport and culture",Quintile 3,2004
4.455329895019531,26,,HND,239,383,29174,330,261925,Urban,Honduras,Restaurants and accommodation services,Quintile 3,2004
13.302968978881836,26,,HND,239,383,29174,330,261920,Urban,Honduras,Health,Quintile 3,2004
0.08051398396492004,26,,HND,239,383,29174,330,261926,Urban,Honduras,Insurance and financial services,Quintile 3,2004
2.3064661026000977,26,,HND,239,383,29174,330,261924,Urban,Honduras,Education services,Quintile 3,2004
6.759533405303955,26,,HND,239,383,29174,330,261921,Urban,Honduras,Transport,Quintile 3,2004
18.18550682067871,26,,HND,239,383,29174,330,261918,Urban,Honduras,"Housing, water, electricity, gas and other fuels",Quintile 3,2004
32.57740783691406,26,,HND,239,384,29174,330,261913,Urban,Honduras,Food and non-alcoholic beverages,Quintile 4,2004
0.5073489546775818,26,,HND,239,384,29174,330,261916,Urban,Honduras,"Alcoholic beverages, tobacco and narcotics",Quintile 4,2004
3.8642635345458984,26,,HND,239,384,29174,330,261927,Urban,Honduras,"Personal care, social proteccion and miscellaneous goods and services",Quintile 4,2004
5.207893371582031,26,,HND,239,384,29174,330,261922,Urban,Honduras,Information and communication,Quintile 4,2004
2.8238632678985596,26,,HND,239,384,29174,330,261919,Urban,Honduras,"Furnishings, household equipment and routine household maintenance",Quintile 4,2004
2.723508834838867,26,,HND,239,384,29174,330,261917,Urban,Honduras,Clothing and footwear,Quintile 4,2004
2.7538936138153076,26,,HND,239,384,29174,330,261923,Urban,Honduras,"Reacreation, sport and culture",Quintile 4,2004
5.530588150024414,26,,HND,239,384,29174,330,261925,Urban,Honduras,Restaurants and accommodation services,Quintile 4,2004
13.103212356567383,26,,HND,239,384,29174,330,261920,Urban,Honduras,Health,Quintile 4,2004
0.11738962680101395,26,,HND,239,384,29174,330,261926,Urban,Honduras,Insurance and financial services,Quintile 4,2004
3.2143714427948,26,,HND,239,384,29174,330,261924,Urban,Honduras,Education services,Quintile 4,2004
9.044342041015625,26,,HND,239,384,29174,330,261921,Urban,Honduras,Transport,Quintile 4,2004
18.531917572021484,26,,HND,239,384,29174,330,261918,Urban,Honduras,"Housing, water, electricity, gas and other fuels",Quintile 4,2004
17.49359130859375,26,,HND,239,381,29174,330,261913,Urban,Honduras,Food and non-alcoholic beverages,Quintile 5,2004
0.47554561495780945,26,,HND,239,381,29174,330,261916,Urban,Honduras,"Alcoholic beverages, tobacco and narcotics",Quintile 5,2004
4.37773323059082,26,,HND,239,381,29174,330,261927,Urban,Honduras,"Personal care, social proteccion and miscellaneous goods and services",Quintile 5,2004
8.143265724182129,26,,HND,239,381,29174,330,261922,Urban,Honduras,Information and communication,Quintile 5,2004
3.89005970954895,26,,HND,239,381,29174,330,261919,Urban,Honduras,"Furnishings, household equipment and routine household maintenance",Quintile 5,2004
3.0819318294525146,26,,HND,239,381,29174,330,261917,Urban,Honduras,Clothing and footwear,Quintile 5,2004
3.33650279045105,26,,HND,239,381,29174,330,261923,Urban,Honduras,"Reacreation, sport and culture",Quintile 5,2004
4.15638542175293,26,,HND,239,381,29174,330,261925,Urban,Honduras,Restaurants and accommodation services,Quintile 5,2004
11.498091697692871,26,,HND,239,381,29174,330,261920,Urban,Honduras,Health,Quintile 5,2004
0.5454798936843872,26,,HND,239,381,29174,330,261926,Urban,Honduras,Insurance and financial services,Quintile 5,2004
6.296276569366455,26,,HND,239,381,29174,330,261924,Urban,Honduras,Education services,Quintile 5,2004
16.9483585357666,26,,HND,239,381,29174,330,261921,Urban,Honduras,Transport,Quintile 5,2004
19.756776809692383,26,,HND,239,381,29174,330,261918,Urban,Honduras,"Housing, water, electricity, gas and other fuels",Quintile 5,2004
28.279855728149414,26,,HND,239,379,29174,330,261913,Urban,Honduras,Food and non-alcoholic beverages,Total quintile,2004
0.5381501317024231,26,,HND,239,379,29174,330,261916,Urban,Honduras,"Alcoholic beverages, tobacco and narcotics",Total quintile,2004
4.047461986541748,26,,HND,239,379,29174,330,261927,Urban,Honduras,"Personal care, social proteccion and miscellaneous goods and services",Total quintile,2004
6.04441499710083,26,,HND,239,379,29174,330,261922,Urban,Honduras,Information and communication,Total quintile,2004
3.211716890335083,26,,HND,239,379,29174,330,261919,Urban,Honduras,"Furnishings, household equipment and routine household maintenance",Total quintile,2004
2.8118088245391846,26,,HND,239,379,29174,330,261917,Urban,Honduras,Clothing and footwear,Total quintile,2004
2.9044594764709473,26,,HND,239,379,29174,330,261923,Urban,Honduras,"Reacreation, sport and culture",Total quintile,2004
4.8027424812316895,26,,HND,239,379,29174,330,261925,Urban,Honduras,Restaurants and accommodation services,Total quintile,2004
12.652974128723145,26,,HND,239,379,29174,330,261920,Urban,Honduras,Health,Total quintile,2004
0.28383374214172363,26,,HND,239,379,29174,330,261926,Urban,Honduras,Insurance and financial services,Total quintile,2004
4.112270355224609,26,,HND,239,379,29174,330,261924,Urban,Honduras,Education services,Total quintile,2004
11.381568908691406,26,,HND,239,379,29174,330,261921,Urban,Honduras,Transport,Total quintile,2004
18.928741455078125,26,,HND,239,379,29174,330,261918,Urban,Honduras,"Housing, water, electricity, gas and other fuels",Total quintile,2004
36.94293975830078,26,,MEX,233,380,29188,327,261913,National,Mexico,Food and non-alcoholic beverages,Quintile 1,2018
0.18283340334892273,26,,MEX,233,380,29188,327,261916,National,Mexico,"Alcoholic beverages, tobacco and narcotics",Quintile 1,2018
6.409041881561279,26,,MEX,233,380,29188,327,261927,National,Mexico,"Personal care, social proteccion and miscellaneous goods and services",Quintile 1,2018
2.915775775909424,26,,MEX,233,380,29188,327,261922,National,Mexico,Information and communication,Quintile 1,2018
4.998648166656494,26,,MEX,233,380,29188,327,261919,National,Mexico,"Furnishings, household equipment and routine household maintenance",Quintile 1,2018
4.756011009216309,26,,MEX,233,380,29188,327,261917,National,Mexico,Clothing and footwear,Quintile 1,2018
0.7406957745552063,26,,MEX,233,380,29188,327,261923,National,Mexico,"Reacreation, sport and culture",Quintile 1,2018
7.780834674835205,26,,MEX,233,380,29188,327,261925,National,Mexico,Restaurants and accommodation services,Quintile 1,2018
2.747568368911743,26,,MEX,233,380,29188,327,261920,National,Mexico,Health,Quintile 1,2018
0.014572412706911564,26,,MEX,233,380,29188,327,261926,National,Mexico,Insurance and financial services,Quintile 1,2018
4.781144618988037,26,,MEX,233,380,29188,327,261924,National,Mexico,Education services,Quintile 1,2018
9.08292293548584,26,,MEX,233,380,29188,327,261921,National,Mexico,Transport,Quintile 1,2018
18.647008895874023,26,,MEX,233,380,29188,327,261918,National,Mexico,"Housing, water, electricity, gas and other fuels",Quintile 1,2018
31.665225982666016,26,,MEX,233,382,29188,327,261913,National,Mexico,Food and non-alcoholic beverages,Quintile 2,2018
0.2471860945224762,26,,MEX,233,382,29188,327,261916,National,Mexico,"Alcoholic beverages, tobacco and narcotics",Quintile 2,2018
6.295648097991943,26,,MEX,233,382,29188,327,261927,National,Mexico,"Personal care, social proteccion and miscellaneous goods and services",Quintile 2,2018
3.7635042667388916,26,,MEX,233,382,29188,327,261922,National,Mexico,Information and communication,Quintile 2,2018
4.39215087890625,26,,MEX,233,382,29188,327,261919,National,Mexico,"Furnishings, household equipment and routine household maintenance",Quintile 2,2018
4.508298397064209,26,,MEX,233,382,29188,327,261917,National,Mexico,Clothing and footwear,Quintile 2,2018
0.9877553582191467,26,,MEX,233,382,29188,327,261923,National,Mexico,"Reacreation, sport and culture",Quintile 2,2018
9.278081893920898,26,,MEX,233,382,29188,327,261925,National,Mexico,Restaurants and accommodation services,Quintile 2,2018
2.8604278564453125,26,,MEX,233,382,29188,327,261920,National,Mexico,Health,Quintile 2,2018
0.027136381715536118,26,,MEX,233,382,29188,327,261926,National,Mexico,Insurance and financial services,Quintile 2,2018
5.150790214538574,26,,MEX,233,382,29188,327,261924,National,Mexico,Education services,Quintile 2,2018
11.07313346862793,26,,MEX,233,382,29188,327,261921,National,Mexico,Transport,Quintile 2,2018
19.750661849975586,26,,MEX,233,382,29188,327,261918,National,Mexico,"Housing, water, electricity, gas and other fuels",Quintile 2,2018
28.406639099121094,26,,MEX,233,383,29188,327,261913,National,Mexico,Food and non-alcoholic beverages,Quintile 3,2018
0.30652299523353577,26,,MEX,233,383,29188,327,261916,National,Mexico,"Alcoholic beverages, tobacco and narcotics",Quintile 3,2018
6.069491863250732,26,,MEX,233,383,29188,327,261927,National,Mexico,"Personal care, social proteccion and miscellaneous goods and services",Quintile 3,2018
4.31907320022583,26,,MEX,233,383,29188,327,261922,National,Mexico,Information and communication,Quintile 3,2018
4.316380977630615,26,,MEX,233,383,29188,327,261919,National,Mexico,"Furnishings, household equipment and routine household maintenance",Quintile 3,2018
4.545577049255371,26,,MEX,233,383,29188,327,261917,National,Mexico,Clothing and footwear,Quintile 3,2018
1.2712892293930054,26,,MEX,233,383,29188,327,261923,National,Mexico,"Reacreation, sport and culture",Quintile 3,2018
10.062606811523438,26,,MEX,233,383,29188,327,261925,National,Mexico,Restaurants and accommodation services,Quintile 3,2018
3.1042733192443848,26,,MEX,233,383,29188,327,261920,National,Mexico,Health,Quintile 3,2018
0.09542866051197052,26,,MEX,233,383,29188,327,261926,National,Mexico,Insurance and financial services,Quintile 3,2018
5.295120716094971,26,,MEX,233,383,29188,327,261924,National,Mexico,Education services,Quintile 3,2018
12.10848617553711,26,,MEX,233,383,29188,327,261921,National,Mexico,Transport,Quintile 3,2018
20.099111557006836,26,,MEX,233,383,29188,327,261918,National,Mexico,"Housing, water, electricity, gas and other fuels",Quintile 3,2018
23.996274948120117,26,,MEX,233,384,29188,327,261913,National,Mexico,Food and non-alcoholic beverages,Quintile 4,2018
0.42531275749206543,26,,MEX,233,384,29188,327,261916,National,Mexico,"Alcoholic beverages, tobacco and narcotics",Quintile 4,2018
5.679623126983643,26,,MEX,233,384,29188,327,261927,National,Mexico,"Personal care, social proteccion and miscellaneous goods and services",Quintile 4,2018
4.720498561859131,26,,MEX,233,384,29188,327,261922,National,Mexico,Information and communication,Quintile 4,2018
4.336723327636719,26,,MEX,233,384,29188,327,261919,National,Mexico,"Furnishings, household equipment and routine household maintenance",Quintile 4,2018
4.398894309997559,26,,MEX,233,384,29188,327,261917,National,Mexico,Clothing and footwear,Quintile 4,2018
1.5724425315856934,26,,MEX,233,384,29188,327,261923,National,Mexico,"Reacreation, sport and culture",Quintile 4,2018
11.43538761138916,26,,MEX,233,384,29188,327,261925,National,Mexico,Restaurants and accommodation services,Quintile 4,2018
3.251910448074341,26,,MEX,233,384,29188,327,261920,National,Mexico,Health,Quintile 4,2018
0.1893588900566101,26,,MEX,233,384,29188,327,261926,National,Mexico,Insurance and financial services,Quintile 4,2018
5.459424018859863,26,,MEX,233,384,29188,327,261924,National,Mexico,Education services,Quintile 4,2018
13.634061813354492,26,,MEX,233,384,29188,327,261921,National,Mexico,Transport,Quintile 4,2018
20.900087356567383,26,,MEX,233,384,29188,327,261918,National,Mexico,"Housing, water, electricity, gas and other fuels",Quintile 4,2018
14.522969245910645,26,,MEX,233,381,29188,327,261913,National,Mexico,Food and non-alcoholic beverages,Quintile 5,2018
0.5277078747749329,26,,MEX,233,381,29188,327,261916,National,Mexico,"Alcoholic beverages, tobacco and narcotics",Quintile 5,2018
5.213669300079346,26,,MEX,233,381,29188,327,261927,National,Mexico,"Personal care, social proteccion and miscellaneous goods and services",Quintile 5,2018
4.83890438079834,26,,MEX,233,381,29188,327,261922,National,Mexico,Information and communication,Quintile 5,2018
5.605020046234131,26,,MEX,233,381,29188,327,261919,National,Mexico,"Furnishings, household equipment and routine household maintenance",Quintile 5,2018
4.265642166137695,26,,MEX,233,381,29188,327,261917,National,Mexico,Clothing and footwear,Quintile 5,2018
2.574920654296875,26,,MEX,233,381,29188,327,261923,National,Mexico,"Reacreation, sport and culture",Quintile 5,2018
12.97171401977539,26,,MEX,233,381,29188,327,261925,National,Mexico,Restaurants and accommodation services,Quintile 5,2018
4.384968280792236,26,,MEX,233,381,29188,327,261920,National,Mexico,Health,Quintile 5,2018
0.9199491143226624,26,,MEX,233,381,29188,327,261926,National,Mexico,Insurance and financial services,Quintile 5,2018
6.683552265167236,26,,MEX,233,381,29188,327,261924,National,Mexico,Education services,Quintile 5,2018
15.08299446105957,26,,MEX,233,381,29188,327,261921,National,Mexico,Transport,Quintile 5,2018
22.407989501953125,26,,MEX,233,381,29188,327,261918,National,Mexico,"Housing, water, electricity, gas and other fuels",Quintile 5,2018
22.34360694885254,26,,MEX,233,379,29188,327,261913,National,Mexico,Food and non-alcoholic beverages,Total quintile,2018
0.4133208096027374,26,,MEX,233,379,29188,327,261916,National,Mexico,"Alcoholic beverages, tobacco and narcotics",Total quintile,2018
5.659291744232178,26,,MEX,233,379,29188,327,261927,National,Mexico,"Personal care, social proteccion and miscellaneous goods and services",Total quintile,2018
4.45884895324707,26,,MEX,233,379,29188,327,261922,National,Mexico,Information and communication,Total quintile,2018
4.95936918258667,26,,MEX,233,379,29188,327,261919,National,Mexico,"Furnishings, household equipment and routine household maintenance",Total quintile,2018
4.40248966217041,26,,MEX,233,379,29188,327,261917,National,Mexico,Clothing and footwear,Total quintile,2018
1.8412773609161377,26,,MEX,233,379,29188,327,261923,National,Mexico,"Reacreation, sport and culture",Total quintile,2018
11.375238418579102,26,,MEX,233,379,29188,327,261925,National,Mexico,Restaurants and accommodation services,Total quintile,2018
3.650542974472046,26,,MEX,233,379,29188,327,261920,National,Mexico,Health,Total quintile,2018
0.46897462010383606,26,,MEX,233,379,29188,327,261926,National,Mexico,Insurance and financial services,Total quintile,2018
5.891951084136963,26,,MEX,233,379,29188,327,261924,National,Mexico,Education services,Total quintile,2018
13.393906593322754,26,,MEX,233,379,29188,327,261921,National,Mexico,Transport,Total quintile,2018
21.14118003845215,26,,MEX,233,379,29188,327,261918,National,Mexico,"Housing, water, electricity, gas and other fuels",Total quintile,2018
42.34233856201172,26,,MEX,233,380,29188,331,261913,Rural,Mexico,Food and non-alcoholic beverages,Quintile 1,2018
0.10067421197891235,26,,MEX,233,380,29188,331,261916,Rural,Mexico,"Alcoholic beverages, tobacco and narcotics",Quintile 1,2018
6.640310287475586,26,,MEX,233,380,29188,331,261927,Rural,Mexico,"Personal care, social proteccion and miscellaneous goods and services",Quintile 1,2018
2.138298749923706,26,,MEX,233,380,29188,331,261922,Rural,Mexico,Information and communication,Quintile 1,2018
6.145463943481445,26,,MEX,233,380,29188,331,261919,Rural,Mexico,"Furnishings, household equipment and routine household maintenance",Quintile 1,2018
5.297687530517578,26,,MEX,233,380,29188,331,261917,Rural,Mexico,Clothing and footwear,Quintile 1,2018
0.40801236033439636,26,,MEX,233,380,29188,331,261923,Rural,Mexico,"Reacreation, sport and culture",Quintile 1,2018
6.710592746734619,26,,MEX,233,380,29188,331,261925,Rural,Mexico,Restaurants and accommodation services,Quintile 1,2018
2.747917890548706,26,,MEX,233,380,29188,331,261920,Rural,Mexico,Health,Quintile 1,2018
0.012031196616590023,26,,MEX,233,380,29188,331,261926,Rural,Mexico,Insurance and financial services,Quintile 1,2018
3.868324041366577,26,,MEX,233,380,29188,331,261924,Rural,Mexico,Education services,Quintile 1,2018
7.751479148864746,26,,MEX,233,380,29188,331,261921,Rural,Mexico,Transport,Quintile 1,2018
15.836870193481445,26,,MEX,233,380,29188,331,261918,Rural,Mexico,"Housing, water, electricity, gas and other fuels",Quintile 1,2018
37.18046951293945,26,,MEX,233,382,29188,331,261913,Rural,Mexico,Food and non-alcoholic beverages,Quintile 2,2018
0.21604669094085693,26,,MEX,233,382,29188,331,261916,Rural,Mexico,"Alcoholic beverages, tobacco and narcotics",Quintile 2,2018
6.2350263595581055,26,,MEX,233,382,29188,331,261927,Rural,Mexico,"Personal care, social proteccion and miscellaneous goods and services",Quintile 2,2018
2.768313407897949,26,,MEX,233,382,29188,331,261922,Rural,Mexico,Information and communication,Quintile 2,2018
5.54137659072876,26,,MEX,233,382,29188,331,261919,Rural,Mexico,"Furnishings, household equipment and routine household maintenance",Quintile 2,2018
4.967592716217041,26,,MEX,233,382,29188,331,261917,Rural,Mexico,Clothing and footwear,Quintile 2,2018
0.6826930046081543,26,,MEX,233,382,29188,331,261923,Rural,Mexico,"Reacreation, sport and culture",Quintile 2,2018
8.29081916809082,26,,MEX,233,382,29188,331,261925,Rural,Mexico,Restaurants and accommodation services,Quintile 2,2018
3.339585304260254,26,,MEX,233,382,29188,331,261920,Rural,Mexico,Health,Quintile 2,2018
0.004052082076668739,26,,MEX,233,382,29188,331,261926,Rural,Mexico,Insurance and financial services,Quintile 2,2018
4.244676113128662,26,,MEX,233,382,29188,331,261924,Rural,Mexico,Education services,Quintile 2,2018
9.613996505737305,26,,MEX,233,382,29188,331,261921,Rural,Mexico,Transport,Quintile 2,2018
16.915353775024414,26,,MEX,233,382,29188,331,261918,Rural,Mexico,"Housing, water, electricity, gas and other fuels",Quintile 2,2018
33.212982177734375,26,,MEX,233,383,29188,331,261913,Rural,Mexico,Food and non-alcoholic beverages,Quintile 3,2018
0.23984278738498688,26,,MEX,233,383,29188,331,261916,Rural,Mexico,"Alcoholic beverages, tobacco and narcotics",Quintile 3,2018
6.279706954956055,26,,MEX,233,383,29188,331,261927,Rural,Mexico,"Personal care, social proteccion and miscellaneous goods and services",Quintile 3,2018
3.1594178676605225,26,,MEX,233,383,29188,331,261922,Rural,Mexico,Information and communication,Quintile 3,2018
5.078327655792236,26,,MEX,233,383,29188,331,261919,Rural,Mexico,"Furnishings, household equipment and routine household maintenance",Quintile 3,2018
5.0470356941223145,26,,MEX,233,383,29188,331,261917,Rural,Mexico,Clothing and footwear,Quintile 3,2018
0.7386910915374756,26,,MEX,233,383,29188,331,261923,Rural,Mexico,"Reacreation, sport and culture",Quintile 3,2018
9.63768196105957,26,,MEX,233,383,29188,331,261925,Rural,Mexico,Restaurants and accommodation services,Quintile 3,2018
3.5079891681671143,26,,MEX,233,383,29188,331,261920,Rural,Mexico,Health,Quintile 3,2018
0.007381275296211243,26,,MEX,233,383,29188,331,261926,Rural,Mexico,Insurance and financial services,Quintile 3,2018
4.401275634765625,26,,MEX,233,383,29188,331,261924,Rural,Mexico,Education services,Quintile 3,2018
11.778497695922852,26,,MEX,233,383,29188,331,261921,Rural,Mexico,Transport,Quintile 3,2018
16.91116714477539,26,,MEX,233,383,29188,331,261918,Rural,Mexico,"Housing, water, electricity, gas and other fuels",Quintile 3,2018
30.72281265258789,26,,MEX,233,384,29188,331,261913,Rural,Mexico,Food and non-alcoholic beverages,Quintile 4,2018
0.28404825925827026,26,,MEX,233,384,29188,331,261916,Rural,Mexico,"Alcoholic beverages, tobacco and narcotics",Quintile 4,2018
6.244591236114502,26,,MEX,233,384,29188,331,261927,Rural,Mexico,"Personal care, social proteccion and miscellaneous goods and services",Quintile 4,2018
3.5463812351226807,26,,MEX,233,384,29188,331,261922,Rural,Mexico,Information and communication,Quintile 4,2018
5.155252933502197,26,,MEX,233,384,29188,331,261919,Rural,Mexico,"Furnishings, household equipment and routine household maintenance",Quintile 4,2018
4.907077312469482,26,,MEX,233,384,29188,331,261917,Rural,Mexico,Clothing and footwear,Quintile 4,2018
0.8775970935821533,26,,MEX,233,384,29188,331,261923,Rural,Mexico,"Reacreation, sport and culture",Quintile 4,2018
10.612302780151367,26,,MEX,233,384,29188,331,261925,Rural,Mexico,Restaurants and accommodation services,Quintile 4,2018
4.095467567443848,26,,MEX,233,384,29188,331,261920,Rural,Mexico,Health,Quintile 4,2018
0.025023870170116425,26,,MEX,233,384,29188,331,261926,Rural,Mexico,Insurance and financial services,Quintile 4,2018
3.7252707481384277,26,,MEX,233,384,29188,331,261924,Rural,Mexico,Education services,Quintile 4,2018
13.093725204467773,26,,MEX,233,384,29188,331,261921,Rural,Mexico,Transport,Quintile 4,2018
16.71044921875,26,,MEX,233,384,29188,331,261918,Rural,Mexico,"Housing, water, electricity, gas and other fuels",Quintile 4,2018
22.73596954345703,26,,MEX,233,381,29188,331,261913,Rural,Mexico,Food and non-alcoholic beverages,Quintile 5,2018
0.5772600769996643,26,,MEX,233,381,29188,331,261916,Rural,Mexico,"Alcoholic beverages, tobacco and narcotics",Quintile 5,2018
5.859920024871826,26,,MEX,233,381,29188,331,261927,Rural,Mexico,"Personal care, social proteccion and miscellaneous goods and services",Quintile 5,2018
4.081641674041748,26,,MEX,233,381,29188,331,261922,Rural,Mexico,Information and communication,Quintile 5,2018
5.398375511169434,26,,MEX,233,381,29188,331,261919,Rural,Mexico,"Furnishings, household equipment and routine household maintenance",Quintile 5,2018
4.782149314880371,26,,MEX,233,381,29188,331,261917,Rural,Mexico,Clothing and footwear,Quintile 5,2018
1.421738862991333,26,,MEX,233,381,29188,331,261923,Rural,Mexico,"Reacreation, sport and culture",Quintile 5,2018
12.190162658691406,26,,MEX,233,381,29188,331,261925,Rural,Mexico,Restaurants and accommodation services,Quintile 5,2018
6.825029373168945,26,,MEX,233,381,29188,331,261920,Rural,Mexico,Health,Quintile 5,2018
0.28371405601501465,26,,MEX,233,381,29188,331,261926,Rural,Mexico,Insurance and financial services,Quintile 5,2018
3.7649288177490234,26,,MEX,233,381,29188,331,261924,Rural,Mexico,Education services,Quintile 5,2018
16.25917625427246,26,,MEX,233,381,29188,331,261921,Rural,Mexico,Transport,Quintile 5,2018
15.81993293762207,26,,MEX,233,381,29188,331,261918,Rural,Mexico,"Housing, water, electricity, gas and other fuels",Quintile 5,2018
30.058181762695312,26,,MEX,233,379,29188,331,261913,Rural,Mexico,Food and non-alcoholic beverages,Total quintile,2018
2.9294934272766113,26,,NIC,240,383,29184,327,261919,National,Nicaragua,"Furnishings, household equipment and routine household maintenance",Quintile 3,2014
2.71930193901062,26,,NIC,240,383,29184,327,261917,National,Nicaragua,Clothing and footwear,Quintile 3,2014
0.879865288734436,26,,NIC,240,383,29184,327,261923,National,Nicaragua,"Reacreation, sport and culture",Quintile 3,2014
1.8538994789123535,26,,NIC,240,383,29184,327,261925,National,Nicaragua,Restaurants and accommodation services,Quintile 3,2014
7.065165042877197,26,,NIC,240,383,29184,327,261920,National,Nicaragua,Health,Quintile 3,2014
0.06363426148891449,26,,NIC,240,383,29184,327,261926,National,Nicaragua,Insurance and financial services,Quintile 3,2014
1.5410012006759644,26,,NIC,240,383,29184,327,261924,National,Nicaragua,Education services,Quintile 3,2014
6.425667762756348,26,,NIC,240,383,29184,327,261921,National,Nicaragua,Transport,Quintile 3,2014
19.922138214111328,26,,NIC,240,383,29184,327,261918,National,Nicaragua,"Housing, water, electricity, gas and other fuels",Quintile 3,2014
41.84357833862305,26,,NIC,240,384,29184,327,261913,National,Nicaragua,Food and non-alcoholic beverages,Quintile 4,2014
0.8303959369659424,26,,NIC,240,384,29184,327,261916,National,Nicaragua,"Alcoholic beverages, tobacco and narcotics",Quintile 4,2014
5.077082633972168,26,,NIC,240,384,29184,327,261927,National,Nicaragua,"Personal care, social proteccion and miscellaneous goods and services",Quintile 4,2014
4.406414985656738,26,,NIC,240,384,29184,327,261922,National,Nicaragua,Information and communication,Quintile 4,2014
2.983424186706543,26,,NIC,240,384,29184,327,261919,National,Nicaragua,"Furnishings, household equipment and routine household maintenance",Quintile 4,2014
2.7921371459960938,26,,NIC,240,384,29184,327,261917,National,Nicaragua,Clothing and footwear,Quintile 4,2014
0.9644226431846619,26,,NIC,240,384,29184,327,261923,National,Nicaragua,"Reacreation, sport and culture",Quintile 4,2014
2.1933951377868652,26,,NIC,240,384,29184,327,261925,National,Nicaragua,Restaurants and accommodation services,Quintile 4,2014
5.891323089599609,26,,NIC,240,384,29184,327,261920,National,Nicaragua,Health,Quintile 4,2014
0.09254270046949387,26,,NIC,240,384,29184,327,261926,National,Nicaragua,Insurance and financial services,Quintile 4,2014
1.8627129793167114,26,,NIC,240,384,29184,327,261924,National,Nicaragua,Education services,Quintile 4,2014
6.938531398773193,26,,NIC,240,384,29184,327,261921,National,Nicaragua,Transport,Quintile 4,2014
24.12403678894043,26,,NIC,240,384,29184,327,261918,National,Nicaragua,"Housing, water, electricity, gas and other fuels",Quintile 4,2014
28.799270629882812,26,,NIC,240,381,29184,327,261913,National,Nicaragua,Food and non-alcoholic beverages,Quintile 5,2014
0.7602766156196594,26,,NIC,240,381,29184,327,261916,National,Nicaragua,"Alcoholic beverages, tobacco and narcotics",Quintile 5,2014
4.3938117027282715,26,,NIC,240,381,29184,327,261927,National,Nicaragua,"Personal care, social proteccion and miscellaneous goods and services",Quintile 5,2014
5.724274635314941,26,,NIC,240,381,29184,327,261922,National,Nicaragua,Information and communication,Quintile 5,2014
4.787594318389893,26,,NIC,240,381,29184,327,261919,National,Nicaragua,"Furnishings, household equipment and routine household maintenance",Quintile 5,2014
2.452049732208252,26,,NIC,240,381,29184,327,261917,National,Nicaragua,Clothing and footwear,Quintile 5,2014
0.9602580070495605,26,,NIC,240,381,29184,327,261923,National,Nicaragua,"Reacreation, sport and culture",Quintile 5,2014
2.471743106842041,26,,NIC,240,381,29184,327,261925,National,Nicaragua,Restaurants and accommodation services,Quintile 5,2014
5.588729381561279,26,,NIC,240,381,29184,327,261920,National,Nicaragua,Health,Quintile 5,2014
0.3067486882209778,26,,NIC,240,381,29184,327,261926,National,Nicaragua,Insurance and financial services,Quintile 5,2014
2.3875644207000732,26,,NIC,240,381,29184,327,261924,National,Nicaragua,Education services,Quintile 5,2014
12.049840927124023,26,,NIC,240,381,29184,327,261921,National,Nicaragua,Transport,Quintile 5,2014
29.31783676147461,26,,NIC,240,381,29184,327,261918,National,Nicaragua,"Housing, water, electricity, gas and other fuels",Quintile 5,2014
39.3238525390625,26,,NIC,240,379,29184,327,261913,National,Nicaragua,Food and non-alcoholic beverages,Total quintile,2014
0.7359399199485779,26,,NIC,240,379,29184,327,261916,National,Nicaragua,"Alcoholic beverages, tobacco and narcotics",Total quintile,2014
4.846482753753662,26,,NIC,240,379,29184,327,261927,National,Nicaragua,"Personal care, social proteccion and miscellaneous goods and services",Total quintile,2014
4.637881755828857,26,,NIC,240,379,29184,327,261922,National,Nicaragua,Information and communication,Total quintile,2014
3.776174783706665,26,,NIC,240,379,29184,327,261919,National,Nicaragua,"Furnishings, household equipment and routine household maintenance",Total quintile,2014
2.676985740661621,26,,NIC,240,379,29184,327,261917,National,Nicaragua,Clothing and footwear,Total quintile,2014
0.9213646650314331,26,,NIC,240,379,29184,327,261923,National,Nicaragua,"Reacreation, sport and culture",Total quintile,2014
2.020646095275879,26,,NIC,240,379,29184,327,261925,National,Nicaragua,Restaurants and accommodation services,Total quintile,2014
6.101304054260254,26,,NIC,240,379,29184,327,261920,National,Nicaragua,Health,Total quintile,2014
0.16959218680858612,26,,NIC,240,379,29184,327,261926,National,Nicaragua,Insurance and financial services,Total quintile,2014
1.7985588312149048,26,,NIC,240,379,29184,327,261924,National,Nicaragua,Education services,Total quintile,2014
8.707316398620605,26,,NIC,240,379,29184,327,261921,National,Nicaragua,Transport,Total quintile,2014
24.28390121459961,26,,NIC,240,379,29184,327,261918,National,Nicaragua,"Housing, water, electricity, gas and other fuels",Total quintile,2014
59.450439453125,26,,NIC,240,380,29184,331,261913,Rural,Nicaragua,Food and non-alcoholic beverages,Quintile 1,2014
0.8626939058303833,26,,NIC,240,380,29184,331,261916,Rural,Nicaragua,"Alcoholic beverages, tobacco and narcotics",Quintile 1,2014
4.746401786804199,26,,NIC,240,380,29184,331,261927,Rural,Nicaragua,"Personal care, social proteccion and miscellaneous goods and services",Quintile 1,2014
2.1892716884613037,26,,NIC,240,380,29184,331,261922,Rural,Nicaragua,Information and communication,Quintile 1,2014
3.248295307159424,26,,NIC,240,380,29184,331,261919,Rural,Nicaragua,"Furnishings, household equipment and routine household maintenance",Quintile 1,2014
3.0339443683624268,26,,NIC,240,380,29184,331,261917,Rural,Nicaragua,Clothing and footwear,Quintile 1,2014
0.7224213480949402,26,,NIC,240,380,29184,331,261923,Rural,Nicaragua,"Reacreation, sport and culture",Quintile 1,2014
0.3406617343425751,26,,NIC,240,380,29184,331,261925,Rural,Nicaragua,Restaurants and accommodation services,Quintile 1,2014
6.192511081695557,26,,NIC,240,380,29184,331,261920,Rural,Nicaragua,Health,Quintile 1,2014
0.04009681195020676,26,,NIC,240,380,29184,331,261926,Rural,Nicaragua,Insurance and financial services,Quintile 1,2014
0.15506820380687714,26,,NIC,240,380,29184,331,261924,Rural,Nicaragua,Education services,Quintile 1,2014
6.690995693206787,26,,NIC,240,380,29184,331,261921,Rural,Nicaragua,Transport,Quintile 1,2014
12.327197074890137,26,,NIC,240,380,29184,331,261918,Rural,Nicaragua,"Housing, water, electricity, gas and other fuels",Quintile 1,2014
55.66402053833008,26,,NIC,240,382,29184,331,261913,Rural,Nicaragua,Food and non-alcoholic beverages,Quintile 2,2014
0.4336472749710083,26,,NIC,240,382,29184,331,261916,Rural,Nicaragua,"Alcoholic beverages, tobacco and narcotics",Quintile 2,2014
5.741583347320557,26,,NIC,240,382,29184,331,261927,Rural,Nicaragua,"Personal care, social proteccion and miscellaneous goods and services",Quintile 2,2014
2.455509901046753,26,,NIC,240,382,29184,331,261922,Rural,Nicaragua,Information and communication,Quintile 2,2014
3.374591112136841,26,,NIC,240,382,29184,331,261919,Rural,Nicaragua,"Furnishings, household equipment and routine household maintenance",Quintile 2,2014
4.208310604095459,26,,NIC,240,382,29184,331,261917,Rural,Nicaragua,Clothing and footwear,Quintile 2,2014
0.6553037762641907,26,,NIC,240,382,29184,331,261923,Rural,Nicaragua,"Reacreation, sport and culture",Quintile 2,2014
0.44748586416244507,26,,NIC,240,382,29184,331,261925,Rural,Nicaragua,Restaurants and accommodation services,Quintile 2,2014
7.5830159187316895,26,,NIC,240,382,29184,331,261920,Rural,Nicaragua,Health,Quintile 2,2014
0.0130238002166152,26,,NIC,240,382,29184,331,261926,Rural,Nicaragua,Insurance and financial services,Quintile 2,2014
0.3653232157230377,26,,NIC,240,382,29184,331,261924,Rural,Nicaragua,Education services,Quintile 2,2014
5.037557601928711,26,,NIC,240,382,29184,331,261921,Rural,Nicaragua,Transport,Quintile 2,2014
14.02062702178955,26,,NIC,240,382,29184,331,261918,Rural,Nicaragua,"Housing, water, electricity, gas and other fuels",Quintile 2,2014
55.535709381103516,26,,NIC,240,383,29184,331,261913,Rural,Nicaragua,Food and non-alcoholic beverages,Quintile 3,2014
0.31271103024482727,26,,NIC,240,383,29184,331,261916,Rural,Nicaragua,"Alcoholic beverages, tobacco and narcotics",Quintile 3,2014
5.3491058349609375,26,,NIC,240,383,29184,331,261927,Rural,Nicaragua,"Personal care, social proteccion and miscellaneous goods and services",Quintile 3,2014
0.36214181780815125,26,,MEX,233,379,29188,331,261916,Rural,Mexico,"Alcoholic beverages, tobacco and narcotics",Total quintile,2018
6.139395236968994,26,,MEX,233,379,29188,331,261927,Rural,Mexico,"Personal care, social proteccion and miscellaneous goods and services",Total quintile,2018
3.4475955963134766,26,,MEX,233,379,29188,331,261922,Rural,Mexico,Information and communication,Total quintile,2018
5.3797101974487305,26,,MEX,233,379,29188,331,261919,Rural,Mexico,"Furnishings, household equipment and routine household maintenance",Total quintile,2018
4.928123474121094,26,,MEX,233,379,29188,331,261917,Rural,Mexico,Clothing and footwear,Total quintile,2018
0.9913767576217651,26,,MEX,233,379,29188,331,261923,Rural,Mexico,"Reacreation, sport and culture",Total quintile,2018
10.369194030761719,26,,MEX,233,379,29188,331,261925,Rural,Mexico,Restaurants and accommodation services,Total quintile,2018
4.809279918670654,26,,MEX,233,379,29188,331,261920,Rural,Mexico,Health,Total quintile,2018
0.11678586900234222,26,,MEX,233,379,29188,331,261926,Rural,Mexico,Insurance and financial services,Total quintile,2018
3.9400954246520996,26,,MEX,233,379,29188,331,261924,Rural,Mexico,Education services,Total quintile,2018
13.107526779174805,26,,MEX,233,379,29188,331,261921,Rural,Mexico,Transport,Total quintile,2018
16.35059356689453,26,,MEX,233,379,29188,331,261918,Rural,Mexico,"Housing, water, electricity, gas and other fuels",Total quintile,2018
34.0594482421875,26,,MEX,233,380,29188,330,261913,Urban,Mexico,Food and non-alcoholic beverages,Quintile 1,2018
0.2263634353876114,26,,MEX,233,380,29188,330,261916,Urban,Mexico,"Alcoholic beverages, tobacco and narcotics",Quintile 1,2018
6.44135046005249,26,,MEX,233,380,29188,330,261927,Urban,Mexico,"Personal care, social proteccion and miscellaneous goods and services",Quintile 1,2018
3.4546852111816406,26,,MEX,233,380,29188,330,261922,Urban,Mexico,Information and communication,Quintile 1,2018
4.340475559234619,26,,MEX,233,380,29188,330,261919,Urban,Mexico,"Furnishings, household equipment and routine household maintenance",Quintile 1,2018
4.309208869934082,26,,MEX,233,380,29188,330,261917,Urban,Mexico,Clothing and footwear,Quintile 1,2018
0.8938863277435303,26,,MEX,233,380,29188,330,261923,Urban,Mexico,"Reacreation, sport and culture",Quintile 1,2018
8.439347267150879,26,,MEX,233,380,29188,330,261925,Urban,Mexico,Restaurants and accommodation services,Quintile 1,2018
2.435274124145508,26,,MEX,233,380,29188,330,261920,Urban,Mexico,Health,Quintile 1,2018
0.03210366889834404,26,,MEX,233,380,29188,330,261926,Urban,Mexico,Insurance and financial services,Quintile 1,2018
5.288825035095215,26,,MEX,233,380,29188,330,261924,Urban,Mexico,Education services,Quintile 1,2018
9.48173713684082,26,,MEX,233,380,29188,330,261921,Urban,Mexico,Transport,Quintile 1,2018
20.597293853759766,26,,MEX,233,380,29188,330,261918,Urban,Mexico,"Housing, water, electricity, gas and other fuels",Quintile 1,2018
30.052806854248047,26,,MEX,233,382,29188,330,261913,Urban,Mexico,Food and non-alcoholic beverages,Quintile 2,2018
0.2591838240623474,26,,MEX,233,382,29188,330,261916,Urban,Mexico,"Alcoholic beverages, tobacco and narcotics",Quintile 2,2018
6.082027912139893,26,,MEX,233,382,29188,330,261927,Urban,Mexico,"Personal care, social proteccion and miscellaneous goods and services",Quintile 2,2018
4.251937389373779,26,,MEX,233,382,29188,330,261922,Urban,Mexico,Information and communication,Quintile 2,2018
4.111091136932373,26,,MEX,233,382,29188,330,261919,Urban,Mexico,"Furnishings, household equipment and routine household maintenance",Quintile 2,2018
4.4204912185668945,26,,MEX,233,382,29188,330,261917,Urban,Mexico,Clothing and footwear,Quintile 2,2018
1.2463645935058594,26,,MEX,233,382,29188,330,261923,Urban,Mexico,"Reacreation, sport and culture",Quintile 2,2018
9.082481384277344,26,,MEX,233,382,29188,330,261925,Urban,Mexico,Restaurants and accommodation services,Quintile 2,2018
2.643418550491333,26,,MEX,233,382,29188,330,261920,Urban,Mexico,Health,Quintile 2,2018
0.05037796124815941,26,,MEX,233,382,29188,330,261926,Urban,Mexico,Insurance and financial services,Quintile 2,2018
5.716768741607666,26,,MEX,233,382,29188,330,261924,Urban,Mexico,Education services,Quintile 2,2018
11.193248748779297,26,,MEX,233,382,29188,330,261921,Urban,Mexico,Transport,Quintile 2,2018
20.889802932739258,26,,MEX,233,382,29188,330,261918,Urban,Mexico,"Housing, water, electricity, gas and other fuels",Quintile 2,2018
26.740093231201172,26,,MEX,233,383,29188,330,261913,Urban,Mexico,Food and non-alcoholic beverages,Quintile 3,2018
0.3349839150905609,26,,MEX,233,383,29188,330,261916,Urban,Mexico,"Alcoholic beverages, tobacco and narcotics",Quintile 3,2018
5.926562786102295,26,,MEX,233,383,29188,330,261927,Urban,Mexico,"Personal care, social proteccion and miscellaneous goods and services",Quintile 3,2018
4.579437732696533,26,,MEX,233,383,29188,330,261922,Urban,Mexico,Information and communication,Quintile 3,2018
4.043696403503418,26,,MEX,233,383,29188,330,261919,Urban,Mexico,"Furnishings, household equipment and routine household maintenance",Quintile 3,2018
4.489477634429932,26,,MEX,233,383,29188,330,261917,Urban,Mexico,Clothing and footwear,Quintile 3,2018
1.4326189756393433,26,,MEX,233,383,29188,330,261923,Urban,Mexico,"Reacreation, sport and culture",Quintile 3,2018
10.270419120788574,26,,MEX,233,383,29188,330,261925,Urban,Mexico,Restaurants and accommodation services,Quintile 3,2018
2.7334139347076416,26,,MEX,233,383,29188,330,261920,Urban,Mexico,Health,Quintile 3,2018
0.1299954503774643,26,,MEX,233,383,29188,330,261926,Urban,Mexico,Insurance and financial services,Quintile 3,2018
5.754603862762451,26,,MEX,233,383,29188,330,261924,Urban,Mexico,Education services,Quintile 3,2018
12.399742126464844,26,,MEX,233,383,29188,330,261921,Urban,Mexico,Transport,Quintile 3,2018
21.164953231811523,26,,MEX,233,383,29188,330,261918,Urban,Mexico,"Housing, water, electricity, gas and other fuels",Quintile 3,2018
22.384929656982422,26,,MEX,233,384,29188,330,261913,Urban,Mexico,Food and non-alcoholic beverages,Quintile 4,2018
0.4277568459510803,26,,MEX,233,384,29188,330,261916,Urban,Mexico,"Alcoholic beverages, tobacco and narcotics",Quintile 4,2018
5.568634510040283,26,,MEX,233,384,29188,330,261927,Urban,Mexico,"Personal care, social proteccion and miscellaneous goods and services",Quintile 4,2018
4.954120635986328,26,,MEX,233,384,29188,330,261922,Urban,Mexico,Information and communication,Quintile 4,2018
4.392147064208984,26,,MEX,233,384,29188,330,261919,Urban,Mexico,"Furnishings, household equipment and routine household maintenance",Quintile 4,2018
4.248302459716797,26,,MEX,233,384,29188,330,261917,Urban,Mexico,Clothing and footwear,Quintile 4,2018
1.7297024726867676,26,,MEX,233,384,29188,330,261923,Urban,Mexico,"Reacreation, sport and culture",Quintile 4,2018
11.983959197998047,26,,MEX,233,384,29188,330,261925,Urban,Mexico,Restaurants and accommodation services,Quintile 4,2018
3.084169387817383,26,,MEX,233,384,29188,330,261920,Urban,Mexico,Health,Quintile 4,2018
0.2548987865447998,26,,MEX,233,384,29188,330,261926,Urban,Mexico,Insurance and financial services,Quintile 4,2018
5.48381233215332,26,,MEX,233,384,29188,330,261924,Urban,Mexico,Education services,Quintile 4,2018
13.555880546569824,26,,MEX,233,384,29188,330,261921,Urban,Mexico,Transport,Quintile 4,2018
21.931686401367188,26,,MEX,233,384,29188,330,261918,Urban,Mexico,"Housing, water, electricity, gas and other fuels",Quintile 4,2018
13.489728927612305,26,,MEX,233,381,29188,330,261913,Urban,Mexico,Food and non-alcoholic beverages,Quintile 5,2018
0.529988169670105,26,,MEX,233,381,29188,330,261916,Urban,Mexico,"Alcoholic beverages, tobacco and narcotics",Quintile 5,2018
5.158510208129883,26,,MEX,233,381,29188,330,261927,Urban,Mexico,"Personal care, social proteccion and miscellaneous goods and services",Quintile 5,2018
4.836835861206055,26,,MEX,233,381,29188,330,261922,Urban,Mexico,Information and communication,Quintile 5,2018
5.708935737609863,26,,MEX,233,381,29188,330,261919,Urban,Mexico,"Furnishings, household equipment and routine household maintenance",Quintile 5,2018
4.249194622039795,26,,MEX,233,381,29188,330,261917,Urban,Mexico,Clothing and footwear,Quintile 5,2018
2.7078332901000977,26,,MEX,233,381,29188,330,261923,Urban,Mexico,"Reacreation, sport and culture",Quintile 5,2018
13.034058570861816,26,,MEX,233,381,29188,330,261925,Urban,Mexico,Restaurants and accommodation services,Quintile 5,2018
4.263698577880859,26,,MEX,233,381,29188,330,261920,Urban,Mexico,Health,Quintile 5,2018
1.0173479318618774,26,,MEX,233,381,29188,330,261926,Urban,Mexico,Insurance and financial services,Quintile 5,2018
7.065035343170166,26,,MEX,233,381,29188,330,261924,Urban,Mexico,Education services,Quintile 5,2018
15.100969314575195,26,,MEX,233,381,29188,330,261921,Urban,Mexico,Transport,Quintile 5,2018
22.837862014770508,26,,MEX,233,381,29188,330,261918,Urban,Mexico,"Housing, water, electricity, gas and other fuels",Quintile 5,2018
20.988420486450195,26,,MEX,233,379,29188,330,261913,Urban,Mexico,Food and non-alcoholic beverages,Total quintile,2018
0.4223112165927887,26,,MEX,233,379,29188,330,261916,Urban,Mexico,"Alcoholic beverages, tobacco and narcotics",Total quintile,2018
5.574954032897949,26,,MEX,233,379,29188,330,261927,Urban,Mexico,"Personal care, social proteccion and miscellaneous goods and services",Total quintile,2018
4.636491775512695,26,,MEX,233,379,29188,330,261922,Urban,Mexico,Information and communication,Total quintile,2018
4.885529518127441,26,,MEX,233,379,29188,330,261919,Urban,Mexico,"Furnishings, household equipment and routine household maintenance",Total quintile,2018
4.310153961181641,26,,MEX,233,379,29188,330,261917,Urban,Mexico,Clothing and footwear,Total quintile,2018
1.990575909614563,26,,MEX,233,379,29188,330,261923,Urban,Mexico,"Reacreation, sport and culture",Total quintile,2018
11.551965713500977,26,,MEX,233,379,29188,330,261925,Urban,Mexico,Restaurants and accommodation services,Total quintile,2018
3.4469923973083496,26,,MEX,233,379,29188,330,261920,Urban,Mexico,Health,Total quintile,2018
0.530842125415802,26,,MEX,233,379,29188,330,261926,Urban,Mexico,Insurance and financial services,Total quintile,2018
6.234825134277344,26,,MEX,233,379,29188,330,261924,Urban,Mexico,Education services,Total quintile,2018
13.4442138671875,26,,MEX,233,379,29188,330,261921,Urban,Mexico,Transport,Total quintile,2018
21.982723236083984,26,,MEX,233,379,29188,330,261918,Urban,Mexico,"Housing, water, electricity, gas and other fuels",Total quintile,2018
56.283973693847656,26,,NIC,240,380,29184,327,261913,National,Nicaragua,Food and non-alcoholic beverages,Quintile 1,2014
0.6810129880905151,26,,NIC,240,380,29184,327,261916,National,Nicaragua,"Alcoholic beverages, tobacco and narcotics",Quintile 1,2014
5.314767837524414,26,,NIC,240,380,29184,327,261927,National,Nicaragua,"Personal care, social proteccion and miscellaneous goods and services",Quintile 1,2014
2.619779109954834,26,,NIC,240,380,29184,327,261922,National,Nicaragua,Information and communication,Quintile 1,2014
3.1766326427459717,26,,NIC,240,380,29184,327,261919,National,Nicaragua,"Furnishings, household equipment and routine household maintenance",Quintile 1,2014
3.43501877784729,26,,NIC,240,380,29184,327,261917,National,Nicaragua,Clothing and footwear,Quintile 1,2014
0.7605311274528503,26,,NIC,240,380,29184,327,261923,National,Nicaragua,"Reacreation, sport and culture",Quintile 1,2014
0.59784996509552,26,,NIC,240,380,29184,327,261925,National,Nicaragua,Restaurants and accommodation services,Quintile 1,2014
6.462331771850586,26,,NIC,240,380,29184,327,261920,National,Nicaragua,Health,Quintile 1,2014
0.020415643230080605,26,,NIC,240,380,29184,327,261926,National,Nicaragua,Insurance and financial services,Quintile 1,2014
0.4075389504432678,26,,NIC,240,380,29184,327,261924,National,Nicaragua,Education services,Quintile 1,2014
5.264279365539551,26,,NIC,240,380,29184,327,261921,National,Nicaragua,Transport,Quintile 1,2014
14.975870132446289,26,,NIC,240,380,29184,327,261918,National,Nicaragua,"Housing, water, electricity, gas and other fuels",Quintile 1,2014
52.333255767822266,26,,NIC,240,382,29184,327,261913,National,Nicaragua,Food and non-alcoholic beverages,Quintile 2,2014
0.4358898401260376,26,,NIC,240,382,29184,327,261916,National,Nicaragua,"Alcoholic beverages, tobacco and narcotics",Quintile 2,2014
5.315938949584961,26,,NIC,240,382,29184,327,261927,National,Nicaragua,"Personal care, social proteccion and miscellaneous goods and services",Quintile 2,2014
3.1470284461975098,26,,NIC,240,382,29184,327,261922,National,Nicaragua,Information and communication,Quintile 2,2014
2.9778521060943604,26,,NIC,240,382,29184,327,261919,National,Nicaragua,"Furnishings, household equipment and routine household maintenance",Quintile 2,2014
2.6887118816375732,26,,NIC,240,382,29184,327,261917,National,Nicaragua,Clothing and footwear,Quintile 2,2014
0.8713541030883789,26,,NIC,240,382,29184,327,261923,National,Nicaragua,"Reacreation, sport and culture",Quintile 2,2014
1.2814260721206665,26,,NIC,240,382,29184,327,261925,National,Nicaragua,Restaurants and accommodation services,Quintile 2,2014
6.873473644256592,26,,NIC,240,382,29184,327,261920,National,Nicaragua,Health,Quintile 2,2014
0.04450324922800064,26,,NIC,240,382,29184,327,261926,National,Nicaragua,Insurance and financial services,Quintile 2,2014
0.8308002948760986,26,,NIC,240,382,29184,327,261924,National,Nicaragua,Education services,Quintile 2,2014
4.898436069488525,26,,NIC,240,382,29184,327,261921,National,Nicaragua,Transport,Quintile 2,2014
18.30133056640625,26,,NIC,240,382,29184,327,261918,National,Nicaragua,"Housing, water, electricity, gas and other fuels",Quintile 2,2014
46.49259567260742,26,,NIC,240,383,29184,327,261913,National,Nicaragua,Food and non-alcoholic beverages,Quintile 3,2014
0.789051353931427,26,,NIC,240,383,29184,327,261916,National,Nicaragua,"Alcoholic beverages, tobacco and narcotics",Quintile 3,2014
5.2005934715271,26,,NIC,240,383,29184,327,261927,National,Nicaragua,"Personal care, social proteccion and miscellaneous goods and services",Quintile 3,2014
4.117591857910156,26,,NIC,240,383,29184,327,261922,National,Nicaragua,Information and communication,Quintile 3,2014
2.68916654586792,26,,NIC,240,383,29184,331,261922,Rural,Nicaragua,Information and communication,Quintile 3,2014
2.7183821201324463,26,,NIC,240,383,29184,331,261919,Rural,Nicaragua,"Furnishings, household equipment and routine household maintenance",Quintile 3,2014
2.8539299964904785,26,,NIC,240,383,29184,331,261917,Rural,Nicaragua,Clothing and footwear,Quintile 3,2014
0.705093264579773,26,,NIC,240,383,29184,331,261923,Rural,Nicaragua,"Reacreation, sport and culture",Quintile 3,2014
2.480883836746216,26,,NIC,240,383,29184,331,261925,Rural,Nicaragua,Restaurants and accommodation services,Quintile 3,2014
7.657657623291016,26,,NIC,240,383,29184,331,261920,Rural,Nicaragua,Health,Quintile 3,2014
0.034512709826231,26,,NIC,240,383,29184,331,261926,Rural,Nicaragua,Insurance and financial services,Quintile 3,2014
0.30007636547088623,26,,NIC,240,383,29184,331,261924,Rural,Nicaragua,Education services,Quintile 3,2014
4.64422607421875,26,,NIC,240,383,29184,331,261921,Rural,Nicaragua,Transport,Quintile 3,2014
14.71854305267334,26,,NIC,240,383,29184,331,261918,Rural,Nicaragua,"Housing, water, electricity, gas and other fuels",Quintile 3,2014
49.04421615600586,26,,NIC,240,384,29184,331,261913,Rural,Nicaragua,Food and non-alcoholic beverages,Quintile 4,2014
0.8874601125717163,26,,NIC,240,384,29184,331,261916,Rural,Nicaragua,"Alcoholic beverages, tobacco and narcotics",Quintile 4,2014
5.208669185638428,26,,NIC,240,384,29184,331,261927,Rural,Nicaragua,"Personal care, social proteccion and miscellaneous goods and services",Quintile 4,2014
3.3490521907806396,26,,NIC,240,384,29184,331,261922,Rural,Nicaragua,Information and communication,Quintile 4,2014
2.9047160148620605,26,,NIC,240,384,29184,331,261919,Rural,Nicaragua,"Furnishings, household equipment and routine household maintenance",Quintile 4,2014
2.9727933406829834,26,,NIC,240,384,29184,331,261917,Rural,Nicaragua,Clothing and footwear,Quintile 4,2014
0.6186442971229553,26,,NIC,240,384,29184,331,261923,Rural,Nicaragua,"Reacreation, sport and culture",Quintile 4,2014
3.1557297706604004,26,,NIC,240,384,29184,331,261925,Rural,Nicaragua,Restaurants and accommodation services,Quintile 4,2014
10.216751098632812,26,,NIC,240,384,29184,331,261920,Rural,Nicaragua,Health,Quintile 4,2014
0.020360581576824188,26,,NIC,240,384,29184,331,261926,Rural,Nicaragua,Insurance and financial services,Quintile 4,2014
0.4764955937862396,26,,NIC,240,384,29184,331,261924,Rural,Nicaragua,Education services,Quintile 4,2014
5.899189472198486,26,,NIC,240,384,29184,331,261921,Rural,Nicaragua,Transport,Quintile 4,2014
15.24592113494873,26,,NIC,240,384,29184,331,261918,Rural,Nicaragua,"Housing, water, electricity, gas and other fuels",Quintile 4,2014
42.01103591918945,26,,NIC,240,381,29184,331,261913,Rural,Nicaragua,Food and non-alcoholic beverages,Quintile 5,2014
1.1155105829238892,26,,NIC,240,381,29184,331,261916,Rural,Nicaragua,"Alcoholic beverages, tobacco and narcotics",Quintile 5,2014
5.2712321281433105,26,,NIC,240,381,29184,331,261927,Rural,Nicaragua,"Personal care, social proteccion and miscellaneous goods and services",Quintile 5,2014
3.6933298110961914,26,,NIC,240,381,29184,331,261922,Rural,Nicaragua,Information and communication,Quintile 5,2014
3.4156758785247803,26,,NIC,240,381,29184,331,261919,Rural,Nicaragua,"Furnishings, household equipment and routine household maintenance",Quintile 5,2014
3.5778861045837402,26,,NIC,240,381,29184,331,261917,Rural,Nicaragua,Clothing and footwear,Quintile 5,2014
0.7847775816917419,26,,NIC,240,381,29184,331,261923,Rural,Nicaragua,"Reacreation, sport and culture",Quintile 5,2014
3.1307966709136963,26,,NIC,240,381,29184,331,261925,Rural,Nicaragua,Restaurants and accommodation services,Quintile 5,2014
7.701371192932129,26,,NIC,240,381,29184,331,261920,Rural,Nicaragua,Health,Quintile 5,2014
0.10359179228544235,26,,NIC,240,381,29184,331,261926,Rural,Nicaragua,Insurance and financial services,Quintile 5,2014
1.0053319931030273,26,,NIC,240,381,29184,331,261924,Rural,Nicaragua,Education services,Quintile 5,2014
7.854172229766846,26,,NIC,240,381,29184,331,261921,Rural,Nicaragua,Transport,Quintile 5,2014
20.335290908813477,26,,NIC,240,381,29184,331,261918,Rural,Nicaragua,"Housing, water, electricity, gas and other fuels",Quintile 5,2014
49.8492431640625,26,,NIC,240,379,29184,331,261913,Rural,Nicaragua,Food and non-alcoholic beverages,Total quintile,2014
0.8056194186210632,26,,NIC,240,379,29184,331,261916,Rural,Nicaragua,"Alcoholic beverages, tobacco and narcotics",Total quintile,2014
5.275454044342041,26,,NIC,240,379,29184,331,261927,Rural,Nicaragua,"Personal care, social proteccion and miscellaneous goods and services",Total quintile,2014
3.0909066200256348,26,,NIC,240,379,29184,331,261922,Rural,Nicaragua,Information and communication,Total quintile,2014
3.1669888496398926,26,,NIC,240,379,29184,331,261919,Rural,Nicaragua,"Furnishings, household equipment and routine household maintenance",Total quintile,2014
3.357583522796631,26,,NIC,240,379,29184,331,261917,Rural,Nicaragua,Clothing and footwear,Total quintile,2014
0.7095485925674438,26,,NIC,240,379,29184,331,261923,Rural,Nicaragua,"Reacreation, sport and culture",Total quintile,2014
2.2942707538604736,26,,NIC,240,379,29184,331,261925,Rural,Nicaragua,Restaurants and accommodation services,Total quintile,2014
8.032085418701172,26,,NIC,240,379,29184,331,261920,Rural,Nicaragua,Health,Total quintile,2014
0.053462907671928406,26,,NIC,240,379,29184,331,261926,Rural,Nicaragua,Insurance and financial services,Total quintile,2014
0.5796534419059753,26,,NIC,240,379,29184,331,261924,Rural,Nicaragua,Education services,Total quintile,2014
6.359250068664551,26,,NIC,240,379,29184,331,261921,Rural,Nicaragua,Transport,Total quintile,2014
16.425933837890625,26,,NIC,240,379,29184,331,261918,Rural,Nicaragua,"Housing, water, electricity, gas and other fuels",Total quintile,2014
50.7512092590332,26,,NIC,240,380,29184,330,261913,Urban,Nicaragua,Food and non-alcoholic beverages,Quintile 1,2014
0.5450485348701477,26,,NIC,240,380,29184,330,261916,Urban,Nicaragua,"Alcoholic beverages, tobacco and narcotics",Quintile 1,2014
5.3253865242004395,26,,NIC,240,380,29184,330,261927,Urban,Nicaragua,"Personal care, social proteccion and miscellaneous goods and services",Quintile 1,2014
3.617450714111328,26,,NIC,240,380,29184,330,261922,Urban,Nicaragua,Information and communication,Quintile 1,2014
2.982672691345215,26,,NIC,240,380,29184,330,261919,Urban,Nicaragua,"Furnishings, household equipment and routine household maintenance",Quintile 1,2014
2.6156091690063477,26,,NIC,240,380,29184,330,261917,Urban,Nicaragua,Clothing and footwear,Quintile 1,2014
1.0382484197616577,26,,NIC,240,380,29184,330,261923,Urban,Nicaragua,"Reacreation, sport and culture",Quintile 1,2014
0.7172738909721375,26,,NIC,240,380,29184,330,261925,Urban,Nicaragua,Restaurants and accommodation services,Quintile 1,2014
5.6967244148254395,26,,NIC,240,380,29184,330,261920,Urban,Nicaragua,Health,Quintile 1,2014
0.04001491889357567,26,,NIC,240,380,29184,330,261926,Urban,Nicaragua,Insurance and financial services,Quintile 1,2014
1.1956570148468018,26,,NIC,240,380,29184,330,261924,Urban,Nicaragua,Education services,Quintile 1,2014
4.242375373840332,26,,NIC,240,380,29184,330,261921,Urban,Nicaragua,Transport,Quintile 1,2014
21.232328414916992,26,,NIC,240,380,29184,330,261918,Urban,Nicaragua,"Housing, water, electricity, gas and other fuels",Quintile 1,2014
46.43804168701172,26,,NIC,240,382,29184,330,261913,Urban,Nicaragua,Food and non-alcoholic beverages,Quintile 2,2014
0.6177548766136169,26,,NIC,240,382,29184,330,261916,Urban,Nicaragua,"Alcoholic beverages, tobacco and narcotics",Quintile 2,2014
5.292191505432129,26,,NIC,240,382,29184,330,261927,Urban,Nicaragua,"Personal care, social proteccion and miscellaneous goods and services",Quintile 2,2014
4.298445224761963,26,,NIC,240,382,29184,330,261922,Urban,Nicaragua,Information and communication,Quintile 2,2014
3.043236017227173,26,,NIC,240,382,29184,330,261919,Urban,Nicaragua,"Furnishings, household equipment and routine household maintenance",Quintile 2,2014
2.6181247234344482,26,,NIC,240,382,29184,330,261917,Urban,Nicaragua,Clothing and footwear,Quintile 2,2014
0.9860559701919556,26,,NIC,240,382,29184,330,261923,Urban,Nicaragua,"Reacreation, sport and culture",Quintile 2,2014
1.119861364364624,26,,NIC,240,382,29184,330,261925,Urban,Nicaragua,Restaurants and accommodation services,Quintile 2,2014
5.579220294952393,26,,NIC,240,382,29184,330,261920,Urban,Nicaragua,Health,Quintile 2,2014
0.07126687467098236,26,,NIC,240,382,29184,330,261926,Urban,Nicaragua,Insurance and financial services,Quintile 2,2014
1.8412538766860962,26,,NIC,240,382,29184,330,261924,Urban,Nicaragua,Education services,Quintile 2,2014
6.524636268615723,26,,NIC,240,382,29184,330,261921,Urban,Nicaragua,Transport,Quintile 2,2014
21.56991195678711,26,,NIC,240,382,29184,330,261918,Urban,Nicaragua,"Housing, water, electricity, gas and other fuels",Quintile 2,2014
42.72679901123047,26,,NIC,240,383,29184,330,261913,Urban,Nicaragua,Food and non-alcoholic beverages,Quintile 3,2014
0.8027303218841553,26,,NIC,240,383,29184,330,261916,Urban,Nicaragua,"Alcoholic beverages, tobacco and narcotics",Quintile 3,2014
5.218830585479736,26,,NIC,240,383,29184,330,261927,Urban,Nicaragua,"Personal care, social proteccion and miscellaneous goods and services",Quintile 3,2014
4.727590560913086,26,,NIC,240,383,29184,330,261922,Urban,Nicaragua,Information and communication,Quintile 3,2014
3.0406479835510254,26,,NIC,240,383,29184,330,261919,Urban,Nicaragua,"Furnishings, household equipment and routine household maintenance",Quintile 3,2014
2.5882935523986816,26,,NIC,240,383,29184,330,261917,Urban,Nicaragua,Clothing and footwear,Quintile 3,2014
1.082304835319519,26,,NIC,240,383,29184,330,261923,Urban,Nicaragua,"Reacreation, sport and culture",Quintile 3,2014
1.600104808807373,26,,NIC,240,383,29184,330,261925,Urban,Nicaragua,Restaurants and accommodation services,Quintile 3,2014
4.940809726715088,26,,NIC,240,383,29184,330,261920,Urban,Nicaragua,Health,Quintile 3,2014
0.10991614311933517,26,,NIC,240,383,29184,330,261926,Urban,Nicaragua,Insurance and financial services,Quintile 3,2014
2.120696783065796,26,,NIC,240,383,29184,330,261924,Urban,Nicaragua,Education services,Quintile 3,2014
6.338947772979736,26,,NIC,240,383,29184,330,261921,Urban,Nicaragua,Transport,Quintile 3,2014
24.702329635620117,26,,NIC,240,383,29184,330,261918,Urban,Nicaragua,"Housing, water, electricity, gas and other fuels",Quintile 3,2014
38.04774856567383,26,,NIC,240,384,29184,330,261913,Urban,Nicaragua,Food and non-alcoholic beverages,Quintile 4,2014
0.59275883436203,26,,NIC,240,384,29184,330,261916,Urban,Nicaragua,"Alcoholic beverages, tobacco and narcotics",Quintile 4,2014
4.8869500160217285,26,,NIC,240,384,29184,330,261927,Urban,Nicaragua,"Personal care, social proteccion and miscellaneous goods and services",Quintile 4,2014
5.188429832458496,26,,NIC,240,384,29184,330,261922,Urban,Nicaragua,Information and communication,Quintile 4,2014
3.2292587757110596,26,,NIC,240,384,29184,330,261919,Urban,Nicaragua,"Furnishings, household equipment and routine household maintenance",Quintile 4,2014
2.428797960281372,26,,NIC,240,384,29184,330,261917,Urban,Nicaragua,Clothing and footwear,Quintile 4,2014
0.9850940704345703,26,,NIC,240,384,29184,330,261923,Urban,Nicaragua,"Reacreation, sport and culture",Quintile 4,2014
2.183795213699341,26,,NIC,240,384,29184,330,261925,Urban,Nicaragua,Restaurants and accommodation services,Quintile 4,2014
5.574956893920898,26,,NIC,240,384,29184,330,261920,Urban,Nicaragua,Health,Quintile 4,2014
0.10854309052228928,26,,NIC,240,384,29184,330,261926,Urban,Nicaragua,Insurance and financial services,Quintile 4,2014
2.5482606887817383,26,,NIC,240,384,29184,330,261924,Urban,Nicaragua,Education services,Quintile 4,2014
7.6381964683532715,26,,NIC,240,384,29184,330,261921,Urban,Nicaragua,Transport,Quintile 4,2014
26.587209701538086,26,,NIC,240,384,29184,330,261918,Urban,Nicaragua,"Housing, water, electricity, gas and other fuels",Quintile 4,2014
25.530900955200195,26,,NIC,240,381,29184,330,261913,Urban,Nicaragua,Food and non-alcoholic beverages,Quintile 5,2014
0.8001883625984192,26,,NIC,240,381,29184,330,261916,Urban,Nicaragua,"Alcoholic beverages, tobacco and narcotics",Quintile 5,2014
4.104724884033203,26,,NIC,240,381,29184,330,261927,Urban,Nicaragua,"Personal care, social proteccion and miscellaneous goods and services",Quintile 5,2014
5.921783447265625,26,,NIC,240,381,29184,330,261922,Urban,Nicaragua,Information and communication,Quintile 5,2014
5.199685573577881,26,,NIC,240,381,29184,330,261919,Urban,Nicaragua,"Furnishings, household equipment and routine household maintenance",Quintile 5,2014
2.304004669189453,26,,NIC,240,381,29184,330,261917,Urban,Nicaragua,Clothing and footwear,Quintile 5,2014
0.9603762626647949,26,,NIC,240,381,29184,330,261923,Urban,Nicaragua,"Reacreation, sport and culture",Quintile 5,2014
2.4146783351898193,26,,NIC,240,381,29184,330,261925,Urban,Nicaragua,Restaurants and accommodation services,Quintile 5,2014
5.443606376647949,26,,NIC,240,381,29184,330,261920,Urban,Nicaragua,Health,Quintile 5,2014
0.37335118651390076,26,,NIC,240,381,29184,330,261926,Urban,Nicaragua,Insurance and financial services,Quintile 5,2014
2.4287383556365967,26,,NIC,240,381,29184,330,261924,Urban,Nicaragua,Education services,Quintile 5,2014
13.628917694091797,26,,NIC,240,381,29184,330,261921,Urban,Nicaragua,Transport,Quintile 5,2014
30.8890438079834,26,,NIC,240,381,29184,330,261918,Urban,Nicaragua,"Housing, water, electricity, gas and other fuels",Quintile 5,2014
35.677581787109375,26,,NIC,240,379,29184,330,261913,Urban,Nicaragua,Food and non-alcoholic beverages,Total quintile,2014
0.7118011116981506,26,,NIC,240,379,29184,330,261916,Urban,Nicaragua,"Alcoholic beverages, tobacco and narcotics",Total quintile,2014
4.6978759765625,26,,NIC,240,379,29184,330,261927,Urban,Nicaragua,"Personal care, social proteccion and miscellaneous goods and services",Total quintile,2014
5.173793792724609,26,,NIC,240,379,29184,330,261922,Urban,Nicaragua,Information and communication,Total quintile,2014
3.987212657928467,26,,NIC,240,379,29184,330,261919,Urban,Nicaragua,"Furnishings, household equipment and routine household maintenance",Total quintile,2014
2.441208839416504,26,,NIC,240,379,29184,330,261917,Urban,Nicaragua,Clothing and footwear,Total quintile,2014
0.9947432279586792,26,,NIC,240,379,29184,330,261923,Urban,Nicaragua,"Reacreation, sport and culture",Total quintile,2014
1.9258555173873901,26,,NIC,240,379,29184,330,261925,Urban,Nicaragua,Restaurants and accommodation services,Total quintile,2014
5.432430744171143,26,,NIC,240,379,29184,330,261920,Urban,Nicaragua,Health,Total quintile,2014
0.2098224014043808,26,,NIC,240,379,29184,330,261926,Urban,Nicaragua,Insurance and financial services,Total quintile,2014
2.2208194732666016,26,,NIC,240,379,29184,330,261924,Urban,Nicaragua,Education services,Total quintile,2014
9.520747184753418,26,,NIC,240,379,29184,330,261921,Urban,Nicaragua,Transport,Total quintile,2014
27.006107330322266,26,,NIC,240,379,29184,330,261918,Urban,Nicaragua,"Housing, water, electricity, gas and other fuels",Total quintile,2014
34.61277770996094,26,,PAN,241,380,29177,327,261913,National,Panama,Food and non-alcoholic beverages,Quintile 1,2007
0.5039594173431396,26,,PAN,241,380,29177,327,261916,National,Panama,"Alcoholic beverages, tobacco and narcotics",Quintile 1,2007
6.70980978012085,26,,PAN,241,380,29177,327,261927,National,Panama,"Personal care, social proteccion and miscellaneous goods and services",Quintile 1,2007
3.8445587158203125,26,,PAN,241,380,29177,327,261922,National,Panama,Information and communication,Quintile 1,2007
5.666284561157227,26,,PAN,241,380,29177,327,261919,National,Panama,"Furnishings, household equipment and routine household maintenance",Quintile 1,2007
7.816946029663086,26,,PAN,241,380,29177,327,261917,National,Panama,Clothing and footwear,Quintile 1,2007
4.892385005950928,26,,PAN,241,380,29177,327,261923,National,Panama,"Reacreation, sport and culture",Quintile 1,2007
5.6472697257995605,26,,PAN,241,380,29177,327,261925,National,Panama,Restaurants and accommodation services,Quintile 1,2007
1.9589134454727173,26,,PAN,241,380,29177,327,261920,National,Panama,Health,Quintile 1,2007
0.016474388539791107,26,,PAN,241,380,29177,327,261926,National,Panama,Insurance and financial services,Quintile 1,2007
0.8605320453643799,26,,PAN,241,380,29177,327,261924,National,Panama,Education services,Quintile 1,2007
8.817036628723145,26,,PAN,241,380,29177,327,261921,National,Panama,Transport,Quintile 1,2007
18.653051376342773,26,,PAN,241,380,29177,327,261918,National,Panama,"Housing, water, electricity, gas and other fuels",Quintile 1,2007
28.183956146240234,26,,PAN,241,382,29177,327,261913,National,Panama,Food and non-alcoholic beverages,Quintile 2,2007
0.7046152353286743,26,,PAN,241,382,29177,327,261916,National,Panama,"Alcoholic beverages, tobacco and narcotics",Quintile 2,2007
7.14733362197876,26,,PAN,241,382,29177,327,261927,National,Panama,"Personal care, social proteccion and miscellaneous goods and services",Quintile 2,2007
3.8643269538879395,26,,PAN,241,382,29177,327,261922,National,Panama,Information and communication,Quintile 2,2007
6.056370258331299,26,,PAN,241,382,29177,327,261919,National,Panama,"Furnishings, household equipment and routine household maintenance",Quintile 2,2007
8.252863883972168,26,,PAN,241,382,29177,327,261917,National,Panama,Clothing and footwear,Quintile 2,2007
5.377535820007324,26,,PAN,241,382,29177,327,261923,National,Panama,"Reacreation, sport and culture",Quintile 2,2007
6.28460693359375,26,,PAN,241,382,29177,327,261925,National,Panama,Restaurants and accommodation services,Quintile 2,2007
2.101938009262085,26,,PAN,241,382,29177,327,261920,National,Panama,Health,Quintile 2,2007
0.07382620871067047,26,,PAN,241,382,29177,327,261926,National,Panama,Insurance and financial services,Quintile 2,2007
1.3731391429901123,26,,PAN,241,382,29177,327,261924,National,Panama,Education services,Quintile 2,2007
9.765565872192383,26,,PAN,241,382,29177,327,261921,National,Panama,Transport,Quintile 2,2007
20.813922882080078,26,,PAN,241,382,29177,327,261918,National,Panama,"Housing, water, electricity, gas and other fuels",Quintile 2,2007
24.46146583557129,26,,PAN,241,383,29177,327,261913,National,Panama,Food and non-alcoholic beverages,Quintile 3,2007
0.8399822115898132,26,,PAN,241,383,29177,327,261916,National,Panama,"Alcoholic beverages, tobacco and narcotics",Quintile 3,2007
7.0778326988220215,26,,PAN,241,383,29177,327,261927,National,Panama,"Personal care, social proteccion and miscellaneous goods and services",Quintile 3,2007
5.0656232833862305,26,,PAN,241,383,29177,327,261922,National,Panama,Information and communication,Quintile 3,2007
6.081383228302002,26,,PAN,241,383,29177,327,261919,National,Panama,"Furnishings, household equipment and routine household maintenance",Quintile 3,2007
7.975582122802734,26,,PAN,241,383,29177,327,261917,National,Panama,Clothing and footwear,Quintile 3,2007
6.203254699707031,26,,PAN,241,383,29177,327,261923,National,Panama,"Reacreation, sport and culture",Quintile 3,2007
6.751159191131592,26,,PAN,241,383,29177,327,261925,National,Panama,Restaurants and accommodation services,Quintile 3,2007
2.8570258617401123,26,,PAN,241,383,29177,327,261920,National,Panama,Health,Quintile 3,2007
0.17821386456489563,26,,PAN,241,383,29177,327,261926,National,Panama,Insurance and financial services,Quintile 3,2007
1.8263553380966187,26,,PAN,241,383,29177,327,261924,National,Panama,Education services,Quintile 3,2007
11.330388069152832,26,,PAN,241,383,29177,327,261921,National,Panama,Transport,Quintile 3,2007
19.351734161376953,26,,PAN,241,383,29177,327,261918,National,Panama,"Housing, water, electricity, gas and other fuels",Quintile 3,2007
19.931028366088867,26,,PAN,241,384,29177,327,261913,National,Panama,Food and non-alcoholic beverages,Quintile 4,2007
0.6110495924949646,26,,PAN,241,384,29177,327,261916,National,Panama,"Alcoholic beverages, tobacco and narcotics",Quintile 4,2007
6.965219020843506,26,,PAN,241,384,29177,327,261927,National,Panama,"Personal care, social proteccion and miscellaneous goods and services",Quintile 4,2007
5.9273762702941895,26,,PAN,241,384,29177,327,261922,National,Panama,Information and communication,Quintile 4,2007
6.197174549102783,26,,PAN,241,384,29177,327,261919,National,Panama,"Furnishings, household equipment and routine household maintenance",Quintile 4,2007
7.673919200897217,26,,PAN,241,384,29177,327,261917,National,Panama,Clothing and footwear,Quintile 4,2007
6.27107572555542,26,,PAN,241,384,29177,327,261923,National,Panama,"Reacreation, sport and culture",Quintile 4,2007
6.08488130569458,26,,PAN,241,384,29177,327,261925,National,Panama,Restaurants and accommodation services,Quintile 4,2007
2.4887664318084717,26,,PAN,241,384,29177,327,261920,National,Panama,Health,Quintile 4,2007
0.5233970880508423,26,,PAN,241,384,29177,327,261926,National,Panama,Insurance and financial services,Quintile 4,2007
2.502037525177002,26,,PAN,241,384,29177,327,261924,National,Panama,Education services,Quintile 4,2007
12.962615013122559,26,,PAN,241,384,29177,327,261921,National,Panama,Transport,Quintile 4,2007
21.86145782470703,26,,PAN,241,384,29177,327,261918,National,Panama,"Housing, water, electricity, gas and other fuels",Quintile 4,2007
11.734062194824219,26,,PAN,241,381,29177,327,261913,National,Panama,Food and non-alcoholic beverages,Quintile 5,2007
0.3692142367362976,26,,PAN,241,381,29177,327,261916,National,Panama,"Alcoholic beverages, tobacco and narcotics",Quintile 5,2007
6.630630970001221,26,,PAN,241,381,29177,327,261927,National,Panama,"Personal care, social proteccion and miscellaneous goods and services",Quintile 5,2007
6.414520263671875,26,,PAN,241,381,29177,327,261922,National,Panama,Information and communication,Quintile 5,2007
7.293713569641113,26,,PAN,241,381,29177,327,261919,National,Panama,"Furnishings, household equipment and routine household maintenance",Quintile 5,2007
5.828979969024658,26,,PAN,241,381,29177,327,261917,National,Panama,Clothing and footwear,Quintile 5,2007
5.54043436050415,26,,PAN,241,381,29177,327,261923,National,Panama,"Reacreation, sport and culture",Quintile 5,2007
4.689342975616455,26,,PAN,241,381,29177,327,261925,National,Panama,Restaurants and accommodation services,Quintile 5,2007
3.649714946746826,26,,PAN,241,381,29177,327,261920,National,Panama,Health,Quintile 5,2007
1.6134059429168701,26,,PAN,241,381,29177,327,261926,National,Panama,Insurance and financial services,Quintile 5,2007
2.5593438148498535,26,,PAN,241,381,29177,327,261924,National,Panama,Education services,Quintile 5,2007
16.77780532836914,26,,PAN,241,381,29177,327,261921,National,Panama,Transport,Quintile 5,2007
26.89883041381836,26,,PAN,241,381,29177,327,261918,National,Panama,"Housing, water, electricity, gas and other fuels",Quintile 5,2007
17.92612648010254,26,,PAN,241,379,29177,327,261913,National,Panama,Food and non-alcoholic beverages,Total quintile,2007
0.5191994905471802,26,,PAN,241,379,29177,327,261916,National,Panama,"Alcoholic beverages, tobacco and narcotics",Total quintile,2007
6.8095927238464355,26,,PAN,241,379,29177,327,261927,National,Panama,"Personal care, social proteccion and miscellaneous goods and services",Total quintile,2007
5.751140594482422,26,,PAN,241,379,29177,327,261922,National,Panama,Information and communication,Total quintile,2007
6.7035722732543945,26,,PAN,241,379,29177,327,261919,National,Panama,"Furnishings, household equipment and routine household maintenance",Total quintile,2007
6.824169635772705,26,,PAN,241,379,29177,327,261917,National,Panama,Clothing and footwear,Total quintile,2007
5.721774101257324,26,,PAN,241,379,29177,327,261923,National,Panama,"Reacreation, sport and culture",Total quintile,2007
5.4465651512146,26,,PAN,241,379,29177,327,261925,National,Panama,Restaurants and accommodation services,Total quintile,2007
3.0700995922088623,26,,PAN,241,379,29177,327,261920,National,Panama,Health,Total quintile,2007
0.9686101675033569,26,,PAN,241,379,29177,327,261926,National,Panama,Insurance and financial services,Total quintile,2007
2.2411999702453613,26,,PAN,241,379,29177,327,261924,National,Panama,Education services,Total quintile,2007
14.175616264343262,26,,PAN,241,379,29177,327,261921,National,Panama,Transport,Total quintile,2007
23.842334747314453,26,,PAN,241,379,29177,327,261918,National,Panama,"Housing, water, electricity, gas and other fuels",Total quintile,2007
46.99371337890625,26,,PRY,242,380,29181,327,261913,National,Paraguay,Food and non-alcoholic beverages,Quintile 1,2011
0.7433010339736938,26,,PRY,242,380,29181,327,261916,National,Paraguay,"Alcoholic beverages, tobacco and narcotics",Quintile 1,2011
2.6956939697265625,26,,PRY,242,380,29181,327,261927,National,Paraguay,"Personal care, social proteccion and miscellaneous goods and services",Quintile 1,2011
2.137481212615967,26,,PRY,242,380,29181,327,261922,National,Paraguay,Information and communication,Quintile 1,2011
3.881197452545166,26,,PRY,242,380,29181,327,261919,National,Paraguay,"Furnishings, household equipment and routine household maintenance",Quintile 1,2011
3.013202667236328,26,,PRY,242,380,29181,327,261917,National,Paraguay,Clothing and footwear,Quintile 1,2011
1.2230277061462402,26,,PRY,242,380,29181,327,261923,National,Paraguay,"Reacreation, sport and culture",Quintile 1,2011
7.812031269073486,26,,PRY,242,380,29181,327,261925,National,Paraguay,Restaurants and accommodation services,Quintile 1,2011
11.14416217803955,26,,PRY,242,380,29181,327,261920,National,Paraguay,Health,Quintile 1,2011
0.035764291882514954,26,,PRY,242,380,29181,327,261926,National,Paraguay,Insurance and financial services,Quintile 1,2011
0.3425758481025696,26,,PRY,242,380,29181,327,261924,National,Paraguay,Education services,Quintile 1,2011
5.059654235839844,26,,PRY,242,380,29181,327,261921,National,Paraguay,Transport,Quintile 1,2011
14.918195724487305,26,,PRY,242,380,29181,327,261918,National,Paraguay,"Housing, water, electricity, gas and other fuels",Quintile 1,2011
39.905757904052734,26,,PRY,242,382,29181,327,261913,National,Paraguay,Food and non-alcoholic beverages,Quintile 2,2011
0.8716874122619629,26,,PRY,242,382,29181,327,261916,National,Paraguay,"Alcoholic beverages, tobacco and narcotics",Quintile 2,2011
3.3283941745758057,26,,PRY,242,382,29181,327,261927,National,Paraguay,"Personal care, social proteccion and miscellaneous goods and services",Quintile 2,2011
3.724842071533203,26,,PRY,242,382,29181,327,261922,National,Paraguay,Information and communication,Quintile 2,2011
4.440639972686768,26,,PRY,242,382,29181,327,261919,National,Paraguay,"Furnishings, household equipment and routine household maintenance",Quintile 2,2011
3.2800052165985107,26,,PRY,242,382,29181,327,261917,National,Paraguay,Clothing and footwear,Quintile 2,2011
1.4786832332611084,26,,PRY,242,382,29181,327,261923,National,Paraguay,"Reacreation, sport and culture",Quintile 2,2011
7.680485248565674,26,,PRY,242,382,29181,327,261925,National,Paraguay,Restaurants and accommodation services,Quintile 2,2011
10.205620765686035,26,,PRY,242,382,29181,327,261920,National,Paraguay,Health,Quintile 2,2011
0.08815830200910568,26,,PRY,242,382,29181,327,261926,National,Paraguay,Insurance and financial services,Quintile 2,2011
1.037207841873169,26,,PRY,242,382,29181,327,261924,National,Paraguay,Education services,Quintile 2,2011
7.613559722900391,26,,PRY,242,382,29181,327,261921,National,Paraguay,Transport,Quintile 2,2011
16.34495735168457,26,,PRY,242,382,29181,327,261918,National,Paraguay,"Housing, water, electricity, gas and other fuels",Quintile 2,2011
34.22184371948242,26,,PRY,242,383,29181,327,261913,National,Paraguay,Food and non-alcoholic beverages,Quintile 3,2011
1.1397653818130493,26,,PRY,242,383,29181,327,261916,National,Paraguay,"Alcoholic beverages, tobacco and narcotics",Quintile 3,2011
3.7167367935180664,26,,PRY,242,383,29181,327,261927,National,Paraguay,"Personal care, social proteccion and miscellaneous goods and services",Quintile 3,2011
4.800629138946533,26,,PRY,242,383,29181,327,261922,National,Paraguay,Information and communication,Quintile 3,2011
4.641689777374268,26,,PRY,242,383,29181,327,261919,National,Paraguay,"Furnishings, household equipment and routine household maintenance",Quintile 3,2011
3.3338561058044434,26,,PRY,242,383,29181,327,261917,National,Paraguay,Clothing and footwear,Quintile 3,2011
1.633577585220337,26,,PRY,242,383,29181,327,261923,National,Paraguay,"Reacreation, sport and culture",Quintile 3,2011
8.635329246520996,26,,PRY,242,383,29181,327,261925,National,Paraguay,Restaurants and accommodation services,Quintile 3,2011
10.242010116577148,26,,PRY,242,383,29181,327,261920,National,Paraguay,Health,Quintile 3,2011
0.36380109190940857,26,,PRY,242,383,29181,327,261926,National,Paraguay,Insurance and financial services,Quintile 3,2011
1.5374904870986938,26,,PRY,242,383,29181,327,261924,National,Paraguay,Education services,Quintile 3,2011
7.766190528869629,26,,PRY,242,383,29181,327,261921,National,Paraguay,Transport,Quintile 3,2011
17.96708106994629,26,,PRY,242,383,29181,327,261918,National,Paraguay,"Housing, water, electricity, gas and other fuels",Quintile 3,2011
28.073808670043945,26,,PRY,242,384,29181,327,261913,National,Paraguay,Food and non-alcoholic beverages,Quintile 4,2011
0.9587742686271667,26,,PRY,242,384,29181,327,261916,National,Paraguay,"Alcoholic beverages, tobacco and narcotics",Quintile 4,2011
3.6472408771514893,26,,PRY,242,384,29181,327,261927,National,Paraguay,"Personal care, social proteccion and miscellaneous goods and services",Quintile 4,2011
6.0897955894470215,26,,PRY,242,384,29181,327,261922,National,Paraguay,Information and communication,Quintile 4,2011
5.0504255294799805,26,,PRY,242,384,29181,327,261919,National,Paraguay,"Furnishings, household equipment and routine household maintenance",Quintile 4,2011
3.368107557296753,26,,PRY,242,384,29181,327,261917,National,Paraguay,Clothing and footwear,Quintile 4,2011
1.8931646347045898,26,,PRY,242,384,29181,327,261923,National,Paraguay,"Reacreation, sport and culture",Quintile 4,2011
7.806042194366455,26,,PRY,242,384,29181,327,261925,National,Paraguay,Restaurants and accommodation services,Quintile 4,2011
10.700851440429688,26,,PRY,242,384,29181,327,261920,National,Paraguay,Health,Quintile 4,2011
0.7467109560966492,26,,PRY,242,384,29181,327,261926,National,Paraguay,Insurance and financial services,Quintile 4,2011
2.889955759048462,26,,PRY,242,384,29181,327,261924,National,Paraguay,Education services,Quintile 4,2011
9.42180061340332,26,,PRY,242,384,29181,327,261921,National,Paraguay,Transport,Quintile 4,2011
19.353322982788086,26,,PRY,242,384,29181,327,261918,National,Paraguay,"Housing, water, electricity, gas and other fuels",Quintile 4,2011
18.885080337524414,26,,PRY,242,381,29181,327,261913,National,Paraguay,Food and non-alcoholic beverages,Quintile 5,2011
0.9578794836997986,26,,PRY,242,381,29181,327,261916,National,Paraguay,"Alcoholic beverages, tobacco and narcotics",Quintile 5,2011
4.314838409423828,26,,PRY,242,381,29181,327,261927,National,Paraguay,"Personal care, social proteccion and miscellaneous goods and services",Quintile 5,2011
6.549237251281738,26,,PRY,242,381,29181,327,261922,National,Paraguay,Information and communication,Quintile 5,2011
6.577404499053955,26,,PRY,242,381,29181,327,261919,National,Paraguay,"Furnishings, household equipment and routine household maintenance",Quintile 5,2011
3.5814990997314453,26,,PRY,242,381,29181,327,261917,National,Paraguay,Clothing and footwear,Quintile 5,2011
2.2743313312530518,26,,PRY,242,381,29181,327,261923,National,Paraguay,"Reacreation, sport and culture",Quintile 5,2011
6.332321643829346,26,,PRY,242,381,29181,327,261925,National,Paraguay,Restaurants and accommodation services,Quintile 5,2011
9.858085632324219,26,,PRY,242,381,29181,327,261920,National,Paraguay,Health,Quintile 5,2011
1.6326162815093994,26,,PRY,242,381,29181,327,261926,National,Paraguay,Insurance and financial services,Quintile 5,2011
3.3202197551727295,26,,PRY,242,381,29181,327,261924,National,Paraguay,Education services,Quintile 5,2011
14.141109466552734,26,,PRY,242,381,29181,327,261921,National,Paraguay,Transport,Quintile 5,2011
21.575376510620117,26,,PRY,242,381,29181,327,261918,National,Paraguay,"Housing, water, electricity, gas and other fuels",Quintile 5,2011
28.413890838623047,26,,PRY,242,379,29181,327,261913,National,Paraguay,Food and non-alcoholic beverages,Total quintile,2011
0.9588299989700317,26,,PRY,242,379,29181,327,261916,National,Paraguay,"Alcoholic beverages, tobacco and narcotics",Total quintile,2011
3.8092377185821533,26,,PRY,242,379,29181,327,261927,National,Paraguay,"Personal care, social proteccion and miscellaneous goods and services",Total quintile,2011
5.436985015869141,26,,PRY,242,379,29181,327,261922,National,Paraguay,Information and communication,Total quintile,2011
5.42960786819458,26,,PRY,242,379,29181,327,261919,National,Paraguay,"Furnishings, household equipment and routine household maintenance",Total quintile,2011
3.407942056655884,26,,PRY,242,379,29181,327,261917,National,Paraguay,Clothing and footwear,Total quintile,2011
1.8974943161010742,26,,PRY,242,379,29181,327,261923,National,Paraguay,"Reacreation, sport and culture",Total quintile,2011
7.327510833740234,26,,PRY,242,379,29181,327,261925,National,Paraguay,Restaurants and accommodation services,Total quintile,2011
10.261091232299805,26,,PRY,242,379,29181,327,261920,National,Paraguay,Health,Total quintile,2011
0.9030100107192993,26,,PRY,242,379,29181,327,261926,National,Paraguay,Insurance and financial services,Total quintile,2011
2.3985257148742676,26,,PRY,242,379,29181,327,261924,National,Paraguay,Education services,Total quintile,2011
10.474108695983887,26,,PRY,242,379,29181,327,261921,National,Paraguay,Transport,Total quintile,2011
19.281766891479492,26,,PRY,242,379,29181,327,261918,National,Paraguay,"Housing, water, electricity, gas and other fuels",Total quintile,2011
49.21052551269531,26,,PRY,242,380,29181,331,261913,Rural,Paraguay,Food and non-alcoholic beverages,Quintile 1,2011
0.6159296631813049,26,,PRY,242,380,29181,331,261916,Rural,Paraguay,"Alcoholic beverages, tobacco and narcotics",Quintile 1,2011
2.3348424434661865,26,,PRY,242,380,29181,331,261927,Rural,Paraguay,"Personal care, social proteccion and miscellaneous goods and services",Quintile 1,2011
1.6398334503173828,26,,PRY,242,380,29181,331,261922,Rural,Paraguay,Information and communication,Quintile 1,2011
3.6265416145324707,26,,PRY,242,380,29181,331,261919,Rural,Paraguay,"Furnishings, household equipment and routine household maintenance",Quintile 1,2011
2.9188425540924072,26,,PRY,242,380,29181,331,261917,Rural,Paraguay,Clothing and footwear,Quintile 1,2011
1.0706766843795776,26,,PRY,242,380,29181,331,261923,Rural,Paraguay,"Reacreation, sport and culture",Quintile 1,2011
8.556973457336426,26,,PRY,242,380,29181,331,261925,Rural,Paraguay,Restaurants and accommodation services,Quintile 1,2011
13.245685577392578,26,,PRY,242,380,29181,331,261920,Rural,Paraguay,Health,Quintile 1,2011
0.005575351417064667,26,,PRY,242,380,29181,331,261926,Rural,Paraguay,Insurance and financial services,Quintile 1,2011
0.17729294300079346,26,,PRY,242,380,29181,331,261924,Rural,Paraguay,Education services,Quintile 1,2011
4.062969207763672,26,,PRY,242,380,29181,331,261921,Rural,Paraguay,Transport,Quintile 1,2011
12.53431224822998,26,,PRY,242,380,29181,331,261918,Rural,Paraguay,"Housing, water, electricity, gas and other fuels",Quintile 1,2011
47.91560745239258,26,,PRY,242,382,29181,331,261913,Rural,Paraguay,Food and non-alcoholic beverages,Quintile 2,2011
0.7353379130363464,26,,PRY,242,382,29181,331,261916,Rural,Paraguay,"Alcoholic beverages, tobacco and narcotics",Quintile 2,2011
3.002807855606079,26,,PRY,242,382,29181,331,261927,Rural,Paraguay,"Personal care, social proteccion and miscellaneous goods and services",Quintile 2,2011
2.298391580581665,26,,PRY,242,382,29181,331,261922,Rural,Paraguay,Information and communication,Quintile 2,2011
4.453420639038086,26,,PRY,242,382,29181,331,261919,Rural,Paraguay,"Furnishings, household equipment and routine household maintenance",Quintile 2,2011
3.170762062072754,26,,PRY,242,382,29181,331,261917,Rural,Paraguay,Clothing and footwear,Quintile 2,2011
1.3044071197509766,26,,PRY,242,382,29181,331,261923,Rural,Paraguay,"Reacreation, sport and culture",Quintile 2,2011
7.3723063468933105,26,,PRY,242,382,29181,331,261925,Rural,Paraguay,Restaurants and accommodation services,Quintile 2,2011
8.616236686706543,26,,PRY,242,382,29181,331,261920,Rural,Paraguay,Health,Quintile 2,2011
0.022010639309883118,26,,PRY,242,382,29181,331,261926,Rural,Paraguay,Insurance and financial services,Quintile 2,2011
0.3125074505805969,26,,PRY,242,382,29181,331,261924,Rural,Paraguay,Education services,Quintile 2,2011
6.282006740570068,26,,PRY,242,382,29181,331,261921,Rural,Paraguay,Transport,Quintile 2,2011
14.514198303222656,26,,PRY,242,382,29181,331,261918,Rural,Paraguay,"Housing, water, electricity, gas and other fuels",Quintile 2,2011
42.21303939819336,26,,PRY,242,383,29181,331,261913,Rural,Paraguay,Food and non-alcoholic beverages,Quintile 3,2011
0.9859838485717773,26,,PRY,242,383,29181,331,261916,Rural,Paraguay,"Alcoholic beverages, tobacco and narcotics",Quintile 3,2011
2.8607211112976074,26,,PRY,242,383,29181,331,261927,Rural,Paraguay,"Personal care, social proteccion and miscellaneous goods and services",Quintile 3,2011
3.5105390548706055,26,,PRY,242,383,29181,331,261922,Rural,Paraguay,Information and communication,Quintile 3,2011
4.7454094886779785,26,,PRY,242,383,29181,331,261919,Rural,Paraguay,"Furnishings, household equipment and routine household maintenance",Quintile 3,2011
3.5322508811950684,26,,PRY,242,383,29181,331,261917,Rural,Paraguay,Clothing and footwear,Quintile 3,2011
1.2746001482009888,26,,PRY,242,383,29181,331,261923,Rural,Paraguay,"Reacreation, sport and culture",Quintile 3,2011
7.827723026275635,26,,PRY,242,383,29181,331,261925,Rural,Paraguay,Restaurants and accommodation services,Quintile 3,2011
9.289666175842285,26,,PRY,242,383,29181,331,261920,Rural,Paraguay,Health,Quintile 3,2011
0.02503237873315811,26,,PRY,242,383,29181,331,261926,Rural,Paraguay,Insurance and financial services,Quintile 3,2011
0.930741548538208,26,,PRY,242,383,29181,331,261924,Rural,Paraguay,Education services,Quintile 3,2011
7.851284503936768,26,,PRY,242,383,29181,331,261921,Rural,Paraguay,Transport,Quintile 3,2011
14.953008651733398,26,,PRY,242,383,29181,331,261918,Rural,Paraguay,"Housing, water, electricity, gas and other fuels",Quintile 3,2011
36.6649284362793,26,,PRY,242,384,29181,331,261913,Rural,Paraguay,Food and non-alcoholic beverages,Quintile 4,2011
1.417049527168274,26,,PRY,242,384,29181,331,261916,Rural,Paraguay,"Alcoholic beverages, tobacco and narcotics",Quintile 4,2011
3.516615152359009,26,,PRY,242,384,29181,331,261927,Rural,Paraguay,"Personal care, social proteccion and miscellaneous goods and services",Quintile 4,2011
4.297363758087158,26,,PRY,242,384,29181,331,261922,Rural,Paraguay,Information and communication,Quintile 4,2011
4.905956268310547,26,,PRY,242,384,29181,331,261919,Rural,Paraguay,"Furnishings, household equipment and routine household maintenance",Quintile 4,2011
3.3323161602020264,26,,PRY,242,384,29181,331,261917,Rural,Paraguay,Clothing and footwear,Quintile 4,2011
1.25005304813385,26,,PRY,242,384,29181,331,261923,Rural,Paraguay,"Reacreation, sport and culture",Quintile 4,2011
8.22758674621582,26,,PRY,242,384,29181,331,261925,Rural,Paraguay,Restaurants and accommodation services,Quintile 4,2011
10.225894927978516,26,,PRY,242,384,29181,331,261920,Rural,Paraguay,Health,Quintile 4,2011
0.06137092038989067,26,,PRY,242,384,29181,331,261926,Rural,Paraguay,Insurance and financial services,Quintile 4,2011
0.9323779940605164,26,,PRY,242,384,29181,331,261924,Rural,Paraguay,Education services,Quintile 4,2011
8.669824600219727,26,,PRY,242,384,29181,331,261921,Rural,Paraguay,Transport,Quintile 4,2011
16.4986629486084,26,,PRY,242,384,29181,331,261918,Rural,Paraguay,"Housing, water, electricity, gas and other fuels",Quintile 4,2011
25.642621994018555,26,,PRY,242,381,29181,331,261913,Rural,Paraguay,Food and non-alcoholic beverages,Quintile 5,2011
1.1731373071670532,26,,PRY,242,381,29181,331,261916,Rural,Paraguay,"Alcoholic beverages, tobacco and narcotics",Quintile 5,2011
4.784616470336914,26,,PRY,242,381,29181,331,261927,Rural,Paraguay,"Personal care, social proteccion and miscellaneous goods and services",Quintile 5,2011
5.171813488006592,26,,PRY,242,381,29181,331,261922,Rural,Paraguay,Information and communication,Quintile 5,2011
6.062314033508301,26,,PRY,242,381,29181,331,261919,Rural,Paraguay,"Furnishings, household equipment and routine household maintenance",Quintile 5,2011
3.6554605960845947,26,,PRY,242,381,29181,331,261917,Rural,Paraguay,Clothing and footwear,Quintile 5,2011
1.5175652503967285,26,,PRY,242,381,29181,331,261923,Rural,Paraguay,"Reacreation, sport and culture",Quintile 5,2011
7.579189777374268,26,,PRY,242,381,29181,331,261925,Rural,Paraguay,Restaurants and accommodation services,Quintile 5,2011
9.091141700744629,26,,PRY,242,381,29181,331,261920,Rural,Paraguay,Health,Quintile 5,2011
0.48345786333084106,26,,PRY,242,381,29181,331,261926,Rural,Paraguay,Insurance and financial services,Quintile 5,2011
2.3090617656707764,26,,PRY,242,381,29181,331,261924,Rural,Paraguay,Education services,Quintile 5,2011
13.645089149475098,26,,PRY,242,381,29181,331,261921,Rural,Paraguay,Transport,Quintile 5,2011
18.884531021118164,26,,PRY,242,381,29181,331,261918,Rural,Paraguay,"Housing, water, electricity, gas and other fuels",Quintile 5,2011
36.45502471923828,26,,PRY,242,379,29181,331,261913,Rural,Paraguay,Food and non-alcoholic beverages,Total quintile,2011
1.0732439756393433,26,,PRY,242,379,29181,331,261916,Rural,Paraguay,"Alcoholic beverages, tobacco and narcotics",Total quintile,2011
3.6751911640167236,26,,PRY,242,379,29181,331,261927,Rural,Paraguay,"Personal care, social proteccion and miscellaneous goods and services",Total quintile,2011
3.9204165935516357,26,,PRY,242,379,29181,331,261922,Rural,Paraguay,Information and communication,Total quintile,2011
5.1026787757873535,26,,PRY,242,379,29181,331,261919,Rural,Paraguay,"Furnishings, household equipment and routine household maintenance",Total quintile,2011
3.4165568351745605,26,,PRY,242,379,29181,331,261917,Rural,Paraguay,Clothing and footwear,Total quintile,2011
1.340657114982605,26,,PRY,242,379,29181,331,261923,Rural,Paraguay,"Reacreation, sport and culture",Total quintile,2011
7.839687824249268,26,,PRY,242,379,29181,331,261925,Rural,Paraguay,Restaurants and accommodation services,Total quintile,2011
9.76076602935791,26,,PRY,242,379,29181,331,261920,Rural,Paraguay,Health,Total quintile,2011
0.19951510429382324,26,,PRY,242,379,29181,331,261926,Rural,Paraguay,Insurance and financial services,Total quintile,2011
1.2708468437194824,26,,PRY,242,379,29181,331,261924,Rural,Paraguay,Education services,Total quintile,2011
9.532466888427734,26,,PRY,242,379,29181,331,261921,Rural,Paraguay,Transport,Total quintile,2011
16.412948608398438,26,,PRY,242,379,29181,331,261918,Rural,Paraguay,"Housing, water, electricity, gas and other fuels",Total quintile,2011
39.314971923828125,26,,PRY,242,380,29181,330,261913,Urban,Paraguay,Food and non-alcoholic beverages,Quintile 1,2011
0.7771936655044556,26,,PRY,242,380,29181,330,261916,Urban,Paraguay,"Alcoholic beverages, tobacco and narcotics",Quintile 1,2011
3.3892273902893066,26,,PRY,242,380,29181,330,261927,Urban,Paraguay,"Personal care, social proteccion and miscellaneous goods and services",Quintile 1,2011
3.447877883911133,26,,PRY,242,380,29181,330,261922,Urban,Paraguay,Information and communication,Quintile 1,2011
3.840553045272827,26,,PRY,242,380,29181,330,261919,Urban,Paraguay,"Furnishings, household equipment and routine household maintenance",Quintile 1,2011
3.1279637813568115,26,,PRY,242,380,29181,330,261917,Urban,Paraguay,Clothing and footwear,Quintile 1,2011
1.5810970067977905,26,,PRY,242,380,29181,330,261923,Urban,Paraguay,"Reacreation, sport and culture",Quintile 1,2011
7.526355743408203,26,,PRY,242,380,29181,330,261925,Urban,Paraguay,Restaurants and accommodation services,Quintile 1,2011
11.825271606445312,26,,PRY,242,380,29181,330,261920,Urban,Paraguay,Health,Quintile 1,2011
0.13572478294372559,26,,PRY,242,380,29181,330,261926,Urban,Paraguay,Insurance and financial services,Quintile 1,2011
0.8548192977905273,26,,PRY,242,380,29181,330,261924,Urban,Paraguay,Education services,Quintile 1,2011
6.29104471206665,26,,PRY,242,380,29181,330,261921,Urban,Paraguay,Transport,Quintile 1,2011
17.887897491455078,26,,PRY,242,380,29181,330,261918,Urban,Paraguay,"Housing, water, electricity, gas and other fuels",Quintile 1,2011
33.90153503417969,26,,PRY,242,382,29181,330,261913,Urban,Paraguay,Food and non-alcoholic beverages,Quintile 2,2011
0.9414427876472473,26,,PRY,242,382,29181,330,261916,Urban,Paraguay,"Alcoholic beverages, tobacco and narcotics",Quintile 2,2011
3.7520740032196045,26,,PRY,242,382,29181,330,261927,Urban,Paraguay,"Personal care, social proteccion and miscellaneous goods and services",Quintile 2,2011
4.806781768798828,26,,PRY,242,382,29181,330,261922,Urban,Paraguay,Information and communication,Quintile 2,2011
4.559206962585449,26,,PRY,242,382,29181,330,261919,Urban,Paraguay,"Furnishings, household equipment and routine household maintenance",Quintile 2,2011
3.187507152557373,26,,PRY,242,382,29181,330,261917,Urban,Paraguay,Clothing and footwear,Quintile 2,2011
1.725697636604309,26,,PRY,242,382,29181,330,261923,Urban,Paraguay,"Reacreation, sport and culture",Quintile 2,2011
8.990867614746094,26,,PRY,242,382,29181,330,261925,Urban,Paraguay,Restaurants and accommodation services,Quintile 2,2011
10.471545219421387,26,,PRY,242,382,29181,330,261920,Urban,Paraguay,Health,Quintile 2,2011
0.3767067492008209,26,,PRY,242,382,29181,330,261926,Urban,Paraguay,Insurance and financial services,Quintile 2,2011
1.6528791189193726,26,,PRY,242,382,29181,330,261924,Urban,Paraguay,Education services,Quintile 2,2011
7.8586344718933105,26,,PRY,242,382,29181,330,261921,Urban,Paraguay,Transport,Quintile 2,2011
17.775123596191406,26,,PRY,242,382,29181,330,261918,Urban,Paraguay,"Housing, water, electricity, gas and other fuels",Quintile 2,2011
30.08126449584961,26,,PRY,242,383,29181,330,261913,Urban,Paraguay,Food and non-alcoholic beverages,Quintile 3,2011
0.9476020932197571,26,,PRY,242,383,29181,330,261916,Urban,Paraguay,"Alcoholic beverages, tobacco and narcotics",Quintile 3,2011
3.640746593475342,26,,PRY,242,383,29181,330,261927,Urban,Paraguay,"Personal care, social proteccion and miscellaneous goods and services",Quintile 3,2011
5.930667877197266,26,,PRY,242,383,29181,330,261922,Urban,Paraguay,Information and communication,Quintile 3,2011
4.537315845489502,26,,PRY,242,383,29181,330,261919,Urban,Paraguay,"Furnishings, household equipment and routine household maintenance",Quintile 3,2011
3.189271926879883,26,,PRY,242,383,29181,330,261917,Urban,Paraguay,Clothing and footwear,Quintile 3,2011
1.9247589111328125,26,,PRY,242,383,29181,330,261923,Urban,Paraguay,"Reacreation, sport and culture",Quintile 3,2011
8.054092407226562,26,,PRY,242,383,29181,330,261925,Urban,Paraguay,Restaurants and accommodation services,Quintile 3,2011
10.247678756713867,26,,PRY,242,383,29181,330,261920,Urban,Paraguay,Health,Quintile 3,2011
0.8093275427818298,26,,PRY,242,383,29181,330,261926,Urban,Paraguay,Insurance and financial services,Quintile 3,2011
2.699411392211914,26,,PRY,242,383,29181,330,261924,Urban,Paraguay,Education services,Quintile 3,2011
8.096787452697754,26,,PRY,242,383,29181,330,261921,Urban,Paraguay,Transport,Quintile 3,2011
19.841073989868164,26,,PRY,242,383,29181,330,261918,Urban,Paraguay,"Housing, water, electricity, gas and other fuels",Quintile 3,2011
25.096097946166992,26,,PRY,242,384,29181,330,261913,Urban,Paraguay,Food and non-alcoholic beverages,Quintile 4,2011
0.9257259368896484,26,,PRY,242,384,29181,330,261916,Urban,Paraguay,"Alcoholic beverages, tobacco and narcotics",Quintile 4,2011
3.8358752727508545,26,,PRY,242,384,29181,330,261927,Urban,Paraguay,"Personal care, social proteccion and miscellaneous goods and services",Quintile 4,2011
6.466872692108154,26,,PRY,242,384,29181,330,261922,Urban,Paraguay,Information and communication,Quintile 4,2011
5.340234279632568,26,,PRY,242,384,29181,330,261919,Urban,Paraguay,"Furnishings, household equipment and routine household maintenance",Quintile 4,2011
3.404878854751587,26,,PRY,242,384,29181,330,261917,Urban,Paraguay,Clothing and footwear,Quintile 4,2011
2.1139068603515625,26,,PRY,242,384,29181,330,261923,Urban,Paraguay,"Reacreation, sport and culture",Quintile 4,2011
6.93931770324707,26,,PRY,242,384,29181,330,261925,Urban,Paraguay,Restaurants and accommodation services,Quintile 4,2011
11.292793273925781,26,,PRY,242,384,29181,330,261920,Urban,Paraguay,Health,Quintile 4,2011
1.1476339101791382,26,,PRY,242,384,29181,330,261926,Urban,Paraguay,Insurance and financial services,Quintile 4,2011
3.1655867099761963,26,,PRY,242,384,29181,330,261924,Urban,Paraguay,Education services,Quintile 4,2011
10.014426231384277,26,,PRY,242,384,29181,330,261921,Urban,Paraguay,Transport,Quintile 4,2011
20.256650924682617,26,,PRY,242,384,29181,330,261918,Urban,Paraguay,"Housing, water, electricity, gas and other fuels",Quintile 4,2011
17.128992080688477,26,,PRY,242,381,29181,330,261913,Urban,Paraguay,Food and non-alcoholic beverages,Quintile 5,2011
0.9192752838134766,26,,PRY,242,381,29181,330,261916,Urban,Paraguay,"Alcoholic beverages, tobacco and narcotics",Quintile 5,2011
4.11957311630249,26,,PRY,242,381,29181,330,261927,Urban,Paraguay,"Personal care, social proteccion and miscellaneous goods and services",Quintile 5,2011
6.836755752563477,26,,PRY,242,381,29181,330,261922,Urban,Paraguay,Information and communication,Quintile 5,2011
6.866225242614746,26,,PRY,242,381,29181,330,261919,Urban,Paraguay,"Furnishings, household equipment and routine household maintenance",Quintile 5,2011
3.637932062149048,26,,PRY,242,381,29181,330,261917,Urban,Paraguay,Clothing and footwear,Quintile 5,2011
2.4481701850891113,26,,PRY,242,381,29181,330,261923,Urban,Paraguay,"Reacreation, sport and culture",Quintile 5,2011
6.112318515777588,26,,PRY,242,381,29181,330,261925,Urban,Paraguay,Restaurants and accommodation services,Quintile 5,2011
9.729593276977539,26,,PRY,242,381,29181,330,261920,Urban,Paraguay,Health,Quintile 5,2011
1.8644360303878784,26,,PRY,242,381,29181,330,261926,Urban,Paraguay,Insurance and financial services,Quintile 5,2011
3.5774643421173096,26,,PRY,242,381,29181,330,261924,Urban,Paraguay,Education services,Quintile 5,2011
14.585302352905273,26,,PRY,242,381,29181,330,261921,Urban,Paraguay,Transport,Quintile 5,2011
22.17396354675293,26,,PRY,242,381,29181,330,261918,Urban,Paraguay,"Housing, water, electricity, gas and other fuels",Quintile 5,2011
25.335359573364258,26,,PRY,242,379,29181,330,261913,Urban,Paraguay,Food and non-alcoholic beverages,Total quintile,2011
0.915026843547821,26,,PRY,242,379,29181,330,261916,Urban,Paraguay,"Alcoholic beverages, tobacco and narcotics",Total quintile,2011
3.8605570793151855,26,,PRY,242,379,29181,330,261927,Urban,Paraguay,"Personal care, social proteccion and miscellaneous goods and services",Total quintile,2011
6.017599582672119,26,,PRY,242,379,29181,330,261922,Urban,Paraguay,Information and communication,Total quintile,2011
5.554771900177002,26,,PRY,242,379,29181,330,261919,Urban,Paraguay,"Furnishings, household equipment and routine household maintenance",Total quintile,2011
3.4046437740325928,26,,PRY,242,379,29181,330,261917,Urban,Paraguay,Clothing and footwear,Total quintile,2011
2.110678195953369,26,,PRY,242,379,29181,330,261923,Urban,Paraguay,"Reacreation, sport and culture",Total quintile,2011
7.131425380706787,26,,PRY,242,379,29181,330,261925,Urban,Paraguay,Restaurants and accommodation services,Total quintile,2011
10.452638626098633,26,,PRY,242,379,29181,330,261920,Urban,Paraguay,Health,Total quintile,2011
1.1723414659500122,26,,PRY,242,379,29181,330,261926,Urban,Paraguay,Insurance and financial services,Total quintile,2011
2.8302550315856934,26,,PRY,242,379,29181,330,261924,Urban,Paraguay,Education services,Total quintile,2011
10.834614753723145,26,,PRY,242,379,29181,330,261921,Urban,Paraguay,Transport,Total quintile,2011
20.380088806152344,26,,PRY,242,379,29181,330,261918,Urban,Paraguay,"Housing, water, electricity, gas and other fuels",Total quintile,2011
41.93791961669922,26,,PER,244,380,29189,327,261913,National,Peru,Food and non-alcoholic beverages,Quintile 1,2019
0.13448196649551392,26,,PER,244,380,29189,327,261916,National,Peru,"Alcoholic beverages, tobacco and narcotics",Quintile 1,2019
4.001228332519531,26,,PER,244,380,29189,327,261927,National,Peru,"Personal care, social proteccion and miscellaneous goods and services",Quintile 1,2019
2.3066725730895996,26,,PER,244,380,29189,327,261922,National,Peru,Information and communication,Quintile 1,2019
3.086664915084839,26,,PER,244,380,29189,327,261919,National,Peru,"Furnishings, household equipment and routine household maintenance",Quintile 1,2019
5.143208026885986,26,,PER,244,380,29189,327,261917,National,Peru,Clothing and footwear,Quintile 1,2019
3.368053436279297,26,,PER,244,380,29189,327,261923,National,Peru,"Reacreation, sport and culture",Quintile 1,2019
10.964410781860352,26,,PER,244,380,29189,327,261925,National,Peru,Restaurants and accommodation services,Quintile 1,2019
8.045196533203125,26,,PER,244,380,29189,327,261920,National,Peru,Health,Quintile 1,2019
0.03288109228014946,26,,PER,244,380,29189,327,261926,National,Peru,Insurance and financial services,Quintile 1,2019
2.8306190967559814,26,,PER,244,380,29189,327,261924,National,Peru,Education services,Quintile 1,2019
4.801900386810303,26,,PER,244,380,29189,327,261921,National,Peru,Transport,Quintile 1,2019
13.346762657165527,26,,PER,244,380,29189,327,261918,National,Peru,"Housing, water, electricity, gas and other fuels",Quintile 1,2019
35.4250373840332,26,,PER,244,382,29189,327,261913,National,Peru,Food and non-alcoholic beverages,Quintile 2,2019
0.09027226269245148,26,,PER,244,382,29189,327,261916,National,Peru,"Alcoholic beverages, tobacco and narcotics",Quintile 2,2019
4.305001735687256,26,,PER,244,382,29189,327,261927,National,Peru,"Personal care, social proteccion and miscellaneous goods and services",Quintile 2,2019
3.0672404766082764,26,,PER,244,382,29189,327,261922,National,Peru,Information and communication,Quintile 2,2019
2.9078755378723145,26,,PER,244,382,29189,327,261919,National,Peru,"Furnishings, household equipment and routine household maintenance",Quintile 2,2019
4.759704113006592,26,,PER,244,382,29189,327,261917,National,Peru,Clothing and footwear,Quintile 2,2019
3.079807758331299,26,,PER,244,382,29189,327,261923,National,Peru,"Reacreation, sport and culture",Quintile 2,2019
12.80391788482666,26,,PER,244,382,29189,327,261925,National,Peru,Restaurants and accommodation services,Quintile 2,2019
7.729499340057373,26,,PER,244,382,29189,327,261920,National,Peru,Health,Quintile 2,2019
0.04375167563557625,26,,PER,244,382,29189,327,261926,National,Peru,Insurance and financial services,Quintile 2,2019
3.7035748958587646,26,,PER,244,382,29189,327,261924,National,Peru,Education services,Quintile 2,2019
6.119586944580078,26,,PER,244,382,29189,327,261921,National,Peru,Transport,Quintile 2,2019
15.964730262756348,26,,PER,244,382,29189,327,261918,National,Peru,"Housing, water, electricity, gas and other fuels",Quintile 2,2019
29.998340606689453,26,,PER,244,383,29189,327,261913,National,Peru,Food and non-alcoholic beverages,Quintile 3,2019
0.10678598284721375,26,,PER,244,383,29189,327,261916,National,Peru,"Alcoholic beverages, tobacco and narcotics",Quintile 3,2019
4.429336071014404,26,,PER,244,383,29189,327,261927,National,Peru,"Personal care, social proteccion and miscellaneous goods and services",Quintile 3,2019
3.9641644954681396,26,,PER,244,383,29189,327,261922,National,Peru,Information and communication,Quintile 3,2019
3.1631970405578613,26,,PER,244,383,29189,327,261919,National,Peru,"Furnishings, household equipment and routine household maintenance",Quintile 3,2019
4.2931413650512695,26,,PER,244,383,29189,327,261917,National,Peru,Clothing and footwear,Quintile 3,2019
2.757981777191162,26,,PER,244,383,29189,327,261923,National,Peru,"Reacreation, sport and culture",Quintile 3,2019
13.807833671569824,26,,PER,244,383,29189,327,261925,National,Peru,Restaurants and accommodation services,Quintile 3,2019
7.770268440246582,26,,PER,244,383,29189,327,261920,National,Peru,Health,Quintile 3,2019
0.07474736124277115,26,,PER,244,383,29189,327,261926,National,Peru,Insurance and financial services,Quintile 3,2019
4.9304118156433105,26,,PER,244,383,29189,327,261924,National,Peru,Education services,Quintile 3,2019
6.968926429748535,26,,PER,244,383,29189,327,261921,National,Peru,Transport,Quintile 3,2019
17.734867095947266,26,,PER,244,383,29189,327,261918,National,Peru,"Housing, water, electricity, gas and other fuels",Quintile 3,2019
24.7944393157959,26,,PER,244,384,29189,327,261913,National,Peru,Food and non-alcoholic beverages,Quintile 4,2019
0.13266725838184357,26,,PER,244,384,29189,327,261916,National,Peru,"Alcoholic beverages, tobacco and narcotics",Quintile 4,2019
4.370326519012451,26,,PER,244,384,29189,327,261927,National,Peru,"Personal care, social proteccion and miscellaneous goods and services",Quintile 4,2019
4.595075607299805,26,,PER,244,384,29189,327,261922,National,Peru,Information and communication,Quintile 4,2019
3.157991647720337,26,,PER,244,384,29189,327,261919,National,Peru,"Furnishings, household equipment and routine household maintenance",Quintile 4,2019
4.198945999145508,26,,PER,244,384,29189,327,261917,National,Peru,Clothing and footwear,Quintile 4,2019
2.7205569744110107,26,,PER,244,384,29189,327,261923,National,Peru,"Reacreation, sport and culture",Quintile 4,2019
14.297685623168945,26,,PER,244,384,29189,327,261925,National,Peru,Restaurants and accommodation services,Quintile 4,2019
8.619012832641602,26,,PER,244,384,29189,327,261920,National,Peru,Health,Quintile 4,2019
0.17149914801120758,26,,PER,244,384,29189,327,261926,National,Peru,Insurance and financial services,Quintile 4,2019
5.753796100616455,26,,PER,244,384,29189,327,261924,National,Peru,Education services,Quintile 4,2019
7.754461765289307,26,,PER,244,384,29189,327,261921,National,Peru,Transport,Quintile 4,2019
19.433542251586914,26,,PER,244,384,29189,327,261918,National,Peru,"Housing, water, electricity, gas and other fuels",Quintile 4,2019
17.490053176879883,26,,PER,244,381,29189,327,261913,National,Peru,Food and non-alcoholic beverages,Quintile 5,2019
0.1986386775970459,26,,PER,244,381,29189,327,261916,National,Peru,"Alcoholic beverages, tobacco and narcotics",Quintile 5,2019
4.4958062171936035,26,,PER,244,381,29189,327,261927,National,Peru,"Personal care, social proteccion and miscellaneous goods and services",Quintile 5,2019
5.436739444732666,26,,PER,244,381,29189,327,261922,National,Peru,Information and communication,Quintile 5,2019
4.822605609893799,26,,PER,244,381,29189,327,261919,National,Peru,"Furnishings, household equipment and routine household maintenance",Quintile 5,2019
4.015154838562012,26,,PER,244,381,29189,327,261917,National,Peru,Clothing and footwear,Quintile 5,2019
3.043379545211792,26,,PER,244,381,29189,327,261923,National,Peru,"Reacreation, sport and culture",Quintile 5,2019
12.222469329833984,26,,PER,244,381,29189,327,261925,National,Peru,Restaurants and accommodation services,Quintile 5,2019
8.460780143737793,26,,PER,244,381,29189,327,261920,National,Peru,Health,Quintile 5,2019
0.43188971281051636,26,,PER,244,381,29189,327,261926,National,Peru,Insurance and financial services,Quintile 5,2019
7.054899215698242,26,,PER,244,381,29189,327,261924,National,Peru,Education services,Quintile 5,2019
9.001940727233887,26,,PER,244,381,29189,327,261921,National,Peru,Transport,Quintile 5,2019
23.325645446777344,26,,PER,244,381,29189,327,261918,National,Peru,"Housing, water, electricity, gas and other fuels",Quintile 5,2019
25.51793098449707,26,,PER,244,379,29189,327,261913,National,Peru,Food and non-alcoholic beverages,Total quintile,2019
0.14935453236103058,26,,PER,244,379,29189,327,261916,National,Peru,"Alcoholic beverages, tobacco and narcotics",Total quintile,2019
4.391610145568848,26,,PER,244,379,29189,327,261927,National,Peru,"Personal care, social proteccion and miscellaneous goods and services",Total quintile,2019
4.4426164627075195,26,,PER,244,379,29189,327,261922,National,Peru,Information and communication,Total quintile,2019
3.7837398052215576,26,,PER,244,379,29189,327,261919,National,Peru,"Furnishings, household equipment and routine household maintenance",Total quintile,2019
4.289990425109863,26,,PER,244,379,29189,327,261917,National,Peru,Clothing and footwear,Total quintile,2019
2.9537463188171387,26,,PER,244,379,29189,327,261923,National,Peru,"Reacreation, sport and culture",Total quintile,2019
12.927038192749023,26,,PER,244,379,29189,327,261925,National,Peru,Restaurants and accommodation services,Total quintile,2019
8.253347396850586,26,,PER,244,379,29189,327,261920,National,Peru,Health,Total quintile,2019
0.23122046887874603,26,,PER,244,379,29189,327,261926,National,Peru,Insurance and financial services,Total quintile,2019
5.633606910705566,26,,PER,244,379,29189,327,261924,National,Peru,Education services,Total quintile,2019
7.669010639190674,26,,PER,244,379,29189,327,261921,National,Peru,Transport,Total quintile,2019
19.75678825378418,26,,PER,244,379,29189,327,261918,National,Peru,"Housing, water, electricity, gas and other fuels",Total quintile,2019
49.29207229614258,26,,PER,244,380,29189,331,261913,Rural,Peru,Food and non-alcoholic beverages,Quintile 1,2019
0.26704391837120056,26,,PER,244,380,29189,331,261916,Rural,Peru,"Alcoholic beverages, tobacco and narcotics",Quintile 1,2019
3.694518566131592,26,,PER,244,380,29189,331,261927,Rural,Peru,"Personal care, social proteccion and miscellaneous goods and services",Quintile 1,2019
1.556972622871399,26,,PER,244,380,29189,331,261922,Rural,Peru,Information and communication,Quintile 1,2019
3.2252800464630127,26,,PER,244,380,29189,331,261919,Rural,Peru,"Furnishings, household equipment and routine household maintenance",Quintile 1,2019
6.018306255340576,26,,PER,244,380,29189,331,261917,Rural,Peru,Clothing and footwear,Quintile 1,2019
3.89298677444458,26,,PER,244,380,29189,331,261923,Rural,Peru,"Reacreation, sport and culture",Quintile 1,2019
9.817489624023438,26,,PER,244,380,29189,331,261925,Rural,Peru,Restaurants and accommodation services,Quintile 1,2019
7.106041431427002,26,,PER,244,380,29189,331,261920,Rural,Peru,Health,Quintile 1,2019
0.01129515003412962,26,,PER,244,380,29189,331,261926,Rural,Peru,Insurance and financial services,Quintile 1,2019
1.9517704248428345,26,,PER,244,380,29189,331,261924,Rural,Peru,Education services,Quintile 1,2019
4.034937858581543,26,,PER,244,380,29189,331,261921,Rural,Peru,Transport,Quintile 1,2019
9.131285667419434,26,,PER,244,380,29189,331,261918,Rural,Peru,"Housing, water, electricity, gas and other fuels",Quintile 1,2019
47.284366607666016,26,,PER,244,382,29189,331,261913,Rural,Peru,Food and non-alcoholic beverages,Quintile 2,2019
0.18223431706428528,26,,PER,244,382,29189,331,261916,Rural,Peru,"Alcoholic beverages, tobacco and narcotics",Quintile 2,2019
3.9080779552459717,26,,PER,244,382,29189,331,261927,Rural,Peru,"Personal care, social proteccion and miscellaneous goods and services",Quintile 2,2019
1.6858621835708618,26,,PER,244,382,29189,331,261922,Rural,Peru,Information and communication,Quintile 2,2019
3.1725013256073,26,,PER,244,382,29189,331,261919,Rural,Peru,"Furnishings, household equipment and routine household maintenance",Quintile 2,2019
5.788365840911865,26,,PER,244,382,29189,331,261917,Rural,Peru,Clothing and footwear,Quintile 2,2019
3.28124737739563,26,,PER,244,382,29189,331,261923,Rural,Peru,"Reacreation, sport and culture",Quintile 2,2019
11.469663619995117,26,,PER,244,382,29189,331,261925,Rural,Peru,Restaurants and accommodation services,Quintile 2,2019
7.94597864151001,26,,PER,244,382,29189,331,261920,Rural,Peru,Health,Quintile 2,2019
0.005120470654219389,26,,PER,244,382,29189,331,261926,Rural,Peru,Insurance and financial services,Quintile 2,2019
1.6804112195968628,26,,PER,244,382,29189,331,261924,Rural,Peru,Education services,Quintile 2,2019
4.340749740600586,26,,PER,244,382,29189,331,261921,Rural,Peru,Transport,Quintile 2,2019
9.25541877746582,26,,PER,244,382,29189,331,261918,Rural,Peru,"Housing, water, electricity, gas and other fuels",Quintile 2,2019
44.8234748840332,26,,PER,244,383,29189,331,261913,Rural,Peru,Food and non-alcoholic beverages,Quintile 3,2019
0.1309443712234497,26,,PER,244,383,29189,331,261916,Rural,Peru,"Alcoholic beverages, tobacco and narcotics",Quintile 3,2019
4.0294575691223145,26,,PER,244,383,29189,331,261927,Rural,Peru,"Personal care, social proteccion and miscellaneous goods and services",Quintile 3,2019
1.946956992149353,26,,PER,244,383,29189,331,261922,Rural,Peru,Information and communication,Quintile 3,2019
3.2840490341186523,26,,PER,244,383,29189,331,261919,Rural,Peru,"Furnishings, household equipment and routine household maintenance",Quintile 3,2019
5.841136932373047,26,,PER,244,383,29189,331,261917,Rural,Peru,Clothing and footwear,Quintile 3,2019
2.9053077697753906,26,,PER,244,383,29189,331,261923,Rural,Peru,"Reacreation, sport and culture",Quintile 3,2019
13.217320442199707,26,,PER,244,383,29189,331,261925,Rural,Peru,Restaurants and accommodation services,Quintile 3,2019
6.883816719055176,26,,PER,244,383,29189,331,261920,Rural,Peru,Health,Quintile 3,2019
0.011385586112737656,26,,PER,244,383,29189,331,261926,Rural,Peru,Insurance and financial services,Quintile 3,2019
2.1141631603240967,26,,PER,244,383,29189,331,261924,Rural,Peru,Education services,Quintile 3,2019
4.909832954406738,26,,PER,244,383,29189,331,261921,Rural,Peru,Transport,Quintile 3,2019
9.902154922485352,26,,PER,244,383,29189,331,261918,Rural,Peru,"Housing, water, electricity, gas and other fuels",Quintile 3,2019
41.08010482788086,26,,PER,244,384,29189,331,261913,Rural,Peru,Food and non-alcoholic beverages,Quintile 4,2019
0.14313122630119324,26,,PER,244,384,29189,331,261916,Rural,Peru,"Alcoholic beverages, tobacco and narcotics",Quintile 4,2019
4.287053108215332,26,,PER,244,384,29189,331,261927,Rural,Peru,"Personal care, social proteccion and miscellaneous goods and services",Quintile 4,2019
2.3677215576171875,26,,PER,244,384,29189,331,261922,Rural,Peru,Information and communication,Quintile 4,2019
3.258256435394287,26,,PER,244,384,29189,331,261919,Rural,Peru,"Furnishings, household equipment and routine household maintenance",Quintile 4,2019
5.600966453552246,26,,PER,244,384,29189,331,261917,Rural,Peru,Clothing and footwear,Quintile 4,2019
2.4913623332977295,26,,PER,244,384,29189,331,261923,Rural,Peru,"Reacreation, sport and culture",Quintile 4,2019
13.994965553283691,26,,PER,244,384,29189,331,261925,Rural,Peru,Restaurants and accommodation services,Quintile 4,2019
7.7643938064575195,26,,PER,244,384,29189,331,261920,Rural,Peru,Health,Quintile 4,2019
0.03221677243709564,26,,PER,244,384,29189,331,261926,Rural,Peru,Insurance and financial services,Quintile 4,2019
2.358813524246216,26,,PER,244,384,29189,331,261924,Rural,Peru,Education services,Quintile 4,2019
6.130127429962158,26,,PER,244,384,29189,331,261921,Rural,Peru,Transport,Quintile 4,2019
10.490886688232422,26,,PER,244,384,29189,331,261918,Rural,Peru,"Housing, water, electricity, gas and other fuels",Quintile 4,2019
32.62314987182617,26,,PER,244,381,29189,331,261913,Rural,Peru,Food and non-alcoholic beverages,Quintile 5,2019
0.12305531650781631,26,,PER,244,381,29189,331,261916,Rural,Peru,"Alcoholic beverages, tobacco and narcotics",Quintile 5,2019
4.647256374359131,26,,PER,244,381,29189,331,261927,Rural,Peru,"Personal care, social proteccion and miscellaneous goods and services",Quintile 5,2019
3.3643698692321777,26,,PER,244,381,29189,331,261922,Rural,Peru,Information and communication,Quintile 5,2019
3.922738552093506,26,,PER,244,381,29189,331,261919,Rural,Peru,"Furnishings, household equipment and routine household maintenance",Quintile 5,2019
5.356320381164551,26,,PER,244,381,29189,331,261917,Rural,Peru,Clothing and footwear,Quintile 5,2019
1.970319390296936,26,,PER,244,381,29189,331,261923,Rural,Peru,"Reacreation, sport and culture",Quintile 5,2019
15.626127243041992,26,,PER,244,381,29189,331,261925,Rural,Peru,Restaurants and accommodation services,Quintile 5,2019
9.59043025970459,26,,PER,244,381,29189,331,261920,Rural,Peru,Health,Quintile 5,2019
0.11737731099128723,26,,PER,244,381,29189,331,261926,Rural,Peru,Insurance and financial services,Quintile 5,2019
2.6763863563537598,26,,PER,244,381,29189,331,261924,Rural,Peru,Education services,Quintile 5,2019
7.82936954498291,26,,PER,244,381,29189,331,261921,Rural,Peru,Transport,Quintile 5,2019
12.15310001373291,26,,PER,244,381,29189,331,261918,Rural,Peru,"Housing, water, electricity, gas and other fuels",Quintile 5,2019
40.75794219970703,26,,PER,244,379,29189,331,261913,Rural,Peru,Food and non-alcoholic beverages,Total quintile,2019
0.15438778698444366,26,,PER,244,379,29189,331,261916,Rural,Peru,"Alcoholic beverages, tobacco and narcotics",Total quintile,2019
4.238166809082031,26,,PER,244,379,29189,331,261927,Rural,Peru,"Personal care, social proteccion and miscellaneous goods and services",Total quintile,2019
2.434861421585083,26,,PER,244,379,29189,331,261922,Rural,Peru,Information and communication,Total quintile,2019
3.4709668159484863,26,,PER,244,379,29189,331,261919,Rural,Peru,"Furnishings, household equipment and routine household maintenance",Total quintile,2019
5.637044429779053,26,,PER,244,379,29189,331,261917,Rural,Peru,Clothing and footwear,Total quintile,2019
2.6685400009155273,26,,PER,244,379,29189,331,261923,Rural,Peru,"Reacreation, sport and culture",Total quintile,2019
13.548645973205566,26,,PER,244,379,29189,331,261925,Rural,Peru,Restaurants and accommodation services,Total quintile,2019
8.176586151123047,26,,PER,244,379,29189,331,261920,Rural,Peru,Health,Total quintile,2019
0.05087544396519661,26,,PER,244,379,29189,331,261926,Rural,Peru,Insurance and financial services,Total quintile,2019
2.274880886077881,26,,PER,244,379,29189,331,261924,Rural,Peru,Education services,Total quintile,2019
5.979697227478027,26,,PER,244,379,29189,331,261921,Rural,Peru,Transport,Total quintile,2019
10.607405662536621,26,,PER,244,379,29189,331,261918,Rural,Peru,"Housing, water, electricity, gas and other fuels",Total quintile,2019
35.812644958496094,26,,PER,244,380,29189,330,261913,Urban,Peru,Food and non-alcoholic beverages,Quintile 1,2019
0.08048425614833832,26,,PER,244,380,29189,330,261916,Urban,Peru,"Alcoholic beverages, tobacco and narcotics",Quintile 1,2019
4.22259521484375,26,,PER,244,380,29189,330,261927,Urban,Peru,"Personal care, social proteccion and miscellaneous goods and services",Quintile 1,2019
3.064730167388916,26,,PER,244,380,29189,330,261922,Urban,Peru,Information and communication,Quintile 1,2019
2.8283417224884033,26,,PER,244,380,29189,330,261919,Urban,Peru,"Furnishings, household equipment and routine household maintenance",Quintile 1,2019
4.4016432762146,26,,PER,244,380,29189,330,261917,Urban,Peru,Clothing and footwear,Quintile 1,2019
3.326026439666748,26,,PER,244,380,29189,330,261923,Urban,Peru,"Reacreation, sport and culture",Quintile 1,2019
11.340173721313477,26,,PER,244,380,29189,330,261925,Urban,Peru,Restaurants and accommodation services,Quintile 1,2019
8.215178489685059,26,,PER,244,380,29189,330,261920,Urban,Peru,Health,Quintile 1,2019
0.041169095784425735,26,,PER,244,380,29189,330,261926,Urban,Peru,Insurance and financial services,Quintile 1,2019
3.788893699645996,26,,PER,244,380,29189,330,261924,Urban,Peru,Education services,Quintile 1,2019
5.558534145355225,26,,PER,244,380,29189,330,261921,Urban,Peru,Transport,Quintile 1,2019
17.3195858001709,26,,PER,244,380,29189,330,261918,Urban,Peru,"Housing, water, electricity, gas and other fuels",Quintile 1,2019
31.496706008911133,26,,PER,244,382,29189,330,261913,Urban,Peru,Food and non-alcoholic beverages,Quintile 2,2019
0.08959846943616867,26,,PER,244,382,29189,330,261916,Urban,Peru,"Alcoholic beverages, tobacco and narcotics",Quintile 2,2019
4.4227800369262695,26,,PER,244,382,29189,330,261927,Urban,Peru,"Personal care, social proteccion and miscellaneous goods and services",Quintile 2,2019
3.6261956691741943,26,,PER,244,382,29189,330,261922,Urban,Peru,Information and communication,Quintile 2,2019
3.0525834560394287,26,,PER,244,382,29189,330,261919,Urban,Peru,"Furnishings, household equipment and routine household maintenance",Quintile 2,2019
4.420332431793213,26,,PER,244,382,29189,330,261917,Urban,Peru,Clothing and footwear,Quintile 2,2019
3.0503058433532715,26,,PER,244,382,29189,330,261923,Urban,Peru,"Reacreation, sport and culture",Quintile 2,2019
13.08581829071045,26,,PER,244,382,29189,330,261925,Urban,Peru,Restaurants and accommodation services,Quintile 2,2019
7.727877616882324,26,,PER,244,382,29189,330,261920,Urban,Peru,Health,Quintile 2,2019
0.06604384630918503,26,,PER,244,382,29189,330,261926,Urban,Peru,Insurance and financial services,Quintile 2,2019
4.304491996765137,26,,PER,244,382,29189,330,261924,Urban,Peru,Education services,Quintile 2,2019
6.646183490753174,26,,PER,244,382,29189,330,261921,Urban,Peru,Transport,Quintile 2,2019
18.011083602905273,26,,PER,244,382,29189,330,261918,Urban,Peru,"Housing, water, electricity, gas and other fuels",Quintile 2,2019
27.231948852539062,26,,PER,244,383,29189,330,261913,Urban,Peru,Food and non-alcoholic beverages,Quintile 3,2019
0.1213027685880661,26,,PER,244,383,29189,330,261916,Urban,Peru,"Alcoholic beverages, tobacco and narcotics",Quintile 3,2019
4.4616289138793945,26,,PER,244,383,29189,330,261927,Urban,Peru,"Personal care, social proteccion and miscellaneous goods and services",Quintile 3,2019
4.355309963226318,26,,PER,244,383,29189,330,261922,Urban,Peru,Information and communication,Quintile 3,2019
3.1152665615081787,26,,PER,244,383,29189,330,261919,Urban,Peru,"Furnishings, household equipment and routine household maintenance",Quintile 3,2019
4.167628288269043,26,,PER,244,383,29189,330,261917,Urban,Peru,Clothing and footwear,Quintile 3,2019
2.791210889816284,26,,PER,244,383,29189,330,261923,Urban,Peru,"Reacreation, sport and culture",Quintile 3,2019
14.113799095153809,26,,PER,244,383,29189,330,261925,Urban,Peru,Restaurants and accommodation services,Quintile 3,2019
7.8022379875183105,26,,PER,244,383,29189,330,261920,Urban,Peru,Health,Quintile 3,2019
0.15061788260936737,26,,PER,244,383,29189,330,261926,Urban,Peru,Insurance and financial services,Quintile 3,2019
5.517592906951904,26,,PER,244,383,29189,330,261924,Urban,Peru,Education services,Quintile 3,2019
7.356369972229004,26,,PER,244,383,29189,330,261921,Urban,Peru,Transport,Quintile 3,2019
18.815086364746094,26,,PER,244,383,29189,330,261918,Urban,Peru,"Housing, water, electricity, gas and other fuels",Quintile 3,2019
23.260629653930664,26,,PER,244,384,29189,330,261913,Urban,Peru,Food and non-alcoholic beverages,Quintile 4,2019
0.1339372992515564,26,,PER,244,384,29189,330,261916,Urban,Peru,"Alcoholic beverages, tobacco and narcotics",Quintile 4,2019
4.306607723236084,26,,PER,244,384,29189,330,261927,Urban,Peru,"Personal care, social proteccion and miscellaneous goods and services",Quintile 4,2019
4.850925445556641,26,,PER,244,384,29189,330,261922,Urban,Peru,Information and communication,Quintile 4,2019
3.2394821643829346,26,,PER,244,384,29189,330,261919,Urban,Peru,"Furnishings, household equipment and routine household maintenance",Quintile 4,2019
4.1181464195251465,26,,PER,244,384,29189,330,261917,Urban,Peru,Clothing and footwear,Quintile 4,2019
2.698352098464966,26,,PER,244,384,29189,330,261923,Urban,Peru,"Reacreation, sport and culture",Quintile 4,2019
13.928060531616211,26,,PER,244,384,29189,330,261925,Urban,Peru,Restaurants and accommodation services,Quintile 4,2019
8.60853099822998,26,,PER,244,384,29189,330,261920,Urban,Peru,Health,Quintile 4,2019
0.15987026691436768,26,,PER,244,384,29189,330,261926,Urban,Peru,Insurance and financial services,Quintile 4,2019
6.325334548950195,26,,PER,244,384,29189,330,261924,Urban,Peru,Education services,Quintile 4,2019
7.842811584472656,26,,PER,244,384,29189,330,261921,Urban,Peru,Transport,Quintile 4,2019
20.527311325073242,26,,PER,244,384,29189,330,261918,Urban,Peru,"Housing, water, electricity, gas and other fuels",Quintile 4,2019
16.55610466003418,26,,PER,244,381,29189,330,261913,Urban,Peru,Food and non-alcoholic beverages,Quintile 5,2019
0.20802658796310425,26,,PER,244,381,29189,330,261916,Urban,Peru,"Alcoholic beverages, tobacco and narcotics",Quintile 5,2019
4.489494800567627,26,,PER,244,381,29189,330,261927,Urban,Peru,"Personal care, social proteccion and miscellaneous goods and services",Quintile 5,2019
5.512436389923096,26,,PER,244,381,29189,330,261922,Urban,Peru,Information and communication,Quintile 5,2019
4.999682426452637,26,,PER,244,381,29189,330,261919,Urban,Peru,"Furnishings, household equipment and routine household maintenance",Quintile 5,2019
3.9490585327148438,26,,PER,244,381,29189,330,261917,Urban,Peru,Clothing and footwear,Quintile 5,2019
3.1350016593933105,26,,PER,244,381,29189,330,261923,Urban,Peru,"Reacreation, sport and culture",Quintile 5,2019
11.967277526855469,26,,PER,244,381,29189,330,261925,Urban,Peru,Restaurants and accommodation services,Quintile 5,2019
8.46944808959961,26,,PER,244,381,29189,330,261920,Urban,Peru,Health,Quintile 5,2019
0.47207850217819214,26,,PER,244,381,29189,330,261926,Urban,Peru,Insurance and financial services,Quintile 5,2019
7.27451753616333,26,,PER,244,381,29189,330,261924,Urban,Peru,Education services,Quintile 5,2019
9.136269569396973,26,,PER,244,381,29189,330,261921,Urban,Peru,Transport,Quintile 5,2019
23.830604553222656,26,,PER,244,381,29189,330,261918,Urban,Peru,"Housing, water, electricity, gas and other fuels",Quintile 5,2019
23.71256446838379,26,,PER,244,379,29189,330,261913,Urban,Peru,Food and non-alcoholic beverages,Total quintile,2019
0.14875827729701996,26,,PER,244,379,29189,330,261916,Urban,Peru,"Alcoholic beverages, tobacco and narcotics",Total quintile,2019
4.409787178039551,26,,PER,244,379,29189,330,261927,Urban,Peru,"Personal care, social proteccion and miscellaneous goods and services",Total quintile,2019
4.680459499359131,26,,PER,244,379,29189,330,261922,Urban,Peru,Information and communication,Total quintile,2019
3.820791482925415,26,,PER,244,379,29189,330,261919,Urban,Peru,"Furnishings, household equipment and routine household maintenance",Total quintile,2019
4.130415439605713,26,,PER,244,379,29189,330,261917,Urban,Peru,Clothing and footwear,Total quintile,2019
2.987532615661621,26,,PER,244,379,29189,330,261923,Urban,Peru,"Reacreation, sport and culture",Total quintile,2019
12.853401184082031,26,,PER,244,379,29189,330,261925,Urban,Peru,Restaurants and accommodation services,Total quintile,2019
8.26244068145752,26,,PER,244,379,29189,330,261920,Urban,Peru,Health,Total quintile,2019
0.2525845468044281,26,,PER,244,379,29189,330,261926,Urban,Peru,Insurance and financial services,Total quintile,2019
6.031489372253418,26,,PER,244,379,29189,330,261924,Urban,Peru,Education services,Total quintile,2019
7.869130611419678,26,,PER,244,379,29189,330,261921,Urban,Peru,Transport,Total quintile,2019
20.840646743774414,26,,PER,244,379,29189,330,261918,Urban,Peru,"Housing, water, electricity, gas and other fuels",Total quintile,2019
29.123559951782227,26,,DOM,264,380,29188,327,261913,National,Dominican Republic,Food and non-alcoholic beverages,Quintile 1,2018
1.410122036933899,26,,DOM,264,380,29188,327,261916,National,Dominican Republic,"Alcoholic beverages, tobacco and narcotics",Quintile 1,2018
8.861442565917969,26,,DOM,264,380,29188,327,261927,National,Dominican Republic,"Personal care, social proteccion and miscellaneous goods and services",Quintile 1,2018
3.0411696434020996,26,,DOM,264,380,29188,327,261922,National,Dominican Republic,Information and communication,Quintile 1,2018
3.045335531234741,26,,DOM,264,380,29188,327,261919,National,Dominican Republic,"Furnishings, household equipment and routine household maintenance",Quintile 1,2018
4.008447647094727,26,,DOM,264,380,29188,327,261917,National,Dominican Republic,Clothing and footwear,Quintile 1,2018
1.6700762510299683,26,,DOM,264,380,29188,327,261923,National,Dominican Republic,"Reacreation, sport and culture",Quintile 1,2018
11.323677062988281,26,,DOM,264,380,29188,327,261925,National,Dominican Republic,Restaurants and accommodation services,Quintile 1,2018
7.512883186340332,26,,DOM,264,380,29188,327,261920,National,Dominican Republic,Health,Quintile 1,2018
0.23111942410469055,26,,DOM,264,380,29188,327,261926,National,Dominican Republic,Insurance and financial services,Quintile 1,2018
4.861985683441162,26,,DOM,264,380,29188,327,261924,National,Dominican Republic,Education services,Quintile 1,2018
7.185967922210693,26,,DOM,264,380,29188,327,261921,National,Dominican Republic,Transport,Quintile 1,2018
17.724212646484375,26,,DOM,264,380,29188,327,261918,National,Dominican Republic,"Housing, water, electricity, gas and other fuels",Quintile 1,2018
26.30106544494629,26,,DOM,264,382,29188,327,261913,National,Dominican Republic,Food and non-alcoholic beverages,Quintile 2,2018
2.1488780975341797,26,,DOM,264,382,29188,327,261916,National,Dominican Republic,"Alcoholic beverages, tobacco and narcotics",Quintile 2,2018
8.463956832885742,26,,DOM,264,382,29188,327,261927,National,Dominican Republic,"Personal care, social proteccion and miscellaneous goods and services",Quintile 2,2018
3.75990629196167,26,,DOM,264,382,29188,327,261922,National,Dominican Republic,Information and communication,Quintile 2,2018
3.3084444999694824,26,,DOM,264,382,29188,327,261919,National,Dominican Republic,"Furnishings, household equipment and routine household maintenance",Quintile 2,2018
3.846531391143799,26,,DOM,264,382,29188,327,261917,National,Dominican Republic,Clothing and footwear,Quintile 2,2018
1.5919437408447266,26,,DOM,264,382,29188,327,261923,National,Dominican Republic,"Reacreation, sport and culture",Quintile 2,2018
11.443007469177246,26,,DOM,264,382,29188,327,261925,National,Dominican Republic,Restaurants and accommodation services,Quintile 2,2018
7.246261119842529,26,,DOM,264,382,29188,327,261920,National,Dominican Republic,Health,Quintile 2,2018
0.3829796612262726,26,,DOM,264,382,29188,327,261926,National,Dominican Republic,Insurance and financial services,Quintile 2,2018
4.2958550453186035,26,,DOM,264,382,29188,327,261924,National,Dominican Republic,Education services,Quintile 2,2018
8.549260139465332,26,,DOM,264,382,29188,327,261921,National,Dominican Republic,Transport,Quintile 2,2018
18.661911010742188,26,,DOM,264,382,29188,327,261918,National,Dominican Republic,"Housing, water, electricity, gas and other fuels",Quintile 2,2018
23.864727020263672,26,,DOM,264,383,29188,327,261913,National,Dominican Republic,Food and non-alcoholic beverages,Quintile 3,2018
2.486081838607788,26,,DOM,264,383,29188,327,261916,National,Dominican Republic,"Alcoholic beverages, tobacco and narcotics",Quintile 3,2018
8.159839630126953,26,,DOM,264,383,29188,327,261927,National,Dominican Republic,"Personal care, social proteccion and miscellaneous goods and services",Quintile 3,2018
4.30833101272583,26,,DOM,264,383,29188,327,261922,National,Dominican Republic,Information and communication,Quintile 3,2018
3.372455596923828,26,,DOM,264,383,29188,327,261919,National,Dominican Republic,"Furnishings, household equipment and routine household maintenance",Quintile 3,2018
4.141050338745117,26,,DOM,264,383,29188,327,261917,National,Dominican Republic,Clothing and footwear,Quintile 3,2018
1.675566554069519,26,,DOM,264,383,29188,327,261923,National,Dominican Republic,"Reacreation, sport and culture",Quintile 3,2018
10.697792053222656,26,,DOM,264,383,29188,327,261925,National,Dominican Republic,Restaurants and accommodation services,Quintile 3,2018
8.303537368774414,26,,DOM,264,383,29188,327,261920,National,Dominican Republic,Health,Quintile 3,2018
0.5301163792610168,26,,DOM,264,383,29188,327,261926,National,Dominican Republic,Insurance and financial services,Quintile 3,2018
3.610328435897827,26,,DOM,264,383,29188,327,261924,National,Dominican Republic,Education services,Quintile 3,2018
10.257599830627441,26,,DOM,264,383,29188,327,261921,National,Dominican Republic,Transport,Quintile 3,2018
18.592575073242188,26,,DOM,264,383,29188,327,261918,National,Dominican Republic,"Housing, water, electricity, gas and other fuels",Quintile 3,2018
20.35256004333496,26,,DOM,264,384,29188,327,261913,National,Dominican Republic,Food and non-alcoholic beverages,Quintile 4,2018
2.6013588905334473,26,,DOM,264,384,29188,327,261916,National,Dominican Republic,"Alcoholic beverages, tobacco and narcotics",Quintile 4,2018
8.226750373840332,26,,DOM,264,384,29188,327,261927,National,Dominican Republic,"Personal care, social proteccion and miscellaneous goods and services",Quintile 4,2018
4.840574264526367,26,,DOM,264,384,29188,327,261922,National,Dominican Republic,Information and communication,Quintile 4,2018
3.547825813293457,26,,DOM,264,384,29188,327,261919,National,Dominican Republic,"Furnishings, household equipment and routine household maintenance",Quintile 4,2018
4.440401077270508,26,,DOM,264,384,29188,327,261917,National,Dominican Republic,Clothing and footwear,Quintile 4,2018
2.0482699871063232,26,,DOM,264,384,29188,327,261923,National,Dominican Republic,"Reacreation, sport and culture",Quintile 4,2018
11.452703475952148,26,,DOM,264,384,29188,327,261925,National,Dominican Republic,Restaurants and accommodation services,Quintile 4,2018
6.850816249847412,26,,DOM,264,384,29188,327,261920,National,Dominican Republic,Health,Quintile 4,2018
0.8407310247421265,26,,DOM,264,384,29188,327,261926,National,Dominican Republic,Insurance and financial services,Quintile 4,2018
3.415287494659424,26,,DOM,264,384,29188,327,261924,National,Dominican Republic,Education services,Quintile 4,2018
12.124991416931152,26,,DOM,264,384,29188,327,261921,National,Dominican Republic,Transport,Quintile 4,2018
19.257728576660156,26,,DOM,264,384,29188,327,261918,National,Dominican Republic,"Housing, water, electricity, gas and other fuels",Quintile 4,2018
12.076128959655762,26,,DOM,264,381,29188,327,261913,National,Dominican Republic,Food and non-alcoholic beverages,Quintile 5,2018
1.9074026346206665,26,,DOM,264,381,29188,327,261916,National,Dominican Republic,"Alcoholic beverages, tobacco and narcotics",Quintile 5,2018
6.918236255645752,26,,DOM,264,381,29188,327,261927,National,Dominican Republic,"Personal care, social proteccion and miscellaneous goods and services",Quintile 5,2018
5.526802062988281,26,,DOM,264,381,29188,327,261922,National,Dominican Republic,Information and communication,Quintile 5,2018
5.664691925048828,26,,DOM,264,381,29188,327,261919,National,Dominican Republic,"Furnishings, household equipment and routine household maintenance",Quintile 5,2018
3.822563409805298,26,,DOM,264,381,29188,327,261917,National,Dominican Republic,Clothing and footwear,Quintile 5,2018
2.547389030456543,26,,DOM,264,381,29188,327,261923,National,Dominican Republic,"Reacreation, sport and culture",Quintile 5,2018
8.407877922058105,26,,DOM,264,381,29188,327,261925,National,Dominican Republic,Restaurants and accommodation services,Quintile 5,2018
6.264647483825684,26,,DOM,264,381,29188,327,261920,National,Dominican Republic,Health,Quintile 5,2018
1.940942406654358,26,,DOM,264,381,29188,327,261926,National,Dominican Republic,Insurance and financial services,Quintile 5,2018
4.2863593101501465,26,,DOM,264,381,29188,327,261924,National,Dominican Republic,Education services,Quintile 5,2018
17.669702529907227,26,,DOM,264,381,29188,327,261921,National,Dominican Republic,Transport,Quintile 5,2018
22.967256546020508,26,,DOM,264,381,29188,327,261918,National,Dominican Republic,"Housing, water, electricity, gas and other fuels",Quintile 5,2018
19.124868392944336,26,,DOM,264,379,29188,327,261913,National,Dominican Republic,Food and non-alcoholic beverages,Total quintile,2018
2.1357784271240234,26,,DOM,264,379,29188,327,261916,National,Dominican Republic,"Alcoholic beverages, tobacco and narcotics",Total quintile,2018
7.773738384246826,26,,DOM,264,379,29188,327,261927,National,Dominican Republic,"Personal care, social proteccion and miscellaneous goods and services",Total quintile,2018
4.731120586395264,26,,DOM,264,379,29188,327,261922,National,Dominican Republic,Information and communication,Total quintile,2018
4.300356864929199,26,,DOM,264,379,29188,327,261919,National,Dominican Republic,"Furnishings, household equipment and routine household maintenance",Total quintile,2018
4.027078151702881,26,,DOM,264,379,29188,327,261917,National,Dominican Republic,Clothing and footwear,Total quintile,2018
2.0974793434143066,26,,DOM,264,379,29188,327,261923,National,Dominican Republic,"Reacreation, sport and culture",Total quintile,2018
10.083273887634277,26,,DOM,264,379,29188,327,261925,National,Dominican Republic,Restaurants and accommodation services,Total quintile,2018
6.961212158203125,26,,DOM,264,379,29188,327,261920,National,Dominican Republic,Health,Total quintile,2018
1.1221932172775269,26,,DOM,264,379,29188,327,261926,National,Dominican Republic,Insurance and financial services,Total quintile,2018
4.042836666107178,26,,DOM,264,379,29188,327,261924,National,Dominican Republic,Education services,Total quintile,2018
13.163949966430664,26,,DOM,264,379,29188,327,261921,National,Dominican Republic,Transport,Total quintile,2018
20.436115264892578,26,,DOM,264,379,29188,327,261918,National,Dominican Republic,"Housing, water, electricity, gas and other fuels",Total quintile,2018
32.83720397949219,26,,DOM,264,380,29188,331,261913,Rural,Dominican Republic,Food and non-alcoholic beverages,Quintile 1,2018
1.5840684175491333,26,,DOM,264,380,29188,331,261916,Rural,Dominican Republic,"Alcoholic beverages, tobacco and narcotics",Quintile 1,2018
8.215951919555664,26,,DOM,264,380,29188,331,261927,Rural,Dominican Republic,"Personal care, social proteccion and miscellaneous goods and services",Quintile 1,2018
2.297025203704834,26,,DOM,264,380,29188,331,261922,Rural,Dominican Republic,Information and communication,Quintile 1,2018
2.9483072757720947,26,,DOM,264,380,29188,331,261919,Rural,Dominican Republic,"Furnishings, household equipment and routine household maintenance",Quintile 1,2018
3.30173397064209,26,,DOM,264,380,29188,331,261917,Rural,Dominican Republic,Clothing and footwear,Quintile 1,2018
2.476494073867798,26,,DOM,264,380,29188,331,261923,Rural,Dominican Republic,"Reacreation, sport and culture",Quintile 1,2018
12.02229118347168,26,,DOM,264,380,29188,331,261925,Rural,Dominican Republic,Restaurants and accommodation services,Quintile 1,2018
6.517347812652588,26,,DOM,264,380,29188,331,261920,Rural,Dominican Republic,Health,Quintile 1,2018
0.23000967502593994,26,,DOM,264,380,29188,331,261926,Rural,Dominican Republic,Insurance and financial services,Quintile 1,2018
4.940822601318359,26,,DOM,264,380,29188,331,261924,Rural,Dominican Republic,Education services,Quintile 1,2018
8.074764251708984,26,,DOM,264,380,29188,331,261921,Rural,Dominican Republic,Transport,Quintile 1,2018
14.553977966308594,26,,DOM,264,380,29188,331,261918,Rural,Dominican Republic,"Housing, water, electricity, gas and other fuels",Quintile 1,2018
30.75172996520996,26,,DOM,264,382,29188,331,261913,Rural,Dominican Republic,Food and non-alcoholic beverages,Quintile 2,2018
1.8643782138824463,26,,DOM,264,382,29188,331,261916,Rural,Dominican Republic,"Alcoholic beverages, tobacco and narcotics",Quintile 2,2018
7.932553768157959,26,,DOM,264,382,29188,331,261927,Rural,Dominican Republic,"Personal care, social proteccion and miscellaneous goods and services",Quintile 2,2018
2.9089016914367676,26,,DOM,264,382,29188,331,261922,Rural,Dominican Republic,Information and communication,Quintile 2,2018
3.249936819076538,26,,DOM,264,382,29188,331,261919,Rural,Dominican Republic,"Furnishings, household equipment and routine household maintenance",Quintile 2,2018
3.9532058238983154,26,,DOM,264,382,29188,331,261917,Rural,Dominican Republic,Clothing and footwear,Quintile 2,2018
1.6151244640350342,26,,DOM,264,382,29188,331,261923,Rural,Dominican Republic,"Reacreation, sport and culture",Quintile 2,2018
13.004785537719727,26,,DOM,264,382,29188,331,261925,Rural,Dominican Republic,Restaurants and accommodation services,Quintile 2,2018
6.632867336273193,26,,DOM,264,382,29188,331,261920,Rural,Dominican Republic,Health,Quintile 2,2018
0.29709821939468384,26,,DOM,264,382,29188,331,261926,Rural,Dominican Republic,Insurance and financial services,Quintile 2,2018
4.093591690063477,26,,DOM,264,382,29188,331,261924,Rural,Dominican Republic,Education services,Quintile 2,2018
9.41746711730957,26,,DOM,264,382,29188,331,261921,Rural,Dominican Republic,Transport,Quintile 2,2018
14.278358459472656,26,,DOM,264,382,29188,331,261918,Rural,Dominican Republic,"Housing, water, electricity, gas and other fuels",Quintile 2,2018
28.025733947753906,26,,DOM,264,383,29188,331,261913,Rural,Dominican Republic,Food and non-alcoholic beverages,Quintile 3,2018
3.042468786239624,26,,DOM,264,383,29188,331,261916,Rural,Dominican Republic,"Alcoholic beverages, tobacco and narcotics",Quintile 3,2018
7.8952741622924805,26,,DOM,264,383,29188,331,261927,Rural,Dominican Republic,"Personal care, social proteccion and miscellaneous goods and services",Quintile 3,2018
3.1705095767974854,26,,DOM,264,383,29188,331,261922,Rural,Dominican Republic,Information and communication,Quintile 3,2018
3.6170878410339355,26,,DOM,264,383,29188,331,261919,Rural,Dominican Republic,"Furnishings, household equipment and routine household maintenance",Quintile 3,2018
4.398326873779297,26,,DOM,264,383,29188,331,261917,Rural,Dominican Republic,Clothing and footwear,Quintile 3,2018
1.9950062036514282,26,,DOM,264,383,29188,331,261923,Rural,Dominican Republic,"Reacreation, sport and culture",Quintile 3,2018
12.196110725402832,26,,DOM,264,383,29188,331,261925,Rural,Dominican Republic,Restaurants and accommodation services,Quintile 3,2018
7.559187889099121,26,,DOM,264,383,29188,331,261920,Rural,Dominican Republic,Health,Quintile 3,2018
0.44201967120170593,26,,DOM,264,383,29188,331,261926,Rural,Dominican Republic,Insurance and financial services,Quintile 3,2018
3.494943141937256,26,,DOM,264,383,29188,331,261924,Rural,Dominican Republic,Education services,Quintile 3,2018
9.8128080368042,26,,DOM,264,383,29188,331,261921,Rural,Dominican Republic,Transport,Quintile 3,2018
14.350522994995117,26,,DOM,264,383,29188,331,261918,Rural,Dominican Republic,"Housing, water, electricity, gas and other fuels",Quintile 3,2018
25.490873336791992,26,,DOM,264,384,29188,331,261913,Rural,Dominican Republic,Food and non-alcoholic beverages,Quintile 4,2018
2.7751262187957764,26,,DOM,264,384,29188,331,261916,Rural,Dominican Republic,"Alcoholic beverages, tobacco and narcotics",Quintile 4,2018
7.223147392272949,26,,DOM,264,384,29188,331,261927,Rural,Dominican Republic,"Personal care, social proteccion and miscellaneous goods and services",Quintile 4,2018
3.5971760749816895,26,,DOM,264,384,29188,331,261922,Rural,Dominican Republic,Information and communication,Quintile 4,2018
3.622027635574341,26,,DOM,264,384,29188,331,261919,Rural,Dominican Republic,"Furnishings, household equipment and routine household maintenance",Quintile 4,2018
4.6404852867126465,26,,DOM,264,384,29188,331,261917,Rural,Dominican Republic,Clothing and footwear,Quintile 4,2018
2.3917839527130127,26,,DOM,264,384,29188,331,261923,Rural,Dominican Republic,"Reacreation, sport and culture",Quintile 4,2018
12.004040718078613,26,,DOM,264,384,29188,331,261925,Rural,Dominican Republic,Restaurants and accommodation services,Quintile 4,2018
8.275440216064453,26,,DOM,264,384,29188,331,261920,Rural,Dominican Republic,Health,Quintile 4,2018
0.512351393699646,26,,DOM,264,384,29188,331,261926,Rural,Dominican Republic,Insurance and financial services,Quintile 4,2018
2.7720837593078613,26,,DOM,264,384,29188,331,261924,Rural,Dominican Republic,Education services,Quintile 4,2018
11.943421363830566,26,,DOM,264,384,29188,331,261921,Rural,Dominican Republic,Transport,Quintile 4,2018
14.752041816711426,26,,DOM,264,384,29188,331,261918,Rural,Dominican Republic,"Housing, water, electricity, gas and other fuels",Quintile 4,2018
20.133827209472656,26,,DOM,264,381,29188,331,261913,Rural,Dominican Republic,Food and non-alcoholic beverages,Quintile 5,2018
3.1640431880950928,26,,DOM,264,381,29188,331,261916,Rural,Dominican Republic,"Alcoholic beverages, tobacco and narcotics",Quintile 5,2018
6.985324859619141,26,,DOM,264,381,29188,331,261927,Rural,Dominican Republic,"Personal care, social proteccion and miscellaneous goods and services",Quintile 5,2018
4.784488677978516,26,,DOM,264,381,29188,331,261922,Rural,Dominican Republic,Information and communication,Quintile 5,2018
4.787108898162842,26,,DOM,264,381,29188,331,261919,Rural,Dominican Republic,"Furnishings, household equipment and routine household maintenance",Quintile 5,2018
4.205877304077148,26,,DOM,264,381,29188,331,261917,Rural,Dominican Republic,Clothing and footwear,Quintile 5,2018
2.3120052814483643,26,,DOM,264,381,29188,331,261923,Rural,Dominican Republic,"Reacreation, sport and culture",Quintile 5,2018
10.606721878051758,26,,DOM,264,381,29188,331,261925,Rural,Dominican Republic,Restaurants and accommodation services,Quintile 5,2018
7.702527046203613,26,,DOM,264,381,29188,331,261920,Rural,Dominican Republic,Health,Quintile 5,2018
1.254779577255249,26,,DOM,264,381,29188,331,261926,Rural,Dominican Republic,Insurance and financial services,Quintile 5,2018
2.1354446411132812,26,,DOM,264,381,29188,331,261924,Rural,Dominican Republic,Education services,Quintile 5,2018
15.314088821411133,26,,DOM,264,381,29188,331,261921,Rural,Dominican Republic,Transport,Quintile 5,2018
16.61376190185547,26,,DOM,264,381,29188,331,261918,Rural,Dominican Republic,"Housing, water, electricity, gas and other fuels",Quintile 5,2018
25.4019718170166,26,,DOM,264,379,29188,331,261913,Rural,Dominican Republic,Food and non-alcoholic beverages,Total quintile,2018
2.7252278327941895,26,,DOM,264,379,29188,331,261916,Rural,Dominican Republic,"Alcoholic beverages, tobacco and narcotics",Total quintile,2018
7.4468770027160645,26,,DOM,264,379,29188,331,261927,Rural,Dominican Republic,"Personal care, social proteccion and miscellaneous goods and services",Total quintile,2018
3.7369441986083984,26,,DOM,264,379,29188,331,261922,Rural,Dominican Republic,Information and communication,Total quintile,2018
3.931750774383545,26,,DOM,264,379,29188,331,261919,Rural,Dominican Republic,"Furnishings, household equipment and routine household maintenance",Total quintile,2018
4.21487283706665,26,,DOM,264,379,29188,331,261917,Rural,Dominican Republic,Clothing and footwear,Total quintile,2018
2.197092056274414,26,,DOM,264,379,29188,331,261923,Rural,Dominican Republic,"Reacreation, sport and culture",Total quintile,2018
11.661888122558594,26,,DOM,264,379,29188,331,261925,Rural,Dominican Republic,Restaurants and accommodation services,Total quintile,2018
7.546567440032959,26,,DOM,264,379,29188,331,261920,Rural,Dominican Republic,Health,Total quintile,2018
0.7153122425079346,26,,DOM,264,379,29188,331,261926,Rural,Dominican Republic,Insurance and financial services,Total quintile,2018
3.0564188957214355,26,,DOM,264,379,29188,331,261924,Rural,Dominican Republic,Education services,Total quintile,2018
12.084586143493652,26,,DOM,264,379,29188,331,261921,Rural,Dominican Republic,Transport,Total quintile,2018
15.280489921569824,26,,DOM,264,379,29188,331,261918,Rural,Dominican Republic,"Housing, water, electricity, gas and other fuels",Total quintile,2018
28.19575309753418,26,,DOM,264,380,29188,330,261913,Urban,Dominican Republic,Food and non-alcoholic beverages,Quintile 1,2018
1.4087492227554321,26,,DOM,264,380,29188,330,261916,Urban,Dominican Republic,"Alcoholic beverages, tobacco and narcotics",Quintile 1,2018
9.08626651763916,26,,DOM,264,380,29188,330,261927,Urban,Dominican Republic,"Personal care, social proteccion and miscellaneous goods and services",Quintile 1,2018
3.234400987625122,26,,DOM,264,380,29188,330,261922,Urban,Dominican Republic,Information and communication,Quintile 1,2018
3.06974458694458,26,,DOM,264,380,29188,330,261919,Urban,Dominican Republic,"Furnishings, household equipment and routine household maintenance",Quintile 1,2018
4.268455982208252,26,,DOM,264,380,29188,330,261917,Urban,Dominican Republic,Clothing and footwear,Quintile 1,2018
1.5156430006027222,26,,DOM,264,380,29188,330,261923,Urban,Dominican Republic,"Reacreation, sport and culture",Quintile 1,2018
10.972075462341309,26,,DOM,264,380,29188,330,261925,Urban,Dominican Republic,Restaurants and accommodation services,Quintile 1,2018
7.466681003570557,26,,DOM,264,380,29188,330,261920,Urban,Dominican Republic,Health,Quintile 1,2018
0.2537238299846649,26,,DOM,264,380,29188,330,261926,Urban,Dominican Republic,Insurance and financial services,Quintile 1,2018
4.864639759063721,26,,DOM,264,380,29188,330,261924,Urban,Dominican Republic,Education services,Quintile 1,2018
6.992877960205078,26,,DOM,264,380,29188,330,261921,Urban,Dominican Republic,Transport,Quintile 1,2018
18.670988082885742,26,,DOM,264,380,29188,330,261918,Urban,Dominican Republic,"Housing, water, electricity, gas and other fuels",Quintile 1,2018
24.93313217163086,26,,DOM,264,382,29188,330,261913,Urban,Dominican Republic,Food and non-alcoholic beverages,Quintile 2,2018
2.0399162769317627,26,,DOM,264,382,29188,330,261916,Urban,Dominican Republic,"Alcoholic beverages, tobacco and narcotics",Quintile 2,2018
8.542634963989258,26,,DOM,264,382,29188,330,261927,Urban,Dominican Republic,"Personal care, social proteccion and miscellaneous goods and services",Quintile 2,2018
3.9599626064300537,26,,DOM,264,382,29188,330,261922,Urban,Dominican Republic,Information and communication,Quintile 2,2018
3.2680320739746094,26,,DOM,264,382,29188,330,261919,Urban,Dominican Republic,"Furnishings, household equipment and routine household maintenance",Quintile 2,2018
3.7071049213409424,26,,DOM,264,382,29188,330,261917,Urban,Dominican Republic,Clothing and footwear,Quintile 2,2018
1.551071286201477,26,,DOM,264,382,29188,330,261923,Urban,Dominican Republic,"Reacreation, sport and culture",Quintile 2,2018
11.084875106811523,26,,DOM,264,382,29188,330,261925,Urban,Dominican Republic,Restaurants and accommodation services,Quintile 2,2018
7.811196804046631,26,,DOM,264,382,29188,330,261920,Urban,Dominican Republic,Health,Quintile 2,2018
0.3752343952655792,26,,DOM,264,382,29188,330,261926,Urban,Dominican Republic,Insurance and financial services,Quintile 2,2018
4.395792484283447,26,,DOM,264,382,29188,330,261924,Urban,Dominican Republic,Education services,Quintile 2,2018
8.63228988647461,26,,DOM,264,382,29188,330,261921,Urban,Dominican Republic,Transport,Quintile 2,2018
19.69875717163086,26,,DOM,264,382,29188,330,261918,Urban,Dominican Republic,"Housing, water, electricity, gas and other fuels",Quintile 2,2018
22.783395767211914,26,,DOM,264,383,29188,330,261913,Urban,Dominican Republic,Food and non-alcoholic beverages,Quintile 3,2018
2.4157581329345703,26,,DOM,264,383,29188,330,261916,Urban,Dominican Republic,"Alcoholic beverages, tobacco and narcotics",Quintile 3,2018
8.404945373535156,26,,DOM,264,383,29188,330,261927,Urban,Dominican Republic,"Personal care, social proteccion and miscellaneous goods and services",Quintile 3,2018
4.555179119110107,26,,DOM,264,383,29188,330,261922,Urban,Dominican Republic,Information and communication,Quintile 3,2018
3.355440378189087,26,,DOM,264,383,29188,330,261919,Urban,Dominican Republic,"Furnishings, household equipment and routine household maintenance",Quintile 3,2018
4.048565864562988,26,,DOM,264,383,29188,330,261917,Urban,Dominican Republic,Clothing and footwear,Quintile 3,2018
1.5817019939422607,26,,DOM,264,383,29188,330,261923,Urban,Dominican Republic,"Reacreation, sport and culture",Quintile 3,2018
10.860507011413574,26,,DOM,264,383,29188,330,261925,Urban,Dominican Republic,Restaurants and accommodation services,Quintile 3,2018
7.8501105308532715,26,,DOM,264,383,29188,330,261920,Urban,Dominican Republic,Health,Quintile 3,2018
0.6384871602058411,26,,DOM,264,383,29188,330,261926,Urban,Dominican Republic,Insurance and financial services,Quintile 3,2018
3.5251963138580322,26,,DOM,264,383,29188,330,261924,Urban,Dominican Republic,Education services,Quintile 3,2018
10.321728706359863,26,,DOM,264,383,29188,330,261921,Urban,Dominican Republic,Transport,Quintile 3,2018
19.65898323059082,26,,DOM,264,383,29188,330,261918,Urban,Dominican Republic,"Housing, water, electricity, gas and other fuels",Quintile 3,2018
19.11161994934082,26,,DOM,264,384,29188,330,261913,Urban,Dominican Republic,Food and non-alcoholic beverages,Quintile 4,2018
2.458719491958618,26,,DOM,264,384,29188,330,261916,Urban,Dominican Republic,"Alcoholic beverages, tobacco and narcotics",Quintile 4,2018
8.232146263122559,26,,DOM,264,384,29188,330,261927,Urban,Dominican Republic,"Personal care, social proteccion and miscellaneous goods and services",Quintile 4,2018
5.003277778625488,26,,DOM,264,384,29188,330,261922,Urban,Dominican Republic,Information and communication,Quintile 4,2018
3.6372132301330566,26,,DOM,264,384,29188,330,261919,Urban,Dominican Republic,"Furnishings, household equipment and routine household maintenance",Quintile 4,2018
4.436639308929443,26,,DOM,264,384,29188,330,261917,Urban,Dominican Republic,Clothing and footwear,Quintile 4,2018
2.0134267807006836,26,,DOM,264,384,29188,330,261923,Urban,Dominican Republic,"Reacreation, sport and culture",Quintile 4,2018
10.790854454040527,26,,DOM,264,384,29188,330,261925,Urban,Dominican Republic,Restaurants and accommodation services,Quintile 4,2018
6.5615034103393555,26,,DOM,264,384,29188,330,261920,Urban,Dominican Republic,Health,Quintile 4,2018
0.8436980247497559,26,,DOM,264,384,29188,330,261926,Urban,Dominican Republic,Insurance and financial services,Quintile 4,2018
3.591703176498413,26,,DOM,264,384,29188,330,261924,Urban,Dominican Republic,Education services,Quintile 4,2018
13.585833549499512,26,,DOM,264,384,29188,330,261921,Urban,Dominican Republic,Transport,Quintile 4,2018
19.733366012573242,26,,DOM,264,384,29188,330,261918,Urban,Dominican Republic,"Housing, water, electricity, gas and other fuels",Quintile 4,2018
11.238787651062012,26,,DOM,264,381,29188,330,261913,Urban,Dominican Republic,Food and non-alcoholic beverages,Quintile 5,2018
1.808009386062622,26,,DOM,264,381,29188,330,261916,Urban,Dominican Republic,"Alcoholic beverages, tobacco and narcotics",Quintile 5,2018
6.875007629394531,26,,DOM,264,381,29188,330,261927,Urban,Dominican Republic,"Personal care, social proteccion and miscellaneous goods and services",Quintile 5,2018
5.64390230178833,26,,DOM,264,381,29188,330,261922,Urban,Dominican Republic,Information and communication,Quintile 5,2018
5.77957820892334,26,,DOM,264,381,29188,330,261919,Urban,Dominican Republic,"Furnishings, household equipment and routine household maintenance",Quintile 5,2018
3.7686729431152344,26,,DOM,264,381,29188,330,261917,Urban,Dominican Republic,Clothing and footwear,Quintile 5,2018
2.6089296340942383,26,,DOM,264,381,29188,330,261923,Urban,Dominican Republic,"Reacreation, sport and culture",Quintile 5,2018
8.240541458129883,26,,DOM,264,381,29188,330,261925,Urban,Dominican Republic,Restaurants and accommodation services,Quintile 5,2018
6.2009406089782715,26,,DOM,264,381,29188,330,261920,Urban,Dominican Republic,Health,Quintile 5,2018
2.0583791732788086,26,,DOM,264,381,29188,330,261926,Urban,Dominican Republic,Insurance and financial services,Quintile 5,2018
4.594241142272949,26,,DOM,264,381,29188,330,261924,Urban,Dominican Republic,Education services,Quintile 5,2018
17.326738357543945,26,,DOM,264,381,29188,330,261921,Urban,Dominican Republic,Transport,Quintile 5,2018
23.856271743774414,26,,DOM,264,381,29188,330,261918,Urban,Dominican Republic,"Housing, water, electricity, gas and other fuels",Quintile 5,2018
18.084922790527344,26,,DOM,264,379,29188,330,261913,Urban,Dominican Republic,Food and non-alcoholic beverages,Total quintile,2018
2.0381224155426025,26,,DOM,264,379,29188,330,261916,Urban,Dominican Republic,"Alcoholic beverages, tobacco and narcotics",Total quintile,2018
7.827890396118164,26,,DOM,264,379,29188,330,261927,Urban,Dominican Republic,"Personal care, social proteccion and miscellaneous goods and services",Total quintile,2018
4.895828723907471,26,,DOM,264,379,29188,330,261922,Urban,Dominican Republic,Information and communication,Total quintile,2018
4.361424922943115,26,,DOM,264,379,29188,330,261919,Urban,Dominican Republic,"Furnishings, household equipment and routine household maintenance",Total quintile,2018
3.9959654808044434,26,,DOM,264,379,29188,330,261917,Urban,Dominican Republic,Clothing and footwear,Total quintile,2018
2.0809760093688965,26,,DOM,264,379,29188,330,261923,Urban,Dominican Republic,"Reacreation, sport and culture",Total quintile,2018
9.82174015045166,26,,DOM,264,379,29188,330,261925,Urban,Dominican Republic,Restaurants and accommodation services,Total quintile,2018
6.864234924316406,26,,DOM,264,379,29188,330,261920,Urban,Dominican Republic,Health,Total quintile,2018
1.1896023750305176,26,,DOM,264,379,29188,330,261926,Urban,Dominican Republic,Insurance and financial services,Total quintile,2018
4.206259250640869,26,,DOM,264,379,29188,330,261924,Urban,Dominican Republic,Education services,Total quintile,2018
13.34277057647705,26,,DOM,264,379,29188,330,261921,Urban,Dominican Republic,Transport,Total quintile,2018
21.29026222229004,26,,DOM,264,379,29188,330,261918,Urban,Dominican Republic,"Housing, water, electricity, gas and other fuels",Total quintile,2018
25.584941864013672,26,,URY,258,380,29186,327,261913,National,Uruguay,Food and non-alcoholic beverages,Quintile 1,2016
1.2414284944534302,26,,URY,258,380,29186,327,261916,National,Uruguay,"Alcoholic beverages, tobacco and narcotics",Quintile 1,2016
4.494551181793213,26,,URY,258,380,29186,327,261927,National,Uruguay,"Personal care, social proteccion and miscellaneous goods and services",Quintile 1,2016
5.827484130859375,26,,URY,258,380,29186,327,261922,National,Uruguay,Information and communication,Quintile 1,2016
2.9506993293762207,26,,URY,258,380,29186,327,261919,National,Uruguay,"Furnishings, household equipment and routine household maintenance",Quintile 1,2016
3.839108943939209,26,,URY,258,380,29186,327,261917,National,Uruguay,Clothing and footwear,Quintile 1,2016
3.1182916164398193,26,,URY,258,380,29186,327,261923,National,Uruguay,"Reacreation, sport and culture",Quintile 1,2016
3.7871851921081543,26,,URY,258,380,29186,327,261925,National,Uruguay,Restaurants and accommodation services,Quintile 1,2016
2.124558210372925,26,,URY,258,380,29186,327,261920,National,Uruguay,Health,Quintile 1,2016
13.047167778015137,26,,URY,258,380,29186,327,261926,National,Uruguay,Insurance and financial services,Quintile 1,2016
1.3115192651748657,26,,URY,258,380,29186,327,261924,National,Uruguay,Education services,Quintile 1,2016
5.948672294616699,26,,URY,258,380,29186,327,261921,National,Uruguay,Transport,Quintile 1,2016
26.724390029907227,26,,URY,258,380,29186,327,261918,National,Uruguay,"Housing, water, electricity, gas and other fuels",Quintile 1,2016
23.546510696411133,26,,URY,258,382,29186,327,261913,National,Uruguay,Food and non-alcoholic beverages,Quintile 2,2016
1.1829365491867065,26,,URY,258,382,29186,327,261916,National,Uruguay,"Alcoholic beverages, tobacco and narcotics",Quintile 2,2016
4.142723083496094,26,,URY,258,382,29186,327,261927,National,Uruguay,"Personal care, social proteccion and miscellaneous goods and services",Quintile 2,2016
6.461255073547363,26,,URY,258,382,29186,327,261922,National,Uruguay,Information and communication,Quintile 2,2016
3.082899570465088,26,,URY,258,382,29186,327,261919,National,Uruguay,"Furnishings, household equipment and routine household maintenance",Quintile 2,2016
3.55139422416687,26,,URY,258,382,29186,327,261917,National,Uruguay,Clothing and footwear,Quintile 2,2016
3.514131546020508,26,,URY,258,382,29186,327,261923,National,Uruguay,"Reacreation, sport and culture",Quintile 2,2016
3.2194526195526123,26,,URY,258,382,29186,327,261925,National,Uruguay,Restaurants and accommodation services,Quintile 2,2016
2.617729663848877,26,,URY,258,382,29186,327,261920,National,Uruguay,Health,Quintile 2,2016
14.15235710144043,26,,URY,258,382,29186,327,261926,National,Uruguay,Insurance and financial services,Quintile 2,2016
1.1258827447891235,26,,URY,258,382,29186,327,261924,National,Uruguay,Education services,Quintile 2,2016
6.603689670562744,26,,URY,258,382,29186,327,261921,National,Uruguay,Transport,Quintile 2,2016
26.799036026000977,26,,URY,258,382,29186,327,261918,National,Uruguay,"Housing, water, electricity, gas and other fuels",Quintile 2,2016
20.787973403930664,26,,URY,258,383,29186,327,261913,National,Uruguay,Food and non-alcoholic beverages,Quintile 3,2016
1.2435650825500488,26,,URY,258,383,29186,327,261916,National,Uruguay,"Alcoholic beverages, tobacco and narcotics",Quintile 3,2016
3.8871707916259766,26,,URY,258,383,29186,327,261927,National,Uruguay,"Personal care, social proteccion and miscellaneous goods and services",Quintile 3,2016
6.0851149559021,26,,URY,258,383,29186,327,261922,National,Uruguay,Information and communication,Quintile 3,2016
3.5263559818267822,26,,URY,258,383,29186,327,261919,National,Uruguay,"Furnishings, household equipment and routine household maintenance",Quintile 3,2016
3.3575632572174072,26,,URY,258,383,29186,327,261917,National,Uruguay,Clothing and footwear,Quintile 3,2016
3.9935483932495117,26,,URY,258,383,29186,327,261923,National,Uruguay,"Reacreation, sport and culture",Quintile 3,2016
3.6539387702941895,26,,URY,258,383,29186,327,261925,National,Uruguay,Restaurants and accommodation services,Quintile 3,2016
2.6800389289855957,26,,URY,258,383,29186,327,261920,National,Uruguay,Health,Quintile 3,2016
13.191898345947266,26,,URY,258,383,29186,327,261926,National,Uruguay,Insurance and financial services,Quintile 3,2016
1.7475005388259888,26,,URY,258,383,29186,327,261924,National,Uruguay,Education services,Quintile 3,2016
8.308880805969238,26,,URY,258,383,29186,327,261921,National,Uruguay,Transport,Quintile 3,2016
27.53645133972168,26,,URY,258,383,29186,327,261918,National,Uruguay,"Housing, water, electricity, gas and other fuels",Quintile 3,2016
18.654369354248047,26,,URY,258,384,29186,327,261913,National,Uruguay,Food and non-alcoholic beverages,Quintile 4,2016
1.234591007232666,26,,URY,258,384,29186,327,261916,National,Uruguay,"Alcoholic beverages, tobacco and narcotics",Quintile 4,2016
3.6920981407165527,26,,URY,258,384,29186,327,261927,National,Uruguay,"Personal care, social proteccion and miscellaneous goods and services",Quintile 4,2016
5.815873146057129,26,,URY,258,384,29186,327,261922,National,Uruguay,Information and communication,Quintile 4,2016
3.529705047607422,26,,URY,258,384,29186,327,261919,National,Uruguay,"Furnishings, household equipment and routine household maintenance",Quintile 4,2016
3.02610182762146,26,,URY,258,384,29186,327,261917,National,Uruguay,Clothing and footwear,Quintile 4,2016
4.931708812713623,26,,URY,258,384,29186,327,261923,National,Uruguay,"Reacreation, sport and culture",Quintile 4,2016
4.533236980438232,26,,URY,258,384,29186,327,261925,National,Uruguay,Restaurants and accommodation services,Quintile 4,2016
2.86418080329895,26,,URY,258,384,29186,327,261920,National,Uruguay,Health,Quintile 4,2016
10.640336036682129,26,,URY,258,384,29186,327,261926,National,Uruguay,Insurance and financial services,Quintile 4,2016
2.871236562728882,26,,URY,258,384,29186,327,261924,National,Uruguay,Education services,Quintile 4,2016
9.931859970092773,26,,URY,258,384,29186,327,261921,National,Uruguay,Transport,Quintile 4,2016
28.274702072143555,26,,URY,258,384,29186,327,261918,National,Uruguay,"Housing, water, electricity, gas and other fuels",Quintile 4,2016
14.790206909179688,26,,URY,258,381,29186,327,261913,National,Uruguay,Food and non-alcoholic beverages,Quintile 5,2016
1.0477895736694336,26,,URY,258,381,29186,327,261916,National,Uruguay,"Alcoholic beverages, tobacco and narcotics",Quintile 5,2016
3.5604536533355713,26,,URY,258,381,29186,327,261927,National,Uruguay,"Personal care, social proteccion and miscellaneous goods and services",Quintile 5,2016
4.969987869262695,26,,URY,258,381,29186,327,261922,National,Uruguay,Information and communication,Quintile 5,2016
5.376023769378662,26,,URY,258,381,29186,327,261919,National,Uruguay,"Furnishings, household equipment and routine household maintenance",Quintile 5,2016
2.6172103881835938,26,,URY,258,381,29186,327,261917,National,Uruguay,Clothing and footwear,Quintile 5,2016
5.250387191772461,26,,URY,258,381,29186,327,261923,National,Uruguay,"Reacreation, sport and culture",Quintile 5,2016
5.610541343688965,26,,URY,258,381,29186,327,261925,National,Uruguay,Restaurants and accommodation services,Quintile 5,2016
3.262697458267212,26,,URY,258,381,29186,327,261920,National,Uruguay,Health,Quintile 5,2016
8.879033088684082,26,,URY,258,381,29186,327,261926,National,Uruguay,Insurance and financial services,Quintile 5,2016
3.1393818855285645,26,,URY,258,381,29186,327,261924,National,Uruguay,Education services,Quintile 5,2016
11.08769416809082,26,,URY,258,381,29186,327,261921,National,Uruguay,Transport,Quintile 5,2016
30.408592224121094,26,,URY,258,381,29186,327,261918,National,Uruguay,"Housing, water, electricity, gas and other fuels",Quintile 5,2016
18.677831649780273,26,,URY,258,379,29186,327,261913,National,Uruguay,Food and non-alcoholic beverages,Total quintile,2016
1.1567323207855225,26,,URY,258,379,29186,327,261916,National,Uruguay,"Alcoholic beverages, tobacco and narcotics",Total quintile,2016
3.7957286834716797,26,,URY,258,379,29186,327,261927,National,Uruguay,"Personal care, social proteccion and miscellaneous goods and services",Total quintile,2016
5.610465049743652,26,,URY,258,379,29186,327,261922,National,Uruguay,Information and communication,Total quintile,2016
4.151916980743408,26,,URY,258,379,29186,327,261919,National,Uruguay,"Furnishings, household equipment and routine household maintenance",Total quintile,2016
3.054004430770874,26,,URY,258,379,29186,327,261917,National,Uruguay,Clothing and footwear,Total quintile,2016
4.571597099304199,26,,URY,258,379,29186,327,261923,National,Uruguay,"Reacreation, sport and culture",Total quintile,2016
4.582257270812988,26,,URY,258,379,29186,327,261925,National,Uruguay,Restaurants and accommodation services,Total quintile,2016
2.8980870246887207,26,,URY,258,379,29186,327,261920,National,Uruguay,Health,Total quintile,2016
11.017285346984863,26,,URY,258,379,29186,327,261926,National,Uruguay,Insurance and financial services,Total quintile,2016
2.4396414756774902,26,,URY,258,379,29186,327,261924,National,Uruguay,Education services,Total quintile,2016
9.367568016052246,26,,URY,258,379,29186,327,261921,National,Uruguay,Transport,Total quintile,2016
28.6768856048584,26,,URY,258,379,29186,327,261918,National,Uruguay,"Housing, water, electricity, gas and other fuels",Total quintile,2016
