value,source_id,notes_ids,iso3,dim_208,dim_29117,dim_326,dim_43347,Country__ESTANDAR,Household with children,Years__ESTANDAR,Geographical area
41,26,8620,,43053,29170,327,43348,Latin America (simple average),No children,2000,National
40.599998474121094,26,8620,,43053,29170,327,43350,Latin America (simple average),Total (with or without children),2000,National
40,26,8620,,43053,29170,327,43349,Latin America (simple average),One or more children,2000,National
38.20000076293945,26,8620,,43053,29170,331,43348,Latin America (simple average),No children,2000,Rural
37.79999923706055,26,8620,,43053,29170,331,43350,Latin America (simple average),Total (with or without children),2000,Rural
37.29999923706055,26,8620,,43053,29170,331,43349,Latin America (simple average),One or more children,2000,Rural
42.099998474121094,26,8620,,43053,29170,330,43348,Latin America (simple average),No children,2000,Urban
41.79999923706055,26,8620,,43053,29170,330,43350,Latin America (simple average),Total (with or without children),2000,Urban
41.400001525878906,26,8620,,43053,29170,330,43349,Latin America (simple average),One or more children,2000,Urban
40.599998474121094,26,8620,,43053,29171,327,43348,Latin America (simple average),No children,2001,National
40,26,8620,,43053,29171,327,43350,Latin America (simple average),Total (with or without children),2001,National
39.20000076293945,26,8620,,43053,29171,327,43349,Latin America (simple average),One or more children,2001,National
37.70000076293945,26,8620,,43053,29171,331,43348,Latin America (simple average),No children,2001,Rural
37,26,8620,,43053,29171,331,43350,Latin America (simple average),Total (with or without children),2001,Rural
36.29999923706055,26,8620,,43053,29171,331,43349,Latin America (simple average),One or more children,2001,Rural
41.70000076293945,26,8620,,43053,29171,330,43348,Latin America (simple average),No children,2001,Urban
41.29999923706055,26,8620,,43053,29171,330,43350,Latin America (simple average),Total (with or without children),2001,Urban
40.79999923706055,26,8620,,43053,29171,330,43349,Latin America (simple average),One or more children,2001,Urban
40.400001525878906,26,8620,,43053,29172,327,43348,Latin America (simple average),No children,2002,National
40,26,8620,,43053,29172,327,43350,Latin America (simple average),Total (with or without children),2002,National
39.29999923706055,26,8620,,43053,29172,327,43349,Latin America (simple average),One or more children,2002,National
37.5,26,8620,,43053,29172,331,43348,Latin America (simple average),No children,2002,Rural
37,26,8620,,43053,29172,331,43350,Latin America (simple average),Total (with or without children),2002,Rural
36.599998474121094,26,8620,,43053,29172,331,43349,Latin America (simple average),One or more children,2002,Rural
41.5,26,8620,,43053,29172,330,43348,Latin America (simple average),No children,2002,Urban
41.29999923706055,26,8620,,43053,29172,330,43350,Latin America (simple average),Total (with or without children),2002,Urban
40.900001525878906,26,8620,,43053,29172,330,43349,Latin America (simple average),One or more children,2002,Urban
40.099998474121094,26,8620,,43053,29173,327,43348,Latin America (simple average),No children,2003,National
39.599998474121094,26,8620,,43053,29173,327,43350,Latin America (simple average),Total (with or without children),2003,National
38.79999923706055,26,8620,,43053,29173,327,43349,Latin America (simple average),One or more children,2003,National
37.400001525878906,26,8620,,43053,29173,331,43348,Latin America (simple average),No children,2003,Rural
37,26,8620,,43053,29173,331,43350,Latin America (simple average),Total (with or without children),2003,Rural
36.5,26,8620,,43053,29173,331,43349,Latin America (simple average),One or more children,2003,Rural
41.099998474121094,26,8620,,43053,29173,330,43348,Latin America (simple average),No children,2003,Urban
40.79999923706055,26,8620,,43053,29173,330,43350,Latin America (simple average),Total (with or without children),2003,Urban
40.29999923706055,26,8620,,43053,29173,330,43349,Latin America (simple average),One or more children,2003,Urban
40.79999923706055,26,8620,,43053,29174,327,43348,Latin America (simple average),No children,2004,National
40.29999923706055,26,8620,,43053,29174,327,43350,Latin America (simple average),Total (with or without children),2004,National
39.599998474121094,26,8620,,43053,29174,327,43349,Latin America (simple average),One or more children,2004,National
38.20000076293945,26,8620,,43053,29174,331,43348,Latin America (simple average),No children,2004,Rural
37.79999923706055,26,8620,,43053,29174,331,43350,Latin America (simple average),Total (with or without children),2004,Rural
37.20000076293945,26,8620,,43053,29174,331,43349,Latin America (simple average),One or more children,2004,Rural
41.900001525878906,26,8620,,43053,29174,330,43348,Latin America (simple average),No children,2004,Urban
41.599998474121094,26,8620,,43053,29174,330,43350,Latin America (simple average),Total (with or without children),2004,Urban
41.099998474121094,26,8620,,43053,29174,330,43349,Latin America (simple average),One or more children,2004,Urban
40.20000076293945,26,8620,,43053,29175,327,43348,Latin America (simple average),No children,2005,National
39.79999923706055,26,8620,,43053,29175,327,43350,Latin America (simple average),Total (with or without children),2005,National
39,26,8620,,43053,29175,327,43349,Latin America (simple average),One or more children,2005,National
37,26,8620,,43053,29175,331,43348,Latin America (simple average),No children,2005,Rural
36.5,26,8620,,43053,29175,331,43350,Latin America (simple average),Total (with or without children),2005,Rural
36.099998474121094,26,8620,,43053,29175,331,43349,Latin America (simple average),One or more children,2005,Rural
41.5,26,8620,,43053,29175,330,43348,Latin America (simple average),No children,2005,Urban
41.20000076293945,26,8620,,43053,29175,330,43350,Latin America (simple average),Total (with or without children),2005,Urban
40.599998474121094,26,8620,,43053,29175,330,43349,Latin America (simple average),One or more children,2005,Urban
39.900001525878906,26,8620,,43053,29176,327,43348,Latin America (simple average),No children,2006,National
39.599998474121094,26,8620,,43053,29176,327,43350,Latin America (simple average),Total (with or without children),2006,National
39.099998474121094,26,8620,,43053,29176,327,43349,Latin America (simple average),One or more children,2006,National
36.599998474121094,26,8620,,43053,29176,331,43348,Latin America (simple average),No children,2006,Rural
36.29999923706055,26,8620,,43053,29176,331,43350,Latin America (simple average),Total (with or without children),2006,Rural
35.900001525878906,26,8620,,43053,29176,331,43349,Latin America (simple average),One or more children,2006,Rural
41.099998474121094,26,8620,,43053,29176,330,43348,Latin America (simple average),No children,2006,Urban
41,26,8620,,43053,29176,330,43350,Latin America (simple average),Total (with or without children),2006,Urban
40.70000076293945,26,8620,,43053,29176,330,43349,Latin America (simple average),One or more children,2006,Urban
39.70000076293945,26,8620,,43053,29177,327,43348,Latin America (simple average),No children,2007,National
39.5,26,8620,,43053,29177,327,43350,Latin America (simple average),Total (with or without children),2007,National
39,26,8620,,43053,29177,327,43349,Latin America (simple average),One or more children,2007,National
36.29999923706055,26,8620,,43053,29177,331,43348,Latin America (simple average),No children,2007,Rural
35.900001525878906,26,8620,,43053,29177,331,43350,Latin America (simple average),Total (with or without children),2007,Rural
35.29999923706055,26,8620,,43053,29177,331,43349,Latin America (simple average),One or more children,2007,Rural
41,26,8620,,43053,29177,330,43348,Latin America (simple average),No children,2007,Urban
40.900001525878906,26,8620,,43053,29177,330,43350,Latin America (simple average),Total (with or without children),2007,Urban
40.79999923706055,26,8620,,43053,29177,330,43349,Latin America (simple average),One or more children,2007,Urban
39.79999923706055,26,8620,,43053,29178,327,43348,Latin America (simple average),No children,2008,National
39.5,26,8620,,43053,29178,327,43350,Latin America (simple average),Total (with or without children),2008,National
39.099998474121094,26,8620,,43053,29178,327,43349,Latin America (simple average),One or more children,2008,National
36.5,26,8620,,43053,29178,331,43348,Latin America (simple average),No children,2008,Rural
36.099998474121094,26,8620,,43053,29178,331,43350,Latin America (simple average),Total (with or without children),2008,Rural
35.599998474121094,26,8620,,43053,29178,331,43349,Latin America (simple average),One or more children,2008,Rural
40.900001525878906,26,8620,,43053,29178,330,43348,Latin America (simple average),No children,2008,Urban
40.79999923706055,26,8620,,43053,29178,330,43350,Latin America (simple average),Total (with or without children),2008,Urban
40.599998474121094,26,8620,,43053,29178,330,43349,Latin America (simple average),One or more children,2008,Urban
39.29999923706055,26,8620,,43053,29179,327,43348,Latin America (simple average),No children,2009,National
39,26,8620,,43053,29179,327,43350,Latin America (simple average),Total (with or without children),2009,National
38.400001525878906,26,8620,,43053,29179,327,43349,Latin America (simple average),One or more children,2009,National
36.20000076293945,26,8620,,43053,29179,331,43348,Latin America (simple average),No children,2009,Rural
35.79999923706055,26,8620,,43053,29179,331,43350,Latin America (simple average),Total (with or without children),2009,Rural
35.400001525878906,26,8620,,43053,29179,331,43349,Latin America (simple average),One or more children,2009,Rural
40.29999923706055,26,8620,,43053,29179,330,43348,Latin America (simple average),No children,2009,Urban
40.20000076293945,26,8620,,43053,29179,330,43350,Latin America (simple average),Total (with or without children),2009,Urban
39.900001525878906,26,8620,,43053,29179,330,43349,Latin America (simple average),One or more children,2009,Urban
39.20000076293945,26,8620,,43053,29180,327,43348,Latin America (simple average),No children,2010,National
38.900001525878906,26,8620,,43053,29180,327,43350,Latin America (simple average),Total (with or without children),2010,National
38.400001525878906,26,8620,,43053,29180,327,43349,Latin America (simple average),One or more children,2010,National
36.20000076293945,26,8620,,43053,29180,331,43348,Latin America (simple average),No children,2010,Rural
35.900001525878906,26,8620,,43053,29180,331,43350,Latin America (simple average),Total (with or without children),2010,Rural
35.5,26,8620,,43053,29180,331,43349,Latin America (simple average),One or more children,2010,Rural
40.29999923706055,26,8620,,43053,29180,330,43348,Latin America (simple average),No children,2010,Urban
40.099998474121094,26,8620,,43053,29180,330,43350,Latin America (simple average),Total (with or without children),2010,Urban
39.70000076293945,26,8620,,43053,29180,330,43349,Latin America (simple average),One or more children,2010,Urban
39.5,26,8620,,43053,29181,327,43348,Latin America (simple average),No children,2011,National
39.099998474121094,26,8620,,43053,29181,327,43350,Latin America (simple average),Total (with or without children),2011,National
38.400001525878906,26,8620,,43053,29181,327,43349,Latin America (simple average),One or more children,2011,National
36.20000076293945,26,8620,,43053,29181,331,43348,Latin America (simple average),No children,2011,Rural
35.79999923706055,26,8620,,43053,29181,331,43350,Latin America (simple average),Total (with or without children),2011,Rural
35.20000076293945,26,8620,,43053,29181,331,43349,Latin America (simple average),One or more children,2011,Rural
40.5,26,8620,,43053,29181,330,43348,Latin America (simple average),No children,2011,Urban
40.20000076293945,26,8620,,43053,29181,330,43350,Latin America (simple average),Total (with or without children),2011,Urban
39.70000076293945,26,8620,,43053,29181,330,43349,Latin America (simple average),One or more children,2011,Urban
39.20000076293945,26,8620,,43053,29182,327,43348,Latin America (simple average),No children,2012,National
39,26,8620,,43053,29182,327,43350,Latin America (simple average),Total (with or without children),2012,National
38.400001525878906,26,8620,,43053,29182,327,43349,Latin America (simple average),One or more children,2012,National
35.79999923706055,26,8620,,43053,29182,331,43348,Latin America (simple average),No children,2012,Rural
35.599998474121094,26,8620,,43053,29182,331,43350,Latin America (simple average),Total (with or without children),2012,Rural
35.29999923706055,26,8620,,43053,29182,331,43349,Latin America (simple average),One or more children,2012,Rural
40.29999923706055,26,8620,,43053,29182,330,43348,Latin America (simple average),No children,2012,Urban
40.099998474121094,26,8620,,43053,29182,330,43350,Latin America (simple average),Total (with or without children),2012,Urban
39.79999923706055,26,8620,,43053,29182,330,43349,Latin America (simple average),One or more children,2012,Urban
39.20000076293945,26,8620,,43053,29183,327,43348,Latin America (simple average),No children,2013,National
38.79999923706055,26,8620,,43053,29183,327,43350,Latin America (simple average),Total (with or without children),2013,National
38,26,8620,,43053,29183,327,43349,Latin America (simple average),One or more children,2013,National
35.79999923706055,26,8620,,43053,29183,331,43348,Latin America (simple average),No children,2013,Rural
35.29999923706055,26,8620,,43053,29183,331,43350,Latin America (simple average),Total (with or without children),2013,Rural
34.5,26,8620,,43053,29183,331,43349,Latin America (simple average),One or more children,2013,Rural
40.29999923706055,26,8620,,43053,29183,330,43348,Latin America (simple average),No children,2013,Urban
40,26,8620,,43053,29183,330,43350,Latin America (simple average),Total (with or without children),2013,Urban
39.5,26,8620,,43053,29183,330,43349,Latin America (simple average),One or more children,2013,Urban
39,26,8620,,43053,29184,327,43348,Latin America (simple average),No children,2014,National
38.79999923706055,26,8620,,43053,29184,327,43350,Latin America (simple average),Total (with or without children),2014,National
38.20000076293945,26,8620,,43053,29184,327,43349,Latin America (simple average),One or more children,2014,National
35.400001525878906,26,8620,,43053,29184,331,43348,Latin America (simple average),No children,2014,Rural
35,26,8620,,43053,29184,331,43350,Latin America (simple average),Total (with or without children),2014,Rural
34.29999923706055,26,8620,,43053,29184,331,43349,Latin America (simple average),One or more children,2014,Rural
40.099998474121094,26,8620,,43053,29184,330,43348,Latin America (simple average),No children,2014,Urban
40.099998474121094,26,8620,,43053,29184,330,43350,Latin America (simple average),Total (with or without children),2014,Urban
39.79999923706055,26,8620,,43053,29184,330,43349,Latin America (simple average),One or more children,2014,Urban
39,26,8620,,43053,29185,327,43348,Latin America (simple average),No children,2015,National
38.70000076293945,26,8620,,43053,29185,327,43350,Latin America (simple average),Total (with or without children),2015,National
38.099998474121094,26,8620,,43053,29185,327,43349,Latin America (simple average),One or more children,2015,National
35.400001525878906,26,8620,,43053,29185,331,43348,Latin America (simple average),No children,2015,Rural
35.099998474121094,26,8620,,43053,29185,331,43350,Latin America (simple average),Total (with or without children),2015,Rural
34.400001525878906,26,8620,,43053,29185,331,43349,Latin America (simple average),One or more children,2015,Rural
40.099998474121094,26,8620,,43053,29185,330,43348,Latin America (simple average),No children,2015,Urban
39.900001525878906,26,8620,,43053,29185,330,43350,Latin America (simple average),Total (with or without children),2015,Urban
39.5,26,8620,,43053,29185,330,43349,Latin America (simple average),One or more children,2015,Urban
38.599998474121094,26,8620,,43053,29186,327,43348,Latin America (simple average),No children,2016,National
38.29999923706055,26,8620,,43053,29186,327,43350,Latin America (simple average),Total (with or without children),2016,National
37.599998474121094,26,8620,,43053,29186,327,43349,Latin America (simple average),One or more children,2016,National
35.29999923706055,26,8620,,43053,29186,331,43348,Latin America (simple average),No children,2016,Rural
34.900001525878906,26,8620,,43053,29186,331,43350,Latin America (simple average),Total (with or without children),2016,Rural
34.29999923706055,26,8620,,43053,29186,331,43349,Latin America (simple average),One or more children,2016,Rural
39.70000076293945,26,8620,,43053,29186,330,43348,Latin America (simple average),No children,2016,Urban
39.5,26,8620,,43053,29186,330,43350,Latin America (simple average),Total (with or without children),2016,Urban
39.099998474121094,26,8620,,43053,29186,330,43349,Latin America (simple average),One or more children,2016,Urban
38.70000076293945,26,8620,,43053,29187,327,43348,Latin America (simple average),No children,2017,National
38.400001525878906,26,8620,,43053,29187,327,43350,Latin America (simple average),Total (with or without children),2017,National
37.79999923706055,26,8620,,43053,29187,327,43349,Latin America (simple average),One or more children,2017,National
35.29999923706055,26,8620,,43053,29187,331,43348,Latin America (simple average),No children,2017,Rural
34.900001525878906,26,8620,,43053,29187,331,43350,Latin America (simple average),Total (with or without children),2017,Rural
34.099998474121094,26,8620,,43053,29187,331,43349,Latin America (simple average),One or more children,2017,Rural
39.70000076293945,26,8620,,43053,29187,330,43348,Latin America (simple average),No children,2017,Urban
39.599998474121094,26,8620,,43053,29187,330,43350,Latin America (simple average),Total (with or without children),2017,Urban
39.29999923706055,26,8620,,43053,29187,330,43349,Latin America (simple average),One or more children,2017,Urban
38.599998474121094,26,8620,,43053,29188,327,43348,Latin America (simple average),No children,2018,National
38.29999923706055,26,8620,,43053,29188,327,43350,Latin America (simple average),Total (with or without children),2018,National
37.599998474121094,26,8620,,43053,29188,327,43349,Latin America (simple average),One or more children,2018,National
35,26,8620,,43053,29188,331,43348,Latin America (simple average),No children,2018,Rural
34.599998474121094,26,8620,,43053,29188,331,43350,Latin America (simple average),Total (with or without children),2018,Rural
33.599998474121094,26,8620,,43053,29188,331,43349,Latin America (simple average),One or more children,2018,Rural
39.70000076293945,26,8620,,43053,29188,330,43348,Latin America (simple average),No children,2018,Urban
39.599998474121094,26,8620,,43053,29188,330,43350,Latin America (simple average),Total (with or without children),2018,Urban
39.20000076293945,26,8620,,43053,29188,330,43349,Latin America (simple average),One or more children,2018,Urban
38.5,26,8620,,43053,29189,327,43348,Latin America (simple average),No children,2019,National
38.20000076293945,26,8620,,43053,29189,327,43350,Latin America (simple average),Total (with or without children),2019,National
37.70000076293945,26,8620,,43053,29189,327,43349,Latin America (simple average),One or more children,2019,National
35.29999923706055,26,8620,,43053,29189,331,43348,Latin America (simple average),No children,2019,Rural
35,26,8620,,43053,29189,331,43350,Latin America (simple average),Total (with or without children),2019,Rural
34.400001525878906,26,8620,,43053,29189,331,43349,Latin America (simple average),One or more children,2019,Rural
39.400001525878906,26,8620,,43053,29189,330,43348,Latin America (simple average),No children,2019,Urban
39.400001525878906,26,8620,,43053,29189,330,43350,Latin America (simple average),Total (with or without children),2019,Urban
39,26,8620,,43053,29189,330,43349,Latin America (simple average),One or more children,2019,Urban
37.900001525878906,26,8620,,43053,29190,327,43348,Latin America (simple average),No children,2020,National
37.79999923706055,26,8620,,43053,29190,327,43350,Latin America (simple average),Total (with or without children),2020,National
37.400001525878906,26,8620,,43053,29190,327,43349,Latin America (simple average),One or more children,2020,National
35.099998474121094,26,8620,,43053,29190,331,43348,Latin America (simple average),No children,2020,Rural
34.79999923706055,26,8620,,43053,29190,331,43350,Latin America (simple average),Total (with or without children),2020,Rural
34.29999923706055,26,8620,,43053,29190,331,43349,Latin America (simple average),One or more children,2020,Rural
38.79999923706055,26,8620,,43053,29190,330,43348,Latin America (simple average),No children,2020,Urban
38.79999923706055,26,8620,,43053,29190,330,43350,Latin America (simple average),Total (with or without children),2020,Urban
38.70000076293945,26,8620,,43053,29190,330,43349,Latin America (simple average),One or more children,2020,Urban
38,26,8620,,43053,29191,327,43348,Latin America (simple average),No children,2021,National
37.79999923706055,26,8620,,43053,29191,327,43350,Latin America (simple average),Total (with or without children),2021,National
37.29999923706055,26,8620,,43053,29191,327,43349,Latin America (simple average),One or more children,2021,National
34.79999923706055,26,8620,,43053,29191,331,43348,Latin America (simple average),No children,2021,Rural
34.400001525878906,26,8620,,43053,29191,331,43350,Latin America (simple average),Total (with or without children),2021,Rural
33.599998474121094,26,8620,,43053,29191,331,43349,Latin America (simple average),One or more children,2021,Rural
39,26,8620,,43053,29191,330,43348,Latin America (simple average),No children,2021,Urban
38.900001525878906,26,8620,,43053,29191,330,43350,Latin America (simple average),Total (with or without children),2021,Urban
38.70000076293945,26,8620,,43053,29191,330,43349,Latin America (simple average),One or more children,2021,Urban
38.900001525878906,26,8620,,43053,29192,327,43348,Latin America (simple average),No children,2022,National
38.5,26,8620,,43053,29192,327,43350,Latin America (simple average),Total (with or without children),2022,National
37.79999923706055,26,8620,,43053,29192,327,43349,Latin America (simple average),One or more children,2022,National
36,26,8620,,43053,29192,331,43348,Latin America (simple average),No children,2022,Rural
35.599998474121094,26,8620,,43053,29192,331,43350,Latin America (simple average),Total (with or without children),2022,Rural
34.900001525878906,26,8620,,43053,29192,331,43349,Latin America (simple average),One or more children,2022,Rural
39.70000076293945,26,8620,,43053,29192,330,43348,Latin America (simple average),No children,2022,Urban
39.5,26,8620,,43053,29192,330,43350,Latin America (simple average),Total (with or without children),2022,Urban
38.900001525878906,26,8620,,43053,29192,330,43349,Latin America (simple average),One or more children,2022,Urban
38.599998474121094,26,8620,,43053,29193,327,43348,Latin America (simple average),No children,2023,National
38.29999923706055,26,8620,,43053,29193,327,43350,Latin America (simple average),Total (with or without children),2023,National
37.5,26,8620,,43053,29193,327,43349,Latin America (simple average),One or more children,2023,National
35.900001525878906,26,8620,,43053,29193,331,43348,Latin America (simple average),No children,2023,Rural
35.400001525878906,26,8620,,43053,29193,331,43350,Latin America (simple average),Total (with or without children),2023,Rural
34.5,26,8620,,43053,29193,331,43349,Latin America (simple average),One or more children,2023,Rural
39.29999923706055,26,8620,,43053,29193,330,43348,Latin America (simple average),No children,2023,Urban
39.20000076293945,26,8620,,43053,29193,330,43350,Latin America (simple average),Total (with or without children),2023,Urban
38.79999923706055,26,8620,,43053,29193,330,43349,Latin America (simple average),One or more children,2023,Urban
38.70000076293945,26,8620,,43053,29194,327,43348,Latin America (simple average),No children,2024,National
38.29999923706055,26,8620,,43053,29194,327,43350,Latin America (simple average),Total (with or without children),2024,National
37.5,26,8620,,43053,29194,327,43349,Latin America (simple average),One or more children,2024,National
36,26,8620,,43053,29194,331,43348,Latin America (simple average),No children,2024,Rural
35.599998474121094,26,8620,,43053,29194,331,43350,Latin America (simple average),Total (with or without children),2024,Rural
34.599998474121094,26,8620,,43053,29194,331,43349,Latin America (simple average),One or more children,2024,Rural
39.5,26,8620,,43053,29194,330,43348,Latin America (simple average),No children,2024,Urban
39.29999923706055,26,8620,,43053,29194,330,43350,Latin America (simple average),Total (with or without children),2024,Urban
38.70000076293945,26,8620,,43053,29194,330,43349,Latin America (simple average),One or more children,2024,Urban
37.29999923706055,26,"86,923",ARG,216,29170,330,43348,Argentina,No children,2000,Urban
36.900001525878906,26,"86,923",ARG,216,29170,330,43350,Argentina,Total (with or without children),2000,Urban
35.79999923706055,26,"86,923",ARG,216,29170,330,43349,Argentina,One or more children,2000,Urban
36.5,26,"86,923",ARG,216,29171,330,43348,Argentina,No children,2001,Urban
35.599998474121094,26,"86,923",ARG,216,29171,330,43350,Argentina,Total (with or without children),2001,Urban
33.29999923706055,26,"86,923",ARG,216,29171,330,43349,Argentina,One or more children,2001,Urban
34.900001525878906,26,"86,923",ARG,216,29172,330,43348,Argentina,No children,2002,Urban
34,26,"86,923",ARG,216,29172,330,43350,Argentina,Total (with or without children),2002,Urban
31.899999618530273,26,"86,923",ARG,216,29172,330,43349,Argentina,One or more children,2002,Urban
34.400001525878906,26,"86,337",ARG,216,29173,330,43348,Argentina,No children,2003,Urban
33.29999923706055,26,"86,337",ARG,216,29173,330,43350,Argentina,Total (with or without children),2003,Urban
30.700000762939453,26,"86,337",ARG,216,29173,330,43349,Argentina,One or more children,2003,Urban
35.400001525878906,26,"86,337",ARG,216,29174,330,43348,Argentina,No children,2004,Urban
34.400001525878906,26,"86,337",ARG,216,29174,330,43350,Argentina,Total (with or without children),2004,Urban
31.700000762939453,26,"86,337",ARG,216,29174,330,43349,Argentina,One or more children,2004,Urban
35.20000076293945,26,"86,337",ARG,216,29175,330,43348,Argentina,No children,2005,Urban
34.79999923706055,26,"86,337",ARG,216,29175,330,43350,Argentina,Total (with or without children),2005,Urban
33.70000076293945,26,"86,337",ARG,216,29175,330,43349,Argentina,One or more children,2005,Urban
36,26,"86,337",ARG,216,29176,330,43348,Argentina,No children,2006,Urban
35.5,26,"86,337",ARG,216,29176,330,43350,Argentina,Total (with or without children),2006,Urban
33.900001525878906,26,"86,337",ARG,216,29176,330,43349,Argentina,One or more children,2006,Urban
36.099998474121094,26,"86,337",ARG,216,29177,330,43348,Argentina,No children,2007,Urban
35.70000076293945,26,"86,337",ARG,216,29177,330,43350,Argentina,Total (with or without children),2007,Urban
34.70000076293945,26,"86,337",ARG,216,29177,330,43349,Argentina,One or more children,2007,Urban
35.70000076293945,26,"86,337",ARG,216,29178,330,43348,Argentina,No children,2008,Urban
35.70000076293945,26,"86,337",ARG,216,29178,330,43350,Argentina,Total (with or without children),2008,Urban
35.70000076293945,26,"86,337",ARG,216,29178,330,43349,Argentina,One or more children,2008,Urban
35.5,26,"86,366",ARG,216,29179,330,43348,Argentina,No children,2009,Urban
35,26,"86,366",ARG,216,29179,330,43350,Argentina,Total (with or without children),2009,Urban
33.400001525878906,26,"86,366",ARG,216,29179,330,43349,Argentina,One or more children,2009,Urban
35.70000076293945,26,"86,366",ARG,216,29180,330,43348,Argentina,No children,2010,Urban
35.099998474121094,26,"86,366",ARG,216,29180,330,43350,Argentina,Total (with or without children),2010,Urban
33.5,26,"86,366",ARG,216,29180,330,43349,Argentina,One or more children,2010,Urban
35.599998474121094,26,"86,366",ARG,216,29181,330,43348,Argentina,No children,2011,Urban
35.099998474121094,26,"86,366",ARG,216,29181,330,43350,Argentina,Total (with or without children),2011,Urban
33.599998474121094,26,"86,366",ARG,216,29181,330,43349,Argentina,One or more children,2011,Urban
35.20000076293945,26,"86,366",ARG,216,29182,330,43348,Argentina,No children,2012,Urban
34.5,26,"86,366",ARG,216,29182,330,43350,Argentina,Total (with or without children),2012,Urban
32.5,26,"86,366",ARG,216,29182,330,43349,Argentina,One or more children,2012,Urban
35.29999923706055,26,"86,366",ARG,216,29183,330,43348,Argentina,No children,2013,Urban
34.70000076293945,26,"86,366",ARG,216,29183,330,43350,Argentina,Total (with or without children),2013,Urban
32.900001525878906,26,"86,366",ARG,216,29183,330,43349,Argentina,One or more children,2013,Urban
34.599998474121094,26,"86,366",ARG,216,29184,330,43348,Argentina,No children,2014,Urban
34.20000076293945,26,"86,366",ARG,216,29184,330,43350,Argentina,Total (with or without children),2014,Urban
32.900001525878906,26,"86,366",ARG,216,29184,330,43349,Argentina,One or more children,2014,Urban
33.79999923706055,26,"86,337",ARG,216,29186,330,43348,Argentina,No children,2016,Urban
33.400001525878906,26,"86,337",ARG,216,29186,330,43350,Argentina,Total (with or without children),2016,Urban
31.899999618530273,26,"86,337",ARG,216,29186,330,43349,Argentina,One or more children,2016,Urban
34.29999923706055,26,"86,366",ARG,216,29187,330,43348,Argentina,No children,2017,Urban
33.900001525878906,26,"86,366",ARG,216,29187,330,43350,Argentina,Total (with or without children),2017,Urban
32.599998474121094,26,"86,366",ARG,216,29187,330,43349,Argentina,One or more children,2017,Urban
34,26,"86,366",ARG,216,29188,330,43348,Argentina,No children,2018,Urban
33.599998474121094,26,"86,366",ARG,216,29188,330,43350,Argentina,Total (with or without children),2018,Urban
32.099998474121094,26,"86,366",ARG,216,29188,330,43349,Argentina,One or more children,2018,Urban
33.79999923706055,26,"86,366",ARG,216,29189,330,43348,Argentina,No children,2019,Urban
33.400001525878906,26,"86,366",ARG,216,29189,330,43350,Argentina,Total (with or without children),2019,Urban
32.099998474121094,26,"86,366",ARG,216,29189,330,43349,Argentina,One or more children,2019,Urban
33.099998474121094,26,"86,366",ARG,216,29190,330,43348,Argentina,No children,2020,Urban
32.70000076293945,26,"86,366",ARG,216,29190,330,43350,Argentina,Total (with or without children),2020,Urban
31.399999618530273,26,"86,366",ARG,216,29190,330,43349,Argentina,One or more children,2020,Urban
32.70000076293945,26,"86,366",ARG,216,29191,330,43348,Argentina,No children,2021,Urban
32.900001525878906,26,"86,366",ARG,216,29191,330,43350,Argentina,Total (with or without children),2021,Urban
33.400001525878906,26,"86,366",ARG,216,29191,330,43349,Argentina,One or more children,2021,Urban
34.5,26,"86,366",ARG,216,29192,330,43348,Argentina,No children,2022,Urban
34,26,"86,366",ARG,216,29192,330,43350,Argentina,Total (with or without children),2022,Urban
32.099998474121094,26,"86,366",ARG,216,29192,330,43349,Argentina,One or more children,2022,Urban
34.5,26,"86,366",ARG,216,29193,330,43348,Argentina,No children,2023,Urban
34.29999923706055,26,"86,366",ARG,216,29193,330,43350,Argentina,Total (with or without children),2023,Urban
33.400001525878906,26,"86,366",ARG,216,29193,330,43349,Argentina,One or more children,2023,Urban
34.29999923706055,26,"86,366",ARG,216,29194,330,43348,Argentina,No children,2024,Urban
34,26,"86,366",ARG,216,29194,330,43350,Argentina,Total (with or without children),2024,Urban
33,26,"86,366",ARG,216,29194,330,43349,Argentina,One or more children,2024,Urban
44.400001525878906,26,,BOL,221,29170,327,43348,Bolivia (Plurinational State of),No children,2000,National
43.5,26,,BOL,221,29170,327,43350,Bolivia (Plurinational State of),Total (with or without children),2000,National
42.400001525878906,26,,BOL,221,29170,327,43349,Bolivia (Plurinational State of),One or more children,2000,National
42.5,26,,BOL,221,29170,331,43348,Bolivia (Plurinational State of),No children,2000,Rural
41.599998474121094,26,,BOL,221,29170,331,43350,Bolivia (Plurinational State of),Total (with or without children),2000,Rural
40.79999923706055,26,,BOL,221,29170,331,43349,Bolivia (Plurinational State of),One or more children,2000,Rural
45.599998474121094,26,,BOL,221,29170,330,43348,Bolivia (Plurinational State of),No children,2000,Urban
44.79999923706055,26,,BOL,221,29170,330,43350,Bolivia (Plurinational State of),Total (with or without children),2000,Urban
43.599998474121094,26,,BOL,221,29170,330,43349,Bolivia (Plurinational State of),One or more children,2000,Urban
39,26,,BOL,221,29171,327,43348,Bolivia (Plurinational State of),No children,2001,National
37.79999923706055,26,,BOL,221,29171,327,43350,Bolivia (Plurinational State of),Total (with or without children),2001,National
36.599998474121094,26,,BOL,221,29171,327,43349,Bolivia (Plurinational State of),One or more children,2001,National
36.5,26,,BOL,221,29171,331,43348,Bolivia (Plurinational State of),No children,2001,Rural
34.900001525878906,26,,BOL,221,29171,331,43350,Bolivia (Plurinational State of),Total (with or without children),2001,Rural
33.29999923706055,26,,BOL,221,29171,331,43349,Bolivia (Plurinational State of),One or more children,2001,Rural
40.5,26,,BOL,221,29171,330,43348,Bolivia (Plurinational State of),No children,2001,Urban
39.900001525878906,26,,BOL,221,29171,330,43350,Bolivia (Plurinational State of),Total (with or without children),2001,Urban
39.099998474121094,26,,BOL,221,29171,330,43349,Bolivia (Plurinational State of),One or more children,2001,Urban
41.400001525878906,26,,BOL,221,29172,327,43348,Bolivia (Plurinational State of),No children,2002,National
40.70000076293945,26,,BOL,221,29172,327,43350,Bolivia (Plurinational State of),Total (with or without children),2002,National
39.900001525878906,26,,BOL,221,29172,327,43349,Bolivia (Plurinational State of),One or more children,2002,National
38.599998474121094,26,,BOL,221,29172,331,43348,Bolivia (Plurinational State of),No children,2002,Rural
37.5,26,,BOL,221,29172,331,43350,Bolivia (Plurinational State of),Total (with or without children),2002,Rural
36.20000076293945,26,,BOL,221,29172,331,43349,Bolivia (Plurinational State of),One or more children,2002,Rural
43.20000076293945,26,,BOL,221,29172,330,43348,Bolivia (Plurinational State of),No children,2002,Urban
42.79999923706055,26,,BOL,221,29172,330,43350,Bolivia (Plurinational State of),Total (with or without children),2002,Urban
42.400001525878906,26,,BOL,221,29172,330,43349,Bolivia (Plurinational State of),One or more children,2002,Urban
41,26,,BOL,221,29174,327,43348,Bolivia (Plurinational State of),No children,2004,National
40.599998474121094,26,,BOL,221,29174,327,43350,Bolivia (Plurinational State of),Total (with or without children),2004,National
40.20000076293945,26,,BOL,221,29174,327,43349,Bolivia (Plurinational State of),One or more children,2004,National
39.29999923706055,26,,BOL,221,29174,331,43348,Bolivia (Plurinational State of),No children,2004,Rural
38.099998474121094,26,,BOL,221,29174,331,43350,Bolivia (Plurinational State of),Total (with or without children),2004,Rural
36.70000076293945,26,,BOL,221,29174,331,43349,Bolivia (Plurinational State of),One or more children,2004,Rural
42.29999923706055,26,,BOL,221,29174,330,43348,Bolivia (Plurinational State of),No children,2004,Urban
42.400001525878906,26,,BOL,221,29174,330,43350,Bolivia (Plurinational State of),Total (with or without children),2004,Urban
42.599998474121094,26,,BOL,221,29174,330,43349,Bolivia (Plurinational State of),One or more children,2004,Urban
42.900001525878906,26,,BOL,221,29175,327,43348,Bolivia (Plurinational State of),No children,2005,National
42.5,26,,BOL,221,29175,327,43350,Bolivia (Plurinational State of),Total (with or without children),2005,National
41.900001525878906,26,,BOL,221,29175,327,43349,Bolivia (Plurinational State of),One or more children,2005,National
39.70000076293945,26,,BOL,221,29175,331,43348,Bolivia (Plurinational State of),No children,2005,Rural
39.599998474121094,26,,BOL,221,29175,331,43350,Bolivia (Plurinational State of),Total (with or without children),2005,Rural
39.599998474121094,26,,BOL,221,29175,331,43349,Bolivia (Plurinational State of),One or more children,2005,Rural
44.79999923706055,26,,BOL,221,29175,330,43348,Bolivia (Plurinational State of),No children,2005,Urban
44.5,26,,BOL,221,29175,330,43350,Bolivia (Plurinational State of),Total (with or without children),2005,Urban
43.900001525878906,26,,BOL,221,29175,330,43349,Bolivia (Plurinational State of),One or more children,2005,Urban
43,26,,BOL,221,29176,327,43348,Bolivia (Plurinational State of),No children,2006,National
42.5,26,,BOL,221,29176,327,43350,Bolivia (Plurinational State of),Total (with or without children),2006,National
41.900001525878906,26,,BOL,221,29176,327,43349,Bolivia (Plurinational State of),One or more children,2006,National
41.099998474121094,26,,BOL,221,29176,331,43348,Bolivia (Plurinational State of),No children,2006,Rural
41,26,,BOL,221,29176,331,43350,Bolivia (Plurinational State of),Total (with or without children),2006,Rural
40.900001525878906,26,,BOL,221,29176,331,43349,Bolivia (Plurinational State of),One or more children,2006,Rural
44.400001525878906,26,,BOL,221,29176,330,43348,Bolivia (Plurinational State of),No children,2006,Urban
43.599998474121094,26,,BOL,221,29176,330,43350,Bolivia (Plurinational State of),Total (with or without children),2006,Urban
42.599998474121094,26,,BOL,221,29176,330,43349,Bolivia (Plurinational State of),One or more children,2006,Urban
43.20000076293945,26,,BOL,221,29177,327,43348,Bolivia (Plurinational State of),No children,2007,National
42.79999923706055,26,,BOL,221,29177,327,43350,Bolivia (Plurinational State of),Total (with or without children),2007,National
42.099998474121094,26,,BOL,221,29177,327,43349,Bolivia (Plurinational State of),One or more children,2007,National
42.400001525878906,26,,BOL,221,29177,331,43348,Bolivia (Plurinational State of),No children,2007,Rural
41.20000076293945,26,,BOL,221,29177,331,43350,Bolivia (Plurinational State of),Total (with or without children),2007,Rural
39.70000076293945,26,,BOL,221,29177,331,43349,Bolivia (Plurinational State of),One or more children,2007,Rural
43.900001525878906,26,,BOL,221,29177,330,43348,Bolivia (Plurinational State of),No children,2007,Urban
43.900001525878906,26,,BOL,221,29177,330,43350,Bolivia (Plurinational State of),Total (with or without children),2007,Urban
44,26,,BOL,221,29177,330,43349,Bolivia (Plurinational State of),One or more children,2007,Urban
43.20000076293945,26,,BOL,221,29178,327,43348,Bolivia (Plurinational State of),No children,2008,National
42.5,26,,BOL,221,29178,327,43350,Bolivia (Plurinational State of),Total (with or without children),2008,National
41.5,26,,BOL,221,29178,327,43349,Bolivia (Plurinational State of),One or more children,2008,National
41.900001525878906,26,,BOL,221,29178,331,43348,Bolivia (Plurinational State of),No children,2008,Rural
40.79999923706055,26,,BOL,221,29178,331,43350,Bolivia (Plurinational State of),Total (with or without children),2008,Rural
39.099998474121094,26,,BOL,221,29178,331,43349,Bolivia (Plurinational State of),One or more children,2008,Rural
44,26,,BOL,221,29178,330,43348,Bolivia (Plurinational State of),No children,2008,Urban
43.599998474121094,26,,BOL,221,29178,330,43350,Bolivia (Plurinational State of),Total (with or without children),2008,Urban
43,26,,BOL,221,29178,330,43349,Bolivia (Plurinational State of),One or more children,2008,Urban
41.29999923706055,26,,BOL,221,29179,327,43348,Bolivia (Plurinational State of),No children,2009,National
41.099998474121094,26,,BOL,221,29179,327,43350,Bolivia (Plurinational State of),Total (with or without children),2009,National
40.900001525878906,26,,BOL,221,29179,327,43349,Bolivia (Plurinational State of),One or more children,2009,National
41.70000076293945,26,,BOL,221,29179,331,43348,Bolivia (Plurinational State of),No children,2009,Rural
41.20000076293945,26,,BOL,221,29179,331,43350,Bolivia (Plurinational State of),Total (with or without children),2009,Rural
40.599998474121094,26,,BOL,221,29179,331,43349,Bolivia (Plurinational State of),One or more children,2009,Rural
41.099998474121094,26,,BOL,221,29179,330,43348,Bolivia (Plurinational State of),No children,2009,Urban
41.099998474121094,26,,BOL,221,29179,330,43350,Bolivia (Plurinational State of),Total (with or without children),2009,Urban
41.099998474121094,26,,BOL,221,29179,330,43349,Bolivia (Plurinational State of),One or more children,2009,Urban
42.400001525878906,26,,BOL,221,29181,327,43348,Bolivia (Plurinational State of),No children,2011,National
41.70000076293945,26,,BOL,221,29181,327,43350,Bolivia (Plurinational State of),Total (with or without children),2011,National
40.5,26,,BOL,221,29181,327,43349,Bolivia (Plurinational State of),One or more children,2011,National
41.099998474121094,26,,BOL,221,29181,331,43348,Bolivia (Plurinational State of),No children,2011,Rural
40.20000076293945,26,,BOL,221,29181,331,43350,Bolivia (Plurinational State of),Total (with or without children),2011,Rural
39,26,,BOL,221,29181,331,43349,Bolivia (Plurinational State of),One or more children,2011,Rural
43.099998474121094,26,,BOL,221,29181,330,43348,Bolivia (Plurinational State of),No children,2011,Urban
42.5,26,,BOL,221,29181,330,43350,Bolivia (Plurinational State of),Total (with or without children),2011,Urban
41.5,26,,BOL,221,29181,330,43349,Bolivia (Plurinational State of),One or more children,2011,Urban
43.29999923706055,26,,BOL,221,29182,327,43348,Bolivia (Plurinational State of),No children,2012,National
43,26,,BOL,221,29182,327,43350,Bolivia (Plurinational State of),Total (with or without children),2012,National
42.400001525878906,26,,BOL,221,29182,327,43349,Bolivia (Plurinational State of),One or more children,2012,National
42.70000076293945,26,,BOL,221,29182,331,43348,Bolivia (Plurinational State of),No children,2012,Rural
42,26,,BOL,221,29182,331,43350,Bolivia (Plurinational State of),Total (with or without children),2012,Rural
40.900001525878906,26,,BOL,221,29182,331,43349,Bolivia (Plurinational State of),One or more children,2012,Rural
43.5,26,,BOL,221,29182,330,43348,Bolivia (Plurinational State of),No children,2012,Urban
43.400001525878906,26,,BOL,221,29182,330,43350,Bolivia (Plurinational State of),Total (with or without children),2012,Urban
43.29999923706055,26,,BOL,221,29182,330,43349,Bolivia (Plurinational State of),One or more children,2012,Urban
42.70000076293945,26,,BOL,221,29183,327,43348,Bolivia (Plurinational State of),No children,2013,National
42,26,,BOL,221,29183,327,43350,Bolivia (Plurinational State of),Total (with or without children),2013,National
40.70000076293945,26,,BOL,221,29183,327,43349,Bolivia (Plurinational State of),One or more children,2013,National
39.900001525878906,26,,BOL,221,29183,331,43348,Bolivia (Plurinational State of),No children,2013,Rural
39.20000076293945,26,,BOL,221,29183,331,43350,Bolivia (Plurinational State of),Total (with or without children),2013,Rural
38,26,,BOL,221,29183,331,43349,Bolivia (Plurinational State of),One or more children,2013,Rural
44.20000076293945,26,,BOL,221,29183,330,43348,Bolivia (Plurinational State of),No children,2013,Urban
43.599998474121094,26,,BOL,221,29183,330,43350,Bolivia (Plurinational State of),Total (with or without children),2013,Urban
42.29999923706055,26,,BOL,221,29183,330,43349,Bolivia (Plurinational State of),One or more children,2013,Urban
42.29999923706055,26,,BOL,221,29184,327,43348,Bolivia (Plurinational State of),No children,2014,National
41.79999923706055,26,,BOL,221,29184,327,43350,Bolivia (Plurinational State of),Total (with or without children),2014,National
40.900001525878906,26,,BOL,221,29184,327,43349,Bolivia (Plurinational State of),One or more children,2014,National
40.900001525878906,26,,BOL,221,29184,331,43348,Bolivia (Plurinational State of),No children,2014,Rural
39.900001525878906,26,,BOL,221,29184,331,43350,Bolivia (Plurinational State of),Total (with or without children),2014,Rural
38.099998474121094,26,,BOL,221,29184,331,43349,Bolivia (Plurinational State of),One or more children,2014,Rural
43.099998474121094,26,,BOL,221,29184,330,43348,Bolivia (Plurinational State of),No children,2014,Urban
42.900001525878906,26,,BOL,221,29184,330,43350,Bolivia (Plurinational State of),Total (with or without children),2014,Urban
42.5,26,,BOL,221,29184,330,43349,Bolivia (Plurinational State of),One or more children,2014,Urban
42.70000076293945,26,,BOL,221,29185,327,43348,Bolivia (Plurinational State of),No children,2015,National
42.400001525878906,26,,BOL,221,29185,327,43350,Bolivia (Plurinational State of),Total (with or without children),2015,National
41.900001525878906,26,,BOL,221,29185,327,43349,Bolivia (Plurinational State of),One or more children,2015,National
39.29999923706055,26,,BOL,221,29185,331,43348,Bolivia (Plurinational State of),No children,2015,Rural
39,26,,BOL,221,29185,331,43350,Bolivia (Plurinational State of),Total (with or without children),2015,Rural
38.5,26,,BOL,221,29185,331,43349,Bolivia (Plurinational State of),One or more children,2015,Rural
44.5,26,,BOL,221,29185,330,43348,Bolivia (Plurinational State of),No children,2015,Urban
44.29999923706055,26,,BOL,221,29185,330,43350,Bolivia (Plurinational State of),Total (with or without children),2015,Urban
43.79999923706055,26,,BOL,221,29185,330,43349,Bolivia (Plurinational State of),One or more children,2015,Urban
39.5,26,,BOL,221,29186,327,43348,Bolivia (Plurinational State of),No children,2016,National
38.70000076293945,26,,BOL,221,29186,327,43350,Bolivia (Plurinational State of),Total (with or without children),2016,National
37.29999923706055,26,,BOL,221,29186,327,43349,Bolivia (Plurinational State of),One or more children,2016,National
36.599998474121094,26,,BOL,221,29186,331,43348,Bolivia (Plurinational State of),No children,2016,Rural
35.29999923706055,26,,BOL,221,29186,331,43350,Bolivia (Plurinational State of),Total (with or without children),2016,Rural
33,26,,BOL,221,29186,331,43349,Bolivia (Plurinational State of),One or more children,2016,Rural
41,26,,BOL,221,29186,330,43348,Bolivia (Plurinational State of),No children,2016,Urban
40.70000076293945,26,,BOL,221,29186,330,43350,Bolivia (Plurinational State of),Total (with or without children),2016,Urban
39.900001525878906,26,,BOL,221,29186,330,43349,Bolivia (Plurinational State of),One or more children,2016,Urban
40.400001525878906,26,,BOL,221,29187,327,43348,Bolivia (Plurinational State of),No children,2017,National
40,26,,BOL,221,29187,327,43350,Bolivia (Plurinational State of),Total (with or without children),2017,National
39.20000076293945,26,,BOL,221,29187,327,43349,Bolivia (Plurinational State of),One or more children,2017,National
37.29999923706055,26,,BOL,221,29187,331,43348,Bolivia (Plurinational State of),No children,2017,Rural
37,26,,BOL,221,29187,331,43350,Bolivia (Plurinational State of),Total (with or without children),2017,Rural
36.400001525878906,26,,BOL,221,29187,331,43349,Bolivia (Plurinational State of),One or more children,2017,Rural
42.20000076293945,26,,BOL,221,29187,330,43348,Bolivia (Plurinational State of),No children,2017,Urban
41.70000076293945,26,,BOL,221,29187,330,43350,Bolivia (Plurinational State of),Total (with or without children),2017,Urban
40.70000076293945,26,,BOL,221,29187,330,43349,Bolivia (Plurinational State of),One or more children,2017,Urban
39.599998474121094,26,,BOL,221,29188,327,43348,Bolivia (Plurinational State of),No children,2018,National
39.29999923706055,26,,BOL,221,29188,327,43350,Bolivia (Plurinational State of),Total (with or without children),2018,National
38.400001525878906,26,,BOL,221,29188,327,43349,Bolivia (Plurinational State of),One or more children,2018,National
37.099998474121094,26,,BOL,221,29188,331,43348,Bolivia (Plurinational State of),No children,2018,Rural
36.20000076293945,26,,BOL,221,29188,331,43350,Bolivia (Plurinational State of),Total (with or without children),2018,Rural
34,26,,BOL,221,29188,331,43349,Bolivia (Plurinational State of),One or more children,2018,Rural
41.099998474121094,26,,BOL,221,29188,330,43348,Bolivia (Plurinational State of),No children,2018,Urban
41,26,,BOL,221,29188,330,43350,Bolivia (Plurinational State of),Total (with or without children),2018,Urban
40.79999923706055,26,,BOL,221,29188,330,43349,Bolivia (Plurinational State of),One or more children,2018,Urban
38,26,,BOL,221,29189,327,43348,Bolivia (Plurinational State of),No children,2019,National
37.599998474121094,26,,BOL,221,29189,327,43350,Bolivia (Plurinational State of),Total (with or without children),2019,National
36.900001525878906,26,,BOL,221,29189,327,43349,Bolivia (Plurinational State of),One or more children,2019,National
34.900001525878906,26,,BOL,221,29189,331,43348,Bolivia (Plurinational State of),No children,2019,Rural
34.20000076293945,26,,BOL,221,29189,331,43350,Bolivia (Plurinational State of),Total (with or without children),2019,Rural
32.900001525878906,26,,BOL,221,29189,331,43349,Bolivia (Plurinational State of),One or more children,2019,Rural
39.599998474121094,26,,BOL,221,29189,330,43348,Bolivia (Plurinational State of),No children,2019,Urban
39.5,26,,BOL,221,29189,330,43350,Bolivia (Plurinational State of),Total (with or without children),2019,Urban
39.099998474121094,26,,BOL,221,29189,330,43349,Bolivia (Plurinational State of),One or more children,2019,Urban
40.099998474121094,26,,BOL,221,29190,327,43348,Bolivia (Plurinational State of),No children,2020,National
39.79999923706055,26,,BOL,221,29190,327,43350,Bolivia (Plurinational State of),Total (with or without children),2020,National
39.099998474121094,26,,BOL,221,29190,327,43349,Bolivia (Plurinational State of),One or more children,2020,National
38.29999923706055,26,,BOL,221,29190,331,43348,Bolivia (Plurinational State of),No children,2020,Rural
37.900001525878906,26,,BOL,221,29190,331,43350,Bolivia (Plurinational State of),Total (with or without children),2020,Rural
37,26,,BOL,221,29190,331,43349,Bolivia (Plurinational State of),One or more children,2020,Rural
41,26,,BOL,221,29190,330,43348,Bolivia (Plurinational State of),No children,2020,Urban
40.79999923706055,26,,BOL,221,29190,330,43350,Bolivia (Plurinational State of),Total (with or without children),2020,Urban
40.29999923706055,26,,BOL,221,29190,330,43349,Bolivia (Plurinational State of),One or more children,2020,Urban
38.900001525878906,26,,BOL,221,29191,327,43348,Bolivia (Plurinational State of),No children,2021,National
38.400001525878906,26,,BOL,221,29191,327,43350,Bolivia (Plurinational State of),Total (with or without children),2021,National
37.099998474121094,26,,BOL,221,29191,327,43349,Bolivia (Plurinational State of),One or more children,2021,National
33.099998474121094,26,,BOL,221,29191,331,43348,Bolivia (Plurinational State of),No children,2021,Rural
32.79999923706055,26,,BOL,221,29191,331,43350,Bolivia (Plurinational State of),Total (with or without children),2021,Rural
31.700000762939453,26,,BOL,221,29191,331,43349,Bolivia (Plurinational State of),One or more children,2021,Rural
41.79999923706055,26,,BOL,221,29191,330,43348,Bolivia (Plurinational State of),No children,2021,Urban
41.20000076293945,26,,BOL,221,29191,330,43350,Bolivia (Plurinational State of),Total (with or without children),2021,Urban
39.599998474121094,26,,BOL,221,29191,330,43349,Bolivia (Plurinational State of),One or more children,2021,Urban
40.20000076293945,26,,BOL,221,29192,327,43348,Bolivia (Plurinational State of),No children,2022,National
39.599998474121094,26,,BOL,221,29192,327,43350,Bolivia (Plurinational State of),Total (with or without children),2022,National
38.20000076293945,26,,BOL,221,29192,327,43349,Bolivia (Plurinational State of),One or more children,2022,National
36.5,26,,BOL,221,29192,331,43348,Bolivia (Plurinational State of),No children,2022,Rural
35.900001525878906,26,,BOL,221,29192,331,43350,Bolivia (Plurinational State of),Total (with or without children),2022,Rural
34.70000076293945,26,,BOL,221,29192,331,43349,Bolivia (Plurinational State of),One or more children,2022,Rural
41.599998474121094,26,,BOL,221,29192,330,43348,Bolivia (Plurinational State of),No children,2022,Urban
41.099998474121094,26,,BOL,221,29192,330,43350,Bolivia (Plurinational State of),Total (with or without children),2022,Urban
39.900001525878906,26,,BOL,221,29192,330,43349,Bolivia (Plurinational State of),One or more children,2022,Urban
40.70000076293945,26,,BOL,221,29193,327,43348,Bolivia (Plurinational State of),No children,2023,National
40.5,26,,BOL,221,29193,327,43350,Bolivia (Plurinational State of),Total (with or without children),2023,National
40,26,,BOL,221,29193,327,43349,Bolivia (Plurinational State of),One or more children,2023,National
38.400001525878906,26,,BOL,221,29193,331,43348,Bolivia (Plurinational State of),No children,2023,Rural
38.099998474121094,26,,BOL,221,29193,331,43350,Bolivia (Plurinational State of),Total (with or without children),2023,Rural
37,26,,BOL,221,29193,331,43349,Bolivia (Plurinational State of),One or more children,2023,Rural
41.79999923706055,26,,BOL,221,29193,330,43348,Bolivia (Plurinational State of),No children,2023,Urban
41.70000076293945,26,,BOL,221,29193,330,43350,Bolivia (Plurinational State of),Total (with or without children),2023,Urban
41.400001525878906,26,,BOL,221,29193,330,43349,Bolivia (Plurinational State of),One or more children,2023,Urban
37.29999923706055,26,8608,BRA,222,29171,327,43348,Brazil,No children,2001,National
37,26,8608,BRA,222,29171,327,43350,Brazil,Total (with or without children),2001,National
36.20000076293945,26,8608,BRA,222,29171,327,43349,Brazil,One or more children,2001,National
28.700000762939453,26,8608,BRA,222,29171,331,43348,Brazil,No children,2001,Rural
28.100000381469727,26,8608,BRA,222,29171,331,43350,Brazil,Total (with or without children),2001,Rural
27,26,8608,BRA,222,29171,331,43349,Brazil,One or more children,2001,Rural
38.79999923706055,26,8608,BRA,222,29171,330,43348,Brazil,No children,2001,Urban
38.70000076293945,26,8608,BRA,222,29171,330,43350,Brazil,Total (with or without children),2001,Urban
38.5,26,8608,BRA,222,29171,330,43349,Brazil,One or more children,2001,Urban
36.599998474121094,26,8608,BRA,222,29172,327,43348,Brazil,No children,2002,National
36.29999923706055,26,8608,BRA,222,29172,327,43350,Brazil,Total (with or without children),2002,National
35.599998474121094,26,8608,BRA,222,29172,327,43349,Brazil,One or more children,2002,National
27.799999237060547,26,8608,BRA,222,29172,331,43348,Brazil,No children,2002,Rural
27.5,26,8608,BRA,222,29172,331,43350,Brazil,Total (with or without children),2002,Rural
26.899999618530273,26,8608,BRA,222,29172,331,43349,Brazil,One or more children,2002,Rural
38.20000076293945,26,8608,BRA,222,29172,330,43348,Brazil,No children,2002,Urban
38.099998474121094,26,8608,BRA,222,29172,330,43350,Brazil,Total (with or without children),2002,Urban
37.70000076293945,26,8608,BRA,222,29172,330,43349,Brazil,One or more children,2002,Urban
36.5,26,8608,BRA,222,29173,327,43348,Brazil,No children,2003,National
36.29999923706055,26,8608,BRA,222,29173,327,43350,Brazil,Total (with or without children),2003,National
35.599998474121094,26,8608,BRA,222,29173,327,43349,Brazil,One or more children,2003,National
27.899999618530273,26,8608,BRA,222,29173,331,43348,Brazil,No children,2003,Rural
27.600000381469727,26,8608,BRA,222,29173,331,43350,Brazil,Total (with or without children),2003,Rural
26.899999618530273,26,8608,BRA,222,29173,331,43349,Brazil,One or more children,2003,Rural
38.099998474121094,26,8608,BRA,222,29173,330,43348,Brazil,No children,2003,Urban
38,26,8608,BRA,222,29173,330,43350,Brazil,Total (with or without children),2003,Urban
37.599998474121094,26,8608,BRA,222,29173,330,43349,Brazil,One or more children,2003,Urban
36.5,26,8608,BRA,222,29174,327,43348,Brazil,No children,2004,National
36.20000076293945,26,8608,BRA,222,29174,327,43350,Brazil,Total (with or without children),2004,National
35.5,26,8608,BRA,222,29174,327,43349,Brazil,One or more children,2004,National
27.799999237060547,26,8608,BRA,222,29174,331,43348,Brazil,No children,2004,Rural
27.5,26,8608,BRA,222,29174,331,43350,Brazil,Total (with or without children),2004,Rural
26.899999618530273,26,8608,BRA,222,29174,331,43349,Brazil,One or more children,2004,Rural
38.20000076293945,26,8608,BRA,222,29174,330,43348,Brazil,No children,2004,Urban
38,26,8608,BRA,222,29174,330,43350,Brazil,Total (with or without children),2004,Urban
37.599998474121094,26,8608,BRA,222,29174,330,43349,Brazil,One or more children,2004,Urban
36,26,8608,BRA,222,29175,327,43348,Brazil,No children,2005,National
35.70000076293945,26,8608,BRA,222,29175,327,43350,Brazil,Total (with or without children),2005,National
35,26,8608,BRA,222,29175,327,43349,Brazil,One or more children,2005,National
27,26,8608,BRA,222,29175,331,43348,Brazil,No children,2005,Rural
26.899999618530273,26,8608,BRA,222,29175,331,43350,Brazil,Total (with or without children),2005,Rural
26.600000381469727,26,8608,BRA,222,29175,331,43349,Brazil,One or more children,2005,Rural
37.79999923706055,26,8608,BRA,222,29175,330,43348,Brazil,No children,2005,Urban
37.599998474121094,26,8608,BRA,222,29175,330,43350,Brazil,Total (with or without children),2005,Urban
37.29999923706055,26,8608,BRA,222,29175,330,43349,Brazil,One or more children,2005,Urban
36.20000076293945,26,8608,BRA,222,29176,327,43348,Brazil,No children,2006,National
35.900001525878906,26,8608,BRA,222,29176,327,43350,Brazil,Total (with or without children),2006,National
35,26,8608,BRA,222,29176,327,43349,Brazil,One or more children,2006,National
27.100000381469727,26,8608,BRA,222,29176,331,43348,Brazil,No children,2006,Rural
26.600000381469727,26,8608,BRA,222,29176,331,43350,Brazil,Total (with or without children),2006,Rural
25.600000381469727,26,8608,BRA,222,29176,331,43349,Brazil,One or more children,2006,Rural
37.900001525878906,26,8608,BRA,222,29176,330,43348,Brazil,No children,2006,Urban
37.79999923706055,26,8608,BRA,222,29176,330,43350,Brazil,Total (with or without children),2006,Urban
37.400001525878906,26,8608,BRA,222,29176,330,43349,Brazil,One or more children,2006,Urban
36.400001525878906,26,8608,BRA,222,29177,327,43348,Brazil,No children,2007,National
36.099998474121094,26,8608,BRA,222,29177,327,43350,Brazil,Total (with or without children),2007,National
35.400001525878906,26,8608,BRA,222,29177,327,43349,Brazil,One or more children,2007,National
27.299999237060547,26,8608,BRA,222,29177,331,43348,Brazil,No children,2007,Rural
26.899999618530273,26,8608,BRA,222,29177,331,43350,Brazil,Total (with or without children),2007,Rural
26,26,8608,BRA,222,29177,331,43349,Brazil,One or more children,2007,Rural
38,26,8608,BRA,222,29177,330,43348,Brazil,No children,2007,Urban
37.900001525878906,26,8608,BRA,222,29177,330,43350,Brazil,Total (with or without children),2007,Urban
37.599998474121094,26,8608,BRA,222,29177,330,43349,Brazil,One or more children,2007,Urban
36.599998474121094,26,8608,BRA,222,29178,327,43348,Brazil,No children,2008,National
36.400001525878906,26,8608,BRA,222,29178,327,43350,Brazil,Total (with or without children),2008,National
35.599998474121094,26,8608,BRA,222,29178,327,43349,Brazil,One or more children,2008,National
27.399999618530273,26,8608,BRA,222,29178,331,43348,Brazil,No children,2008,Rural
27.200000762939453,26,8608,BRA,222,29178,331,43350,Brazil,Total (with or without children),2008,Rural
26.700000762939453,26,8608,BRA,222,29178,331,43349,Brazil,One or more children,2008,Rural
38.20000076293945,26,8608,BRA,222,29178,330,43348,Brazil,No children,2008,Urban
38,26,8608,BRA,222,29178,330,43350,Brazil,Total (with or without children),2008,Urban
37.599998474121094,26,8608,BRA,222,29178,330,43349,Brazil,One or more children,2008,Urban
36.5,26,8608,BRA,222,29179,327,43348,Brazil,No children,2009,National
36.400001525878906,26,8608,BRA,222,29179,327,43350,Brazil,Total (with or without children),2009,National
35.79999923706055,26,8608,BRA,222,29179,327,43349,Brazil,One or more children,2009,National
28,26,8608,BRA,222,29179,331,43348,Brazil,No children,2009,Rural
27.899999618530273,26,8608,BRA,222,29179,331,43350,Brazil,Total (with or without children),2009,Rural
27.600000381469727,26,8608,BRA,222,29179,331,43349,Brazil,One or more children,2009,Rural
38,26,8608,BRA,222,29179,330,43348,Brazil,No children,2009,Urban
37.900001525878906,26,8608,BRA,222,29179,330,43350,Brazil,Total (with or without children),2009,Urban
37.599998474121094,26,8608,BRA,222,29179,330,43349,Brazil,One or more children,2009,Urban
37.099998474121094,26,8608,BRA,222,29181,327,43348,Brazil,No children,2011,National
36.900001525878906,26,8608,BRA,222,29181,327,43350,Brazil,Total (with or without children),2011,National
36.400001525878906,26,8608,BRA,222,29181,327,43349,Brazil,One or more children,2011,National
28.600000381469727,26,8608,BRA,222,29181,331,43348,Brazil,No children,2011,Rural
28.399999618530273,26,8608,BRA,222,29181,331,43350,Brazil,Total (with or without children),2011,Rural
27.600000381469727,26,8608,BRA,222,29181,331,43349,Brazil,One or more children,2011,Rural
38.29999923706055,26,8608,BRA,222,29181,330,43348,Brazil,No children,2011,Urban
38.20000076293945,26,8608,BRA,222,29181,330,43350,Brazil,Total (with or without children),2011,Urban
38,26,8608,BRA,222,29181,330,43349,Brazil,One or more children,2011,Urban
36.900001525878906,26,8608,BRA,222,29182,327,43348,Brazil,No children,2012,National
36.79999923706055,26,8608,BRA,222,29182,327,43350,Brazil,Total (with or without children),2012,National
36.29999923706055,26,8608,BRA,222,29182,327,43349,Brazil,One or more children,2012,National
28.299999237060547,26,8608,BRA,222,29182,331,43348,Brazil,No children,2012,Rural
28,26,8608,BRA,222,29182,331,43350,Brazil,Total (with or without children),2012,Rural
26.899999618530273,26,8608,BRA,222,29182,331,43349,Brazil,One or more children,2012,Rural
38.099998474121094,26,8608,BRA,222,29182,330,43348,Brazil,No children,2012,Urban
38.099998474121094,26,8608,BRA,222,29182,330,43350,Brazil,Total (with or without children),2012,Urban
37.900001525878906,26,8608,BRA,222,29182,330,43349,Brazil,One or more children,2012,Urban
36.599998474121094,26,8608,BRA,222,29183,327,43348,Brazil,No children,2013,National
36.400001525878906,26,8608,BRA,222,29183,327,43350,Brazil,Total (with or without children),2013,National
36,26,8608,BRA,222,29183,327,43349,Brazil,One or more children,2013,National
27.5,26,8608,BRA,222,29183,331,43348,Brazil,No children,2013,Rural
27.399999618530273,26,8608,BRA,222,29183,331,43350,Brazil,Total (with or without children),2013,Rural
26.899999618530273,26,8608,BRA,222,29183,331,43349,Brazil,One or more children,2013,Rural
37.900001525878906,26,8608,BRA,222,29183,330,43348,Brazil,No children,2013,Urban
37.79999923706055,26,8608,BRA,222,29183,330,43350,Brazil,Total (with or without children),2013,Urban
37.599998474121094,26,8608,BRA,222,29183,330,43349,Brazil,One or more children,2013,Urban
36.20000076293945,26,8608,BRA,222,29184,327,43348,Brazil,No children,2014,National
36.099998474121094,26,8608,BRA,222,29184,327,43350,Brazil,Total (with or without children),2014,National
35.70000076293945,26,8608,BRA,222,29184,327,43349,Brazil,One or more children,2014,National
27,26,8608,BRA,222,29184,331,43348,Brazil,No children,2014,Rural
26.799999237060547,26,8608,BRA,222,29184,331,43350,Brazil,Total (with or without children),2014,Rural
26.299999237060547,26,8608,BRA,222,29184,331,43349,Brazil,One or more children,2014,Rural
37.599998474121094,26,8608,BRA,222,29184,330,43348,Brazil,No children,2014,Urban
37.599998474121094,26,8608,BRA,222,29184,330,43350,Brazil,Total (with or without children),2014,Urban
37.29999923706055,26,8608,BRA,222,29184,330,43349,Brazil,One or more children,2014,Urban
35.599998474121094,26,8608,BRA,222,29185,327,43348,Brazil,No children,2015,National
35.5,26,8608,BRA,222,29185,327,43350,Brazil,Total (with or without children),2015,National
35.099998474121094,26,8608,BRA,222,29185,327,43349,Brazil,One or more children,2015,National
26.399999618530273,26,8608,BRA,222,29185,331,43348,Brazil,No children,2015,Rural
26.100000381469727,26,8608,BRA,222,29185,331,43350,Brazil,Total (with or without children),2015,Rural
25.299999237060547,26,8608,BRA,222,29185,331,43349,Brazil,One or more children,2015,Rural
37,26,8608,BRA,222,29185,330,43348,Brazil,No children,2015,Urban
36.900001525878906,26,8608,BRA,222,29185,330,43350,Brazil,Total (with or without children),2015,Urban
36.70000076293945,26,8608,BRA,222,29185,330,43349,Brazil,One or more children,2015,Urban
37.5,26,8609,BRA,222,29186,327,43348,Brazil,No children,2016,National
37.20000076293945,26,8609,BRA,222,29186,327,43350,Brazil,Total (with or without children),2016,National
36.400001525878906,26,8609,BRA,222,29186,327,43349,Brazil,One or more children,2016,National
33.5,26,8609,BRA,222,29186,331,43348,Brazil,No children,2016,Rural
33,26,8609,BRA,222,29186,331,43350,Brazil,Total (with or without children),2016,Rural
31.600000381469727,26,8609,BRA,222,29186,331,43349,Brazil,One or more children,2016,Rural
37.79999923706055,26,8609,BRA,222,29186,330,43348,Brazil,No children,2016,Urban
37.599998474121094,26,8609,BRA,222,29186,330,43350,Brazil,Total (with or without children),2016,Urban
36.900001525878906,26,8609,BRA,222,29186,330,43349,Brazil,One or more children,2016,Urban
37.099998474121094,26,8609,BRA,222,29187,327,43348,Brazil,No children,2017,National
37,26,8609,BRA,222,29187,327,43350,Brazil,Total (with or without children),2017,National
36.400001525878906,26,8609,BRA,222,29187,327,43349,Brazil,One or more children,2017,National
33.099998474121094,26,8609,BRA,222,29187,331,43348,Brazil,No children,2017,Rural
32.70000076293945,26,8609,BRA,222,29187,331,43350,Brazil,Total (with or without children),2017,Rural
31.600000381469727,26,8609,BRA,222,29187,331,43349,Brazil,One or more children,2017,Rural
37.5,26,8609,BRA,222,29187,330,43348,Brazil,No children,2017,Urban
37.400001525878906,26,8609,BRA,222,29187,330,43350,Brazil,Total (with or without children),2017,Urban
36.900001525878906,26,8609,BRA,222,29187,330,43349,Brazil,One or more children,2017,Urban
37.29999923706055,26,8609,BRA,222,29188,327,43348,Brazil,No children,2018,National
37,26,8609,BRA,222,29188,327,43350,Brazil,Total (with or without children),2018,National
36.20000076293945,26,8609,BRA,222,29188,327,43349,Brazil,One or more children,2018,National
32.900001525878906,26,8609,BRA,222,29188,331,43348,Brazil,No children,2018,Rural
32.5,26,8609,BRA,222,29188,331,43350,Brazil,Total (with or without children),2018,Rural
31,26,8609,BRA,222,29188,331,43349,Brazil,One or more children,2018,Rural
37.70000076293945,26,8609,BRA,222,29188,330,43348,Brazil,No children,2018,Urban
37.5,26,8609,BRA,222,29188,330,43350,Brazil,Total (with or without children),2018,Urban
36.70000076293945,26,8609,BRA,222,29188,330,43349,Brazil,One or more children,2018,Urban
37.29999923706055,26,8609,BRA,222,29189,327,43348,Brazil,No children,2019,National
37.099998474121094,26,8609,BRA,222,29189,327,43350,Brazil,Total (with or without children),2019,National
36.20000076293945,26,8609,BRA,222,29189,327,43349,Brazil,One or more children,2019,National
33.099998474121094,26,8609,BRA,222,29189,331,43348,Brazil,No children,2019,Rural
32.70000076293945,26,8609,BRA,222,29189,331,43350,Brazil,Total (with or without children),2019,Rural
31.399999618530273,26,8609,BRA,222,29189,331,43349,Brazil,One or more children,2019,Rural
37.70000076293945,26,8609,BRA,222,29189,330,43348,Brazil,No children,2019,Urban
37.5,26,8609,BRA,222,29189,330,43350,Brazil,Total (with or without children),2019,Urban
36.79999923706055,26,8609,BRA,222,29189,330,43349,Brazil,One or more children,2019,Urban
37.29999923706055,26,8609,BRA,222,29190,327,43348,Brazil,No children,2020,National
37.20000076293945,26,8609,BRA,222,29190,327,43350,Brazil,Total (with or without children),2020,National
36.70000076293945,26,8609,BRA,222,29190,327,43349,Brazil,One or more children,2020,National
33.599998474121094,26,8609,BRA,222,29190,331,43348,Brazil,No children,2020,Rural
33.20000076293945,26,8609,BRA,222,29190,331,43350,Brazil,Total (with or without children),2020,Rural
31.899999618530273,26,8609,BRA,222,29190,331,43349,Brazil,One or more children,2020,Rural
37.70000076293945,26,8609,BRA,222,29190,330,43348,Brazil,No children,2020,Urban
37.599998474121094,26,8609,BRA,222,29190,330,43350,Brazil,Total (with or without children),2020,Urban
37.20000076293945,26,8609,BRA,222,29190,330,43349,Brazil,One or more children,2020,Urban
37.099998474121094,26,8609,BRA,222,29191,327,43348,Brazil,No children,2021,National
37,26,8609,BRA,222,29191,327,43350,Brazil,Total (with or without children),2021,National
36.70000076293945,26,8609,BRA,222,29191,327,43349,Brazil,One or more children,2021,National
34,26,8609,BRA,222,29191,331,43348,Brazil,No children,2021,Rural
33.79999923706055,26,8609,BRA,222,29191,331,43350,Brazil,Total (with or without children),2021,Rural
33.400001525878906,26,8609,BRA,222,29191,331,43349,Brazil,One or more children,2021,Rural
37.400001525878906,26,8609,BRA,222,29191,330,43348,Brazil,No children,2021,Urban
37.29999923706055,26,8609,BRA,222,29191,330,43350,Brazil,Total (with or without children),2021,Urban
37.099998474121094,26,8609,BRA,222,29191,330,43349,Brazil,One or more children,2021,Urban
37.5,26,8609,BRA,222,29192,327,43348,Brazil,No children,2022,National
37.29999923706055,26,8609,BRA,222,29192,327,43350,Brazil,Total (with or without children),2022,National
36.79999923706055,26,8609,BRA,222,29192,327,43349,Brazil,One or more children,2022,National
33.5,26,8609,BRA,222,29192,331,43348,Brazil,No children,2022,Rural
33.099998474121094,26,8609,BRA,222,29192,331,43350,Brazil,Total (with or without children),2022,Rural
31.799999237060547,26,8609,BRA,222,29192,331,43349,Brazil,One or more children,2022,Rural
37.79999923706055,26,8609,BRA,222,29192,330,43348,Brazil,No children,2022,Urban
37.70000076293945,26,8609,BRA,222,29192,330,43350,Brazil,Total (with or without children),2022,Urban
37.20000076293945,26,8609,BRA,222,29192,330,43349,Brazil,One or more children,2022,Urban
37.599998474121094,26,8609,BRA,222,29193,327,43348,Brazil,No children,2023,National
37.5,26,8609,BRA,222,29193,327,43350,Brazil,Total (with or without children),2023,National
37,26,8609,BRA,222,29193,327,43349,Brazil,One or more children,2023,National
34.400001525878906,26,8609,BRA,222,29193,331,43348,Brazil,No children,2023,Rural
34,26,8609,BRA,222,29193,331,43350,Brazil,Total (with or without children),2023,Rural
32.900001525878906,26,8609,BRA,222,29193,331,43349,Brazil,One or more children,2023,Rural
37.900001525878906,26,8609,BRA,222,29193,330,43348,Brazil,No children,2023,Urban
37.79999923706055,26,8609,BRA,222,29193,330,43350,Brazil,Total (with or without children),2023,Urban
37.400001525878906,26,8609,BRA,222,29193,330,43349,Brazil,One or more children,2023,Urban
37.900001525878906,26,8609,BRA,222,29194,327,43348,Brazil,No children,2024,National
37.70000076293945,26,8609,BRA,222,29194,327,43350,Brazil,Total (with or without children),2024,National
37,26,8609,BRA,222,29194,327,43349,Brazil,One or more children,2024,National
34.099998474121094,26,8609,BRA,222,29194,331,43348,Brazil,No children,2024,Rural
33.599998474121094,26,8609,BRA,222,29194,331,43350,Brazil,Total (with or without children),2024,Rural
32.20000076293945,26,8609,BRA,222,29194,331,43349,Brazil,One or more children,2024,Rural
38.20000076293945,26,8609,BRA,222,29194,330,43348,Brazil,No children,2024,Urban
38,26,8609,BRA,222,29194,330,43350,Brazil,Total (with or without children),2024,Urban
37.5,26,8609,BRA,222,29194,330,43349,Brazil,One or more children,2024,Urban
44.79999923706055,26,,CHL,224,29170,327,43348,Chile,No children,2000,National
44.70000076293945,26,,CHL,224,29170,327,43350,Chile,Total (with or without children),2000,National
44.5,26,,CHL,224,29170,327,43349,Chile,One or more children,2000,National
45.099998474121094,26,,CHL,224,29170,331,43348,Chile,No children,2000,Rural
45,26,,CHL,224,29170,331,43350,Chile,Total (with or without children),2000,Rural
44.79999923706055,26,,CHL,224,29170,331,43349,Chile,One or more children,2000,Rural
44.79999923706055,26,,CHL,224,29170,330,43348,Chile,No children,2000,Urban
44.70000076293945,26,,CHL,224,29170,330,43350,Chile,Total (with or without children),2000,Urban
44.5,26,,CHL,224,29170,330,43349,Chile,One or more children,2000,Urban
39.599998474121094,26,,CHL,224,29173,327,43348,Chile,No children,2003,National
39.5,26,,CHL,224,29173,327,43350,Chile,Total (with or without children),2003,National
39.20000076293945,26,,CHL,224,29173,327,43349,Chile,One or more children,2003,National
39.79999923706055,26,,CHL,224,29173,331,43348,Chile,No children,2003,Rural
39.5,26,,CHL,224,29173,331,43350,Chile,Total (with or without children),2003,Rural
38.900001525878906,26,,CHL,224,29173,331,43349,Chile,One or more children,2003,Rural
39.599998474121094,26,,CHL,224,29173,330,43348,Chile,No children,2003,Urban
39.5,26,,CHL,224,29173,330,43350,Chile,Total (with or without children),2003,Urban
39.20000076293945,26,,CHL,224,29173,330,43349,Chile,One or more children,2003,Urban
41.29999923706055,26,,CHL,224,29176,327,43348,Chile,No children,2006,National
41.099998474121094,26,,CHL,224,29176,327,43350,Chile,Total (with or without children),2006,National
40.599998474121094,26,,CHL,224,29176,327,43349,Chile,One or more children,2006,National
42,26,,CHL,224,29176,331,43348,Chile,No children,2006,Rural
41.900001525878906,26,,CHL,224,29176,331,43350,Chile,Total (with or without children),2006,Rural
41.70000076293945,26,,CHL,224,29176,331,43349,Chile,One or more children,2006,Rural
41.20000076293945,26,,CHL,224,29176,330,43348,Chile,No children,2006,Urban
41,26,,CHL,224,29176,330,43350,Chile,Total (with or without children),2006,Urban
40.5,26,,CHL,224,29176,330,43349,Chile,One or more children,2006,Urban
40.099998474121094,26,,CHL,224,29179,327,43348,Chile,No children,2009,National
40.29999923706055,26,,CHL,224,29179,327,43350,Chile,Total (with or without children),2009,National
40.70000076293945,26,,CHL,224,29179,327,43349,Chile,One or more children,2009,National
40.70000076293945,26,,CHL,224,29179,331,43348,Chile,No children,2009,Rural
41,26,,CHL,224,29179,331,43350,Chile,Total (with or without children),2009,Rural
41.79999923706055,26,,CHL,224,29179,331,43349,Chile,One or more children,2009,Rural
40,26,,CHL,224,29179,330,43348,Chile,No children,2009,Urban
40.20000076293945,26,,CHL,224,29179,330,43350,Chile,Total (with or without children),2009,Urban
40.599998474121094,26,,CHL,224,29179,330,43349,Chile,One or more children,2009,Urban
40.400001525878906,26,,CHL,224,29181,327,43348,Chile,No children,2011,National
40.099998474121094,26,,CHL,224,29181,327,43350,Chile,Total (with or without children),2011,National
39.400001525878906,26,,CHL,224,29181,327,43349,Chile,One or more children,2011,National
41.099998474121094,26,,CHL,224,29181,331,43348,Chile,No children,2011,Rural
40.900001525878906,26,,CHL,224,29181,331,43350,Chile,Total (with or without children),2011,Rural
40.20000076293945,26,,CHL,224,29181,331,43349,Chile,One or more children,2011,Rural
40.29999923706055,26,,CHL,224,29181,330,43348,Chile,No children,2011,Urban
40,26,,CHL,224,29181,330,43350,Chile,Total (with or without children),2011,Urban
39.29999923706055,26,,CHL,224,29181,330,43349,Chile,One or more children,2011,Urban
40.29999923706055,26,,CHL,224,29183,327,43348,Chile,No children,2013,National
40,26,,CHL,224,29183,327,43350,Chile,Total (with or without children),2013,National
39.20000076293945,26,,CHL,224,29183,327,43349,Chile,One or more children,2013,National
40.5,26,,CHL,224,29183,331,43348,Chile,No children,2013,Rural
40.20000076293945,26,,CHL,224,29183,331,43350,Chile,Total (with or without children),2013,Rural
39.400001525878906,26,,CHL,224,29183,331,43349,Chile,One or more children,2013,Rural
40.29999923706055,26,,CHL,224,29183,330,43348,Chile,No children,2013,Urban
40,26,,CHL,224,29183,330,43350,Chile,Total (with or without children),2013,Urban
39.20000076293945,26,,CHL,224,29183,330,43349,Chile,One or more children,2013,Urban
40.20000076293945,26,,CHL,224,29185,327,43348,Chile,No children,2015,National
39.900001525878906,26,,CHL,224,29185,327,43350,Chile,Total (with or without children),2015,National
39.20000076293945,26,,CHL,224,29185,327,43349,Chile,One or more children,2015,National
40.400001525878906,26,,CHL,224,29185,331,43348,Chile,No children,2015,Rural
40.20000076293945,26,,CHL,224,29185,331,43350,Chile,Total (with or without children),2015,Rural
39.79999923706055,26,,CHL,224,29185,331,43349,Chile,One or more children,2015,Rural
40.20000076293945,26,,CHL,224,29185,330,43348,Chile,No children,2015,Urban
39.900001525878906,26,,CHL,224,29185,330,43350,Chile,Total (with or without children),2015,Urban
39.099998474121094,26,,CHL,224,29185,330,43349,Chile,One or more children,2015,Urban
40.20000076293945,26,,CHL,224,29187,327,43348,Chile,No children,2017,National
39.900001525878906,26,,CHL,224,29187,327,43350,Chile,Total (with or without children),2017,National
39.20000076293945,26,,CHL,224,29187,327,43349,Chile,One or more children,2017,National
40.5,26,,CHL,224,29187,331,43348,Chile,No children,2017,Rural
40.400001525878906,26,,CHL,224,29187,331,43350,Chile,Total (with or without children),2017,Rural
40,26,,CHL,224,29187,331,43349,Chile,One or more children,2017,Rural
40.099998474121094,26,,CHL,224,29187,330,43348,Chile,No children,2017,Urban
39.900001525878906,26,,CHL,224,29187,330,43350,Chile,Total (with or without children),2017,Urban
39.20000076293945,26,,CHL,224,29187,330,43349,Chile,One or more children,2017,Urban
36.900001525878906,26,,CHL,224,29190,327,43348,Chile,No children,2020,National
37.29999923706055,26,,CHL,224,29190,327,43350,Chile,Total (with or without children),2020,National
38.400001525878906,26,,CHL,224,29190,327,43349,Chile,One or more children,2020,National
36.599998474121094,26,,CHL,224,29190,331,43348,Chile,No children,2020,Rural
36.400001525878906,26,,CHL,224,29190,331,43350,Chile,Total (with or without children),2020,Rural
35.900001525878906,26,,CHL,224,29190,331,43349,Chile,One or more children,2020,Rural
36.900001525878906,26,,CHL,224,29190,330,43348,Chile,No children,2020,Urban
37.400001525878906,26,,CHL,224,29190,330,43350,Chile,Total (with or without children),2020,Urban
38.599998474121094,26,,CHL,224,29190,330,43349,Chile,One or more children,2020,Urban
38.79999923706055,26,,CHL,224,29192,327,43348,Chile,No children,2022,National
38.70000076293945,26,,CHL,224,29192,327,43350,Chile,Total (with or without children),2022,National
38.099998474121094,26,,CHL,224,29192,327,43349,Chile,One or more children,2022,National
38.099998474121094,26,,CHL,224,29192,331,43348,Chile,No children,2022,Rural
38.20000076293945,26,,CHL,224,29192,331,43350,Chile,Total (with or without children),2022,Rural
38.5,26,,CHL,224,29192,331,43349,Chile,One or more children,2022,Rural
38.900001525878906,26,,CHL,224,29192,330,43348,Chile,No children,2022,Urban
38.70000076293945,26,,CHL,224,29192,330,43350,Chile,Total (with or without children),2022,Urban
38.099998474121094,26,,CHL,224,29192,330,43349,Chile,One or more children,2022,Urban
40,26,8610,COL,225,29172,327,43348,Colombia,No children,2002,National
40,26,8610,COL,225,29172,327,43350,Colombia,Total (with or without children),2002,National
39.900001525878906,26,8610,COL,225,29172,327,43349,Colombia,One or more children,2002,National
33.900001525878906,26,8610,COL,225,29172,331,43348,Colombia,No children,2002,Rural
34.20000076293945,26,8610,COL,225,29172,331,43350,Colombia,Total (with or without children),2002,Rural
34.599998474121094,26,8610,COL,225,29172,331,43349,Colombia,One or more children,2002,Rural
41.099998474121094,26,8610,COL,225,29172,330,43348,Colombia,No children,2002,Urban
41.20000076293945,26,8610,COL,225,29172,330,43350,Colombia,Total (with or without children),2002,Urban
41.29999923706055,26,8610,COL,225,29172,330,43349,Colombia,One or more children,2002,Urban
41,26,8610,COL,225,29173,327,43348,Colombia,No children,2003,National
40.900001525878906,26,8610,COL,225,29173,327,43350,Colombia,Total (with or without children),2003,National
40.599998474121094,26,8610,COL,225,29173,327,43349,Colombia,One or more children,2003,National
35.70000076293945,26,8610,COL,225,29173,331,43348,Colombia,No children,2003,Rural
35.599998474121094,26,8610,COL,225,29173,331,43350,Colombia,Total (with or without children),2003,Rural
35.5,26,8610,COL,225,29173,331,43349,Colombia,One or more children,2003,Rural
42.099998474121094,26,8610,COL,225,29173,330,43348,Colombia,No children,2003,Urban
42,26,8610,COL,225,29173,330,43350,Colombia,Total (with or without children),2003,Urban
42,26,8610,COL,225,29173,330,43349,Colombia,One or more children,2003,Urban
41.20000076293945,26,8610,COL,225,29174,327,43348,Colombia,No children,2004,National
40.79999923706055,26,8610,COL,225,29174,327,43350,Colombia,Total (with or without children),2004,National
40.20000076293945,26,8610,COL,225,29174,327,43349,Colombia,One or more children,2004,National
33.79999923706055,26,8610,COL,225,29174,331,43348,Colombia,No children,2004,Rural
33.70000076293945,26,8610,COL,225,29174,331,43350,Colombia,Total (with or without children),2004,Rural
33.5,26,8610,COL,225,29174,331,43349,Colombia,One or more children,2004,Rural
42.5,26,8610,COL,225,29174,330,43348,Colombia,No children,2004,Urban
42.400001525878906,26,8610,COL,225,29174,330,43350,Colombia,Total (with or without children),2004,Urban
42.099998474121094,26,8610,COL,225,29174,330,43349,Colombia,One or more children,2004,Urban
41.79999923706055,26,8610,COL,225,29175,327,43348,Colombia,No children,2005,National
41.599998474121094,26,8610,COL,225,29175,327,43350,Colombia,Total (with or without children),2005,National
41.20000076293945,26,8610,COL,225,29175,327,43349,Colombia,One or more children,2005,National
35.400001525878906,26,8610,COL,225,29175,331,43348,Colombia,No children,2005,Rural
35.29999923706055,26,8610,COL,225,29175,331,43350,Colombia,Total (with or without children),2005,Rural
35.20000076293945,26,8610,COL,225,29175,331,43349,Colombia,One or more children,2005,Rural
42.900001525878906,26,8610,COL,225,29175,330,43348,Colombia,No children,2005,Urban
42.79999923706055,26,8610,COL,225,29175,330,43350,Colombia,Total (with or without children),2005,Urban
42.70000076293945,26,8610,COL,225,29175,330,43349,Colombia,One or more children,2005,Urban
42.5,26,8611,COL,225,29178,327,43348,Colombia,No children,2008,National
42.400001525878906,26,8611,COL,225,29178,327,43350,Colombia,Total (with or without children),2008,National
42.099998474121094,26,8611,COL,225,29178,327,43349,Colombia,One or more children,2008,National
35,26,8611,COL,225,29178,331,43348,Colombia,No children,2008,Rural
35.29999923706055,26,8611,COL,225,29178,331,43350,Colombia,Total (with or without children),2008,Rural
35.70000076293945,26,8611,COL,225,29178,331,43349,Colombia,One or more children,2008,Rural
43.5,26,8611,COL,225,29178,330,43348,Colombia,No children,2008,Urban
43.5,26,8611,COL,225,29178,330,43350,Colombia,Total (with or without children),2008,Urban
43.400001525878906,26,8611,COL,225,29178,330,43349,Colombia,One or more children,2008,Urban
41.599998474121094,26,8611,COL,225,29179,327,43348,Colombia,No children,2009,National
41.400001525878906,26,8611,COL,225,29179,327,43350,Colombia,Total (with or without children),2009,National
41,26,8611,COL,225,29179,327,43349,Colombia,One or more children,2009,National
34,26,8611,COL,225,29179,331,43348,Colombia,No children,2009,Rural
33.900001525878906,26,8611,COL,225,29179,331,43350,Colombia,Total (with or without children),2009,Rural
33.79999923706055,26,8611,COL,225,29179,331,43349,Colombia,One or more children,2009,Rural
42.79999923706055,26,8611,COL,225,29179,330,43348,Colombia,No children,2009,Urban
42.70000076293945,26,8611,COL,225,29179,330,43350,Colombia,Total (with or without children),2009,Urban
42.5,26,8611,COL,225,29179,330,43349,Colombia,One or more children,2009,Urban
41.29999923706055,26,8611,COL,225,29180,327,43348,Colombia,No children,2010,National
41.099998474121094,26,8611,COL,225,29180,327,43350,Colombia,Total (with or without children),2010,National
40.599998474121094,26,8611,COL,225,29180,327,43349,Colombia,One or more children,2010,National
34.79999923706055,26,8611,COL,225,29180,331,43348,Colombia,No children,2010,Rural
34.70000076293945,26,8611,COL,225,29180,331,43350,Colombia,Total (with or without children),2010,Rural
34.400001525878906,26,8611,COL,225,29180,331,43349,Colombia,One or more children,2010,Rural
42.400001525878906,26,8611,COL,225,29180,330,43348,Colombia,No children,2010,Urban
42.29999923706055,26,8611,COL,225,29180,330,43350,Colombia,Total (with or without children),2010,Urban
42.099998474121094,26,8611,COL,225,29180,330,43349,Colombia,One or more children,2010,Urban
40.70000076293945,26,8611,COL,225,29181,327,43348,Colombia,No children,2011,National
40.5,26,8611,COL,225,29181,327,43350,Colombia,Total (with or without children),2011,National
40.20000076293945,26,8611,COL,225,29181,327,43349,Colombia,One or more children,2011,National
33,26,8611,COL,225,29181,331,43348,Colombia,No children,2011,Rural
32.900001525878906,26,8611,COL,225,29181,331,43350,Colombia,Total (with or without children),2011,Rural
32.70000076293945,26,8611,COL,225,29181,331,43349,Colombia,One or more children,2011,Rural
42,26,8611,COL,225,29181,330,43348,Colombia,No children,2011,Urban
42,26,8611,COL,225,29181,330,43350,Colombia,Total (with or without children),2011,Urban
41.79999923706055,26,8611,COL,225,29181,330,43349,Colombia,One or more children,2011,Urban
40.29999923706055,26,8611,COL,225,29182,327,43348,Colombia,No children,2012,National
40.099998474121094,26,8611,COL,225,29182,327,43350,Colombia,Total (with or without children),2012,National
39.70000076293945,26,8611,COL,225,29182,327,43349,Colombia,One or more children,2012,National
32.29999923706055,26,8611,COL,225,29182,331,43348,Colombia,No children,2012,Rural
32.099998474121094,26,8611,COL,225,29182,331,43350,Colombia,Total (with or without children),2012,Rural
31.700000762939453,26,8611,COL,225,29182,331,43349,Colombia,One or more children,2012,Rural
41.599998474121094,26,8611,COL,225,29182,330,43348,Colombia,No children,2012,Urban
41.599998474121094,26,8611,COL,225,29182,330,43350,Colombia,Total (with or without children),2012,Urban
41.400001525878906,26,8611,COL,225,29182,330,43349,Colombia,One or more children,2012,Urban
40.20000076293945,26,8611,COL,225,29183,327,43348,Colombia,No children,2013,National
39.79999923706055,26,8611,COL,225,29183,327,43350,Colombia,Total (with or without children),2013,National
39,26,8611,COL,225,29183,327,43349,Colombia,One or more children,2013,National
31.799999237060547,26,8611,COL,225,29183,331,43348,Colombia,No children,2013,Rural
31.700000762939453,26,8611,COL,225,29183,331,43350,Colombia,Total (with or without children),2013,Rural
31.5,26,8611,COL,225,29183,331,43349,Colombia,One or more children,2013,Rural
41.5,26,8611,COL,225,29183,330,43348,Colombia,No children,2013,Urban
41.29999923706055,26,8611,COL,225,29183,330,43350,Colombia,Total (with or without children),2013,Urban
40.599998474121094,26,8611,COL,225,29183,330,43349,Colombia,One or more children,2013,Urban
40.29999923706055,26,8611,COL,225,29184,327,43348,Colombia,No children,2014,National
40,26,8611,COL,225,29184,327,43350,Colombia,Total (with or without children),2014,National
39.400001525878906,26,8611,COL,225,29184,327,43349,Colombia,One or more children,2014,National
32.5,26,8611,COL,225,29184,331,43348,Colombia,No children,2014,Rural
32.29999923706055,26,8611,COL,225,29184,331,43350,Colombia,Total (with or without children),2014,Rural
32,26,8611,COL,225,29184,331,43349,Colombia,One or more children,2014,Rural
41.599998474121094,26,8611,COL,225,29184,330,43348,Colombia,No children,2014,Urban
41.400001525878906,26,8611,COL,225,29184,330,43350,Colombia,Total (with or without children),2014,Urban
41,26,8611,COL,225,29184,330,43349,Colombia,One or more children,2014,Urban
40,26,8611,COL,225,29185,327,43348,Colombia,No children,2015,National
39.79999923706055,26,8611,COL,225,29185,327,43350,Colombia,Total (with or without children),2015,National
39.20000076293945,26,8611,COL,225,29185,327,43349,Colombia,One or more children,2015,National
32.099998474121094,26,8611,COL,225,29185,331,43348,Colombia,No children,2015,Rural
32,26,8611,COL,225,29185,331,43350,Colombia,Total (with or without children),2015,Rural
31.799999237060547,26,8611,COL,225,29185,331,43349,Colombia,One or more children,2015,Rural
41.400001525878906,26,8611,COL,225,29185,330,43348,Colombia,No children,2015,Urban
41.20000076293945,26,8611,COL,225,29185,330,43350,Colombia,Total (with or without children),2015,Urban
40.79999923706055,26,8611,COL,225,29185,330,43349,Colombia,One or more children,2015,Urban
39.900001525878906,26,8611,COL,225,29186,327,43348,Colombia,No children,2016,National
39.70000076293945,26,8611,COL,225,29186,327,43350,Colombia,Total (with or without children),2016,National
39.20000076293945,26,8611,COL,225,29186,327,43349,Colombia,One or more children,2016,National
32.599998474121094,26,8611,COL,225,29186,331,43348,Colombia,No children,2016,Rural
32.400001525878906,26,8611,COL,225,29186,331,43350,Colombia,Total (with or without children),2016,Rural
32,26,8611,COL,225,29186,331,43349,Colombia,One or more children,2016,Rural
41.20000076293945,26,8611,COL,225,29186,330,43348,Colombia,No children,2016,Urban
41.099998474121094,26,8611,COL,225,29186,330,43350,Colombia,Total (with or without children),2016,Urban
40.79999923706055,26,8611,COL,225,29186,330,43349,Colombia,One or more children,2016,Urban
40,26,8611,COL,225,29187,327,43348,Colombia,No children,2017,National
39.70000076293945,26,8611,COL,225,29187,327,43350,Colombia,Total (with or without children),2017,National
39,26,8611,COL,225,29187,327,43349,Colombia,One or more children,2017,National
31.700000762939453,26,8611,COL,225,29187,331,43348,Colombia,No children,2017,Rural
31.600000381469727,26,8611,COL,225,29187,331,43350,Colombia,Total (with or without children),2017,Rural
31.399999618530273,26,8611,COL,225,29187,331,43349,Colombia,One or more children,2017,Rural
41.5,26,8611,COL,225,29187,330,43348,Colombia,No children,2017,Urban
41.20000076293945,26,8611,COL,225,29187,330,43350,Colombia,Total (with or without children),2017,Urban
40.70000076293945,26,8611,COL,225,29187,330,43349,Colombia,One or more children,2017,Urban
40.099998474121094,26,8611,COL,225,29188,327,43348,Colombia,No children,2018,National
39.70000076293945,26,8611,COL,225,29188,327,43350,Colombia,Total (with or without children),2018,National
38.70000076293945,26,8611,COL,225,29188,327,43349,Colombia,One or more children,2018,National
31.700000762939453,26,8611,COL,225,29188,331,43348,Colombia,No children,2018,Rural
31.200000762939453,26,8611,COL,225,29188,331,43350,Colombia,Total (with or without children),2018,Rural
30.100000381469727,26,8611,COL,225,29188,331,43349,Colombia,One or more children,2018,Rural
41.599998474121094,26,8611,COL,225,29188,330,43348,Colombia,No children,2018,Urban
41.29999923706055,26,8611,COL,225,29188,330,43350,Colombia,Total (with or without children),2018,Urban
40.599998474121094,26,8611,COL,225,29188,330,43349,Colombia,One or more children,2018,Urban
39.900001525878906,26,8611,COL,225,29189,327,43348,Colombia,No children,2019,National
39.599998474121094,26,8611,COL,225,29189,327,43350,Colombia,Total (with or without children),2019,National
38.79999923706055,26,8611,COL,225,29189,327,43349,Colombia,One or more children,2019,National
31.399999618530273,26,8611,COL,225,29189,331,43348,Colombia,No children,2019,Rural
31.100000381469727,26,8611,COL,225,29189,331,43350,Colombia,Total (with or without children),2019,Rural
30.600000381469727,26,8611,COL,225,29189,331,43349,Colombia,One or more children,2019,Rural
41.29999923706055,26,8611,COL,225,29189,330,43348,Colombia,No children,2019,Urban
41.099998474121094,26,8611,COL,225,29189,330,43350,Colombia,Total (with or without children),2019,Urban
40.5,26,8611,COL,225,29189,330,43349,Colombia,One or more children,2019,Urban
40.599998474121094,26,8611,COL,225,29190,327,43348,Colombia,No children,2020,National
40.099998474121094,26,8611,COL,225,29190,327,43350,Colombia,Total (with or without children),2020,National
39,26,8611,COL,225,29190,327,43349,Colombia,One or more children,2020,National
32.099998474121094,26,8611,COL,225,29190,331,43348,Colombia,No children,2020,Rural
31.5,26,8611,COL,225,29190,331,43350,Colombia,Total (with or without children),2020,Rural
30.299999237060547,26,8611,COL,225,29190,331,43349,Colombia,One or more children,2020,Rural
42,26,8611,COL,225,29190,330,43348,Colombia,No children,2020,Urban
41.70000076293945,26,8611,COL,225,29190,330,43350,Colombia,Total (with or without children),2020,Urban
41,26,8611,COL,225,29190,330,43349,Colombia,One or more children,2020,Urban
40.79999923706055,26,8611,COL,225,29191,327,43348,Colombia,No children,2021,National
40.400001525878906,26,8611,COL,225,29191,327,43350,Colombia,Total (with or without children),2021,National
39.400001525878906,26,8611,COL,225,29191,327,43349,Colombia,One or more children,2021,National
32.400001525878906,26,8611,COL,225,29191,331,43348,Colombia,No children,2021,Rural
32.099998474121094,26,8611,COL,225,29191,331,43350,Colombia,Total (with or without children),2021,Rural
31.700000762939453,26,8611,COL,225,29191,331,43349,Colombia,One or more children,2021,Rural
42.099998474121094,26,8611,COL,225,29191,330,43348,Colombia,No children,2021,Urban
41.79999923706055,26,8611,COL,225,29191,330,43350,Colombia,Total (with or without children),2021,Urban
41.099998474121094,26,8611,COL,225,29191,330,43349,Colombia,One or more children,2021,Urban
41.70000076293945,26,16004,COL,225,29192,327,43348,Colombia,No children,2022,National
41.400001525878906,26,16004,COL,225,29192,327,43350,Colombia,Total (with or without children),2022,National
40.5,26,16004,COL,225,29192,327,43349,Colombia,One or more children,2022,National
34.5,26,16004,COL,225,29192,331,43348,Colombia,No children,2022,Rural
34.400001525878906,26,16004,COL,225,29192,331,43350,Colombia,Total (with or without children),2022,Rural
34.099998474121094,26,16004,COL,225,29192,331,43349,Colombia,One or more children,2022,Rural
42.900001525878906,26,16004,COL,225,29192,330,43348,Colombia,No children,2022,Urban
42.70000076293945,26,16004,COL,225,29192,330,43350,Colombia,Total (with or without children),2022,Urban
42.099998474121094,26,16004,COL,225,29192,330,43349,Colombia,One or more children,2022,Urban
41.20000076293945,26,16004,COL,225,29193,327,43348,Colombia,No children,2023,National
40.900001525878906,26,16004,COL,225,29193,327,43350,Colombia,Total (with or without children),2023,National
40.099998474121094,26,16004,COL,225,29193,327,43349,Colombia,One or more children,2023,National
34.20000076293945,26,16004,COL,225,29193,331,43348,Colombia,No children,2023,Rural
34,26,16004,COL,225,29193,331,43350,Colombia,Total (with or without children),2023,Rural
33.5,26,16004,COL,225,29193,331,43349,Colombia,One or more children,2023,Rural
42.29999923706055,26,16004,COL,225,29193,330,43348,Colombia,No children,2023,Urban
42.20000076293945,26,16004,COL,225,29193,330,43350,Colombia,Total (with or without children),2023,Urban
41.79999923706055,26,16004,COL,225,29193,330,43349,Colombia,One or more children,2023,Urban
40.79999923706055,26,16004,COL,225,29194,327,43348,Colombia,No children,2024,National
40.5,26,16004,COL,225,29194,327,43350,Colombia,Total (with or without children),2024,National
39.5,26,16004,COL,225,29194,327,43349,Colombia,One or more children,2024,National
34.20000076293945,26,16004,COL,225,29194,331,43348,Colombia,No children,2024,Rural
33.79999923706055,26,16004,COL,225,29194,331,43350,Colombia,Total (with or without children),2024,Rural
32.70000076293945,26,16004,COL,225,29194,331,43349,Colombia,One or more children,2024,Rural
41.900001525878906,26,16004,COL,225,29194,330,43348,Colombia,No children,2024,Urban
41.79999923706055,26,16004,COL,225,29194,330,43350,Colombia,Total (with or without children),2024,Urban
41.20000076293945,26,16004,COL,225,29194,330,43349,Colombia,One or more children,2024,Urban
41.5,26,8612,CRI,226,29170,327,43348,Costa Rica,No children,2000,National
41.29999923706055,26,8612,CRI,226,29170,327,43350,Costa Rica,Total (with or without children),2000,National
40.79999923706055,26,8612,CRI,226,29170,327,43349,Costa Rica,One or more children,2000,National
40.20000076293945,26,8612,CRI,226,29170,331,43348,Costa Rica,No children,2000,Rural
39.79999923706055,26,8612,CRI,226,29170,331,43350,Costa Rica,Total (with or without children),2000,Rural
39.099998474121094,26,8612,CRI,226,29170,331,43349,Costa Rica,One or more children,2000,Rural
42,26,8612,CRI,226,29170,330,43348,Costa Rica,No children,2000,Urban
41.900001525878906,26,8612,CRI,226,29170,330,43350,Costa Rica,Total (with or without children),2000,Urban
41.599998474121094,26,8612,CRI,226,29170,330,43349,Costa Rica,One or more children,2000,Urban
40.599998474121094,26,8612,CRI,226,29171,327,43348,Costa Rica,No children,2001,National
40.29999923706055,26,8612,CRI,226,29171,327,43350,Costa Rica,Total (with or without children),2001,National
39.70000076293945,26,8612,CRI,226,29171,327,43349,Costa Rica,One or more children,2001,National
38.20000076293945,26,8612,CRI,226,29171,331,43348,Costa Rica,No children,2001,Rural
37.79999923706055,26,8612,CRI,226,29171,331,43350,Costa Rica,Total (with or without children),2001,Rural
37.099998474121094,26,8612,CRI,226,29171,331,43349,Costa Rica,One or more children,2001,Rural
41.400001525878906,26,8612,CRI,226,29171,330,43348,Costa Rica,No children,2001,Urban
41.29999923706055,26,8612,CRI,226,29171,330,43350,Costa Rica,Total (with or without children),2001,Urban
41,26,8612,CRI,226,29171,330,43349,Costa Rica,One or more children,2001,Urban
40.20000076293945,26,8612,CRI,226,29172,327,43348,Costa Rica,No children,2002,National
40,26,8612,CRI,226,29172,327,43350,Costa Rica,Total (with or without children),2002,National
39.79999923706055,26,8612,CRI,226,29172,327,43349,Costa Rica,One or more children,2002,National
37.599998474121094,26,8612,CRI,226,29172,331,43348,Costa Rica,No children,2002,Rural
37.5,26,8612,CRI,226,29172,331,43350,Costa Rica,Total (with or without children),2002,Rural
37.400001525878906,26,8612,CRI,226,29172,331,43349,Costa Rica,One or more children,2002,Rural
41.20000076293945,26,8612,CRI,226,29172,330,43348,Costa Rica,No children,2002,Urban
41.099998474121094,26,8612,CRI,226,29172,330,43350,Costa Rica,Total (with or without children),2002,Urban
40.900001525878906,26,8612,CRI,226,29172,330,43349,Costa Rica,One or more children,2002,Urban
40.099998474121094,26,8612,CRI,226,29173,327,43348,Costa Rica,No children,2003,National
40,26,8612,CRI,226,29173,327,43350,Costa Rica,Total (with or without children),2003,National
39.599998474121094,26,8612,CRI,226,29173,327,43349,Costa Rica,One or more children,2003,National
38.900001525878906,26,8612,CRI,226,29173,331,43348,Costa Rica,No children,2003,Rural
39.20000076293945,26,8612,CRI,226,29173,331,43350,Costa Rica,Total (with or without children),2003,Rural
39.70000076293945,26,8612,CRI,226,29173,331,43349,Costa Rica,One or more children,2003,Rural
40.599998474121094,26,8612,CRI,226,29173,330,43348,Costa Rica,No children,2003,Urban
40.29999923706055,26,8612,CRI,226,29173,330,43350,Costa Rica,Total (with or without children),2003,Urban
39.599998474121094,26,8612,CRI,226,29173,330,43349,Costa Rica,One or more children,2003,Urban
40.20000076293945,26,8612,CRI,226,29174,327,43348,Costa Rica,No children,2004,National
40.20000076293945,26,8612,CRI,226,29174,327,43350,Costa Rica,Total (with or without children),2004,National
40,26,8612,CRI,226,29174,327,43349,Costa Rica,One or more children,2004,National
38.79999923706055,26,8612,CRI,226,29174,331,43348,Costa Rica,No children,2004,Rural
38.5,26,8612,CRI,226,29174,331,43350,Costa Rica,Total (with or without children),2004,Rural
38.099998474121094,26,8612,CRI,226,29174,331,43349,Costa Rica,One or more children,2004,Rural
40.79999923706055,26,8612,CRI,226,29174,330,43348,Costa Rica,No children,2004,Urban
40.900001525878906,26,8612,CRI,226,29174,330,43350,Costa Rica,Total (with or without children),2004,Urban
40.900001525878906,26,8612,CRI,226,29174,330,43349,Costa Rica,One or more children,2004,Urban
40.099998474121094,26,8612,CRI,226,29175,327,43348,Costa Rica,No children,2005,National
39.70000076293945,26,8612,CRI,226,29175,327,43350,Costa Rica,Total (with or without children),2005,National
38.599998474121094,26,8612,CRI,226,29175,327,43349,Costa Rica,One or more children,2005,National
38.900001525878906,26,8612,CRI,226,29175,331,43348,Costa Rica,No children,2005,Rural
38.400001525878906,26,8612,CRI,226,29175,331,43350,Costa Rica,Total (with or without children),2005,Rural
37.29999923706055,26,8612,CRI,226,29175,331,43349,Costa Rica,One or more children,2005,Rural
40.70000076293945,26,8612,CRI,226,29175,330,43348,Costa Rica,No children,2005,Urban
40.29999923706055,26,8612,CRI,226,29175,330,43350,Costa Rica,Total (with or without children),2005,Urban
39.20000076293945,26,8612,CRI,226,29175,330,43349,Costa Rica,One or more children,2005,Urban
40.400001525878906,26,8612,CRI,226,29176,327,43348,Costa Rica,No children,2006,National
40.29999923706055,26,8612,CRI,226,29176,327,43350,Costa Rica,Total (with or without children),2006,National
40,26,8612,CRI,226,29176,327,43349,Costa Rica,One or more children,2006,National
38.79999923706055,26,8612,CRI,226,29176,331,43348,Costa Rica,No children,2006,Rural
39,26,8612,CRI,226,29176,331,43350,Costa Rica,Total (with or without children),2006,Rural
39.5,26,8612,CRI,226,29176,331,43349,Costa Rica,One or more children,2006,Rural
41,26,8612,CRI,226,29176,330,43348,Costa Rica,No children,2006,Urban
40.79999923706055,26,8612,CRI,226,29176,330,43350,Costa Rica,Total (with or without children),2006,Urban
40.29999923706055,26,8612,CRI,226,29176,330,43349,Costa Rica,One or more children,2006,Urban
40.599998474121094,26,8612,CRI,226,29177,327,43348,Costa Rica,No children,2007,National
40.5,26,8612,CRI,226,29177,327,43350,Costa Rica,Total (with or without children),2007,National
40.5,26,8612,CRI,226,29177,327,43349,Costa Rica,One or more children,2007,National
39.70000076293945,26,8612,CRI,226,29177,331,43348,Costa Rica,No children,2007,Rural
39.29999923706055,26,8612,CRI,226,29177,331,43350,Costa Rica,Total (with or without children),2007,Rural
38.5,26,8612,CRI,226,29177,331,43349,Costa Rica,One or more children,2007,Rural
41,26,8612,CRI,226,29177,330,43348,Costa Rica,No children,2007,Urban
41.099998474121094,26,8612,CRI,226,29177,330,43350,Costa Rica,Total (with or without children),2007,Urban
41.5,26,8612,CRI,226,29177,330,43349,Costa Rica,One or more children,2007,Urban
40.900001525878906,26,8612,CRI,226,29178,327,43348,Costa Rica,No children,2008,National
41,26,8612,CRI,226,29178,327,43350,Costa Rica,Total (with or without children),2008,National
41.400001525878906,26,8612,CRI,226,29178,327,43349,Costa Rica,One or more children,2008,National
39.099998474121094,26,8612,CRI,226,29178,331,43348,Costa Rica,No children,2008,Rural
39.900001525878906,26,8612,CRI,226,29178,331,43350,Costa Rica,Total (with or without children),2008,Rural
41.70000076293945,26,8612,CRI,226,29178,331,43349,Costa Rica,One or more children,2008,Rural
41.5,26,8612,CRI,226,29178,330,43348,Costa Rica,No children,2008,Urban
41.400001525878906,26,8612,CRI,226,29178,330,43350,Costa Rica,Total (with or without children),2008,Urban
41.20000076293945,26,8612,CRI,226,29178,330,43349,Costa Rica,One or more children,2008,Urban
40.29999923706055,26,8612,CRI,226,29179,327,43348,Costa Rica,No children,2009,National
40,26,8612,CRI,226,29179,327,43350,Costa Rica,Total (with or without children),2009,National
39.29999923706055,26,8612,CRI,226,29179,327,43349,Costa Rica,One or more children,2009,National
38.599998474121094,26,8612,CRI,226,29179,331,43348,Costa Rica,No children,2009,Rural
38.5,26,8612,CRI,226,29179,331,43350,Costa Rica,Total (with or without children),2009,Rural
38.099998474121094,26,8612,CRI,226,29179,331,43349,Costa Rica,One or more children,2009,Rural
41,26,8612,CRI,226,29179,330,43348,Costa Rica,No children,2009,Urban
40.79999923706055,26,8612,CRI,226,29179,330,43350,Costa Rica,Total (with or without children),2009,Urban
40,26,8612,CRI,226,29179,330,43349,Costa Rica,One or more children,2009,Urban
40,26,8613,CRI,226,29180,327,43348,Costa Rica,No children,2010,National
39.900001525878906,26,8613,CRI,226,29180,327,43350,Costa Rica,Total (with or without children),2010,National
39.70000076293945,26,8613,CRI,226,29180,327,43349,Costa Rica,One or more children,2010,National
38,26,8613,CRI,226,29180,331,43348,Costa Rica,No children,2010,Rural
37.900001525878906,26,8613,CRI,226,29180,331,43350,Costa Rica,Total (with or without children),2010,Rural
37.70000076293945,26,8613,CRI,226,29180,331,43349,Costa Rica,One or more children,2010,Rural
40.79999923706055,26,8613,CRI,226,29180,330,43348,Costa Rica,No children,2010,Urban
40.70000076293945,26,8613,CRI,226,29180,330,43350,Costa Rica,Total (with or without children),2010,Urban
40.5,26,8613,CRI,226,29180,330,43349,Costa Rica,One or more children,2010,Urban
39.099998474121094,26,8613,CRI,226,29181,327,43348,Costa Rica,No children,2011,National
38.70000076293945,26,8613,CRI,226,29181,327,43350,Costa Rica,Total (with or without children),2011,National
37.79999923706055,26,8613,CRI,226,29181,327,43349,Costa Rica,One or more children,2011,National
36.20000076293945,26,8613,CRI,226,29181,331,43348,Costa Rica,No children,2011,Rural
36.20000076293945,26,8613,CRI,226,29181,331,43350,Costa Rica,Total (with or without children),2011,Rural
36.20000076293945,26,8613,CRI,226,29181,331,43349,Costa Rica,One or more children,2011,Rural
40.099998474121094,26,8613,CRI,226,29181,330,43348,Costa Rica,No children,2011,Urban
39.70000076293945,26,8613,CRI,226,29181,330,43350,Costa Rica,Total (with or without children),2011,Urban
38.400001525878906,26,8613,CRI,226,29181,330,43349,Costa Rica,One or more children,2011,Urban
39.5,26,8613,CRI,226,29182,327,43348,Costa Rica,No children,2012,National
39.400001525878906,26,8613,CRI,226,29182,327,43350,Costa Rica,Total (with or without children),2012,National
38.79999923706055,26,8613,CRI,226,29182,327,43349,Costa Rica,One or more children,2012,National
38.900001525878906,26,8613,CRI,226,29182,331,43348,Costa Rica,No children,2012,Rural
38.70000076293945,26,8613,CRI,226,29182,331,43350,Costa Rica,Total (with or without children),2012,Rural
38.099998474121094,26,8613,CRI,226,29182,331,43349,Costa Rica,One or more children,2012,Rural
39.70000076293945,26,8613,CRI,226,29182,330,43348,Costa Rica,No children,2012,Urban
39.599998474121094,26,8613,CRI,226,29182,330,43350,Costa Rica,Total (with or without children),2012,Urban
39.099998474121094,26,8613,CRI,226,29182,330,43349,Costa Rica,One or more children,2012,Urban
38.900001525878906,26,8613,CRI,226,29183,327,43348,Costa Rica,No children,2013,National
38.599998474121094,26,8613,CRI,226,29183,327,43350,Costa Rica,Total (with or without children),2013,National
37.599998474121094,26,8613,CRI,226,29183,327,43349,Costa Rica,One or more children,2013,National
37.5,26,8613,CRI,226,29183,331,43348,Costa Rica,No children,2013,Rural
37.20000076293945,26,8613,CRI,226,29183,331,43350,Costa Rica,Total (with or without children),2013,Rural
36.400001525878906,26,8613,CRI,226,29183,331,43349,Costa Rica,One or more children,2013,Rural
39.400001525878906,26,8613,CRI,226,29183,330,43348,Costa Rica,No children,2013,Urban
39.099998474121094,26,8613,CRI,226,29183,330,43350,Costa Rica,Total (with or without children),2013,Urban
38.20000076293945,26,8613,CRI,226,29183,330,43349,Costa Rica,One or more children,2013,Urban
39.70000076293945,26,8613,CRI,226,29184,327,43348,Costa Rica,No children,2014,National
39.599998474121094,26,8613,CRI,226,29184,327,43350,Costa Rica,Total (with or without children),2014,National
39.29999923706055,26,8613,CRI,226,29184,327,43349,Costa Rica,One or more children,2014,National
37.900001525878906,26,8613,CRI,226,29184,331,43348,Costa Rica,No children,2014,Rural
37.900001525878906,26,8613,CRI,226,29184,331,43350,Costa Rica,Total (with or without children),2014,Rural
37.900001525878906,26,8613,CRI,226,29184,331,43349,Costa Rica,One or more children,2014,Rural
40.099998474121094,26,8613,CRI,226,29184,330,43348,Costa Rica,No children,2014,Urban
40,26,8613,CRI,226,29184,330,43350,Costa Rica,Total (with or without children),2014,Urban
39.70000076293945,26,8613,CRI,226,29184,330,43349,Costa Rica,One or more children,2014,Urban
39.099998474121094,26,8613,CRI,226,29185,327,43348,Costa Rica,No children,2015,National
38.79999923706055,26,8613,CRI,226,29185,327,43350,Costa Rica,Total (with or without children),2015,National
37.900001525878906,26,8613,CRI,226,29185,327,43349,Costa Rica,One or more children,2015,National
36.5,26,8613,CRI,226,29185,331,43348,Costa Rica,No children,2015,Rural
36.5,26,8613,CRI,226,29185,331,43350,Costa Rica,Total (with or without children),2015,Rural
36.29999923706055,26,8613,CRI,226,29185,331,43349,Costa Rica,One or more children,2015,Rural
39.70000076293945,26,8613,CRI,226,29185,330,43348,Costa Rica,No children,2015,Urban
39.400001525878906,26,8613,CRI,226,29185,330,43350,Costa Rica,Total (with or without children),2015,Urban
38.29999923706055,26,8613,CRI,226,29185,330,43349,Costa Rica,One or more children,2015,Urban
38.29999923706055,26,8613,CRI,226,29186,327,43348,Costa Rica,No children,2016,National
38.20000076293945,26,8613,CRI,226,29186,327,43350,Costa Rica,Total (with or without children),2016,National
37.900001525878906,26,8613,CRI,226,29186,327,43349,Costa Rica,One or more children,2016,National
35.900001525878906,26,8613,CRI,226,29186,331,43348,Costa Rica,No children,2016,Rural
35.599998474121094,26,8613,CRI,226,29186,331,43350,Costa Rica,Total (with or without children),2016,Rural
34.900001525878906,26,8613,CRI,226,29186,331,43349,Costa Rica,One or more children,2016,Rural
38.79999923706055,26,8613,CRI,226,29186,330,43348,Costa Rica,No children,2016,Urban
38.900001525878906,26,8613,CRI,226,29186,330,43350,Costa Rica,Total (with or without children),2016,Urban
38.900001525878906,26,8613,CRI,226,29186,330,43349,Costa Rica,One or more children,2016,Urban
38.5,26,8613,CRI,226,29187,327,43348,Costa Rica,No children,2017,National
38.29999923706055,26,8613,CRI,226,29187,327,43350,Costa Rica,Total (with or without children),2017,National
37.70000076293945,26,8613,CRI,226,29187,327,43349,Costa Rica,One or more children,2017,National
35.900001525878906,26,8613,CRI,226,29187,331,43348,Costa Rica,No children,2017,Rural
35.79999923706055,26,8613,CRI,226,29187,331,43350,Costa Rica,Total (with or without children),2017,Rural
35.5,26,8613,CRI,226,29187,331,43349,Costa Rica,One or more children,2017,Rural
39.099998474121094,26,8613,CRI,226,29187,330,43348,Costa Rica,No children,2017,Urban
39,26,8613,CRI,226,29187,330,43350,Costa Rica,Total (with or without children),2017,Urban
38.29999923706055,26,8613,CRI,226,29187,330,43349,Costa Rica,One or more children,2017,Urban
39,26,8613,CRI,226,29188,327,43348,Costa Rica,No children,2018,National
38.79999923706055,26,8613,CRI,226,29188,327,43350,Costa Rica,Total (with or without children),2018,National
37.599998474121094,26,8613,CRI,226,29188,327,43349,Costa Rica,One or more children,2018,National
36.900001525878906,26,8613,CRI,226,29188,331,43348,Costa Rica,No children,2018,Rural
36.29999923706055,26,8613,CRI,226,29188,331,43350,Costa Rica,Total (with or without children),2018,Rural
34.5,26,8613,CRI,226,29188,331,43349,Costa Rica,One or more children,2018,Rural
39.5,26,8613,CRI,226,29188,330,43348,Costa Rica,No children,2018,Urban
39.29999923706055,26,8613,CRI,226,29188,330,43350,Costa Rica,Total (with or without children),2018,Urban
38.599998474121094,26,8613,CRI,226,29188,330,43349,Costa Rica,One or more children,2018,Urban
39.29999923706055,26,8613,CRI,226,29189,327,43348,Costa Rica,No children,2019,National
39,26,8613,CRI,226,29189,327,43350,Costa Rica,Total (with or without children),2019,National
37.79999923706055,26,8613,CRI,226,29189,327,43349,Costa Rica,One or more children,2019,National
36.599998474121094,26,8613,CRI,226,29189,331,43348,Costa Rica,No children,2019,Rural
36.70000076293945,26,8613,CRI,226,29189,331,43350,Costa Rica,Total (with or without children),2019,Rural
36.900001525878906,26,8613,CRI,226,29189,331,43349,Costa Rica,One or more children,2019,Rural
39.900001525878906,26,8613,CRI,226,29189,330,43348,Costa Rica,No children,2019,Urban
39.5,26,8613,CRI,226,29189,330,43350,Costa Rica,Total (with or without children),2019,Urban
38.099998474121094,26,8613,CRI,226,29189,330,43349,Costa Rica,One or more children,2019,Urban
38.900001525878906,26,8613,CRI,226,29190,327,43348,Costa Rica,No children,2020,National
39,26,8613,CRI,226,29190,327,43350,Costa Rica,Total (with or without children),2020,National
39.400001525878906,26,8613,CRI,226,29190,327,43349,Costa Rica,One or more children,2020,National
36.900001525878906,26,8613,CRI,226,29190,331,43348,Costa Rica,No children,2020,Rural
37.20000076293945,26,8613,CRI,226,29190,331,43350,Costa Rica,Total (with or without children),2020,Rural
38.400001525878906,26,8613,CRI,226,29190,331,43349,Costa Rica,One or more children,2020,Rural
39.400001525878906,26,8613,CRI,226,29190,330,43348,Costa Rica,No children,2020,Urban
39.400001525878906,26,8613,CRI,226,29190,330,43350,Costa Rica,Total (with or without children),2020,Urban
39.70000076293945,26,8613,CRI,226,29190,330,43349,Costa Rica,One or more children,2020,Urban
39.20000076293945,26,8613,CRI,226,29191,327,43348,Costa Rica,No children,2021,National
38.79999923706055,26,8613,CRI,226,29191,327,43350,Costa Rica,Total (with or without children),2021,National
37,26,8613,CRI,226,29191,327,43349,Costa Rica,One or more children,2021,National
36.099998474121094,26,8613,CRI,226,29191,331,43348,Costa Rica,No children,2021,Rural
35.5,26,8613,CRI,226,29191,331,43350,Costa Rica,Total (with or without children),2021,Rural
33.20000076293945,26,8613,CRI,226,29191,331,43349,Costa Rica,One or more children,2021,Rural
39.900001525878906,26,8613,CRI,226,29191,330,43348,Costa Rica,No children,2021,Urban
39.5,26,8613,CRI,226,29191,330,43350,Costa Rica,Total (with or without children),2021,Urban
38,26,8613,CRI,226,29191,330,43349,Costa Rica,One or more children,2021,Urban
39.900001525878906,26,8613,CRI,226,29192,327,43348,Costa Rica,No children,2022,National
39.79999923706055,26,8613,CRI,226,29192,327,43350,Costa Rica,Total (with or without children),2022,National
39.29999923706055,26,8613,CRI,226,29192,327,43349,Costa Rica,One or more children,2022,National
36.79999923706055,26,8613,CRI,226,29192,331,43348,Costa Rica,No children,2022,Rural
37,26,8613,CRI,226,29192,331,43350,Costa Rica,Total (with or without children),2022,Rural
37.79999923706055,26,8613,CRI,226,29192,331,43349,Costa Rica,One or more children,2022,Rural
40.599998474121094,26,8613,CRI,226,29192,330,43348,Costa Rica,No children,2022,Urban
40.400001525878906,26,8613,CRI,226,29192,330,43350,Costa Rica,Total (with or without children),2022,Urban
39.599998474121094,26,8613,CRI,226,29192,330,43349,Costa Rica,One or more children,2022,Urban
40,26,8613,CRI,226,29193,327,43348,Costa Rica,No children,2023,National
39.79999923706055,26,8613,CRI,226,29193,327,43350,Costa Rica,Total (with or without children),2023,National
38.900001525878906,26,8613,CRI,226,29193,327,43349,Costa Rica,One or more children,2023,National
37.79999923706055,26,8613,CRI,226,29193,331,43348,Costa Rica,No children,2023,Rural
37.29999923706055,26,8613,CRI,226,29193,331,43350,Costa Rica,Total (with or without children),2023,Rural
35.5,26,8613,CRI,226,29193,331,43349,Costa Rica,One or more children,2023,Rural
40.400001525878906,26,8613,CRI,226,29193,330,43348,Costa Rica,No children,2023,Urban
40.29999923706055,26,8613,CRI,226,29193,330,43350,Costa Rica,Total (with or without children),2023,Urban
39.900001525878906,26,8613,CRI,226,29193,330,43349,Costa Rica,One or more children,2023,Urban
39.70000076293945,26,8613,CRI,226,29194,327,43348,Costa Rica,No children,2024,National
39.400001525878906,26,8613,CRI,226,29194,327,43350,Costa Rica,Total (with or without children),2024,National
38,26,8613,CRI,226,29194,327,43349,Costa Rica,One or more children,2024,National
36.79999923706055,26,8613,CRI,226,29194,331,43348,Costa Rica,No children,2024,Rural
36.400001525878906,26,8613,CRI,226,29194,331,43350,Costa Rica,Total (with or without children),2024,Rural
34.400001525878906,26,8613,CRI,226,29194,331,43349,Costa Rica,One or more children,2024,Rural
40.400001525878906,26,8613,CRI,226,29194,330,43348,Costa Rica,No children,2024,Urban
40.20000076293945,26,8613,CRI,226,29194,330,43350,Costa Rica,Total (with or without children),2024,Urban
39,26,8613,CRI,226,29194,330,43349,Costa Rica,One or more children,2024,Urban
40.20000076293945,26,,ECU,229,29171,327,43348,Ecuador,No children,2001,National
39.599998474121094,26,,ECU,229,29171,327,43350,Ecuador,Total (with or without children),2001,National
38.79999923706055,26,,ECU,229,29171,327,43349,Ecuador,One or more children,2001,National
38.099998474121094,26,,ECU,229,29171,331,43348,Ecuador,No children,2001,Rural
38,26,,ECU,229,29171,331,43350,Ecuador,Total (with or without children),2001,Rural
38,26,,ECU,229,29171,331,43349,Ecuador,One or more children,2001,Rural
41.20000076293945,26,,ECU,229,29171,330,43348,Ecuador,No children,2001,Urban
40.5,26,,ECU,229,29171,330,43350,Ecuador,Total (with or without children),2001,Urban
39.400001525878906,26,,ECU,229,29171,330,43349,Ecuador,One or more children,2001,Urban
39.20000076293945,26,,ECU,229,29173,327,43348,Ecuador,No children,2003,National
39.099998474121094,26,,ECU,229,29173,327,43350,Ecuador,Total (with or without children),2003,National
38.900001525878906,26,,ECU,229,29173,327,43349,Ecuador,One or more children,2003,National
36.5,26,,ECU,229,29173,331,43348,Ecuador,No children,2003,Rural
36.599998474121094,26,,ECU,229,29173,331,43350,Ecuador,Total (with or without children),2003,Rural
36.79999923706055,26,,ECU,229,29173,331,43349,Ecuador,One or more children,2003,Rural
40.29999923706055,26,,ECU,229,29173,330,43348,Ecuador,No children,2003,Urban
40.20000076293945,26,,ECU,229,29173,330,43350,Ecuador,Total (with or without children),2003,Urban
40.099998474121094,26,,ECU,229,29173,330,43349,Ecuador,One or more children,2003,Urban
38.79999923706055,26,,ECU,229,29175,327,43348,Ecuador,No children,2005,National
38.29999923706055,26,,ECU,229,29175,327,43350,Ecuador,Total (with or without children),2005,National
37.5,26,,ECU,229,29175,327,43349,Ecuador,One or more children,2005,National
34.20000076293945,26,,ECU,229,29175,331,43348,Ecuador,No children,2005,Rural
34.400001525878906,26,,ECU,229,29175,331,43350,Ecuador,Total (with or without children),2005,Rural
34.5,26,,ECU,229,29175,331,43349,Ecuador,One or more children,2005,Rural
40.70000076293945,26,,ECU,229,29175,330,43348,Ecuador,No children,2005,Urban
40.20000076293945,26,,ECU,229,29175,330,43350,Ecuador,Total (with or without children),2005,Urban
39.29999923706055,26,,ECU,229,29175,330,43349,Ecuador,One or more children,2005,Urban
38.20000076293945,26,,ECU,229,29176,327,43348,Ecuador,No children,2006,National
38.29999923706055,26,,ECU,229,29176,327,43350,Ecuador,Total (with or without children),2006,National
38.5,26,,ECU,229,29176,327,43349,Ecuador,One or more children,2006,National
33.79999923706055,26,,ECU,229,29176,331,43348,Ecuador,No children,2006,Rural
34.5,26,,ECU,229,29176,331,43350,Ecuador,Total (with or without children),2006,Rural
35.400001525878906,26,,ECU,229,29176,331,43349,Ecuador,One or more children,2006,Rural
40.20000076293945,26,,ECU,229,29176,330,43348,Ecuador,No children,2006,Urban
40.20000076293945,26,,ECU,229,29176,330,43350,Ecuador,Total (with or without children),2006,Urban
40.400001525878906,26,,ECU,229,29176,330,43349,Ecuador,One or more children,2006,Urban
37.099998474121094,26,,ECU,229,29177,327,43348,Ecuador,No children,2007,National
37.099998474121094,26,,ECU,229,29177,327,43350,Ecuador,Total (with or without children),2007,National
37,26,,ECU,229,29177,327,43349,Ecuador,One or more children,2007,National
31.200000762939453,26,,ECU,229,29177,331,43348,Ecuador,No children,2007,Rural
31.299999237060547,26,,ECU,229,29177,331,43350,Ecuador,Total (with or without children),2007,Rural
31.5,26,,ECU,229,29177,331,43349,Ecuador,One or more children,2007,Rural
39.79999923706055,26,,ECU,229,29177,330,43348,Ecuador,No children,2007,Urban
39.900001525878906,26,,ECU,229,29177,330,43350,Ecuador,Total (with or without children),2007,Urban
40.20000076293945,26,,ECU,229,29177,330,43349,Ecuador,One or more children,2007,Urban
38,26,,ECU,229,29178,327,43348,Ecuador,No children,2008,National
37.5,26,,ECU,229,29178,327,43350,Ecuador,Total (with or without children),2008,National
36.70000076293945,26,,ECU,229,29178,327,43349,Ecuador,One or more children,2008,National
32.900001525878906,26,,ECU,229,29178,331,43348,Ecuador,No children,2008,Rural
32.70000076293945,26,,ECU,229,29178,331,43350,Ecuador,Total (with or without children),2008,Rural
32.400001525878906,26,,ECU,229,29178,331,43349,Ecuador,One or more children,2008,Rural
40,26,,ECU,229,29178,330,43348,Ecuador,No children,2008,Urban
39.599998474121094,26,,ECU,229,29178,330,43350,Ecuador,Total (with or without children),2008,Urban
38.900001525878906,26,,ECU,229,29178,330,43349,Ecuador,One or more children,2008,Urban
37.20000076293945,26,,ECU,229,29179,327,43348,Ecuador,No children,2009,National
37.29999923706055,26,,ECU,229,29179,327,43350,Ecuador,Total (with or without children),2009,National
37.400001525878906,26,,ECU,229,29179,327,43349,Ecuador,One or more children,2009,National
32.70000076293945,26,,ECU,229,29179,331,43348,Ecuador,No children,2009,Rural
32.900001525878906,26,,ECU,229,29179,331,43350,Ecuador,Total (with or without children),2009,Rural
33.20000076293945,26,,ECU,229,29179,331,43349,Ecuador,One or more children,2009,Rural
39.29999923706055,26,,ECU,229,29179,330,43348,Ecuador,No children,2009,Urban
39.400001525878906,26,,ECU,229,29179,330,43350,Ecuador,Total (with or without children),2009,Urban
39.599998474121094,26,,ECU,229,29179,330,43349,Ecuador,One or more children,2009,Urban
37.5,26,,ECU,229,29180,327,43348,Ecuador,No children,2010,National
37.29999923706055,26,,ECU,229,29180,327,43350,Ecuador,Total (with or without children),2010,National
37,26,,ECU,229,29180,327,43349,Ecuador,One or more children,2010,National
34.099998474121094,26,,ECU,229,29180,331,43348,Ecuador,No children,2010,Rural
34.099998474121094,26,,ECU,229,29180,331,43350,Ecuador,Total (with or without children),2010,Rural
34.20000076293945,26,,ECU,229,29180,331,43349,Ecuador,One or more children,2010,Rural
39.099998474121094,26,,ECU,229,29180,330,43348,Ecuador,No children,2010,Urban
38.900001525878906,26,,ECU,229,29180,330,43350,Ecuador,Total (with or without children),2010,Urban
38.400001525878906,26,,ECU,229,29180,330,43349,Ecuador,One or more children,2010,Urban
36.099998474121094,26,,ECU,229,29181,327,43348,Ecuador,No children,2011,National
35.79999923706055,26,,ECU,229,29181,327,43350,Ecuador,Total (with or without children),2011,National
35.20000076293945,26,,ECU,229,29181,327,43349,Ecuador,One or more children,2011,National
31.799999237060547,26,,ECU,229,29181,331,43348,Ecuador,No children,2011,Rural
31.899999618530273,26,,ECU,229,29181,331,43350,Ecuador,Total (with or without children),2011,Rural
32,26,,ECU,229,29181,331,43349,Ecuador,One or more children,2011,Rural
38.29999923706055,26,,ECU,229,29181,330,43348,Ecuador,No children,2011,Urban
37.70000076293945,26,,ECU,229,29181,330,43350,Ecuador,Total (with or without children),2011,Urban
36.599998474121094,26,,ECU,229,29181,330,43349,Ecuador,One or more children,2011,Urban
37.599998474121094,26,,ECU,229,29182,327,43348,Ecuador,No children,2012,National
37.70000076293945,26,,ECU,229,29182,327,43350,Ecuador,Total (with or without children),2012,National
38,26,,ECU,229,29182,327,43349,Ecuador,One or more children,2012,National
34.20000076293945,26,,ECU,229,29182,331,43348,Ecuador,No children,2012,Rural
34.599998474121094,26,,ECU,229,29182,331,43350,Ecuador,Total (with or without children),2012,Rural
35.599998474121094,26,,ECU,229,29182,331,43349,Ecuador,One or more children,2012,Rural
39,26,,ECU,229,29182,330,43348,Ecuador,No children,2012,Urban
39,26,,ECU,229,29182,330,43350,Ecuador,Total (with or without children),2012,Urban
39.099998474121094,26,,ECU,229,29182,330,43349,Ecuador,One or more children,2012,Urban
37.400001525878906,26,,ECU,229,29183,327,43348,Ecuador,No children,2013,National
37.099998474121094,26,,ECU,229,29183,327,43350,Ecuador,Total (with or without children),2013,National
36.70000076293945,26,,ECU,229,29183,327,43349,Ecuador,One or more children,2013,National
34.29999923706055,26,,ECU,229,29183,331,43348,Ecuador,No children,2013,Rural
34.099998474121094,26,,ECU,229,29183,331,43350,Ecuador,Total (with or without children),2013,Rural
33.79999923706055,26,,ECU,229,29183,331,43349,Ecuador,One or more children,2013,Rural
38.599998474121094,26,,ECU,229,29183,330,43348,Ecuador,No children,2013,Urban
38.5,26,,ECU,229,29183,330,43350,Ecuador,Total (with or without children),2013,Urban
38.099998474121094,26,,ECU,229,29183,330,43349,Ecuador,One or more children,2013,Urban
36.20000076293945,26,,ECU,229,29184,327,43348,Ecuador,No children,2014,National
35.900001525878906,26,,ECU,229,29184,327,43350,Ecuador,Total (with or without children),2014,National
35.5,26,,ECU,229,29184,327,43349,Ecuador,One or more children,2014,National
32.29999923706055,26,,ECU,229,29184,331,43348,Ecuador,No children,2014,Rural
32.599998474121094,26,,ECU,229,29184,331,43350,Ecuador,Total (with or without children),2014,Rural
33,26,,ECU,229,29184,331,43349,Ecuador,One or more children,2014,Rural
37.70000076293945,26,,ECU,229,29184,330,43348,Ecuador,No children,2014,Urban
37.400001525878906,26,,ECU,229,29184,330,43350,Ecuador,Total (with or without children),2014,Urban
36.79999923706055,26,,ECU,229,29184,330,43349,Ecuador,One or more children,2014,Urban
35.5,26,,ECU,229,29185,327,43348,Ecuador,No children,2015,National
35.20000076293945,26,,ECU,229,29185,327,43350,Ecuador,Total (with or without children),2015,National
34.79999923706055,26,,ECU,229,29185,327,43349,Ecuador,One or more children,2015,National
32.29999923706055,26,,ECU,229,29185,331,43348,Ecuador,No children,2015,Rural
32,26,,ECU,229,29185,331,43350,Ecuador,Total (with or without children),2015,Rural
31.5,26,,ECU,229,29185,331,43349,Ecuador,One or more children,2015,Rural
36.70000076293945,26,,ECU,229,29185,330,43348,Ecuador,No children,2015,Urban
36.599998474121094,26,,ECU,229,29185,330,43350,Ecuador,Total (with or without children),2015,Urban
36.5,26,,ECU,229,29185,330,43349,Ecuador,One or more children,2015,Urban
34.099998474121094,26,,ECU,229,29186,327,43348,Ecuador,No children,2016,National
33.79999923706055,26,,ECU,229,29186,327,43350,Ecuador,Total (with or without children),2016,National
33.400001525878906,26,,ECU,229,29186,327,43349,Ecuador,One or more children,2016,National
31,26,,ECU,229,29186,331,43348,Ecuador,No children,2016,Rural
30.799999237060547,26,,ECU,229,29186,331,43350,Ecuador,Total (with or without children),2016,Rural
30.600000381469727,26,,ECU,229,29186,331,43349,Ecuador,One or more children,2016,Rural
35.5,26,,ECU,229,29186,330,43348,Ecuador,No children,2016,Urban
35.29999923706055,26,,ECU,229,29186,330,43350,Ecuador,Total (with or without children),2016,Urban
35.099998474121094,26,,ECU,229,29186,330,43349,Ecuador,One or more children,2016,Urban
33.900001525878906,26,,ECU,229,29187,327,43348,Ecuador,No children,2017,National
33.900001525878906,26,,ECU,229,29187,327,43350,Ecuador,Total (with or without children),2017,National
33.79999923706055,26,,ECU,229,29187,327,43349,Ecuador,One or more children,2017,National
30.700000762939453,26,,ECU,229,29187,331,43348,Ecuador,No children,2017,Rural
31,26,,ECU,229,29187,331,43350,Ecuador,Total (with or without children),2017,Rural
31.299999237060547,26,,ECU,229,29187,331,43349,Ecuador,One or more children,2017,Rural
35.29999923706055,26,,ECU,229,29187,330,43348,Ecuador,No children,2017,Urban
35.29999923706055,26,,ECU,229,29187,330,43350,Ecuador,Total (with or without children),2017,Urban
35.29999923706055,26,,ECU,229,29187,330,43349,Ecuador,One or more children,2017,Urban
34.099998474121094,26,,ECU,229,29188,327,43348,Ecuador,No children,2018,National
34,26,,ECU,229,29188,327,43350,Ecuador,Total (with or without children),2018,National
34,26,,ECU,229,29188,327,43349,Ecuador,One or more children,2018,National
29.5,26,,ECU,229,29188,331,43348,Ecuador,No children,2018,Rural
30.100000381469727,26,,ECU,229,29188,331,43350,Ecuador,Total (with or without children),2018,Rural
31.200000762939453,26,,ECU,229,29188,331,43349,Ecuador,One or more children,2018,Rural
36.20000076293945,26,,ECU,229,29188,330,43348,Ecuador,No children,2018,Urban
36,26,,ECU,229,29188,330,43350,Ecuador,Total (with or without children),2018,Urban
35.599998474121094,26,,ECU,229,29188,330,43349,Ecuador,One or more children,2018,Urban
34.5,26,,ECU,229,29189,327,43348,Ecuador,No children,2019,National
34.29999923706055,26,,ECU,229,29189,327,43350,Ecuador,Total (with or without children),2019,National
33.70000076293945,26,,ECU,229,29189,327,43349,Ecuador,One or more children,2019,National
31.100000381469727,26,,ECU,229,29189,331,43348,Ecuador,No children,2019,Rural
31.299999237060547,26,,ECU,229,29189,331,43350,Ecuador,Total (with or without children),2019,Rural
31.700000762939453,26,,ECU,229,29189,331,43349,Ecuador,One or more children,2019,Rural
36.20000076293945,26,,ECU,229,29189,330,43348,Ecuador,No children,2019,Urban
35.900001525878906,26,,ECU,229,29189,330,43350,Ecuador,Total (with or without children),2019,Urban
35,26,,ECU,229,29189,330,43349,Ecuador,One or more children,2019,Urban
31.200000762939453,26,,ECU,229,29190,327,43348,Ecuador,No children,2020,National
31.299999237060547,26,,ECU,229,29190,327,43350,Ecuador,Total (with or without children),2020,National
31.299999237060547,26,,ECU,229,29190,327,43349,Ecuador,One or more children,2020,National
28.700000762939453,26,,ECU,229,29190,331,43348,Ecuador,No children,2020,Rural
29.100000381469727,26,,ECU,229,29190,331,43350,Ecuador,Total (with or without children),2020,Rural
29.899999618530273,26,,ECU,229,29190,331,43349,Ecuador,One or more children,2020,Rural
32.5,26,,ECU,229,29190,330,43348,Ecuador,No children,2020,Urban
32.400001525878906,26,,ECU,229,29190,330,43350,Ecuador,Total (with or without children),2020,Urban
32.099998474121094,26,,ECU,229,29190,330,43349,Ecuador,One or more children,2020,Urban
31.100000381469727,26,,ECU,229,29191,327,43348,Ecuador,No children,2021,National
30.899999618530273,26,,ECU,229,29191,327,43350,Ecuador,Total (with or without children),2021,National
30.5,26,,ECU,229,29191,327,43349,Ecuador,One or more children,2021,National
27.399999618530273,26,,ECU,229,29191,331,43348,Ecuador,No children,2021,Rural
27.5,26,,ECU,229,29191,331,43350,Ecuador,Total (with or without children),2021,Rural
27.600000381469727,26,,ECU,229,29191,331,43349,Ecuador,One or more children,2021,Rural
33,26,,ECU,229,29191,330,43348,Ecuador,No children,2021,Urban
32.79999923706055,26,,ECU,229,29191,330,43350,Ecuador,Total (with or without children),2021,Urban
32.29999923706055,26,,ECU,229,29191,330,43349,Ecuador,One or more children,2021,Urban
31,26,,ECU,229,29192,327,43348,Ecuador,No children,2022,National
30.600000381469727,26,,ECU,229,29192,327,43350,Ecuador,Total (with or without children),2022,National
29.799999237060547,26,,ECU,229,29192,327,43349,Ecuador,One or more children,2022,National
27.200000762939453,26,,ECU,229,29192,331,43348,Ecuador,No children,2022,Rural
27,26,,ECU,229,29192,331,43350,Ecuador,Total (with or without children),2022,Rural
26.600000381469727,26,,ECU,229,29192,331,43349,Ecuador,One or more children,2022,Rural
32.900001525878906,26,,ECU,229,29192,330,43348,Ecuador,No children,2022,Urban
32.5,26,,ECU,229,29192,330,43350,Ecuador,Total (with or without children),2022,Urban
31.700000762939453,26,,ECU,229,29192,330,43349,Ecuador,One or more children,2022,Urban
31.600000381469727,26,,ECU,229,29193,327,43348,Ecuador,No children,2023,National
31.399999618530273,26,,ECU,229,29193,327,43350,Ecuador,Total (with or without children),2023,National
30.799999237060547,26,,ECU,229,29193,327,43349,Ecuador,One or more children,2023,National
28.100000381469727,26,,ECU,229,29193,331,43348,Ecuador,No children,2023,Rural
28.100000381469727,26,,ECU,229,29193,331,43350,Ecuador,Total (with or without children),2023,Rural
28.100000381469727,26,,ECU,229,29193,331,43349,Ecuador,One or more children,2023,Rural
33.29999923706055,26,,ECU,229,29193,330,43348,Ecuador,No children,2023,Urban
33.099998474121094,26,,ECU,229,29193,330,43350,Ecuador,Total (with or without children),2023,Urban
32.599998474121094,26,,ECU,229,29193,330,43349,Ecuador,One or more children,2023,Urban
31.200000762939453,26,,ECU,229,29194,327,43348,Ecuador,No children,2024,National
30.899999618530273,26,,ECU,229,29194,327,43350,Ecuador,Total (with or without children),2024,National
30.100000381469727,26,,ECU,229,29194,327,43349,Ecuador,One or more children,2024,National
28.600000381469727,26,,ECU,229,29194,331,43348,Ecuador,No children,2024,Rural
28.200000762939453,26,,ECU,229,29194,331,43350,Ecuador,Total (with or without children),2024,Rural
27.600000381469727,26,,ECU,229,29194,331,43349,Ecuador,One or more children,2024,Rural
32.5,26,,ECU,229,29194,330,43348,Ecuador,No children,2024,Urban
32.29999923706055,26,,ECU,229,29194,330,43350,Ecuador,Total (with or without children),2024,Urban
31.899999618530273,26,,ECU,229,29194,330,43349,Ecuador,One or more children,2024,Urban
45,26,,SLV,230,29170,327,43348,El Salvador,No children,2000,National
45,26,,SLV,230,29170,327,43350,El Salvador,Total (with or without children),2000,National
44.900001525878906,26,,SLV,230,29170,327,43349,El Salvador,One or more children,2000,National
42.79999923706055,26,,SLV,230,29170,331,43348,El Salvador,No children,2000,Rural
43.20000076293945,26,,SLV,230,29170,331,43350,El Salvador,Total (with or without children),2000,Rural
43.5,26,,SLV,230,29170,331,43349,El Salvador,One or more children,2000,Rural
45.599998474121094,26,,SLV,230,29170,330,43348,El Salvador,No children,2000,Urban
45.599998474121094,26,,SLV,230,29170,330,43350,El Salvador,Total (with or without children),2000,Urban
45.5,26,,SLV,230,29170,330,43349,El Salvador,One or more children,2000,Urban
44.900001525878906,26,,SLV,230,29171,327,43348,El Salvador,No children,2001,National
44.29999923706055,26,,SLV,230,29171,327,43350,El Salvador,Total (with or without children),2001,National
43.400001525878906,26,,SLV,230,29171,327,43349,El Salvador,One or more children,2001,National
42.20000076293945,26,,SLV,230,29171,331,43348,El Salvador,No children,2001,Rural
41.400001525878906,26,,SLV,230,29171,331,43350,El Salvador,Total (with or without children),2001,Rural
40.599998474121094,26,,SLV,230,29171,331,43349,El Salvador,One or more children,2001,Rural
45.79999923706055,26,,SLV,230,29171,330,43348,El Salvador,No children,2001,Urban
45.400001525878906,26,,SLV,230,29171,330,43350,El Salvador,Total (with or without children),2001,Urban
44.70000076293945,26,,SLV,230,29171,330,43349,El Salvador,One or more children,2001,Urban
44.79999923706055,26,,SLV,230,29172,327,43348,El Salvador,No children,2002,National
44.79999923706055,26,,SLV,230,29172,327,43350,El Salvador,Total (with or without children),2002,National
44.70000076293945,26,,SLV,230,29172,327,43349,El Salvador,One or more children,2002,National
43.20000076293945,26,,SLV,230,29172,331,43348,El Salvador,No children,2002,Rural
42.79999923706055,26,,SLV,230,29172,331,43350,El Salvador,Total (with or without children),2002,Rural
42.29999923706055,26,,SLV,230,29172,331,43349,El Salvador,One or more children,2002,Rural
45.29999923706055,26,,SLV,230,29172,330,43348,El Salvador,No children,2002,Urban
45.5,26,,SLV,230,29172,330,43350,El Salvador,Total (with or without children),2002,Urban
45.79999923706055,26,,SLV,230,29172,330,43349,El Salvador,One or more children,2002,Urban
45.20000076293945,26,,SLV,230,29173,327,43348,El Salvador,No children,2003,National
45,26,,SLV,230,29173,327,43350,El Salvador,Total (with or without children),2003,National
44.79999923706055,26,,SLV,230,29173,327,43349,El Salvador,One or more children,2003,National
43.79999923706055,26,,SLV,230,29173,331,43348,El Salvador,No children,2003,Rural
43.099998474121094,26,,SLV,230,29173,331,43350,El Salvador,Total (with or without children),2003,Rural
42.5,26,,SLV,230,29173,331,43349,El Salvador,One or more children,2003,Rural
45.70000076293945,26,,SLV,230,29173,330,43348,El Salvador,No children,2003,Urban
45.70000076293945,26,,SLV,230,29173,330,43350,El Salvador,Total (with or without children),2003,Urban
45.79999923706055,26,,SLV,230,29173,330,43349,El Salvador,One or more children,2003,Urban
45,26,,SLV,230,29174,327,43348,El Salvador,No children,2004,National
44.70000076293945,26,,SLV,230,29174,327,43350,El Salvador,Total (with or without children),2004,National
44.400001525878906,26,,SLV,230,29174,327,43349,El Salvador,One or more children,2004,National
43.099998474121094,26,,SLV,230,29174,331,43348,El Salvador,No children,2004,Rural
43.29999923706055,26,,SLV,230,29174,331,43350,El Salvador,Total (with or without children),2004,Rural
43.5,26,,SLV,230,29174,331,43349,El Salvador,One or more children,2004,Rural
45.5,26,,SLV,230,29174,330,43348,El Salvador,No children,2004,Urban
45.29999923706055,26,,SLV,230,29174,330,43350,El Salvador,Total (with or without children),2004,Urban
44.79999923706055,26,,SLV,230,29174,330,43349,El Salvador,One or more children,2004,Urban
44,26,,SLV,230,29175,327,43348,El Salvador,No children,2005,National
43.599998474121094,26,,SLV,230,29175,327,43350,El Salvador,Total (with or without children),2005,National
43.099998474121094,26,,SLV,230,29175,327,43349,El Salvador,One or more children,2005,National
42.900001525878906,26,,SLV,230,29175,331,43348,El Salvador,No children,2005,Rural
42.099998474121094,26,,SLV,230,29175,331,43350,El Salvador,Total (with or without children),2005,Rural
41.20000076293945,26,,SLV,230,29175,331,43349,El Salvador,One or more children,2005,Rural
44.29999923706055,26,,SLV,230,29175,330,43348,El Salvador,No children,2005,Urban
44.20000076293945,26,,SLV,230,29175,330,43350,El Salvador,Total (with or without children),2005,Urban
43.900001525878906,26,,SLV,230,29175,330,43349,El Salvador,One or more children,2005,Urban
44.79999923706055,26,,SLV,230,29176,327,43348,El Salvador,No children,2006,National
44.5,26,,SLV,230,29176,327,43350,El Salvador,Total (with or without children),2006,National
44.099998474121094,26,,SLV,230,29176,327,43349,El Salvador,One or more children,2006,National
43.400001525878906,26,,SLV,230,29176,331,43348,El Salvador,No children,2006,Rural
43.099998474121094,26,,SLV,230,29176,331,43350,El Salvador,Total (with or without children),2006,Rural
42.70000076293945,26,,SLV,230,29176,331,43349,El Salvador,One or more children,2006,Rural
45.20000076293945,26,,SLV,230,29176,330,43348,El Salvador,No children,2006,Urban
45.099998474121094,26,,SLV,230,29176,330,43350,El Salvador,Total (with or without children),2006,Urban
44.79999923706055,26,,SLV,230,29176,330,43349,El Salvador,One or more children,2006,Urban
43.400001525878906,26,,SLV,230,29177,327,43348,El Salvador,No children,2007,National
43.400001525878906,26,,SLV,230,29177,327,43350,El Salvador,Total (with or without children),2007,National
43.400001525878906,26,,SLV,230,29177,327,43349,El Salvador,One or more children,2007,National
40.400001525878906,26,,SLV,230,29177,331,43348,El Salvador,No children,2007,Rural
40.400001525878906,26,,SLV,230,29177,331,43350,El Salvador,Total (with or without children),2007,Rural
40.400001525878906,26,,SLV,230,29177,331,43349,El Salvador,One or more children,2007,Rural
44.29999923706055,26,,SLV,230,29177,330,43348,El Salvador,No children,2007,Urban
44.400001525878906,26,,SLV,230,29177,330,43350,El Salvador,Total (with or without children),2007,Urban
44.70000076293945,26,,SLV,230,29177,330,43349,El Salvador,One or more children,2007,Urban
42.400001525878906,26,,SLV,230,29179,327,43348,El Salvador,No children,2009,National
42.29999923706055,26,,SLV,230,29179,327,43350,El Salvador,Total (with or without children),2009,National
42,26,,SLV,230,29179,327,43349,El Salvador,One or more children,2009,National
40.5,26,,SLV,230,29179,331,43348,El Salvador,No children,2009,Rural
40,26,,SLV,230,29179,331,43350,El Salvador,Total (with or without children),2009,Rural
39.29999923706055,26,,SLV,230,29179,331,43349,El Salvador,One or more children,2009,Rural
43,26,,SLV,230,29179,330,43348,El Salvador,No children,2009,Urban
43,26,,SLV,230,29179,330,43350,El Salvador,Total (with or without children),2009,Urban
43.099998474121094,26,,SLV,230,29179,330,43349,El Salvador,One or more children,2009,Urban
41.79999923706055,26,,SLV,230,29180,327,43348,El Salvador,No children,2010,National
41.70000076293945,26,,SLV,230,29180,327,43350,El Salvador,Total (with or without children),2010,National
41.5,26,,SLV,230,29180,327,43349,El Salvador,One or more children,2010,National
39,26,,SLV,230,29180,331,43348,El Salvador,No children,2010,Rural
38.79999923706055,26,,SLV,230,29180,331,43350,El Salvador,Total (with or without children),2010,Rural
38.400001525878906,26,,SLV,230,29180,331,43349,El Salvador,One or more children,2010,Rural
42.599998474121094,26,,SLV,230,29180,330,43348,El Salvador,No children,2010,Urban
42.70000076293945,26,,SLV,230,29180,330,43350,El Salvador,Total (with or without children),2010,Urban
42.79999923706055,26,,SLV,230,29180,330,43349,El Salvador,One or more children,2010,Urban
41.5,26,,SLV,230,29182,327,43348,El Salvador,No children,2012,National
41.20000076293945,26,,SLV,230,29182,327,43350,El Salvador,Total (with or without children),2012,National
40.400001525878906,26,,SLV,230,29182,327,43349,El Salvador,One or more children,2012,National
38.29999923706055,26,,SLV,230,29182,331,43348,El Salvador,No children,2012,Rural
38.29999923706055,26,,SLV,230,29182,331,43350,El Salvador,Total (with or without children),2012,Rural
38.20000076293945,26,,SLV,230,29182,331,43349,El Salvador,One or more children,2012,Rural
42.5,26,,SLV,230,29182,330,43348,El Salvador,No children,2012,Urban
42.20000076293945,26,,SLV,230,29182,330,43350,El Salvador,Total (with or without children),2012,Urban
41.400001525878906,26,,SLV,230,29182,330,43349,El Salvador,One or more children,2012,Urban
41.70000076293945,26,,SLV,230,29183,327,43348,El Salvador,No children,2013,National
41.29999923706055,26,,SLV,230,29183,327,43350,El Salvador,Total (with or without children),2013,National
40.599998474121094,26,,SLV,230,29183,327,43349,El Salvador,One or more children,2013,National
38.29999923706055,26,,SLV,230,29183,331,43348,El Salvador,No children,2013,Rural
38,26,,SLV,230,29183,331,43350,El Salvador,Total (with or without children),2013,Rural
37.400001525878906,26,,SLV,230,29183,331,43349,El Salvador,One or more children,2013,Rural
42.70000076293945,26,,SLV,230,29183,330,43348,El Salvador,No children,2013,Urban
42.5,26,,SLV,230,29183,330,43350,El Salvador,Total (with or without children),2013,Urban
42.099998474121094,26,,SLV,230,29183,330,43349,El Salvador,One or more children,2013,Urban
42.400001525878906,26,,SLV,230,29184,327,43348,El Salvador,No children,2014,National
42,26,,SLV,230,29184,327,43350,El Salvador,Total (with or without children),2014,National
41.099998474121094,26,,SLV,230,29184,327,43349,El Salvador,One or more children,2014,National
39.20000076293945,26,,SLV,230,29184,331,43348,El Salvador,No children,2014,Rural
38.599998474121094,26,,SLV,230,29184,331,43350,El Salvador,Total (with or without children),2014,Rural
37.79999923706055,26,,SLV,230,29184,331,43349,El Salvador,One or more children,2014,Rural
43.400001525878906,26,,SLV,230,29184,330,43348,El Salvador,No children,2014,Urban
43.20000076293945,26,,SLV,230,29184,330,43350,El Salvador,Total (with or without children),2014,Urban
42.599998474121094,26,,SLV,230,29184,330,43349,El Salvador,One or more children,2014,Urban
42.5,26,,SLV,230,29185,327,43348,El Salvador,No children,2015,National
42.29999923706055,26,,SLV,230,29185,327,43350,El Salvador,Total (with or without children),2015,National
41.79999923706055,26,,SLV,230,29185,327,43349,El Salvador,One or more children,2015,National
39.900001525878906,26,,SLV,230,29185,331,43348,El Salvador,No children,2015,Rural
39.400001525878906,26,,SLV,230,29185,331,43350,El Salvador,Total (with or without children),2015,Rural
38.70000076293945,26,,SLV,230,29185,331,43349,El Salvador,One or more children,2015,Rural
43.29999923706055,26,,SLV,230,29185,330,43348,El Salvador,No children,2015,Urban
43.29999923706055,26,,SLV,230,29185,330,43350,El Salvador,Total (with or without children),2015,Urban
43.29999923706055,26,,SLV,230,29185,330,43349,El Salvador,One or more children,2015,Urban
42.20000076293945,26,,SLV,230,29186,327,43348,El Salvador,No children,2016,National
42,26,,SLV,230,29186,327,43350,El Salvador,Total (with or without children),2016,National
41.70000076293945,26,,SLV,230,29186,327,43349,El Salvador,One or more children,2016,National
39.79999923706055,26,,SLV,230,29186,331,43348,El Salvador,No children,2016,Rural
39.400001525878906,26,,SLV,230,29186,331,43350,El Salvador,Total (with or without children),2016,Rural
38.599998474121094,26,,SLV,230,29186,331,43349,El Salvador,One or more children,2016,Rural
43,26,,SLV,230,29186,330,43348,El Salvador,No children,2016,Urban
43.099998474121094,26,,SLV,230,29186,330,43350,El Salvador,Total (with or without children),2016,Urban
43.20000076293945,26,,SLV,230,29186,330,43349,El Salvador,One or more children,2016,Urban
42,26,,SLV,230,29187,327,43348,El Salvador,No children,2017,National
41.79999923706055,26,,SLV,230,29187,327,43350,El Salvador,Total (with or without children),2017,National
41.400001525878906,26,,SLV,230,29187,327,43349,El Salvador,One or more children,2017,National
39.79999923706055,26,,SLV,230,29187,331,43348,El Salvador,No children,2017,Rural
39.20000076293945,26,,SLV,230,29187,331,43350,El Salvador,Total (with or without children),2017,Rural
38.099998474121094,26,,SLV,230,29187,331,43349,El Salvador,One or more children,2017,Rural
42.900001525878906,26,,SLV,230,29187,330,43348,El Salvador,No children,2017,Urban
42.900001525878906,26,,SLV,230,29187,330,43350,El Salvador,Total (with or without children),2017,Urban
43,26,,SLV,230,29187,330,43349,El Salvador,One or more children,2017,Urban
41.70000076293945,26,,SLV,230,29188,327,43348,El Salvador,No children,2018,National
41.5,26,,SLV,230,29188,327,43350,El Salvador,Total (with or without children),2018,National
41,26,,SLV,230,29188,327,43349,El Salvador,One or more children,2018,National
40.20000076293945,26,,SLV,230,29188,331,43348,El Salvador,No children,2018,Rural
40,26,,SLV,230,29188,331,43350,El Salvador,Total (with or without children),2018,Rural
39.5,26,,SLV,230,29188,331,43349,El Salvador,One or more children,2018,Rural
42.20000076293945,26,,SLV,230,29188,330,43348,El Salvador,No children,2018,Urban
42.099998474121094,26,,SLV,230,29188,330,43350,El Salvador,Total (with or without children),2018,Urban
41.79999923706055,26,,SLV,230,29188,330,43349,El Salvador,One or more children,2018,Urban
42.20000076293945,26,,SLV,230,29189,327,43348,El Salvador,No children,2019,National
42.20000076293945,26,,SLV,230,29189,327,43350,El Salvador,Total (with or without children),2019,National
42.29999923706055,26,,SLV,230,29189,327,43349,El Salvador,One or more children,2019,National
40.79999923706055,26,,SLV,230,29189,331,43348,El Salvador,No children,2019,Rural
40.5,26,,SLV,230,29189,331,43350,El Salvador,Total (with or without children),2019,Rural
39.79999923706055,26,,SLV,230,29189,331,43349,El Salvador,One or more children,2019,Rural
42.70000076293945,26,,SLV,230,29189,330,43348,El Salvador,No children,2019,Urban
42.900001525878906,26,,SLV,230,29189,330,43350,El Salvador,Total (with or without children),2019,Urban
43.599998474121094,26,,SLV,230,29189,330,43349,El Salvador,One or more children,2019,Urban
42.099998474121094,26,,SLV,230,29190,327,43348,El Salvador,No children,2020,National
42.20000076293945,26,,SLV,230,29190,327,43350,El Salvador,Total (with or without children),2020,National
42.599998474121094,26,,SLV,230,29190,327,43349,El Salvador,One or more children,2020,National
40.5,26,,SLV,230,29190,331,43348,El Salvador,No children,2020,Rural
40.79999923706055,26,,SLV,230,29190,331,43350,El Salvador,Total (with or without children),2020,Rural
41.5,26,,SLV,230,29190,331,43349,El Salvador,One or more children,2020,Rural
42.70000076293945,26,,SLV,230,29190,330,43348,El Salvador,No children,2020,Urban
42.79999923706055,26,,SLV,230,29190,330,43350,El Salvador,Total (with or without children),2020,Urban
43.099998474121094,26,,SLV,230,29190,330,43349,El Salvador,One or more children,2020,Urban
43.099998474121094,26,,SLV,230,29191,327,43348,El Salvador,No children,2021,National
42.900001525878906,26,,SLV,230,29191,327,43350,El Salvador,Total (with or without children),2021,National
42.20000076293945,26,,SLV,230,29191,327,43349,El Salvador,One or more children,2021,National
41.400001525878906,26,,SLV,230,29191,331,43348,El Salvador,No children,2021,Rural
41.099998474121094,26,,SLV,230,29191,331,43350,El Salvador,Total (with or without children),2021,Rural
40.5,26,,SLV,230,29191,331,43349,El Salvador,One or more children,2021,Rural
43.79999923706055,26,,SLV,230,29191,330,43348,El Salvador,No children,2021,Urban
43.599998474121094,26,,SLV,230,29191,330,43350,El Salvador,Total (with or without children),2021,Urban
43.099998474121094,26,,SLV,230,29191,330,43349,El Salvador,One or more children,2021,Urban
42.5,26,,SLV,230,29192,327,43348,El Salvador,No children,2022,National
42.20000076293945,26,,SLV,230,29192,327,43350,El Salvador,Total (with or without children),2022,National
41.5,26,,SLV,230,29192,327,43349,El Salvador,One or more children,2022,National
40.29999923706055,26,,SLV,230,29192,331,43348,El Salvador,No children,2022,Rural
40,26,,SLV,230,29192,331,43350,El Salvador,Total (with or without children),2022,Rural
39.400001525878906,26,,SLV,230,29192,331,43349,El Salvador,One or more children,2022,Rural
43.29999923706055,26,,SLV,230,29192,330,43348,El Salvador,No children,2022,Urban
43.20000076293945,26,,SLV,230,29192,330,43350,El Salvador,Total (with or without children),2022,Urban
42.599998474121094,26,,SLV,230,29192,330,43349,El Salvador,One or more children,2022,Urban
42.20000076293945,26,,SLV,230,29193,327,43348,El Salvador,No children,2023,National
42.099998474121094,26,,SLV,230,29193,327,43350,El Salvador,Total (with or without children),2023,National
41.900001525878906,26,,SLV,230,29193,327,43349,El Salvador,One or more children,2023,National
40.70000076293945,26,,SLV,230,29193,331,43348,El Salvador,No children,2023,Rural
40.599998474121094,26,,SLV,230,29193,331,43350,El Salvador,Total (with or without children),2023,Rural
40.29999923706055,26,,SLV,230,29193,331,43349,El Salvador,One or more children,2023,Rural
42.79999923706055,26,,SLV,230,29193,330,43348,El Salvador,No children,2023,Urban
42.79999923706055,26,,SLV,230,29193,330,43350,El Salvador,Total (with or without children),2023,Urban
42.79999923706055,26,,SLV,230,29193,330,43349,El Salvador,One or more children,2023,Urban
44.900001525878906,26,,GTM,235,29170,327,43348,Guatemala,No children,2000,National
42.099998474121094,26,,GTM,235,29170,327,43350,Guatemala,Total (with or without children),2000,National
39.5,26,,GTM,235,29170,327,43349,Guatemala,One or more children,2000,National
42.29999923706055,26,,GTM,235,29170,331,43348,Guatemala,No children,2000,Rural
39.099998474121094,26,,GTM,235,29170,331,43350,Guatemala,Total (with or without children),2000,Rural
36.900001525878906,26,,GTM,235,29170,331,43349,Guatemala,One or more children,2000,Rural
46.5,26,,GTM,235,29170,330,43348,Guatemala,No children,2000,Urban
44.79999923706055,26,,GTM,235,29170,330,43350,Guatemala,Total (with or without children),2000,Urban
42.5,26,,GTM,235,29170,330,43349,Guatemala,One or more children,2000,Urban
37.5,26,,GTM,235,29176,327,43348,Guatemala,No children,2006,National
36.400001525878906,26,,GTM,235,29176,327,43350,Guatemala,Total (with or without children),2006,National
35.20000076293945,26,,GTM,235,29176,327,43349,Guatemala,One or more children,2006,National
33.29999923706055,26,,GTM,235,29176,331,43348,Guatemala,No children,2006,Rural
32.5,26,,GTM,235,29176,331,43350,Guatemala,Total (with or without children),2006,Rural
31.799999237060547,26,,GTM,235,29176,331,43349,Guatemala,One or more children,2006,Rural
39.5,26,,GTM,235,29176,330,43348,Guatemala,No children,2006,Urban
38.79999923706055,26,,GTM,235,29176,330,43350,Guatemala,Total (with or without children),2006,Urban
37.900001525878906,26,,GTM,235,29176,330,43349,Guatemala,One or more children,2006,Urban
41.099998474121094,26,,GTM,235,29184,327,43348,Guatemala,No children,2014,National
40.599998474121094,26,,GTM,235,29184,327,43350,Guatemala,Total (with or without children),2014,National
40,26,,GTM,235,29184,327,43349,Guatemala,One or more children,2014,National
38.79999923706055,26,,GTM,235,29184,331,43348,Guatemala,No children,2014,Rural
38.099998474121094,26,,GTM,235,29184,331,43350,Guatemala,Total (with or without children),2014,Rural
37.5,26,,GTM,235,29184,331,43349,Guatemala,One or more children,2014,Rural
42.099998474121094,26,,GTM,235,29184,330,43348,Guatemala,No children,2014,Urban
42,26,,GTM,235,29184,330,43350,Guatemala,Total (with or without children),2014,Urban
41.79999923706055,26,,GTM,235,29184,330,43349,Guatemala,One or more children,2014,Urban
35.29999923706055,26,,GTM,235,29193,327,43348,Guatemala,No children,2023,National
34.29999923706055,26,,GTM,235,29193,327,43350,Guatemala,Total (with or without children),2023,National
32.5,26,,GTM,235,29193,327,43349,Guatemala,One or more children,2023,National
32.099998474121094,26,,GTM,235,29193,331,43348,Guatemala,No children,2023,Rural
30.899999618530273,26,,GTM,235,29193,331,43350,Guatemala,Total (with or without children),2023,Rural
29.299999237060547,26,,GTM,235,29193,331,43349,Guatemala,One or more children,2023,Rural
36.599998474121094,26,,GTM,235,29193,330,43348,Guatemala,No children,2023,Urban
36.099998474121094,26,,GTM,235,29193,330,43350,Guatemala,Total (with or without children),2023,Urban
35,26,,GTM,235,29193,330,43349,Guatemala,One or more children,2023,Urban
43.5,26,355,HND,239,29171,327,43348,Honduras,No children,2001,National
42.79999923706055,26,355,HND,239,29171,327,43350,Honduras,Total (with or without children),2001,National
42,26,355,HND,239,29171,327,43349,Honduras,One or more children,2001,National
40.599998474121094,26,355,HND,239,29171,331,43348,Honduras,No children,2001,Rural
39,26,355,HND,239,29171,331,43350,Honduras,Total (with or without children),2001,Rural
37.900001525878906,26,355,HND,239,29171,331,43349,Honduras,One or more children,2001,Rural
44.900001525878906,26,355,HND,239,29171,330,43348,Honduras,No children,2001,Urban
45,26,355,HND,239,29171,330,43350,Honduras,Total (with or without children),2001,Urban
45.20000076293945,26,355,HND,239,29171,330,43349,Honduras,One or more children,2001,Urban
51.599998474121094,26,355,HND,239,29174,327,43348,Honduras,No children,2004,National
51.29999923706055,26,355,HND,239,29174,327,43350,Honduras,Total (with or without children),2004,National
50.900001525878906,26,355,HND,239,29174,327,43349,Honduras,One or more children,2004,National
48.900001525878906,26,355,HND,239,29174,331,43348,Honduras,No children,2004,Rural
48.099998474121094,26,355,HND,239,29174,331,43350,Honduras,Total (with or without children),2004,Rural
47.400001525878906,26,355,HND,239,29174,331,43349,Honduras,One or more children,2004,Rural
53.5,26,355,HND,239,29174,330,43348,Honduras,No children,2004,Urban
53.79999923706055,26,355,HND,239,29174,330,43350,Honduras,Total (with or without children),2004,Urban
54.099998474121094,26,355,HND,239,29174,330,43349,Honduras,One or more children,2004,Urban
39.20000076293945,26,355,HND,239,29175,327,43348,Honduras,No children,2005,National
39.400001525878906,26,355,HND,239,29175,327,43350,Honduras,Total (with or without children),2005,National
39.5,26,355,HND,239,29175,327,43349,Honduras,One or more children,2005,National
33,26,355,HND,239,29175,331,43348,Honduras,No children,2005,Rural
33.400001525878906,26,355,HND,239,29175,331,43350,Honduras,Total (with or without children),2005,Rural
33.70000076293945,26,355,HND,239,29175,331,43349,Honduras,One or more children,2005,Rural
42.400001525878906,26,355,HND,239,29175,330,43348,Honduras,No children,2005,Urban
42.70000076293945,26,355,HND,239,29175,330,43350,Honduras,Total (with or without children),2005,Urban
43.20000076293945,26,355,HND,239,29175,330,43349,Honduras,One or more children,2005,Urban
36.20000076293945,26,355,HND,239,29179,327,43348,Honduras,No children,2009,National
35.79999923706055,26,355,HND,239,29179,327,43350,Honduras,Total (with or without children),2009,National
35.20000076293945,26,355,HND,239,29179,327,43349,Honduras,One or more children,2009,National
30.799999237060547,26,355,HND,239,29179,331,43348,Honduras,No children,2009,Rural
30.5,26,355,HND,239,29179,331,43350,Honduras,Total (with or without children),2009,Rural
30.100000381469727,26,355,HND,239,29179,331,43349,Honduras,One or more children,2009,Rural
39.5,26,355,HND,239,29179,330,43348,Honduras,No children,2009,Urban
39.5,26,355,HND,239,29179,330,43350,Honduras,Total (with or without children),2009,Urban
39.5,26,355,HND,239,29179,330,43349,Honduras,One or more children,2009,Urban
36.400001525878906,26,355,HND,239,29180,327,43348,Honduras,No children,2010,National
35.599998474121094,26,355,HND,239,29180,327,43350,Honduras,Total (with or without children),2010,National
34.5,26,355,HND,239,29180,327,43349,Honduras,One or more children,2010,National
30.799999237060547,26,355,HND,239,29180,331,43348,Honduras,No children,2010,Rural
30.399999618530273,26,355,HND,239,29180,331,43350,Honduras,Total (with or without children),2010,Rural
29.899999618530273,26,355,HND,239,29180,331,43349,Honduras,One or more children,2010,Rural
39.70000076293945,26,355,HND,239,29180,330,43348,Honduras,No children,2010,Urban
39.400001525878906,26,355,HND,239,29180,330,43350,Honduras,Total (with or without children),2010,Urban
38.79999923706055,26,355,HND,239,29180,330,43349,Honduras,One or more children,2010,Urban
38.599998474121094,26,355,HND,239,29181,327,43348,Honduras,No children,2011,National
38.599998474121094,26,355,HND,239,29181,327,43350,Honduras,Total (with or without children),2011,National
38.599998474121094,26,355,HND,239,29181,327,43349,Honduras,One or more children,2011,National
35,26,355,HND,239,29181,331,43348,Honduras,No children,2011,Rural
35.20000076293945,26,355,HND,239,29181,331,43350,Honduras,Total (with or without children),2011,Rural
35.5,26,355,HND,239,29181,331,43349,Honduras,One or more children,2011,Rural
40.79999923706055,26,355,HND,239,29181,330,43348,Honduras,No children,2011,Urban
40.900001525878906,26,355,HND,239,29181,330,43350,Honduras,Total (with or without children),2011,Urban
41.20000076293945,26,355,HND,239,29181,330,43349,Honduras,One or more children,2011,Urban
37.900001525878906,26,355,HND,239,29182,327,43348,Honduras,No children,2012,National
37.70000076293945,26,355,HND,239,29182,327,43350,Honduras,Total (with or without children),2012,National
37.400001525878906,26,355,HND,239,29182,327,43349,Honduras,One or more children,2012,National
32.70000076293945,26,355,HND,239,29182,331,43348,Honduras,No children,2012,Rural
32.70000076293945,26,355,HND,239,29182,331,43350,Honduras,Total (with or without children),2012,Rural
32.79999923706055,26,355,HND,239,29182,331,43349,Honduras,One or more children,2012,Rural
40.79999923706055,26,355,HND,239,29182,330,43348,Honduras,No children,2012,Urban
40.900001525878906,26,355,HND,239,29182,330,43350,Honduras,Total (with or without children),2012,Urban
41,26,355,HND,239,29182,330,43349,Honduras,One or more children,2012,Urban
38.5,26,355,HND,239,29183,327,43348,Honduras,No children,2013,National
38.29999923706055,26,355,HND,239,29183,327,43350,Honduras,Total (with or without children),2013,National
38.099998474121094,26,355,HND,239,29183,327,43349,Honduras,One or more children,2013,National
34.900001525878906,26,355,HND,239,29183,331,43348,Honduras,No children,2013,Rural
34.599998474121094,26,355,HND,239,29183,331,43350,Honduras,Total (with or without children),2013,Rural
34.400001525878906,26,355,HND,239,29183,331,43349,Honduras,One or more children,2013,Rural
40.599998474121094,26,355,HND,239,29183,330,43348,Honduras,No children,2013,Urban
40.79999923706055,26,355,HND,239,29183,330,43350,Honduras,Total (with or without children),2013,Urban
41,26,355,HND,239,29183,330,43349,Honduras,One or more children,2013,Urban
40,26,8615,HND,239,29184,327,43348,Honduras,No children,2014,National
39.900001525878906,26,8615,HND,239,29184,327,43350,Honduras,Total (with or without children),2014,National
39.70000076293945,26,8615,HND,239,29184,327,43349,Honduras,One or more children,2014,National
35.400001525878906,26,8615,HND,239,29184,331,43348,Honduras,No children,2014,Rural
34.70000076293945,26,8615,HND,239,29184,331,43350,Honduras,Total (with or without children),2014,Rural
34,26,8615,HND,239,29184,331,43349,Honduras,One or more children,2014,Rural
42.5,26,8615,HND,239,29184,330,43348,Honduras,No children,2014,Urban
43,26,8615,HND,239,29184,330,43350,Honduras,Total (with or without children),2014,Urban
43.599998474121094,26,8615,HND,239,29184,330,43349,Honduras,One or more children,2014,Urban
39.900001525878906,26,8615,HND,239,29185,327,43348,Honduras,No children,2015,National
39.400001525878906,26,8615,HND,239,29185,327,43350,Honduras,Total (with or without children),2015,National
38.70000076293945,26,8615,HND,239,29185,327,43349,Honduras,One or more children,2015,National
35.599998474121094,26,8615,HND,239,29185,331,43348,Honduras,No children,2015,Rural
35.5,26,8615,HND,239,29185,331,43350,Honduras,Total (with or without children),2015,Rural
35.400001525878906,26,8615,HND,239,29185,331,43349,Honduras,One or more children,2015,Rural
42.099998474121094,26,8615,HND,239,29185,330,43348,Honduras,No children,2015,Urban
41.5,26,8615,HND,239,29185,330,43350,Honduras,Total (with or without children),2015,Urban
40.79999923706055,26,8615,HND,239,29185,330,43349,Honduras,One or more children,2015,Urban
40.099998474121094,26,8615,HND,239,29186,327,43348,Honduras,No children,2016,National
40.099998474121094,26,8615,HND,239,29186,327,43350,Honduras,Total (with or without children),2016,National
40,26,8615,HND,239,29186,327,43349,Honduras,One or more children,2016,National
37.5,26,8615,HND,239,29186,331,43348,Honduras,No children,2016,Rural
36.70000076293945,26,8615,HND,239,29186,331,43350,Honduras,Total (with or without children),2016,Rural
35.900001525878906,26,8615,HND,239,29186,331,43349,Honduras,One or more children,2016,Rural
41.5,26,8615,HND,239,29186,330,43348,Honduras,No children,2016,Urban
42,26,8615,HND,239,29186,330,43350,Honduras,Total (with or without children),2016,Urban
42.79999923706055,26,8615,HND,239,29186,330,43349,Honduras,One or more children,2016,Urban
41.5,26,8615,HND,239,29188,327,43348,Honduras,No children,2018,National
41.5,26,8615,HND,239,29188,327,43350,Honduras,Total (with or without children),2018,National
41.5,26,8615,HND,239,29188,327,43349,Honduras,One or more children,2018,National
35.400001525878906,26,8615,HND,239,29188,331,43348,Honduras,No children,2018,Rural
35.79999923706055,26,8615,HND,239,29188,331,43350,Honduras,Total (with or without children),2018,Rural
36.29999923706055,26,8615,HND,239,29188,331,43349,Honduras,One or more children,2018,Rural
44.099998474121094,26,8615,HND,239,29188,330,43348,Honduras,No children,2018,Urban
44.400001525878906,26,8615,HND,239,29188,330,43350,Honduras,Total (with or without children),2018,Urban
44.900001525878906,26,8615,HND,239,29188,330,43349,Honduras,One or more children,2018,Urban
41.599998474121094,26,8615,HND,239,29189,327,43348,Honduras,No children,2019,National
42,26,8615,HND,239,29189,327,43350,Honduras,Total (with or without children),2019,National
42.5,26,8615,HND,239,29189,327,43349,Honduras,One or more children,2019,National
40.29999923706055,26,8615,HND,239,29189,331,43348,Honduras,No children,2019,Rural
39.900001525878906,26,8615,HND,239,29189,331,43350,Honduras,Total (with or without children),2019,Rural
39.20000076293945,26,8615,HND,239,29189,331,43349,Honduras,One or more children,2019,Rural
42.20000076293945,26,8615,HND,239,29189,330,43348,Honduras,No children,2019,Urban
43,26,8615,HND,239,29189,330,43350,Honduras,Total (with or without children),2019,Urban
44.5,26,8615,HND,239,29189,330,43349,Honduras,One or more children,2019,Urban
45.29999923706055,26,8615,HND,239,29192,327,43348,Honduras,No children,2022,National
44.70000076293945,26,8615,HND,239,29192,327,43350,Honduras,Total (with or without children),2022,National
43.400001525878906,26,8615,HND,239,29192,327,43349,Honduras,One or more children,2022,National
46.29999923706055,26,8615,HND,239,29192,331,43348,Honduras,No children,2022,Rural
45.400001525878906,26,8615,HND,239,29192,331,43350,Honduras,Total (with or without children),2022,Rural
44,26,8615,HND,239,29192,331,43349,Honduras,One or more children,2022,Rural
44.900001525878906,26,8615,HND,239,29192,330,43348,Honduras,No children,2022,Urban
44.400001525878906,26,8615,HND,239,29192,330,43350,Honduras,Total (with or without children),2022,Urban
42.900001525878906,26,8615,HND,239,29192,330,43349,Honduras,One or more children,2022,Urban
44.5,26,8615,HND,239,29193,327,43348,Honduras,No children,2023,National
44.400001525878906,26,8615,HND,239,29193,327,43350,Honduras,Total (with or without children),2023,National
44.20000076293945,26,8615,HND,239,29193,327,43349,Honduras,One or more children,2023,National
44.70000076293945,26,8615,HND,239,29193,331,43348,Honduras,No children,2023,Rural
43.70000076293945,26,8615,HND,239,29193,331,43350,Honduras,Total (with or without children),2023,Rural
41.70000076293945,26,8615,HND,239,29193,331,43349,Honduras,One or more children,2023,Rural
44.29999923706055,26,8615,HND,239,29193,330,43348,Honduras,No children,2023,Urban
44.70000076293945,26,8615,HND,239,29193,330,43350,Honduras,Total (with or without children),2023,Urban
45.79999923706055,26,8615,HND,239,29193,330,43349,Honduras,One or more children,2023,Urban
47,26,8615,HND,239,29194,327,43348,Honduras,No children,2024,National
46.5,26,8615,HND,239,29194,327,43350,Honduras,Total (with or without children),2024,National
45.5,26,8615,HND,239,29194,327,43349,Honduras,One or more children,2024,National
47.20000076293945,26,8615,HND,239,29194,331,43348,Honduras,No children,2024,Rural
46.5,26,8615,HND,239,29194,331,43350,Honduras,Total (with or without children),2024,Rural
45.29999923706055,26,8615,HND,239,29194,331,43349,Honduras,One or more children,2024,Rural
46.900001525878906,26,8615,HND,239,29194,330,43348,Honduras,No children,2024,Urban
46.5,26,8615,HND,239,29194,330,43350,Honduras,Total (with or without children),2024,Urban
45.599998474121094,26,8615,HND,239,29194,330,43349,Honduras,One or more children,2024,Urban
39.20000076293945,26,12429,MEX,233,29170,327,43348,Mexico,No children,2000,National
39,26,12429,MEX,233,29170,327,43350,Mexico,Total (with or without children),2000,National
38.5,26,12429,MEX,233,29170,327,43349,Mexico,One or more children,2000,National
34.70000076293945,26,12429,MEX,233,29170,331,43348,Mexico,No children,2000,Rural
33.900001525878906,26,12429,MEX,233,29170,331,43350,Mexico,Total (with or without children),2000,Rural
32.599998474121094,26,12429,MEX,233,29170,331,43349,Mexico,One or more children,2000,Rural
40.29999923706055,26,12429,MEX,233,29170,330,43348,Mexico,No children,2000,Urban
40.29999923706055,26,12429,MEX,233,29170,330,43350,Mexico,Total (with or without children),2000,Urban
40.20000076293945,26,12429,MEX,233,29170,330,43349,Mexico,One or more children,2000,Urban
38.599998474121094,26,12429,MEX,233,29172,327,43348,Mexico,No children,2002,National
38.099998474121094,26,12429,MEX,233,29172,327,43350,Mexico,Total (with or without children),2002,National
37.20000076293945,26,12429,MEX,233,29172,327,43349,Mexico,One or more children,2002,National
32.5,26,12429,MEX,233,29172,331,43348,Mexico,No children,2002,Rural
32,26,12429,MEX,233,29172,331,43350,Mexico,Total (with or without children),2002,Rural
31.100000381469727,26,12429,MEX,233,29172,331,43349,Mexico,One or more children,2002,Rural
40.099998474121094,26,12429,MEX,233,29172,330,43348,Mexico,No children,2002,Urban
39.70000076293945,26,12429,MEX,233,29172,330,43350,Mexico,Total (with or without children),2002,Urban
38.900001525878906,26,12429,MEX,233,29172,330,43349,Mexico,One or more children,2002,Urban
40.599998474121094,26,12429,MEX,233,29174,327,43348,Mexico,No children,2004,National
40.599998474121094,26,12429,MEX,233,29174,327,43350,Mexico,Total (with or without children),2004,National
40.599998474121094,26,12429,MEX,233,29174,327,43349,Mexico,One or more children,2004,National
39.400001525878906,26,12429,MEX,233,29174,331,43348,Mexico,No children,2004,Rural
39.29999923706055,26,12429,MEX,233,29174,331,43350,Mexico,Total (with or without children),2004,Rural
39.099998474121094,26,12429,MEX,233,29174,331,43349,Mexico,One or more children,2004,Rural
40.79999923706055,26,12429,MEX,233,29174,330,43348,Mexico,No children,2004,Urban
40.900001525878906,26,12429,MEX,233,29174,330,43350,Mexico,Total (with or without children),2004,Urban
41,26,12429,MEX,233,29174,330,43349,Mexico,One or more children,2004,Urban
39,26,12429,MEX,233,29176,327,43348,Mexico,No children,2006,National
38.79999923706055,26,12429,MEX,233,29176,327,43350,Mexico,Total (with or without children),2006,National
38.20000076293945,26,12429,MEX,233,29176,327,43349,Mexico,One or more children,2006,National
35.70000076293945,26,12429,MEX,233,29176,331,43348,Mexico,No children,2006,Rural
35.099998474121094,26,12429,MEX,233,29176,331,43350,Mexico,Total (with or without children),2006,Rural
33.79999923706055,26,12429,MEX,233,29176,331,43349,Mexico,One or more children,2006,Rural
39.900001525878906,26,12429,MEX,233,29176,330,43348,Mexico,No children,2006,Urban
39.599998474121094,26,12429,MEX,233,29176,330,43350,Mexico,Total (with or without children),2006,Urban
39.20000076293945,26,12429,MEX,233,29176,330,43349,Mexico,One or more children,2006,Urban
39.5,26,12429,MEX,233,29178,327,43348,Mexico,No children,2008,National
39.5,26,12429,MEX,233,29178,327,43350,Mexico,Total (with or without children),2008,National
39.400001525878906,26,12429,MEX,233,29178,327,43349,Mexico,One or more children,2008,National
36.70000076293945,26,12429,MEX,233,29178,331,43348,Mexico,No children,2008,Rural
36.400001525878906,26,12429,MEX,233,29178,331,43350,Mexico,Total (with or without children),2008,Rural
35.79999923706055,26,12429,MEX,233,29178,331,43349,Mexico,One or more children,2008,Rural
40,26,12429,MEX,233,29178,330,43348,Mexico,No children,2008,Urban
40.099998474121094,26,12429,MEX,233,29178,330,43350,Mexico,Total (with or without children),2008,Urban
40.20000076293945,26,12429,MEX,233,29178,330,43349,Mexico,One or more children,2008,Urban
40.79999923706055,26,12429,MEX,233,29180,327,43348,Mexico,No children,2010,National
40.29999923706055,26,12429,MEX,233,29180,327,43350,Mexico,Total (with or without children),2010,National
39.29999923706055,26,12429,MEX,233,29180,327,43349,Mexico,One or more children,2010,National
38.599998474121094,26,12429,MEX,233,29180,331,43348,Mexico,No children,2010,Rural
37.900001525878906,26,12429,MEX,233,29180,331,43350,Mexico,Total (with or without children),2010,Rural
36.70000076293945,26,12429,MEX,233,29180,331,43349,Mexico,One or more children,2010,Rural
41.20000076293945,26,12429,MEX,233,29180,330,43348,Mexico,No children,2010,Urban
40.79999923706055,26,12429,MEX,233,29180,330,43350,Mexico,Total (with or without children),2010,Urban
39.79999923706055,26,12429,MEX,233,29180,330,43349,Mexico,One or more children,2010,Urban
39.20000076293945,26,12429,MEX,233,29182,327,43348,Mexico,No children,2012,National
39,26,12429,MEX,233,29182,327,43350,Mexico,Total (with or without children),2012,National
38.5,26,12429,MEX,233,29182,327,43349,Mexico,One or more children,2012,National
33.79999923706055,26,12429,MEX,233,29182,331,43348,Mexico,No children,2012,Rural
33.900001525878906,26,12429,MEX,233,29182,331,43350,Mexico,Total (with or without children),2012,Rural
34.099998474121094,26,12429,MEX,233,29182,331,43349,Mexico,One or more children,2012,Rural
40.400001525878906,26,12429,MEX,233,29182,330,43348,Mexico,No children,2012,Urban
40.20000076293945,26,12429,MEX,233,29182,330,43350,Mexico,Total (with or without children),2012,Urban
39.79999923706055,26,12429,MEX,233,29182,330,43349,Mexico,One or more children,2012,Urban
39.599998474121094,26,12429,MEX,233,29184,327,43348,Mexico,No children,2014,National
39.400001525878906,26,12429,MEX,233,29184,327,43350,Mexico,Total (with or without children),2014,National
39,26,12429,MEX,233,29184,327,43349,Mexico,One or more children,2014,National
36.099998474121094,26,12429,MEX,233,29184,331,43348,Mexico,No children,2014,Rural
35.5,26,12429,MEX,233,29184,331,43350,Mexico,Total (with or without children),2014,Rural
34.20000076293945,26,12429,MEX,233,29184,331,43349,Mexico,One or more children,2014,Rural
40.400001525878906,26,12429,MEX,233,29184,330,43348,Mexico,No children,2014,Urban
40.29999923706055,26,12429,MEX,233,29184,330,43350,Mexico,Total (with or without children),2014,Urban
40.20000076293945,26,12429,MEX,233,29184,330,43349,Mexico,One or more children,2014,Urban
39.20000076293945,26,12428,MEX,233,29186,327,43348,Mexico,No children,2016,National
38.79999923706055,26,12428,MEX,233,29186,327,43350,Mexico,Total (with or without children),2016,National
37.900001525878906,26,12428,MEX,233,29186,327,43349,Mexico,One or more children,2016,National
33.599998474121094,26,12428,MEX,233,29186,331,43348,Mexico,No children,2016,Rural
33.099998474121094,26,12428,MEX,233,29186,331,43350,Mexico,Total (with or without children),2016,Rural
32.099998474121094,26,12428,MEX,233,29186,331,43349,Mexico,One or more children,2016,Rural
40.5,26,12428,MEX,233,29186,330,43348,Mexico,No children,2016,Urban
40.29999923706055,26,12428,MEX,233,29186,330,43350,Mexico,Total (with or without children),2016,Urban
39.599998474121094,26,12428,MEX,233,29186,330,43349,Mexico,One or more children,2016,Urban
39.29999923706055,26,12428,MEX,233,29188,327,43348,Mexico,No children,2018,National
38.900001525878906,26,12428,MEX,233,29188,327,43350,Mexico,Total (with or without children),2018,National
38,26,12428,MEX,233,29188,327,43349,Mexico,One or more children,2018,National
33.5,26,12428,MEX,233,29188,331,43348,Mexico,No children,2018,Rural
33,26,12428,MEX,233,29188,331,43350,Mexico,Total (with or without children),2018,Rural
32.099998474121094,26,12428,MEX,233,29188,331,43349,Mexico,One or more children,2018,Rural
40.70000076293945,26,12428,MEX,233,29188,330,43348,Mexico,No children,2018,Urban
40.5,26,12428,MEX,233,29188,330,43350,Mexico,Total (with or without children),2018,Urban
40.099998474121094,26,12428,MEX,233,29188,330,43349,Mexico,One or more children,2018,Urban
38.400001525878906,26,12428,MEX,233,29190,327,43348,Mexico,No children,2020,National
38,26,12428,MEX,233,29190,327,43350,Mexico,Total (with or without children),2020,National
37.099998474121094,26,12428,MEX,233,29190,327,43349,Mexico,One or more children,2020,National
33.29999923706055,26,12428,MEX,233,29190,331,43348,Mexico,No children,2020,Rural
32.900001525878906,26,12428,MEX,233,29190,331,43350,Mexico,Total (with or without children),2020,Rural
32.099998474121094,26,12428,MEX,233,29190,331,43349,Mexico,One or more children,2020,Rural
39.599998474121094,26,12428,MEX,233,29190,330,43348,Mexico,No children,2020,Urban
39.5,26,12428,MEX,233,29190,330,43350,Mexico,Total (with or without children),2020,Urban
38.900001525878906,26,12428,MEX,233,29190,330,43349,Mexico,One or more children,2020,Urban
40.400001525878906,26,12428,MEX,233,29192,327,43348,Mexico,No children,2022,National
40,26,12428,MEX,233,29192,327,43350,Mexico,Total (with or without children),2022,National
38.900001525878906,26,12428,MEX,233,29192,327,43349,Mexico,One or more children,2022,National
35.79999923706055,26,12428,MEX,233,29192,331,43348,Mexico,No children,2022,Rural
35.400001525878906,26,12428,MEX,233,29192,331,43350,Mexico,Total (with or without children),2022,Rural
34.5,26,12428,MEX,233,29192,331,43349,Mexico,One or more children,2022,Rural
41.5,26,12428,MEX,233,29192,330,43348,Mexico,No children,2022,Urban
41.400001525878906,26,12428,MEX,233,29192,330,43350,Mexico,Total (with or without children),2022,Urban
40.70000076293945,26,12428,MEX,233,29192,330,43349,Mexico,One or more children,2022,Urban
39.900001525878906,26,12428,MEX,233,29194,327,43348,Mexico,No children,2024,National
39.599998474121094,26,12428,MEX,233,29194,327,43350,Mexico,Total (with or without children),2024,National
38.29999923706055,26,12428,MEX,233,29194,327,43349,Mexico,One or more children,2024,National
35.29999923706055,26,12428,MEX,233,29194,331,43348,Mexico,No children,2024,Rural
34.70000076293945,26,12428,MEX,233,29194,331,43350,Mexico,Total (with or without children),2024,Rural
33.400001525878906,26,12428,MEX,233,29194,331,43349,Mexico,One or more children,2024,Rural
40.900001525878906,26,12428,MEX,233,29194,330,43348,Mexico,No children,2024,Urban
40.79999923706055,26,12428,MEX,233,29194,330,43350,Mexico,Total (with or without children),2024,Urban
40.099998474121094,26,12428,MEX,233,29194,330,43349,Mexico,One or more children,2024,Urban
41.599998474121094,26,,NIC,240,29171,327,43348,Nicaragua,No children,2001,National
42.599998474121094,26,,NIC,240,29171,327,43350,Nicaragua,Total (with or without children),2001,National
43.599998474121094,26,,NIC,240,29171,327,43349,Nicaragua,One or more children,2001,National
38,26,,NIC,240,29171,331,43348,Nicaragua,No children,2001,Rural
40,26,,NIC,240,29171,331,43350,Nicaragua,Total (with or without children),2001,Rural
41.29999923706055,26,,NIC,240,29171,331,43349,Nicaragua,One or more children,2001,Rural
42.70000076293945,26,,NIC,240,29171,330,43348,Nicaragua,No children,2001,Urban
43.599998474121094,26,,NIC,240,29171,330,43350,Nicaragua,Total (with or without children),2001,Urban
44.70000076293945,26,,NIC,240,29171,330,43349,Nicaragua,One or more children,2001,Urban
43.099998474121094,26,,NIC,240,29175,327,43348,Nicaragua,No children,2005,National
43.5,26,,NIC,240,29175,327,43350,Nicaragua,Total (with or without children),2005,National
43.900001525878906,26,,NIC,240,29175,327,43349,Nicaragua,One or more children,2005,National
39.79999923706055,26,,NIC,240,29175,331,43348,Nicaragua,No children,2005,Rural
39.79999923706055,26,,NIC,240,29175,331,43350,Nicaragua,Total (with or without children),2005,Rural
39.79999923706055,26,,NIC,240,29175,331,43349,Nicaragua,One or more children,2005,Rural
44.29999923706055,26,,NIC,240,29175,330,43348,Nicaragua,No children,2005,Urban
45,26,,NIC,240,29175,330,43350,Nicaragua,Total (with or without children),2005,Urban
45.79999923706055,26,,NIC,240,29175,330,43349,Nicaragua,One or more children,2005,Urban
44,26,,NIC,240,29179,327,43348,Nicaragua,No children,2009,National
44.099998474121094,26,,NIC,240,29179,327,43350,Nicaragua,Total (with or without children),2009,National
44.20000076293945,26,,NIC,240,29179,327,43349,Nicaragua,One or more children,2009,National
42,26,,NIC,240,29179,331,43348,Nicaragua,No children,2009,Rural
42.099998474121094,26,,NIC,240,29179,331,43350,Nicaragua,Total (with or without children),2009,Rural
42.20000076293945,26,,NIC,240,29179,331,43349,Nicaragua,One or more children,2009,Rural
44.599998474121094,26,,NIC,240,29179,330,43348,Nicaragua,No children,2009,Urban
44.900001525878906,26,,NIC,240,29179,330,43350,Nicaragua,Total (with or without children),2009,Urban
45.099998474121094,26,,NIC,240,29179,330,43349,Nicaragua,One or more children,2009,Urban
38.599998474121094,26,,NIC,240,29184,327,43348,Nicaragua,No children,2014,National
38.099998474121094,26,,NIC,240,29184,327,43350,Nicaragua,Total (with or without children),2014,National
37.400001525878906,26,,NIC,240,29184,327,43349,Nicaragua,One or more children,2014,National
32.5,26,,NIC,240,29184,331,43348,Nicaragua,No children,2014,Rural
31.600000381469727,26,,NIC,240,29184,331,43350,Nicaragua,Total (with or without children),2014,Rural
30.700000762939453,26,,NIC,240,29184,331,43349,Nicaragua,One or more children,2014,Rural
40.70000076293945,26,,NIC,240,29184,330,43348,Nicaragua,No children,2014,Urban
40.5,26,,NIC,240,29184,330,43350,Nicaragua,Total (with or without children),2014,Urban
40.20000076293945,26,,NIC,240,29184,330,43349,Nicaragua,One or more children,2014,Urban
40.5,26,10359,PAN,241,29170,327,43348,Panama,No children,2000,National
40.29999923706055,26,10359,PAN,241,29170,327,43350,Panama,Total (with or without children),2000,National
39.900001525878906,26,10359,PAN,241,29170,327,43349,Panama,One or more children,2000,National
38,26,10359,PAN,241,29170,331,43348,Panama,No children,2000,Rural
37.5,26,10359,PAN,241,29170,331,43350,Panama,Total (with or without children),2000,Rural
36.70000076293945,26,10359,PAN,241,29170,331,43349,Panama,One or more children,2000,Rural
41.099998474121094,26,10359,PAN,241,29170,330,43348,Panama,No children,2000,Urban
41.099998474121094,26,10359,PAN,241,29170,330,43350,Panama,Total (with or without children),2000,Urban
41.20000076293945,26,10359,PAN,241,29170,330,43349,Panama,One or more children,2000,Urban
40.900001525878906,26,10359,PAN,241,29171,327,43348,Panama,No children,2001,National
40.20000076293945,26,10359,PAN,241,29171,327,43350,Panama,Total (with or without children),2001,National
39.099998474121094,26,10359,PAN,241,29171,327,43349,Panama,One or more children,2001,National
37.79999923706055,26,10359,PAN,241,29171,331,43348,Panama,No children,2001,Rural
36.29999923706055,26,10359,PAN,241,29171,331,43350,Panama,Total (with or without children),2001,Rural
34.79999923706055,26,10359,PAN,241,29171,331,43349,Panama,One or more children,2001,Rural
41.599998474121094,26,10359,PAN,241,29171,330,43348,Panama,No children,2001,Urban
41.400001525878906,26,10359,PAN,241,29171,330,43350,Panama,Total (with or without children),2001,Urban
41,26,10359,PAN,241,29171,330,43349,Panama,One or more children,2001,Urban
39.5,26,10359,PAN,241,29172,327,43348,Panama,No children,2002,National
38.900001525878906,26,10359,PAN,241,29172,327,43350,Panama,Total (with or without children),2002,National
38,26,10359,PAN,241,29172,327,43349,Panama,One or more children,2002,National
34.29999923706055,26,10359,PAN,241,29172,331,43348,Panama,No children,2002,Rural
33,26,10359,PAN,241,29172,331,43350,Panama,Total (with or without children),2002,Rural
31.700000762939453,26,10359,PAN,241,29172,331,43349,Panama,One or more children,2002,Rural
40.900001525878906,26,10359,PAN,241,29172,330,43348,Panama,No children,2002,Urban
40.79999923706055,26,10359,PAN,241,29172,330,43350,Panama,Total (with or without children),2002,Urban
40.599998474121094,26,10359,PAN,241,29172,330,43349,Panama,One or more children,2002,Urban
39.599998474121094,26,10359,PAN,241,29173,327,43348,Panama,No children,2003,National
39.29999923706055,26,10359,PAN,241,29173,327,43350,Panama,Total (with or without children),2003,National
38.79999923706055,26,10359,PAN,241,29173,327,43349,Panama,One or more children,2003,National
35.29999923706055,26,10359,PAN,241,29173,331,43348,Panama,No children,2003,Rural
35,26,10359,PAN,241,29173,331,43350,Panama,Total (with or without children),2003,Rural
34.599998474121094,26,10359,PAN,241,29173,331,43349,Panama,One or more children,2003,Rural
40.79999923706055,26,10359,PAN,241,29173,330,43348,Panama,No children,2003,Urban
40.79999923706055,26,10359,PAN,241,29173,330,43350,Panama,Total (with or without children),2003,Urban
40.79999923706055,26,10359,PAN,241,29173,330,43349,Panama,One or more children,2003,Urban
39.20000076293945,26,10359,PAN,241,29174,327,43348,Panama,No children,2004,National
38.599998474121094,26,10359,PAN,241,29174,327,43350,Panama,Total (with or without children),2004,National
37.5,26,10359,PAN,241,29174,327,43349,Panama,One or more children,2004,National
35.20000076293945,26,10359,PAN,241,29174,331,43348,Panama,No children,2004,Rural
34.79999923706055,26,10359,PAN,241,29174,331,43350,Panama,Total (with or without children),2004,Rural
34.400001525878906,26,10359,PAN,241,29174,331,43349,Panama,One or more children,2004,Rural
40.20000076293945,26,10359,PAN,241,29174,330,43348,Panama,No children,2004,Urban
39.900001525878906,26,10359,PAN,241,29174,330,43350,Panama,Total (with or without children),2004,Urban
39.099998474121094,26,10359,PAN,241,29174,330,43349,Panama,One or more children,2004,Urban
38.900001525878906,26,10359,PAN,241,29175,327,43348,Panama,No children,2005,National
37.70000076293945,26,10359,PAN,241,29175,327,43350,Panama,Total (with or without children),2005,National
35.599998474121094,26,10359,PAN,241,29175,327,43349,Panama,One or more children,2005,National
34,26,10359,PAN,241,29175,331,43348,Panama,No children,2005,Rural
31.899999618530273,26,10359,PAN,241,29175,331,43350,Panama,Total (with or without children),2005,Rural
29.700000762939453,26,10359,PAN,241,29175,331,43349,Panama,One or more children,2005,Rural
40.400001525878906,26,10359,PAN,241,29175,330,43348,Panama,No children,2005,Urban
39.79999923706055,26,10359,PAN,241,29175,330,43350,Panama,Total (with or without children),2005,Urban
38.79999923706055,26,10359,PAN,241,29175,330,43349,Panama,One or more children,2005,Urban
38.599998474121094,26,10359,PAN,241,29176,327,43348,Panama,No children,2006,National
37.29999923706055,26,10359,PAN,241,29176,327,43350,Panama,Total (with or without children),2006,National
35.099998474121094,26,10359,PAN,241,29176,327,43349,Panama,One or more children,2006,National
33.5,26,10359,PAN,241,29176,331,43348,Panama,No children,2006,Rural
30.399999618530273,26,10359,PAN,241,29176,331,43350,Panama,Total (with or without children),2006,Rural
27.100000381469727,26,10359,PAN,241,29176,331,43349,Panama,One or more children,2006,Rural
40,26,10359,PAN,241,29176,330,43348,Panama,No children,2006,Urban
39.79999923706055,26,10359,PAN,241,29176,330,43350,Panama,Total (with or without children),2006,Urban
39.29999923706055,26,10359,PAN,241,29176,330,43349,Panama,One or more children,2006,Urban
38.599998474121094,26,10359,PAN,241,29177,327,43348,Panama,No children,2007,National
37.400001525878906,26,10359,PAN,241,29177,327,43350,Panama,Total (with or without children),2007,National
35.20000076293945,26,10359,PAN,241,29177,327,43349,Panama,One or more children,2007,National
32.79999923706055,26,10359,PAN,241,29177,331,43348,Panama,No children,2007,Rural
30.700000762939453,26,10359,PAN,241,29177,331,43350,Panama,Total (with or without children),2007,Rural
28.5,26,10359,PAN,241,29177,331,43349,Panama,One or more children,2007,Rural
40.29999923706055,26,10359,PAN,241,29177,330,43348,Panama,No children,2007,Urban
39.900001525878906,26,10359,PAN,241,29177,330,43350,Panama,Total (with or without children),2007,Urban
39,26,10359,PAN,241,29177,330,43349,Panama,One or more children,2007,Urban
38.20000076293945,26,10359,PAN,241,29178,327,43348,Panama,No children,2008,National
37.5,26,10359,PAN,241,29178,327,43350,Panama,Total (with or without children),2008,National
36.20000076293945,26,10359,PAN,241,29178,327,43349,Panama,One or more children,2008,National
31.5,26,10359,PAN,241,29178,331,43348,Panama,No children,2008,Rural
30,26,10359,PAN,241,29178,331,43350,Panama,Total (with or without children),2008,Rural
28.100000381469727,26,10359,PAN,241,29178,331,43349,Panama,One or more children,2008,Rural
40.099998474121094,26,10359,PAN,241,29178,330,43348,Panama,No children,2008,Urban
40.099998474121094,26,10359,PAN,241,29178,330,43350,Panama,Total (with or without children),2008,Urban
40.099998474121094,26,10359,PAN,241,29178,330,43349,Panama,One or more children,2008,Urban
37.900001525878906,26,10359,PAN,241,29179,327,43348,Panama,No children,2009,National
37,26,10359,PAN,241,29179,327,43350,Panama,Total (with or without children),2009,National
35.400001525878906,26,10359,PAN,241,29179,327,43349,Panama,One or more children,2009,National
31.899999618530273,26,10359,PAN,241,29179,331,43348,Panama,No children,2009,Rural
30,26,10359,PAN,241,29179,331,43350,Panama,Total (with or without children),2009,Rural
27.600000381469727,26,10359,PAN,241,29179,331,43349,Panama,One or more children,2009,Rural
39.70000076293945,26,10359,PAN,241,29179,330,43348,Panama,No children,2009,Urban
39.599998474121094,26,10359,PAN,241,29179,330,43350,Panama,Total (with or without children),2009,Urban
39.599998474121094,26,10359,PAN,241,29179,330,43349,Panama,One or more children,2009,Urban
39.400001525878906,26,10359,PAN,241,29181,327,43348,Panama,No children,2011,National
38.79999923706055,26,10359,PAN,241,29181,327,43350,Panama,Total (with or without children),2011,National
37.599998474121094,26,10359,PAN,241,29181,327,43349,Panama,One or more children,2011,National
33.599998474121094,26,10359,PAN,241,29181,331,43348,Panama,No children,2011,Rural
32,26,10359,PAN,241,29181,331,43350,Panama,Total (with or without children),2011,Rural
29.899999618530273,26,10359,PAN,241,29181,331,43349,Panama,One or more children,2011,Rural
40.79999923706055,26,10359,PAN,241,29181,330,43348,Panama,No children,2011,Urban
40.900001525878906,26,10359,PAN,241,29181,330,43350,Panama,Total (with or without children),2011,Urban
40.900001525878906,26,10359,PAN,241,29181,330,43349,Panama,One or more children,2011,Urban
38.099998474121094,26,10359,PAN,241,29183,327,43348,Panama,No children,2013,National
37.099998474121094,26,10359,PAN,241,29183,327,43350,Panama,Total (with or without children),2013,National
35.29999923706055,26,10359,PAN,241,29183,327,43349,Panama,One or more children,2013,National
30.600000381469727,26,10359,PAN,241,29183,331,43348,Panama,No children,2013,Rural
28.200000762939453,26,10359,PAN,241,29183,331,43350,Panama,Total (with or without children),2013,Rural
25.399999618530273,26,10359,PAN,241,29183,331,43349,Panama,One or more children,2013,Rural
40.099998474121094,26,10359,PAN,241,29183,330,43348,Panama,No children,2013,Urban
40.20000076293945,26,10359,PAN,241,29183,330,43350,Panama,Total (with or without children),2013,Urban
40.20000076293945,26,10359,PAN,241,29183,330,43349,Panama,One or more children,2013,Urban
37.79999923706055,26,10360,PAN,241,29184,327,43348,Panama,No children,2014,National
37.29999923706055,26,10360,PAN,241,29184,327,43350,Panama,Total (with or without children),2014,National
36.400001525878906,26,10360,PAN,241,29184,327,43349,Panama,One or more children,2014,National
29.799999237060547,26,10360,PAN,241,29184,331,43348,Panama,No children,2014,Rural
28.399999618530273,26,10360,PAN,241,29184,331,43350,Panama,Total (with or without children),2014,Rural
26.600000381469727,26,10360,PAN,241,29184,331,43349,Panama,One or more children,2014,Rural
39.900001525878906,26,10360,PAN,241,29184,330,43348,Panama,No children,2014,Urban
40.20000076293945,26,10360,PAN,241,29184,330,43350,Panama,Total (with or without children),2014,Urban
41,26,10360,PAN,241,29184,330,43349,Panama,One or more children,2014,Urban
37.70000076293945,26,10360,PAN,241,29185,327,43348,Panama,No children,2015,National
36.79999923706055,26,10360,PAN,241,29185,327,43350,Panama,Total (with or without children),2015,National
35,26,10360,PAN,241,29185,327,43349,Panama,One or more children,2015,National
30,26,10360,PAN,241,29185,331,43348,Panama,No children,2015,Rural
28.5,26,10360,PAN,241,29185,331,43350,Panama,Total (with or without children),2015,Rural
26.5,26,10360,PAN,241,29185,331,43349,Panama,One or more children,2015,Rural
39.70000076293945,26,10360,PAN,241,29185,330,43348,Panama,No children,2015,Urban
39.5,26,10360,PAN,241,29185,330,43350,Panama,Total (with or without children),2015,Urban
39.099998474121094,26,10360,PAN,241,29185,330,43349,Panama,One or more children,2015,Urban
37.099998474121094,26,10360,PAN,241,29186,327,43348,Panama,No children,2016,National
36.29999923706055,26,10360,PAN,241,29186,327,43350,Panama,Total (with or without children),2016,National
34.70000076293945,26,10360,PAN,241,29186,327,43349,Panama,One or more children,2016,National
29.200000762939453,26,10360,PAN,241,29186,331,43348,Panama,No children,2016,Rural
27.5,26,10360,PAN,241,29186,331,43350,Panama,Total (with or without children),2016,Rural
25.399999618530273,26,10360,PAN,241,29186,331,43349,Panama,One or more children,2016,Rural
39.29999923706055,26,10360,PAN,241,29186,330,43348,Panama,No children,2016,Urban
39.29999923706055,26,10360,PAN,241,29186,330,43350,Panama,Total (with or without children),2016,Urban
39.20000076293945,26,10360,PAN,241,29186,330,43349,Panama,One or more children,2016,Urban
36.400001525878906,26,10360,PAN,241,29187,327,43348,Panama,No children,2017,National
35.79999923706055,26,10360,PAN,241,29187,327,43350,Panama,Total (with or without children),2017,National
34.5,26,10360,PAN,241,29187,327,43349,Panama,One or more children,2017,National
28.700000762939453,26,10360,PAN,241,29187,331,43348,Panama,No children,2017,Rural
27.299999237060547,26,10360,PAN,241,29187,331,43350,Panama,Total (with or without children),2017,Rural
25.5,26,10360,PAN,241,29187,331,43349,Panama,One or more children,2017,Rural
38.599998474121094,26,10360,PAN,241,29187,330,43348,Panama,No children,2017,Urban
38.599998474121094,26,10360,PAN,241,29187,330,43350,Panama,Total (with or without children),2017,Urban
38.70000076293945,26,10360,PAN,241,29187,330,43349,Panama,One or more children,2017,Urban
36.20000076293945,26,10360,PAN,241,29188,327,43348,Panama,No children,2018,National
35.099998474121094,26,10360,PAN,241,29188,327,43350,Panama,Total (with or without children),2018,National
32.70000076293945,26,10360,PAN,241,29188,327,43349,Panama,One or more children,2018,National
27.399999618530273,26,10360,PAN,241,29188,331,43348,Panama,No children,2018,Rural
25.5,26,10360,PAN,241,29188,331,43350,Panama,Total (with or without children),2018,Rural
23.200000762939453,26,10360,PAN,241,29188,331,43349,Panama,One or more children,2018,Rural
38.599998474121094,26,10360,PAN,241,29188,330,43348,Panama,No children,2018,Urban
38.400001525878906,26,10360,PAN,241,29188,330,43350,Panama,Total (with or without children),2018,Urban
37.70000076293945,26,10360,PAN,241,29188,330,43349,Panama,One or more children,2018,Urban
36,26,10360,PAN,241,29189,327,43348,Panama,No children,2019,National
35.099998474121094,26,10360,PAN,241,29189,327,43350,Panama,Total (with or without children),2019,National
33.29999923706055,26,10360,PAN,241,29189,327,43349,Panama,One or more children,2019,National
27.899999618530273,26,10360,PAN,241,29189,331,43348,Panama,No children,2019,Rural
26.600000381469727,26,10360,PAN,241,29189,331,43350,Panama,Total (with or without children),2019,Rural
24.799999237060547,26,10360,PAN,241,29189,331,43349,Panama,One or more children,2019,Rural
38.20000076293945,26,10360,PAN,241,29189,330,43348,Panama,No children,2019,Urban
38,26,10360,PAN,241,29189,330,43350,Panama,Total (with or without children),2019,Urban
37.70000076293945,26,10360,PAN,241,29189,330,43349,Panama,One or more children,2019,Urban
33.099998474121094,26,10360,PAN,241,29191,327,43348,Panama,No children,2021,National
32.400001525878906,26,10360,PAN,241,29191,327,43350,Panama,Total (with or without children),2021,National
30.5,26,10360,PAN,241,29191,327,43349,Panama,One or more children,2021,National
25.399999618530273,26,10360,PAN,241,29191,331,43348,Panama,No children,2021,Rural
23.299999237060547,26,10360,PAN,241,29191,331,43350,Panama,Total (with or without children),2021,Rural
19.899999618530273,26,10360,PAN,241,29191,331,43349,Panama,One or more children,2021,Rural
35.20000076293945,26,10360,PAN,241,29191,330,43348,Panama,No children,2021,Urban
35.29999923706055,26,10360,PAN,241,29191,330,43350,Panama,Total (with or without children),2021,Urban
35.5,26,10360,PAN,241,29191,330,43349,Panama,One or more children,2021,Urban
34.79999923706055,26,10360,PAN,241,29192,327,43348,Panama,No children,2022,National
34,26,10360,PAN,241,29192,327,43350,Panama,Total (with or without children),2022,National
31.899999618530273,26,10360,PAN,241,29192,327,43349,Panama,One or more children,2022,National
25.899999618530273,26,10360,PAN,241,29192,331,43348,Panama,No children,2022,Rural
24.700000762939453,26,10360,PAN,241,29192,331,43350,Panama,Total (with or without children),2022,Rural
22.700000762939453,26,10360,PAN,241,29192,331,43349,Panama,One or more children,2022,Rural
37.20000076293945,26,10360,PAN,241,29192,330,43348,Panama,No children,2022,Urban
37,26,10360,PAN,241,29192,330,43350,Panama,Total (with or without children),2022,Urban
36.400001525878906,26,10360,PAN,241,29192,330,43349,Panama,One or more children,2022,Urban
35.29999923706055,26,10360,PAN,241,29193,327,43348,Panama,No children,2023,National
34,26,10360,PAN,241,29193,327,43350,Panama,Total (with or without children),2023,National
30.700000762939453,26,10360,PAN,241,29193,327,43349,Panama,One or more children,2023,National
27.5,26,10360,PAN,241,29193,331,43348,Panama,No children,2023,Rural
25.399999618530273,26,10360,PAN,241,29193,331,43350,Panama,Total (with or without children),2023,Rural
22.5,26,10360,PAN,241,29193,331,43349,Panama,One or more children,2023,Rural
37.099998474121094,26,10360,PAN,241,29193,330,43348,Panama,No children,2023,Urban
36.70000076293945,26,10360,PAN,241,29193,330,43350,Panama,Total (with or without children),2023,Urban
35.599998474121094,26,10360,PAN,241,29193,330,43349,Panama,One or more children,2023,Urban
34.900001525878906,26,10360,PAN,241,29194,327,43348,Panama,No children,2024,National
34.20000076293945,26,10360,PAN,241,29194,327,43350,Panama,Total (with or without children),2024,National
32,26,10360,PAN,241,29194,327,43349,Panama,One or more children,2024,National
28.799999237060547,26,10360,PAN,241,29194,331,43348,Panama,No children,2024,Rural
27.399999618530273,26,10360,PAN,241,29194,331,43350,Panama,Total (with or without children),2024,Rural
24.700000762939453,26,10360,PAN,241,29194,331,43349,Panama,One or more children,2024,Rural
37.20000076293945,26,10360,PAN,241,29194,330,43348,Panama,No children,2024,Urban
37.099998474121094,26,10360,PAN,241,29194,330,43350,Panama,Total (with or without children),2024,Urban
36.79999923706055,26,10360,PAN,241,29194,330,43349,Panama,One or more children,2024,Urban
40.900001525878906,26,337,PRY,242,29171,327,43348,Paraguay,No children,2001,National
40.29999923706055,26,337,PRY,242,29171,327,43350,Paraguay,Total (with or without children),2001,National
39.70000076293945,26,337,PRY,242,29171,327,43349,Paraguay,One or more children,2001,National
33,26,337,PRY,242,29171,331,43348,Paraguay,No children,2001,Rural
33.599998474121094,26,337,PRY,242,29171,331,43350,Paraguay,Total (with or without children),2001,Rural
34.20000076293945,26,337,PRY,242,29171,331,43349,Paraguay,One or more children,2001,Rural
45.29999923706055,26,337,PRY,242,29171,330,43348,Paraguay,No children,2001,Urban
44.29999923706055,26,337,PRY,242,29171,330,43350,Paraguay,Total (with or without children),2001,Urban
43.20000076293945,26,337,PRY,242,29171,330,43349,Paraguay,One or more children,2001,Urban
43,26,337,PRY,242,29172,327,43348,Paraguay,No children,2002,National
42.599998474121094,26,337,PRY,242,29172,327,43350,Paraguay,Total (with or without children),2002,National
42.099998474121094,26,337,PRY,242,29172,327,43349,Paraguay,One or more children,2002,National
37.099998474121094,26,337,PRY,242,29172,331,43348,Paraguay,No children,2002,Rural
36.599998474121094,26,337,PRY,242,29172,331,43350,Paraguay,Total (with or without children),2002,Rural
36.099998474121094,26,337,PRY,242,29172,331,43349,Paraguay,One or more children,2002,Rural
46.099998474121094,26,337,PRY,242,29172,330,43348,Paraguay,No children,2002,Urban
46.20000076293945,26,337,PRY,242,29172,330,43350,Paraguay,Total (with or without children),2002,Urban
46.29999923706055,26,337,PRY,242,29172,330,43349,Paraguay,One or more children,2002,Urban
42.5,26,337,PRY,242,29173,327,43348,Paraguay,No children,2003,National
41.400001525878906,26,337,PRY,242,29173,327,43350,Paraguay,Total (with or without children),2003,National
39.900001525878906,26,337,PRY,242,29173,327,43349,Paraguay,One or more children,2003,National
37.20000076293945,26,337,PRY,242,29173,331,43348,Paraguay,No children,2003,Rural
36.099998474121094,26,337,PRY,242,29173,331,43350,Paraguay,Total (with or without children),2003,Rural
34.900001525878906,26,337,PRY,242,29173,331,43349,Paraguay,One or more children,2003,Rural
45.29999923706055,26,337,PRY,242,29173,330,43348,Paraguay,No children,2003,Urban
44.599998474121094,26,337,PRY,242,29173,330,43350,Paraguay,Total (with or without children),2003,Urban
43.599998474121094,26,337,PRY,242,29173,330,43349,Paraguay,One or more children,2003,Urban
42.599998474121094,26,337,PRY,242,29174,327,43348,Paraguay,No children,2004,National
41.099998474121094,26,337,PRY,242,29174,327,43350,Paraguay,Total (with or without children),2004,National
39.20000076293945,26,337,PRY,242,29174,327,43349,Paraguay,One or more children,2004,National
35.5,26,337,PRY,242,29174,331,43348,Paraguay,No children,2004,Rural
34.20000076293945,26,337,PRY,242,29174,331,43350,Paraguay,Total (with or without children),2004,Rural
32.70000076293945,26,337,PRY,242,29174,331,43349,Paraguay,One or more children,2004,Rural
46.79999923706055,26,337,PRY,242,29174,330,43348,Paraguay,No children,2004,Urban
45.400001525878906,26,337,PRY,242,29174,330,43350,Paraguay,Total (with or without children),2004,Urban
43.599998474121094,26,337,PRY,242,29174,330,43349,Paraguay,One or more children,2004,Urban
43.599998474121094,26,337,PRY,242,29175,327,43348,Paraguay,No children,2005,National
42.29999923706055,26,337,PRY,242,29175,327,43350,Paraguay,Total (with or without children),2005,National
40.599998474121094,26,337,PRY,242,29175,327,43349,Paraguay,One or more children,2005,National
35.099998474121094,26,337,PRY,242,29175,331,43348,Paraguay,No children,2005,Rural
35.099998474121094,26,337,PRY,242,29175,331,43350,Paraguay,Total (with or without children),2005,Rural
35.099998474121094,26,337,PRY,242,29175,331,43349,Paraguay,One or more children,2005,Rural
47.79999923706055,26,337,PRY,242,29175,330,43348,Paraguay,No children,2005,Urban
46.400001525878906,26,337,PRY,242,29175,330,43350,Paraguay,Total (with or without children),2005,Urban
44.5,26,337,PRY,242,29175,330,43349,Paraguay,One or more children,2005,Urban
43.5,26,337,PRY,242,29176,327,43348,Paraguay,No children,2006,National
43.70000076293945,26,337,PRY,242,29176,327,43350,Paraguay,Total (with or without children),2006,National
44,26,337,PRY,242,29176,327,43349,Paraguay,One or more children,2006,National
37.599998474121094,26,337,PRY,242,29176,331,43348,Paraguay,No children,2006,Rural
38.099998474121094,26,337,PRY,242,29176,331,43350,Paraguay,Total (with or without children),2006,Rural
38.79999923706055,26,337,PRY,242,29176,331,43349,Paraguay,One or more children,2006,Rural
47.29999923706055,26,337,PRY,242,29176,330,43348,Paraguay,No children,2006,Urban
47.400001525878906,26,337,PRY,242,29176,330,43350,Paraguay,Total (with or without children),2006,Urban
47.70000076293945,26,337,PRY,242,29176,330,43349,Paraguay,One or more children,2006,Urban
43.099998474121094,26,337,PRY,242,29177,327,43348,Paraguay,No children,2007,National
42.70000076293945,26,337,PRY,242,29177,327,43350,Paraguay,Total (with or without children),2007,National
42.099998474121094,26,337,PRY,242,29177,327,43349,Paraguay,One or more children,2007,National
35.400001525878906,26,337,PRY,242,29177,331,43348,Paraguay,No children,2007,Rural
35,26,337,PRY,242,29177,331,43350,Paraguay,Total (with or without children),2007,Rural
34.5,26,337,PRY,242,29177,331,43349,Paraguay,One or more children,2007,Rural
47.099998474121094,26,337,PRY,242,29177,330,43348,Paraguay,No children,2007,Urban
47.29999923706055,26,337,PRY,242,29177,330,43350,Paraguay,Total (with or without children),2007,Urban
47.599998474121094,26,337,PRY,242,29177,330,43349,Paraguay,One or more children,2007,Urban
43.599998474121094,26,337,PRY,242,29178,327,43348,Paraguay,No children,2008,National
42.70000076293945,26,337,PRY,242,29178,327,43350,Paraguay,Total (with or without children),2008,National
41.400001525878906,26,337,PRY,242,29178,327,43349,Paraguay,One or more children,2008,National
38,26,337,PRY,242,29178,331,43348,Paraguay,No children,2008,Rural
36.900001525878906,26,337,PRY,242,29178,331,43350,Paraguay,Total (with or without children),2008,Rural
35.70000076293945,26,337,PRY,242,29178,331,43349,Paraguay,One or more children,2008,Rural
46.400001525878906,26,337,PRY,242,29178,330,43348,Paraguay,No children,2008,Urban
45.900001525878906,26,337,PRY,242,29178,330,43350,Paraguay,Total (with or without children),2008,Urban
45.099998474121094,26,337,PRY,242,29178,330,43349,Paraguay,One or more children,2008,Urban
42.29999923706055,26,337,PRY,242,29179,327,43348,Paraguay,No children,2009,National
41.5,26,337,PRY,242,29179,327,43350,Paraguay,Total (with or without children),2009,National
40.29999923706055,26,337,PRY,242,29179,327,43349,Paraguay,One or more children,2009,National
35.79999923706055,26,337,PRY,242,29179,331,43348,Paraguay,No children,2009,Rural
35.400001525878906,26,337,PRY,242,29179,331,43350,Paraguay,Total (with or without children),2009,Rural
34.79999923706055,26,337,PRY,242,29179,331,43349,Paraguay,One or more children,2009,Rural
45.900001525878906,26,337,PRY,242,29179,330,43348,Paraguay,No children,2009,Urban
45.099998474121094,26,337,PRY,242,29179,330,43350,Paraguay,Total (with or without children),2009,Urban
44,26,337,PRY,242,29179,330,43349,Paraguay,One or more children,2009,Urban
41.599998474121094,26,337,PRY,242,29180,327,43348,Paraguay,No children,2010,National
41.79999923706055,26,337,PRY,242,29180,327,43350,Paraguay,Total (with or without children),2010,National
42.099998474121094,26,337,PRY,242,29180,327,43349,Paraguay,One or more children,2010,National
35.400001525878906,26,337,PRY,242,29180,331,43348,Paraguay,No children,2010,Rural
36,26,337,PRY,242,29180,331,43350,Paraguay,Total (with or without children),2010,Rural
37,26,337,PRY,242,29180,331,43349,Paraguay,One or more children,2010,Rural
44.70000076293945,26,337,PRY,242,29180,330,43348,Paraguay,No children,2010,Urban
44.79999923706055,26,337,PRY,242,29180,330,43350,Paraguay,Total (with or without children),2010,Urban
44.900001525878906,26,337,PRY,242,29180,330,43349,Paraguay,One or more children,2010,Urban
44.099998474121094,26,337,PRY,242,29181,327,43348,Paraguay,No children,2011,National
43.099998474121094,26,337,PRY,242,29181,327,43350,Paraguay,Total (with or without children),2011,National
41.70000076293945,26,337,PRY,242,29181,327,43349,Paraguay,One or more children,2011,National
39,26,337,PRY,242,29181,331,43348,Paraguay,No children,2011,Rural
37.900001525878906,26,337,PRY,242,29181,331,43350,Paraguay,Total (with or without children),2011,Rural
36.5,26,337,PRY,242,29181,331,43349,Paraguay,One or more children,2011,Rural
46.79999923706055,26,337,PRY,242,29181,330,43348,Paraguay,No children,2011,Urban
46,26,337,PRY,242,29181,330,43350,Paraguay,Total (with or without children),2011,Urban
44.79999923706055,26,337,PRY,242,29181,330,43349,Paraguay,One or more children,2011,Urban
39.5,26,337,PRY,242,29182,327,43348,Paraguay,No children,2012,National
39.400001525878906,26,337,PRY,242,29182,327,43350,Paraguay,Total (with or without children),2012,National
39.099998474121094,26,337,PRY,242,29182,327,43349,Paraguay,One or more children,2012,National
32.70000076293945,26,337,PRY,242,29182,331,43348,Paraguay,No children,2012,Rural
32.5,26,337,PRY,242,29182,331,43350,Paraguay,Total (with or without children),2012,Rural
32.400001525878906,26,337,PRY,242,29182,331,43349,Paraguay,One or more children,2012,Rural
43.29999923706055,26,337,PRY,242,29182,330,43348,Paraguay,No children,2012,Urban
43.20000076293945,26,337,PRY,242,29182,330,43350,Paraguay,Total (with or without children),2012,Urban
43.20000076293945,26,337,PRY,242,29182,330,43349,Paraguay,One or more children,2012,Urban
43,26,337,PRY,242,29183,327,43348,Paraguay,No children,2013,National
42.400001525878906,26,337,PRY,242,29183,327,43350,Paraguay,Total (with or without children),2013,National
41.5,26,337,PRY,242,29183,327,43349,Paraguay,One or more children,2013,National
38.79999923706055,26,337,PRY,242,29183,331,43348,Paraguay,No children,2013,Rural
38,26,337,PRY,242,29183,331,43350,Paraguay,Total (with or without children),2013,Rural
37.20000076293945,26,337,PRY,242,29183,331,43349,Paraguay,One or more children,2013,Rural
44.900001525878906,26,337,PRY,242,29183,330,43348,Paraguay,No children,2013,Urban
44.599998474121094,26,337,PRY,242,29183,330,43350,Paraguay,Total (with or without children),2013,Urban
44.099998474121094,26,337,PRY,242,29183,330,43349,Paraguay,One or more children,2013,Urban
40.79999923706055,26,337,PRY,242,29184,327,43348,Paraguay,No children,2014,National
40.79999923706055,26,337,PRY,242,29184,327,43350,Paraguay,Total (with or without children),2014,National
40.79999923706055,26,337,PRY,242,29184,327,43349,Paraguay,One or more children,2014,National
33.099998474121094,26,337,PRY,242,29184,331,43348,Paraguay,No children,2014,Rural
33.599998474121094,26,337,PRY,242,29184,331,43350,Paraguay,Total (with or without children),2014,Rural
34.20000076293945,26,337,PRY,242,29184,331,43349,Paraguay,One or more children,2014,Rural
44.20000076293945,26,337,PRY,242,29184,330,43348,Paraguay,No children,2014,Urban
44.400001525878906,26,337,PRY,242,29184,330,43350,Paraguay,Total (with or without children),2014,Urban
44.70000076293945,26,337,PRY,242,29184,330,43349,Paraguay,One or more children,2014,Urban
41.400001525878906,26,337,PRY,242,29185,327,43348,Paraguay,No children,2015,National
41.400001525878906,26,337,PRY,242,29185,327,43350,Paraguay,Total (with or without children),2015,National
41.29999923706055,26,337,PRY,242,29185,327,43349,Paraguay,One or more children,2015,National
35.20000076293945,26,337,PRY,242,29185,331,43348,Paraguay,No children,2015,Rural
36,26,337,PRY,242,29185,331,43350,Paraguay,Total (with or without children),2015,Rural
37.099998474121094,26,337,PRY,242,29185,331,43349,Paraguay,One or more children,2015,Rural
44.400001525878906,26,337,PRY,242,29185,330,43348,Paraguay,No children,2015,Urban
44.099998474121094,26,337,PRY,242,29185,330,43350,Paraguay,Total (with or without children),2015,Urban
43.599998474121094,26,337,PRY,242,29185,330,43349,Paraguay,One or more children,2015,Urban
41.400001525878906,26,337,PRY,242,29186,327,43348,Paraguay,No children,2016,National
41,26,337,PRY,242,29186,327,43350,Paraguay,Total (with or without children),2016,National
40.29999923706055,26,337,PRY,242,29186,327,43349,Paraguay,One or more children,2016,National
34.5,26,337,PRY,242,29186,331,43348,Paraguay,No children,2016,Rural
35,26,337,PRY,242,29186,331,43350,Paraguay,Total (with or without children),2016,Rural
35.599998474121094,26,337,PRY,242,29186,331,43349,Paraguay,One or more children,2016,Rural
44.29999923706055,26,337,PRY,242,29186,330,43348,Paraguay,No children,2016,Urban
43.79999923706055,26,337,PRY,242,29186,330,43350,Paraguay,Total (with or without children),2016,Urban
42.900001525878906,26,337,PRY,242,29186,330,43349,Paraguay,One or more children,2016,Urban
42,26,16003,PRY,242,29187,327,43348,Paraguay,No children,2017,National
41.70000076293945,26,16003,PRY,242,29187,327,43350,Paraguay,Total (with or without children),2017,National
41.29999923706055,26,16003,PRY,242,29187,327,43349,Paraguay,One or more children,2017,National
35.5,26,16003,PRY,242,29187,331,43348,Paraguay,No children,2017,Rural
35.29999923706055,26,16003,PRY,242,29187,331,43350,Paraguay,Total (with or without children),2017,Rural
35,26,16003,PRY,242,29187,331,43349,Paraguay,One or more children,2017,Rural
44.79999923706055,26,16003,PRY,242,29187,330,43348,Paraguay,No children,2017,Urban
44.79999923706055,26,16003,PRY,242,29187,330,43350,Paraguay,Total (with or without children),2017,Urban
44.599998474121094,26,16003,PRY,242,29187,330,43349,Paraguay,One or more children,2017,Urban
40.20000076293945,26,16003,PRY,242,29188,327,43348,Paraguay,No children,2018,National
40,26,16003,PRY,242,29188,327,43350,Paraguay,Total (with or without children),2018,National
39.70000076293945,26,16003,PRY,242,29188,327,43349,Paraguay,One or more children,2018,National
35.099998474121094,26,16003,PRY,242,29188,331,43348,Paraguay,No children,2018,Rural
34.70000076293945,26,16003,PRY,242,29188,331,43350,Paraguay,Total (with or without children),2018,Rural
34.099998474121094,26,16003,PRY,242,29188,331,43349,Paraguay,One or more children,2018,Rural
42.5,26,16003,PRY,242,29188,330,43348,Paraguay,No children,2018,Urban
42.70000076293945,26,16003,PRY,242,29188,330,43350,Paraguay,Total (with or without children),2018,Urban
43.099998474121094,26,16003,PRY,242,29188,330,43349,Paraguay,One or more children,2018,Urban
39.900001525878906,26,16003,PRY,242,29189,327,43348,Paraguay,No children,2019,National
39.900001525878906,26,16003,PRY,242,29189,327,43350,Paraguay,Total (with or without children),2019,National
39.900001525878906,26,16003,PRY,242,29189,327,43349,Paraguay,One or more children,2019,National
34,26,16003,PRY,242,29189,331,43348,Paraguay,No children,2019,Rural
35.099998474121094,26,16003,PRY,242,29189,331,43350,Paraguay,Total (with or without children),2019,Rural
36.70000076293945,26,16003,PRY,242,29189,331,43349,Paraguay,One or more children,2019,Rural
42.400001525878906,26,16003,PRY,242,29189,330,43348,Paraguay,No children,2019,Urban
42.29999923706055,26,16003,PRY,242,29189,330,43350,Paraguay,Total (with or without children),2019,Urban
41.900001525878906,26,16003,PRY,242,29189,330,43349,Paraguay,One or more children,2019,Urban
38.5,26,16003,PRY,242,29190,327,43348,Paraguay,No children,2020,National
38.400001525878906,26,16003,PRY,242,29190,327,43350,Paraguay,Total (with or without children),2020,National
38.20000076293945,26,16003,PRY,242,29190,327,43349,Paraguay,One or more children,2020,National
33.5,26,16003,PRY,242,29190,331,43348,Paraguay,No children,2020,Rural
34,26,16003,PRY,242,29190,331,43350,Paraguay,Total (with or without children),2020,Rural
34.5,26,16003,PRY,242,29190,331,43349,Paraguay,One or more children,2020,Rural
40.900001525878906,26,16003,PRY,242,29190,330,43348,Paraguay,No children,2020,Urban
40.70000076293945,26,16003,PRY,242,29190,330,43350,Paraguay,Total (with or without children),2020,Urban
40.400001525878906,26,16003,PRY,242,29190,330,43349,Paraguay,One or more children,2020,Urban
40.20000076293945,26,16003,PRY,242,29191,327,43348,Paraguay,No children,2021,National
39.79999923706055,26,16003,PRY,242,29191,327,43350,Paraguay,Total (with or without children),2021,National
39.099998474121094,26,16003,PRY,242,29191,327,43349,Paraguay,One or more children,2021,National
34.29999923706055,26,16003,PRY,242,29191,331,43348,Paraguay,No children,2021,Rural
34.400001525878906,26,16003,PRY,242,29191,331,43350,Paraguay,Total (with or without children),2021,Rural
34.599998474121094,26,16003,PRY,242,29191,331,43349,Paraguay,One or more children,2021,Rural
42.599998474121094,26,16003,PRY,242,29191,330,43348,Paraguay,No children,2021,Urban
42.400001525878906,26,16003,PRY,242,29191,330,43350,Paraguay,Total (with or without children),2021,Urban
41.79999923706055,26,16003,PRY,242,29191,330,43349,Paraguay,One or more children,2021,Urban
40.20000076293945,26,16004,PRY,242,29192,327,43348,Paraguay,No children,2022,National
40.29999923706055,26,16004,PRY,242,29192,327,43350,Paraguay,Total (with or without children),2022,National
40.5,26,16004,PRY,242,29192,327,43349,Paraguay,One or more children,2022,National
36.70000076293945,26,16004,PRY,242,29192,331,43348,Paraguay,No children,2022,Rural
36.900001525878906,26,16004,PRY,242,29192,331,43350,Paraguay,Total (with or without children),2022,Rural
37.29999923706055,26,16004,PRY,242,29192,331,43349,Paraguay,One or more children,2022,Rural
41.900001525878906,26,16004,PRY,242,29192,330,43348,Paraguay,No children,2022,Urban
42,26,16004,PRY,242,29192,330,43350,Paraguay,Total (with or without children),2022,Urban
42.099998474121094,26,16004,PRY,242,29192,330,43349,Paraguay,One or more children,2022,Urban
40.599998474121094,26,16004,PRY,242,29193,327,43348,Paraguay,No children,2023,National
40.599998474121094,26,16004,PRY,242,29193,327,43350,Paraguay,Total (with or without children),2023,National
40.599998474121094,26,16004,PRY,242,29193,327,43349,Paraguay,One or more children,2023,National
36.70000076293945,26,16004,PRY,242,29193,331,43348,Paraguay,No children,2023,Rural
36.900001525878906,26,16004,PRY,242,29193,331,43350,Paraguay,Total (with or without children),2023,Rural
37.400001525878906,26,16004,PRY,242,29193,331,43349,Paraguay,One or more children,2023,Rural
42.5,26,16004,PRY,242,29193,330,43348,Paraguay,No children,2023,Urban
42.5,26,16004,PRY,242,29193,330,43350,Paraguay,Total (with or without children),2023,Urban
42.29999923706055,26,16004,PRY,242,29193,330,43349,Paraguay,One or more children,2023,Urban
40.79999923706055,26,16004,PRY,242,29194,327,43348,Paraguay,No children,2024,National
40.70000076293945,26,16004,PRY,242,29194,327,43350,Paraguay,Total (with or without children),2024,National
40.5,26,16004,PRY,242,29194,327,43349,Paraguay,One or more children,2024,National
37,26,16004,PRY,242,29194,331,43348,Paraguay,No children,2024,Rural
37.099998474121094,26,16004,PRY,242,29194,331,43350,Paraguay,Total (with or without children),2024,Rural
37.400001525878906,26,16004,PRY,242,29194,331,43349,Paraguay,One or more children,2024,Rural
42.5,26,16004,PRY,242,29194,330,43348,Paraguay,No children,2024,Urban
42.400001525878906,26,16004,PRY,242,29194,330,43350,Paraguay,Total (with or without children),2024,Urban
42,26,16004,PRY,242,29194,330,43349,Paraguay,One or more children,2024,Urban
41.900001525878906,26,337,PER,244,29171,327,43348,Peru,No children,2001,National
41.400001525878906,26,337,PER,244,29171,327,43350,Peru,Total (with or without children),2001,National
40.900001525878906,26,337,PER,244,29171,327,43349,Peru,One or more children,2001,National
36.900001525878906,26,337,PER,244,29171,331,43348,Peru,No children,2001,Rural
36.29999923706055,26,337,PER,244,29171,331,43350,Peru,Total (with or without children),2001,Rural
35.79999923706055,26,337,PER,244,29171,331,43349,Peru,One or more children,2001,Rural
44,26,337,PER,244,29171,330,43348,Peru,No children,2001,Urban
43.900001525878906,26,337,PER,244,29171,330,43350,Peru,Total (with or without children),2001,Urban
43.70000076293945,26,337,PER,244,29171,330,43349,Peru,One or more children,2001,Urban
41.599998474121094,26,337,PER,244,29172,327,43348,Peru,No children,2002,National
41.5,26,337,PER,244,29172,327,43350,Peru,Total (with or without children),2002,National
41.29999923706055,26,337,PER,244,29172,327,43349,Peru,One or more children,2002,National
37,26,337,PER,244,29172,331,43348,Peru,No children,2002,Rural
36.5,26,337,PER,244,29172,331,43350,Peru,Total (with or without children),2002,Rural
35.900001525878906,26,337,PER,244,29172,331,43349,Peru,One or more children,2002,Rural
43.5,26,337,PER,244,29172,330,43348,Peru,No children,2002,Urban
43.900001525878906,26,337,PER,244,29172,330,43350,Peru,Total (with or without children),2002,Urban
44.70000076293945,26,337,PER,244,29172,330,43349,Peru,One or more children,2002,Urban
41.70000076293945,26,8648,PER,244,29173,327,43348,Peru,No children,2003,National
41,26,8648,PER,244,29173,327,43350,Peru,Total (with or without children),2003,National
40,26,8648,PER,244,29173,327,43349,Peru,One or more children,2003,National
36.400001525878906,26,8648,PER,244,29173,331,43348,Peru,No children,2003,Rural
35.79999923706055,26,8648,PER,244,29173,331,43350,Peru,Total (with or without children),2003,Rural
35.20000076293945,26,8648,PER,244,29173,331,43349,Peru,One or more children,2003,Rural
43.79999923706055,26,8648,PER,244,29173,330,43348,Peru,No children,2003,Urban
43.5,26,8648,PER,244,29173,330,43350,Peru,Total (with or without children),2003,Urban
43.099998474121094,26,8648,PER,244,29173,330,43349,Peru,One or more children,2003,Urban
42,26,8649,PER,244,29174,327,43348,Peru,No children,2004,National
41.29999923706055,26,8649,PER,244,29174,327,43350,Peru,Total (with or without children),2004,National
40.20000076293945,26,8649,PER,244,29174,327,43349,Peru,One or more children,2004,National
36.099998474121094,26,8649,PER,244,29174,331,43348,Peru,No children,2004,Rural
35.900001525878906,26,8649,PER,244,29174,331,43350,Peru,Total (with or without children),2004,Rural
35.599998474121094,26,8649,PER,244,29174,331,43349,Peru,One or more children,2004,Rural
44.5,26,8649,PER,244,29174,330,43348,Peru,No children,2004,Urban
44,26,8649,PER,244,29174,330,43350,Peru,Total (with or without children),2004,Urban
43.20000076293945,26,8649,PER,244,29174,330,43349,Peru,One or more children,2004,Urban
41.5,26,8649,PER,244,29175,327,43348,Peru,No children,2005,National
40.900001525878906,26,8649,PER,244,29175,327,43350,Peru,Total (with or without children),2005,National
39.900001525878906,26,8649,PER,244,29175,327,43349,Peru,One or more children,2005,National
36,26,8649,PER,244,29175,331,43348,Peru,No children,2005,Rural
35.599998474121094,26,8649,PER,244,29175,331,43350,Peru,Total (with or without children),2005,Rural
35.20000076293945,26,8649,PER,244,29175,331,43349,Peru,One or more children,2005,Rural
43.79999923706055,26,8649,PER,244,29175,330,43348,Peru,No children,2005,Urban
43.599998474121094,26,8649,PER,244,29175,330,43350,Peru,Total (with or without children),2005,Urban
43.20000076293945,26,8649,PER,244,29175,330,43349,Peru,One or more children,2005,Urban
41.79999923706055,26,8649,PER,244,29176,327,43348,Peru,No children,2006,National
41.29999923706055,26,8649,PER,244,29176,327,43350,Peru,Total (with or without children),2006,National
40.400001525878906,26,8649,PER,244,29176,327,43349,Peru,One or more children,2006,National
36.400001525878906,26,8649,PER,244,29176,331,43348,Peru,No children,2006,Rural
36,26,8649,PER,244,29176,331,43350,Peru,Total (with or without children),2006,Rural
35.5,26,8649,PER,244,29176,331,43349,Peru,One or more children,2006,Rural
44,26,8649,PER,244,29176,330,43348,Peru,No children,2006,Urban
43.70000076293945,26,8649,PER,244,29176,330,43350,Peru,Total (with or without children),2006,Urban
43.20000076293945,26,8649,PER,244,29176,330,43349,Peru,One or more children,2006,Urban
42,26,8649,PER,244,29177,327,43348,Peru,No children,2007,National
41.599998474121094,26,8649,PER,244,29177,327,43350,Peru,Total (with or without children),2007,National
40.900001525878906,26,8649,PER,244,29177,327,43349,Peru,One or more children,2007,National
37.20000076293945,26,8649,PER,244,29177,331,43348,Peru,No children,2007,Rural
37,26,8649,PER,244,29177,331,43350,Peru,Total (with or without children),2007,Rural
36.599998474121094,26,8649,PER,244,29177,331,43349,Peru,One or more children,2007,Rural
43.79999923706055,26,8649,PER,244,29177,330,43348,Peru,No children,2007,Urban
43.5,26,8649,PER,244,29177,330,43350,Peru,Total (with or without children),2007,Urban
43,26,8649,PER,244,29177,330,43349,Peru,One or more children,2007,Urban
42,26,8649,PER,244,29178,327,43348,Peru,No children,2008,National
41.70000076293945,26,8649,PER,244,29178,327,43350,Peru,Total (with or without children),2008,National
41.20000076293945,26,8649,PER,244,29178,327,43349,Peru,One or more children,2008,National
38,26,8649,PER,244,29178,331,43348,Peru,No children,2008,Rural
37.400001525878906,26,8649,PER,244,29178,331,43350,Peru,Total (with or without children),2008,Rural
36.70000076293945,26,8649,PER,244,29178,331,43349,Peru,One or more children,2008,Rural
43.5,26,8649,PER,244,29178,330,43348,Peru,No children,2008,Urban
43.400001525878906,26,8649,PER,244,29178,330,43350,Peru,Total (with or without children),2008,Urban
43.29999923706055,26,8649,PER,244,29178,330,43349,Peru,One or more children,2008,Urban
41.400001525878906,26,8649,PER,244,29179,327,43348,Peru,No children,2009,National
41.099998474121094,26,8649,PER,244,29179,327,43350,Peru,Total (with or without children),2009,National
40.5,26,8649,PER,244,29179,327,43349,Peru,One or more children,2009,National
37.29999923706055,26,8649,PER,244,29179,331,43348,Peru,No children,2009,Rural
36.900001525878906,26,8649,PER,244,29179,331,43350,Peru,Total (with or without children),2009,Rural
36.29999923706055,26,8649,PER,244,29179,331,43349,Peru,One or more children,2009,Rural
43,26,8649,PER,244,29179,330,43348,Peru,No children,2009,Urban
42.70000076293945,26,8649,PER,244,29179,330,43350,Peru,Total (with or without children),2009,Urban
42.400001525878906,26,8649,PER,244,29179,330,43349,Peru,One or more children,2009,Urban
41,26,8649,PER,244,29180,327,43348,Peru,No children,2010,National
40.599998474121094,26,8649,PER,244,29180,327,43350,Peru,Total (with or without children),2010,National
39.900001525878906,26,8649,PER,244,29180,327,43349,Peru,One or more children,2010,National
36.79999923706055,26,8649,PER,244,29180,331,43348,Peru,No children,2010,Rural
36.5,26,8649,PER,244,29180,331,43350,Peru,Total (with or without children),2010,Rural
36.20000076293945,26,8649,PER,244,29180,331,43349,Peru,One or more children,2010,Rural
42.5,26,8649,PER,244,29180,330,43348,Peru,No children,2010,Urban
42.099998474121094,26,8649,PER,244,29180,330,43350,Peru,Total (with or without children),2010,Urban
41.400001525878906,26,8649,PER,244,29180,330,43349,Peru,One or more children,2010,Urban
40.599998474121094,26,8649,PER,244,29181,327,43348,Peru,No children,2011,National
40.29999923706055,26,8649,PER,244,29181,327,43350,Peru,Total (with or without children),2011,National
39.70000076293945,26,8649,PER,244,29181,327,43349,Peru,One or more children,2011,National
36.29999923706055,26,8649,PER,244,29181,331,43348,Peru,No children,2011,Rural
36,26,8649,PER,244,29181,331,43350,Peru,Total (with or without children),2011,Rural
35.400001525878906,26,8649,PER,244,29181,331,43349,Peru,One or more children,2011,Rural
42.099998474121094,26,8649,PER,244,29181,330,43348,Peru,No children,2011,Urban
41.79999923706055,26,8649,PER,244,29181,330,43350,Peru,Total (with or without children),2011,Urban
41.400001525878906,26,8649,PER,244,29181,330,43349,Peru,One or more children,2011,Urban
40.70000076293945,26,8649,PER,244,29182,327,43348,Peru,No children,2012,National
40.599998474121094,26,8649,PER,244,29182,327,43350,Peru,Total (with or without children),2012,National
40.5,26,8649,PER,244,29182,327,43349,Peru,One or more children,2012,National
36.20000076293945,26,8649,PER,244,29182,331,43348,Peru,No children,2012,Rural
36,26,8649,PER,244,29182,331,43350,Peru,Total (with or without children),2012,Rural
35.70000076293945,26,8649,PER,244,29182,331,43349,Peru,One or more children,2012,Rural
42.29999923706055,26,8649,PER,244,29182,330,43348,Peru,No children,2012,Urban
42.29999923706055,26,8649,PER,244,29182,330,43350,Peru,Total (with or without children),2012,Urban
42.400001525878906,26,8649,PER,244,29182,330,43349,Peru,One or more children,2012,Urban
40.70000076293945,26,8649,PER,244,29183,327,43348,Peru,No children,2013,National
40.400001525878906,26,8649,PER,244,29183,327,43350,Peru,Total (with or without children),2013,National
39.599998474121094,26,8649,PER,244,29183,327,43349,Peru,One or more children,2013,National
36.20000076293945,26,8649,PER,244,29183,331,43348,Peru,No children,2013,Rural
35.79999923706055,26,8649,PER,244,29183,331,43350,Peru,Total (with or without children),2013,Rural
35.099998474121094,26,8649,PER,244,29183,331,43349,Peru,One or more children,2013,Rural
42.20000076293945,26,8649,PER,244,29183,330,43348,Peru,No children,2013,Urban
41.900001525878906,26,8649,PER,244,29183,330,43350,Peru,Total (with or without children),2013,Urban
41.29999923706055,26,8649,PER,244,29183,330,43349,Peru,One or more children,2013,Urban
40.29999923706055,26,8649,PER,244,29184,327,43348,Peru,No children,2014,National
40,26,8649,PER,244,29184,327,43350,Peru,Total (with or without children),2014,National
39.099998474121094,26,8649,PER,244,29184,327,43349,Peru,One or more children,2014,National
35.5,26,8649,PER,244,29184,331,43348,Peru,No children,2014,Rural
35.400001525878906,26,8649,PER,244,29184,331,43350,Peru,Total (with or without children),2014,Rural
35,26,8649,PER,244,29184,331,43349,Peru,One or more children,2014,Rural
42,26,8649,PER,244,29184,330,43348,Peru,No children,2014,Urban
41.599998474121094,26,8649,PER,244,29184,330,43350,Peru,Total (with or without children),2014,Urban
40.599998474121094,26,8649,PER,244,29184,330,43349,Peru,One or more children,2014,Urban
40.5,26,8649,PER,244,29185,327,43348,Peru,No children,2015,National
40.20000076293945,26,8649,PER,244,29185,327,43350,Peru,Total (with or without children),2015,National
39.79999923706055,26,8649,PER,244,29185,327,43349,Peru,One or more children,2015,National
35.900001525878906,26,8649,PER,244,29185,331,43348,Peru,No children,2015,Rural
35.5,26,8649,PER,244,29185,331,43350,Peru,Total (with or without children),2015,Rural
34.599998474121094,26,8649,PER,244,29185,331,43349,Peru,One or more children,2015,Rural
42,26,8649,PER,244,29185,330,43348,Peru,No children,2015,Urban
41.79999923706055,26,8649,PER,244,29185,330,43350,Peru,Total (with or without children),2015,Urban
41.599998474121094,26,8649,PER,244,29185,330,43349,Peru,One or more children,2015,Urban
40,26,8649,PER,244,29186,327,43348,Peru,No children,2016,National
39.599998474121094,26,8649,PER,244,29186,327,43350,Peru,Total (with or without children),2016,National
38.900001525878906,26,8649,PER,244,29186,327,43349,Peru,One or more children,2016,National
35.5,26,8649,PER,244,29186,331,43348,Peru,No children,2016,Rural
35.29999923706055,26,8649,PER,244,29186,331,43350,Peru,Total (with or without children),2016,Rural
34.79999923706055,26,8649,PER,244,29186,331,43349,Peru,One or more children,2016,Rural
41.400001525878906,26,8649,PER,244,29186,330,43348,Peru,No children,2016,Urban
41.099998474121094,26,8649,PER,244,29186,330,43350,Peru,Total (with or without children),2016,Urban
40.29999923706055,26,8649,PER,244,29186,330,43349,Peru,One or more children,2016,Urban
40,26,8649,PER,244,29187,327,43348,Peru,No children,2017,National
39.79999923706055,26,8649,PER,244,29187,327,43350,Peru,Total (with or without children),2017,National
39.29999923706055,26,8649,PER,244,29187,327,43349,Peru,One or more children,2017,National
34.79999923706055,26,8649,PER,244,29187,331,43348,Peru,No children,2017,Rural
34.5,26,8649,PER,244,29187,331,43350,Peru,Total (with or without children),2017,Rural
33.79999923706055,26,8649,PER,244,29187,331,43349,Peru,One or more children,2017,Rural
41.70000076293945,26,8649,PER,244,29187,330,43348,Peru,No children,2017,Urban
41.5,26,8649,PER,244,29187,330,43350,Peru,Total (with or without children),2017,Urban
40.900001525878906,26,8649,PER,244,29187,330,43349,Peru,One or more children,2017,Urban
40.29999923706055,26,8649,PER,244,29188,327,43348,Peru,No children,2018,National
40.20000076293945,26,8649,PER,244,29188,327,43350,Peru,Total (with or without children),2018,National
39.900001525878906,26,8649,PER,244,29188,327,43349,Peru,One or more children,2018,National
35.099998474121094,26,8649,PER,244,29188,331,43348,Peru,No children,2018,Rural
34.900001525878906,26,8649,PER,244,29188,331,43350,Peru,Total (with or without children),2018,Rural
34.20000076293945,26,8649,PER,244,29188,331,43349,Peru,One or more children,2018,Rural
42,26,8649,PER,244,29188,330,43348,Peru,No children,2018,Urban
41.900001525878906,26,8649,PER,244,29188,330,43350,Peru,Total (with or without children),2018,Urban
41.5,26,8649,PER,244,29188,330,43349,Peru,One or more children,2018,Urban
40.400001525878906,26,8649,PER,244,29189,327,43348,Peru,No children,2019,National
40.29999923706055,26,8649,PER,244,29189,327,43350,Peru,Total (with or without children),2019,National
40.099998474121094,26,8649,PER,244,29189,327,43349,Peru,One or more children,2019,National
35.79999923706055,26,8649,PER,244,29189,331,43348,Peru,No children,2019,Rural
35.5,26,8649,PER,244,29189,331,43350,Peru,Total (with or without children),2019,Rural
34.900001525878906,26,8649,PER,244,29189,331,43349,Peru,One or more children,2019,Rural
41.900001525878906,26,8649,PER,244,29189,330,43348,Peru,No children,2019,Urban
41.79999923706055,26,8649,PER,244,29189,330,43350,Peru,Total (with or without children),2019,Urban
41.599998474121094,26,8649,PER,244,29189,330,43349,Peru,One or more children,2019,Urban
38.400001525878906,26,8649,PER,244,29190,327,43348,Peru,No children,2020,National
38.099998474121094,26,8649,PER,244,29190,327,43350,Peru,Total (with or without children),2020,National
37.29999923706055,26,8649,PER,244,29190,327,43349,Peru,One or more children,2020,National
34.20000076293945,26,8649,PER,244,29190,331,43348,Peru,No children,2020,Rural
33.900001525878906,26,8649,PER,244,29190,331,43350,Peru,Total (with or without children),2020,Rural
32.900001525878906,26,8649,PER,244,29190,331,43349,Peru,One or more children,2020,Rural
40,26,8649,PER,244,29190,330,43348,Peru,No children,2020,Urban
39.70000076293945,26,8649,PER,244,29190,330,43350,Peru,Total (with or without children),2020,Urban
39,26,8649,PER,244,29190,330,43349,Peru,One or more children,2020,Urban
39.900001525878906,26,8649,PER,244,29191,327,43348,Peru,No children,2021,National
39.70000076293945,26,8649,PER,244,29191,327,43350,Peru,Total (with or without children),2021,National
39.099998474121094,26,8649,PER,244,29191,327,43349,Peru,One or more children,2021,National
36,26,8649,PER,244,29191,331,43348,Peru,No children,2021,Rural
35.79999923706055,26,8649,PER,244,29191,331,43350,Peru,Total (with or without children),2021,Rural
35.400001525878906,26,8649,PER,244,29191,331,43349,Peru,One or more children,2021,Rural
41.20000076293945,26,8649,PER,244,29191,330,43348,Peru,No children,2021,Urban
41,26,8649,PER,244,29191,330,43350,Peru,Total (with or without children),2021,Urban
40.400001525878906,26,8649,PER,244,29191,330,43349,Peru,One or more children,2021,Urban
40.400001525878906,26,8649,PER,244,29192,327,43348,Peru,No children,2022,National
40.29999923706055,26,8649,PER,244,29192,327,43350,Peru,Total (with or without children),2022,National
39.79999923706055,26,8649,PER,244,29192,327,43349,Peru,One or more children,2022,National
37.20000076293945,26,8649,PER,244,29192,331,43348,Peru,No children,2022,Rural
36.599998474121094,26,8649,PER,244,29192,331,43350,Peru,Total (with or without children),2022,Rural
35.099998474121094,26,8649,PER,244,29192,331,43349,Peru,One or more children,2022,Rural
41.5,26,8649,PER,244,29192,330,43348,Peru,No children,2022,Urban
41.400001525878906,26,8649,PER,244,29192,330,43350,Peru,Total (with or without children),2022,Urban
41.099998474121094,26,8649,PER,244,29192,330,43349,Peru,One or more children,2022,Urban
40.70000076293945,26,8649,PER,244,29193,327,43348,Peru,No children,2023,National
40.20000076293945,26,8649,PER,244,29193,327,43350,Peru,Total (with or without children),2023,National
38.5,26,8649,PER,244,29193,327,43349,Peru,One or more children,2023,National
37.400001525878906,26,8649,PER,244,29193,331,43348,Peru,No children,2023,Rural
36.900001525878906,26,8649,PER,244,29193,331,43350,Peru,Total (with or without children),2023,Rural
35.099998474121094,26,8649,PER,244,29193,331,43349,Peru,One or more children,2023,Rural
41.70000076293945,26,8649,PER,244,29193,330,43348,Peru,No children,2023,Urban
41.099998474121094,26,8649,PER,244,29193,330,43350,Peru,Total (with or without children),2023,Urban
39.400001525878906,26,8649,PER,244,29193,330,43349,Peru,One or more children,2023,Urban
41.400001525878906,26,8649,PER,244,29194,327,43348,Peru,No children,2024,National
41,26,8649,PER,244,29194,327,43350,Peru,Total (with or without children),2024,National
39.599998474121094,26,8649,PER,244,29194,327,43349,Peru,One or more children,2024,National
37.099998474121094,26,8649,PER,244,29194,331,43348,Peru,No children,2024,Rural
36.5,26,8649,PER,244,29194,331,43350,Peru,Total (with or without children),2024,Rural
34.599998474121094,26,8649,PER,244,29194,331,43349,Peru,One or more children,2024,Rural
42.599998474121094,26,8649,PER,244,29194,330,43348,Peru,No children,2024,Urban
42.20000076293945,26,8649,PER,244,29194,330,43350,Peru,Total (with or without children),2024,Urban
41,26,8649,PER,244,29194,330,43349,Peru,One or more children,2024,Urban
39.900001525878906,26,8618,DOM,264,29170,327,43348,Dominican Republic,No children,2000,National
39.70000076293945,26,8618,DOM,264,29170,327,43350,Dominican Republic,Total (with or without children),2000,National
39.400001525878906,26,8618,DOM,264,29170,327,43349,Dominican Republic,One or more children,2000,National
38.20000076293945,26,8618,DOM,264,29170,331,43348,Dominican Republic,No children,2000,Rural
37.70000076293945,26,8618,DOM,264,29170,331,43350,Dominican Republic,Total (with or without children),2000,Rural
36.599998474121094,26,8618,DOM,264,29170,331,43349,Dominican Republic,One or more children,2000,Rural
40.400001525878906,26,8618,DOM,264,29170,330,43348,Dominican Republic,No children,2000,Urban
40.400001525878906,26,8618,DOM,264,29170,330,43350,Dominican Republic,Total (with or without children),2000,Urban
40.29999923706055,26,8618,DOM,264,29170,330,43349,Dominican Republic,One or more children,2000,Urban
39.79999923706055,26,8618,DOM,264,29171,327,43348,Dominican Republic,No children,2001,National
39.400001525878906,26,8618,DOM,264,29171,327,43350,Dominican Republic,Total (with or without children),2001,National
38.70000076293945,26,8618,DOM,264,29171,327,43349,Dominican Republic,One or more children,2001,National
39.099998474121094,26,8618,DOM,264,29171,331,43348,Dominican Republic,No children,2001,Rural
37.900001525878906,26,8618,DOM,264,29171,331,43350,Dominican Republic,Total (with or without children),2001,Rural
35.900001525878906,26,8618,DOM,264,29171,331,43349,Dominican Republic,One or more children,2001,Rural
40,26,8618,DOM,264,29171,330,43348,Dominican Republic,No children,2001,Urban
39.900001525878906,26,8618,DOM,264,29171,330,43350,Dominican Republic,Total (with or without children),2001,Urban
39.70000076293945,26,8618,DOM,264,29171,330,43349,Dominican Republic,One or more children,2001,Urban
38.70000076293945,26,8618,DOM,264,29172,327,43348,Dominican Republic,No children,2002,National
38.79999923706055,26,8618,DOM,264,29172,327,43350,Dominican Republic,Total (with or without children),2002,National
39,26,8618,DOM,264,29172,327,43349,Dominican Republic,One or more children,2002,National
36.099998474121094,26,8618,DOM,264,29172,331,43348,Dominican Republic,No children,2002,Rural
36.599998474121094,26,8618,DOM,264,29172,331,43350,Dominican Republic,Total (with or without children),2002,Rural
37.599998474121094,26,8618,DOM,264,29172,331,43349,Dominican Republic,One or more children,2002,Rural
39.5,26,8618,DOM,264,29172,330,43348,Dominican Republic,No children,2002,Urban
39.5,26,8618,DOM,264,29172,330,43350,Dominican Republic,Total (with or without children),2002,Urban
39.599998474121094,26,8618,DOM,264,29172,330,43349,Dominican Republic,One or more children,2002,Urban
38.79999923706055,26,8618,DOM,264,29173,327,43348,Dominican Republic,No children,2003,National
38.900001525878906,26,8618,DOM,264,29173,327,43350,Dominican Republic,Total (with or without children),2003,National
39.099998474121094,26,8618,DOM,264,29173,327,43349,Dominican Republic,One or more children,2003,National
38,26,8618,DOM,264,29173,331,43348,Dominican Republic,No children,2003,Rural
38.5,26,8618,DOM,264,29173,331,43350,Dominican Republic,Total (with or without children),2003,Rural
39.20000076293945,26,8618,DOM,264,29173,331,43349,Dominican Republic,One or more children,2003,Rural
39,26,8618,DOM,264,29173,330,43348,Dominican Republic,No children,2003,Urban
39,26,8618,DOM,264,29173,330,43350,Dominican Republic,Total (with or without children),2003,Urban
39.099998474121094,26,8618,DOM,264,29173,330,43349,Dominican Republic,One or more children,2003,Urban
39.5,26,8618,DOM,264,29174,327,43348,Dominican Republic,No children,2004,National
39.20000076293945,26,8618,DOM,264,29174,327,43350,Dominican Republic,Total (with or without children),2004,National
38.79999923706055,26,8618,DOM,264,29174,327,43349,Dominican Republic,One or more children,2004,National
38.79999923706055,26,8618,DOM,264,29174,331,43348,Dominican Republic,No children,2004,Rural
38,26,8618,DOM,264,29174,331,43350,Dominican Republic,Total (with or without children),2004,Rural
36.5,26,8618,DOM,264,29174,331,43349,Dominican Republic,One or more children,2004,Rural
39.70000076293945,26,8618,DOM,264,29174,330,43348,Dominican Republic,No children,2004,Urban
39.599998474121094,26,8618,DOM,264,29174,330,43350,Dominican Republic,Total (with or without children),2004,Urban
39.5,26,8618,DOM,264,29174,330,43349,Dominican Republic,One or more children,2004,Urban
38.900001525878906,26,8618,DOM,264,29175,327,43348,Dominican Republic,No children,2005,National
38.79999923706055,26,8618,DOM,264,29175,327,43350,Dominican Republic,Total (with or without children),2005,National
38.70000076293945,26,8618,DOM,264,29175,327,43349,Dominican Republic,One or more children,2005,National
37.29999923706055,26,8618,DOM,264,29175,331,43348,Dominican Republic,No children,2005,Rural
37.599998474121094,26,8618,DOM,264,29175,331,43350,Dominican Republic,Total (with or without children),2005,Rural
38.29999923706055,26,8618,DOM,264,29175,331,43349,Dominican Republic,One or more children,2005,Rural
39.400001525878906,26,8618,DOM,264,29175,330,43348,Dominican Republic,No children,2005,Urban
39.20000076293945,26,8618,DOM,264,29175,330,43350,Dominican Republic,Total (with or without children),2005,Urban
38.79999923706055,26,8618,DOM,264,29175,330,43349,Dominican Republic,One or more children,2005,Urban
38.79999923706055,26,8618,DOM,264,29176,327,43348,Dominican Republic,No children,2006,National
38.70000076293945,26,8618,DOM,264,29176,327,43350,Dominican Republic,Total (with or without children),2006,National
38.599998474121094,26,8618,DOM,264,29176,327,43349,Dominican Republic,One or more children,2006,National
37.70000076293945,26,8618,DOM,264,29176,331,43348,Dominican Republic,No children,2006,Rural
37.599998474121094,26,8618,DOM,264,29176,331,43350,Dominican Republic,Total (with or without children),2006,Rural
37.400001525878906,26,8618,DOM,264,29176,331,43349,Dominican Republic,One or more children,2006,Rural
39.099998474121094,26,8618,DOM,264,29176,330,43348,Dominican Republic,No children,2006,Urban
39,26,8618,DOM,264,29176,330,43350,Dominican Republic,Total (with or without children),2006,Urban
39,26,8618,DOM,264,29176,330,43349,Dominican Republic,One or more children,2006,Urban
38.5,26,8618,DOM,264,29177,327,43348,Dominican Republic,No children,2007,National
38.79999923706055,26,8618,DOM,264,29177,327,43350,Dominican Republic,Total (with or without children),2007,National
39.29999923706055,26,8618,DOM,264,29177,327,43349,Dominican Republic,One or more children,2007,National
37.599998474121094,26,8618,DOM,264,29177,331,43348,Dominican Republic,No children,2007,Rural
37.099998474121094,26,8618,DOM,264,29177,331,43350,Dominican Republic,Total (with or without children),2007,Rural
36.20000076293945,26,8618,DOM,264,29177,331,43349,Dominican Republic,One or more children,2007,Rural
38.79999923706055,26,8618,DOM,264,29177,330,43348,Dominican Republic,No children,2007,Urban
39.29999923706055,26,8618,DOM,264,29177,330,43350,Dominican Republic,Total (with or without children),2007,Urban
40.29999923706055,26,8618,DOM,264,29177,330,43349,Dominican Republic,One or more children,2007,Urban
37.79999923706055,26,8618,DOM,264,29178,327,43348,Dominican Republic,No children,2008,National
37.70000076293945,26,8618,DOM,264,29178,327,43350,Dominican Republic,Total (with or without children),2008,National
37.70000076293945,26,8618,DOM,264,29178,327,43349,Dominican Republic,One or more children,2008,National
36.79999923706055,26,8618,DOM,264,29178,331,43348,Dominican Republic,No children,2008,Rural
36.70000076293945,26,8618,DOM,264,29178,331,43350,Dominican Republic,Total (with or without children),2008,Rural
36.5,26,8618,DOM,264,29178,331,43349,Dominican Republic,One or more children,2008,Rural
38,26,8618,DOM,264,29178,330,43348,Dominican Republic,No children,2008,Urban
38,26,8618,DOM,264,29178,330,43350,Dominican Republic,Total (with or without children),2008,Urban
38,26,8618,DOM,264,29178,330,43349,Dominican Republic,One or more children,2008,Urban
38.900001525878906,26,8618,DOM,264,29179,327,43348,Dominican Republic,No children,2009,National
38.70000076293945,26,8618,DOM,264,29179,327,43350,Dominican Republic,Total (with or without children),2009,National
38.400001525878906,26,8618,DOM,264,29179,327,43349,Dominican Republic,One or more children,2009,National
37.70000076293945,26,8618,DOM,264,29179,331,43348,Dominican Republic,No children,2009,Rural
37.29999923706055,26,8618,DOM,264,29179,331,43350,Dominican Republic,Total (with or without children),2009,Rural
36.599998474121094,26,8618,DOM,264,29179,331,43349,Dominican Republic,One or more children,2009,Rural
39.099998474121094,26,8618,DOM,264,29179,330,43348,Dominican Republic,No children,2009,Urban
39,26,8618,DOM,264,29179,330,43350,Dominican Republic,Total (with or without children),2009,Urban
38.79999923706055,26,8618,DOM,264,29179,330,43349,Dominican Republic,One or more children,2009,Urban
38.29999923706055,26,8618,DOM,264,29180,327,43348,Dominican Republic,No children,2010,National
38.20000076293945,26,8618,DOM,264,29180,327,43350,Dominican Republic,Total (with or without children),2010,National
38,26,8618,DOM,264,29180,327,43349,Dominican Republic,One or more children,2010,National
36.5,26,8618,DOM,264,29180,331,43348,Dominican Republic,No children,2010,Rural
36.599998474121094,26,8618,DOM,264,29180,331,43350,Dominican Republic,Total (with or without children),2010,Rural
36.599998474121094,26,8618,DOM,264,29180,331,43349,Dominican Republic,One or more children,2010,Rural
38.599998474121094,26,8618,DOM,264,29180,330,43348,Dominican Republic,No children,2010,Urban
38.5,26,8618,DOM,264,29180,330,43350,Dominican Republic,Total (with or without children),2010,Urban
38.29999923706055,26,8618,DOM,264,29180,330,43349,Dominican Republic,One or more children,2010,Urban
37.79999923706055,26,8618,DOM,264,29181,327,43348,Dominican Republic,No children,2011,National
37.79999923706055,26,8618,DOM,264,29181,327,43350,Dominican Republic,Total (with or without children),2011,National
37.599998474121094,26,8618,DOM,264,29181,327,43349,Dominican Republic,One or more children,2011,National
34.5,26,8618,DOM,264,29181,331,43348,Dominican Republic,No children,2011,Rural
34.599998474121094,26,8618,DOM,264,29181,331,43350,Dominican Republic,Total (with or without children),2011,Rural
34.79999923706055,26,8618,DOM,264,29181,331,43349,Dominican Republic,One or more children,2011,Rural
38.5,26,8618,DOM,264,29181,330,43348,Dominican Republic,No children,2011,Urban
38.400001525878906,26,8618,DOM,264,29181,330,43350,Dominican Republic,Total (with or without children),2011,Urban
38.29999923706055,26,8618,DOM,264,29181,330,43349,Dominican Republic,One or more children,2011,Urban
38.70000076293945,26,8618,DOM,264,29182,327,43348,Dominican Republic,No children,2012,National
38.900001525878906,26,8618,DOM,264,29182,327,43350,Dominican Republic,Total (with or without children),2012,National
39.400001525878906,26,8618,DOM,264,29182,327,43349,Dominican Republic,One or more children,2012,National
37.099998474121094,26,8618,DOM,264,29182,331,43348,Dominican Republic,No children,2012,Rural
37.400001525878906,26,8618,DOM,264,29182,331,43350,Dominican Republic,Total (with or without children),2012,Rural
37.900001525878906,26,8618,DOM,264,29182,331,43349,Dominican Republic,One or more children,2012,Rural
39,26,8618,DOM,264,29182,330,43348,Dominican Republic,No children,2012,Urban
39.20000076293945,26,8618,DOM,264,29182,330,43350,Dominican Republic,Total (with or without children),2012,Urban
39.79999923706055,26,8618,DOM,264,29182,330,43349,Dominican Republic,One or more children,2012,Urban
38.900001525878906,26,8618,DOM,264,29183,327,43348,Dominican Republic,No children,2013,National
38.79999923706055,26,8618,DOM,264,29183,327,43350,Dominican Republic,Total (with or without children),2013,National
38.5,26,8618,DOM,264,29183,327,43349,Dominican Republic,One or more children,2013,National
37.29999923706055,26,8618,DOM,264,29183,331,43348,Dominican Republic,No children,2013,Rural
36.70000076293945,26,8618,DOM,264,29183,331,43350,Dominican Republic,Total (with or without children),2013,Rural
35.599998474121094,26,8618,DOM,264,29183,331,43349,Dominican Republic,One or more children,2013,Rural
39.20000076293945,26,8618,DOM,264,29183,330,43348,Dominican Republic,No children,2013,Urban
39.20000076293945,26,8618,DOM,264,29183,330,43350,Dominican Republic,Total (with or without children),2013,Urban
39.099998474121094,26,8618,DOM,264,29183,330,43349,Dominican Republic,One or more children,2013,Urban
39.099998474121094,26,8618,DOM,264,29184,327,43348,Dominican Republic,No children,2014,National
39.5,26,8618,DOM,264,29184,327,43350,Dominican Republic,Total (with or without children),2014,National
40.29999923706055,26,8618,DOM,264,29184,327,43349,Dominican Republic,One or more children,2014,National
38.099998474121094,26,8618,DOM,264,29184,331,43348,Dominican Republic,No children,2014,Rural
37.900001525878906,26,8618,DOM,264,29184,331,43350,Dominican Republic,Total (with or without children),2014,Rural
37.599998474121094,26,8618,DOM,264,29184,331,43349,Dominican Republic,One or more children,2014,Rural
39.29999923706055,26,8618,DOM,264,29184,330,43348,Dominican Republic,No children,2014,Urban
39.79999923706055,26,8618,DOM,264,29184,330,43350,Dominican Republic,Total (with or without children),2014,Urban
40.79999923706055,26,8618,DOM,264,29184,330,43349,Dominican Republic,One or more children,2014,Urban
39.70000076293945,26,8618,DOM,264,29185,327,43348,Dominican Republic,No children,2015,National
40,26,8618,DOM,264,29185,327,43350,Dominican Republic,Total (with or without children),2015,National
40.599998474121094,26,8618,DOM,264,29185,327,43349,Dominican Republic,One or more children,2015,National
39.70000076293945,26,8618,DOM,264,29185,331,43348,Dominican Republic,No children,2015,Rural
39.599998474121094,26,8618,DOM,264,29185,331,43350,Dominican Republic,Total (with or without children),2015,Rural
39.400001525878906,26,8618,DOM,264,29185,331,43349,Dominican Republic,One or more children,2015,Rural
39.70000076293945,26,8618,DOM,264,29185,330,43348,Dominican Republic,No children,2015,Urban
40,26,8618,DOM,264,29185,330,43350,Dominican Republic,Total (with or without children),2015,Urban
40.900001525878906,26,8618,DOM,264,29185,330,43349,Dominican Republic,One or more children,2015,Urban
40,26,8618,DOM,264,29186,327,43348,Dominican Republic,No children,2016,National
40.099998474121094,26,8618,DOM,264,29186,327,43350,Dominican Republic,Total (with or without children),2016,National
40.5,26,8618,DOM,264,29186,327,43349,Dominican Republic,One or more children,2016,National
39.20000076293945,26,8618,DOM,264,29186,331,43348,Dominican Republic,No children,2016,Rural
39.400001525878906,26,8618,DOM,264,29186,331,43350,Dominican Republic,Total (with or without children),2016,Rural
39.70000076293945,26,8618,DOM,264,29186,331,43349,Dominican Republic,One or more children,2016,Rural
40.099998474121094,26,8618,DOM,264,29186,330,43348,Dominican Republic,No children,2016,Urban
40.29999923706055,26,8618,DOM,264,29186,330,43350,Dominican Republic,Total (with or without children),2016,Urban
40.70000076293945,26,8618,DOM,264,29186,330,43349,Dominican Republic,One or more children,2016,Urban
39.79999923706055,26,8619,DOM,264,29187,327,43348,Dominican Republic,No children,2017,National
40.099998474121094,26,8619,DOM,264,29187,327,43350,Dominican Republic,Total (with or without children),2017,National
40.599998474121094,26,8619,DOM,264,29187,327,43349,Dominican Republic,One or more children,2017,National
39.400001525878906,26,8619,DOM,264,29187,331,43348,Dominican Republic,No children,2017,Rural
39.29999923706055,26,8619,DOM,264,29187,331,43350,Dominican Republic,Total (with or without children),2017,Rural
38.79999923706055,26,8619,DOM,264,29187,331,43349,Dominican Republic,One or more children,2017,Rural
39.900001525878906,26,8619,DOM,264,29187,330,43348,Dominican Republic,No children,2017,Urban
40.20000076293945,26,8619,DOM,264,29187,330,43350,Dominican Republic,Total (with or without children),2017,Urban
40.900001525878906,26,8619,DOM,264,29187,330,43349,Dominican Republic,One or more children,2017,Urban
39.29999923706055,26,8619,DOM,264,29188,327,43348,Dominican Republic,No children,2018,National
39.599998474121094,26,8619,DOM,264,29188,327,43350,Dominican Republic,Total (with or without children),2018,National
40.29999923706055,26,8619,DOM,264,29188,327,43349,Dominican Republic,One or more children,2018,National
38.400001525878906,26,8619,DOM,264,29188,331,43348,Dominican Republic,No children,2018,Rural
38.5,26,8619,DOM,264,29188,331,43350,Dominican Republic,Total (with or without children),2018,Rural
38.70000076293945,26,8619,DOM,264,29188,331,43349,Dominican Republic,One or more children,2018,Rural
39.5,26,8619,DOM,264,29188,330,43348,Dominican Republic,No children,2018,Urban
39.79999923706055,26,8619,DOM,264,29188,330,43350,Dominican Republic,Total (with or without children),2018,Urban
40.599998474121094,26,8619,DOM,264,29188,330,43349,Dominican Republic,One or more children,2018,Urban
39,26,8619,DOM,264,29189,327,43348,Dominican Republic,No children,2019,National
39.400001525878906,26,8619,DOM,264,29189,327,43350,Dominican Republic,Total (with or without children),2019,National
40.599998474121094,26,8619,DOM,264,29189,327,43349,Dominican Republic,One or more children,2019,National
38.5,26,8619,DOM,264,29189,331,43348,Dominican Republic,No children,2019,Rural
38.79999923706055,26,8619,DOM,264,29189,331,43350,Dominican Republic,Total (with or without children),2019,Rural
39.599998474121094,26,8619,DOM,264,29189,331,43349,Dominican Republic,One or more children,2019,Rural
39,26,8619,DOM,264,29189,330,43348,Dominican Republic,No children,2019,Urban
39.5,26,8619,DOM,264,29189,330,43350,Dominican Republic,Total (with or without children),2019,Urban
40.79999923706055,26,8619,DOM,264,29189,330,43349,Dominican Republic,One or more children,2019,Urban
39,26,8619,DOM,264,29190,327,43348,Dominican Republic,No children,2020,National
39.20000076293945,26,8619,DOM,264,29190,327,43350,Dominican Republic,Total (with or without children),2020,National
39.599998474121094,26,8619,DOM,264,29190,327,43349,Dominican Republic,One or more children,2020,National
39.29999923706055,26,8619,DOM,264,29190,331,43348,Dominican Republic,No children,2020,Rural
39.099998474121094,26,8619,DOM,264,29190,331,43350,Dominican Republic,Total (with or without children),2020,Rural
38.5,26,8619,DOM,264,29190,331,43349,Dominican Republic,One or more children,2020,Rural
39,26,8619,DOM,264,29190,330,43348,Dominican Republic,No children,2020,Urban
39.20000076293945,26,8619,DOM,264,29190,330,43350,Dominican Republic,Total (with or without children),2020,Urban
39.79999923706055,26,8619,DOM,264,29190,330,43349,Dominican Republic,One or more children,2020,Urban
39.20000076293945,26,8619,DOM,264,29191,327,43348,Dominican Republic,No children,2021,National
39.599998474121094,26,8619,DOM,264,29191,327,43350,Dominican Republic,Total (with or without children),2021,National
40.79999923706055,26,8619,DOM,264,29191,327,43349,Dominican Republic,One or more children,2021,National
39.400001525878906,26,8619,DOM,264,29191,331,43348,Dominican Republic,No children,2021,Rural
39.599998474121094,26,8619,DOM,264,29191,331,43350,Dominican Republic,Total (with or without children),2021,Rural
40.099998474121094,26,8619,DOM,264,29191,331,43349,Dominican Republic,One or more children,2021,Rural
39.099998474121094,26,8619,DOM,264,29191,330,43348,Dominican Republic,No children,2021,Urban
39.599998474121094,26,8619,DOM,264,29191,330,43350,Dominican Republic,Total (with or without children),2021,Urban
40.900001525878906,26,8619,DOM,264,29191,330,43349,Dominican Republic,One or more children,2021,Urban
40.29999923706055,26,8619,DOM,264,29192,327,43348,Dominican Republic,No children,2022,National
40.5,26,8619,DOM,264,29192,327,43350,Dominican Republic,Total (with or without children),2022,National
41.099998474121094,26,8619,DOM,264,29192,327,43349,Dominican Republic,One or more children,2022,National
39.599998474121094,26,8619,DOM,264,29192,331,43348,Dominican Republic,No children,2022,Rural
40.099998474121094,26,8619,DOM,264,29192,331,43350,Dominican Republic,Total (with or without children),2022,Rural
41.20000076293945,26,8619,DOM,264,29192,331,43349,Dominican Republic,One or more children,2022,Rural
40.400001525878906,26,8619,DOM,264,29192,330,43348,Dominican Republic,No children,2022,Urban
40.599998474121094,26,8619,DOM,264,29192,330,43350,Dominican Republic,Total (with or without children),2022,Urban
41.099998474121094,26,8619,DOM,264,29192,330,43349,Dominican Republic,One or more children,2022,Urban
40,26,8619,DOM,264,29193,327,43348,Dominican Republic,No children,2023,National
40.20000076293945,26,8619,DOM,264,29193,327,43350,Dominican Republic,Total (with or without children),2023,National
40.70000076293945,26,8619,DOM,264,29193,327,43349,Dominican Republic,One or more children,2023,National
39.20000076293945,26,8619,DOM,264,29193,331,43348,Dominican Republic,No children,2023,Rural
39.400001525878906,26,8619,DOM,264,29193,331,43350,Dominican Republic,Total (with or without children),2023,Rural
39.70000076293945,26,8619,DOM,264,29193,331,43349,Dominican Republic,One or more children,2023,Rural
40.099998474121094,26,8619,DOM,264,29193,330,43348,Dominican Republic,No children,2023,Urban
40.400001525878906,26,8619,DOM,264,29193,330,43350,Dominican Republic,Total (with or without children),2023,Urban
40.900001525878906,26,8619,DOM,264,29193,330,43349,Dominican Republic,One or more children,2023,Urban
40.099998474121094,26,8619,DOM,264,29194,327,43348,Dominican Republic,No children,2024,National
40.29999923706055,26,8619,DOM,264,29194,327,43350,Dominican Republic,Total (with or without children),2024,National
40.900001525878906,26,8619,DOM,264,29194,327,43349,Dominican Republic,One or more children,2024,National
39.5,26,8619,DOM,264,29194,331,43348,Dominican Republic,No children,2024,Rural
40,26,8619,DOM,264,29194,331,43350,Dominican Republic,Total (with or without children),2024,Rural
41,26,8619,DOM,264,29194,331,43349,Dominican Republic,One or more children,2024,Rural
40.20000076293945,26,8619,DOM,264,29194,330,43348,Dominican Republic,No children,2024,Urban
40.400001525878906,26,8619,DOM,264,29194,330,43350,Dominican Republic,Total (with or without children),2024,Urban
40.900001525878906,26,8619,DOM,264,29194,330,43349,Dominican Republic,One or more children,2024,Urban
38.599998474121094,26,86,URY,258,29170,330,43348,Uruguay,No children,2000,Urban
38.20000076293945,26,86,URY,258,29170,330,43350,Uruguay,Total (with or without children),2000,Urban
36.79999923706055,26,86,URY,258,29170,330,43349,Uruguay,One or more children,2000,Urban
38.20000076293945,26,86,URY,258,29171,330,43348,Uruguay,No children,2001,Urban
37.900001525878906,26,86,URY,258,29171,330,43350,Uruguay,Total (with or without children),2001,Urban
36.900001525878906,26,86,URY,258,29171,330,43349,Uruguay,One or more children,2001,Urban
37.70000076293945,26,86,URY,258,29172,330,43348,Uruguay,No children,2002,Urban
37.29999923706055,26,86,URY,258,29172,330,43350,Uruguay,Total (with or without children),2002,Urban
36.099998474121094,26,86,URY,258,29172,330,43349,Uruguay,One or more children,2002,Urban
37.5,26,86,URY,258,29173,330,43348,Uruguay,No children,2003,Urban
37.20000076293945,26,86,URY,258,29173,330,43350,Uruguay,Total (with or without children),2003,Urban
35.900001525878906,26,86,URY,258,29173,330,43349,Uruguay,One or more children,2003,Urban
37.5,26,86,URY,258,29174,330,43348,Uruguay,No children,2004,Urban
37.20000076293945,26,86,URY,258,29174,330,43350,Uruguay,Total (with or without children),2004,Urban
36.20000076293945,26,86,URY,258,29174,330,43349,Uruguay,One or more children,2004,Urban
37.099998474121094,26,86,URY,258,29175,330,43348,Uruguay,No children,2005,Urban
37,26,86,URY,258,29175,330,43350,Uruguay,Total (with or without children),2005,Urban
36.70000076293945,26,86,URY,258,29175,330,43349,Uruguay,One or more children,2005,Urban
36.79999923706055,26,,URY,258,29177,327,43348,Uruguay,No children,2007,National
36.400001525878906,26,,URY,258,29177,327,43350,Uruguay,Total (with or without children),2007,National
35.20000076293945,26,,URY,258,29177,327,43349,Uruguay,One or more children,2007,National
38,26,,URY,258,29177,331,43348,Uruguay,No children,2007,Rural
37.599998474121094,26,,URY,258,29177,331,43350,Uruguay,Total (with or without children),2007,Rural
36.29999923706055,26,,URY,258,29177,331,43349,Uruguay,One or more children,2007,Rural
36.70000076293945,26,,URY,258,29177,330,43348,Uruguay,No children,2007,Urban
36.29999923706055,26,,URY,258,29177,330,43350,Uruguay,Total (with or without children),2007,Urban
35.099998474121094,26,,URY,258,29177,330,43349,Uruguay,One or more children,2007,Urban
36.599998474121094,26,,URY,258,29178,327,43348,Uruguay,No children,2008,National
36.29999923706055,26,,URY,258,29178,327,43350,Uruguay,Total (with or without children),2008,National
35.099998474121094,26,,URY,258,29178,327,43349,Uruguay,One or more children,2008,National
37.599998474121094,26,,URY,258,29178,331,43348,Uruguay,No children,2008,Rural
36.900001525878906,26,,URY,258,29178,331,43350,Uruguay,Total (with or without children),2008,Rural
34.5,26,,URY,258,29178,331,43349,Uruguay,One or more children,2008,Rural
36.5,26,,URY,258,29178,330,43348,Uruguay,No children,2008,Urban
36.20000076293945,26,,URY,258,29178,330,43350,Uruguay,Total (with or without children),2008,Urban
35.20000076293945,26,,URY,258,29178,330,43349,Uruguay,One or more children,2008,Urban
36.79999923706055,26,,URY,258,29179,327,43348,Uruguay,No children,2009,National
35.900001525878906,26,,URY,258,29193,331,43349,Uruguay,One or more children,2023,Rural
35.5,26,,URY,258,29193,330,43348,Uruguay,No children,2023,Urban
35.400001525878906,26,,URY,258,29193,330,43350,Uruguay,Total (with or without children),2023,Urban
34.900001525878906,26,,URY,258,29193,330,43349,Uruguay,One or more children,2023,Urban
35.79999923706055,26,,URY,258,29194,327,43348,Uruguay,No children,2024,National
35.70000076293945,26,,URY,258,29194,327,43350,Uruguay,Total (with or without children),2024,National
35.400001525878906,26,,URY,258,29194,327,43349,Uruguay,One or more children,2024,National
36.099998474121094,26,,URY,258,29194,331,43348,Uruguay,No children,2024,Rural
35.900001525878906,26,,URY,258,29194,331,43350,Uruguay,Total (with or without children),2024,Rural
34.70000076293945,26,,URY,258,29194,331,43349,Uruguay,One or more children,2024,Rural
35.79999923706055,26,,URY,258,29194,330,43348,Uruguay,No children,2024,Urban
35.70000076293945,26,,URY,258,29194,330,43350,Uruguay,Total (with or without children),2024,Urban
35.400001525878906,26,,URY,258,29194,330,43349,Uruguay,One or more children,2024,Urban
37.20000076293945,26,,VEN,259,29170,327,43348,Venezuela (Bolivarian Republic of),No children,2000,National
36.79999923706055,26,,VEN,259,29170,327,43350,Venezuela (Bolivarian Republic of),Total (with or without children),2000,National
36.29999923706055,26,,VEN,259,29170,327,43349,Venezuela (Bolivarian Republic of),One or more children,2000,National
36.099998474121094,26,,VEN,259,29171,327,43348,Venezuela (Bolivarian Republic of),No children,2001,National
35.70000076293945,26,,VEN,259,29171,327,43350,Venezuela (Bolivarian Republic of),Total (with or without children),2001,National
35,26,,VEN,259,29171,327,43349,Venezuela (Bolivarian Republic of),One or more children,2001,National
35.400001525878906,26,,VEN,259,29172,327,43348,Venezuela (Bolivarian Republic of),No children,2002,National
34.900001525878906,26,,VEN,259,29172,327,43350,Venezuela (Bolivarian Republic of),Total (with or without children),2002,National
34.20000076293945,26,,VEN,259,29172,327,43349,Venezuela (Bolivarian Republic of),One or more children,2002,National
35.099998474121094,26,,VEN,259,29173,327,43348,Venezuela (Bolivarian Republic of),No children,2003,National
34.599998474121094,26,,VEN,259,29173,327,43350,Venezuela (Bolivarian Republic of),Total (with or without children),2003,National
33.79999923706055,26,,VEN,259,29173,327,43349,Venezuela (Bolivarian Republic of),One or more children,2003,National
37,26,,VEN,259,29174,327,43348,Venezuela (Bolivarian Republic of),No children,2004,National
36.70000076293945,26,,VEN,259,29174,327,43350,Venezuela (Bolivarian Republic of),Total (with or without children),2004,National
36.400001525878906,26,,VEN,259,29174,327,43349,Venezuela (Bolivarian Republic of),One or more children,2004,National
37.79999923706055,26,,VEN,259,29175,327,43348,Venezuela (Bolivarian Republic of),No children,2005,National
37.5,26,,VEN,259,29175,327,43350,Venezuela (Bolivarian Republic of),Total (with or without children),2005,National
37,26,,VEN,259,29175,327,43349,Venezuela (Bolivarian Republic of),One or more children,2005,National
38.099998474121094,26,,VEN,259,29176,327,43348,Venezuela (Bolivarian Republic of),No children,2006,National
37.79999923706055,26,,VEN,259,29176,327,43350,Venezuela (Bolivarian Republic of),Total (with or without children),2006,National
37.20000076293945,26,,VEN,259,29176,327,43349,Venezuela (Bolivarian Republic of),One or more children,2006,National
37.20000076293945,26,,VEN,259,29177,327,43348,Venezuela (Bolivarian Republic of),No children,2007,National
37.099998474121094,26,,VEN,259,29177,327,43350,Venezuela (Bolivarian Republic of),Total (with or without children),2007,National
36.900001525878906,26,,VEN,259,29177,327,43349,Venezuela (Bolivarian Republic of),One or more children,2007,National
37.20000076293945,26,,VEN,259,29178,327,43348,Venezuela (Bolivarian Republic of),No children,2008,National
36.900001525878906,26,,VEN,259,29178,327,43350,Venezuela (Bolivarian Republic of),Total (with or without children),2008,National
36.400001525878906,26,,VEN,259,29178,327,43349,Venezuela (Bolivarian Republic of),One or more children,2008,National
37.5,26,,VEN,259,29179,327,43348,Venezuela (Bolivarian Republic of),No children,2009,National
37.20000076293945,26,,VEN,259,29179,327,43350,Venezuela (Bolivarian Republic of),Total (with or without children),2009,National
36.599998474121094,26,,VEN,259,29179,327,43349,Venezuela (Bolivarian Republic of),One or more children,2009,National
37.70000076293945,26,,VEN,259,29180,327,43348,Venezuela (Bolivarian Republic of),No children,2010,National
37.400001525878906,26,,VEN,259,29180,327,43350,Venezuela (Bolivarian Republic of),Total (with or without children),2010,National
36.900001525878906,26,,VEN,259,29180,327,43349,Venezuela (Bolivarian Republic of),One or more children,2010,National
37.599998474121094,26,,VEN,259,29181,327,43348,Venezuela (Bolivarian Republic of),No children,2011,National
37.20000076293945,26,,VEN,259,29181,327,43350,Venezuela (Bolivarian Republic of),Total (with or without children),2011,National
36.599998474121094,26,,VEN,259,29181,327,43349,Venezuela (Bolivarian Republic of),One or more children,2011,National
37.5,26,,VEN,259,29182,327,43348,Venezuela (Bolivarian Republic of),No children,2012,National
37.099998474121094,26,,VEN,259,29182,327,43350,Venezuela (Bolivarian Republic of),Total (with or without children),2012,National
36.29999923706055,26,,VEN,259,29182,327,43349,Venezuela (Bolivarian Republic of),One or more children,2012,National
36.79999923706055,26,,VEN,259,29183,327,43348,Venezuela (Bolivarian Republic of),No children,2013,National
36.400001525878906,26,,VEN,259,29183,327,43350,Venezuela (Bolivarian Republic of),Total (with or without children),2013,National
35.79999923706055,26,,VEN,259,29183,327,43349,Venezuela (Bolivarian Republic of),One or more children,2013,National
36.400001525878906,26,,VEN,259,29184,327,43348,Venezuela (Bolivarian Republic of),No children,2014,National
36.099998474121094,26,,VEN,259,29184,327,43350,Venezuela (Bolivarian Republic of),Total (with or without children),2014,National
35.599998474121094,26,,VEN,259,29184,327,43349,Venezuela (Bolivarian Republic of),One or more children,2014,National
36.599998474121094,26,,URY,258,29179,327,43350,Uruguay,Total (with or without children),2009,National
35.79999923706055,26,,URY,258,29179,327,43349,Uruguay,One or more children,2009,National
37.099998474121094,26,,URY,258,29179,331,43348,Uruguay,No children,2009,Rural
36.900001525878906,26,,URY,258,29179,331,43350,Uruguay,Total (with or without children),2009,Rural
36.20000076293945,26,,URY,258,29179,331,43349,Uruguay,One or more children,2009,Rural
36.79999923706055,26,,URY,258,29179,330,43348,Uruguay,No children,2009,Urban
36.599998474121094,26,,URY,258,29179,330,43350,Uruguay,Total (with or without children),2009,Urban
35.70000076293945,26,,URY,258,29179,330,43349,Uruguay,One or more children,2009,Urban
36.79999923706055,26,,URY,258,29180,327,43348,Uruguay,No children,2010,National
36.599998474121094,26,,URY,258,29180,327,43350,Uruguay,Total (with or without children),2010,National
36.099998474121094,26,,URY,258,29180,327,43349,Uruguay,One or more children,2010,National
37.900001525878906,26,,URY,258,29180,331,43348,Uruguay,No children,2010,Rural
37.29999923706055,26,,URY,258,29180,331,43350,Uruguay,Total (with or without children),2010,Rural
35.20000076293945,26,,URY,258,29180,331,43349,Uruguay,One or more children,2010,Rural
36.70000076293945,26,,URY,258,29180,330,43348,Uruguay,No children,2010,Urban
36.599998474121094,26,,URY,258,29180,330,43350,Uruguay,Total (with or without children),2010,Urban
36.099998474121094,26,,URY,258,29180,330,43349,Uruguay,One or more children,2010,Urban
36.70000076293945,26,,URY,258,29181,327,43348,Uruguay,No children,2011,National
36.5,26,,URY,258,29181,327,43350,Uruguay,Total (with or without children),2011,National
35.79999923706055,26,,URY,258,29181,327,43349,Uruguay,One or more children,2011,National
36.20000076293945,26,,URY,258,29181,331,43348,Uruguay,No children,2011,Rural
35.70000076293945,26,,URY,258,29181,331,43350,Uruguay,Total (with or without children),2011,Rural
33.70000076293945,26,,URY,258,29181,331,43349,Uruguay,One or more children,2011,Rural
36.79999923706055,26,,URY,258,29181,330,43348,Uruguay,No children,2011,Urban
36.599998474121094,26,,URY,258,29181,330,43350,Uruguay,Total (with or without children),2011,Urban
35.900001525878906,26,,URY,258,29181,330,43349,Uruguay,One or more children,2011,Urban
36.79999923706055,26,,URY,258,29182,327,43348,Uruguay,No children,2012,National
36.599998474121094,26,,URY,258,29182,327,43350,Uruguay,Total (with or without children),2012,National
35.79999923706055,26,,URY,258,29182,327,43349,Uruguay,One or more children,2012,National
35.29999923706055,26,,URY,258,29182,331,43348,Uruguay,No children,2012,Rural
35.400001525878906,26,,URY,258,29182,331,43350,Uruguay,Total (with or without children),2012,Rural
35.70000076293945,26,,URY,258,29182,331,43349,Uruguay,One or more children,2012,Rural
36.900001525878906,26,,URY,258,29182,330,43348,Uruguay,No children,2012,Urban
36.599998474121094,26,,URY,258,29182,330,43350,Uruguay,Total (with or without children),2012,Urban
35.79999923706055,26,,URY,258,29182,330,43349,Uruguay,One or more children,2012,Urban
36.599998474121094,26,,URY,258,29183,327,43348,Uruguay,No children,2013,National
36.400001525878906,26,,URY,258,29183,327,43350,Uruguay,Total (with or without children),2013,National
35.5,26,,URY,258,29183,327,43349,Uruguay,One or more children,2013,National
36.599998474121094,26,,URY,258,29183,331,43348,Uruguay,No children,2013,Rural
35.70000076293945,26,,URY,258,29183,331,43350,Uruguay,Total (with or without children),2013,Rural
32.400001525878906,26,,URY,258,29183,331,43349,Uruguay,One or more children,2013,Rural
36.599998474121094,26,,URY,258,29183,330,43348,Uruguay,No children,2013,Urban
36.400001525878906,26,,URY,258,29183,330,43350,Uruguay,Total (with or without children),2013,Urban
35.70000076293945,26,,URY,258,29183,330,43349,Uruguay,One or more children,2013,Urban
36.599998474121094,26,,URY,258,29184,327,43348,Uruguay,No children,2014,National
36.20000076293945,26,,URY,258,29184,327,43350,Uruguay,Total (with or without children),2014,National
35.099998474121094,26,,URY,258,29184,327,43349,Uruguay,One or more children,2014,National
36.20000076293945,26,,URY,258,29184,331,43348,Uruguay,No children,2014,Rural
35.70000076293945,26,,URY,258,29184,331,43350,Uruguay,Total (with or without children),2014,Rural
34.20000076293945,26,,URY,258,29184,331,43349,Uruguay,One or more children,2014,Rural
36.599998474121094,26,,URY,258,29184,330,43348,Uruguay,No children,2014,Urban
36.29999923706055,26,,URY,258,29184,330,43350,Uruguay,Total (with or without children),2014,Urban
35.20000076293945,26,,URY,258,29184,330,43349,Uruguay,One or more children,2014,Urban
36.599998474121094,26,,URY,258,29185,327,43348,Uruguay,No children,2015,National
36.29999923706055,26,,URY,258,29185,327,43350,Uruguay,Total (with or without children),2015,National
35.20000076293945,26,,URY,258,29185,327,43349,Uruguay,One or more children,2015,National
36.20000076293945,26,,URY,258,29185,331,43348,Uruguay,No children,2015,Rural
35.599998474121094,26,,URY,258,29185,331,43350,Uruguay,Total (with or without children),2015,Rural
33,26,,URY,258,29185,331,43349,Uruguay,One or more children,2015,Rural
36.599998474121094,26,,URY,258,29185,330,43348,Uruguay,No children,2015,Urban
36.29999923706055,26,,URY,258,29185,330,43350,Uruguay,Total (with or without children),2015,Urban
35.29999923706055,26,,URY,258,29185,330,43349,Uruguay,One or more children,2015,Urban
36.099998474121094,26,,URY,258,29186,327,43348,Uruguay,No children,2016,National
35.79999923706055,26,,URY,258,29186,327,43350,Uruguay,Total (with or without children),2016,National
35,26,,URY,258,29186,327,43349,Uruguay,One or more children,2016,National
34.20000076293945,26,,URY,258,29186,331,43348,Uruguay,No children,2016,Rural
34.5,26,,URY,258,29186,331,43350,Uruguay,Total (with or without children),2016,Rural
35.79999923706055,26,,URY,258,29186,331,43349,Uruguay,One or more children,2016,Rural
36.20000076293945,26,,URY,258,29186,330,43348,Uruguay,No children,2016,Urban
35.900001525878906,26,,URY,258,29186,330,43350,Uruguay,Total (with or without children),2016,Urban
35,26,,URY,258,29186,330,43349,Uruguay,One or more children,2016,Urban
35.79999923706055,26,,URY,258,29187,327,43348,Uruguay,No children,2017,National
35.5,26,,URY,258,29187,327,43350,Uruguay,Total (with or without children),2017,National
34.5,26,,URY,258,29187,327,43349,Uruguay,One or more children,2017,National
35.20000076293945,26,,URY,258,29187,331,43348,Uruguay,No children,2017,Rural
34.599998474121094,26,,URY,258,29187,331,43350,Uruguay,Total (with or without children),2017,Rural
32,26,,URY,258,29187,331,43349,Uruguay,One or more children,2017,Rural
35.79999923706055,26,,URY,258,29187,330,43348,Uruguay,No children,2017,Urban
35.599998474121094,26,,URY,258,29187,330,43350,Uruguay,Total (with or without children),2017,Urban
34.70000076293945,26,,URY,258,29187,330,43349,Uruguay,One or more children,2017,Urban
35.599998474121094,26,,URY,258,29188,327,43348,Uruguay,No children,2018,National
35.29999923706055,26,,URY,258,29188,327,43350,Uruguay,Total (with or without children),2018,National
33.900001525878906,26,,URY,258,29188,327,43349,Uruguay,One or more children,2018,National
35.5,26,,URY,258,29188,331,43348,Uruguay,No children,2018,Rural
34.70000076293945,26,,URY,258,29188,331,43350,Uruguay,Total (with or without children),2018,Rural
31.299999237060547,26,,URY,258,29188,331,43349,Uruguay,One or more children,2018,Rural
35.599998474121094,26,,URY,258,29188,330,43348,Uruguay,No children,2018,Urban
35.29999923706055,26,,URY,258,29188,330,43350,Uruguay,Total (with or without children),2018,Urban
34,26,,URY,258,29188,330,43349,Uruguay,One or more children,2018,Urban
35.099998474121094,26,,URY,258,29189,327,43348,Uruguay,No children,2019,National
34.79999923706055,26,,URY,258,29189,327,43350,Uruguay,Total (with or without children),2019,National
33.79999923706055,26,,URY,258,29189,327,43349,Uruguay,One or more children,2019,National
34.400001525878906,26,,URY,258,29189,331,43348,Uruguay,No children,2019,Rural
33.900001525878906,26,,URY,258,29189,331,43350,Uruguay,Total (with or without children),2019,Rural
31.700000762939453,26,,URY,258,29189,331,43349,Uruguay,One or more children,2019,Rural
35.099998474121094,26,,URY,258,29189,330,43348,Uruguay,No children,2019,Urban
34.900001525878906,26,,URY,258,29189,330,43350,Uruguay,Total (with or without children),2019,Urban
33.900001525878906,26,,URY,258,29189,330,43349,Uruguay,One or more children,2019,Urban
34.900001525878906,26,,URY,258,29190,327,43348,Uruguay,No children,2020,National
34.900001525878906,26,,URY,258,29190,327,43350,Uruguay,Total (with or without children),2020,National
34.599998474121094,26,,URY,258,29190,327,43349,Uruguay,One or more children,2020,National
35.79999923706055,26,,URY,258,29190,331,43348,Uruguay,No children,2020,Rural
35.20000076293945,26,,URY,258,29190,331,43350,Uruguay,Total (with or without children),2020,Rural
33.29999923706055,26,,URY,258,29190,331,43349,Uruguay,One or more children,2020,Rural
34.900001525878906,26,,URY,258,29190,330,43348,Uruguay,No children,2020,Urban
34.79999923706055,26,,URY,258,29190,330,43350,Uruguay,Total (with or without children),2020,Urban
34.599998474121094,26,,URY,258,29190,330,43349,Uruguay,One or more children,2020,Urban
35.099998474121094,26,,URY,258,29191,327,43348,Uruguay,No children,2021,National
34.900001525878906,26,,URY,258,29191,327,43350,Uruguay,Total (with or without children),2021,National
33.79999923706055,26,,URY,258,29191,327,43349,Uruguay,One or more children,2021,National
36,26,,URY,258,29191,331,43348,Uruguay,No children,2021,Rural
35.70000076293945,26,,URY,258,29191,331,43350,Uruguay,Total (with or without children),2021,Rural
34.400001525878906,26,,URY,258,29191,331,43349,Uruguay,One or more children,2021,Rural
35.099998474121094,26,,URY,258,29191,330,43348,Uruguay,No children,2021,Urban
34.79999923706055,26,,URY,258,29191,330,43350,Uruguay,Total (with or without children),2021,Urban
33.79999923706055,26,,URY,258,29191,330,43349,Uruguay,One or more children,2021,Urban
35.900001525878906,26,,URY,258,29192,327,43348,Uruguay,No children,2022,National
35.70000076293945,26,,URY,258,29192,327,43350,Uruguay,Total (with or without children),2022,National
34.79999923706055,26,,URY,258,29192,327,43349,Uruguay,One or more children,2022,National
36.79999923706055,26,,URY,258,29192,331,43348,Uruguay,No children,2022,Rural
35.900001525878906,26,,URY,258,29192,331,43350,Uruguay,Total (with or without children),2022,Rural
31.899999618530273,26,,URY,258,29192,331,43349,Uruguay,One or more children,2022,Rural
35.900001525878906,26,,URY,258,29192,330,43348,Uruguay,No children,2022,Urban
35.70000076293945,26,,URY,258,29192,330,43350,Uruguay,Total (with or without children),2022,Urban
34.900001525878906,26,,URY,258,29192,330,43349,Uruguay,One or more children,2022,Urban
35.599998474121094,26,,URY,258,29193,327,43348,Uruguay,No children,2023,National
35.5,26,,URY,258,29193,327,43350,Uruguay,Total (with or without children),2023,National
34.900001525878906,26,,URY,258,29193,327,43349,Uruguay,One or more children,2023,National
36.79999923706055,26,,URY,258,29193,331,43348,Uruguay,No children,2023,Rural
36.599998474121094,26,,URY,258,29193,331,43350,Uruguay,Total (with or without children),2023,Rural
