value,source_id,notes_ids,iso3,dim_28678,dim_208,dim_144,dim_140773,dim_29117,Age.,Geographical area,Sex__ESTANDAR,Country__ESTANDAR,Years__ESTANDAR
85.5999984741211,26,"86,337",ARG,28680,216,146,140785,29186,36 years and older,Urban,Both sexes,Argentina,2016
83.30000305175781,26,"86,337,13639",ARG,28680,216,265,140785,29186,36 years and older,Urban,Men,Argentina,2016
88,26,"86,337,13639",ARG,28680,216,266,140785,29186,36 years and older,Urban,Women,Argentina,2016
69.19999694824219,26,"86,337",ARG,28680,216,146,140784,29186,Under 36 years old,Urban,Both sexes,Argentina,2016
69.69999694824219,26,"86,337",ARG,28680,216,265,140784,29186,Under 36 years old,Urban,Men,Argentina,2016
68.80000305175781,26,"86,337",ARG,28680,216,266,140784,29186,Under 36 years old,Urban,Women,Argentina,2016
76.30000305175781,26,"86,337",ARG,28680,216,146,140786,29186,Total,Urban,Both sexes,Argentina,2016
75.9000015258789,26,"86,337",ARG,28680,216,265,140786,29186,Total,Urban,Men,Argentina,2016
76.69999694824219,26,"86,337",ARG,28680,216,266,140786,29186,Total,Urban,Women,Argentina,2016
92,26,"86,366",ARG,28680,216,146,140785,29187,36 years and older,Urban,Both sexes,Argentina,2017
93.80000305175781,26,"86,366,13639",ARG,28680,216,265,140785,29187,36 years and older,Urban,Men,Argentina,2017
90.30000305175781,26,"86,366,13639",ARG,28680,216,266,140785,29187,36 years and older,Urban,Women,Argentina,2017
75.5,26,"86,366",ARG,28680,216,146,140784,29187,Under 36 years old,Urban,Both sexes,Argentina,2017
80.9000015258789,26,"86,366",ARG,28680,216,265,140784,29187,Under 36 years old,Urban,Men,Argentina,2017
66.5999984741211,26,"86,366,13639",ARG,28680,216,266,140784,29187,Under 36 years old,Urban,Women,Argentina,2017
83.5999984741211,26,"86,366",ARG,28680,216,146,140786,29187,Total,Urban,Both sexes,Argentina,2017
86.5,26,"86,366",ARG,28680,216,265,140786,29187,Total,Urban,Men,Argentina,2017
79.9000015258789,26,"86,366",ARG,28680,216,266,140786,29187,Total,Urban,Women,Argentina,2017
88.19999694824219,26,"86,366",ARG,28680,216,146,140785,29188,36 years and older,Urban,Both sexes,Argentina,2018
87.69999694824219,26,"86,366,13639",ARG,28680,216,265,140785,29188,36 years and older,Urban,Men,Argentina,2018
88.5999984741211,26,"86,366,13639",ARG,28680,216,266,140785,29188,36 years and older,Urban,Women,Argentina,2018
79.19999694824219,26,"86,366",ARG,28680,216,146,140784,29188,Under 36 years old,Urban,Both sexes,Argentina,2018
82.80000305175781,26,"86,366",ARG,28680,216,265,140784,29188,Under 36 years old,Urban,Men,Argentina,2018
75.5,26,"86,366",ARG,28680,216,266,140784,29188,Under 36 years old,Urban,Women,Argentina,2018
83.4000015258789,26,"86,366",ARG,28680,216,146,140786,29188,Total,Urban,Both sexes,Argentina,2018
85.0999984741211,26,"86,366",ARG,28680,216,265,140786,29188,Total,Urban,Men,Argentina,2018
81.5999984741211,26,"86,366",ARG,28680,216,266,140786,29188,Total,Urban,Women,Argentina,2018
78.4000015258789,26,"86,366",ARG,28680,216,146,140785,29189,36 years and older,Urban,Both sexes,Argentina,2019
77.4000015258789,26,"86,366,13639",ARG,28680,216,265,140785,29189,36 years and older,Urban,Men,Argentina,2019
80,26,"86,366,13639",ARG,28680,216,266,140785,29189,36 years and older,Urban,Women,Argentina,2019
88.80000305175781,26,"86,366",ARG,28680,216,146,140784,29189,Under 36 years old,Urban,Both sexes,Argentina,2019
87.80000305175781,26,"86,366",ARG,28680,216,265,140784,29189,Under 36 years old,Urban,Men,Argentina,2019
90.30000305175781,26,"86,366",ARG,28680,216,266,140784,29189,Under 36 years old,Urban,Women,Argentina,2019
84,26,"86,366",ARG,28680,216,146,140786,29189,Total,Urban,Both sexes,Argentina,2019
83.0999984741211,26,"86,366",ARG,28680,216,265,140786,29189,Total,Urban,Men,Argentina,2019
85.4000015258789,26,"86,366",ARG,28680,216,266,140786,29189,Total,Urban,Women,Argentina,2019
94.19999694824219,26,"86,366,13639",ARG,28680,216,146,140785,29190,36 years and older,Urban,Both sexes,Argentina,2020
93.5,26,"86,366,13639",ARG,28680,216,265,140785,29190,36 years and older,Urban,Men,Argentina,2020
95,26,"86,366,13639",ARG,28680,216,266,140785,29190,36 years and older,Urban,Women,Argentina,2020
82.9000015258789,26,"86,366",ARG,28680,216,146,140784,29190,Under 36 years old,Urban,Both sexes,Argentina,2020
80.5,26,"86,366",ARG,28680,216,265,140784,29190,Under 36 years old,Urban,Men,Argentina,2020
85.19999694824219,26,"86,366",ARG,28680,216,266,140784,29190,Under 36 years old,Urban,Women,Argentina,2020
87.0999984741211,26,"86,366",ARG,28680,216,146,140786,29190,Total,Urban,Both sexes,Argentina,2020
85.4000015258789,26,"86,366",ARG,28680,216,265,140786,29190,Total,Urban,Men,Argentina,2020
88.9000015258789,26,"86,366",ARG,28680,216,266,140786,29190,Total,Urban,Women,Argentina,2020
96,26,"86,366,13639",ARG,28680,216,146,140785,29191,36 years and older,Urban,Both sexes,Argentina,2021
94.5,26,"86,366,13639",ARG,28680,216,265,140785,29191,36 years and older,Urban,Men,Argentina,2021
97.5,26,"86,366,13639",ARG,28680,216,266,140785,29191,36 years and older,Urban,Women,Argentina,2021
80,26,"86,366",ARG,28680,216,146,140784,29191,Under 36 years old,Urban,Both sexes,Argentina,2021
83.69999694824219,26,"86,366",ARG,28680,216,265,140784,29191,Under 36 years old,Urban,Men,Argentina,2021
76.5,26,"86,366",ARG,28680,216,266,140784,29191,Under 36 years old,Urban,Women,Argentina,2021
87,26,"86,366",ARG,28680,216,146,140786,29191,Total,Urban,Both sexes,Argentina,2021
88.5999984741211,26,"86,366",ARG,28680,216,265,140786,29191,Total,Urban,Men,Argentina,2021
85.5,26,"86,366",ARG,28680,216,266,140786,29191,Total,Urban,Women,Argentina,2021
97,26,"86,366,13639",ARG,28680,216,146,140785,29192,36 years and older,Urban,Both sexes,Argentina,2022
94.69999694824219,26,"86,366,13639",ARG,28680,216,265,140785,29192,36 years and older,Urban,Men,Argentina,2022
100,26,"86,366,13639",ARG,28680,216,266,140785,29192,36 years and older,Urban,Women,Argentina,2022
71.19999694824219,26,"86,366",ARG,28680,216,146,140784,29192,Under 36 years old,Urban,Both sexes,Argentina,2022
69.4000015258789,26,"86,366",ARG,28680,216,265,140784,29192,Under 36 years old,Urban,Men,Argentina,2022
73.0999984741211,26,"86,366",ARG,28680,216,266,140784,29192,Under 36 years old,Urban,Women,Argentina,2022
80.9000015258789,26,"86,366",ARG,28680,216,146,140786,29192,Total,Urban,Both sexes,Argentina,2022
79.5999984741211,26,"86,366",ARG,28680,216,265,140786,29192,Total,Urban,Men,Argentina,2022
82.4000015258789,26,"86,366",ARG,28680,216,266,140786,29192,Total,Urban,Women,Argentina,2022
96.5,26,"86,366,13639",ARG,28680,216,146,140785,29193,36 years and older,Urban,Both sexes,Argentina,2023
96.9000015258789,26,"86,366,13639",ARG,28680,216,265,140785,29193,36 years and older,Urban,Men,Argentina,2023
95.9000015258789,26,"86,366,13639",ARG,28680,216,266,140785,29193,36 years and older,Urban,Women,Argentina,2023
78.69999694824219,26,"86,366",ARG,28680,216,146,140784,29193,Under 36 years old,Urban,Both sexes,Argentina,2023
77.19999694824219,26,"86,366",ARG,28680,216,265,140784,29193,Under 36 years old,Urban,Men,Argentina,2023
80.69999694824219,26,"86,366",ARG,28680,216,266,140784,29193,Under 36 years old,Urban,Women,Argentina,2023
86.30000305175781,26,"86,366",ARG,28680,216,146,140786,29193,Total,Urban,Both sexes,Argentina,2023
85.4000015258789,26,"86,366",ARG,28680,216,265,140786,29193,Total,Urban,Men,Argentina,2023
87.5,26,"86,366",ARG,28680,216,266,140786,29193,Total,Urban,Women,Argentina,2023
97,26,"86,366,13639",ARG,28680,216,146,140785,29194,36 years and older,Urban,Both sexes,Argentina,2024
98.69999694824219,26,"86,366,13639",ARG,28680,216,265,140785,29194,36 years and older,Urban,Men,Argentina,2024
94.9000015258789,26,"86,366,13639",ARG,28680,216,266,140785,29194,36 years and older,Urban,Women,Argentina,2024
82.9000015258789,26,"86,366",ARG,28680,216,146,140784,29194,Under 36 years old,Urban,Both sexes,Argentina,2024
81,26,"86,366,13639",ARG,28680,216,265,140784,29194,Under 36 years old,Urban,Men,Argentina,2024
84.9000015258789,26,"86,366,13639",ARG,28680,216,266,140784,29194,Under 36 years old,Urban,Women,Argentina,2024
90.0999984741211,26,"86,366",ARG,28680,216,146,140786,29194,Total,Urban,Both sexes,Argentina,2024
90.30000305175781,26,"86,366",ARG,28680,216,265,140786,29194,Total,Urban,Men,Argentina,2024
89.9000015258789,26,"86,366",ARG,28680,216,266,140786,29194,Total,Urban,Women,Argentina,2024
33.70000076293945,26,13639,BOL,28681,221,146,140785,29179,36 years and older,National,Both sexes,Bolivia (Plurinational State of),2009
37.900001525878906,26,13639,BOL,28681,221,265,140785,29179,36 years and older,National,Men,Bolivia (Plurinational State of),2009
29.700000762939453,26,13639,BOL,28681,221,266,140785,29179,36 years and older,National,Women,Bolivia (Plurinational State of),2009
32,26,,BOL,28681,221,146,140784,29179,Under 36 years old,National,Both sexes,Bolivia (Plurinational State of),2009
34.599998474121094,26,13639,BOL,28681,221,265,140784,29179,Under 36 years old,National,Men,Bolivia (Plurinational State of),2009
29.5,26,13639,BOL,28681,221,266,140784,29179,Under 36 years old,National,Women,Bolivia (Plurinational State of),2009
32.70000076293945,26,,BOL,28681,221,146,140786,29179,Total,National,Both sexes,Bolivia (Plurinational State of),2009
35.79999923706055,26,,BOL,28681,221,265,140786,29179,Total,National,Men,Bolivia (Plurinational State of),2009
29.600000381469727,26,,BOL,28681,221,266,140786,29179,Total,National,Women,Bolivia (Plurinational State of),2009
30.399999618530273,26,13639,BOL,28679,221,146,140785,29179,36 years and older,Rural,Both sexes,Bolivia (Plurinational State of),2009
35.099998474121094,26,13639,BOL,28679,221,265,140785,29179,36 years and older,Rural,Men,Bolivia (Plurinational State of),2009
25.899999618530273,26,13639,BOL,28679,221,266,140785,29179,36 years and older,Rural,Women,Bolivia (Plurinational State of),2009
29.200000762939453,26,,BOL,28679,221,146,140784,29179,Under 36 years old,Rural,Both sexes,Bolivia (Plurinational State of),2009
32.5,26,13639,BOL,28679,221,265,140784,29179,Under 36 years old,Rural,Men,Bolivia (Plurinational State of),2009
25.799999237060547,26,13639,BOL,28679,221,266,140784,29179,Under 36 years old,Rural,Women,Bolivia (Plurinational State of),2009
29.700000762939453,26,,BOL,28679,221,146,140786,29179,Total,Rural,Both sexes,Bolivia (Plurinational State of),2009
33.5,26,13639,BOL,28679,221,265,140786,29179,Total,Rural,Men,Bolivia (Plurinational State of),2009
25.899999618530273,26,13639,BOL,28679,221,266,140786,29179,Total,Rural,Women,Bolivia (Plurinational State of),2009
60,26,13639,BOL,28680,221,146,140785,29179,36 years and older,Urban,Both sexes,Bolivia (Plurinational State of),2009
59.400001525878906,26,13639,BOL,28680,221,265,140785,29179,36 years and older,Urban,Men,Bolivia (Plurinational State of),2009
60.70000076293945,26,13639,BOL,28680,221,266,140785,29179,36 years and older,Urban,Women,Bolivia (Plurinational State of),2009
51.099998474121094,26,13639,BOL,28680,221,146,140784,29179,Under 36 years old,Urban,Both sexes,Bolivia (Plurinational State of),2009
47.70000076293945,26,13639,BOL,28680,221,265,140784,29179,Under 36 years old,Urban,Men,Bolivia (Plurinational State of),2009
54.79999923706055,26,13639,BOL,28680,221,266,140784,29179,Under 36 years old,Urban,Women,Bolivia (Plurinational State of),2009
54.29999923706055,26,13639,BOL,28680,221,146,140786,29179,Total,Urban,Both sexes,Bolivia (Plurinational State of),2009
51.70000076293945,26,13639,BOL,28680,221,265,140786,29179,Total,Urban,Men,Bolivia (Plurinational State of),2009
56.900001525878906,26,13639,BOL,28680,221,266,140786,29179,Total,Urban,Women,Bolivia (Plurinational State of),2009
51.599998474121094,26,,BOL,28681,221,146,140785,29183,36 years and older,National,Both sexes,Bolivia (Plurinational State of),2013
57.599998474121094,26,13639,BOL,28681,221,265,140785,29183,36 years and older,National,Men,Bolivia (Plurinational State of),2013
45.599998474121094,26,13639,BOL,28681,221,266,140785,29183,36 years and older,National,Women,Bolivia (Plurinational State of),2013
46.70000076293945,26,,BOL,28681,221,146,140784,29183,Under 36 years old,National,Both sexes,Bolivia (Plurinational State of),2013
48.099998474121094,26,13639,BOL,28681,221,265,140784,29183,Under 36 years old,National,Men,Bolivia (Plurinational State of),2013
45.29999923706055,26,13639,BOL,28681,221,266,140784,29183,Under 36 years old,National,Women,Bolivia (Plurinational State of),2013
49,26,,BOL,28681,221,146,140786,29183,Total,National,Both sexes,Bolivia (Plurinational State of),2013
52.5,26,,BOL,28681,221,265,140786,29183,Total,National,Men,Bolivia (Plurinational State of),2013
45.5,26,,BOL,28681,221,266,140786,29183,Total,National,Women,Bolivia (Plurinational State of),2013
48.29999923706055,26,,BOL,28679,221,146,140785,29183,36 years and older,Rural,Both sexes,Bolivia (Plurinational State of),2013
55.400001525878906,26,13639,BOL,28679,221,265,140785,29183,36 years and older,Rural,Men,Bolivia (Plurinational State of),2013
41.20000076293945,26,13639,BOL,28679,221,266,140785,29183,36 years and older,Rural,Women,Bolivia (Plurinational State of),2013
42.70000076293945,26,,BOL,28679,221,146,140784,29183,Under 36 years old,Rural,Both sexes,Bolivia (Plurinational State of),2013
44.599998474121094,26,13639,BOL,28679,221,265,140784,29183,Under 36 years old,Rural,Men,Bolivia (Plurinational State of),2013
40.79999923706055,26,13639,BOL,28679,221,266,140784,29183,Under 36 years old,Rural,Women,Bolivia (Plurinational State of),2013
45.29999923706055,26,,BOL,28679,221,146,140786,29183,Total,Rural,Both sexes,Bolivia (Plurinational State of),2013
49.599998474121094,26,,BOL,28679,221,265,140786,29183,Total,Rural,Men,Bolivia (Plurinational State of),2013
41,26,,BOL,28679,221,266,140786,29183,Total,Rural,Women,Bolivia (Plurinational State of),2013
76.30000305175781,26,13639,BOL,28680,221,146,140785,29183,36 years and older,Urban,Both sexes,Bolivia (Plurinational State of),2013
74.5999984741211,26,13639,BOL,28680,221,265,140785,29183,36 years and older,Urban,Men,Bolivia (Plurinational State of),2013
77.9000015258789,26,13639,BOL,28680,221,266,140785,29183,36 years and older,Urban,Women,Bolivia (Plurinational State of),2013
70,26,13639,BOL,28680,221,146,140784,29183,Under 36 years old,Urban,Both sexes,Bolivia (Plurinational State of),2013
69.80000305175781,26,13639,BOL,28680,221,265,140784,29183,Under 36 years old,Urban,Men,Bolivia (Plurinational State of),2013
70.0999984741211,26,13639,BOL,28680,221,266,140784,29183,Under 36 years old,Urban,Women,Bolivia (Plurinational State of),2013
72.5,26,13639,BOL,28680,221,146,140786,29183,Total,Urban,Both sexes,Bolivia (Plurinational State of),2013
71.69999694824219,26,13639,BOL,28680,221,265,140786,29183,Total,Urban,Men,Bolivia (Plurinational State of),2013
73.19999694824219,26,13639,BOL,28680,221,266,140786,29183,Total,Urban,Women,Bolivia (Plurinational State of),2013
57,26,,BOL,28681,221,146,140785,29184,36 years and older,National,Both sexes,Bolivia (Plurinational State of),2014
64.5,26,13639,BOL,28681,221,265,140785,29184,36 years and older,National,Men,Bolivia (Plurinational State of),2014
49.5,26,13639,BOL,28681,221,266,140785,29184,36 years and older,National,Women,Bolivia (Plurinational State of),2014
50,26,,BOL,28681,221,146,140784,29184,Under 36 years old,National,Both sexes,Bolivia (Plurinational State of),2014
51.5,26,13639,BOL,28681,221,265,140784,29184,Under 36 years old,National,Men,Bolivia (Plurinational State of),2014
48.5,26,13639,BOL,28681,221,266,140784,29184,Under 36 years old,National,Women,Bolivia (Plurinational State of),2014
53.099998474121094,26,,BOL,28681,221,146,140786,29184,Total,National,Both sexes,Bolivia (Plurinational State of),2014
57.20000076293945,26,,BOL,28681,221,265,140786,29184,Total,National,Men,Bolivia (Plurinational State of),2014
48.900001525878906,26,,BOL,28681,221,266,140786,29184,Total,National,Women,Bolivia (Plurinational State of),2014
54,26,,BOL,28679,221,146,140785,29184,36 years and older,Rural,Both sexes,Bolivia (Plurinational State of),2014
61.5,26,13639,BOL,28679,221,265,140785,29184,36 years and older,Rural,Men,Bolivia (Plurinational State of),2014
46.5,26,13639,BOL,28679,221,266,140785,29184,36 years and older,Rural,Women,Bolivia (Plurinational State of),2014
46.20000076293945,26,,BOL,28679,221,146,140784,29184,Under 36 years old,Rural,Both sexes,Bolivia (Plurinational State of),2014
48,26,13639,BOL,28679,221,265,140784,29184,Under 36 years old,Rural,Men,Bolivia (Plurinational State of),2014
44.29999923706055,26,13639,BOL,28679,221,266,140784,29184,Under 36 years old,Rural,Women,Bolivia (Plurinational State of),2014
49.70000076293945,26,,BOL,28679,221,146,140786,29184,Total,Rural,Both sexes,Bolivia (Plurinational State of),2014
54,26,,BOL,28679,221,265,140786,29184,Total,Rural,Men,Bolivia (Plurinational State of),2014
45.29999923706055,26,,BOL,28679,221,266,140786,29184,Total,Rural,Women,Bolivia (Plurinational State of),2014
81.4000015258789,26,13639,BOL,28680,221,146,140785,29184,36 years and older,Urban,Both sexes,Bolivia (Plurinational State of),2014
87.69999694824219,26,13639,BOL,28680,221,265,140785,29184,36 years and older,Urban,Men,Bolivia (Plurinational State of),2014
74.4000015258789,26,13639,BOL,28680,221,266,140785,29184,36 years and older,Urban,Women,Bolivia (Plurinational State of),2014
72.30000305175781,26,13639,BOL,28680,221,146,140784,29184,Under 36 years old,Urban,Both sexes,Bolivia (Plurinational State of),2014
72.0999984741211,26,13639,BOL,28680,221,265,140784,29184,Under 36 years old,Urban,Men,Bolivia (Plurinational State of),2014
72.5999984741211,26,13639,BOL,28680,221,266,140784,29184,Under 36 years old,Urban,Women,Bolivia (Plurinational State of),2014
75.69999694824219,26,13639,BOL,28680,221,146,140786,29184,Total,Urban,Both sexes,Bolivia (Plurinational State of),2014
77.9000015258789,26,13639,BOL,28680,221,265,140786,29184,Total,Urban,Men,Bolivia (Plurinational State of),2014
73.30000305175781,26,13639,BOL,28680,221,266,140786,29184,Total,Urban,Women,Bolivia (Plurinational State of),2014
59.29999923706055,26,,BOL,28681,221,146,140785,29185,36 years and older,National,Both sexes,Bolivia (Plurinational State of),2015
65.9000015258789,26,13639,BOL,28681,221,265,140785,29185,36 years and older,National,Men,Bolivia (Plurinational State of),2015
52.400001525878906,26,13639,BOL,28681,221,266,140785,29185,36 years and older,National,Women,Bolivia (Plurinational State of),2015
49.599998474121094,26,,BOL,28681,221,146,140784,29185,Under 36 years old,National,Both sexes,Bolivia (Plurinational State of),2015
51.099998474121094,26,13639,BOL,28681,221,265,140784,29185,Under 36 years old,National,Men,Bolivia (Plurinational State of),2015
48,26,13639,BOL,28681,221,266,140784,29185,Under 36 years old,National,Women,Bolivia (Plurinational State of),2015
54,26,,BOL,28681,221,146,140786,29185,Total,National,Both sexes,Bolivia (Plurinational State of),2015
57.900001525878906,26,,BOL,28681,221,265,140786,29185,Total,National,Men,Bolivia (Plurinational State of),2015
50,26,,BOL,28681,221,266,140786,29185,Total,National,Women,Bolivia (Plurinational State of),2015
57.5,26,13639,BOL,28679,221,146,140785,29185,36 years and older,Rural,Both sexes,Bolivia (Plurinational State of),2015
64.5,26,13639,BOL,28679,221,265,140785,29185,36 years and older,Rural,Men,Bolivia (Plurinational State of),2015
50.29999923706055,26,13639,BOL,28679,221,266,140785,29185,36 years and older,Rural,Women,Bolivia (Plurinational State of),2015
46.20000076293945,26,,BOL,28679,221,146,140784,29185,Under 36 years old,Rural,Both sexes,Bolivia (Plurinational State of),2015
48.099998474121094,26,13639,BOL,28679,221,265,140784,29185,Under 36 years old,Rural,Men,Bolivia (Plurinational State of),2015
44.099998474121094,26,13639,BOL,28679,221,266,140784,29185,Under 36 years old,Rural,Women,Bolivia (Plurinational State of),2015
51.400001525878906,26,,BOL,28679,221,146,140786,29185,Total,Rural,Both sexes,Bolivia (Plurinational State of),2015
55.70000076293945,26,,BOL,28679,221,265,140786,29185,Total,Rural,Men,Bolivia (Plurinational State of),2015
47,26,,BOL,28679,221,266,140786,29185,Total,Rural,Women,Bolivia (Plurinational State of),2015
71,26,13639,BOL,28680,221,146,140785,29185,36 years and older,Urban,Both sexes,Bolivia (Plurinational State of),2015
75.5,26,13639,BOL,28680,221,265,140785,29185,36 years and older,Urban,Men,Bolivia (Plurinational State of),2015
66.30000305175781,26,13639,BOL,28680,221,266,140785,29185,36 years and older,Urban,Women,Bolivia (Plurinational State of),2015
68.30000305175781,26,13639,BOL,28680,221,146,140784,29185,Under 36 years old,Urban,Both sexes,Bolivia (Plurinational State of),2015
68.4000015258789,26,13639,BOL,28680,221,265,140784,29185,Under 36 years old,Urban,Men,Bolivia (Plurinational State of),2015
68.30000305175781,26,13639,BOL,28680,221,266,140784,29185,Under 36 years old,Urban,Women,Bolivia (Plurinational State of),2015
69.4000015258789,26,13639,BOL,28680,221,146,140786,29185,Total,Urban,Both sexes,Bolivia (Plurinational State of),2015
71.4000015258789,26,13639,BOL,28680,221,265,140786,29185,Total,Urban,Men,Bolivia (Plurinational State of),2015
67.5,26,13639,BOL,28680,221,266,140786,29185,Total,Urban,Women,Bolivia (Plurinational State of),2015
57.79999923706055,26,,BOL,28681,221,146,140785,29186,36 years and older,National,Both sexes,Bolivia (Plurinational State of),2016
65.80000305175781,26,13639,BOL,28681,221,265,140785,29186,36 years and older,National,Men,Bolivia (Plurinational State of),2016
49.79999923706055,26,13639,BOL,28681,221,266,140785,29186,36 years and older,National,Women,Bolivia (Plurinational State of),2016
46,26,,BOL,28681,221,146,140784,29186,Under 36 years old,National,Both sexes,Bolivia (Plurinational State of),2016
49.099998474121094,26,13639,BOL,28681,221,265,140784,29186,Under 36 years old,National,Men,Bolivia (Plurinational State of),2016
42.900001525878906,26,13639,BOL,28681,221,266,140784,29186,Under 36 years old,National,Women,Bolivia (Plurinational State of),2016
51.400001525878906,26,,BOL,28681,221,146,140786,29186,Total,National,Both sexes,Bolivia (Plurinational State of),2016
56.70000076293945,26,,BOL,28681,221,265,140786,29186,Total,National,Men,Bolivia (Plurinational State of),2016
46,26,,BOL,28681,221,266,140786,29186,Total,National,Women,Bolivia (Plurinational State of),2016
55.400001525878906,26,,BOL,28679,221,146,140785,29186,36 years and older,Rural,Both sexes,Bolivia (Plurinational State of),2016
63.70000076293945,26,13639,BOL,28679,221,265,140785,29186,36 years and older,Rural,Men,Bolivia (Plurinational State of),2016
47.099998474121094,26,13639,BOL,28679,221,266,140785,29186,36 years and older,Rural,Women,Bolivia (Plurinational State of),2016
42.5,26,,BOL,28679,221,146,140784,29186,Under 36 years old,Rural,Both sexes,Bolivia (Plurinational State of),2016
45.400001525878906,26,13639,BOL,28679,221,265,140784,29186,Under 36 years old,Rural,Men,Bolivia (Plurinational State of),2016
39.599998474121094,26,13639,BOL,28679,221,266,140784,29186,Under 36 years old,Rural,Women,Bolivia (Plurinational State of),2016
48.5,26,,BOL,28679,221,146,140786,29186,Total,Rural,Both sexes,Bolivia (Plurinational State of),2016
53.79999923706055,26,,BOL,28679,221,265,140786,29186,Total,Rural,Men,Bolivia (Plurinational State of),2016
43.099998474121094,26,,BOL,28679,221,266,140786,29186,Total,Rural,Women,Bolivia (Plurinational State of),2016
78,26,13639,BOL,28680,221,146,140785,29186,36 years and older,Urban,Both sexes,Bolivia (Plurinational State of),2016
82.30000305175781,26,13639,BOL,28680,221,265,140785,29186,36 years and older,Urban,Men,Bolivia (Plurinational State of),2016
73.19999694824219,26,13639,BOL,28680,221,266,140785,29186,36 years and older,Urban,Women,Bolivia (Plurinational State of),2016
70.19999694824219,26,13639,BOL,28680,221,146,140784,29186,Under 36 years old,Urban,Both sexes,Bolivia (Plurinational State of),2016
74.69999694824219,26,13639,BOL,28680,221,265,140784,29186,Under 36 years old,Urban,Men,Bolivia (Plurinational State of),2016
65.5,26,13639,BOL,28680,221,266,140784,29186,Under 36 years old,Urban,Women,Bolivia (Plurinational State of),2016
73.4000015258789,26,13639,BOL,28680,221,146,140786,29186,Total,Urban,Both sexes,Bolivia (Plurinational State of),2016
77.9000015258789,26,13639,BOL,28680,221,265,140786,29186,Total,Urban,Men,Bolivia (Plurinational State of),2016
68.5999984741211,26,13639,BOL,28680,221,266,140786,29186,Total,Urban,Women,Bolivia (Plurinational State of),2016
51.79999923706055,26,,BOL,28681,221,146,140785,29187,36 years and older,National,Both sexes,Bolivia (Plurinational State of),2017
59.79999923706055,26,13639,BOL,28681,221,265,140785,29187,36 years and older,National,Men,Bolivia (Plurinational State of),2017
43.400001525878906,26,13639,BOL,28681,221,266,140785,29187,36 years and older,National,Women,Bolivia (Plurinational State of),2017
44.29999923706055,26,,BOL,28681,221,146,140784,29187,Under 36 years old,National,Both sexes,Bolivia (Plurinational State of),2017
48,26,13639,BOL,28681,221,265,140784,29187,Under 36 years old,National,Men,Bolivia (Plurinational State of),2017
40.599998474121094,26,13639,BOL,28681,221,266,140784,29187,Under 36 years old,National,Women,Bolivia (Plurinational State of),2017
48,26,,BOL,28681,221,146,140786,29187,Total,National,Both sexes,Bolivia (Plurinational State of),2017
53.900001525878906,26,,BOL,28681,221,265,140786,29187,Total,National,Men,Bolivia (Plurinational State of),2017
42,26,,BOL,28681,221,266,140786,29187,Total,National,Women,Bolivia (Plurinational State of),2017
49.70000076293945,26,,BOL,28679,221,146,140785,29187,36 years and older,Rural,Both sexes,Bolivia (Plurinational State of),2017
58.400001525878906,26,13639,BOL,28679,221,265,140785,29187,36 years and older,Rural,Men,Bolivia (Plurinational State of),2017
40.400001525878906,26,13639,BOL,28679,221,266,140785,29187,36 years and older,Rural,Women,Bolivia (Plurinational State of),2017
41.70000076293945,26,,BOL,28679,221,146,140784,29187,Under 36 years old,Rural,Both sexes,Bolivia (Plurinational State of),2017
45.29999923706055,26,13639,BOL,28679,221,265,140784,29187,Under 36 years old,Rural,Men,Bolivia (Plurinational State of),2017
38.20000076293945,26,13639,BOL,28679,221,266,140784,29187,Under 36 years old,Rural,Women,Bolivia (Plurinational State of),2017
45.79999923706055,26,,BOL,28679,221,146,140786,29187,Total,Rural,Both sexes,Bolivia (Plurinational State of),2017
52,26,,BOL,28679,221,265,140786,29187,Total,Rural,Men,Bolivia (Plurinational State of),2017
39.29999923706055,26,,BOL,28679,221,266,140786,29187,Total,Rural,Women,Bolivia (Plurinational State of),2017
73.4000015258789,26,13639,BOL,28680,221,146,140785,29187,36 years and older,Urban,Both sexes,Bolivia (Plurinational State of),2017
74.4000015258789,26,13639,BOL,28680,221,265,140785,29187,36 years and older,Urban,Men,Bolivia (Plurinational State of),2017
72.4000015258789,26,13639,BOL,28680,221,266,140785,29187,36 years and older,Urban,Women,Bolivia (Plurinational State of),2017
61.20000076293945,26,13639,BOL,28680,221,146,140784,29187,Under 36 years old,Urban,Both sexes,Bolivia (Plurinational State of),2017
66.30000305175781,26,13639,BOL,28680,221,265,140784,29187,Under 36 years old,Urban,Men,Bolivia (Plurinational State of),2017
56.400001525878906,26,13639,BOL,28680,221,266,140784,29187,Under 36 years old,Urban,Women,Bolivia (Plurinational State of),2017
66.19999694824219,26,13639,BOL,28680,221,146,140786,29187,Total,Urban,Both sexes,Bolivia (Plurinational State of),2017
69.69999694824219,26,13639,BOL,28680,221,265,140786,29187,Total,Urban,Men,Bolivia (Plurinational State of),2017
62.79999923706055,26,13639,BOL,28680,221,266,140786,29187,Total,Urban,Women,Bolivia (Plurinational State of),2017
57,26,,BOL,28681,221,146,140785,29188,36 years and older,National,Both sexes,Bolivia (Plurinational State of),2018
68.9000015258789,26,13639,BOL,28681,221,265,140785,29188,36 years and older,National,Men,Bolivia (Plurinational State of),2018
44.79999923706055,26,13639,BOL,28681,221,266,140785,29188,36 years and older,National,Women,Bolivia (Plurinational State of),2018
47,26,,BOL,28681,221,146,140784,29188,Under 36 years old,National,Both sexes,Bolivia (Plurinational State of),2018
50.599998474121094,26,13639,BOL,28681,221,265,140784,29188,Under 36 years old,National,Men,Bolivia (Plurinational State of),2018
43.20000076293945,26,13639,BOL,28681,221,266,140784,29188,Under 36 years old,National,Women,Bolivia (Plurinational State of),2018
51.900001525878906,26,,BOL,28681,221,146,140786,29188,Total,National,Both sexes,Bolivia (Plurinational State of),2018
59.599998474121094,26,,BOL,28681,221,265,140786,29188,Total,National,Men,Bolivia (Plurinational State of),2018
44,26,,BOL,28681,221,266,140786,29188,Total,National,Women,Bolivia (Plurinational State of),2018
54.79999923706055,26,,BOL,28679,221,146,140785,29188,36 years and older,Rural,Both sexes,Bolivia (Plurinational State of),2018
67.30000305175781,26,13639,BOL,28679,221,265,140785,29188,36 years and older,Rural,Men,Bolivia (Plurinational State of),2018
42,26,13639,BOL,28679,221,266,140785,29188,36 years and older,Rural,Women,Bolivia (Plurinational State of),2018
44.20000076293945,26,,BOL,28679,221,146,140784,29188,Under 36 years old,Rural,Both sexes,Bolivia (Plurinational State of),2018
48.400001525878906,26,13639,BOL,28679,221,265,140784,29188,Under 36 years old,Rural,Men,Bolivia (Plurinational State of),2018
39.900001525878906,26,13639,BOL,28679,221,266,140784,29188,Under 36 years old,Rural,Women,Bolivia (Plurinational State of),2018
49.599998474121094,26,,BOL,28679,221,146,140786,29188,Total,Rural,Both sexes,Bolivia (Plurinational State of),2018
58,26,,BOL,28679,221,265,140786,29188,Total,Rural,Men,Bolivia (Plurinational State of),2018
41,26,,BOL,28679,221,266,140786,29188,Total,Rural,Women,Bolivia (Plurinational State of),2018
77,26,13639,BOL,28680,221,146,140785,29188,36 years and older,Urban,Both sexes,Bolivia (Plurinational State of),2018
82.5,26,13639,BOL,28680,221,265,140785,29188,36 years and older,Urban,Men,Bolivia (Plurinational State of),2018
70.80000305175781,26,13639,BOL,28680,221,266,140785,29188,36 years and older,Urban,Women,Bolivia (Plurinational State of),2018
63.400001525878906,26,13639,BOL,28680,221,146,140784,29188,Under 36 years old,Urban,Both sexes,Bolivia (Plurinational State of),2018
63.5,26,13639,BOL,28680,221,265,140784,29188,Under 36 years old,Urban,Men,Bolivia (Plurinational State of),2018
63.20000076293945,26,13639,BOL,28680,221,266,140784,29188,Under 36 years old,Urban,Women,Bolivia (Plurinational State of),2018
68.9000015258789,26,13639,BOL,28680,221,146,140786,29188,Total,Urban,Both sexes,Bolivia (Plurinational State of),2018
71.30000305175781,26,13639,BOL,28680,221,265,140786,29188,Total,Urban,Men,Bolivia (Plurinational State of),2018
66.30000305175781,26,13639,BOL,28680,221,266,140786,29188,Total,Urban,Women,Bolivia (Plurinational State of),2018
59.70000076293945,26,,BOL,28681,221,146,140785,29189,36 years and older,National,Both sexes,Bolivia (Plurinational State of),2019
68.30000305175781,26,13639,BOL,28681,221,265,140785,29189,36 years and older,National,Men,Bolivia (Plurinational State of),2019
51.29999923706055,26,13639,BOL,28681,221,266,140785,29189,36 years and older,National,Women,Bolivia (Plurinational State of),2019
45,26,,BOL,28681,221,146,140784,29189,Under 36 years old,National,Both sexes,Bolivia (Plurinational State of),2019
46.900001525878906,26,13639,BOL,28681,221,265,140784,29189,Under 36 years old,National,Men,Bolivia (Plurinational State of),2019
43.20000076293945,26,13639,BOL,28681,221,266,140784,29189,Under 36 years old,National,Women,Bolivia (Plurinational State of),2019
51.900001525878906,26,,BOL,28681,221,146,140786,29189,Total,National,Both sexes,Bolivia (Plurinational State of),2019
56.900001525878906,26,,BOL,28681,221,265,140786,29189,Total,National,Men,Bolivia (Plurinational State of),2019
47,26,,BOL,28681,221,266,140786,29189,Total,National,Women,Bolivia (Plurinational State of),2019
57.400001525878906,26,,BOL,28679,221,146,140785,29189,36 years and older,Rural,Both sexes,Bolivia (Plurinational State of),2019
66.30000305175781,26,13639,BOL,28679,221,265,140785,29189,36 years and older,Rural,Men,Bolivia (Plurinational State of),2019
48.900001525878906,26,13639,BOL,28679,221,266,140785,29189,36 years and older,Rural,Women,Bolivia (Plurinational State of),2019
42.20000076293945,26,,BOL,28679,221,146,140784,29189,Under 36 years old,Rural,Both sexes,Bolivia (Plurinational State of),2019
44.70000076293945,26,13639,BOL,28679,221,265,140784,29189,Under 36 years old,Rural,Men,Bolivia (Plurinational State of),2019
39.70000076293945,26,13639,BOL,28679,221,266,140784,29189,Under 36 years old,Rural,Women,Bolivia (Plurinational State of),2019
49.5,26,,BOL,28679,221,146,140786,29189,Total,Rural,Both sexes,Bolivia (Plurinational State of),2019
54.900001525878906,26,,BOL,28679,221,265,140786,29189,Total,Rural,Men,Bolivia (Plurinational State of),2019
44.099998474121094,26,,BOL,28679,221,266,140786,29189,Total,Rural,Women,Bolivia (Plurinational State of),2019
81,26,13639,BOL,28680,221,146,140785,29189,36 years and older,Urban,Both sexes,Bolivia (Plurinational State of),2019
85.69999694824219,26,13639,BOL,28680,221,265,140785,29189,36 years and older,Urban,Men,Bolivia (Plurinational State of),2019
75.69999694824219,26,13639,BOL,28680,221,266,140785,29189,36 years and older,Urban,Women,Bolivia (Plurinational State of),2019
64.19999694824219,26,13639,BOL,28680,221,146,140784,29189,Under 36 years old,Urban,Both sexes,Bolivia (Plurinational State of),2019
62.099998474121094,26,13639,BOL,28680,221,265,140784,29189,Under 36 years old,Urban,Men,Bolivia (Plurinational State of),2019
66.0999984741211,26,13639,BOL,28680,221,266,140784,29189,Under 36 years old,Urban,Women,Bolivia (Plurinational State of),2019
70.9000015258789,26,13639,BOL,28680,221,146,140786,29189,Total,Urban,Both sexes,Bolivia (Plurinational State of),2019
72.0999984741211,26,13639,BOL,28680,221,265,140786,29189,Total,Urban,Men,Bolivia (Plurinational State of),2019
69.69999694824219,26,13639,BOL,28680,221,266,140786,29189,Total,Urban,Women,Bolivia (Plurinational State of),2019
62.29999923706055,26,,BOL,28681,221,146,140785,29190,36 years and older,National,Both sexes,Bolivia (Plurinational State of),2020
73.69999694824219,26,13639,BOL,28681,221,265,140785,29190,36 years and older,National,Men,Bolivia (Plurinational State of),2020
50.400001525878906,26,13639,BOL,28681,221,266,140785,29190,36 years and older,National,Women,Bolivia (Plurinational State of),2020
58.599998474121094,26,,BOL,28681,221,146,140784,29190,Under 36 years old,National,Both sexes,Bolivia (Plurinational State of),2020
62.400001525878906,26,13639,BOL,28681,221,265,140784,29190,Under 36 years old,National,Men,Bolivia (Plurinational State of),2020
54.900001525878906,26,13639,BOL,28681,221,266,140784,29190,Under 36 years old,National,Women,Bolivia (Plurinational State of),2020
60.5,26,,BOL,28681,221,146,140786,29190,Total,National,Both sexes,Bolivia (Plurinational State of),2020
68.0999984741211,26,,BOL,28681,221,265,140786,29190,Total,National,Men,Bolivia (Plurinational State of),2020
52.70000076293945,26,,BOL,28681,221,266,140786,29190,Total,National,Women,Bolivia (Plurinational State of),2020
60.900001525878906,26,,BOL,28679,221,146,140785,29190,36 years and older,Rural,Both sexes,Bolivia (Plurinational State of),2020
73.0999984741211,26,13639,BOL,28679,221,265,140785,29190,36 years and older,Rural,Men,Bolivia (Plurinational State of),2020
48.29999923706055,26,13639,BOL,28679,221,266,140785,29190,36 years and older,Rural,Women,Bolivia (Plurinational State of),2020
56.5,26,,BOL,28679,221,146,140784,29190,Under 36 years old,Rural,Both sexes,Bolivia (Plurinational State of),2020
60.79999923706055,26,13639,BOL,28679,221,265,140784,29190,Under 36 years old,Rural,Men,Bolivia (Plurinational State of),2020
52.099998474121094,26,13639,BOL,28679,221,266,140784,29190,Under 36 years old,Rural,Women,Bolivia (Plurinational State of),2020
58.70000076293945,26,,BOL,28679,221,146,140786,29190,Total,Rural,Both sexes,Bolivia (Plurinational State of),2020
67.0999984741211,26,,BOL,28679,221,265,140786,29190,Total,Rural,Men,Bolivia (Plurinational State of),2020
50.20000076293945,26,,BOL,28679,221,266,140786,29190,Total,Rural,Women,Bolivia (Plurinational State of),2020
79.4000015258789,26,13639,BOL,28680,221,146,140785,29190,36 years and older,Urban,Both sexes,Bolivia (Plurinational State of),2020
81.4000015258789,26,13639,BOL,28680,221,265,140785,29190,36 years and older,Urban,Men,Bolivia (Plurinational State of),2020
77.19999694824219,26,13639,BOL,28680,221,266,140785,29190,36 years and older,Urban,Women,Bolivia (Plurinational State of),2020
77,26,13639,BOL,28680,221,146,140784,29190,Under 36 years old,Urban,Both sexes,Bolivia (Plurinational State of),2020
75.5999984741211,26,13639,BOL,28680,221,265,140784,29190,Under 36 years old,Urban,Men,Bolivia (Plurinational State of),2020
78.4000015258789,26,13639,BOL,28680,221,266,140784,29190,Under 36 years old,Urban,Women,Bolivia (Plurinational State of),2020
78,26,13639,BOL,28680,221,146,140786,29190,Total,Urban,Both sexes,Bolivia (Plurinational State of),2020
78.0999984741211,26,13639,BOL,28680,221,265,140786,29190,Total,Urban,Men,Bolivia (Plurinational State of),2020
77.9000015258789,26,13639,BOL,28680,221,266,140786,29190,Total,Urban,Women,Bolivia (Plurinational State of),2020
67.0999984741211,26,,BOL,28681,221,146,140785,29191,36 years and older,National,Both sexes,Bolivia (Plurinational State of),2021
76.80000305175781,26,13639,BOL,28681,221,265,140785,29191,36 years and older,National,Men,Bolivia (Plurinational State of),2021
57.400001525878906,26,13639,BOL,28681,221,266,140785,29191,36 years and older,National,Women,Bolivia (Plurinational State of),2021
60.400001525878906,26,,BOL,28681,221,146,140784,29191,Under 36 years old,National,Both sexes,Bolivia (Plurinational State of),2021
63.400001525878906,26,13639,BOL,28681,221,265,140784,29191,Under 36 years old,National,Men,Bolivia (Plurinational State of),2021
57.400001525878906,26,13639,BOL,28681,221,266,140784,29191,Under 36 years old,National,Women,Bolivia (Plurinational State of),2021
63.5,26,,BOL,28681,221,146,140786,29191,Total,National,Both sexes,Bolivia (Plurinational State of),2021
69.5999984741211,26,,BOL,28681,221,265,140786,29191,Total,National,Men,Bolivia (Plurinational State of),2021
57.400001525878906,26,,BOL,28681,221,266,140786,29191,Total,National,Women,Bolivia (Plurinational State of),2021
65.19999694824219,26,,BOL,28679,221,146,140785,29191,36 years and older,Rural,Both sexes,Bolivia (Plurinational State of),2021
75.4000015258789,26,13639,BOL,28679,221,265,140785,29191,36 years and older,Rural,Men,Bolivia (Plurinational State of),2021
55.099998474121094,26,13639,BOL,28679,221,266,140785,29191,36 years and older,Rural,Women,Bolivia (Plurinational State of),2021
57.5,26,,BOL,28679,221,146,140784,29191,Under 36 years old,Rural,Both sexes,Bolivia (Plurinational State of),2021
60.900001525878906,26,13639,BOL,28679,221,265,140784,29191,Under 36 years old,Rural,Men,Bolivia (Plurinational State of),2021
54.099998474121094,26,13639,BOL,28679,221,266,140784,29191,Under 36 years old,Rural,Women,Bolivia (Plurinational State of),2021
61.20000076293945,26,,BOL,28679,221,146,140786,29191,Total,Rural,Both sexes,Bolivia (Plurinational State of),2021
67.80000305175781,26,,BOL,28679,221,265,140786,29191,Total,Rural,Men,Bolivia (Plurinational State of),2021
54.599998474121094,26,,BOL,28679,221,266,140786,29191,Total,Rural,Women,Bolivia (Plurinational State of),2021
83.9000015258789,26,13639,BOL,28680,221,146,140785,29191,36 years and older,Urban,Both sexes,Bolivia (Plurinational State of),2021
88.5999984741211,26,13639,BOL,28680,221,265,140785,29191,36 years and older,Urban,Men,Bolivia (Plurinational State of),2021
78.9000015258789,26,13639,BOL,28680,221,266,140785,29191,36 years and older,Urban,Women,Bolivia (Plurinational State of),2021
78.80000305175781,26,13639,BOL,28680,221,146,140784,29191,Under 36 years old,Urban,Both sexes,Bolivia (Plurinational State of),2021
78.5999984741211,26,13639,BOL,28680,221,265,140784,29191,Under 36 years old,Urban,Men,Bolivia (Plurinational State of),2021
78.9000015258789,26,13639,BOL,28680,221,266,140784,29191,Under 36 years old,Urban,Women,Bolivia (Plurinational State of),2021
80.80000305175781,26,13639,BOL,28680,221,146,140786,29191,Total,Urban,Both sexes,Bolivia (Plurinational State of),2021
82.5,26,13639,BOL,28680,221,265,140786,29191,Total,Urban,Men,Bolivia (Plurinational State of),2021
78.9000015258789,26,13639,BOL,28680,221,266,140786,29191,Total,Urban,Women,Bolivia (Plurinational State of),2021
68.69999694824219,26,,BOL,28681,221,146,140785,29192,36 years and older,National,Both sexes,Bolivia (Plurinational State of),2022
75.5999984741211,26,13639,BOL,28681,221,265,140785,29192,36 years and older,National,Men,Bolivia (Plurinational State of),2022
61.20000076293945,26,13639,BOL,28681,221,266,140785,29192,36 years and older,National,Women,Bolivia (Plurinational State of),2022
56,26,,BOL,28681,221,146,140784,29192,Under 36 years old,National,Both sexes,Bolivia (Plurinational State of),2022
58.29999923706055,26,13639,BOL,28681,221,265,140784,29192,Under 36 years old,National,Men,Bolivia (Plurinational State of),2022
53.5,26,13639,BOL,28681,221,266,140784,29192,Under 36 years old,National,Women,Bolivia (Plurinational State of),2022
61.79999923706055,26,,BOL,28681,221,146,140786,29192,Total,National,Both sexes,Bolivia (Plurinational State of),2022
66.30000305175781,26,,BOL,28681,221,265,140786,29192,Total,National,Men,Bolivia (Plurinational State of),2022
57.099998474121094,26,,BOL,28681,221,266,140786,29192,Total,National,Women,Bolivia (Plurinational State of),2022
66.69999694824219,26,,BOL,28679,221,146,140785,29192,36 years and older,Rural,Both sexes,Bolivia (Plurinational State of),2022
74,26,13639,BOL,28679,221,265,140785,29192,36 years and older,Rural,Men,Bolivia (Plurinational State of),2022
58.900001525878906,26,13639,BOL,28679,221,266,140785,29192,36 years and older,Rural,Women,Bolivia (Plurinational State of),2022
53.599998474121094,26,,BOL,28679,221,146,140784,29192,Under 36 years old,Rural,Both sexes,Bolivia (Plurinational State of),2022
56.20000076293945,26,13639,BOL,28679,221,265,140784,29192,Under 36 years old,Rural,Men,Bolivia (Plurinational State of),2022
50.79999923706055,26,13639,BOL,28679,221,266,140784,29192,Under 36 years old,Rural,Women,Bolivia (Plurinational State of),2022
59.70000076293945,26,,BOL,28679,221,146,140786,29192,Total,Rural,Both sexes,Bolivia (Plurinational State of),2022
64.4000015258789,26,,BOL,28679,221,265,140786,29192,Total,Rural,Men,Bolivia (Plurinational State of),2022
54.5,26,,BOL,28679,221,266,140786,29192,Total,Rural,Women,Bolivia (Plurinational State of),2022
84.5999984741211,26,13639,BOL,28680,221,146,140785,29192,36 years and older,Urban,Both sexes,Bolivia (Plurinational State of),2022
89.0999984741211,26,13639,BOL,28680,221,265,140785,29192,36 years and older,Urban,Men,Bolivia (Plurinational State of),2022
79.9000015258789,26,13639,BOL,28680,221,266,140785,29192,36 years and older,Urban,Women,Bolivia (Plurinational State of),2022
73.30000305175781,26,13639,BOL,28680,221,146,140784,29192,Under 36 years old,Urban,Both sexes,Bolivia (Plurinational State of),2022
75,26,13639,BOL,28680,221,265,140784,29192,Under 36 years old,Urban,Men,Bolivia (Plurinational State of),2022
71.80000305175781,26,13639,BOL,28680,221,266,140784,29192,Under 36 years old,Urban,Women,Bolivia (Plurinational State of),2022
78.30000305175781,26,13639,BOL,28680,221,146,140786,29192,Total,Urban,Both sexes,Bolivia (Plurinational State of),2022
81.5,26,13639,BOL,28680,221,265,140786,29192,Total,Urban,Men,Bolivia (Plurinational State of),2022
75.19999694824219,26,13639,BOL,28680,221,266,140786,29192,Total,Urban,Women,Bolivia (Plurinational State of),2022
67.5999984741211,26,,BOL,28681,221,146,140785,29193,36 years and older,National,Both sexes,Bolivia (Plurinational State of),2023
75,26,13639,BOL,28681,221,265,140785,29193,36 years and older,National,Men,Bolivia (Plurinational State of),2023
60.20000076293945,26,13639,BOL,28681,221,266,140785,29193,36 years and older,National,Women,Bolivia (Plurinational State of),2023
61.20000076293945,26,,BOL,28681,221,146,140784,29193,Under 36 years old,National,Both sexes,Bolivia (Plurinational State of),2023
62,26,13639,BOL,28681,221,265,140784,29193,Under 36 years old,National,Men,Bolivia (Plurinational State of),2023
60.5,26,13639,BOL,28681,221,266,140784,29193,Under 36 years old,National,Women,Bolivia (Plurinational State of),2023
40.099998474121094,26,8608,BRA,28679,222,265,140785,29181,36 years and older,Rural,Men,Brazil,2011
34.20000076293945,26,8608,BRA,28679,222,266,140785,29181,36 years and older,Rural,Women,Brazil,2011
35.099998474121094,26,8608,BRA,28679,222,146,140784,29181,Under 36 years old,Rural,Both sexes,Brazil,2011
34.5,26,8608,BRA,28679,222,265,140784,29181,Under 36 years old,Rural,Men,Brazil,2011
35.70000076293945,26,8608,BRA,28679,222,266,140784,29181,Under 36 years old,Rural,Women,Brazil,2011
36.20000076293945,26,8608,BRA,28679,222,146,140786,29181,Total,Rural,Both sexes,Brazil,2011
37.20000076293945,26,8608,BRA,28679,222,265,140786,29181,Total,Rural,Men,Brazil,2011
35,26,8608,BRA,28679,222,266,140786,29181,Total,Rural,Women,Brazil,2011
55.79999923706055,26,8608,BRA,28680,222,146,140785,29181,36 years and older,Urban,Both sexes,Brazil,2011
56.5,26,8608,BRA,28680,222,265,140785,29181,36 years and older,Urban,Men,Brazil,2011
55.20000076293945,26,8608,BRA,28680,222,266,140785,29181,36 years and older,Urban,Women,Brazil,2011
59.599998474121094,26,8608,BRA,28680,222,146,140784,29181,Under 36 years old,Urban,Both sexes,Brazil,2011
56.099998474121094,26,8608,BRA,28680,222,265,140784,29181,Under 36 years old,Urban,Men,Brazil,2011
63.20000076293945,26,8608,BRA,28680,222,266,140784,29181,Under 36 years old,Urban,Women,Brazil,2011
57.70000076293945,26,8608,BRA,28680,222,146,140786,29181,Total,Urban,Both sexes,Brazil,2011
56.29999923706055,26,8608,BRA,28680,222,265,140786,29181,Total,Urban,Men,Brazil,2011
59.29999923706055,26,8608,BRA,28680,222,266,140786,29181,Total,Urban,Women,Brazil,2011
47.20000076293945,26,8608,BRA,28681,222,146,140785,29182,36 years and older,National,Both sexes,Brazil,2012
47.70000076293945,26,8608,BRA,28681,222,265,140785,29182,36 years and older,National,Men,Brazil,2012
46.599998474121094,26,8608,BRA,28681,222,266,140785,29182,36 years and older,National,Women,Brazil,2012
47.599998474121094,26,8608,BRA,28681,222,146,140784,29182,Under 36 years old,National,Both sexes,Brazil,2012
46,26,8608,BRA,28681,222,265,140784,29182,Under 36 years old,National,Men,Brazil,2012
49.5,26,8608,BRA,28681,222,266,140784,29182,Under 36 years old,National,Women,Brazil,2012
47.400001525878906,26,8608,BRA,28681,222,146,140786,29182,Total,National,Both sexes,Brazil,2012
46.79999923706055,26,8608,BRA,28681,222,265,140786,29182,Total,National,Men,Brazil,2012
48.099998474121094,26,8608,BRA,28681,222,266,140786,29182,Total,National,Women,Brazil,2012
41.20000076293945,26,8608,BRA,28679,222,146,140785,29182,36 years and older,Rural,Both sexes,Brazil,2012
42.70000076293945,26,8608,BRA,28679,222,265,140785,29182,36 years and older,Rural,Men,Brazil,2012
39.29999923706055,26,8608,BRA,28679,222,266,140785,29182,36 years and older,Rural,Women,Brazil,2012
40.099998474121094,26,8608,BRA,28679,222,146,140784,29182,Under 36 years old,Rural,Both sexes,Brazil,2012
39.599998474121094,26,8608,BRA,28679,222,265,140784,29182,Under 36 years old,Rural,Men,Brazil,2012
40.599998474121094,26,8608,BRA,28679,222,266,140784,29182,Under 36 years old,Rural,Women,Brazil,2012
40.599998474121094,26,8608,BRA,28679,222,146,140786,29182,Total,Rural,Both sexes,Brazil,2012
41.099998474121094,26,8608,BRA,28679,222,265,140786,29182,Total,Rural,Men,Brazil,2012
40,26,8608,BRA,28679,222,266,140786,29182,Total,Rural,Women,Brazil,2012
60,26,8608,BRA,28680,222,146,140785,29182,36 years and older,Urban,Both sexes,Brazil,2012
58.900001525878906,26,8608,BRA,28680,222,265,140785,29182,36 years and older,Urban,Men,Brazil,2012
61.20000076293945,26,8608,BRA,28680,222,266,140785,29182,36 years and older,Urban,Women,Brazil,2012
64.5,26,8608,BRA,28680,222,146,140784,29182,Under 36 years old,Urban,Both sexes,Brazil,2012
60.400001525878906,26,8608,BRA,28680,222,265,140784,29182,Under 36 years old,Urban,Men,Brazil,2012
68.69999694824219,26,8608,BRA,28680,222,266,140784,29182,Under 36 years old,Urban,Women,Brazil,2012
62.20000076293945,26,8608,BRA,28680,222,146,140786,29182,Total,Urban,Both sexes,Brazil,2012
59.70000076293945,26,8608,BRA,28680,222,265,140786,29182,Total,Urban,Men,Brazil,2012
65,26,8608,BRA,28680,222,266,140786,29182,Total,Urban,Women,Brazil,2012
51.20000076293945,26,8608,BRA,28681,222,146,140785,29183,36 years and older,National,Both sexes,Brazil,2013
51.5,26,8608,BRA,28681,222,265,140785,29183,36 years and older,National,Men,Brazil,2013
50.900001525878906,26,8608,BRA,28681,222,266,140785,29183,36 years and older,National,Women,Brazil,2013
51.099998474121094,26,8608,BRA,28681,222,146,140784,29183,Under 36 years old,National,Both sexes,Brazil,2013
49.20000076293945,26,8608,BRA,28681,222,265,140784,29183,Under 36 years old,National,Men,Brazil,2013
53.099998474121094,26,8608,BRA,28681,222,266,140784,29183,Under 36 years old,National,Women,Brazil,2013
51.099998474121094,26,8608,BRA,28681,222,146,140786,29183,Total,National,Both sexes,Brazil,2013
50.400001525878906,26,8608,BRA,28681,222,265,140786,29183,Total,National,Men,Brazil,2013
52,26,8608,BRA,28681,222,266,140786,29183,Total,National,Women,Brazil,2013
45,26,8608,BRA,28679,222,146,140785,29183,36 years and older,Rural,Both sexes,Brazil,2013
46,26,8608,BRA,28679,222,265,140785,29183,36 years and older,Rural,Men,Brazil,2013
43.79999923706055,26,8608,BRA,28679,222,266,140785,29183,36 years and older,Rural,Women,Brazil,2013
43.099998474121094,26,8608,BRA,28679,222,146,140784,29183,Under 36 years old,Rural,Both sexes,Brazil,2013
41.900001525878906,26,8608,BRA,28679,222,265,140784,29183,Under 36 years old,Rural,Men,Brazil,2013
44.29999923706055,26,8608,BRA,28679,222,266,140784,29183,Under 36 years old,Rural,Women,Brazil,2013
44,26,8608,BRA,28679,222,146,140786,29183,Total,Rural,Both sexes,Brazil,2013
44,26,8608,BRA,28679,222,265,140786,29183,Total,Rural,Men,Brazil,2013
44.099998474121094,26,8608,BRA,28679,222,266,140786,29183,Total,Rural,Women,Brazil,2013
64.19999694824219,26,8608,BRA,28680,222,146,140785,29183,36 years and older,Urban,Both sexes,Brazil,2013
63.70000076293945,26,8608,BRA,28680,222,265,140785,29183,36 years and older,Urban,Men,Brazil,2013
64.69999694824219,26,8608,BRA,28680,222,266,140785,29183,36 years and older,Urban,Women,Brazil,2013
68.5,26,8608,BRA,28680,222,146,140784,29183,Under 36 years old,Urban,Both sexes,Brazil,2013
65.30000305175781,26,8608,BRA,28680,222,265,140784,29183,Under 36 years old,Urban,Men,Brazil,2013
72,26,8608,BRA,28680,222,266,140784,29183,Under 36 years old,Urban,Women,Brazil,2013
66.30000305175781,26,8608,BRA,28680,222,146,140786,29183,Total,Urban,Both sexes,Brazil,2013
64.4000015258789,26,8608,BRA,28680,222,265,140786,29183,Total,Urban,Men,Brazil,2013
68.19999694824219,26,8608,BRA,28680,222,266,140786,29183,Total,Urban,Women,Brazil,2013
55,26,8608,BRA,28681,222,146,140785,29185,36 years and older,National,Both sexes,Brazil,2015
54.900001525878906,26,8608,BRA,28681,222,265,140785,29185,36 years and older,National,Men,Brazil,2015
55.099998474121094,26,8608,BRA,28681,222,266,140785,29185,36 years and older,National,Women,Brazil,2015
57,26,8608,BRA,28681,222,146,140784,29185,Under 36 years old,National,Both sexes,Brazil,2015
54.79999923706055,26,8608,BRA,28681,222,265,140784,29185,Under 36 years old,National,Men,Brazil,2015
59.5,26,8608,BRA,28681,222,266,140784,29185,Under 36 years old,National,Women,Brazil,2015
56,26,8608,BRA,28681,222,146,140786,29185,Total,National,Both sexes,Brazil,2015
54.79999923706055,26,8608,BRA,28681,222,265,140786,29185,Total,National,Men,Brazil,2015
57.29999923706055,26,8608,BRA,28681,222,266,140786,29185,Total,National,Women,Brazil,2015
64.30000305175781,26,,BOL,28681,221,146,140786,29193,Total,National,Both sexes,Bolivia (Plurinational State of),2023
68.30000305175781,26,,BOL,28681,221,265,140786,29193,Total,National,Men,Bolivia (Plurinational State of),2023
60.400001525878906,26,,BOL,28681,221,266,140786,29193,Total,National,Women,Bolivia (Plurinational State of),2023
66.4000015258789,26,,BOL,28679,221,146,140785,29193,36 years and older,Rural,Both sexes,Bolivia (Plurinational State of),2023
74.19999694824219,26,13639,BOL,28679,221,265,140785,29193,36 years and older,Rural,Men,Bolivia (Plurinational State of),2023
58.70000076293945,26,13639,BOL,28679,221,266,140785,29193,36 years and older,Rural,Women,Bolivia (Plurinational State of),2023
59.79999923706055,26,,BOL,28679,221,146,140784,29193,Under 36 years old,Rural,Both sexes,Bolivia (Plurinational State of),2023
61.099998474121094,26,13639,BOL,28679,221,265,140784,29193,Under 36 years old,Rural,Men,Bolivia (Plurinational State of),2023
58.599998474121094,26,13639,BOL,28679,221,266,140784,29193,Under 36 years old,Rural,Women,Bolivia (Plurinational State of),2023
63.099998474121094,26,,BOL,28679,221,146,140786,29193,Total,Rural,Both sexes,Bolivia (Plurinational State of),2023
67.69999694824219,26,,BOL,28679,221,265,140786,29193,Total,Rural,Men,Bolivia (Plurinational State of),2023
58.70000076293945,26,,BOL,28679,221,266,140786,29193,Total,Rural,Women,Bolivia (Plurinational State of),2023
77.69999694824219,26,13639,BOL,28680,221,146,140785,29193,36 years and older,Urban,Both sexes,Bolivia (Plurinational State of),2023
81.80000305175781,26,13639,BOL,28680,221,265,140785,29193,36 years and older,Urban,Men,Bolivia (Plurinational State of),2023
73.30000305175781,26,13639,BOL,28680,221,266,140785,29193,36 years and older,Urban,Women,Bolivia (Plurinational State of),2023
68.69999694824219,26,13639,BOL,28680,221,146,140784,29193,Under 36 years old,Urban,Both sexes,Bolivia (Plurinational State of),2023
66.4000015258789,26,13639,BOL,28680,221,265,140784,29193,Under 36 years old,Urban,Men,Bolivia (Plurinational State of),2023
71.30000305175781,26,13639,BOL,28680,221,266,140784,29193,Under 36 years old,Urban,Women,Bolivia (Plurinational State of),2023
72.30000305175781,26,13639,BOL,28680,221,146,140786,29193,Total,Urban,Both sexes,Bolivia (Plurinational State of),2023
72.5,26,13639,BOL,28680,221,265,140786,29193,Total,Urban,Men,Bolivia (Plurinational State of),2023
72.0999984741211,26,13639,BOL,28680,221,266,140786,29193,Total,Urban,Women,Bolivia (Plurinational State of),2023
14,26,8608,BRA,28681,222,146,140785,29175,36 years and older,National,Both sexes,Brazil,2005
16.799999237060547,26,8608,BRA,28681,222,265,140785,29175,36 years and older,National,Men,Brazil,2005
10.899999618530273,26,8608,BRA,28681,222,266,140785,29175,36 years and older,National,Women,Brazil,2005
13.100000381469727,26,8608,BRA,28681,222,146,140784,29175,Under 36 years old,National,Both sexes,Brazil,2005
13.300000190734863,26,8608,BRA,28681,222,265,140784,29175,Under 36 years old,National,Men,Brazil,2005
12.800000190734863,26,8608,BRA,28681,222,266,140784,29175,Under 36 years old,National,Women,Brazil,2005
13.5,26,8608,BRA,28681,222,146,140786,29175,Total,National,Both sexes,Brazil,2005
14.800000190734863,26,8608,BRA,28681,222,265,140786,29175,Total,National,Men,Brazil,2005
12,26,8608,BRA,28681,222,266,140786,29175,Total,National,Women,Brazil,2005
12.300000190734863,26,8608,BRA,28679,222,146,140785,29175,36 years and older,Rural,Both sexes,Brazil,2005
15.600000381469727,26,8608,BRA,28679,222,265,140785,29175,36 years and older,Rural,Men,Brazil,2005
8.300000190734863,26,8608,BRA,28679,222,266,140785,29175,36 years and older,Rural,Women,Brazil,2005
9,26,8608,BRA,28679,222,146,140784,29175,Under 36 years old,Rural,Both sexes,Brazil,2005
10,26,8608,BRA,28679,222,265,140784,29175,Under 36 years old,Rural,Men,Brazil,2005
7.800000190734863,26,8608,BRA,28679,222,266,140784,29175,Under 36 years old,Rural,Women,Brazil,2005
10.399999618530273,26,8608,BRA,28679,222,146,140786,29175,Total,Rural,Both sexes,Brazil,2005
12.399999618530273,26,8608,BRA,28679,222,265,140786,29175,Total,Rural,Men,Brazil,2005
8,26,8608,BRA,28679,222,266,140786,29175,Total,Rural,Women,Brazil,2005
17.200000762939453,26,8608,BRA,28680,222,146,140785,29175,36 years and older,Urban,Both sexes,Brazil,2005
18.899999618530273,26,8608,BRA,28680,222,265,140785,29175,36 years and older,Urban,Men,Brazil,2005
15.399999618530273,26,8608,BRA,28680,222,266,140785,29175,36 years and older,Urban,Women,Brazil,2005
21.299999237060547,26,8608,BRA,28680,222,146,140784,29175,Under 36 years old,Urban,Both sexes,Brazil,2005
20.299999237060547,26,8608,BRA,28680,222,265,140784,29175,Under 36 years old,Urban,Men,Brazil,2005
22.299999237060547,26,8608,BRA,28680,222,266,140784,29175,Under 36 years old,Urban,Women,Brazil,2005
19.399999618530273,26,8608,BRA,28680,222,146,140786,29175,Total,Urban,Both sexes,Brazil,2005
19.600000381469727,26,8608,BRA,28680,222,265,140786,29175,Total,Urban,Men,Brazil,2005
19.200000762939453,26,8608,BRA,28680,222,266,140786,29175,Total,Urban,Women,Brazil,2005
25.799999237060547,26,8608,BRA,28681,222,146,140785,29178,36 years and older,National,Both sexes,Brazil,2008
28.399999618530273,26,8608,BRA,28681,222,265,140785,29178,36 years and older,National,Men,Brazil,2008
22.899999618530273,26,8608,BRA,28681,222,266,140785,29178,36 years and older,National,Women,Brazil,2008
26.100000381469727,26,8608,BRA,28681,222,146,140784,29178,Under 36 years old,National,Both sexes,Brazil,2008
25.299999237060547,26,8608,BRA,28681,222,265,140784,29178,Under 36 years old,National,Men,Brazil,2008
26.899999618530273,26,8608,BRA,28681,222,266,140784,29178,Under 36 years old,National,Women,Brazil,2008
25.899999618530273,26,8608,BRA,28681,222,146,140786,29178,Total,National,Both sexes,Brazil,2008
26.799999237060547,26,8608,BRA,28681,222,265,140786,29178,Total,National,Men,Brazil,2008
25,26,8608,BRA,28681,222,266,140786,29178,Total,National,Women,Brazil,2008
21.899999618530273,26,8608,BRA,28679,222,146,140785,29178,36 years and older,Rural,Both sexes,Brazil,2008
25.5,26,8608,BRA,28679,222,265,140785,29178,36 years and older,Rural,Men,Brazil,2008
17.600000381469727,26,8608,BRA,28679,222,266,140785,29178,36 years and older,Rural,Women,Brazil,2008
19.600000381469727,26,8608,BRA,28679,222,146,140784,29178,Under 36 years old,Rural,Both sexes,Brazil,2008
20.200000762939453,26,8608,BRA,28679,222,265,140784,29178,Under 36 years old,Rural,Men,Brazil,2008
18.799999237060547,26,8608,BRA,28679,222,266,140784,29178,Under 36 years old,Rural,Women,Brazil,2008
20.600000381469727,26,8608,BRA,28679,222,146,140786,29178,Total,Rural,Both sexes,Brazil,2008
22.700000762939453,26,8608,BRA,28679,222,265,140786,29178,Total,Rural,Men,Brazil,2008
18.299999237060547,26,8608,BRA,28679,222,266,140786,29178,Total,Rural,Women,Brazil,2008
33.099998474121094,26,8608,BRA,28680,222,146,140785,29178,36 years and older,Urban,Both sexes,Brazil,2008
34.099998474121094,26,8608,BRA,28680,222,265,140785,29178,36 years and older,Urban,Men,Brazil,2008
32,26,8608,BRA,28680,222,266,140785,29178,36 years and older,Urban,Women,Brazil,2008
39.599998474121094,26,8608,BRA,28680,222,146,140784,29178,Under 36 years old,Urban,Both sexes,Brazil,2008
36.099998474121094,26,8608,BRA,28680,222,265,140784,29178,Under 36 years old,Urban,Men,Brazil,2008
43.29999923706055,26,8608,BRA,28680,222,266,140784,29178,Under 36 years old,Urban,Women,Brazil,2008
36.5,26,8608,BRA,28680,222,146,140786,29178,Total,Urban,Both sexes,Brazil,2008
35.20000076293945,26,8608,BRA,28680,222,265,140786,29178,Total,Urban,Men,Brazil,2008
37.900001525878906,26,8608,BRA,28680,222,266,140786,29178,Total,Urban,Women,Brazil,2008
30.299999237060547,26,8608,BRA,28681,222,146,140785,29179,36 years and older,National,Both sexes,Brazil,2009
32.79999923706055,26,8608,BRA,28681,222,265,140785,29179,36 years and older,National,Men,Brazil,2009
27.5,26,8608,BRA,28681,222,266,140785,29179,36 years and older,National,Women,Brazil,2009
29.700000762939453,26,8608,BRA,28681,222,146,140784,29179,Under 36 years old,National,Both sexes,Brazil,2009
29.100000381469727,26,8608,BRA,28681,222,265,140784,29179,Under 36 years old,National,Men,Brazil,2009
30.399999618530273,26,8608,BRA,28681,222,266,140784,29179,Under 36 years old,National,Women,Brazil,2009
30,26,8608,BRA,28681,222,146,140786,29179,Total,National,Both sexes,Brazil,2009
30.799999237060547,26,8608,BRA,28681,222,265,140786,29179,Total,National,Men,Brazil,2009
29.100000381469727,26,8608,BRA,28681,222,266,140786,29179,Total,National,Women,Brazil,2009
25.799999237060547,26,8608,BRA,28679,222,146,140785,29179,36 years and older,Rural,Both sexes,Brazil,2009
29.399999618530273,26,8608,BRA,28679,222,265,140785,29179,36 years and older,Rural,Men,Brazil,2009
21.399999618530273,26,8608,BRA,28679,222,266,140785,29179,36 years and older,Rural,Women,Brazil,2009
22.799999237060547,26,8608,BRA,28679,222,146,140784,29179,Under 36 years old,Rural,Both sexes,Brazil,2009
23.100000381469727,26,8608,BRA,28679,222,265,140784,29179,Under 36 years old,Rural,Men,Brazil,2009
22.399999618530273,26,8608,BRA,28679,222,266,140784,29179,Under 36 years old,Rural,Women,Brazil,2009
24.200000762939453,26,8608,BRA,28679,222,146,140786,29179,Total,Rural,Both sexes,Brazil,2009
26.100000381469727,26,8608,BRA,28679,222,265,140786,29179,Total,Rural,Men,Brazil,2009
21.899999618530273,26,8608,BRA,28679,222,266,140786,29179,Total,Rural,Women,Brazil,2009
39.400001525878906,26,8608,BRA,28680,222,146,140785,29179,36 years and older,Urban,Both sexes,Brazil,2009
39.79999923706055,26,8608,BRA,28680,222,265,140785,29179,36 years and older,Urban,Men,Brazil,2009
38.900001525878906,26,8608,BRA,28680,222,266,140785,29179,36 years and older,Urban,Women,Brazil,2009
43.70000076293945,26,8608,BRA,28680,222,146,140784,29179,Under 36 years old,Urban,Both sexes,Brazil,2009
41.5,26,8608,BRA,28680,222,265,140784,29179,Under 36 years old,Urban,Men,Brazil,2009
46.099998474121094,26,8608,BRA,28680,222,266,140784,29179,Under 36 years old,Urban,Women,Brazil,2009
41.70000076293945,26,8608,BRA,28680,222,146,140786,29179,Total,Urban,Both sexes,Brazil,2009
40.70000076293945,26,8608,BRA,28680,222,265,140786,29179,Total,Urban,Men,Brazil,2009
42.79999923706055,26,8608,BRA,28680,222,266,140786,29179,Total,Urban,Women,Brazil,2009
43.70000076293945,26,8608,BRA,28681,222,146,140785,29181,36 years and older,National,Both sexes,Brazil,2011
45.5,26,8608,BRA,28681,222,265,140785,29181,36 years and older,National,Men,Brazil,2011
41.599998474121094,26,8608,BRA,28681,222,266,140785,29181,36 years and older,National,Women,Brazil,2011
43.20000076293945,26,8608,BRA,28681,222,146,140784,29181,Under 36 years old,National,Both sexes,Brazil,2011
41.5,26,8608,BRA,28681,222,265,140784,29181,Under 36 years old,National,Men,Brazil,2011
45,26,8608,BRA,28681,222,266,140784,29181,Under 36 years old,National,Women,Brazil,2011
43.400001525878906,26,8608,BRA,28681,222,146,140786,29181,Total,National,Both sexes,Brazil,2011
43.5,26,8608,BRA,28681,222,265,140786,29181,Total,National,Men,Brazil,2011
43.400001525878906,26,8608,BRA,28681,222,266,140786,29181,Total,National,Women,Brazil,2011
37.400001525878906,26,8608,BRA,28679,222,146,140785,29181,36 years and older,Rural,Both sexes,Brazil,2011
48.79999923706055,26,8608,BRA,28679,222,146,140785,29185,36 years and older,Rural,Both sexes,Brazil,2015
49.70000076293945,26,8608,BRA,28679,222,265,140785,29185,36 years and older,Rural,Men,Brazil,2015
47.70000076293945,26,8608,BRA,28679,222,266,140785,29185,36 years and older,Rural,Women,Brazil,2015
50,26,8608,BRA,28679,222,146,140784,29185,Under 36 years old,Rural,Both sexes,Brazil,2015
48.29999923706055,26,8608,BRA,28679,222,265,140784,29185,Under 36 years old,Rural,Men,Brazil,2015
52,26,8608,BRA,28679,222,266,140784,29185,Under 36 years old,Rural,Women,Brazil,2015
49.400001525878906,26,8608,BRA,28679,222,146,140786,29185,Total,Rural,Both sexes,Brazil,2015
49,26,8608,BRA,28679,222,265,140786,29185,Total,Rural,Men,Brazil,2015
49.79999923706055,26,8608,BRA,28679,222,266,140786,29185,Total,Rural,Women,Brazil,2015
68.69999694824219,26,8608,BRA,28680,222,146,140785,29185,36 years and older,Urban,Both sexes,Brazil,2015
66.80000305175781,26,8608,BRA,28680,222,265,140785,29185,36 years and older,Urban,Men,Brazil,2015
70.69999694824219,26,8608,BRA,28680,222,266,140785,29185,36 years and older,Urban,Women,Brazil,2015
74.30000305175781,26,8608,BRA,28680,222,146,140784,29185,Under 36 years old,Urban,Both sexes,Brazil,2015
71.19999694824219,26,8608,BRA,28680,222,265,140784,29185,Under 36 years old,Urban,Men,Brazil,2015
77.5,26,8608,BRA,28680,222,266,140784,29185,Under 36 years old,Urban,Women,Brazil,2015
71.19999694824219,26,8608,BRA,28680,222,146,140786,29185,Total,Urban,Both sexes,Brazil,2015
68.80000305175781,26,8608,BRA,28680,222,265,140786,29185,Total,Urban,Men,Brazil,2015
73.9000015258789,26,8608,BRA,28680,222,266,140786,29185,Total,Urban,Women,Brazil,2015
11.800000190734863,26,,CHL,28681,224,146,140785,29170,36 years and older,National,Both sexes,Chile,2000
15.199999809265137,26,,CHL,28681,224,265,140785,29170,36 years and older,National,Men,Chile,2000
7.699999809265137,26,,CHL,28681,224,266,140785,29170,36 years and older,National,Women,Chile,2000
11.399999618530273,26,,CHL,28681,224,146,140784,29170,Under 36 years old,National,Both sexes,Chile,2000
13.300000190734863,26,,CHL,28681,224,265,140784,29170,Under 36 years old,National,Men,Chile,2000
9.600000381469727,26,,CHL,28681,224,266,140784,29170,Under 36 years old,National,Women,Chile,2000
11.600000381469727,26,,CHL,28681,224,146,140786,29170,Total,National,Both sexes,Chile,2000
14.199999809265137,26,,CHL,28681,224,265,140786,29170,Total,National,Men,Chile,2000
8.800000190734863,26,,CHL,28681,224,266,140786,29170,Total,National,Women,Chile,2000
10,26,,CHL,28679,224,146,140785,29170,36 years and older,Rural,Both sexes,Chile,2000
13.100000381469727,26,,CHL,28679,224,265,140785,29170,36 years and older,Rural,Men,Chile,2000
6.099999904632568,26,,CHL,28679,224,266,140785,29170,36 years and older,Rural,Women,Chile,2000
7.900000095367432,26,,CHL,28679,224,146,140784,29170,Under 36 years old,Rural,Both sexes,Chile,2000
10.300000190734863,26,,CHL,28679,224,265,140784,29170,Under 36 years old,Rural,Men,Chile,2000
5.5,26,,CHL,28679,224,266,140784,29170,Under 36 years old,Rural,Women,Chile,2000
8.899999618530273,26,,CHL,28679,224,146,140786,29170,Total,Rural,Both sexes,Chile,2000
11.699999809265137,26,,CHL,28679,224,265,140786,29170,Total,Rural,Men,Chile,2000
5.699999809265137,26,,CHL,28679,224,266,140786,29170,Total,Rural,Women,Chile,2000
15.100000381469727,26,,CHL,28680,224,146,140785,29170,36 years and older,Urban,Both sexes,Chile,2000
19.200000762939453,26,,CHL,28680,224,265,140785,29170,36 years and older,Urban,Men,Chile,2000
10.399999618530273,26,,CHL,28680,224,266,140785,29170,36 years and older,Urban,Women,Chile,2000
16.799999237060547,26,,CHL,28680,224,146,140784,29170,Under 36 years old,Urban,Both sexes,Chile,2000
18,26,,CHL,28680,224,265,140784,29170,Under 36 years old,Urban,Men,Chile,2000
15.699999809265137,26,,CHL,28680,224,266,140784,29170,Under 36 years old,Urban,Women,Chile,2000
16.100000381469727,26,,CHL,28680,224,146,140786,29170,Total,Urban,Both sexes,Chile,2000
18.600000381469727,26,,CHL,28680,224,265,140786,29170,Total,Urban,Men,Chile,2000
13.5,26,,CHL,28680,224,266,140786,29170,Total,Urban,Women,Chile,2000
31.100000381469727,26,,CHL,28681,224,146,140785,29173,36 years and older,National,Both sexes,Chile,2003
34.70000076293945,26,,CHL,28681,224,265,140785,29173,36 years and older,National,Men,Chile,2003
26.899999618530273,26,,CHL,28681,224,266,140785,29173,36 years and older,National,Women,Chile,2003
25.5,26,,CHL,28681,224,146,140784,29173,Under 36 years old,National,Both sexes,Chile,2003
26.299999237060547,26,,CHL,28681,224,265,140784,29173,Under 36 years old,National,Men,Chile,2003
24.700000762939453,26,,CHL,28681,224,266,140784,29173,Under 36 years old,National,Women,Chile,2003
27.799999237060547,26,,CHL,28681,224,146,140786,29173,Total,National,Both sexes,Chile,2003
29.799999237060547,26,,CHL,28681,224,265,140786,29173,Total,National,Men,Chile,2003
25.5,26,,CHL,28681,224,266,140786,29173,Total,National,Women,Chile,2003
27.100000381469727,26,,CHL,28679,224,146,140785,29173,36 years and older,Rural,Both sexes,Chile,2003
30.600000381469727,26,,CHL,28679,224,265,140785,29173,36 years and older,Rural,Men,Chile,2003
22.799999237060547,26,,CHL,28679,224,266,140785,29173,36 years and older,Rural,Women,Chile,2003
20.399999618530273,26,,CHL,28679,224,146,140784,29173,Under 36 years old,Rural,Both sexes,Chile,2003
22.299999237060547,26,,CHL,28679,224,265,140784,29173,Under 36 years old,Rural,Men,Chile,2003
18.399999618530273,26,,CHL,28679,224,266,140784,29173,Under 36 years old,Rural,Women,Chile,2003
23.200000762939453,26,,CHL,28679,224,146,140786,29173,Total,Rural,Both sexes,Chile,2003
25.899999618530273,26,,CHL,28679,224,265,140786,29173,Total,Rural,Men,Chile,2003
20.200000762939453,26,,CHL,28679,224,266,140786,29173,Total,Rural,Women,Chile,2003
37.20000076293945,26,,CHL,28680,224,146,140785,29173,36 years and older,Urban,Both sexes,Chile,2003
41.20000076293945,26,,CHL,28680,224,265,140785,29173,36 years and older,Urban,Men,Chile,2003
32.70000076293945,26,,CHL,28680,224,266,140785,29173,36 years and older,Urban,Women,Chile,2003
32.29999923706055,26,,CHL,28680,224,146,140784,29173,Under 36 years old,Urban,Both sexes,Chile,2003
31.600000381469727,26,,CHL,28680,224,265,140784,29173,Under 36 years old,Urban,Men,Chile,2003
33.099998474121094,26,,CHL,28680,224,266,140784,29173,Under 36 years old,Urban,Women,Chile,2003
34.20000076293945,26,,CHL,28680,224,146,140786,29173,Total,Urban,Both sexes,Chile,2003
35.400001525878906,26,,CHL,28680,224,265,140786,29173,Total,Urban,Men,Chile,2003
32.900001525878906,26,,CHL,28680,224,266,140786,29173,Total,Urban,Women,Chile,2003
49.900001525878906,26,,CHL,28681,224,146,140785,29176,36 years and older,National,Both sexes,Chile,2006
50.29999923706055,26,,CHL,28681,224,265,140785,29176,36 years and older,National,Men,Chile,2006
49.5,26,,CHL,28681,224,266,140785,29176,36 years and older,National,Women,Chile,2006
44.099998474121094,26,,CHL,28681,224,146,140784,29176,Under 36 years old,National,Both sexes,Chile,2006
43.70000076293945,26,,CHL,28681,224,265,140784,29176,Under 36 years old,National,Men,Chile,2006
44.400001525878906,26,,CHL,28681,224,266,140784,29176,Under 36 years old,National,Women,Chile,2006
46.599998474121094,26,,CHL,28681,224,146,140786,29176,Total,National,Both sexes,Chile,2006
46.70000076293945,26,,CHL,28681,224,265,140786,29176,Total,National,Men,Chile,2006
46.599998474121094,26,,CHL,28681,224,266,140786,29176,Total,National,Women,Chile,2006
47.099998474121094,26,,CHL,28679,224,146,140785,29176,36 years and older,Rural,Both sexes,Chile,2006
48.20000076293945,26,,CHL,28679,224,265,140785,29176,36 years and older,Rural,Men,Chile,2006
45.70000076293945,26,,CHL,28679,224,266,140785,29176,36 years and older,Rural,Women,Chile,2006
40.099998474121094,26,,CHL,28679,224,146,140784,29176,Under 36 years old,Rural,Both sexes,Chile,2006
40.900001525878906,26,,CHL,28679,224,265,140784,29176,Under 36 years old,Rural,Men,Chile,2006
39.400001525878906,26,,CHL,28679,224,266,140784,29176,Under 36 years old,Rural,Women,Chile,2006
43.29999923706055,26,,CHL,28679,224,146,140786,29176,Total,Rural,Both sexes,Chile,2006
44.400001525878906,26,,CHL,28679,224,265,140786,29176,Total,Rural,Men,Chile,2006
42.099998474121094,26,,CHL,28679,224,266,140786,29176,Total,Rural,Women,Chile,2006
53.79999923706055,26,,CHL,28680,224,146,140785,29176,36 years and older,Urban,Both sexes,Chile,2006
53.29999923706055,26,,CHL,28680,224,265,140785,29176,36 years and older,Urban,Men,Chile,2006
54.400001525878906,26,,CHL,28680,224,266,140785,29176,36 years and older,Urban,Women,Chile,2006
48.599998474121094,26,,CHL,28680,224,146,140784,29176,Under 36 years old,Urban,Both sexes,Chile,2006
46.900001525878906,26,,CHL,28680,224,265,140784,29176,Under 36 years old,Urban,Men,Chile,2006
50.400001525878906,26,,CHL,28680,224,266,140784,29176,Under 36 years old,Urban,Women,Chile,2006
50.79999923706055,26,,CHL,28680,224,146,140786,29176,Total,Urban,Both sexes,Chile,2006
49.599998474121094,26,,CHL,28680,224,265,140786,29176,Total,Urban,Men,Chile,2006
52,26,,CHL,28680,224,266,140786,29176,Total,Urban,Women,Chile,2006
68.0999984741211,26,,CHL,28681,224,146,140785,29179,36 years and older,National,Both sexes,Chile,2009
69.5,26,,CHL,28681,224,265,140785,29179,36 years and older,National,Men,Chile,2009
66.30000305175781,26,,CHL,28681,224,266,140785,29179,36 years and older,National,Women,Chile,2009
58.20000076293945,26,,CHL,28681,224,146,140784,29179,Under 36 years old,National,Both sexes,Chile,2009
57.400001525878906,26,,CHL,28681,224,265,140784,29179,Under 36 years old,National,Men,Chile,2009
59.099998474121094,26,,CHL,28681,224,266,140784,29179,Under 36 years old,National,Women,Chile,2009
62.70000076293945,26,,CHL,28681,224,146,140786,29179,Total,National,Both sexes,Chile,2009
63.099998474121094,26,,CHL,28681,224,265,140786,29179,Total,National,Men,Chile,2009
62.20000076293945,26,,CHL,28681,224,266,140786,29179,Total,National,Women,Chile,2009
65.5,26,,CHL,28679,224,146,140785,29179,36 years and older,Rural,Both sexes,Chile,2009
67.69999694824219,26,,CHL,28679,224,265,140785,29179,36 years and older,Rural,Men,Chile,2009
62.79999923706055,26,,CHL,28679,224,266,140785,29179,36 years and older,Rural,Women,Chile,2009
54,26,,CHL,28679,224,146,140784,29179,Under 36 years old,Rural,Both sexes,Chile,2009
54.400001525878906,26,,CHL,28679,224,265,140784,29179,Under 36 years old,Rural,Men,Chile,2009
53.70000076293945,26,,CHL,28679,224,266,140784,29179,Under 36 years old,Rural,Women,Chile,2009
59.400001525878906,26,,CHL,28679,224,146,140786,29179,Total,Rural,Both sexes,Chile,2009
61,26,,CHL,28679,224,265,140786,29179,Total,Rural,Men,Chile,2009
57.70000076293945,26,,CHL,28679,224,266,140786,29179,Total,Rural,Women,Chile,2009
71.19999694824219,26,,CHL,28680,224,146,140785,29179,36 years and older,Urban,Both sexes,Chile,2009
72,26,,CHL,28680,224,265,140785,29179,36 years and older,Urban,Men,Chile,2009
70.30000305175781,26,,CHL,28680,224,266,140785,29179,36 years and older,Urban,Women,Chile,2009
62.599998474121094,26,,CHL,28680,224,146,140784,29179,Under 36 years old,Urban,Both sexes,Chile,2009
60.5,26,,CHL,28680,224,265,140784,29179,Under 36 years old,Urban,Men,Chile,2009
64.80000305175781,26,,CHL,28680,224,266,140784,29179,Under 36 years old,Urban,Women,Chile,2009
66.4000015258789,26,,CHL,28680,224,146,140786,29179,Total,Urban,Both sexes,Chile,2009
65.69999694824219,26,,CHL,28680,224,265,140786,29179,Total,Urban,Men,Chile,2009
67.0999984741211,26,,CHL,28680,224,266,140786,29179,Total,Urban,Women,Chile,2009
84.80000305175781,26,,CHL,28681,224,146,140785,29181,36 years and older,National,Both sexes,Chile,2011
83.4000015258789,26,,CHL,28681,224,265,140785,29181,36 years and older,National,Men,Chile,2011
86.4000015258789,26,,CHL,28681,224,266,140785,29181,36 years and older,National,Women,Chile,2011
72.80000305175781,26,,CHL,28681,224,146,140784,29181,Under 36 years old,National,Both sexes,Chile,2011
71.4000015258789,26,,CHL,28681,224,265,140784,29181,Under 36 years old,National,Men,Chile,2011
74.30000305175781,26,,CHL,28681,224,266,140784,29181,Under 36 years old,National,Women,Chile,2011
78.5,26,,CHL,28681,224,146,140786,29181,Total,National,Both sexes,Chile,2011
77.4000015258789,26,,CHL,28681,224,265,140786,29181,Total,National,Men,Chile,2011
79.69999694824219,26,,CHL,28681,224,266,140786,29181,Total,National,Women,Chile,2011
82.9000015258789,26,,CHL,28679,224,146,140785,29181,36 years and older,Rural,Both sexes,Chile,2011
81.0999984741211,26,,CHL,28679,224,265,140785,29181,36 years and older,Rural,Men,Chile,2011
85.19999694824219,26,,CHL,28679,224,266,140785,29181,36 years and older,Rural,Women,Chile,2011
71.19999694824219,26,,CHL,28679,224,146,140784,29181,Under 36 years old,Rural,Both sexes,Chile,2011
71.0999984741211,26,,CHL,28679,224,265,140784,29181,Under 36 years old,Rural,Men,Chile,2011
71.30000305175781,26,,CHL,28679,224,266,140784,29181,Under 36 years old,Rural,Women,Chile,2011
77,26,,CHL,28679,224,146,140786,29181,Total,Rural,Both sexes,Chile,2011
76.30000305175781,26,,CHL,28679,224,265,140786,29181,Total,Rural,Men,Chile,2011
77.69999694824219,26,,CHL,28679,224,266,140786,29181,Total,Rural,Women,Chile,2011
87.69999694824219,26,,CHL,28680,224,146,140785,29181,36 years and older,Urban,Both sexes,Chile,2011
87.4000015258789,26,13639,CHL,28680,224,265,140785,29181,36 years and older,Urban,Men,Chile,2011
88.0999984741211,26,13639,CHL,28680,224,266,140785,29181,36 years and older,Urban,Women,Chile,2011
75,26,,CHL,28680,224,146,140784,29181,Under 36 years old,Urban,Both sexes,Chile,2011
71.9000015258789,26,,CHL,28680,224,265,140784,29181,Under 36 years old,Urban,Men,Chile,2011
78.0999984741211,26,,CHL,28680,224,266,140784,29181,Under 36 years old,Urban,Women,Chile,2011
80.80000305175781,26,,CHL,28680,224,146,140786,29181,Total,Urban,Both sexes,Chile,2011
79.0999984741211,26,,CHL,28680,224,265,140786,29181,Total,Urban,Men,Chile,2011
82.5,26,,CHL,28680,224,266,140786,29181,Total,Urban,Women,Chile,2011
89.19999694824219,26,,CHL,28681,224,146,140785,29183,36 years and older,National,Both sexes,Chile,2013
88.0999984741211,26,,CHL,28681,224,265,140785,29183,36 years and older,National,Men,Chile,2013
90.5,26,,CHL,28681,224,266,140785,29183,36 years and older,National,Women,Chile,2013
79.69999694824219,26,,CHL,28681,224,146,140784,29183,Under 36 years old,National,Both sexes,Chile,2013
78.0999984741211,26,,CHL,28681,224,265,140784,29183,Under 36 years old,National,Men,Chile,2013
81.4000015258789,26,,CHL,28681,224,266,140784,29183,Under 36 years old,National,Women,Chile,2013
84.4000015258789,26,,CHL,28681,224,146,140786,29183,Total,National,Both sexes,Chile,2013
83.19999694824219,26,,CHL,28681,224,265,140786,29183,Total,National,Men,Chile,2013
85.80000305175781,26,,CHL,28681,224,266,140786,29183,Total,National,Women,Chile,2013
88,26,,CHL,28679,224,146,140785,29183,36 years and older,Rural,Both sexes,Chile,2013
86.80000305175781,26,,CHL,28679,224,265,140785,29183,36 years and older,Rural,Men,Chile,2013
89.5,26,,CHL,28679,224,266,140785,29183,36 years and older,Rural,Women,Chile,2013
78.9000015258789,26,,CHL,28679,224,146,140784,29183,Under 36 years old,Rural,Both sexes,Chile,2013
77,26,,CHL,28679,224,265,140784,29183,Under 36 years old,Rural,Men,Chile,2013
81.0999984741211,26,,CHL,28679,224,266,140784,29183,Under 36 years old,Rural,Women,Chile,2013
83.69999694824219,26,,CHL,28679,224,146,140786,29183,Total,Rural,Both sexes,Chile,2013
82.19999694824219,26,,CHL,28679,224,265,140786,29183,Total,Rural,Men,Chile,2013
85.4000015258789,26,,CHL,28679,224,266,140786,29183,Total,Rural,Women,Chile,2013
91.0999984741211,26,,CHL,28680,224,146,140785,29183,36 years and older,Urban,Both sexes,Chile,2013
90.4000015258789,26,,CHL,28680,224,265,140785,29183,36 years and older,Urban,Men,Chile,2013
92,26,13639,CHL,28680,224,266,140785,29183,36 years and older,Urban,Women,Chile,2013
80.69999694824219,26,,CHL,28680,224,146,140784,29183,Under 36 years old,Urban,Both sexes,Chile,2013
79.5999984741211,26,,CHL,28680,224,265,140784,29183,Under 36 years old,Urban,Men,Chile,2013
81.80000305175781,26,,CHL,28680,224,266,140784,29183,Under 36 years old,Urban,Women,Chile,2013
85.5,26,,CHL,28680,224,146,140786,29183,Total,Urban,Both sexes,Chile,2013
84.69999694824219,26,,CHL,28680,224,265,140786,29183,Total,Urban,Men,Chile,2013
86.30000305175781,26,,CHL,28680,224,266,140786,29183,Total,Urban,Women,Chile,2013
92.5999984741211,26,,CHL,28681,224,146,140785,29185,36 years and older,National,Both sexes,Chile,2015
91.69999694824219,26,,CHL,28681,224,265,140785,29185,36 years and older,National,Men,Chile,2015
93.5999984741211,26,,CHL,28681,224,266,140785,29185,36 years and older,National,Women,Chile,2015
79.30000305175781,26,,CHL,28681,224,146,140784,29185,Under 36 years old,National,Both sexes,Chile,2015
78.5999984741211,26,,CHL,28681,224,265,140784,29185,Under 36 years old,National,Men,Chile,2015
80,26,,CHL,28681,224,266,140784,29185,Under 36 years old,National,Women,Chile,2015
86,26,,CHL,28681,224,146,140786,29185,Total,National,Both sexes,Chile,2015
85.4000015258789,26,,CHL,28681,224,265,140786,29185,Total,National,Men,Chile,2015
86.5999984741211,26,,CHL,28681,224,266,140786,29185,Total,National,Women,Chile,2015
92.0999984741211,26,,CHL,28679,224,146,140785,29185,36 years and older,Rural,Both sexes,Chile,2015
91.0999984741211,26,,CHL,28679,224,265,140785,29185,36 years and older,Rural,Men,Chile,2015
93.30000305175781,26,,CHL,28679,224,266,140785,29185,36 years and older,Rural,Women,Chile,2015
78.30000305175781,26,,CHL,28679,224,146,140784,29185,Under 36 years old,Rural,Both sexes,Chile,2015
77.19999694824219,26,,CHL,28679,224,265,140784,29185,Under 36 years old,Rural,Men,Chile,2015
79.4000015258789,26,,CHL,28679,224,266,140784,29185,Under 36 years old,Rural,Women,Chile,2015
85.5,26,,CHL,28679,224,146,140786,29185,Total,Rural,Both sexes,Chile,2015
84.80000305175781,26,,CHL,28679,224,265,140786,29185,Total,Rural,Men,Chile,2015
86.30000305175781,26,,CHL,28679,224,266,140786,29185,Total,Rural,Women,Chile,2015
93.30000305175781,26,,CHL,28680,224,146,140785,29185,36 years and older,Urban,Both sexes,Chile,2015
92.69999694824219,26,,CHL,28680,224,265,140785,29185,36 years and older,Urban,Men,Chile,2015
94,26,,CHL,28680,224,266,140785,29185,36 years and older,Urban,Women,Chile,2015
80.4000015258789,26,,CHL,28680,224,146,140784,29185,Under 36 years old,Urban,Both sexes,Chile,2015
80.0999984741211,26,,CHL,28680,224,265,140784,29185,Under 36 years old,Urban,Men,Chile,2015
80.80000305175781,26,,CHL,28680,224,266,140784,29185,Under 36 years old,Urban,Women,Chile,2015
86.5999984741211,26,,CHL,28680,224,146,140786,29185,Total,Urban,Both sexes,Chile,2015
86.19999694824219,26,,CHL,28680,224,265,140786,29185,Total,Urban,Men,Chile,2015
87,26,,CHL,28680,224,266,140786,29185,Total,Urban,Women,Chile,2015
91.9000015258789,26,,CHL,28681,224,146,140785,29187,36 years and older,National,Both sexes,Chile,2017
90.69999694824219,26,,CHL,28681,224,265,140785,29187,36 years and older,National,Men,Chile,2017
93.5,26,,CHL,28681,224,266,140785,29187,36 years and older,National,Women,Chile,2017
81.19999694824219,26,,CHL,28681,224,146,140784,29187,Under 36 years old,National,Both sexes,Chile,2017
81.80000305175781,26,,CHL,28681,224,265,140784,29187,Under 36 years old,National,Men,Chile,2017
80.5999984741211,26,,CHL,28681,224,266,140784,29187,Under 36 years old,National,Women,Chile,2017
86.80000305175781,26,,CHL,28681,224,146,140786,29187,Total,National,Both sexes,Chile,2017
86.5999984741211,26,,CHL,28681,224,265,140786,29187,Total,National,Men,Chile,2017
87,26,,CHL,28681,224,266,140786,29187,Total,National,Women,Chile,2017
91.4000015258789,26,,CHL,28679,224,146,140785,29187,36 years and older,Rural,Both sexes,Chile,2017
90.30000305175781,26,,CHL,28679,224,265,140785,29187,36 years and older,Rural,Men,Chile,2017
92.80000305175781,26,,CHL,28679,224,266,140785,29187,36 years and older,Rural,Women,Chile,2017
81,26,,CHL,28679,224,146,140784,29187,Under 36 years old,Rural,Both sexes,Chile,2017
81.4000015258789,26,,CHL,28679,224,265,140784,29187,Under 36 years old,Rural,Men,Chile,2017
80.69999694824219,26,,CHL,28679,224,266,140784,29187,Under 36 years old,Rural,Women,Chile,2017
86.69999694824219,26,,CHL,28679,224,146,140786,29187,Total,Rural,Both sexes,Chile,2017
86.5,26,,CHL,28679,224,265,140786,29187,Total,Rural,Men,Chile,2017
87,26,,CHL,28679,224,266,140786,29187,Total,Rural,Women,Chile,2017
92.5999984741211,26,,CHL,28680,224,146,140785,29187,36 years and older,Urban,Both sexes,Chile,2017
91.0999984741211,26,,CHL,28680,224,265,140785,29187,36 years and older,Urban,Men,Chile,2017
94.30000305175781,26,,CHL,28680,224,266,140785,29187,36 years and older,Urban,Women,Chile,2017
81.4000015258789,26,,CHL,28680,224,146,140784,29187,Under 36 years old,Urban,Both sexes,Chile,2017
82.19999694824219,26,,CHL,28680,224,265,140784,29187,Under 36 years old,Urban,Men,Chile,2017
80.5,26,,CHL,28680,224,266,140784,29187,Under 36 years old,Urban,Women,Chile,2017
86.9000015258789,26,,CHL,28680,224,146,140786,29187,Total,Urban,Both sexes,Chile,2017
86.5999984741211,26,,CHL,28680,224,265,140786,29187,Total,Urban,Men,Chile,2017
87.0999984741211,26,,CHL,28680,224,266,140786,29187,Total,Urban,Women,Chile,2017
90.30000305175781,26,8611,COL,28681,225,146,140785,29182,36 years and older,National,Both sexes,Colombia,2012
90.5999984741211,26,8611,COL,28681,225,265,140785,29182,36 years and older,National,Men,Colombia,2012
89.9000015258789,26,8611,COL,28681,225,266,140785,29182,36 years and older,National,Women,Colombia,2012
76,26,8611,COL,28681,225,146,140784,29182,Under 36 years old,National,Both sexes,Colombia,2012
75.4000015258789,26,8611,COL,28681,225,265,140784,29182,Under 36 years old,National,Men,Colombia,2012
76.5999984741211,26,8611,COL,28681,225,266,140784,29182,Under 36 years old,National,Women,Colombia,2012
81.5999984741211,26,8611,COL,28681,225,146,140786,29182,Total,National,Both sexes,Colombia,2012
81.69999694824219,26,8611,COL,28681,225,265,140786,29182,Total,National,Men,Colombia,2012
81.5,26,8611,COL,28681,225,266,140786,29182,Total,National,Women,Colombia,2012
89.30000305175781,26,8611,COL,28679,225,146,140785,29182,36 years and older,Rural,Both sexes,Colombia,2012
90.19999694824219,26,8611,COL,28679,225,265,140785,29182,36 years and older,Rural,Men,Colombia,2012
88,26,8611,COL,28679,225,266,140785,29182,36 years and older,Rural,Women,Colombia,2012
75,26,8611,COL,28679,225,146,140784,29182,Under 36 years old,Rural,Both sexes,Colombia,2012
74,26,8611,COL,28679,225,265,140784,29182,Under 36 years old,Rural,Men,Colombia,2012
76.0999984741211,26,8611,COL,28679,225,266,140784,29182,Under 36 years old,Rural,Women,Colombia,2012
80.5999984741211,26,8611,COL,28679,225,146,140786,29182,Total,Rural,Both sexes,Colombia,2012
80.69999694824219,26,8611,COL,28679,225,265,140786,29182,Total,Rural,Men,Colombia,2012
80.4000015258789,26,8611,COL,28679,225,266,140786,29182,Total,Rural,Women,Colombia,2012
92,26,8611,COL,28680,225,146,140785,29182,36 years and older,Urban,Both sexes,Colombia,2012
91.19999694824219,26,8611,COL,28680,225,265,140785,29182,36 years and older,Urban,Men,Colombia,2012
93.0999984741211,26,8611,COL,28680,225,266,140785,29182,36 years and older,Urban,Women,Colombia,2012
77.80000305175781,26,8611,COL,28680,225,146,140784,29182,Under 36 years old,Urban,Both sexes,Colombia,2012
78,26,8611,COL,28680,225,265,140784,29182,Under 36 years old,Urban,Men,Colombia,2012
77.5,26,8611,COL,28680,225,266,140784,29182,Under 36 years old,Urban,Women,Colombia,2012
83.5,26,8611,COL,28680,225,146,140786,29182,Total,Urban,Both sexes,Colombia,2012
83.5999984741211,26,8611,COL,28680,225,265,140786,29182,Total,Urban,Men,Colombia,2012
83.4000015258789,26,8611,COL,28680,225,266,140786,29182,Total,Urban,Women,Colombia,2012
91.5999984741211,26,8611,COL,28681,225,146,140785,29183,36 years and older,National,Both sexes,Colombia,2013
91.4000015258789,26,8611,COL,28681,225,265,140785,29183,36 years and older,National,Men,Colombia,2013
91.9000015258789,26,8611,COL,28681,225,266,140785,29183,36 years and older,National,Women,Colombia,2013
75.30000305175781,26,8611,COL,28681,225,146,140784,29183,Under 36 years old,National,Both sexes,Colombia,2013
73.80000305175781,26,8611,COL,28681,225,265,140784,29183,Under 36 years old,National,Men,Colombia,2013
76.9000015258789,26,8611,COL,28681,225,266,140784,29183,Under 36 years old,National,Women,Colombia,2013
81.80000305175781,26,8611,COL,28681,225,146,140786,29183,Total,National,Both sexes,Colombia,2013
81.19999694824219,26,8611,COL,28681,225,265,140786,29183,Total,National,Men,Colombia,2013
82.4000015258789,26,8611,COL,28681,225,266,140786,29183,Total,National,Women,Colombia,2013
91.0999984741211,26,8611,COL,28679,225,146,140785,29183,36 years and older,Rural,Both sexes,Colombia,2013
91.4000015258789,26,8611,COL,28679,225,265,140785,29183,36 years and older,Rural,Men,Colombia,2013
90.69999694824219,26,8611,COL,28679,225,266,140785,29183,36 years and older,Rural,Women,Colombia,2013
74.5999984741211,26,8611,COL,28679,225,146,140784,29183,Under 36 years old,Rural,Both sexes,Colombia,2013
73.80000305175781,26,8611,COL,28679,225,265,140784,29183,Under 36 years old,Rural,Men,Colombia,2013
75.5999984741211,26,8611,COL,28679,225,266,140784,29183,Under 36 years old,Rural,Women,Colombia,2013
81.0999984741211,26,8611,COL,28679,225,146,140786,29183,Total,Rural,Both sexes,Colombia,2013
81.0999984741211,26,8611,COL,28679,225,265,140786,29183,Total,Rural,Men,Colombia,2013
81.0999984741211,26,8611,COL,28679,225,266,140786,29183,Total,Rural,Women,Colombia,2013
92.5999984741211,26,8611,COL,28680,225,146,140785,29183,36 years and older,Urban,Both sexes,Colombia,2013
91.5,26,8611,COL,28680,225,265,140785,29183,36 years and older,Urban,Men,Colombia,2013
94.0999984741211,26,8611,COL,28680,225,266,140785,29183,36 years and older,Urban,Women,Colombia,2013
76.5999984741211,26,8611,COL,28680,225,146,140784,29183,Under 36 years old,Urban,Both sexes,Colombia,2013
73.9000015258789,26,8611,COL,28680,225,265,140784,29183,Under 36 years old,Urban,Men,Colombia,2013
79.4000015258789,26,8611,COL,28680,225,266,140784,29183,Under 36 years old,Urban,Women,Colombia,2013
82.9000015258789,26,8611,COL,28680,225,146,140786,29183,Total,Urban,Both sexes,Colombia,2013
81.30000305175781,26,8611,COL,28680,225,265,140786,29183,Total,Urban,Men,Colombia,2013
84.80000305175781,26,8611,COL,28680,225,266,140786,29183,Total,Urban,Women,Colombia,2013
89,26,8611,COL,28681,225,146,140785,29184,36 years and older,National,Both sexes,Colombia,2014
89.19999694824219,26,8611,COL,28681,225,265,140785,29184,36 years and older,National,Men,Colombia,2014
88.80000305175781,26,8611,COL,28681,225,266,140785,29184,36 years and older,National,Women,Colombia,2014
70.80000305175781,26,8611,COL,28681,225,146,140784,29184,Under 36 years old,National,Both sexes,Colombia,2014
69.69999694824219,26,8611,COL,28681,225,265,140784,29184,Under 36 years old,National,Men,Colombia,2014
72,26,8611,COL,28681,225,266,140784,29184,Under 36 years old,National,Women,Colombia,2014
78.30000305175781,26,8611,COL,28681,225,146,140786,29184,Total,National,Both sexes,Colombia,2014
78.19999694824219,26,8611,COL,28681,225,265,140786,29184,Total,National,Men,Colombia,2014
78.4000015258789,26,8611,COL,28681,225,266,140786,29184,Total,National,Women,Colombia,2014
88.5,26,8611,COL,28679,225,146,140785,29184,36 years and older,Rural,Both sexes,Colombia,2014
89.0999984741211,26,8611,COL,28679,225,265,140785,29184,36 years and older,Rural,Men,Colombia,2014
87.80000305175781,26,8611,COL,28679,225,266,140785,29184,36 years and older,Rural,Women,Colombia,2014
70.5,26,8611,COL,28679,225,146,140784,29184,Under 36 years old,Rural,Both sexes,Colombia,2014
70.30000305175781,26,8611,COL,28679,225,265,140784,29184,Under 36 years old,Rural,Men,Colombia,2014
70.80000305175781,26,8611,COL,28679,225,266,140784,29184,Under 36 years old,Rural,Women,Colombia,2014
77.9000015258789,26,8611,COL,28679,225,146,140786,29184,Total,Rural,Both sexes,Colombia,2014
78.4000015258789,26,8611,COL,28679,225,265,140786,29184,Total,Rural,Men,Colombia,2014
77.19999694824219,26,8611,COL,28679,225,266,140786,29184,Total,Rural,Women,Colombia,2014
90.0999984741211,26,8611,COL,28680,225,146,140785,29184,36 years and older,Urban,Both sexes,Colombia,2014
89.5,26,8611,COL,28680,225,265,140785,29184,36 years and older,Urban,Men,Colombia,2014
90.9000015258789,26,8611,COL,28680,225,266,140785,29184,36 years and older,Urban,Women,Colombia,2014
71.30000305175781,26,8611,COL,28680,225,146,140784,29184,Under 36 years old,Urban,Both sexes,Colombia,2014
68.5,26,8611,COL,28680,225,265,140784,29184,Under 36 years old,Urban,Men,Colombia,2014
74.30000305175781,26,8611,COL,28680,225,266,140784,29184,Under 36 years old,Urban,Women,Colombia,2014
79,26,8611,COL,28680,225,146,140786,29184,Total,Urban,Both sexes,Colombia,2014
77.69999694824219,26,8611,COL,28680,225,265,140786,29184,Total,Urban,Men,Colombia,2014
80.69999694824219,26,8611,COL,28680,225,266,140786,29184,Total,Urban,Women,Colombia,2014
88.5,26,8611,COL,28681,225,146,140785,29185,36 years and older,National,Both sexes,Colombia,2015
88.5,26,8611,COL,28681,225,265,140785,29185,36 years and older,National,Men,Colombia,2015
88.5999984741211,26,8611,COL,28681,225,266,140785,29185,36 years and older,National,Women,Colombia,2015
72.9000015258789,26,8611,COL,28681,225,146,140784,29185,Under 36 years old,National,Both sexes,Colombia,2015
72.69999694824219,26,8611,COL,28681,225,265,140784,29185,Under 36 years old,National,Men,Colombia,2015
73.19999694824219,26,8611,COL,28681,225,266,140784,29185,Under 36 years old,National,Women,Colombia,2015
79.19999694824219,26,8611,COL,28681,225,146,140786,29185,Total,National,Both sexes,Colombia,2015
79.4000015258789,26,8611,COL,28681,225,265,140786,29185,Total,National,Men,Colombia,2015
79,26,8611,COL,28681,225,266,140786,29185,Total,National,Women,Colombia,2015
88.0999984741211,26,8611,COL,28679,225,146,140785,29185,36 years and older,Rural,Both sexes,Colombia,2015
88.69999694824219,26,8611,COL,28679,225,265,140785,29185,36 years and older,Rural,Men,Colombia,2015
87.30000305175781,26,8611,COL,28679,225,266,140785,29185,36 years and older,Rural,Women,Colombia,2015
72,26,8611,COL,28679,225,146,140784,29185,Under 36 years old,Rural,Both sexes,Colombia,2015
72.4000015258789,26,8611,COL,28679,225,265,140784,29185,Under 36 years old,Rural,Men,Colombia,2015
71.5,26,8611,COL,28679,225,266,140784,29185,Under 36 years old,Rural,Women,Colombia,2015
78.4000015258789,26,8611,COL,28679,225,146,140786,29185,Total,Rural,Both sexes,Colombia,2015
79.30000305175781,26,8611,COL,28679,225,265,140786,29185,Total,Rural,Men,Colombia,2015
77.4000015258789,26,8611,COL,28679,225,266,140786,29185,Total,Rural,Women,Colombia,2015
89.30000305175781,26,8611,COL,28680,225,146,140785,29185,36 years and older,Urban,Both sexes,Colombia,2015
88.0999984741211,26,8611,COL,28680,225,265,140785,29185,36 years and older,Urban,Men,Colombia,2015
90.9000015258789,26,8611,COL,28680,225,266,140785,29185,36 years and older,Urban,Women,Colombia,2015
74.80000305175781,26,8611,COL,28680,225,146,140784,29185,Under 36 years old,Urban,Both sexes,Colombia,2015
73.30000305175781,26,8611,COL,28680,225,265,140784,29185,Under 36 years old,Urban,Men,Colombia,2015
76.5,26,8611,COL,28680,225,266,140784,29185,Under 36 years old,Urban,Women,Colombia,2015
80.80000305175781,26,8611,COL,28680,225,146,140786,29185,Total,Urban,Both sexes,Colombia,2015
79.69999694824219,26,8611,COL,28680,225,265,140786,29185,Total,Urban,Men,Colombia,2015
82.0999984741211,26,8611,COL,28680,225,266,140786,29185,Total,Urban,Women,Colombia,2015
89,26,8611,COL,28681,225,146,140785,29186,36 years and older,National,Both sexes,Colombia,2016
89.30000305175781,26,8611,COL,28681,225,265,140785,29186,36 years and older,National,Men,Colombia,2016
88.5,26,8611,COL,28681,225,266,140785,29186,36 years and older,National,Women,Colombia,2016
71.80000305175781,26,8611,COL,28681,225,146,140784,29186,Under 36 years old,National,Both sexes,Colombia,2016
70.5,26,8611,COL,28681,225,265,140784,29186,Under 36 years old,National,Men,Colombia,2016
73.30000305175781,26,8611,COL,28681,225,266,140784,29186,Under 36 years old,National,Women,Colombia,2016
78.9000015258789,26,8611,COL,28681,225,146,140786,29186,Total,National,Both sexes,Colombia,2016
78.80000305175781,26,8611,COL,28681,225,265,140786,29186,Total,National,Men,Colombia,2016
79.0999984741211,26,8611,COL,28681,225,266,140786,29186,Total,National,Women,Colombia,2016
88.80000305175781,26,8611,COL,28679,225,146,140785,29186,36 years and older,Rural,Both sexes,Colombia,2016
89.4000015258789,26,8611,COL,28679,225,265,140785,29186,36 years and older,Rural,Men,Colombia,2016
88,26,8611,COL,28679,225,266,140785,29186,36 years and older,Rural,Women,Colombia,2016
71.0999984741211,26,8611,COL,28679,225,146,140784,29186,Under 36 years old,Rural,Both sexes,Colombia,2016
70.19999694824219,26,8611,COL,28679,225,265,140784,29186,Under 36 years old,Rural,Men,Colombia,2016
72.19999694824219,26,8611,COL,28679,225,266,140784,29186,Under 36 years old,Rural,Women,Colombia,2016
78.30000305175781,26,8611,COL,28679,225,146,140786,29186,Total,Rural,Both sexes,Colombia,2016
78.5,26,8611,COL,28679,225,265,140786,29186,Total,Rural,Men,Colombia,2016
78.0999984741211,26,8611,COL,28679,225,266,140786,29186,Total,Rural,Women,Colombia,2016
89.19999694824219,26,8611,COL,28680,225,146,140785,29186,36 years and older,Urban,Both sexes,Colombia,2016
89.0999984741211,26,8611,COL,28680,225,265,140785,29186,36 years and older,Urban,Men,Colombia,2016
89.4000015258789,26,8611,COL,28680,225,266,140785,29186,36 years and older,Urban,Women,Colombia,2016
73.19999694824219,26,8611,COL,28680,225,146,140784,29186,Under 36 years old,Urban,Both sexes,Colombia,2016
71.0999984741211,26,8611,COL,28680,225,265,140784,29186,Under 36 years old,Urban,Men,Colombia,2016
75.4000015258789,26,8611,COL,28680,225,266,140784,29186,Under 36 years old,Urban,Women,Colombia,2016
80.0999984741211,26,8611,COL,28680,225,146,140786,29186,Total,Urban,Both sexes,Colombia,2016
79.30000305175781,26,8611,COL,28680,225,265,140786,29186,Total,Urban,Men,Colombia,2016
81,26,8611,COL,28680,225,266,140786,29186,Total,Urban,Women,Colombia,2016
92.30000305175781,26,8611,COL,28680,225,146,140785,29187,36 years and older,Urban,Both sexes,Colombia,2017
92.19999694824219,26,8611,COL,28680,225,265,140785,29187,36 years and older,Urban,Men,Colombia,2017
92.4000015258789,26,8611,COL,28680,225,266,140785,29187,36 years and older,Urban,Women,Colombia,2017
80.69999694824219,26,8611,COL,28680,225,146,140784,29187,Under 36 years old,Urban,Both sexes,Colombia,2017
80.30000305175781,26,8611,COL,28680,225,265,140784,29187,Under 36 years old,Urban,Men,Colombia,2017
81.0999984741211,26,8611,COL,28680,225,266,140784,29187,Under 36 years old,Urban,Women,Colombia,2017
85.69999694824219,26,8611,COL,28680,225,146,140786,29187,Total,Urban,Both sexes,Colombia,2017
85.69999694824219,26,8611,COL,28680,225,265,140786,29187,Total,Urban,Men,Colombia,2017
85.80000305175781,26,8611,COL,28680,225,266,140786,29187,Total,Urban,Women,Colombia,2017
87.69999694824219,26,8611,COL,28681,225,146,140785,29188,36 years and older,National,Both sexes,Colombia,2018
87.5999984741211,26,8611,COL,28681,225,265,140785,29188,36 years and older,National,Men,Colombia,2018
87.9000015258789,26,8611,COL,28681,225,266,140785,29188,36 years and older,National,Women,Colombia,2018
70.30000305175781,26,8611,COL,28681,225,146,140784,29188,Under 36 years old,National,Both sexes,Colombia,2018
69.30000305175781,26,8611,COL,28681,225,265,140784,29188,Under 36 years old,National,Men,Colombia,2018
71.4000015258789,26,8611,COL,28681,225,266,140784,29188,Under 36 years old,National,Women,Colombia,2018
77.4000015258789,26,8611,COL,28681,225,146,140786,29188,Total,National,Both sexes,Colombia,2018
77.19999694824219,26,8611,COL,28681,225,265,140786,29188,Total,National,Men,Colombia,2018
77.5,26,8611,COL,28681,225,266,140786,29188,Total,National,Women,Colombia,2018
86.5999984741211,26,8611,COL,28679,225,146,140785,29188,36 years and older,Rural,Both sexes,Colombia,2018
86.5999984741211,26,8611,COL,28679,225,265,140785,29188,36 years and older,Rural,Men,Colombia,2018
86.5999984741211,26,8611,COL,28679,225,266,140785,29188,36 years and older,Rural,Women,Colombia,2018
68.5,26,8611,COL,28679,225,146,140784,29188,Under 36 years old,Rural,Both sexes,Colombia,2018
68,26,8611,COL,28679,225,265,140784,29188,Under 36 years old,Rural,Men,Colombia,2018
69.0999984741211,26,8611,COL,28679,225,266,140784,29188,Under 36 years old,Rural,Women,Colombia,2018
75.80000305175781,26,8611,COL,28679,225,146,140786,29188,Total,Rural,Both sexes,Colombia,2018
76,26,8611,COL,28679,225,265,140786,29188,Total,Rural,Men,Colombia,2018
75.5,26,8611,COL,28679,225,266,140786,29188,Total,Rural,Women,Colombia,2018
92.5999984741211,26,8611,COL,28680,225,146,140785,29188,36 years and older,Urban,Both sexes,Colombia,2018
92.30000305175781,26,8611,COL,28680,225,265,140785,29188,36 years and older,Urban,Men,Colombia,2018
93,26,8611,COL,28680,225,266,140785,29188,36 years and older,Urban,Women,Colombia,2018
78.5,26,8611,COL,28680,225,146,140784,29188,Under 36 years old,Urban,Both sexes,Colombia,2018
75.4000015258789,26,8611,COL,28680,225,265,140784,29188,Under 36 years old,Urban,Men,Colombia,2018
81.80000305175781,26,8611,COL,28680,225,266,140784,29188,Under 36 years old,Urban,Women,Colombia,2018
84.30000305175781,26,8611,COL,28680,225,146,140786,29188,Total,Urban,Both sexes,Colombia,2018
82.69999694824219,26,8611,COL,28680,225,265,140786,29188,Total,Urban,Men,Colombia,2018
86.19999694824219,26,8611,COL,28680,225,266,140786,29188,Total,Urban,Women,Colombia,2018
87.5,26,8611,COL,28681,225,146,140785,29189,36 years and older,National,Both sexes,Colombia,2019
87.80000305175781,26,8611,COL,28681,225,265,140785,29189,36 years and older,National,Men,Colombia,2019
87.0999984741211,26,8611,COL,28681,225,266,140785,29189,36 years and older,National,Women,Colombia,2019
70.5,26,8611,COL,28681,225,146,140784,29189,Under 36 years old,National,Both sexes,Colombia,2019
69.5999984741211,26,8611,COL,28681,225,265,140784,29189,Under 36 years old,National,Men,Colombia,2019
71.4000015258789,26,8611,COL,28681,225,266,140784,29189,Under 36 years old,National,Women,Colombia,2019
78,26,8611,COL,28681,225,146,140786,29189,Total,National,Both sexes,Colombia,2019
78.0999984741211,26,8611,COL,28681,225,265,140786,29189,Total,National,Men,Colombia,2019
77.9000015258789,26,8611,COL,28681,225,266,140786,29189,Total,National,Women,Colombia,2019
86.30000305175781,26,8611,COL,28679,225,146,140785,29189,36 years and older,Rural,Both sexes,Colombia,2019
86.69999694824219,26,8611,COL,28679,225,265,140785,29189,36 years and older,Rural,Men,Colombia,2019
85.5999984741211,26,8611,COL,28679,225,266,140785,29189,36 years and older,Rural,Women,Colombia,2019
68,26,8611,COL,28679,225,146,140784,29189,Under 36 years old,Rural,Both sexes,Colombia,2019
67.30000305175781,26,8611,COL,28679,225,265,140784,29189,Under 36 years old,Rural,Men,Colombia,2019
68.80000305175781,26,8611,COL,28679,225,266,140784,29189,Under 36 years old,Rural,Women,Colombia,2019
76,26,8611,COL,28679,225,146,140786,29189,Total,Rural,Both sexes,Colombia,2019
76.4000015258789,26,8611,COL,28679,225,265,140786,29189,Total,Rural,Men,Colombia,2019
75.5,26,8611,COL,28679,225,266,140786,29189,Total,Rural,Women,Colombia,2019
92.5999984741211,26,8611,COL,28680,225,146,140785,29189,36 years and older,Urban,Both sexes,Colombia,2019
92.5999984741211,26,8611,COL,28680,225,265,140785,29189,36 years and older,Urban,Men,Colombia,2019
92.5,26,8611,COL,28680,225,266,140785,29189,36 years and older,Urban,Women,Colombia,2019
81.80000305175781,26,8611,COL,28680,225,146,140784,29189,Under 36 years old,Urban,Both sexes,Colombia,2019
80.19999694824219,26,8611,COL,28680,225,265,140784,29189,Under 36 years old,Urban,Men,Colombia,2019
83.5999984741211,26,8611,COL,28680,225,266,140784,29189,Under 36 years old,Urban,Women,Colombia,2019
86.9000015258789,26,8611,COL,28680,225,146,140786,29189,Total,Urban,Both sexes,Colombia,2019
86.19999694824219,26,8611,COL,28680,225,265,140786,29189,Total,Urban,Men,Colombia,2019
87.5999984741211,26,8611,COL,28680,225,266,140786,29189,Total,Urban,Women,Colombia,2019
89,26,8611,COL,28681,225,146,140785,29190,36 years and older,National,Both sexes,Colombia,2020
89.4000015258789,26,8611,COL,28681,225,265,140785,29190,36 years and older,National,Men,Colombia,2020
88.5,26,8611,COL,28681,225,266,140785,29190,36 years and older,National,Women,Colombia,2020
76.69999694824219,26,8611,COL,28681,225,146,140784,29190,Under 36 years old,National,Both sexes,Colombia,2020
75.80000305175781,26,8611,COL,28681,225,265,140784,29190,Under 36 years old,National,Men,Colombia,2020
77.69999694824219,26,8611,COL,28681,225,266,140784,29190,Under 36 years old,National,Women,Colombia,2020
82.0999984741211,26,8611,COL,28681,225,146,140786,29190,Total,National,Both sexes,Colombia,2020
82.0999984741211,26,8611,COL,28681,225,265,140786,29190,Total,National,Men,Colombia,2020
82,26,8611,COL,28681,225,266,140786,29190,Total,National,Women,Colombia,2020
87.5999984741211,26,8611,COL,28679,225,146,140785,29190,36 years and older,Rural,Both sexes,Colombia,2020
88.19999694824219,26,8611,COL,28679,225,265,140785,29190,36 years and older,Rural,Men,Colombia,2020
86.80000305175781,26,8611,COL,28679,225,266,140785,29190,36 years and older,Rural,Women,Colombia,2020
74.5999984741211,26,8611,COL,28679,225,146,140784,29190,Under 36 years old,Rural,Both sexes,Colombia,2020
73.69999694824219,26,8611,COL,28679,225,265,140784,29190,Under 36 years old,Rural,Men,Colombia,2020
75.5999984741211,26,8611,COL,28679,225,266,140784,29190,Under 36 years old,Rural,Women,Colombia,2020
80.19999694824219,26,8611,COL,28679,225,146,140786,29190,Total,Rural,Both sexes,Colombia,2020
80.4000015258789,26,8611,COL,28679,225,265,140786,29190,Total,Rural,Men,Colombia,2020
80.0999984741211,26,8611,COL,28679,225,266,140786,29190,Total,Rural,Women,Colombia,2020
94.80000305175781,26,8611,COL,28680,225,146,140785,29190,36 years and older,Urban,Both sexes,Colombia,2020
94.69999694824219,26,8611,COL,28680,225,265,140785,29190,36 years and older,Urban,Men,Colombia,2020
95,26,8611,COL,28680,225,266,140785,29190,36 years and older,Urban,Women,Colombia,2020
86,26,8611,COL,28680,225,146,140784,29190,Under 36 years old,Urban,Both sexes,Colombia,2020
85.19999694824219,26,8611,COL,28680,225,265,140784,29190,Under 36 years old,Urban,Men,Colombia,2020
86.9000015258789,26,8611,COL,28680,225,266,140784,29190,Under 36 years old,Urban,Women,Colombia,2020
90,26,8611,COL,28680,225,146,140786,29190,Total,Urban,Both sexes,Colombia,2020
89.69999694824219,26,8611,COL,28680,225,265,140786,29190,Total,Urban,Men,Colombia,2020
90.4000015258789,26,8611,COL,28680,225,266,140786,29190,Total,Urban,Women,Colombia,2020
90.19999694824219,26,8611,COL,28681,225,146,140785,29191,36 years and older,National,Both sexes,Colombia,2021
90.30000305175781,26,8611,COL,28681,225,265,140785,29191,36 years and older,National,Men,Colombia,2021
90.0999984741211,26,8611,COL,28681,225,266,140785,29191,36 years and older,National,Women,Colombia,2021
80.5,26,8611,COL,28681,225,146,140784,29191,Under 36 years old,National,Both sexes,Colombia,2021
80.4000015258789,26,8611,COL,28681,225,265,140784,29191,Under 36 years old,National,Men,Colombia,2021
80.69999694824219,26,8611,COL,28681,225,266,140784,29191,Under 36 years old,National,Women,Colombia,2021
84.80000305175781,26,8611,COL,28681,225,146,140786,29191,Total,National,Both sexes,Colombia,2021
85,26,8611,COL,28681,225,265,140786,29191,Total,National,Men,Colombia,2021
84.5,26,8611,COL,28681,225,266,140786,29191,Total,National,Women,Colombia,2021
88.9000015258789,26,8611,COL,28679,225,146,140785,29191,36 years and older,Rural,Both sexes,Colombia,2021
89.0999984741211,26,8611,COL,28679,225,265,140785,29191,36 years and older,Rural,Men,Colombia,2021
88.5999984741211,26,8611,COL,28679,225,266,140785,29191,36 years and older,Rural,Women,Colombia,2021
78.30000305175781,26,8611,COL,28679,225,146,140784,29191,Under 36 years old,Rural,Both sexes,Colombia,2021
78.19999694824219,26,8611,COL,28679,225,265,140784,29191,Under 36 years old,Rural,Men,Colombia,2021
78.4000015258789,26,8611,COL,28679,225,266,140784,29191,Under 36 years old,Rural,Women,Colombia,2021
82.9000015258789,26,8611,COL,28679,225,146,140786,29191,Total,Rural,Both sexes,Colombia,2021
83.19999694824219,26,8611,COL,28679,225,265,140786,29191,Total,Rural,Men,Colombia,2021
82.4000015258789,26,8611,COL,28679,225,266,140786,29191,Total,Rural,Women,Colombia,2021
94.69999694824219,26,8611,COL,28680,225,146,140785,29191,36 years and older,Urban,Both sexes,Colombia,2021
94.5999984741211,26,8611,COL,28680,225,265,140785,29191,36 years and older,Urban,Men,Colombia,2021
94.9000015258789,26,8611,COL,28680,225,266,140785,29191,36 years and older,Urban,Women,Colombia,2021
89.19999694824219,26,8611,COL,28680,225,146,140784,29191,Under 36 years old,Urban,Both sexes,Colombia,2021
89,26,8611,COL,28680,225,265,140784,29191,Under 36 years old,Urban,Men,Colombia,2021
89.5,26,8611,COL,28680,225,266,140784,29191,Under 36 years old,Urban,Women,Colombia,2021
91.80000305175781,26,8611,COL,28680,225,146,140786,29191,Total,Urban,Both sexes,Colombia,2021
91.69999694824219,26,8611,COL,28680,225,265,140786,29191,Total,Urban,Men,Colombia,2021
91.80000305175781,26,8611,COL,28680,225,266,140786,29191,Total,Urban,Women,Colombia,2021
64.69999694824219,26,8613,CRI,28681,226,146,140785,29182,36 years and older,National,Both sexes,Costa Rica,2012
66.5999984741211,26,8613,CRI,28681,226,265,140785,29182,36 years and older,National,Men,Costa Rica,2012
62.29999923706055,26,8613,CRI,28681,226,266,140785,29182,36 years and older,National,Women,Costa Rica,2012
63.29999923706055,26,8613,CRI,28681,226,146,140784,29182,Under 36 years old,National,Both sexes,Costa Rica,2012
62.900001525878906,26,8613,CRI,28681,226,265,140784,29182,Under 36 years old,National,Men,Costa Rica,2012
63.70000076293945,26,8613,CRI,28681,226,266,140784,29182,Under 36 years old,National,Women,Costa Rica,2012
63.79999923706055,26,8613,CRI,28681,226,146,140786,29182,Total,National,Both sexes,Costa Rica,2012
64.5,26,8613,CRI,28681,226,265,140786,29182,Total,National,Men,Costa Rica,2012
63.099998474121094,26,8613,CRI,28681,226,266,140786,29182,Total,National,Women,Costa Rica,2012
63.400001525878906,26,8613,CRI,28679,226,146,140785,29182,36 years and older,Rural,Both sexes,Costa Rica,2012
66,26,8613,CRI,28679,226,265,140785,29182,36 years and older,Rural,Men,Costa Rica,2012
60,26,8613,CRI,28679,226,266,140785,29182,36 years and older,Rural,Women,Costa Rica,2012
61.099998474121094,26,8613,CRI,28679,226,146,140784,29182,Under 36 years old,Rural,Both sexes,Costa Rica,2012
61.20000076293945,26,8613,CRI,28679,226,265,140784,29182,Under 36 years old,Rural,Men,Costa Rica,2012
61,26,8613,CRI,28679,226,266,140784,29182,Under 36 years old,Rural,Women,Costa Rica,2012
62,26,8613,CRI,28679,226,146,140786,29182,Total,Rural,Both sexes,Costa Rica,2012
63.20000076293945,26,8613,CRI,28679,226,265,140786,29182,Total,Rural,Men,Costa Rica,2012
60.599998474121094,26,8613,CRI,28679,226,266,140786,29182,Total,Rural,Women,Costa Rica,2012
71.9000015258789,26,8613,CRI,28680,226,146,140785,29182,36 years and older,Urban,Both sexes,Costa Rica,2012
70,26,8613,CRI,28680,226,265,140785,29182,36 years and older,Urban,Men,Costa Rica,2012
74.19999694824219,26,8613,CRI,28680,226,266,140785,29182,36 years and older,Urban,Women,Costa Rica,2012
78.69999694824219,26,8613,CRI,28680,226,146,140784,29182,Under 36 years old,Urban,Both sexes,Costa Rica,2012
73.9000015258789,26,8613,CRI,28680,226,265,140784,29182,Under 36 years old,Urban,Men,Costa Rica,2012
84.5999984741211,26,8613,CRI,28680,226,266,140784,29182,Under 36 years old,Urban,Women,Costa Rica,2012
75.5999984741211,26,8613,CRI,28680,226,146,140786,29182,Total,Urban,Both sexes,Costa Rica,2012
72.0999984741211,26,8613,CRI,28680,226,265,140786,29182,Total,Urban,Men,Costa Rica,2012
79.69999694824219,26,8613,CRI,28680,226,266,140786,29182,Total,Urban,Women,Costa Rica,2012
85.80000305175781,26,"8613,13639",CRI,28681,226,146,140785,29185,36 years and older,National,Both sexes,Costa Rica,2015
85.5,26,"8613,13639",CRI,28681,226,265,140785,29185,36 years and older,National,Men,Costa Rica,2015
86.19999694824219,26,"8613,13639",CRI,28681,226,266,140785,29185,36 years and older,National,Women,Costa Rica,2015
80.69999694824219,26,8613,CRI,28681,226,146,140784,29185,Under 36 years old,National,Both sexes,Costa Rica,2015
80,26,"8613,13639",CRI,28681,226,265,140784,29185,Under 36 years old,National,Men,Costa Rica,2015
81.5,26,"8613,13639",CRI,28681,226,266,140784,29185,Under 36 years old,National,Women,Costa Rica,2015
82.80000305175781,26,8613,CRI,28681,226,146,140786,29185,Total,National,Both sexes,Costa Rica,2015
82.4000015258789,26,8613,CRI,28681,226,265,140786,29185,Total,National,Men,Costa Rica,2015
83.30000305175781,26,"8613,13639",CRI,28681,226,266,140786,29185,Total,National,Women,Costa Rica,2015
84.80000305175781,26,"8613,13639",CRI,28679,226,146,140785,29185,36 years and older,Rural,Both sexes,Costa Rica,2015
84.30000305175781,26,"8613,13639",CRI,28679,226,265,140785,29185,36 years and older,Rural,Men,Costa Rica,2015
85.4000015258789,26,"8613,13639",CRI,28679,226,266,140785,29185,36 years and older,Rural,Women,Costa Rica,2015
78.5,26,"8613,13639",CRI,28679,226,146,140784,29185,Under 36 years old,Rural,Both sexes,Costa Rica,2015
78,26,"8613,13639",CRI,28679,226,265,140784,29185,Under 36 years old,Rural,Men,Costa Rica,2015
79,26,"8613,13639",CRI,28679,226,266,140784,29185,Under 36 years old,Rural,Women,Costa Rica,2015
81.0999984741211,26,8613,CRI,28679,226,146,140786,29185,Total,Rural,Both sexes,Costa Rica,2015
80.69999694824219,26,"8613,13639",CRI,28679,226,265,140786,29185,Total,Rural,Men,Costa Rica,2015
81.5,26,"8613,13639",CRI,28679,226,266,140786,29185,Total,Rural,Women,Costa Rica,2015
88.0999984741211,26,"8613,13639",CRI,28680,226,146,140785,29185,36 years and older,Urban,Both sexes,Costa Rica,2015
88.5,26,"8613,13639",CRI,28680,226,265,140785,29185,36 years and older,Urban,Men,Costa Rica,2015
87.5999984741211,26,"8613,13639",CRI,28680,226,266,140785,29185,36 years and older,Urban,Women,Costa Rica,2015
85.69999694824219,26,"8613,13639",CRI,28680,226,146,140784,29185,Under 36 years old,Urban,Both sexes,Costa Rica,2015
84.5,26,"8613,13639",CRI,28680,226,265,140784,29185,Under 36 years old,Urban,Men,Costa Rica,2015
86.9000015258789,26,"8613,13639",CRI,28680,226,266,140784,29185,Under 36 years old,Urban,Women,Costa Rica,2015
86.69999694824219,26,"8613,13639",CRI,28680,226,146,140786,29185,Total,Urban,Both sexes,Costa Rica,2015
86.19999694824219,26,"8613,13639",CRI,28680,226,265,140786,29185,Total,Urban,Men,Costa Rica,2015
87.19999694824219,26,"8613,13639",CRI,28680,226,266,140786,29185,Total,Urban,Women,Costa Rica,2015
86.9000015258789,26,"8613,13639",CRI,28681,226,146,140785,29186,36 years and older,National,Both sexes,Costa Rica,2016
86.69999694824219,26,"8613,13639",CRI,28681,226,265,140785,29186,36 years and older,National,Men,Costa Rica,2016
87.0999984741211,26,"8613,13639",CRI,28681,226,266,140785,29186,36 years and older,National,Women,Costa Rica,2016
83.0999984741211,26,8613,CRI,28681,226,146,140784,29186,Under 36 years old,National,Both sexes,Costa Rica,2016
83.80000305175781,26,"8613,13639",CRI,28681,226,265,140784,29186,Under 36 years old,National,Men,Costa Rica,2016
82.4000015258789,26,"8613,13639",CRI,28681,226,266,140784,29186,Under 36 years old,National,Women,Costa Rica,2016
84.69999694824219,26,8613,CRI,28681,226,146,140786,29186,Total,National,Both sexes,Costa Rica,2016
85.0999984741211,26,8613,CRI,28681,226,265,140786,29186,Total,National,Men,Costa Rica,2016
84.19999694824219,26,"8613,13639",CRI,28681,226,266,140786,29186,Total,National,Women,Costa Rica,2016
84.80000305175781,26,"8613,13639",CRI,28679,226,146,140785,29186,36 years and older,Rural,Both sexes,Costa Rica,2016
85.19999694824219,26,"8613,13639",CRI,28679,226,265,140785,29186,36 years and older,Rural,Men,Costa Rica,2016
84.4000015258789,26,"8613,13639",CRI,28679,226,266,140785,29186,36 years and older,Rural,Women,Costa Rica,2016
81.19999694824219,26,"8613,13639",CRI,28679,226,146,140784,29186,Under 36 years old,Rural,Both sexes,Costa Rica,2016
82.5,26,"8613,13639",CRI,28679,226,265,140784,29186,Under 36 years old,Rural,Men,Costa Rica,2016
79.9000015258789,26,"8613,13639",CRI,28679,226,266,140784,29186,Under 36 years old,Rural,Women,Costa Rica,2016
82.69999694824219,26,8613,CRI,28679,226,146,140786,29186,Total,Rural,Both sexes,Costa Rica,2016
83.69999694824219,26,"8613,13639",CRI,28679,226,265,140786,29186,Total,Rural,Men,Costa Rica,2016
81.5999984741211,26,"8613,13639",CRI,28679,226,266,140786,29186,Total,Rural,Women,Costa Rica,2016
91.69999694824219,26,"8613,13639",CRI,28680,226,146,140785,29186,36 years and older,Urban,Both sexes,Costa Rica,2016
90.5999984741211,26,"8613,13639",CRI,28680,226,265,140785,29186,36 years and older,Urban,Men,Costa Rica,2016
93,26,"8613,13639",CRI,28680,226,266,140785,29186,36 years and older,Urban,Women,Costa Rica,2016
87.5999984741211,26,"8613,13639",CRI,28680,226,146,140784,29186,Under 36 years old,Urban,Both sexes,Costa Rica,2016
87.0999984741211,26,"8613,13639",CRI,28680,226,265,140784,29186,Under 36 years old,Urban,Men,Costa Rica,2016
88.19999694824219,26,"8613,13639",CRI,28680,226,266,140784,29186,Under 36 years old,Urban,Women,Costa Rica,2016
89.4000015258789,26,"8613,13639",CRI,28680,226,146,140786,29186,Total,Urban,Both sexes,Costa Rica,2016
88.5999984741211,26,"8613,13639",CRI,28680,226,265,140786,29186,Total,Urban,Men,Costa Rica,2016
90.19999694824219,26,"8613,13639",CRI,28680,226,266,140786,29186,Total,Urban,Women,Costa Rica,2016
88,26,"8613,13639",CRI,28681,226,146,140785,29187,36 years and older,National,Both sexes,Costa Rica,2017
87.9000015258789,26,"8613,13639",CRI,28681,226,265,140785,29187,36 years and older,National,Men,Costa Rica,2017
88.19999694824219,26,"8613,13639",CRI,28681,226,266,140785,29187,36 years and older,National,Women,Costa Rica,2017
83.9000015258789,26,8613,CRI,28681,226,146,140784,29187,Under 36 years old,National,Both sexes,Costa Rica,2017
83.5999984741211,26,"8613,13639",CRI,28681,226,265,140784,29187,Under 36 years old,National,Men,Costa Rica,2017
84.19999694824219,26,"8613,13639",CRI,28681,226,266,140784,29187,Under 36 years old,National,Women,Costa Rica,2017
85.5999984741211,26,8613,CRI,28681,226,146,140786,29187,Total,National,Both sexes,Costa Rica,2017
85.5,26,"8613,13639",CRI,28681,226,265,140786,29187,Total,National,Men,Costa Rica,2017
85.80000305175781,26,"8613,13639",CRI,28681,226,266,140786,29187,Total,National,Women,Costa Rica,2017
86.5,26,"8613,13639",CRI,28679,226,146,140785,29187,36 years and older,Rural,Both sexes,Costa Rica,2017
85.80000305175781,26,"8613,13639",CRI,28679,226,265,140785,29187,36 years and older,Rural,Men,Costa Rica,2017
87.30000305175781,26,"8613,13639",CRI,28679,226,266,140785,29187,36 years and older,Rural,Women,Costa Rica,2017
81.69999694824219,26,"8613,13639",CRI,28679,226,146,140784,29187,Under 36 years old,Rural,Both sexes,Costa Rica,2017
81.30000305175781,26,"8613,13639",CRI,28679,226,265,140784,29187,Under 36 years old,Rural,Men,Costa Rica,2017
82,26,"8613,13639",CRI,28679,226,266,140784,29187,Under 36 years old,Rural,Women,Costa Rica,2017
83.69999694824219,26,8613,CRI,28679,226,146,140786,29187,Total,Rural,Both sexes,Costa Rica,2017
83.4000015258789,26,"8613,13639",CRI,28679,226,265,140786,29187,Total,Rural,Men,Costa Rica,2017
84,26,"8613,13639",CRI,28679,226,266,140786,29187,Total,Rural,Women,Costa Rica,2017
91.80000305175781,26,"8613,13639",CRI,28680,226,146,140785,29187,36 years and older,Urban,Both sexes,Costa Rica,2017
93.0999984741211,26,"8613,13639",CRI,28680,226,265,140785,29187,36 years and older,Urban,Men,Costa Rica,2017
90.19999694824219,26,"8613,13639",CRI,28680,226,266,140785,29187,36 years and older,Urban,Women,Costa Rica,2017
89.69999694824219,26,"8613,13639",CRI,28680,226,146,140784,29187,Under 36 years old,Urban,Both sexes,Costa Rica,2017
89.5,26,"8613,13639",CRI,28680,226,265,140784,29187,Under 36 years old,Urban,Men,Costa Rica,2017
90,26,"8613,13639",CRI,28680,226,266,140784,29187,Under 36 years old,Urban,Women,Costa Rica,2017
90.5999984741211,26,"8613,13639",CRI,28680,226,146,140786,29187,Total,Urban,Both sexes,Costa Rica,2017
91.0999984741211,26,"8613,13639",CRI,28680,226,265,140786,29187,Total,Urban,Men,Costa Rica,2017
90.0999984741211,26,"8613,13639",CRI,28680,226,266,140786,29187,Total,Urban,Women,Costa Rica,2017
87.19999694824219,26,"8613,13639",CRI,28681,226,146,140785,29188,36 years and older,National,Both sexes,Costa Rica,2018
86.0999984741211,26,"8613,13639",CRI,28681,226,265,140785,29188,36 years and older,National,Men,Costa Rica,2018
88.5999984741211,26,"8613,13639",CRI,28681,226,266,140785,29188,36 years and older,National,Women,Costa Rica,2018
81.9000015258789,26,8613,CRI,28681,226,146,140784,29188,Under 36 years old,National,Both sexes,Costa Rica,2018
81.19999694824219,26,"8613,13639",CRI,28681,226,265,140784,29188,Under 36 years old,National,Men,Costa Rica,2018
82.80000305175781,26,"8613,13639",CRI,28681,226,266,140784,29188,Under 36 years old,National,Women,Costa Rica,2018
84.19999694824219,26,8613,CRI,28681,226,146,140786,29188,Total,National,Both sexes,Costa Rica,2018
83.5,26,"8613,13639",CRI,28681,226,265,140786,29188,Total,National,Men,Costa Rica,2018
85.19999694824219,26,"8613,13639",CRI,28681,226,266,140786,29188,Total,National,Women,Costa Rica,2018
86.4000015258789,26,"8613,13639",CRI,28679,226,146,140785,29188,36 years and older,Rural,Both sexes,Costa Rica,2018
85.0999984741211,26,"8613,13639",CRI,28679,226,265,140785,29188,36 years and older,Rural,Men,Costa Rica,2018
88.19999694824219,26,"8613,13639",CRI,28679,226,266,140785,29188,36 years and older,Rural,Women,Costa Rica,2018
80.4000015258789,26,"8613,13639",CRI,28679,226,146,140784,29188,Under 36 years old,Rural,Both sexes,Costa Rica,2018
79.30000305175781,26,"8613,13639",CRI,28679,226,265,140784,29188,Under 36 years old,Rural,Men,Costa Rica,2018
81.69999694824219,26,"8613,13639",CRI,28679,226,266,140784,29188,Under 36 years old,Rural,Women,Costa Rica,2018
83.0999984741211,26,8613,CRI,28679,226,146,140786,29188,Total,Rural,Both sexes,Costa Rica,2018
82,26,"8613,13639",CRI,28679,226,265,140786,29188,Total,Rural,Men,Costa Rica,2018
84.4000015258789,26,"8613,13639",CRI,28679,226,266,140786,29188,Total,Rural,Women,Costa Rica,2018
89.0999984741211,26,"8613,13639",CRI,28680,226,146,140785,29188,36 years and older,Urban,Both sexes,Costa Rica,2018
88.80000305175781,26,"8613,13639",CRI,28680,226,265,140785,29188,36 years and older,Urban,Men,Costa Rica,2018
89.5,26,"8613,13639",CRI,28680,226,266,140785,29188,36 years and older,Urban,Women,Costa Rica,2018
85.4000015258789,26,"8613,13639",CRI,28680,226,146,140784,29188,Under 36 years old,Urban,Both sexes,Costa Rica,2018
85.5999984741211,26,"8613,13639",CRI,28680,226,265,140784,29188,Under 36 years old,Urban,Men,Costa Rica,2018
85.19999694824219,26,"8613,13639",CRI,28680,226,266,140784,29188,Under 36 years old,Urban,Women,Costa Rica,2018
87,26,"8613,13639",CRI,28680,226,146,140786,29188,Total,Urban,Both sexes,Costa Rica,2018
87,26,"8613,13639",CRI,28680,226,265,140786,29188,Total,Urban,Men,Costa Rica,2018
86.9000015258789,26,"8613,13639",CRI,28680,226,266,140786,29188,Total,Urban,Women,Costa Rica,2018
87.9000015258789,26,"8613,13639",CRI,28681,226,146,140785,29189,36 years and older,National,Both sexes,Costa Rica,2019
87.5999984741211,26,"8613,13639",CRI,28681,226,265,140785,29189,36 years and older,National,Men,Costa Rica,2019
88.30000305175781,26,"8613,13639",CRI,28681,226,266,140785,29189,36 years and older,National,Women,Costa Rica,2019
78.9000015258789,26,"8613,13639",CRI,28681,226,146,140784,29189,Under 36 years old,National,Both sexes,Costa Rica,2019
78.0999984741211,26,"8613,13639",CRI,28681,226,265,140784,29189,Under 36 years old,National,Men,Costa Rica,2019
79.5999984741211,26,"8613,13639",CRI,28681,226,266,140784,29189,Under 36 years old,National,Women,Costa Rica,2019
83,26,8613,CRI,28681,226,146,140786,29189,Total,National,Both sexes,Costa Rica,2019
82.69999694824219,26,"8613,13639",CRI,28681,226,265,140786,29189,Total,National,Men,Costa Rica,2019
83.19999694824219,26,"8613,13639",CRI,28681,226,266,140786,29189,Total,National,Women,Costa Rica,2019
86,26,"8613,13639",CRI,28679,226,146,140785,29189,36 years and older,Rural,Both sexes,Costa Rica,2019
85.69999694824219,26,"8613,13639",CRI,28679,226,265,140785,29189,36 years and older,Rural,Men,Costa Rica,2019
86.5,26,"8613,13639",CRI,28679,226,266,140785,29189,36 years and older,Rural,Women,Costa Rica,2019
76.9000015258789,26,"8613,13639",CRI,28679,226,146,140784,29189,Under 36 years old,Rural,Both sexes,Costa Rica,2019
75.19999694824219,26,"8613,13639",CRI,28679,226,265,140784,29189,Under 36 years old,Rural,Men,Costa Rica,2019
78.4000015258789,26,"8613,13639",CRI,28679,226,266,140784,29189,Under 36 years old,Rural,Women,Costa Rica,2019
81,26,8613,CRI,28679,226,146,140786,29189,Total,Rural,Both sexes,Costa Rica,2019
80.30000305175781,26,"8613,13639",CRI,28679,226,265,140786,29189,Total,Rural,Men,Costa Rica,2019
81.69999694824219,26,"8613,13639",CRI,28679,226,266,140786,29189,Total,Rural,Women,Costa Rica,2019
93,26,"8613,13639",CRI,28680,226,146,140785,29189,36 years and older,Urban,Both sexes,Costa Rica,2019
93,26,"8613,13639",CRI,28680,226,265,140785,29189,36 years and older,Urban,Men,Costa Rica,2019
93,26,"8613,13639",CRI,28680,226,266,140785,29189,36 years and older,Urban,Women,Costa Rica,2019
84.5999984741211,26,"8613,13639",CRI,28680,226,146,140784,29189,Under 36 years old,Urban,Both sexes,Costa Rica,2019
86.4000015258789,26,"8613,13639",CRI,28680,226,265,140784,29189,Under 36 years old,Urban,Men,Costa Rica,2019
83,26,"8613,13639",CRI,28680,226,266,140784,29189,Under 36 years old,Urban,Women,Costa Rica,2019
88.5,26,"8613,13639",CRI,28680,226,146,140786,29189,Total,Urban,Both sexes,Costa Rica,2019
89.5999984741211,26,"8613,13639",CRI,28680,226,265,140786,29189,Total,Urban,Men,Costa Rica,2019
87.30000305175781,26,"8613,13639",CRI,28680,226,266,140786,29189,Total,Urban,Women,Costa Rica,2019
90.4000015258789,26,"8613,13639",CRI,28681,226,146,140785,29190,36 years and older,National,Both sexes,Costa Rica,2020
90.69999694824219,26,"8613,13639",CRI,28681,226,265,140785,29190,36 years and older,National,Men,Costa Rica,2020
90.0999984741211,26,"8613,13639",CRI,28681,226,266,140785,29190,36 years and older,National,Women,Costa Rica,2020
89.5,26,"8613,13639",CRI,28681,226,146,140784,29190,Under 36 years old,National,Both sexes,Costa Rica,2020
88,26,"8613,13639",CRI,28681,226,265,140784,29190,Under 36 years old,National,Men,Costa Rica,2020
91.0999984741211,26,"8613,13639",CRI,28681,226,266,140784,29190,Under 36 years old,National,Women,Costa Rica,2020
89.9000015258789,26,8613,CRI,28681,226,146,140786,29190,Total,National,Both sexes,Costa Rica,2020
89.30000305175781,26,"8613,13639",CRI,28681,226,265,140786,29190,Total,National,Men,Costa Rica,2020
90.5999984741211,26,"8613,13639",CRI,28681,226,266,140786,29190,Total,National,Women,Costa Rica,2020
90.30000305175781,26,"8613,13639",CRI,28679,226,146,140785,29190,36 years and older,Rural,Both sexes,Costa Rica,2020
91,26,"8613,13639",CRI,28679,226,265,140785,29190,36 years and older,Rural,Men,Costa Rica,2020
89.4000015258789,26,"8613,13639",CRI,28679,226,266,140785,29190,36 years and older,Rural,Women,Costa Rica,2020
89.80000305175781,26,"8613,13639",CRI,28679,226,146,140784,29190,Under 36 years old,Rural,Both sexes,Costa Rica,2020
88.19999694824219,26,"8613,13639",CRI,28679,226,265,140784,29190,Under 36 years old,Rural,Men,Costa Rica,2020
91.4000015258789,26,"8613,13639",CRI,28679,226,266,140784,29190,Under 36 years old,Rural,Women,Costa Rica,2020
90,26,8613,CRI,28679,226,146,140786,29190,Total,Rural,Both sexes,Costa Rica,2020
89.5,26,"8613,13639",CRI,28679,226,265,140786,29190,Total,Rural,Men,Costa Rica,2020
90.5,26,"8613,13639",CRI,28679,226,266,140786,29190,Total,Rural,Women,Costa Rica,2020
90.80000305175781,26,"8613,13639",CRI,28680,226,146,140785,29190,36 years and older,Urban,Both sexes,Costa Rica,2020
89.9000015258789,26,"8613,13639",CRI,28680,226,265,140785,29190,36 years and older,Urban,Men,Costa Rica,2020
91.69999694824219,26,"8613,13639",CRI,28680,226,266,140785,29190,36 years and older,Urban,Women,Costa Rica,2020
88.9000015258789,26,"8613,13639",CRI,28680,226,146,140784,29190,Under 36 years old,Urban,Both sexes,Costa Rica,2020
87.5,26,"8613,13639",CRI,28680,226,265,140784,29190,Under 36 years old,Urban,Men,Costa Rica,2020
90.4000015258789,26,"8613,13639",CRI,28680,226,266,140784,29190,Under 36 years old,Urban,Women,Costa Rica,2020
89.80000305175781,26,"8613,13639",CRI,28680,226,146,140786,29190,Total,Urban,Both sexes,Costa Rica,2020
88.69999694824219,26,"8613,13639",CRI,28680,226,265,140786,29190,Total,Urban,Men,Costa Rica,2020
91,26,"8613,13639",CRI,28680,226,266,140786,29190,Total,Urban,Women,Costa Rica,2020
91,26,"8613,13639",CRI,28681,226,146,140785,29191,36 years and older,National,Both sexes,Costa Rica,2021
90.0999984741211,26,"8613,13639",CRI,28681,226,265,140785,29191,36 years and older,National,Men,Costa Rica,2021
92.19999694824219,26,"8613,13639",CRI,28681,226,266,140785,29191,36 years and older,National,Women,Costa Rica,2021
87.9000015258789,26,"8613,13639",CRI,28681,226,146,140784,29191,Under 36 years old,National,Both sexes,Costa Rica,2021
87.69999694824219,26,"8613,13639",CRI,28681,226,265,140784,29191,Under 36 years old,National,Men,Costa Rica,2021
88.0999984741211,26,"8613,13639",CRI,28681,226,266,140784,29191,Under 36 years old,National,Women,Costa Rica,2021
89.4000015258789,26,8613,CRI,28681,226,146,140786,29191,Total,National,Both sexes,Costa Rica,2021
88.9000015258789,26,"8613,13639",CRI,28681,226,265,140786,29191,Total,National,Men,Costa Rica,2021
89.9000015258789,26,"8613,13639",CRI,28681,226,266,140786,29191,Total,National,Women,Costa Rica,2021
90.30000305175781,26,"8613,13639",CRI,28679,226,146,140785,29191,36 years and older,Rural,Both sexes,Costa Rica,2021
90.19999694824219,26,"8613,13639",CRI,28679,226,265,140785,29191,36 years and older,Rural,Men,Costa Rica,2021
90.5,26,"8613,13639",CRI,28679,226,266,140785,29191,36 years and older,Rural,Women,Costa Rica,2021
87,26,"8613,13639",CRI,28679,226,146,140784,29191,Under 36 years old,Rural,Both sexes,Costa Rica,2021
86.5999984741211,26,"8613,13639",CRI,28679,226,265,140784,29191,Under 36 years old,Rural,Men,Costa Rica,2021
87.5,26,"8613,13639",CRI,28679,226,266,140784,29191,Under 36 years old,Rural,Women,Costa Rica,2021
88.5,26,8613,CRI,28679,226,146,140786,29191,Total,Rural,Both sexes,Costa Rica,2021
88.4000015258789,26,"8613,13639",CRI,28679,226,265,140786,29191,Total,Rural,Men,Costa Rica,2021
88.69999694824219,26,"8613,13639",CRI,28679,226,266,140786,29191,Total,Rural,Women,Costa Rica,2021
92.9000015258789,26,"8613,13639",CRI,28680,226,146,140785,29191,36 years and older,Urban,Both sexes,Costa Rica,2021
89.9000015258789,26,"8613,13639",CRI,28680,226,265,140785,29191,36 years and older,Urban,Men,Costa Rica,2021
96.30000305175781,26,"8613,13639",CRI,28680,226,266,140785,29191,36 years and older,Urban,Women,Costa Rica,2021
90.30000305175781,26,"8613,13639",CRI,28680,226,146,140784,29191,Under 36 years old,Urban,Both sexes,Costa Rica,2021
90.5999984741211,26,"8613,13639",CRI,28680,226,265,140784,29191,Under 36 years old,Urban,Men,Costa Rica,2021
90.0999984741211,26,"8613,13639",CRI,28680,226,266,140784,29191,Under 36 years old,Urban,Women,Costa Rica,2021
91.5,26,"8613,13639",CRI,28680,226,146,140786,29191,Total,Urban,Both sexes,Costa Rica,2021
90.19999694824219,26,"8613,13639",CRI,28680,226,265,140786,29191,Total,Urban,Men,Costa Rica,2021
93,26,"8613,13639",CRI,28680,226,266,140786,29191,Total,Urban,Women,Costa Rica,2021
92.19999694824219,26,"8613,13639",CRI,28681,226,146,140785,29192,36 years and older,National,Both sexes,Costa Rica,2022
91.30000305175781,26,"8613,13639",CRI,28681,226,265,140785,29192,36 years and older,National,Men,Costa Rica,2022
93.30000305175781,26,"8613,13639",CRI,28681,226,266,140785,29192,36 years and older,National,Women,Costa Rica,2022
86.69999694824219,26,"8613,13639",CRI,28681,226,146,140784,29192,Under 36 years old,National,Both sexes,Costa Rica,2022
86.9000015258789,26,"8613,13639",CRI,28681,226,265,140784,29192,Under 36 years old,National,Men,Costa Rica,2022
86.5,26,"8613,13639",CRI,28681,226,266,140784,29192,Under 36 years old,National,Women,Costa Rica,2022
89.4000015258789,26,8613,CRI,28681,226,146,140786,29192,Total,National,Both sexes,Costa Rica,2022
89.0999984741211,26,"8613,13639",CRI,28681,226,265,140786,29192,Total,National,Men,Costa Rica,2022
89.69999694824219,26,"8613,13639",CRI,28681,226,266,140786,29192,Total,National,Women,Costa Rica,2022
92,26,"8613,13639",CRI,28679,226,146,140785,29192,36 years and older,Rural,Both sexes,Costa Rica,2022
90.9000015258789,26,"8613,13639",CRI,28679,226,265,140785,29192,36 years and older,Rural,Men,Costa Rica,2022
93.4000015258789,26,"8613,13639",CRI,28679,226,266,140785,29192,36 years and older,Rural,Women,Costa Rica,2022
85.5999984741211,26,"8613,13639",CRI,28679,226,146,140784,29192,Under 36 years old,Rural,Both sexes,Costa Rica,2022
86.19999694824219,26,"8613,13639",CRI,28679,226,265,140784,29192,Under 36 years old,Rural,Men,Costa Rica,2022
84.9000015258789,26,"8613,13639",CRI,28679,226,266,140784,29192,Under 36 years old,Rural,Women,Costa Rica,2022
88.80000305175781,26,8613,CRI,28679,226,146,140786,29192,Total,Rural,Both sexes,Costa Rica,2022
88.69999694824219,26,"8613,13639",CRI,28679,226,265,140786,29192,Total,Rural,Men,Costa Rica,2022
88.9000015258789,26,"8613,13639",CRI,28679,226,266,140786,29192,Total,Rural,Women,Costa Rica,2022
92.69999694824219,26,"8613,13639",CRI,28680,226,146,140785,29192,36 years and older,Urban,Both sexes,Costa Rica,2022
92.30000305175781,26,"8613,13639",CRI,28680,226,265,140785,29192,36 years and older,Urban,Men,Costa Rica,2022
93.0999984741211,26,"8613,13639",CRI,28680,226,266,140785,29192,36 years and older,Urban,Women,Costa Rica,2022
89.30000305175781,26,"8613,13639",CRI,28680,226,146,140784,29192,Under 36 years old,Urban,Both sexes,Costa Rica,2022
88.4000015258789,26,"8613,13639",CRI,28680,226,265,140784,29192,Under 36 years old,Urban,Men,Costa Rica,2022
90.30000305175781,26,"8613,13639",CRI,28680,226,266,140784,29192,Under 36 years old,Urban,Women,Costa Rica,2022
90.9000015258789,26,"8613,13639",CRI,28680,226,146,140786,29192,Total,Urban,Both sexes,Costa Rica,2022
90.30000305175781,26,"8613,13639",CRI,28680,226,265,140786,29192,Total,Urban,Men,Costa Rica,2022
91.5,26,"8613,13639",CRI,28680,226,266,140786,29192,Total,Urban,Women,Costa Rica,2022
90.30000305175781,26,"8613,13639",CRI,28681,226,146,140785,29193,36 years and older,National,Both sexes,Costa Rica,2023
89.19999694824219,26,"8613,13639",CRI,28681,226,265,140785,29193,36 years and older,National,Men,Costa Rica,2023
91.80000305175781,26,"8613,13639",CRI,28681,226,266,140785,29193,36 years and older,National,Women,Costa Rica,2023
84.4000015258789,26,"8613,13639",CRI,28681,226,146,140784,29193,Under 36 years old,National,Both sexes,Costa Rica,2023
82.9000015258789,26,"8613,13639",CRI,28681,226,265,140784,29193,Under 36 years old,National,Men,Costa Rica,2023
86.19999694824219,26,"8613,13639",CRI,28681,226,266,140784,29193,Under 36 years old,National,Women,Costa Rica,2023
87.30000305175781,26,8613,CRI,28681,226,146,140786,29193,Total,National,Both sexes,Costa Rica,2023
86.0999984741211,26,"8613,13639",CRI,28681,226,265,140786,29193,Total,National,Men,Costa Rica,2023
88.80000305175781,26,"8613,13639",CRI,28681,226,266,140786,29193,Total,National,Women,Costa Rica,2023
89.80000305175781,26,"8613,13639",CRI,28679,226,146,140785,29193,36 years and older,Rural,Both sexes,Costa Rica,2023
89.19999694824219,26,"8613,13639",CRI,28679,226,265,140785,29193,36 years and older,Rural,Men,Costa Rica,2023
90.5999984741211,26,"8613,13639",CRI,28679,226,266,140785,29193,36 years and older,Rural,Women,Costa Rica,2023
83.9000015258789,26,"8613,13639",CRI,28679,226,146,140784,29193,Under 36 years old,Rural,Both sexes,Costa Rica,2023
82.30000305175781,26,"8613,13639",CRI,28679,226,265,140784,29193,Under 36 years old,Rural,Men,Costa Rica,2023
85.4000015258789,26,"8613,13639",CRI,28679,226,266,140784,29193,Under 36 years old,Rural,Women,Costa Rica,2023
86.80000305175781,26,"8613,13639",CRI,28679,226,146,140786,29193,Total,Rural,Both sexes,Costa Rica,2023
85.9000015258789,26,"8613,13639",CRI,28679,226,265,140786,29193,Total,Rural,Men,Costa Rica,2023
87.80000305175781,26,"8613,13639",CRI,28679,226,266,140786,29193,Total,Rural,Women,Costa Rica,2023
91.9000015258789,26,"8613,13639",CRI,28680,226,146,140785,29193,36 years and older,Urban,Both sexes,Costa Rica,2023
89.30000305175781,26,"8613,13639",CRI,28680,226,265,140785,29193,36 years and older,Urban,Men,Costa Rica,2023
95.19999694824219,26,"8613,13639",CRI,28680,226,266,140785,29193,36 years and older,Urban,Women,Costa Rica,2023
86.0999984741211,26,"8613,13639",CRI,28680,226,146,140784,29193,Under 36 years old,Urban,Both sexes,Costa Rica,2023
84.19999694824219,26,"8613,13639",CRI,28680,226,265,140784,29193,Under 36 years old,Urban,Men,Costa Rica,2023
88.19999694824219,26,"8613,13639",CRI,28680,226,266,140784,29193,Under 36 years old,Urban,Women,Costa Rica,2023
88.9000015258789,26,"8613,13639",CRI,28680,226,146,140786,29193,Total,Urban,Both sexes,Costa Rica,2023
86.80000305175781,26,"8613,13639",CRI,28680,226,265,140786,29193,Total,Urban,Men,Costa Rica,2023
91.5,26,"8613,13639",CRI,28680,226,266,140786,29193,Total,Urban,Women,Costa Rica,2023
93,26,"8613,13639",CRI,28681,226,146,140785,29194,36 years and older,National,Both sexes,Costa Rica,2024
91.69999694824219,26,"8613,13639",CRI,28681,226,265,140785,29194,36 years and older,National,Men,Costa Rica,2024
94.69999694824219,26,"8613,13639",CRI,28681,226,266,140785,29194,36 years and older,National,Women,Costa Rica,2024
90.9000015258789,26,"8613,13639",CRI,28681,226,146,140784,29194,Under 36 years old,National,Both sexes,Costa Rica,2024
91.80000305175781,26,"8613,13639",CRI,28681,226,265,140784,29194,Under 36 years old,National,Men,Costa Rica,2024
89.9000015258789,26,"8613,13639",CRI,28681,226,266,140784,29194,Under 36 years old,National,Women,Costa Rica,2024
92,26,8613,CRI,28681,226,146,140786,29194,Total,National,Both sexes,Costa Rica,2024
91.69999694824219,26,"8613,13639",CRI,28681,226,265,140786,29194,Total,National,Men,Costa Rica,2024
92.30000305175781,26,"8613,13639",CRI,28681,226,266,140786,29194,Total,National,Women,Costa Rica,2024
92.30000305175781,26,"8613,13639",CRI,28679,226,146,140785,29194,36 years and older,Rural,Both sexes,Costa Rica,2024
90.9000015258789,26,"8613,13639",CRI,28679,226,265,140785,29194,36 years and older,Rural,Men,Costa Rica,2024
94,26,"8613,13639",CRI,28679,226,266,140785,29194,36 years and older,Rural,Women,Costa Rica,2024
90.4000015258789,26,"8613,13639",CRI,28679,226,146,140784,29194,Under 36 years old,Rural,Both sexes,Costa Rica,2024
91.5,26,"8613,13639",CRI,28679,226,265,140784,29194,Under 36 years old,Rural,Men,Costa Rica,2024
89.19999694824219,26,"8613,13639",CRI,28679,226,266,140784,29194,Under 36 years old,Rural,Women,Costa Rica,2024
91.30000305175781,26,"8613,13639",CRI,28679,226,146,140786,29194,Total,Rural,Both sexes,Costa Rica,2024
91.19999694824219,26,"8613,13639",CRI,28679,226,265,140786,29194,Total,Rural,Men,Costa Rica,2024
91.5,26,"8613,13639",CRI,28679,226,266,140786,29194,Total,Rural,Women,Costa Rica,2024
94.9000015258789,26,"8613,13639",CRI,28680,226,146,140785,29194,36 years and older,Urban,Both sexes,Costa Rica,2024
93.5999984741211,26,"8613,13639",CRI,28680,226,265,140785,29194,36 years and older,Urban,Men,Costa Rica,2024
96.5,26,"8613,13639",CRI,28680,226,266,140785,29194,36 years and older,Urban,Women,Costa Rica,2024
92.0999984741211,26,"8613,13639",CRI,28680,226,146,140784,29194,Under 36 years old,Urban,Both sexes,Costa Rica,2024
92.4000015258789,26,"8613,13639",CRI,28680,226,265,140784,29194,Under 36 years old,Urban,Men,Costa Rica,2024
91.9000015258789,26,"8613,13639",CRI,28680,226,266,140784,29194,Under 36 years old,Urban,Women,Costa Rica,2024
93.5,26,"8613,13639",CRI,28680,226,146,140786,29194,Total,Urban,Both sexes,Costa Rica,2024
93,26,"8613,13639",CRI,28680,226,265,140786,29194,Total,Urban,Men,Costa Rica,2024
94.19999694824219,26,"8613,13639",CRI,28680,226,266,140786,29194,Total,Urban,Women,Costa Rica,2024
30.200000762939453,26,,ECU,28681,229,146,140785,29179,36 years and older,National,Both sexes,Ecuador,2009
34.599998474121094,26,,ECU,28681,229,265,140785,29179,36 years and older,National,Men,Ecuador,2009
25.399999618530273,26,,ECU,28681,229,266,140785,29179,36 years and older,National,Women,Ecuador,2009
22.899999618530273,26,,ECU,28681,229,146,140784,29179,Under 36 years old,National,Both sexes,Ecuador,2009
23.700000762939453,26,,ECU,28681,229,265,140784,29179,Under 36 years old,National,Men,Ecuador,2009
22.200000762939453,26,,ECU,28681,229,266,140784,29179,Under 36 years old,National,Women,Ecuador,2009
25.899999618530273,26,,ECU,28681,229,146,140786,29179,Total,National,Both sexes,Ecuador,2009
28.100000381469727,26,,ECU,28681,229,265,140786,29179,Total,National,Men,Ecuador,2009
23.5,26,,ECU,28681,229,266,140786,29179,Total,National,Women,Ecuador,2009
26.399999618530273,26,,ECU,28679,229,146,140785,29179,36 years and older,Rural,Both sexes,Ecuador,2009
30.700000762939453,26,,ECU,28679,229,265,140785,29179,36 years and older,Rural,Men,Ecuador,2009
21.799999237060547,26,,ECU,28679,229,266,140785,29179,36 years and older,Rural,Women,Ecuador,2009
19.899999618530273,26,,ECU,28679,229,146,140784,29179,Under 36 years old,Rural,Both sexes,Ecuador,2009
21.299999237060547,26,,ECU,28679,229,265,140784,29179,Under 36 years old,Rural,Men,Ecuador,2009
18.299999237060547,26,,ECU,28679,229,266,140784,29179,Under 36 years old,Rural,Women,Ecuador,2009
22.600000381469727,26,,ECU,28679,229,146,140786,29179,Total,Rural,Both sexes,Ecuador,2009
25.200000762939453,26,,ECU,28679,229,265,140786,29179,Total,Rural,Men,Ecuador,2009
19.700000762939453,26,,ECU,28679,229,266,140786,29179,Total,Rural,Women,Ecuador,2009
45,26,,ECU,28680,229,146,140785,29179,36 years and older,Urban,Both sexes,Ecuador,2009
49.79999923706055,26,,ECU,28680,229,265,140785,29179,36 years and older,Urban,Men,Ecuador,2009
39.900001525878906,26,,ECU,28680,229,266,140785,29179,36 years and older,Urban,Women,Ecuador,2009
34.099998474121094,26,,ECU,28680,229,146,140784,29179,Under 36 years old,Urban,Both sexes,Ecuador,2009
32.70000076293945,26,,ECU,28680,229,265,140784,29179,Under 36 years old,Urban,Men,Ecuador,2009
35.599998474121094,26,,ECU,28680,229,266,140784,29179,Under 36 years old,Urban,Women,Ecuador,2009
38.400001525878906,26,,ECU,28680,229,146,140786,29179,Total,Urban,Both sexes,Ecuador,2009
39.599998474121094,26,,ECU,28680,229,265,140786,29179,Total,Urban,Men,Ecuador,2009
37.20000076293945,26,,ECU,28680,229,266,140786,29179,Total,Urban,Women,Ecuador,2009
30.100000381469727,26,,ECU,28681,229,146,140785,29180,36 years and older,National,Both sexes,Ecuador,2010
34.29999923706055,26,,ECU,28681,229,265,140785,29180,36 years and older,National,Men,Ecuador,2010
25.5,26,,ECU,28681,229,266,140785,29180,36 years and older,National,Women,Ecuador,2010
22.5,26,,ECU,28681,229,146,140784,29180,Under 36 years old,National,Both sexes,Ecuador,2010
23.600000381469727,26,,ECU,28681,229,265,140784,29180,Under 36 years old,National,Men,Ecuador,2010
21.299999237060547,26,,ECU,28681,229,266,140784,29180,Under 36 years old,National,Women,Ecuador,2010
25.700000762939453,26,,ECU,28681,229,146,140786,29180,Total,National,Both sexes,Ecuador,2010
28.100000381469727,26,,ECU,28681,229,265,140786,29180,Total,National,Men,Ecuador,2010
23.100000381469727,26,,ECU,28681,229,266,140786,29180,Total,National,Women,Ecuador,2010
27,26,,ECU,28679,229,146,140785,29180,36 years and older,Rural,Both sexes,Ecuador,2010
31.100000381469727,26,,ECU,28679,229,265,140785,29180,36 years and older,Rural,Men,Ecuador,2010
22.600000381469727,26,,ECU,28679,229,266,140785,29180,36 years and older,Rural,Women,Ecuador,2010
20.600000381469727,26,,ECU,28679,229,146,140784,29180,Under 36 years old,Rural,Both sexes,Ecuador,2010
22.200000762939453,26,,ECU,28679,229,265,140784,29180,Under 36 years old,Rural,Men,Ecuador,2010
18.899999618530273,26,,ECU,28679,229,266,140784,29180,Under 36 years old,Rural,Women,Ecuador,2010
23.299999237060547,26,,ECU,28679,229,146,140786,29180,Total,Rural,Both sexes,Ecuador,2010
26,26,,ECU,28679,229,265,140786,29180,Total,Rural,Men,Ecuador,2010
20.5,26,,ECU,28679,229,266,140786,29180,Total,Rural,Women,Ecuador,2010
42.900001525878906,26,,ECU,28680,229,146,140785,29180,36 years and older,Urban,Both sexes,Ecuador,2010
47.29999923706055,26,,ECU,28680,229,265,140785,29180,36 years and older,Urban,Men,Ecuador,2010
37.900001525878906,26,,ECU,28680,229,266,140785,29180,36 years and older,Urban,Women,Ecuador,2010
30.5,26,,ECU,28680,229,146,140784,29180,Under 36 years old,Urban,Both sexes,Ecuador,2010
29.799999237060547,26,,ECU,28680,229,265,140784,29180,Under 36 years old,Urban,Men,Ecuador,2010
31.100000381469727,26,,ECU,28680,229,266,140784,29180,Under 36 years old,Urban,Women,Ecuador,2010
35.79999923706055,26,,ECU,28680,229,146,140786,29180,Total,Urban,Both sexes,Ecuador,2010
37.599998474121094,26,,ECU,28680,229,265,140786,29180,Total,Urban,Men,Ecuador,2010
33.900001525878906,26,,ECU,28680,229,266,140786,29180,Total,Urban,Women,Ecuador,2010
49.20000076293945,26,,ECU,28681,229,146,140785,29183,36 years and older,National,Both sexes,Ecuador,2013
55,26,,ECU,28681,229,265,140785,29183,36 years and older,National,Men,Ecuador,2013
42.5,26,,ECU,28681,229,266,140785,29183,36 years and older,National,Women,Ecuador,2013
30.600000381469727,26,,ECU,28681,229,146,140784,29183,Under 36 years old,National,Both sexes,Ecuador,2013
31.799999237060547,26,,ECU,28681,229,265,140784,29183,Under 36 years old,National,Men,Ecuador,2013
29.399999618530273,26,,ECU,28681,229,266,140784,29183,Under 36 years old,National,Women,Ecuador,2013
38,26,,ECU,28681,229,146,140786,29183,Total,National,Both sexes,Ecuador,2013
41.29999923706055,26,,ECU,28681,229,265,140786,29183,Total,National,Men,Ecuador,2013
34.5,26,,ECU,28681,229,266,140786,29183,Total,National,Women,Ecuador,2013
45.599998474121094,26,,ECU,28679,229,146,140785,29183,36 years and older,Rural,Both sexes,Ecuador,2013
51.099998474121094,26,,ECU,28679,229,265,140785,29183,36 years and older,Rural,Men,Ecuador,2013
39.5,26,,ECU,28679,229,266,140785,29183,36 years and older,Rural,Women,Ecuador,2013
27.700000762939453,26,,ECU,28679,229,146,140784,29183,Under 36 years old,Rural,Both sexes,Ecuador,2013
29.700000762939453,26,,ECU,28679,229,265,140784,29183,Under 36 years old,Rural,Men,Ecuador,2013
25.5,26,,ECU,28679,229,266,140784,29183,Under 36 years old,Rural,Women,Ecuador,2013
34.900001525878906,26,,ECU,28679,229,146,140786,29183,Total,Rural,Both sexes,Ecuador,2013
38.400001525878906,26,,ECU,28679,229,265,140786,29183,Total,Rural,Men,Ecuador,2013
31,26,,ECU,28679,229,266,140786,29183,Total,Rural,Women,Ecuador,2013
62.20000076293945,26,,ECU,28680,229,146,140785,29183,36 years and older,Urban,Both sexes,Ecuador,2013
68.80000305175781,26,,ECU,28680,229,265,140785,29183,36 years and older,Urban,Men,Ecuador,2013
54.20000076293945,26,,ECU,28680,229,266,140785,29183,36 years and older,Urban,Women,Ecuador,2013
40.599998474121094,26,,ECU,28680,229,146,140784,29183,Under 36 years old,Urban,Both sexes,Ecuador,2013
39.400001525878906,26,,ECU,28680,229,265,140784,29183,Under 36 years old,Urban,Men,Ecuador,2013
41.900001525878906,26,,ECU,28680,229,266,140784,29183,Under 36 years old,Urban,Women,Ecuador,2013
48.900001525878906,26,,ECU,28680,229,146,140786,29183,Total,Urban,Both sexes,Ecuador,2013
51.29999923706055,26,,ECU,28680,229,265,140786,29183,Total,Urban,Men,Ecuador,2013
46.20000076293945,26,,ECU,28680,229,266,140786,29183,Total,Urban,Women,Ecuador,2013
57,26,,ECU,28681,229,146,140785,29185,36 years and older,National,Both sexes,Ecuador,2015
63.20000076293945,26,,ECU,28681,229,265,140785,29185,36 years and older,National,Men,Ecuador,2015
50.20000076293945,26,,ECU,28681,229,266,140785,29185,36 years and older,National,Women,Ecuador,2015
36.20000076293945,26,,ECU,28681,229,146,140784,29185,Under 36 years old,National,Both sexes,Ecuador,2015
38.400001525878906,26,,ECU,28681,229,265,140784,29185,Under 36 years old,National,Men,Ecuador,2015
33.900001525878906,26,,ECU,28681,229,266,140784,29185,Under 36 years old,National,Women,Ecuador,2015
44,26,,ECU,28681,229,146,140786,29185,Total,National,Both sexes,Ecuador,2015
47.79999923706055,26,,ECU,28681,229,265,140786,29185,Total,National,Men,Ecuador,2015
39.900001525878906,26,,ECU,28681,229,266,140786,29185,Total,National,Women,Ecuador,2015
52.400001525878906,26,,ECU,28679,229,146,140785,29185,36 years and older,Rural,Both sexes,Ecuador,2015
59.599998474121094,26,,ECU,28679,229,265,140785,29185,36 years and older,Rural,Men,Ecuador,2015
44.599998474121094,26,,ECU,28679,229,266,140785,29185,36 years and older,Rural,Women,Ecuador,2015
32.900001525878906,26,,ECU,28679,229,146,140784,29185,Under 36 years old,Rural,Both sexes,Ecuador,2015
35.70000076293945,26,,ECU,28679,229,265,140784,29185,Under 36 years old,Rural,Men,Ecuador,2015
30.100000381469727,26,,ECU,28679,229,266,140784,29185,Under 36 years old,Rural,Women,Ecuador,2015
40.20000076293945,26,,ECU,28679,229,146,140786,29185,Total,Rural,Both sexes,Ecuador,2015
44.79999923706055,26,,ECU,28679,229,265,140786,29185,Total,Rural,Men,Ecuador,2015
35.400001525878906,26,,ECU,28679,229,266,140786,29185,Total,Rural,Women,Ecuador,2015
70.69999694824219,26,,ECU,28680,229,146,140785,29185,36 years and older,Urban,Both sexes,Ecuador,2015
74,26,,ECU,28680,229,265,140785,29185,36 years and older,Urban,Men,Ecuador,2015
67.19999694824219,26,,ECU,28680,229,266,140785,29185,36 years and older,Urban,Women,Ecuador,2015
46.29999923706055,26,,ECU,28680,229,146,140784,29185,Under 36 years old,Urban,Both sexes,Ecuador,2015
46.599998474121094,26,,ECU,28680,229,265,140784,29185,Under 36 years old,Urban,Men,Ecuador,2015
45.79999923706055,26,,ECU,28680,229,266,140784,29185,Under 36 years old,Urban,Women,Ecuador,2015
55.5,26,,ECU,28680,229,146,140786,29185,Total,Urban,Both sexes,Ecuador,2015
57,26,,ECU,28680,229,265,140786,29185,Total,Urban,Men,Ecuador,2015
53.900001525878906,26,,ECU,28680,229,266,140786,29185,Total,Urban,Women,Ecuador,2015
57.900001525878906,26,,ECU,28681,229,146,140785,29186,36 years and older,National,Both sexes,Ecuador,2016
63.29999923706055,26,,ECU,28681,229,265,140785,29186,36 years and older,National,Men,Ecuador,2016
52.20000076293945,26,,ECU,28681,229,266,140785,29186,36 years and older,National,Women,Ecuador,2016
35.29999923706055,26,,ECU,28681,229,146,140784,29186,Under 36 years old,National,Both sexes,Ecuador,2016
37,26,,ECU,28681,229,265,140784,29186,Under 36 years old,National,Men,Ecuador,2016
33.599998474121094,26,,ECU,28681,229,266,140784,29186,Under 36 years old,National,Women,Ecuador,2016
43.79999923706055,26,,ECU,28681,229,146,140786,29186,Total,National,Both sexes,Ecuador,2016
47,26,,ECU,28681,229,265,140786,29186,Total,National,Men,Ecuador,2016
40.5,26,,ECU,28681,229,266,140786,29186,Total,National,Women,Ecuador,2016
53.599998474121094,26,,ECU,28679,229,146,140785,29186,36 years and older,Rural,Both sexes,Ecuador,2016
59.79999923706055,26,,ECU,28679,229,265,140785,29186,36 years and older,Rural,Men,Ecuador,2016
47.099998474121094,26,,ECU,28679,229,266,140785,29186,36 years and older,Rural,Women,Ecuador,2016
31.399999618530273,26,,ECU,28679,229,146,140784,29186,Under 36 years old,Rural,Both sexes,Ecuador,2016
34,26,,ECU,28679,229,265,140784,29186,Under 36 years old,Rural,Men,Ecuador,2016
28.899999618530273,26,,ECU,28679,229,266,140784,29186,Under 36 years old,Rural,Women,Ecuador,2016
39.79999923706055,26,,ECU,28679,229,146,140786,29186,Total,Rural,Both sexes,Ecuador,2016
43.900001525878906,26,,ECU,28679,229,265,140786,29186,Total,Rural,Men,Ecuador,2016
35.599998474121094,26,,ECU,28679,229,266,140786,29186,Total,Rural,Women,Ecuador,2016
71,26,,ECU,28680,229,146,140785,29186,36 years and older,Urban,Both sexes,Ecuador,2016
74.0999984741211,26,,ECU,28680,229,265,140785,29186,36 years and older,Urban,Men,Ecuador,2016
67.9000015258789,26,,ECU,28680,229,266,140785,29186,36 years and older,Urban,Women,Ecuador,2016
46.900001525878906,26,,ECU,28680,229,146,140784,29186,Under 36 years old,Urban,Both sexes,Ecuador,2016
46.20000076293945,26,,ECU,28680,229,265,140784,29186,Under 36 years old,Urban,Men,Ecuador,2016
47.599998474121094,26,,ECU,28680,229,266,140784,29186,Under 36 years old,Urban,Women,Ecuador,2016
55.900001525878906,26,,ECU,28680,229,146,140786,29186,Total,Urban,Both sexes,Ecuador,2016
56.70000076293945,26,,ECU,28680,229,265,140786,29186,Total,Urban,Men,Ecuador,2016
55.099998474121094,26,,ECU,28680,229,266,140786,29186,Total,Urban,Women,Ecuador,2016
60.099998474121094,26,,ECU,28681,229,146,140785,29187,36 years and older,National,Both sexes,Ecuador,2017
64.5999984741211,26,,ECU,28681,229,265,140785,29187,36 years and older,National,Men,Ecuador,2017
55.20000076293945,26,,ECU,28681,229,266,140785,29187,36 years and older,National,Women,Ecuador,2017
36.70000076293945,26,,ECU,28681,229,146,140784,29187,Under 36 years old,National,Both sexes,Ecuador,2017
37.599998474121094,26,,ECU,28681,229,265,140784,29187,Under 36 years old,National,Men,Ecuador,2017
35.79999923706055,26,,ECU,28681,229,266,140784,29187,Under 36 years old,National,Women,Ecuador,2017
45.900001525878906,26,,ECU,28681,229,146,140786,29187,Total,National,Both sexes,Ecuador,2017
48.400001525878906,26,,ECU,28681,229,265,140786,29187,Total,National,Men,Ecuador,2017
43.29999923706055,26,,ECU,28681,229,266,140786,29187,Total,National,Women,Ecuador,2017
56.20000076293945,26,,ECU,28679,229,146,140785,29187,36 years and older,Rural,Both sexes,Ecuador,2017
61.099998474121094,26,,ECU,28679,229,265,140785,29187,36 years and older,Rural,Men,Ecuador,2017
51.099998474121094,26,,ECU,28679,229,266,140785,29187,36 years and older,Rural,Women,Ecuador,2017
33.400001525878906,26,,ECU,28679,229,146,140784,29187,Under 36 years old,Rural,Both sexes,Ecuador,2017
34,26,,ECU,28679,229,265,140784,29187,Under 36 years old,Rural,Men,Ecuador,2017
32.70000076293945,26,,ECU,28679,229,266,140784,29187,Under 36 years old,Rural,Women,Ecuador,2017
42.20000076293945,26,,ECU,28679,229,146,140786,29187,Total,Rural,Both sexes,Ecuador,2017
44.70000076293945,26,,ECU,28679,229,265,140786,29187,Total,Rural,Men,Ecuador,2017
39.70000076293945,26,,ECU,28679,229,266,140786,29187,Total,Rural,Women,Ecuador,2017
72,26,,ECU,28680,229,146,140785,29187,36 years and older,Urban,Both sexes,Ecuador,2017
75.5,26,,ECU,28680,229,265,140785,29187,36 years and older,Urban,Men,Ecuador,2017
68.0999984741211,26,,ECU,28680,229,266,140785,29187,36 years and older,Urban,Women,Ecuador,2017
48.099998474121094,26,,ECU,28680,229,146,140784,29187,Under 36 years old,Urban,Both sexes,Ecuador,2017
49.599998474121094,26,,ECU,28680,229,265,140784,29187,Under 36 years old,Urban,Men,Ecuador,2017
46.599998474121094,26,,ECU,28680,229,266,140784,29187,Under 36 years old,Urban,Women,Ecuador,2017
57.79999923706055,26,,ECU,28680,229,146,140786,29187,Total,Urban,Both sexes,Ecuador,2017
60.20000076293945,26,,ECU,28680,229,265,140786,29187,Total,Urban,Men,Ecuador,2017
55.29999923706055,26,,ECU,28680,229,266,140786,29187,Total,Urban,Women,Ecuador,2017
58,26,,SLV,28681,230,146,140785,29180,36 years and older,National,Both sexes,El Salvador,2010
58,26,,SLV,28681,230,265,140785,29180,36 years and older,National,Men,El Salvador,2010
57.900001525878906,26,,SLV,28681,230,266,140785,29180,36 years and older,National,Women,El Salvador,2010
58.099998474121094,26,,SLV,28681,230,146,140784,29180,Under 36 years old,National,Both sexes,El Salvador,2010
58.79999923706055,26,,SLV,28681,230,265,140784,29180,Under 36 years old,National,Men,El Salvador,2010
57.400001525878906,26,,SLV,28681,230,266,140784,29180,Under 36 years old,National,Women,El Salvador,2010
58,26,,SLV,28681,230,146,140786,29180,Total,National,Both sexes,El Salvador,2010
58.5,26,,SLV,28681,230,265,140786,29180,Total,National,Men,El Salvador,2010
57.5,26,,SLV,28681,230,266,140786,29180,Total,National,Women,El Salvador,2010
57.400001525878906,26,,SLV,28679,230,146,140785,29180,36 years and older,Rural,Both sexes,El Salvador,2010
57.29999923706055,26,,SLV,28679,230,265,140785,29180,36 years and older,Rural,Men,El Salvador,2010
57.5,26,,SLV,28679,230,266,140785,29180,36 years and older,Rural,Women,El Salvador,2010
57.599998474121094,26,,SLV,28679,230,146,140784,29180,Under 36 years old,Rural,Both sexes,El Salvador,2010
58.599998474121094,26,,SLV,28679,230,265,140784,29180,Under 36 years old,Rural,Men,El Salvador,2010
56.599998474121094,26,,SLV,28679,230,266,140784,29180,Under 36 years old,Rural,Women,El Salvador,2010
57.5,26,,SLV,28679,230,146,140786,29180,Total,Rural,Both sexes,El Salvador,2010
58.099998474121094,26,,SLV,28679,230,265,140786,29180,Total,Rural,Men,El Salvador,2010
56.900001525878906,26,,SLV,28679,230,266,140786,29180,Total,Rural,Women,El Salvador,2010
59.599998474121094,26,13639,SLV,28680,230,146,140785,29180,36 years and older,Urban,Both sexes,El Salvador,2010
60.400001525878906,26,13639,SLV,28680,230,265,140785,29180,36 years and older,Urban,Men,El Salvador,2010
58.70000076293945,26,13639,SLV,28680,230,266,140785,29180,36 years and older,Urban,Women,El Salvador,2010
59.79999923706055,26,,SLV,28680,230,146,140784,29180,Under 36 years old,Urban,Both sexes,El Salvador,2010
59.599998474121094,26,13639,SLV,28680,230,265,140784,29180,Under 36 years old,Urban,Men,El Salvador,2010
60,26,13639,SLV,28680,230,266,140784,29180,Under 36 years old,Urban,Women,El Salvador,2010
59.70000076293945,26,,SLV,28680,230,146,140786,29180,Total,Urban,Both sexes,El Salvador,2010
59.900001525878906,26,13639,SLV,28680,230,265,140786,29180,Total,Urban,Men,El Salvador,2010
59.5,26,13639,SLV,28680,230,266,140786,29180,Total,Urban,Women,El Salvador,2010
65.4000015258789,26,,SLV,28681,230,146,140785,29182,36 years and older,National,Both sexes,El Salvador,2012
67,26,,SLV,28681,230,265,140785,29182,36 years and older,National,Men,El Salvador,2012
63.5,26,,SLV,28681,230,266,140785,29182,36 years and older,National,Women,El Salvador,2012
63.70000076293945,26,,SLV,28681,230,146,140784,29182,Under 36 years old,National,Both sexes,El Salvador,2012
65,26,,SLV,28681,230,265,140784,29182,Under 36 years old,National,Men,El Salvador,2012
62.400001525878906,26,,SLV,28681,230,266,140784,29182,Under 36 years old,National,Women,El Salvador,2012
64.4000015258789,26,,SLV,28681,230,146,140786,29182,Total,National,Both sexes,El Salvador,2012
65.80000305175781,26,,SLV,28681,230,265,140786,29182,Total,National,Men,El Salvador,2012
62.79999923706055,26,,SLV,28681,230,266,140786,29182,Total,National,Women,El Salvador,2012
64.5999984741211,26,,SLV,28679,230,146,140785,29182,36 years and older,Rural,Both sexes,El Salvador,2012
66.4000015258789,26,,SLV,28679,230,265,140785,29182,36 years and older,Rural,Men,El Salvador,2012
62.400001525878906,26,,SLV,28679,230,266,140785,29182,36 years and older,Rural,Women,El Salvador,2012
62,26,,SLV,28679,230,146,140784,29182,Under 36 years old,Rural,Both sexes,El Salvador,2012
63.5,26,,SLV,28679,230,265,140784,29182,Under 36 years old,Rural,Men,El Salvador,2012
60.5,26,,SLV,28679,230,266,140784,29182,Under 36 years old,Rural,Women,El Salvador,2012
63,26,,SLV,28679,230,146,140786,29182,Total,Rural,Both sexes,El Salvador,2012
64.69999694824219,26,,SLV,28679,230,265,140786,29182,Total,Rural,Men,El Salvador,2012
61.20000076293945,26,,SLV,28679,230,266,140786,29182,Total,Rural,Women,El Salvador,2012
67.9000015258789,26,,SLV,28680,230,146,140785,29182,36 years and older,Urban,Both sexes,El Salvador,2012
68.5999984741211,26,,SLV,28680,230,265,140785,29182,36 years and older,Urban,Men,El Salvador,2012
66.9000015258789,26,,SLV,28680,230,266,140785,29182,36 years and older,Urban,Women,El Salvador,2012
70.0999984741211,26,,SLV,28680,230,146,140784,29182,Under 36 years old,Urban,Both sexes,El Salvador,2012
71.30000305175781,26,,SLV,28680,230,265,140784,29182,Under 36 years old,Urban,Men,El Salvador,2012
69.0999984741211,26,,SLV,28680,230,266,140784,29182,Under 36 years old,Urban,Women,El Salvador,2012
69.19999694824219,26,,SLV,28680,230,146,140786,29182,Total,Urban,Both sexes,El Salvador,2012
70,26,,SLV,28680,230,265,140786,29182,Total,Urban,Men,El Salvador,2012
68.19999694824219,26,,SLV,28680,230,266,140786,29182,Total,Urban,Women,El Salvador,2012
67.4000015258789,26,,SLV,28681,230,146,140785,29183,36 years and older,National,Both sexes,El Salvador,2013
67.5999984741211,26,,SLV,28681,230,265,140785,29183,36 years and older,National,Men,El Salvador,2013
67.19999694824219,26,,SLV,28681,230,266,140785,29183,36 years and older,National,Women,El Salvador,2013
69.5999984741211,26,,SLV,28681,230,146,140784,29183,Under 36 years old,National,Both sexes,El Salvador,2013
70.80000305175781,26,,SLV,28681,230,265,140784,29183,Under 36 years old,National,Men,El Salvador,2013
68.5,26,,SLV,28681,230,266,140784,29183,Under 36 years old,National,Women,El Salvador,2013
68.69999694824219,26,,SLV,28681,230,146,140786,29183,Total,National,Both sexes,El Salvador,2013
69.4000015258789,26,,SLV,28681,230,265,140786,29183,Total,National,Men,El Salvador,2013
68,26,,SLV,28681,230,266,140786,29183,Total,National,Women,El Salvador,2013
67,26,,SLV,28679,230,146,140785,29183,36 years and older,Rural,Both sexes,El Salvador,2013
67.19999694824219,26,,SLV,28679,230,265,140785,29183,36 years and older,Rural,Men,El Salvador,2013
66.69999694824219,26,,SLV,28679,230,266,140785,29183,36 years and older,Rural,Women,El Salvador,2013
68.9000015258789,26,,SLV,28679,230,146,140784,29183,Under 36 years old,Rural,Both sexes,El Salvador,2013
69.9000015258789,26,,SLV,28679,230,265,140784,29183,Under 36 years old,Rural,Men,El Salvador,2013
68,26,,SLV,28679,230,266,140784,29183,Under 36 years old,Rural,Women,El Salvador,2013
68.19999694824219,26,,SLV,28679,230,146,140786,29183,Total,Rural,Both sexes,El Salvador,2013
68.80000305175781,26,,SLV,28679,230,265,140786,29183,Total,Rural,Men,El Salvador,2013
67.5,26,,SLV,28679,230,266,140786,29183,Total,Rural,Women,El Salvador,2013
68.80000305175781,26,,SLV,28680,230,146,140785,29183,36 years and older,Urban,Both sexes,El Salvador,2013
68.80000305175781,26,,SLV,28680,230,265,140785,29183,36 years and older,Urban,Men,El Salvador,2013
68.9000015258789,26,,SLV,28680,230,266,140785,29183,36 years and older,Urban,Women,El Salvador,2013
72.30000305175781,26,,SLV,28680,230,146,140784,29183,Under 36 years old,Urban,Both sexes,El Salvador,2013
74.19999694824219,26,,SLV,28680,230,265,140784,29183,Under 36 years old,Urban,Men,El Salvador,2013
70.4000015258789,26,,SLV,28680,230,266,140784,29183,Under 36 years old,Urban,Women,El Salvador,2013
70.69999694824219,26,,SLV,28680,230,146,140786,29183,Total,Urban,Both sexes,El Salvador,2013
71.5999984741211,26,,SLV,28680,230,265,140786,29183,Total,Urban,Men,El Salvador,2013
69.80000305175781,26,,SLV,28680,230,266,140786,29183,Total,Urban,Women,El Salvador,2013
71.30000305175781,26,,SLV,28681,230,146,140785,29184,36 years and older,National,Both sexes,El Salvador,2014
72.5,26,,SLV,28681,230,265,140785,29184,36 years and older,National,Men,El Salvador,2014
69.80000305175781,26,,SLV,28681,230,266,140785,29184,36 years and older,National,Women,El Salvador,2014
73.30000305175781,26,,SLV,28681,230,146,140784,29184,Under 36 years old,National,Both sexes,El Salvador,2014
74.30000305175781,26,,SLV,28681,230,265,140784,29184,Under 36 years old,National,Men,El Salvador,2014
72.30000305175781,26,,SLV,28681,230,266,140784,29184,Under 36 years old,National,Women,El Salvador,2014
72.5,26,,SLV,28681,230,146,140786,29184,Total,National,Both sexes,El Salvador,2014
73.5,26,,SLV,28681,230,265,140786,29184,Total,National,Men,El Salvador,2014
71.30000305175781,26,,SLV,28681,230,266,140786,29184,Total,National,Women,El Salvador,2014
70.0999984741211,26,,SLV,28679,230,146,140785,29184,36 years and older,Rural,Both sexes,El Salvador,2014
71.30000305175781,26,,SLV,28679,230,265,140785,29184,36 years and older,Rural,Men,El Salvador,2014
68.69999694824219,26,,SLV,28679,230,266,140785,29184,36 years and older,Rural,Women,El Salvador,2014
73.0999984741211,26,,SLV,28679,230,146,140784,29184,Under 36 years old,Rural,Both sexes,El Salvador,2014
74.30000305175781,26,,SLV,28679,230,265,140784,29184,Under 36 years old,Rural,Men,El Salvador,2014
72,26,,SLV,28679,230,266,140784,29184,Under 36 years old,Rural,Women,El Salvador,2014
71.9000015258789,26,,SLV,28679,230,146,140786,29184,Total,Rural,Both sexes,El Salvador,2014
73,26,,SLV,28679,230,265,140786,29184,Total,Rural,Men,El Salvador,2014
70.80000305175781,26,,SLV,28679,230,266,140786,29184,Total,Rural,Women,El Salvador,2014
75.19999694824219,26,,SLV,28680,230,146,140785,29184,36 years and older,Urban,Both sexes,El Salvador,2014
76.9000015258789,26,,SLV,28680,230,265,140785,29184,36 years and older,Urban,Men,El Salvador,2014
73.0999984741211,26,,SLV,28680,230,266,140785,29184,36 years and older,Urban,Women,El Salvador,2014
73.9000015258789,26,,SLV,28680,230,146,140784,29184,Under 36 years old,Urban,Both sexes,El Salvador,2014
74.30000305175781,26,,SLV,28680,230,265,140784,29184,Under 36 years old,Urban,Men,El Salvador,2014
73.4000015258789,26,,SLV,28680,230,266,140784,29184,Under 36 years old,Urban,Women,El Salvador,2014
74.4000015258789,26,,SLV,28680,230,146,140786,29184,Total,Urban,Both sexes,El Salvador,2014
75.5,26,,SLV,28680,230,265,140786,29184,Total,Urban,Men,El Salvador,2014
73.30000305175781,26,,SLV,28680,230,266,140786,29184,Total,Urban,Women,El Salvador,2014
71.19999694824219,26,,SLV,28681,230,146,140785,29185,36 years and older,National,Both sexes,El Salvador,2015
73.4000015258789,26,,SLV,28681,230,265,140785,29185,36 years and older,National,Men,El Salvador,2015
68.69999694824219,26,,SLV,28681,230,266,140785,29185,36 years and older,National,Women,El Salvador,2015
72.4000015258789,26,,SLV,28681,230,146,140784,29185,Under 36 years old,National,Both sexes,El Salvador,2015
73.69999694824219,26,,SLV,28681,230,265,140784,29185,Under 36 years old,National,Men,El Salvador,2015
71.0999984741211,26,,SLV,28681,230,266,140784,29185,Under 36 years old,National,Women,El Salvador,2015
71.9000015258789,26,,SLV,28681,230,146,140786,29185,Total,National,Both sexes,El Salvador,2015
73.5999984741211,26,,SLV,28681,230,265,140786,29185,Total,National,Men,El Salvador,2015
70.0999984741211,26,,SLV,28681,230,266,140786,29185,Total,National,Women,El Salvador,2015
70.4000015258789,26,,SLV,28679,230,146,140785,29185,36 years and older,Rural,Both sexes,El Salvador,2015
72.5999984741211,26,,SLV,28679,230,265,140785,29185,36 years and older,Rural,Men,El Salvador,2015
67.80000305175781,26,,SLV,28679,230,266,140785,29185,36 years and older,Rural,Women,El Salvador,2015
71.4000015258789,26,,SLV,28679,230,146,140784,29185,Under 36 years old,Rural,Both sexes,El Salvador,2015
72.4000015258789,26,,SLV,28679,230,265,140784,29185,Under 36 years old,Rural,Men,El Salvador,2015
70.30000305175781,26,,SLV,28679,230,266,140784,29185,Under 36 years old,Rural,Women,El Salvador,2015
71,26,,SLV,28679,230,146,140786,29185,Total,Rural,Both sexes,El Salvador,2015
72.5,26,,SLV,28679,230,265,140786,29185,Total,Rural,Men,El Salvador,2015
69.30000305175781,26,,SLV,28679,230,266,140786,29185,Total,Rural,Women,El Salvador,2015
74,26,,SLV,28680,230,146,140785,29185,36 years and older,Urban,Both sexes,El Salvador,2015
76.19999694824219,26,,SLV,28680,230,265,140785,29185,36 years and older,Urban,Men,El Salvador,2015
71.5,26,,SLV,28680,230,266,140785,29185,36 years and older,Urban,Women,El Salvador,2015
76.69999694824219,26,,SLV,28680,230,146,140784,29185,Under 36 years old,Urban,Both sexes,El Salvador,2015
79,26,,SLV,28680,230,265,140784,29185,Under 36 years old,Urban,Men,El Salvador,2015
74.30000305175781,26,,SLV,28680,230,266,140784,29185,Under 36 years old,Urban,Women,El Salvador,2015
75.5,26,,SLV,28680,230,146,140786,29185,Total,Urban,Both sexes,El Salvador,2015
77.69999694824219,26,,SLV,28680,230,265,140786,29185,Total,Urban,Men,El Salvador,2015
73,26,,SLV,28680,230,266,140786,29185,Total,Urban,Women,El Salvador,2015
71.19999694824219,26,,SLV,28681,230,146,140785,29186,36 years and older,National,Both sexes,El Salvador,2016
72.80000305175781,26,,SLV,28681,230,265,140785,29186,36 years and older,National,Men,El Salvador,2016
69.19999694824219,26,,SLV,28681,230,266,140785,29186,36 years and older,National,Women,El Salvador,2016
70.69999694824219,26,,SLV,28681,230,146,140784,29186,Under 36 years old,National,Both sexes,El Salvador,2016
70.5,26,,SLV,28681,230,265,140784,29186,Under 36 years old,National,Men,El Salvador,2016
70.9000015258789,26,,SLV,28681,230,266,140784,29186,Under 36 years old,National,Women,El Salvador,2016
70.9000015258789,26,,SLV,28681,230,146,140786,29186,Total,National,Both sexes,El Salvador,2016
71.5,26,,SLV,28681,230,265,140786,29186,Total,National,Men,El Salvador,2016
70.19999694824219,26,,SLV,28681,230,266,140786,29186,Total,National,Women,El Salvador,2016
70.69999694824219,26,,SLV,28679,230,146,140785,29186,36 years and older,Rural,Both sexes,El Salvador,2016
72.0999984741211,26,,SLV,28679,230,265,140785,29186,36 years and older,Rural,Men,El Salvador,2016
68.9000015258789,26,,SLV,28679,230,266,140785,29186,36 years and older,Rural,Women,El Salvador,2016
69.69999694824219,26,,SLV,28679,230,146,140784,29186,Under 36 years old,Rural,Both sexes,El Salvador,2016
69.0999984741211,26,,SLV,28679,230,265,140784,29186,Under 36 years old,Rural,Men,El Salvador,2016
70.19999694824219,26,,SLV,28679,230,266,140784,29186,Under 36 years old,Rural,Women,El Salvador,2016
70.0999984741211,26,,SLV,28679,230,146,140786,29186,Total,Rural,Both sexes,El Salvador,2016
70.4000015258789,26,,SLV,28679,230,265,140786,29186,Total,Rural,Men,El Salvador,2016
69.69999694824219,26,,SLV,28679,230,266,140786,29186,Total,Rural,Women,El Salvador,2016
72.9000015258789,26,,SLV,28680,230,146,140785,29186,36 years and older,Urban,Both sexes,El Salvador,2016
75.5,26,,SLV,28680,230,265,140785,29186,36 years and older,Urban,Men,El Salvador,2016
70.0999984741211,26,,SLV,28680,230,266,140785,29186,36 years and older,Urban,Women,El Salvador,2016
75.30000305175781,26,,SLV,28680,230,146,140784,29186,Under 36 years old,Urban,Both sexes,El Salvador,2016
76.4000015258789,26,,SLV,28680,230,265,140784,29186,Under 36 years old,Urban,Men,El Salvador,2016
74,26,,SLV,28680,230,266,140784,29186,Under 36 years old,Urban,Women,El Salvador,2016
74.19999694824219,26,,SLV,28680,230,146,140786,29186,Total,Urban,Both sexes,El Salvador,2016
76,26,,SLV,28680,230,265,140786,29186,Total,Urban,Men,El Salvador,2016
72.19999694824219,26,,SLV,28680,230,266,140786,29186,Total,Urban,Women,El Salvador,2016
74,26,,SLV,28681,230,146,140785,29187,36 years and older,National,Both sexes,El Salvador,2017
75.5999984741211,26,,SLV,28681,230,265,140785,29187,36 years and older,National,Men,El Salvador,2017
72.0999984741211,26,,SLV,28681,230,266,140785,29187,36 years and older,National,Women,El Salvador,2017
75.0999984741211,26,,SLV,28681,230,146,140784,29187,Under 36 years old,National,Both sexes,El Salvador,2017
76,26,,SLV,28681,230,265,140784,29187,Under 36 years old,National,Men,El Salvador,2017
74.30000305175781,26,,SLV,28681,230,266,140784,29187,Under 36 years old,National,Women,El Salvador,2017
74.69999694824219,26,,SLV,28681,230,146,140786,29187,Total,National,Both sexes,El Salvador,2017
75.80000305175781,26,,SLV,28681,230,265,140786,29187,Total,National,Men,El Salvador,2017
73.4000015258789,26,,SLV,28681,230,266,140786,29187,Total,National,Women,El Salvador,2017
73.4000015258789,26,,SLV,28679,230,146,140785,29187,36 years and older,Rural,Both sexes,El Salvador,2017
74.69999694824219,26,,SLV,28679,230,265,140785,29187,36 years and older,Rural,Men,El Salvador,2017
71.5999984741211,26,,SLV,28679,230,266,140785,29187,36 years and older,Rural,Women,El Salvador,2017
73.69999694824219,26,,SLV,28679,230,146,140784,29187,Under 36 years old,Rural,Both sexes,El Salvador,2017
74.5,26,,SLV,28679,230,265,140784,29187,Under 36 years old,Rural,Men,El Salvador,2017
72.9000015258789,26,,SLV,28679,230,266,140784,29187,Under 36 years old,Rural,Women,El Salvador,2017
73.5,26,,SLV,28679,230,146,140786,29187,Total,Rural,Both sexes,El Salvador,2017
74.5999984741211,26,,SLV,28679,230,265,140786,29187,Total,Rural,Men,El Salvador,2017
72.4000015258789,26,,SLV,28679,230,266,140786,29187,Total,Rural,Women,El Salvador,2017
76.4000015258789,26,,SLV,28680,230,146,140785,29187,36 years and older,Urban,Both sexes,El Salvador,2017
78.69999694824219,26,,SLV,28680,230,265,140785,29187,36 years and older,Urban,Men,El Salvador,2017
73.5999984741211,26,,SLV,28680,230,266,140785,29187,36 years and older,Urban,Women,El Salvador,2017
81.4000015258789,26,,SLV,28680,230,146,140784,29187,Under 36 years old,Urban,Both sexes,El Salvador,2017
82.9000015258789,26,,SLV,28680,230,265,140784,29187,Under 36 years old,Urban,Men,El Salvador,2017
80,26,,SLV,28680,230,266,140784,29187,Under 36 years old,Urban,Women,El Salvador,2017
79.0999984741211,26,,SLV,28680,230,146,140786,29187,Total,Urban,Both sexes,El Salvador,2017
80.80000305175781,26,,SLV,28680,230,265,140786,29187,Total,Urban,Men,El Salvador,2017
77.19999694824219,26,,SLV,28680,230,266,140786,29187,Total,Urban,Women,El Salvador,2017
75.5,26,,SLV,28681,230,146,140785,29188,36 years and older,National,Both sexes,El Salvador,2018
76.30000305175781,26,,SLV,28681,230,265,140785,29188,36 years and older,National,Men,El Salvador,2018
74.5999984741211,26,,SLV,28681,230,266,140785,29188,36 years and older,National,Women,El Salvador,2018
76.80000305175781,26,,SLV,28681,230,146,140784,29188,Under 36 years old,National,Both sexes,El Salvador,2018
78.5,26,,SLV,28681,230,265,140784,29188,Under 36 years old,National,Men,El Salvador,2018
75.30000305175781,26,,SLV,28681,230,266,140784,29188,Under 36 years old,National,Women,El Salvador,2018
76.30000305175781,26,,SLV,28681,230,146,140786,29188,Total,National,Both sexes,El Salvador,2018
77.5,26,,SLV,28681,230,265,140786,29188,Total,National,Men,El Salvador,2018
75,26,,SLV,28681,230,266,140786,29188,Total,National,Women,El Salvador,2018
75.5,26,,SLV,28679,230,146,140785,29188,36 years and older,Rural,Both sexes,El Salvador,2018
76.19999694824219,26,,SLV,28679,230,265,140785,29188,36 years and older,Rural,Men,El Salvador,2018
74.5999984741211,26,,SLV,28679,230,266,140785,29188,36 years and older,Rural,Women,El Salvador,2018
76.0999984741211,26,,SLV,28679,230,146,140784,29188,Under 36 years old,Rural,Both sexes,El Salvador,2018
78.0999984741211,26,,SLV,28679,230,265,140784,29188,Under 36 years old,Rural,Men,El Salvador,2018
74.19999694824219,26,,SLV,28679,230,266,140784,29188,Under 36 years old,Rural,Women,El Salvador,2018
75.80000305175781,26,,SLV,28679,230,146,140786,29188,Total,Rural,Both sexes,El Salvador,2018
77.19999694824219,26,,SLV,28679,230,265,140786,29188,Total,Rural,Men,El Salvador,2018
74.4000015258789,26,,SLV,28679,230,266,140786,29188,Total,Rural,Women,El Salvador,2018
75.80000305175781,26,,SLV,28680,230,146,140785,29188,36 years and older,Urban,Both sexes,El Salvador,2018
76.69999694824219,26,,SLV,28680,230,265,140785,29188,36 years and older,Urban,Men,El Salvador,2018
74.69999694824219,26,,SLV,28680,230,266,140785,29188,36 years and older,Urban,Women,El Salvador,2018
80.0999984741211,26,,SLV,28680,230,146,140784,29188,Under 36 years old,Urban,Both sexes,El Salvador,2018
80,26,,SLV,28680,230,265,140784,29188,Under 36 years old,Urban,Men,El Salvador,2018
80.19999694824219,26,,SLV,28680,230,266,140784,29188,Under 36 years old,Urban,Women,El Salvador,2018
78,26,,SLV,28680,230,146,140786,29188,Total,Urban,Both sexes,El Salvador,2018
78.30000305175781,26,,SLV,28680,230,265,140786,29188,Total,Urban,Men,El Salvador,2018
77.69999694824219,26,,SLV,28680,230,266,140786,29188,Total,Urban,Women,El Salvador,2018
76.80000305175781,26,,SLV,28681,230,146,140785,29189,36 years and older,National,Both sexes,El Salvador,2019
78.4000015258789,26,,SLV,28681,230,265,140785,29189,36 years and older,National,Men,El Salvador,2019
74.69999694824219,26,,SLV,28681,230,266,140785,29189,36 years and older,National,Women,El Salvador,2019
78.5,26,,SLV,28681,230,146,140784,29189,Under 36 years old,National,Both sexes,El Salvador,2019
79,26,,SLV,28681,230,265,140784,29189,Under 36 years old,National,Men,El Salvador,2019
77.9000015258789,26,,SLV,28681,230,266,140784,29189,Under 36 years old,National,Women,El Salvador,2019
77.69999694824219,26,,SLV,28681,230,146,140786,29189,Total,National,Both sexes,El Salvador,2019
78.69999694824219,26,,SLV,28681,230,265,140786,29189,Total,National,Men,El Salvador,2019
76.5,26,,SLV,28681,230,266,140786,29189,Total,National,Women,El Salvador,2019
76.4000015258789,26,,SLV,28679,230,146,140785,29189,36 years and older,Rural,Both sexes,El Salvador,2019
78.0999984741211,26,,SLV,28679,230,265,140785,29189,36 years and older,Rural,Men,El Salvador,2019
74.19999694824219,26,,SLV,28679,230,266,140785,29189,36 years and older,Rural,Women,El Salvador,2019
77.19999694824219,26,,SLV,28679,230,146,140784,29189,Under 36 years old,Rural,Both sexes,El Salvador,2019
78,26,,SLV,28679,230,265,140784,29189,Under 36 years old,Rural,Men,El Salvador,2019
76.5,26,,SLV,28679,230,266,140784,29189,Under 36 years old,Rural,Women,El Salvador,2019
76.9000015258789,26,,SLV,28679,230,146,140786,29189,Total,Rural,Both sexes,El Salvador,2019
78.0999984741211,26,,SLV,28679,230,265,140786,29189,Total,Rural,Men,El Salvador,2019
75.5,26,,SLV,28679,230,266,140786,29189,Total,Rural,Women,El Salvador,2019
78,26,,SLV,28680,230,146,140785,29189,36 years and older,Urban,Both sexes,El Salvador,2019
79.5,26,,SLV,28680,230,265,140785,29189,36 years and older,Urban,Men,El Salvador,2019
76.19999694824219,26,,SLV,28680,230,266,140785,29189,36 years and older,Urban,Women,El Salvador,2019
83.5,26,,SLV,28680,230,146,140784,29189,Under 36 years old,Urban,Both sexes,El Salvador,2019
83.0999984741211,26,,SLV,28680,230,265,140784,29189,Under 36 years old,Urban,Men,El Salvador,2019
84,26,,SLV,28680,230,266,140784,29189,Under 36 years old,Urban,Women,El Salvador,2019
80.69999694824219,26,,SLV,28680,230,146,140786,29189,Total,Urban,Both sexes,El Salvador,2019
81.19999694824219,26,,SLV,28680,230,265,140786,29189,Total,Urban,Men,El Salvador,2019
80.0999984741211,26,,SLV,28680,230,266,140786,29189,Total,Urban,Women,El Salvador,2019
69,26,,GTM,28681,235,146,140785,29193,36 years and older,National,Both sexes,Guatemala,2023
78.5,26,,GTM,28681,235,265,140785,29193,36 years and older,National,Men,Guatemala,2023
58.79999923706055,26,,GTM,28681,235,266,140785,29193,36 years and older,National,Women,Guatemala,2023
52.099998474121094,26,,GTM,28681,235,146,140784,29193,Under 36 years old,National,Both sexes,Guatemala,2023
55.5,26,,GTM,28681,235,265,140784,29193,Under 36 years old,National,Men,Guatemala,2023
49,26,,GTM,28681,235,266,140784,29193,Under 36 years old,National,Women,Guatemala,2023
58,26,,GTM,28681,235,146,140786,29193,Total,National,Both sexes,Guatemala,2023
63.900001525878906,26,,GTM,28681,235,265,140786,29193,Total,National,Men,Guatemala,2023
52.20000076293945,26,,GTM,28681,235,266,140786,29193,Total,National,Women,Guatemala,2023
67.69999694824219,26,,GTM,28679,235,146,140785,29193,36 years and older,Rural,Both sexes,Guatemala,2023
78.30000305175781,26,,GTM,28679,235,265,140785,29193,36 years and older,Rural,Men,Guatemala,2023
56.400001525878906,26,,GTM,28679,235,266,140785,29193,36 years and older,Rural,Women,Guatemala,2023
49.599998474121094,26,,GTM,28679,235,146,140784,29193,Under 36 years old,Rural,Both sexes,Guatemala,2023
53.5,26,,GTM,28679,235,265,140784,29193,Under 36 years old,Rural,Men,Guatemala,2023
46.099998474121094,26,,GTM,28679,235,266,140784,29193,Under 36 years old,Rural,Women,Guatemala,2023
55.70000076293945,26,,GTM,28679,235,146,140786,29193,Total,Rural,Both sexes,Guatemala,2023
62.20000076293945,26,,GTM,28679,235,265,140786,29193,Total,Rural,Men,Guatemala,2023
49.400001525878906,26,,GTM,28679,235,266,140786,29193,Total,Rural,Women,Guatemala,2023
72.30000305175781,26,,GTM,28680,235,146,140785,29193,36 years and older,Urban,Both sexes,Guatemala,2023
79.30000305175781,26,,GTM,28680,235,265,140785,29193,36 years and older,Urban,Men,Guatemala,2023
64.80000305175781,26,,GTM,28680,235,266,140785,29193,36 years and older,Urban,Women,Guatemala,2023
60.29999923706055,26,,GTM,28680,235,146,140784,29193,Under 36 years old,Urban,Both sexes,Guatemala,2023
62.29999923706055,26,,GTM,28680,235,265,140784,29193,Under 36 years old,Urban,Men,Guatemala,2023
58.5,26,,GTM,28680,235,266,140784,29193,Under 36 years old,Urban,Women,Guatemala,2023
65,26,,GTM,28680,235,146,140786,29193,Total,Urban,Both sexes,Guatemala,2023
69.19999694824219,26,,GTM,28680,235,265,140786,29193,Total,Urban,Men,Guatemala,2023
60.79999923706055,26,,GTM,28680,235,266,140786,29193,Total,Urban,Women,Guatemala,2023
37.099998474121094,26,355,HND,28681,239,146,140785,29179,36 years and older,National,Both sexes,Honduras,2009
40.79999923706055,26,355,HND,28681,239,265,140785,29179,36 years and older,National,Men,Honduras,2009
32.900001525878906,26,355,HND,28681,239,266,140785,29179,36 years and older,National,Women,Honduras,2009
23.899999618530273,26,355,HND,28681,239,146,140784,29179,Under 36 years old,National,Both sexes,Honduras,2009
24.899999618530273,26,355,HND,28681,239,265,140784,29179,Under 36 years old,National,Men,Honduras,2009
22.899999618530273,26,355,HND,28681,239,266,140784,29179,Under 36 years old,National,Women,Honduras,2009
28,26,355,HND,28681,239,146,140786,29179,Total,National,Both sexes,Honduras,2009
29.899999618530273,26,355,HND,28681,239,265,140786,29179,Total,National,Men,Honduras,2009
25.899999618530273,26,355,HND,28681,239,266,140786,29179,Total,National,Women,Honduras,2009
35.5,26,355,HND,28679,239,146,140785,29179,36 years and older,Rural,Both sexes,Honduras,2009
39.29999923706055,26,355,HND,28679,239,265,140785,29179,36 years and older,Rural,Men,Honduras,2009
31.200000762939453,26,355,HND,28679,239,266,140785,29179,36 years and older,Rural,Women,Honduras,2009
22.200000762939453,26,355,HND,28679,239,146,140784,29179,Under 36 years old,Rural,Both sexes,Honduras,2009
23.700000762939453,26,355,HND,28679,239,265,140784,29179,Under 36 years old,Rural,Men,Honduras,2009
20.600000381469727,26,355,HND,28679,239,266,140784,29179,Under 36 years old,Rural,Women,Honduras,2009
26.200000762939453,26,355,HND,28679,239,146,140786,29179,Total,Rural,Both sexes,Honduras,2009
28.5,26,355,HND,28679,239,265,140786,29179,Total,Rural,Men,Honduras,2009
23.700000762939453,26,355,HND,28679,239,266,140786,29179,Total,Rural,Women,Honduras,2009
47.70000076293945,26,355,HND,28680,239,146,140785,29179,36 years and older,Urban,Both sexes,Honduras,2009
50.79999923706055,26,355,HND,28680,239,265,140785,29179,36 years and older,Urban,Men,Honduras,2009
44.099998474121094,26,355,HND,28680,239,266,140785,29179,36 years and older,Urban,Women,Honduras,2009
39.79999923706055,26,355,HND,28680,239,146,140784,29179,Under 36 years old,Urban,Both sexes,Honduras,2009
36.79999923706055,26,355,HND,28680,239,265,140784,29179,Under 36 years old,Urban,Men,Honduras,2009
42.599998474121094,26,355,HND,28680,239,266,140784,29179,Under 36 years old,Urban,Women,Honduras,2009
42.70000076293945,26,355,HND,28680,239,146,140786,29179,Total,Urban,Both sexes,Honduras,2009
42.400001525878906,26,355,HND,28680,239,265,140786,29179,Total,Urban,Men,Honduras,2009
43.099998474121094,26,355,HND,28680,239,266,140786,29179,Total,Urban,Women,Honduras,2009
40,26,355,HND,28681,239,146,140785,29180,36 years and older,National,Both sexes,Honduras,2010
42.79999923706055,26,355,HND,28681,239,265,140785,29180,36 years and older,National,Men,Honduras,2010
36.79999923706055,26,355,HND,28681,239,266,140785,29180,36 years and older,National,Women,Honduras,2010
23.600000381469727,26,355,HND,28681,239,146,140784,29180,Under 36 years old,National,Both sexes,Honduras,2010
24.5,26,355,HND,28681,239,265,140784,29180,Under 36 years old,National,Men,Honduras,2010
22.700000762939453,26,355,HND,28681,239,266,140784,29180,Under 36 years old,National,Women,Honduras,2010
28.799999237060547,26,355,HND,28681,239,146,140786,29180,Total,National,Both sexes,Honduras,2010
30.299999237060547,26,355,HND,28681,239,265,140786,29180,Total,National,Men,Honduras,2010
27.100000381469727,26,355,HND,28681,239,266,140786,29180,Total,National,Women,Honduras,2010
38.400001525878906,26,355,HND,28679,239,146,140785,29180,36 years and older,Rural,Both sexes,Honduras,2010
41.20000076293945,26,355,HND,28679,239,265,140785,29180,36 years and older,Rural,Men,Honduras,2010
35.29999923706055,26,355,HND,28679,239,266,140785,29180,36 years and older,Rural,Women,Honduras,2010
22.200000762939453,26,355,HND,28679,239,146,140784,29180,Under 36 years old,Rural,Both sexes,Honduras,2010
23.299999237060547,26,355,HND,28679,239,265,140784,29180,Under 36 years old,Rural,Men,Honduras,2010
21,26,355,HND,28679,239,266,140784,29180,Under 36 years old,Rural,Women,Honduras,2010
27.100000381469727,26,355,HND,28679,239,146,140786,29180,Total,Rural,Both sexes,Honduras,2010
28.799999237060547,26,355,HND,28679,239,265,140786,29180,Total,Rural,Men,Honduras,2010
25.399999618530273,26,355,HND,28679,239,266,140786,29180,Total,Rural,Women,Honduras,2010
50.099998474121094,26,355,HND,28680,239,146,140785,29180,36 years and older,Urban,Both sexes,Honduras,2010
53.29999923706055,26,355,HND,28680,239,265,140785,29180,36 years and older,Urban,Men,Honduras,2010
46.5,26,355,HND,28680,239,266,140785,29180,36 years and older,Urban,Women,Honduras,2010
37.400001525878906,26,355,HND,28680,239,146,140784,29180,Under 36 years old,Urban,Both sexes,Honduras,2010
37.099998474121094,26,355,HND,28680,239,265,140784,29180,Under 36 years old,Urban,Men,Honduras,2010
37.599998474121094,26,355,HND,28680,239,266,140784,29180,Under 36 years old,Urban,Women,Honduras,2010
42.29999923706055,26,355,HND,28680,239,146,140786,29180,Total,Urban,Both sexes,Honduras,2010
43.70000076293945,26,355,HND,28680,239,265,140786,29180,Total,Urban,Men,Honduras,2010
40.900001525878906,26,355,HND,28680,239,266,140786,29180,Total,Urban,Women,Honduras,2010
42.599998474121094,26,355,HND,28681,239,146,140785,29181,36 years and older,National,Both sexes,Honduras,2011
45.5,26,355,HND,28681,239,265,140785,29181,36 years and older,National,Men,Honduras,2011
39.29999923706055,26,355,HND,28681,239,266,140785,29181,36 years and older,National,Women,Honduras,2011
27.299999237060547,26,355,HND,28681,239,146,140784,29181,Under 36 years old,National,Both sexes,Honduras,2011
28.100000381469727,26,355,HND,28681,239,265,140784,29181,Under 36 years old,National,Men,Honduras,2011
26.5,26,355,HND,28681,239,266,140784,29181,Under 36 years old,National,Women,Honduras,2011
32.099998474121094,26,355,HND,28681,239,146,140786,29181,Total,National,Both sexes,Honduras,2011
33.599998474121094,26,355,HND,28681,239,265,140786,29181,Total,National,Men,Honduras,2011
30.399999618530273,26,355,HND,28681,239,266,140786,29181,Total,National,Women,Honduras,2011
41.20000076293945,26,355,HND,28679,239,146,140785,29181,36 years and older,Rural,Both sexes,Honduras,2011
44.599998474121094,26,355,HND,28679,239,265,140785,29181,36 years and older,Rural,Men,Honduras,2011
37.400001525878906,26,355,HND,28679,239,266,140785,29181,36 years and older,Rural,Women,Honduras,2011
26.100000381469727,26,355,HND,28679,239,146,140784,29181,Under 36 years old,Rural,Both sexes,Honduras,2011
27.200000762939453,26,355,HND,28679,239,265,140784,29181,Under 36 years old,Rural,Men,Honduras,2011
25,26,355,HND,28679,239,266,140784,29181,Under 36 years old,Rural,Women,Honduras,2011
30.799999237060547,26,355,HND,28679,239,146,140786,29181,Total,Rural,Both sexes,Honduras,2011
32.599998474121094,26,355,HND,28679,239,265,140786,29181,Total,Rural,Men,Honduras,2011
28.700000762939453,26,355,HND,28679,239,266,140786,29181,Total,Rural,Women,Honduras,2011
53.400001525878906,26,355,HND,28680,239,146,140785,29181,36 years and older,Urban,Both sexes,Honduras,2011
53,26,355,HND,28680,239,265,140785,29181,36 years and older,Urban,Men,Honduras,2011
53.79999923706055,26,355,HND,28680,239,266,140785,29181,36 years and older,Urban,Women,Honduras,2011
39.400001525878906,26,355,HND,28680,239,146,140784,29181,Under 36 years old,Urban,Both sexes,Honduras,2011
37.79999923706055,26,355,HND,28680,239,265,140784,29181,Under 36 years old,Urban,Men,Honduras,2011
40.900001525878906,26,355,HND,28680,239,266,140784,29181,Under 36 years old,Urban,Women,Honduras,2011
44.70000076293945,26,355,HND,28680,239,146,140786,29181,Total,Urban,Both sexes,Honduras,2011
43.79999923706055,26,355,HND,28680,239,265,140786,29181,Total,Urban,Men,Honduras,2011
45.70000076293945,26,355,HND,28680,239,266,140786,29181,Total,Urban,Women,Honduras,2011
47.20000076293945,26,355,HND,28681,239,146,140785,29182,36 years and older,National,Both sexes,Honduras,2012
50.70000076293945,26,355,HND,28681,239,265,140785,29182,36 years and older,National,Men,Honduras,2012
43.20000076293945,26,355,HND,28681,239,266,140785,29182,36 years and older,National,Women,Honduras,2012
29,26,355,HND,28681,239,146,140784,29182,Under 36 years old,National,Both sexes,Honduras,2012
30.799999237060547,26,355,HND,28681,239,265,140784,29182,Under 36 years old,National,Men,Honduras,2012
27.100000381469727,26,355,HND,28681,239,266,140784,29182,Under 36 years old,National,Women,Honduras,2012
34.79999923706055,26,355,HND,28681,239,146,140786,29182,Total,National,Both sexes,Honduras,2012
37.20000076293945,26,355,HND,28681,239,265,140786,29182,Total,National,Men,Honduras,2012
32.099998474121094,26,355,HND,28681,239,266,140786,29182,Total,National,Women,Honduras,2012
45.900001525878906,26,355,HND,28679,239,146,140785,29182,36 years and older,Rural,Both sexes,Honduras,2012
49.29999923706055,26,355,HND,28679,239,265,140785,29182,36 years and older,Rural,Men,Honduras,2012
42.099998474121094,26,355,HND,28679,239,266,140785,29182,36 years and older,Rural,Women,Honduras,2012
26.899999618530273,26,355,HND,28679,239,146,140784,29182,Under 36 years old,Rural,Both sexes,Honduras,2012
29.299999237060547,26,355,HND,28679,239,265,140784,29182,Under 36 years old,Rural,Men,Honduras,2012
24.200000762939453,26,355,HND,28679,239,266,140784,29182,Under 36 years old,Rural,Women,Honduras,2012
32.70000076293945,26,355,HND,28679,239,146,140786,29182,Total,Rural,Both sexes,Honduras,2012
35.5,26,355,HND,28679,239,265,140786,29182,Total,Rural,Men,Honduras,2012
29.600000381469727,26,355,HND,28679,239,266,140786,29182,Total,Rural,Women,Honduras,2012
54.70000076293945,26,355,HND,28680,239,146,140785,29182,36 years and older,Urban,Both sexes,Honduras,2012
59.099998474121094,26,355,HND,28680,239,265,140785,29182,36 years and older,Urban,Men,Honduras,2012
49.900001525878906,26,355,HND,28680,239,266,140785,29182,36 years and older,Urban,Women,Honduras,2012
48,26,355,HND,28680,239,146,140784,29182,Under 36 years old,Urban,Both sexes,Honduras,2012
45.20000076293945,26,355,HND,28680,239,265,140784,29182,Under 36 years old,Urban,Men,Honduras,2012
50.70000076293945,26,355,HND,28680,239,266,140784,29182,Under 36 years old,Urban,Women,Honduras,2012
50.599998474121094,26,355,HND,28680,239,146,140786,29182,Total,Urban,Both sexes,Honduras,2012
50.79999923706055,26,355,HND,28680,239,265,140786,29182,Total,Urban,Men,Honduras,2012
50.400001525878906,26,355,HND,28680,239,266,140786,29182,Total,Urban,Women,Honduras,2012
51.70000076293945,26,355,HND,28681,239,146,140785,29183,36 years and older,National,Both sexes,Honduras,2013
54.099998474121094,26,355,HND,28681,239,265,140785,29183,36 years and older,National,Men,Honduras,2013
49,26,355,HND,28681,239,266,140785,29183,36 years and older,National,Women,Honduras,2013
32.900001525878906,26,355,HND,28681,239,146,140784,29183,Under 36 years old,National,Both sexes,Honduras,2013
33.70000076293945,26,355,HND,28681,239,265,140784,29183,Under 36 years old,National,Men,Honduras,2013
32,26,355,HND,28681,239,266,140784,29183,Under 36 years old,National,Women,Honduras,2013
39.099998474121094,26,355,HND,28681,239,146,140786,29183,Total,National,Both sexes,Honduras,2013
40.599998474121094,26,355,HND,28681,239,265,140786,29183,Total,National,Men,Honduras,2013
37.5,26,355,HND,28681,239,266,140786,29183,Total,National,Women,Honduras,2013
49.29999923706055,26,355,HND,28679,239,146,140785,29183,36 years and older,Rural,Both sexes,Honduras,2013
52.099998474121094,26,355,HND,28679,239,265,140785,29183,36 years and older,Rural,Men,Honduras,2013
46.099998474121094,26,355,HND,28679,239,266,140785,29183,36 years and older,Rural,Women,Honduras,2013
31.200000762939453,26,355,HND,28679,239,146,140784,29183,Under 36 years old,Rural,Both sexes,Honduras,2013
32.400001525878906,26,355,HND,28679,239,265,140784,29183,Under 36 years old,Rural,Men,Honduras,2013
29.799999237060547,26,355,HND,28679,239,266,140784,29183,Under 36 years old,Rural,Women,Honduras,2013
37,26,355,HND,28679,239,146,140786,29183,Total,Rural,Both sexes,Honduras,2013
38.79999923706055,26,355,HND,28679,239,265,140786,29183,Total,Rural,Men,Honduras,2013
34.900001525878906,26,355,HND,28679,239,266,140786,29183,Total,Rural,Women,Honduras,2013
64.4000015258789,26,355,HND,28680,239,146,140785,29183,36 years and older,Urban,Both sexes,Honduras,2013
64.80000305175781,26,355,HND,28680,239,265,140785,29183,36 years and older,Urban,Men,Honduras,2013
63.900001525878906,26,355,HND,28680,239,266,140785,29183,36 years and older,Urban,Women,Honduras,2013
46.29999923706055,26,355,HND,28680,239,146,140784,29183,Under 36 years old,Urban,Both sexes,Honduras,2013
44.70000076293945,26,355,HND,28680,239,265,140784,29183,Under 36 years old,Urban,Men,Honduras,2013
47.900001525878906,26,355,HND,28680,239,266,140784,29183,Under 36 years old,Urban,Women,Honduras,2013
53.79999923706055,26,355,HND,28680,239,146,140786,29183,Total,Urban,Both sexes,Honduras,2013
53.400001525878906,26,355,HND,28680,239,265,140786,29183,Total,Urban,Men,Honduras,2013
54.20000076293945,26,355,HND,28680,239,266,140786,29183,Total,Urban,Women,Honduras,2013
53.900001525878906,26,8615,HND,28681,239,146,140785,29184,36 years and older,National,Both sexes,Honduras,2014
56,26,8615,HND,28681,239,265,140785,29184,36 years and older,National,Men,Honduras,2014
51.5,26,8615,HND,28681,239,266,140785,29184,36 years and older,National,Women,Honduras,2014
31.100000381469727,26,8615,HND,28681,239,146,140784,29184,Under 36 years old,National,Both sexes,Honduras,2014
32.400001525878906,26,8615,HND,28681,239,265,140784,29184,Under 36 years old,National,Men,Honduras,2014
29.799999237060547,26,8615,HND,28681,239,266,140784,29184,Under 36 years old,National,Women,Honduras,2014
38.599998474121094,26,8615,HND,28681,239,146,140786,29184,Total,National,Both sexes,Honduras,2014
40.5,26,8615,HND,28681,239,265,140786,29184,Total,National,Men,Honduras,2014
36.599998474121094,26,8615,HND,28681,239,266,140786,29184,Total,National,Women,Honduras,2014
50.29999923706055,26,8615,HND,28679,239,146,140785,29184,36 years and older,Rural,Both sexes,Honduras,2014
53,26,8615,HND,28679,239,265,140785,29184,36 years and older,Rural,Men,Honduras,2014
47.29999923706055,26,8615,HND,28679,239,266,140785,29184,36 years and older,Rural,Women,Honduras,2014
29,26,8615,HND,28679,239,146,140784,29184,Under 36 years old,Rural,Both sexes,Honduras,2014
30.5,26,8615,HND,28679,239,265,140784,29184,Under 36 years old,Rural,Men,Honduras,2014
27.399999618530273,26,8615,HND,28679,239,266,140784,29184,Under 36 years old,Rural,Women,Honduras,2014
35.900001525878906,26,8615,HND,28679,239,146,140786,29184,Total,Rural,Both sexes,Honduras,2014
38,26,8615,HND,28679,239,265,140786,29184,Total,Rural,Men,Honduras,2014
33.5,26,8615,HND,28679,239,266,140786,29184,Total,Rural,Women,Honduras,2014
70.5999984741211,26,8615,HND,28680,239,146,140785,29184,36 years and older,Urban,Both sexes,Honduras,2014
69.69999694824219,26,8615,HND,28680,239,265,140785,29184,36 years and older,Urban,Men,Honduras,2014
71.69999694824219,26,8615,HND,28680,239,266,140785,29184,36 years and older,Urban,Women,Honduras,2014
44.400001525878906,26,8615,HND,28680,239,146,140784,29184,Under 36 years old,Urban,Both sexes,Honduras,2014
44.79999923706055,26,8615,HND,28680,239,265,140784,29184,Under 36 years old,Urban,Men,Honduras,2014
44,26,8615,HND,28680,239,266,140784,29184,Under 36 years old,Urban,Women,Honduras,2014
54.5,26,8615,HND,28680,239,146,140786,29184,Total,Urban,Both sexes,Honduras,2014
55,26,8615,HND,28680,239,265,140786,29184,Total,Urban,Men,Honduras,2014
54,26,8615,HND,28680,239,266,140786,29184,Total,Urban,Women,Honduras,2014
54.70000076293945,26,8615,HND,28681,239,146,140785,29185,36 years and older,National,Both sexes,Honduras,2015
56.5,26,8615,HND,28681,239,265,140785,29185,36 years and older,National,Men,Honduras,2015
52.70000076293945,26,8615,HND,28681,239,266,140785,29185,36 years and older,National,Women,Honduras,2015
34.5,26,8615,HND,28681,239,146,140784,29185,Under 36 years old,National,Both sexes,Honduras,2015
35.900001525878906,26,8615,HND,28681,239,265,140784,29185,Under 36 years old,National,Men,Honduras,2015
32.900001525878906,26,8615,HND,28681,239,266,140784,29185,Under 36 years old,National,Women,Honduras,2015
41.099998474121094,26,8615,HND,28681,239,146,140786,29185,Total,National,Both sexes,Honduras,2015
42.900001525878906,26,8615,HND,28681,239,265,140786,29185,Total,National,Men,Honduras,2015
39.099998474121094,26,8615,HND,28681,239,266,140786,29185,Total,National,Women,Honduras,2015
52,26,8615,HND,28679,239,146,140785,29185,36 years and older,Rural,Both sexes,Honduras,2015
54.29999923706055,26,8615,HND,28679,239,265,140785,29185,36 years and older,Rural,Men,Honduras,2015
49.20000076293945,26,8615,HND,28679,239,266,140785,29185,36 years and older,Rural,Women,Honduras,2015
32.70000076293945,26,8615,HND,28679,239,146,140784,29185,Under 36 years old,Rural,Both sexes,Honduras,2015
34.599998474121094,26,8615,HND,28679,239,265,140784,29185,Under 36 years old,Rural,Men,Honduras,2015
30.600000381469727,26,8615,HND,28679,239,266,140784,29185,Under 36 years old,Rural,Women,Honduras,2015
38.70000076293945,26,8615,HND,28679,239,146,140786,29185,Total,Rural,Both sexes,Honduras,2015
41,26,8615,HND,28679,239,265,140786,29185,Total,Rural,Men,Honduras,2015
36.20000076293945,26,8615,HND,28679,239,266,140786,29185,Total,Rural,Women,Honduras,2015
67.80000305175781,26,8615,HND,28680,239,146,140785,29185,36 years and older,Urban,Both sexes,Honduras,2015
66.9000015258789,26,8615,HND,28680,239,265,140785,29185,36 years and older,Urban,Men,Honduras,2015
68.80000305175781,26,8615,HND,28680,239,266,140785,29185,36 years and older,Urban,Women,Honduras,2015
47.79999923706055,26,8615,HND,28680,239,146,140784,29185,Under 36 years old,Urban,Both sexes,Honduras,2015
46.70000076293945,26,8615,HND,28680,239,265,140784,29185,Under 36 years old,Urban,Men,Honduras,2015
48.70000076293945,26,8615,HND,28680,239,266,140784,29185,Under 36 years old,Urban,Women,Honduras,2015
56.099998474121094,26,8615,HND,28680,239,146,140786,29185,Total,Urban,Both sexes,Honduras,2015
55.70000076293945,26,8615,HND,28680,239,265,140786,29185,Total,Urban,Men,Honduras,2015
56.5,26,8615,HND,28680,239,266,140786,29185,Total,Urban,Women,Honduras,2015
53.599998474121094,26,8615,HND,28681,239,146,140785,29186,36 years and older,National,Both sexes,Honduras,2016
57,26,8615,HND,28681,239,265,140785,29186,36 years and older,National,Men,Honduras,2016
49.79999923706055,26,8615,HND,28681,239,266,140785,29186,36 years and older,National,Women,Honduras,2016
35.70000076293945,26,8615,HND,28681,239,146,140784,29186,Under 36 years old,National,Both sexes,Honduras,2016
37.900001525878906,26,8615,HND,28681,239,265,140784,29186,Under 36 years old,National,Men,Honduras,2016
33.5,26,8615,HND,28681,239,266,140784,29186,Under 36 years old,National,Women,Honduras,2016
41.5,26,8615,HND,28681,239,146,140786,29186,Total,National,Both sexes,Honduras,2016
44.400001525878906,26,8615,HND,28681,239,265,140786,29186,Total,National,Men,Honduras,2016
38.5,26,8615,HND,28681,239,266,140786,29186,Total,National,Women,Honduras,2016
51.29999923706055,26,8615,HND,28679,239,146,140785,29186,36 years and older,Rural,Both sexes,Honduras,2016
53.5,26,8615,HND,28679,239,265,140785,29186,36 years and older,Rural,Men,Honduras,2016
48.70000076293945,26,8615,HND,28679,239,266,140785,29186,36 years and older,Rural,Women,Honduras,2016
33.79999923706055,26,8615,HND,28679,239,146,140784,29186,Under 36 years old,Rural,Both sexes,Honduras,2016
36.5,26,8615,HND,28679,239,265,140784,29186,Under 36 years old,Rural,Men,Honduras,2016
31.200000762939453,26,8615,HND,28679,239,266,140784,29186,Under 36 years old,Rural,Women,Honduras,2016
39.400001525878906,26,8615,HND,28679,239,146,140786,29186,Total,Rural,Both sexes,Honduras,2016
42.20000076293945,26,8615,HND,28679,239,265,140786,29186,Total,Rural,Men,Honduras,2016
36.5,26,8615,HND,28679,239,266,140786,29186,Total,Rural,Women,Honduras,2016
66,26,8615,HND,28680,239,146,140785,29186,36 years and older,Urban,Both sexes,Honduras,2016
75.5999984741211,26,8615,HND,28680,239,265,140785,29186,36 years and older,Urban,Men,Honduras,2016
55.29999923706055,26,8615,HND,28680,239,266,140785,29186,36 years and older,Urban,Women,Honduras,2016
47.099998474121094,26,8615,HND,28680,239,146,140784,29186,Under 36 years old,Urban,Both sexes,Honduras,2016
46.70000076293945,26,8615,HND,28680,239,265,140784,29186,Under 36 years old,Urban,Men,Honduras,2016
47.400001525878906,26,8615,HND,28680,239,266,140784,29186,Under 36 years old,Urban,Women,Honduras,2016
53.70000076293945,26,8615,HND,28680,239,146,140786,29186,Total,Urban,Both sexes,Honduras,2016
57.5,26,8615,HND,28680,239,265,140786,29186,Total,Urban,Men,Honduras,2016
50,26,8615,HND,28680,239,266,140786,29186,Total,Urban,Women,Honduras,2016
94.4000015258789,26,8615,HND,28681,239,146,140785,29188,36 years and older,National,Both sexes,Honduras,2018
94.4000015258789,26,8615,HND,28681,239,265,140785,29188,36 years and older,National,Men,Honduras,2018
94.4000015258789,26,8615,HND,28681,239,266,140785,29188,36 years and older,National,Women,Honduras,2018
97.19999694824219,26,8615,HND,28681,239,146,140784,29188,Under 36 years old,National,Both sexes,Honduras,2018
97.30000305175781,26,8615,HND,28681,239,265,140784,29188,Under 36 years old,National,Men,Honduras,2018
97.0999984741211,26,8615,HND,28681,239,266,140784,29188,Under 36 years old,National,Women,Honduras,2018
96.19999694824219,26,8615,HND,28681,239,146,140786,29188,Total,National,Both sexes,Honduras,2018
96.19999694824219,26,8615,HND,28681,239,265,140786,29188,Total,National,Men,Honduras,2018
96.19999694824219,26,8615,HND,28681,239,266,140786,29188,Total,National,Women,Honduras,2018
94.5999984741211,26,8615,HND,28679,239,146,140785,29188,36 years and older,Rural,Both sexes,Honduras,2018
94.69999694824219,26,8615,HND,28679,239,265,140785,29188,36 years and older,Rural,Men,Honduras,2018
94.4000015258789,26,8615,HND,28679,239,266,140785,29188,36 years and older,Rural,Women,Honduras,2018
97.19999694824219,26,8615,HND,28679,239,146,140784,29188,Under 36 years old,Rural,Both sexes,Honduras,2018
97.30000305175781,26,8615,HND,28679,239,265,140784,29188,Under 36 years old,Rural,Men,Honduras,2018
97,26,8615,HND,28679,239,266,140784,29188,Under 36 years old,Rural,Women,Honduras,2018
96.30000305175781,26,8615,HND,28679,239,146,140786,29188,Total,Rural,Both sexes,Honduras,2018
96.4000015258789,26,8615,HND,28679,239,265,140786,29188,Total,Rural,Men,Honduras,2018
96.0999984741211,26,8615,HND,28679,239,266,140786,29188,Total,Rural,Women,Honduras,2018
93.19999694824219,26,8615,HND,28680,239,146,140785,29188,36 years and older,Urban,Both sexes,Honduras,2018
92.30000305175781,26,8615,HND,28680,239,265,140785,29188,36 years and older,Urban,Men,Honduras,2018
94.30000305175781,26,"8615,13639",HND,28680,239,266,140785,29188,36 years and older,Urban,Women,Honduras,2018
97.30000305175781,26,8615,HND,28680,239,146,140784,29188,Under 36 years old,Urban,Both sexes,Honduras,2018
97.0999984741211,26,"8615,13639",HND,28680,239,265,140784,29188,Under 36 years old,Urban,Men,Honduras,2018
97.5,26,"8615,13639",HND,28680,239,266,140784,29188,Under 36 years old,Urban,Women,Honduras,2018
95.69999694824219,26,8615,HND,28680,239,146,140786,29188,Total,Urban,Both sexes,Honduras,2018
95.30000305175781,26,8615,HND,28680,239,265,140786,29188,Total,Urban,Men,Honduras,2018
96.30000305175781,26,8615,HND,28680,239,266,140786,29188,Total,Urban,Women,Honduras,2018
54,26,10360,PAN,28681,241,146,140785,29184,36 years and older,National,Both sexes,Panama,2014
52.5,26,10360,PAN,28681,241,265,140785,29184,36 years and older,National,Men,Panama,2014
56.099998474121094,26,10360,PAN,28681,241,266,140785,29184,36 years and older,National,Women,Panama,2014
54.20000076293945,26,10360,PAN,28681,241,146,140784,29184,Under 36 years old,National,Both sexes,Panama,2014
54.099998474121094,26,10360,PAN,28681,241,265,140784,29184,Under 36 years old,National,Men,Panama,2014
54.400001525878906,26,10360,PAN,28681,241,266,140784,29184,Under 36 years old,National,Women,Panama,2014
54.099998474121094,26,10360,PAN,28681,241,146,140786,29184,Total,National,Both sexes,Panama,2014
53.29999923706055,26,10360,PAN,28681,241,265,140786,29184,Total,National,Men,Panama,2014
55.099998474121094,26,10360,PAN,28681,241,266,140786,29184,Total,National,Women,Panama,2014
51.20000076293945,26,10360,PAN,28679,241,146,140785,29184,36 years and older,Rural,Both sexes,Panama,2014
49.900001525878906,26,10360,PAN,28679,241,265,140785,29184,36 years and older,Rural,Men,Panama,2014
53,26,10360,PAN,28679,241,266,140785,29184,36 years and older,Rural,Women,Panama,2014
51.70000076293945,26,10360,PAN,28679,241,146,140784,29184,Under 36 years old,Rural,Both sexes,Panama,2014
52.099998474121094,26,10360,PAN,28679,241,265,140784,29184,Under 36 years old,Rural,Men,Panama,2014
51.20000076293945,26,10360,PAN,28679,241,266,140784,29184,Under 36 years old,Rural,Women,Panama,2014
51.5,26,10360,PAN,28679,241,146,140786,29184,Total,Rural,Both sexes,Panama,2014
51.099998474121094,26,10360,PAN,28679,241,265,140786,29184,Total,Rural,Men,Panama,2014
52,26,10360,PAN,28679,241,266,140786,29184,Total,Rural,Women,Panama,2014
75.9000015258789,26,10360,PAN,28680,241,146,140785,29184,36 years and older,Urban,Both sexes,Panama,2014
73.30000305175781,26,10360,PAN,28680,241,265,140785,29184,36 years and older,Urban,Men,Panama,2014
79.30000305175781,26,10360,PAN,28680,241,266,140785,29184,36 years and older,Urban,Women,Panama,2014
81.0999984741211,26,10360,PAN,28680,241,146,140784,29184,Under 36 years old,Urban,Both sexes,Panama,2014
76.5999984741211,26,10360,PAN,28680,241,265,140784,29184,Under 36 years old,Urban,Men,Panama,2014
85.4000015258789,26,10360,PAN,28680,241,266,140784,29184,Under 36 years old,Urban,Women,Panama,2014
78.4000015258789,26,10360,PAN,28680,241,146,140786,29184,Total,Urban,Both sexes,Panama,2014
74.80000305175781,26,10360,PAN,28680,241,265,140786,29184,Total,Urban,Men,Panama,2014
82.4000015258789,26,10360,PAN,28680,241,266,140786,29184,Total,Urban,Women,Panama,2014
58.29999923706055,26,10360,PAN,28681,241,146,140785,29185,36 years and older,National,Both sexes,Panama,2015
57.900001525878906,26,10360,PAN,28681,241,265,140785,29185,36 years and older,National,Men,Panama,2015
58.79999923706055,26,10360,PAN,28681,241,266,140785,29185,36 years and older,National,Women,Panama,2015
55.79999923706055,26,10360,PAN,28681,241,146,140784,29185,Under 36 years old,National,Both sexes,Panama,2015
56.5,26,10360,PAN,28681,241,265,140784,29185,Under 36 years old,National,Men,Panama,2015
55,26,10360,PAN,28681,241,266,140784,29185,Under 36 years old,National,Women,Panama,2015
56.900001525878906,26,10360,PAN,28681,241,146,140786,29185,Total,National,Both sexes,Panama,2015
57.20000076293945,26,10360,PAN,28681,241,265,140786,29185,Total,National,Men,Panama,2015
56.599998474121094,26,10360,PAN,28681,241,266,140786,29185,Total,National,Women,Panama,2015
55.29999923706055,26,10360,PAN,28679,241,146,140785,29185,36 years and older,Rural,Both sexes,Panama,2015
55.099998474121094,26,10360,PAN,28679,241,265,140785,29185,36 years and older,Rural,Men,Panama,2015
55.5,26,10360,PAN,28679,241,266,140785,29185,36 years and older,Rural,Women,Panama,2015
52.900001525878906,26,10360,PAN,28679,241,146,140784,29185,Under 36 years old,Rural,Both sexes,Panama,2015
54,26,10360,PAN,28679,241,265,140784,29185,Under 36 years old,Rural,Men,Panama,2015
51.599998474121094,26,10360,PAN,28679,241,266,140784,29185,Under 36 years old,Rural,Women,Panama,2015
53.900001525878906,26,10360,PAN,28679,241,146,140786,29185,Total,Rural,Both sexes,Panama,2015
54.5,26,10360,PAN,28679,241,265,140786,29185,Total,Rural,Men,Panama,2015
53.29999923706055,26,10360,PAN,28679,241,266,140786,29185,Total,Rural,Women,Panama,2015
78.9000015258789,26,10360,PAN,28680,241,146,140785,29185,36 years and older,Urban,Both sexes,Panama,2015
78.0999984741211,26,10360,PAN,28680,241,265,140785,29185,36 years and older,Urban,Men,Panama,2015
79.9000015258789,26,10360,PAN,28680,241,266,140785,29185,36 years and older,Urban,Women,Panama,2015
86.0999984741211,26,10360,PAN,28680,241,146,140784,29185,Under 36 years old,Urban,Both sexes,Panama,2015
82.5999984741211,26,10360,PAN,28680,241,265,140784,29185,Under 36 years old,Urban,Men,Panama,2015
89.9000015258789,26,10360,PAN,28680,241,266,140784,29185,Under 36 years old,Urban,Women,Panama,2015
82.0999984741211,26,10360,PAN,28680,241,146,140786,29185,Total,Urban,Both sexes,Panama,2015
80.0999984741211,26,10360,PAN,28680,241,265,140786,29185,Total,Urban,Men,Panama,2015
84.4000015258789,26,10360,PAN,28680,241,266,140786,29185,Total,Urban,Women,Panama,2015
60.79999923706055,26,10360,PAN,28681,241,146,140785,29186,36 years and older,National,Both sexes,Panama,2016
59.400001525878906,26,10360,PAN,28681,241,265,140785,29186,36 years and older,National,Men,Panama,2016
62.599998474121094,26,10360,PAN,28681,241,266,140785,29186,36 years and older,National,Women,Panama,2016
59.70000076293945,26,10360,PAN,28681,241,146,140784,29186,Under 36 years old,National,Both sexes,Panama,2016
58.900001525878906,26,10360,PAN,28681,241,265,140784,29186,Under 36 years old,National,Men,Panama,2016
60.5,26,10360,PAN,28681,241,266,140784,29186,Under 36 years old,National,Women,Panama,2016
60.20000076293945,26,10360,PAN,28681,241,146,140786,29186,Total,National,Both sexes,Panama,2016
59.099998474121094,26,10360,PAN,28681,241,265,140786,29186,Total,National,Men,Panama,2016
61.400001525878906,26,10360,PAN,28681,241,266,140786,29186,Total,National,Women,Panama,2016
57,26,10360,PAN,28679,241,146,140785,29186,36 years and older,Rural,Both sexes,Panama,2016
55.599998474121094,26,10360,PAN,28679,241,265,140785,29186,36 years and older,Rural,Men,Panama,2016
59,26,10360,PAN,28679,241,266,140785,29186,36 years and older,Rural,Women,Panama,2016
56.099998474121094,26,10360,PAN,28679,241,146,140784,29186,Under 36 years old,Rural,Both sexes,Panama,2016
55.20000076293945,26,10360,PAN,28679,241,265,140784,29186,Under 36 years old,Rural,Men,Panama,2016
57,26,10360,PAN,28679,241,266,140784,29186,Under 36 years old,Rural,Women,Panama,2016
56.5,26,10360,PAN,28679,241,146,140786,29186,Total,Rural,Both sexes,Panama,2016
55.400001525878906,26,10360,PAN,28679,241,265,140786,29186,Total,Rural,Men,Panama,2016
57.79999923706055,26,10360,PAN,28679,241,266,140786,29186,Total,Rural,Women,Panama,2016
84.5,26,10360,PAN,28680,241,146,140785,29186,36 years and older,Urban,Both sexes,Panama,2016
85,26,10360,PAN,28680,241,265,140785,29186,36 years and older,Urban,Men,Panama,2016
83.9000015258789,26,10360,PAN,28680,241,266,140785,29186,36 years and older,Urban,Women,Panama,2016
87,26,10360,PAN,28680,241,146,140784,29186,Under 36 years old,Urban,Both sexes,Panama,2016
86.19999694824219,26,10360,PAN,28680,241,265,140784,29186,Under 36 years old,Urban,Men,Panama,2016
87.9000015258789,26,10360,PAN,28680,241,266,140784,29186,Under 36 years old,Urban,Women,Panama,2016
85.69999694824219,26,10360,PAN,28680,241,146,140786,29186,Total,Urban,Both sexes,Panama,2016
85.5,26,10360,PAN,28680,241,265,140786,29186,Total,Urban,Men,Panama,2016
85.9000015258789,26,10360,PAN,28680,241,266,140786,29186,Total,Urban,Women,Panama,2016
63.099998474121094,26,10360,PAN,28681,241,146,140785,29187,36 years and older,National,Both sexes,Panama,2017
63.400001525878906,26,10360,PAN,28681,241,265,140785,29187,36 years and older,National,Men,Panama,2017
62.79999923706055,26,10360,PAN,28681,241,266,140785,29187,36 years and older,National,Women,Panama,2017
60.70000076293945,26,10360,PAN,28681,241,146,140784,29187,Under 36 years old,National,Both sexes,Panama,2017
63.099998474121094,26,10360,PAN,28681,241,265,140784,29187,Under 36 years old,National,Men,Panama,2017
58.29999923706055,26,10360,PAN,28681,241,266,140784,29187,Under 36 years old,National,Women,Panama,2017
61.900001525878906,26,10360,PAN,28681,241,146,140786,29187,Total,National,Both sexes,Panama,2017
63.20000076293945,26,10360,PAN,28681,241,265,140786,29187,Total,National,Men,Panama,2017
60.29999923706055,26,10360,PAN,28681,241,266,140786,29187,Total,National,Women,Panama,2017
60.400001525878906,26,10360,PAN,28679,241,146,140785,29187,36 years and older,Rural,Both sexes,Panama,2017
61,26,10360,PAN,28679,241,265,140785,29187,36 years and older,Rural,Men,Panama,2017
59.5,26,10360,PAN,28679,241,266,140785,29187,36 years and older,Rural,Women,Panama,2017
57.20000076293945,26,10360,PAN,28679,241,146,140784,29187,Under 36 years old,Rural,Both sexes,Panama,2017
59.900001525878906,26,10360,PAN,28679,241,265,140784,29187,Under 36 years old,Rural,Men,Panama,2017
54.599998474121094,26,10360,PAN,28679,241,266,140784,29187,Under 36 years old,Rural,Women,Panama,2017
58.70000076293945,26,10360,PAN,28679,241,146,140786,29187,Total,Rural,Both sexes,Panama,2017
60.400001525878906,26,10360,PAN,28679,241,265,140786,29187,Total,Rural,Men,Panama,2017
56.79999923706055,26,10360,PAN,28679,241,266,140786,29187,Total,Rural,Women,Panama,2017
83.69999694824219,26,10360,PAN,28680,241,146,140785,29187,36 years and older,Urban,Both sexes,Panama,2017
81.5,26,10360,PAN,28680,241,265,140785,29187,36 years and older,Urban,Men,Panama,2017
86.4000015258789,26,10360,PAN,28680,241,266,140785,29187,36 years and older,Urban,Women,Panama,2017
87.19999694824219,26,10360,PAN,28680,241,146,140784,29187,Under 36 years old,Urban,Both sexes,Panama,2017
86.0999984741211,26,10360,PAN,28680,241,265,140784,29187,Under 36 years old,Urban,Men,Panama,2017
88.4000015258789,26,10360,PAN,28680,241,266,140784,29187,Under 36 years old,Urban,Women,Panama,2017
85.5,26,10360,PAN,28680,241,146,140786,29187,Total,Urban,Both sexes,Panama,2017
83.80000305175781,26,10360,PAN,28680,241,265,140786,29187,Total,Urban,Men,Panama,2017
87.5,26,10360,PAN,28680,241,266,140786,29187,Total,Urban,Women,Panama,2017
55.400001525878906,26,10360,PAN,28681,241,146,140785,29188,36 years and older,National,Both sexes,Panama,2018
55.79999923706055,26,10360,PAN,28681,241,265,140785,29188,36 years and older,National,Men,Panama,2018
54.79999923706055,26,10360,PAN,28681,241,266,140785,29188,36 years and older,National,Women,Panama,2018
56.5,26,10360,PAN,28681,241,146,140784,29188,Under 36 years old,National,Both sexes,Panama,2018
58.099998474121094,26,10360,PAN,28681,241,265,140784,29188,Under 36 years old,National,Men,Panama,2018
54.900001525878906,26,10360,PAN,28681,241,266,140784,29188,Under 36 years old,National,Women,Panama,2018
56,26,10360,PAN,28681,241,146,140786,29188,Total,National,Both sexes,Panama,2018
56.900001525878906,26,10360,PAN,28681,241,265,140786,29188,Total,National,Men,Panama,2018
54.900001525878906,26,10360,PAN,28681,241,266,140786,29188,Total,National,Women,Panama,2018
52.599998474121094,26,10360,PAN,28679,241,146,140785,29188,36 years and older,Rural,Both sexes,Panama,2018
53.29999923706055,26,10360,PAN,28679,241,265,140785,29188,36 years and older,Rural,Men,Panama,2018
51.70000076293945,26,10360,PAN,28679,241,266,140785,29188,36 years and older,Rural,Women,Panama,2018
53.20000076293945,26,10360,PAN,28679,241,146,140784,29188,Under 36 years old,Rural,Both sexes,Panama,2018
55,26,10360,PAN,28679,241,265,140784,29188,Under 36 years old,Rural,Men,Panama,2018
51.29999923706055,26,10360,PAN,28679,241,266,140784,29188,Under 36 years old,Rural,Women,Panama,2018
52.900001525878906,26,10360,PAN,28679,241,146,140786,29188,Total,Rural,Both sexes,Panama,2018
54.099998474121094,26,10360,PAN,28679,241,265,140786,29188,Total,Rural,Men,Panama,2018
51.5,26,10360,PAN,28679,241,266,140786,29188,Total,Rural,Women,Panama,2018
75.4000015258789,26,10360,PAN,28680,241,146,140785,29188,36 years and older,Urban,Both sexes,Panama,2018
73.5,26,10360,PAN,28680,241,265,140785,29188,36 years and older,Urban,Men,Panama,2018
77.9000015258789,26,10360,PAN,28680,241,266,140785,29188,36 years and older,Urban,Women,Panama,2018
79.69999694824219,26,10360,PAN,28680,241,146,140784,29188,Under 36 years old,Urban,Both sexes,Panama,2018
78.5,26,10360,PAN,28680,241,265,140784,29188,Under 36 years old,Urban,Men,Panama,2018
81,26,10360,PAN,28680,241,266,140784,29188,Under 36 years old,Urban,Women,Panama,2018
77.5999984741211,26,10360,PAN,28680,241,146,140786,29188,Total,Urban,Both sexes,Panama,2018
76,26,10360,PAN,28680,241,265,140786,29188,Total,Urban,Men,Panama,2018
79.5999984741211,26,10360,PAN,28680,241,266,140786,29188,Total,Urban,Women,Panama,2018
59.70000076293945,26,10360,PAN,28681,241,146,140785,29189,36 years and older,National,Both sexes,Panama,2019
58.79999923706055,26,10360,PAN,28681,241,265,140785,29189,36 years and older,National,Men,Panama,2019
60.900001525878906,26,10360,PAN,28681,241,266,140785,29189,36 years and older,National,Women,Panama,2019
56.099998474121094,26,10360,PAN,28681,241,146,140784,29189,Under 36 years old,National,Both sexes,Panama,2019
57.20000076293945,26,10360,PAN,28681,241,265,140784,29189,Under 36 years old,National,Men,Panama,2019
55,26,10360,PAN,28681,241,266,140784,29189,Under 36 years old,National,Women,Panama,2019
57.900001525878906,26,10360,PAN,28681,241,146,140786,29189,Total,National,Both sexes,Panama,2019
58,26,10360,PAN,28681,241,265,140786,29189,Total,National,Men,Panama,2019
57.70000076293945,26,10360,PAN,28681,241,266,140786,29189,Total,National,Women,Panama,2019
55.400001525878906,26,10360,PAN,28679,241,146,140785,29189,36 years and older,Rural,Both sexes,Panama,2019
54.79999923706055,26,10360,PAN,28679,241,265,140785,29189,36 years and older,Rural,Men,Panama,2019
56.400001525878906,26,10360,PAN,28679,241,266,140785,29189,36 years and older,Rural,Women,Panama,2019
52.599998474121094,26,10360,PAN,28679,241,146,140784,29189,Under 36 years old,Rural,Both sexes,Panama,2019
53,26,10360,PAN,28679,241,265,140784,29189,Under 36 years old,Rural,Men,Panama,2019
52.29999923706055,26,10360,PAN,28679,241,266,140784,29189,Under 36 years old,Rural,Women,Panama,2019
54,26,10360,PAN,28679,241,146,140786,29189,Total,Rural,Both sexes,Panama,2019
53.900001525878906,26,10360,PAN,28679,241,265,140786,29189,Total,Rural,Men,Panama,2019
54.099998474121094,26,10360,PAN,28679,241,266,140786,29189,Total,Rural,Women,Panama,2019
86.5999984741211,26,10360,PAN,28680,241,146,140785,29189,36 years and older,Urban,Both sexes,Panama,2019
85.5999984741211,26,10360,PAN,28680,241,265,140785,29189,36 years and older,Urban,Men,Panama,2019
87.80000305175781,26,10360,PAN,28680,241,266,140785,29189,36 years and older,Urban,Women,Panama,2019
84.69999694824219,26,10360,PAN,28680,241,146,140784,29189,Under 36 years old,Urban,Both sexes,Panama,2019
88.30000305175781,26,10360,PAN,28680,241,265,140784,29189,Under 36 years old,Urban,Men,Panama,2019
80.5,26,10360,PAN,28680,241,266,140784,29189,Under 36 years old,Urban,Women,Panama,2019
85.80000305175781,26,10360,PAN,28680,241,146,140786,29189,Total,Urban,Both sexes,Panama,2019
86.80000305175781,26,10360,PAN,28680,241,265,140786,29189,Total,Urban,Men,Panama,2019
84.5,26,10360,PAN,28680,241,266,140786,29189,Total,Urban,Women,Panama,2019
62,26,10360,PAN,28681,241,146,140785,29191,36 years and older,National,Both sexes,Panama,2021
61.5,26,10360,PAN,28681,241,265,140785,29191,36 years and older,National,Men,Panama,2021
62.599998474121094,26,10360,PAN,28681,241,266,140785,29191,36 years and older,National,Women,Panama,2021
67.30000305175781,26,10360,PAN,28681,241,146,140784,29191,Under 36 years old,National,Both sexes,Panama,2021
68.19999694824219,26,10360,PAN,28681,241,265,140784,29191,Under 36 years old,National,Men,Panama,2021
66.30000305175781,26,10360,PAN,28681,241,266,140784,29191,Under 36 years old,National,Women,Panama,2021
64.69999694824219,26,10360,PAN,28681,241,146,140786,29191,Total,National,Both sexes,Panama,2021
64.80000305175781,26,10360,PAN,28681,241,265,140786,29191,Total,National,Men,Panama,2021
64.5999984741211,26,10360,PAN,28681,241,266,140786,29191,Total,National,Women,Panama,2021
57.79999923706055,26,10360,PAN,28679,241,146,140785,29191,36 years and older,Rural,Both sexes,Panama,2021
57.79999923706055,26,10360,PAN,28679,241,265,140785,29191,36 years and older,Rural,Men,Panama,2021
57.79999923706055,26,10360,PAN,28679,241,266,140785,29191,36 years and older,Rural,Women,Panama,2021
64.69999694824219,26,10360,PAN,28679,241,146,140784,29191,Under 36 years old,Rural,Both sexes,Panama,2021
65.5999984741211,26,10360,PAN,28679,241,265,140784,29191,Under 36 years old,Rural,Men,Panama,2021
63.70000076293945,26,10360,PAN,28679,241,266,140784,29191,Under 36 years old,Rural,Women,Panama,2021
61.5,26,10360,PAN,28679,241,146,140786,29191,Total,Rural,Both sexes,Panama,2021
61.79999923706055,26,10360,PAN,28679,241,265,140786,29191,Total,Rural,Men,Panama,2021
61.099998474121094,26,10360,PAN,28679,241,266,140786,29191,Total,Rural,Women,Panama,2021
85.4000015258789,26,10360,PAN,28680,241,146,140785,29191,36 years and older,Urban,Both sexes,Panama,2021
82.80000305175781,26,10360,PAN,28680,241,265,140785,29191,36 years and older,Urban,Men,Panama,2021
88.69999694824219,26,10360,PAN,28680,241,266,140785,29191,36 years and older,Urban,Women,Panama,2021
90.9000015258789,26,10360,PAN,28680,241,146,140784,29191,Under 36 years old,Urban,Both sexes,Panama,2021
91,26,10360,PAN,28680,241,265,140784,29191,Under 36 years old,Urban,Men,Panama,2021
90.80000305175781,26,10360,PAN,28680,241,266,140784,29191,Under 36 years old,Urban,Women,Panama,2021
87.69999694824219,26,10360,PAN,28680,241,146,140786,29191,Total,Urban,Both sexes,Panama,2021
86.19999694824219,26,10360,PAN,28680,241,265,140786,29191,Total,Urban,Men,Panama,2021
89.5999984741211,26,10360,PAN,28680,241,266,140786,29191,Total,Urban,Women,Panama,2021
62.29999923706055,26,10360,PAN,28681,241,146,140785,29192,36 years and older,National,Both sexes,Panama,2022
61.5,26,10360,PAN,28681,241,265,140785,29192,36 years and older,National,Men,Panama,2022
63.400001525878906,26,10360,PAN,28681,241,266,140785,29192,36 years and older,National,Women,Panama,2022
64.80000305175781,26,10360,PAN,28681,241,146,140784,29192,Under 36 years old,National,Both sexes,Panama,2022
65.5,26,10360,PAN,28681,241,265,140784,29192,Under 36 years old,National,Men,Panama,2022
64,26,10360,PAN,28681,241,266,140784,29192,Under 36 years old,National,Women,Panama,2022
63.599998474121094,26,10360,PAN,28681,241,146,140786,29192,Total,National,Both sexes,Panama,2022
63.400001525878906,26,10360,PAN,28681,241,265,140786,29192,Total,National,Men,Panama,2022
63.70000076293945,26,10360,PAN,28681,241,266,140786,29192,Total,National,Women,Panama,2022
57.70000076293945,26,10360,PAN,28679,241,146,140785,29192,36 years and older,Rural,Both sexes,Panama,2022
57.400001525878906,26,10360,PAN,28679,241,265,140785,29192,36 years and older,Rural,Men,Panama,2022
58,26,10360,PAN,28679,241,266,140785,29192,36 years and older,Rural,Women,Panama,2022
62.099998474121094,26,10360,PAN,28679,241,146,140784,29192,Under 36 years old,Rural,Both sexes,Panama,2022
62.79999923706055,26,10360,PAN,28679,241,265,140784,29192,Under 36 years old,Rural,Men,Panama,2022
61.400001525878906,26,10360,PAN,28679,241,266,140784,29192,Under 36 years old,Rural,Women,Panama,2022
60,26,10360,PAN,28679,241,146,140786,29192,Total,Rural,Both sexes,Panama,2022
60.099998474121094,26,10360,PAN,28679,241,265,140786,29192,Total,Rural,Men,Panama,2022
59.900001525878906,26,10360,PAN,28679,241,266,140786,29192,Total,Rural,Women,Panama,2022
88.80000305175781,26,10360,PAN,28680,241,146,140785,29192,36 years and older,Urban,Both sexes,Panama,2022
85.5,26,10360,PAN,28680,241,265,140785,29192,36 years and older,Urban,Men,Panama,2022
93.0999984741211,26,10360,PAN,28680,241,266,140785,29192,36 years and older,Urban,Women,Panama,2022
90.30000305175781,26,10360,PAN,28680,241,146,140784,29192,Under 36 years old,Urban,Both sexes,Panama,2022
93.9000015258789,26,"10360,13639",PAN,28680,241,265,140784,29192,Under 36 years old,Urban,Men,Panama,2022
86.9000015258789,26,10360,PAN,28680,241,266,140784,29192,Under 36 years old,Urban,Women,Panama,2022
89.4000015258789,26,10360,PAN,28680,241,146,140786,29192,Total,Urban,Both sexes,Panama,2022
88.5,26,10360,PAN,28680,241,265,140786,29192,Total,Urban,Men,Panama,2022
90.5,26,10360,PAN,28680,241,266,140786,29192,Total,Urban,Women,Panama,2022
63.29999923706055,26,10360,PAN,28681,241,146,140785,29193,36 years and older,National,Both sexes,Panama,2023
63,26,"10360,13639",PAN,28681,241,265,140785,29193,36 years and older,National,Men,Panama,2023
63.70000076293945,26,"10360,13639",PAN,28681,241,266,140785,29193,36 years and older,National,Women,Panama,2023
63.5,26,10360,PAN,28681,241,146,140784,29193,Under 36 years old,National,Both sexes,Panama,2023
64.5,26,"10360,13639",PAN,28681,241,265,140784,29193,Under 36 years old,National,Men,Panama,2023
62.29999923706055,26,"10360,13639",PAN,28681,241,266,140784,29193,Under 36 years old,National,Women,Panama,2023
63.400001525878906,26,10360,PAN,28681,241,146,140786,29193,Total,National,Both sexes,Panama,2023
63.70000076293945,26,10360,PAN,28681,241,265,140786,29193,Total,National,Men,Panama,2023
63,26,10360,PAN,28681,241,266,140786,29193,Total,National,Women,Panama,2023
59,26,10360,PAN,28679,241,146,140785,29193,36 years and older,Rural,Both sexes,Panama,2023
59.29999923706055,26,"10360,13639",PAN,28679,241,265,140785,29193,36 years and older,Rural,Men,Panama,2023
58.70000076293945,26,"10360,13639",PAN,28679,241,266,140785,29193,36 years and older,Rural,Women,Panama,2023
60.599998474121094,26,10360,PAN,28679,241,146,140784,29193,Under 36 years old,Rural,Both sexes,Panama,2023
62.20000076293945,26,"10360,13639",PAN,28679,241,265,140784,29193,Under 36 years old,Rural,Men,Panama,2023
58.900001525878906,26,"10360,13639",PAN,28679,241,266,140784,29193,Under 36 years old,Rural,Women,Panama,2023
59.900001525878906,26,10360,PAN,28679,241,146,140786,29193,Total,Rural,Both sexes,Panama,2023
60.70000076293945,26,10360,PAN,28679,241,265,140786,29193,Total,Rural,Men,Panama,2023
58.79999923706055,26,10360,PAN,28679,241,266,140786,29193,Total,Rural,Women,Panama,2023
85.80000305175781,26,"10360,13639",PAN,28680,241,146,140785,29193,36 years and older,Urban,Both sexes,Panama,2023
83.19999694824219,26,"10360,13639",PAN,28680,241,265,140785,29193,36 years and older,Urban,Men,Panama,2023
88.9000015258789,26,"10360,13639",PAN,28680,241,266,140785,29193,36 years and older,Urban,Women,Panama,2023
92.9000015258789,26,"10360,13639",PAN,28680,241,146,140784,29193,Under 36 years old,Urban,Both sexes,Panama,2023
89.9000015258789,26,"10360,13639",PAN,28680,241,265,140784,29193,Under 36 years old,Urban,Men,Panama,2023
95.80000305175781,26,"10360,13639",PAN,28680,241,266,140784,29193,Under 36 years old,Urban,Women,Panama,2023
88.30000305175781,26,"10360,13639",PAN,28680,241,146,140786,29193,Total,Urban,Both sexes,Panama,2023
85.5,26,"10360,13639",PAN,28680,241,265,140786,29193,Total,Urban,Men,Panama,2023
91.5,26,"10360,13639",PAN,28680,241,266,140786,29193,Total,Urban,Women,Panama,2023
74.69999694824219,26,337,PRY,28681,242,146,140785,29185,36 years and older,National,Both sexes,Paraguay,2015
75.30000305175781,26,337,PRY,28681,242,265,140785,29185,36 years and older,National,Men,Paraguay,2015
74,26,337,PRY,28681,242,266,140785,29185,36 years and older,National,Women,Paraguay,2015
67,26,337,PRY,28681,242,146,140784,29185,Under 36 years old,National,Both sexes,Paraguay,2015
69,26,337,PRY,28681,242,265,140784,29185,Under 36 years old,National,Men,Paraguay,2015
64.80000305175781,26,337,PRY,28681,242,266,140784,29185,Under 36 years old,National,Women,Paraguay,2015
70.30000305175781,26,337,PRY,28681,242,146,140786,29185,Total,National,Both sexes,Paraguay,2015
71.69999694824219,26,337,PRY,28681,242,265,140786,29185,Total,National,Men,Paraguay,2015
68.69999694824219,26,337,PRY,28681,242,266,140786,29185,Total,National,Women,Paraguay,2015
73.9000015258789,26,337,PRY,28679,242,146,140785,29185,36 years and older,Rural,Both sexes,Paraguay,2015
74.69999694824219,26,337,PRY,28679,242,265,140785,29185,36 years and older,Rural,Men,Paraguay,2015
72.9000015258789,26,337,PRY,28679,242,266,140785,29185,36 years and older,Rural,Women,Paraguay,2015
65.4000015258789,26,337,PRY,28679,242,146,140784,29185,Under 36 years old,Rural,Both sexes,Paraguay,2015
67.5,26,337,PRY,28679,242,265,140784,29185,Under 36 years old,Rural,Men,Paraguay,2015
63,26,337,PRY,28679,242,266,140784,29185,Under 36 years old,Rural,Women,Paraguay,2015
69,26,337,PRY,28679,242,146,140786,29185,Total,Rural,Both sexes,Paraguay,2015
70.5999984741211,26,337,PRY,28679,242,265,140786,29185,Total,Rural,Men,Paraguay,2015
67.19999694824219,26,337,PRY,28679,242,266,140786,29185,Total,Rural,Women,Paraguay,2015
81.5999984741211,26,337,PRY,28680,242,146,140785,29185,36 years and older,Urban,Both sexes,Paraguay,2015
80.80000305175781,26,337,PRY,28680,242,265,140785,29185,36 years and older,Urban,Men,Paraguay,2015
82.4000015258789,26,337,PRY,28680,242,266,140785,29185,36 years and older,Urban,Women,Paraguay,2015
82,26,337,PRY,28680,242,146,140784,29185,Under 36 years old,Urban,Both sexes,Paraguay,2015
82,26,337,PRY,28680,242,265,140784,29185,Under 36 years old,Urban,Men,Paraguay,2015
82,26,337,PRY,28680,242,266,140784,29185,Under 36 years old,Urban,Women,Paraguay,2015
81.80000305175781,26,337,PRY,28680,242,146,140786,29185,Total,Urban,Both sexes,Paraguay,2015
81.5,26,337,PRY,28680,242,265,140786,29185,Total,Urban,Men,Paraguay,2015
82.19999694824219,26,337,PRY,28680,242,266,140786,29185,Total,Urban,Women,Paraguay,2015
79.80000305175781,26,337,PRY,28681,242,146,140785,29186,36 years and older,National,Both sexes,Paraguay,2016
80.19999694824219,26,337,PRY,28681,242,265,140785,29186,36 years and older,National,Men,Paraguay,2016
79.30000305175781,26,337,PRY,28681,242,266,140785,29186,36 years and older,National,Women,Paraguay,2016
69.19999694824219,26,337,PRY,28681,242,146,140784,29186,Under 36 years old,National,Both sexes,Paraguay,2016
69.69999694824219,26,337,PRY,28681,242,265,140784,29186,Under 36 years old,National,Men,Paraguay,2016
68.5,26,337,PRY,28681,242,266,140784,29186,Under 36 years old,National,Women,Paraguay,2016
73.9000015258789,26,337,PRY,28681,242,146,140786,29186,Total,National,Both sexes,Paraguay,2016
74.4000015258789,26,337,PRY,28681,242,265,140786,29186,Total,National,Men,Paraguay,2016
73.19999694824219,26,337,PRY,28681,242,266,140786,29186,Total,National,Women,Paraguay,2016
79.0999984741211,26,337,PRY,28679,242,146,140785,29186,36 years and older,Rural,Both sexes,Paraguay,2016
79.0999984741211,26,337,PRY,28679,242,265,140785,29186,36 years and older,Rural,Men,Paraguay,2016
79,26,337,PRY,28679,242,266,140785,29186,36 years and older,Rural,Women,Paraguay,2016
68.19999694824219,26,337,PRY,28679,242,146,140784,29186,Under 36 years old,Rural,Both sexes,Paraguay,2016
69.19999694824219,26,337,PRY,28679,242,265,140784,29186,Under 36 years old,Rural,Men,Paraguay,2016
67.0999984741211,26,337,PRY,28679,242,266,140784,29186,Under 36 years old,Rural,Women,Paraguay,2016
73,26,337,PRY,28679,242,146,140786,29186,Total,Rural,Both sexes,Paraguay,2016
73.5999984741211,26,337,PRY,28679,242,265,140786,29186,Total,Rural,Men,Paraguay,2016
72.30000305175781,26,337,PRY,28679,242,266,140786,29186,Total,Rural,Women,Paraguay,2016
84.69999694824219,26,337,PRY,28680,242,146,140785,29186,36 years and older,Urban,Both sexes,Paraguay,2016
87.4000015258789,26,337,PRY,28680,242,265,140785,29186,36 years and older,Urban,Men,Paraguay,2016
81.5,26,337,PRY,28680,242,266,140785,29186,36 years and older,Urban,Women,Paraguay,2016
75.69999694824219,26,337,PRY,28680,242,146,140784,29186,Under 36 years old,Urban,Both sexes,Paraguay,2016
73.9000015258789,26,337,PRY,28680,242,265,140784,29186,Under 36 years old,Urban,Men,Paraguay,2016
77.5,26,337,PRY,28680,242,266,140784,29186,Under 36 years old,Urban,Women,Paraguay,2016
79.5,26,337,PRY,28680,242,146,140786,29186,Total,Urban,Both sexes,Paraguay,2016
79.9000015258789,26,337,PRY,28680,242,265,140786,29186,Total,Urban,Men,Paraguay,2016
79.0999984741211,26,337,PRY,28680,242,266,140786,29186,Total,Urban,Women,Paraguay,2016
82.69999694824219,26,16003,PRY,28681,242,146,140785,29187,36 years and older,National,Both sexes,Paraguay,2017
82.5,26,16003,PRY,28681,242,265,140785,29187,36 years and older,National,Men,Paraguay,2017
82.80000305175781,26,16003,PRY,28681,242,266,140785,29187,36 years and older,National,Women,Paraguay,2017
66.5999984741211,26,16003,PRY,28681,242,146,140784,29187,Under 36 years old,National,Both sexes,Paraguay,2017
66.80000305175781,26,16003,PRY,28681,242,265,140784,29187,Under 36 years old,National,Men,Paraguay,2017
66.30000305175781,26,16003,PRY,28681,242,266,140784,29187,Under 36 years old,National,Women,Paraguay,2017
73.9000015258789,26,16003,PRY,28681,242,146,140786,29187,Total,National,Both sexes,Paraguay,2017
74,26,16003,PRY,28681,242,265,140786,29187,Total,National,Men,Paraguay,2017
73.69999694824219,26,16003,PRY,28681,242,266,140786,29187,Total,National,Women,Paraguay,2017
82.19999694824219,26,16003,PRY,28679,242,146,140785,29187,36 years and older,Rural,Both sexes,Paraguay,2017
82.30000305175781,26,16003,PRY,28679,242,265,140785,29187,36 years and older,Rural,Men,Paraguay,2017
82.0999984741211,26,16003,PRY,28679,242,266,140785,29187,36 years and older,Rural,Women,Paraguay,2017
65.5,26,16003,PRY,28679,242,146,140784,29187,Under 36 years old,Rural,Both sexes,Paraguay,2017
65.80000305175781,26,16003,PRY,28679,242,265,140784,29187,Under 36 years old,Rural,Men,Paraguay,2017
65.19999694824219,26,16003,PRY,28679,242,266,140784,29187,Under 36 years old,Rural,Women,Paraguay,2017
73.0999984741211,26,16003,PRY,28679,242,146,140786,29187,Total,Rural,Both sexes,Paraguay,2017
73.30000305175781,26,16003,PRY,28679,242,265,140786,29187,Total,Rural,Men,Paraguay,2017
72.80000305175781,26,16003,PRY,28679,242,266,140786,29187,Total,Rural,Women,Paraguay,2017
86.80000305175781,26,16003,PRY,28680,242,146,140785,29187,36 years and older,Urban,Both sexes,Paraguay,2017
84.69999694824219,26,16003,PRY,28680,242,265,140785,29187,36 years and older,Urban,Men,Paraguay,2017
89.4000015258789,26,16003,PRY,28680,242,266,140785,29187,36 years and older,Urban,Women,Paraguay,2017
77,26,16003,PRY,28680,242,146,140784,29187,Under 36 years old,Urban,Both sexes,Paraguay,2017
76.69999694824219,26,16003,PRY,28680,242,265,140784,29187,Under 36 years old,Urban,Men,Paraguay,2017
77.4000015258789,26,16003,PRY,28680,242,266,140784,29187,Under 36 years old,Urban,Women,Paraguay,2017
81.5999984741211,26,16003,PRY,28680,242,146,140786,29187,Total,Urban,Both sexes,Paraguay,2017
80.5999984741211,26,16003,PRY,28680,242,265,140786,29187,Total,Urban,Men,Paraguay,2017
82.5999984741211,26,16003,PRY,28680,242,266,140786,29187,Total,Urban,Women,Paraguay,2017
83.19999694824219,26,16003,PRY,28681,242,146,140785,29188,36 years and older,National,Both sexes,Paraguay,2018
83.5,26,16003,PRY,28681,242,265,140785,29188,36 years and older,National,Men,Paraguay,2018
82.80000305175781,26,16003,PRY,28681,242,266,140785,29188,36 years and older,National,Women,Paraguay,2018
69.4000015258789,26,16003,PRY,28681,242,146,140784,29188,Under 36 years old,National,Both sexes,Paraguay,2018
70,26,16003,PRY,28681,242,265,140784,29188,Under 36 years old,National,Men,Paraguay,2018
68.69999694824219,26,16003,PRY,28681,242,266,140784,29188,Under 36 years old,National,Women,Paraguay,2018
75.80000305175781,26,16003,PRY,28681,242,146,140786,29188,Total,National,Both sexes,Paraguay,2018
76.30000305175781,26,16003,PRY,28681,242,265,140786,29188,Total,National,Men,Paraguay,2018
75.19999694824219,26,16003,PRY,28681,242,266,140786,29188,Total,National,Women,Paraguay,2018
83.80000305175781,26,16003,PRY,28679,242,146,140785,29188,36 years and older,Rural,Both sexes,Paraguay,2018
83.80000305175781,26,16003,PRY,28679,242,265,140785,29188,36 years and older,Rural,Men,Paraguay,2018
83.9000015258789,26,16003,PRY,28679,242,266,140785,29188,36 years and older,Rural,Women,Paraguay,2018
68.5,26,16003,PRY,28679,242,146,140784,29188,Under 36 years old,Rural,Both sexes,Paraguay,2018
69.4000015258789,26,16003,PRY,28679,242,265,140784,29188,Under 36 years old,Rural,Men,Paraguay,2018
67.5,26,16003,PRY,28679,242,266,140784,29188,Under 36 years old,Rural,Women,Paraguay,2018
75.5,26,16003,PRY,28679,242,146,140786,29188,Total,Rural,Both sexes,Paraguay,2018
75.9000015258789,26,16003,PRY,28679,242,265,140786,29188,Total,Rural,Men,Paraguay,2018
75,26,16003,PRY,28679,242,266,140786,29188,Total,Rural,Women,Paraguay,2018
79.4000015258789,26,16003,PRY,28680,242,146,140785,29188,36 years and older,Urban,Both sexes,Paraguay,2018
82.0999984741211,26,16003,PRY,28680,242,265,140785,29188,36 years and older,Urban,Men,Paraguay,2018
76.5,26,16003,PRY,28680,242,266,140785,29188,36 years and older,Urban,Women,Paraguay,2018
75.5,26,16003,PRY,28680,242,146,140784,29188,Under 36 years old,Urban,Both sexes,Paraguay,2018
74.9000015258789,26,"13639,16003",PRY,28680,242,265,140784,29188,Under 36 years old,Urban,Men,Paraguay,2018
76.19999694824219,26,16003,PRY,28680,242,266,140784,29188,Under 36 years old,Urban,Women,Paraguay,2018
77.4000015258789,26,16003,PRY,28680,242,146,140786,29188,Total,Urban,Both sexes,Paraguay,2018
78.5,26,16003,PRY,28680,242,265,140786,29188,Total,Urban,Men,Paraguay,2018
76.30000305175781,26,16003,PRY,28680,242,266,140786,29188,Total,Urban,Women,Paraguay,2018
83.5,26,16003,PRY,28681,242,146,140785,29189,36 years and older,National,Both sexes,Paraguay,2019
83.9000015258789,26,16003,PRY,28681,242,265,140785,29189,36 years and older,National,Men,Paraguay,2019
83.0999984741211,26,16003,PRY,28681,242,266,140785,29189,36 years and older,National,Women,Paraguay,2019
71.4000015258789,26,16003,PRY,28681,242,146,140784,29189,Under 36 years old,National,Both sexes,Paraguay,2019
72,26,16003,PRY,28681,242,265,140784,29189,Under 36 years old,National,Men,Paraguay,2019
70.80000305175781,26,16003,PRY,28681,242,266,140784,29189,Under 36 years old,National,Women,Paraguay,2019
77,26,16003,PRY,28681,242,146,140786,29189,Total,National,Both sexes,Paraguay,2019
77.80000305175781,26,16003,PRY,28681,242,265,140786,29189,Total,National,Men,Paraguay,2019
76.30000305175781,26,16003,PRY,28681,242,266,140786,29189,Total,National,Women,Paraguay,2019
82.69999694824219,26,16003,PRY,28679,242,146,140785,29189,36 years and older,Rural,Both sexes,Paraguay,2019
82.80000305175781,26,16003,PRY,28679,242,265,140785,29189,36 years and older,Rural,Men,Paraguay,2019
82.5999984741211,26,16003,PRY,28679,242,266,140785,29189,36 years and older,Rural,Women,Paraguay,2019
70.19999694824219,26,16003,PRY,28679,242,146,140784,29189,Under 36 years old,Rural,Both sexes,Paraguay,2019
71,26,16003,PRY,28679,242,265,140784,29189,Under 36 years old,Rural,Men,Paraguay,2019
69.4000015258789,26,16003,PRY,28679,242,266,140784,29189,Under 36 years old,Rural,Women,Paraguay,2019
76,26,16003,PRY,28679,242,146,140786,29189,Total,Rural,Both sexes,Paraguay,2019
76.5,26,16003,PRY,28679,242,265,140786,29189,Total,Rural,Men,Paraguay,2019
75.30000305175781,26,16003,PRY,28679,242,266,140786,29189,Total,Rural,Women,Paraguay,2019
90,26,16003,PRY,28680,242,146,140785,29189,36 years and older,Urban,Both sexes,Paraguay,2019
93.19999694824219,26,"13639,16003",PRY,28680,242,265,140785,29189,36 years and older,Urban,Men,Paraguay,2019
86.30000305175781,26,"13639,16003",PRY,28680,242,266,140785,29189,36 years and older,Urban,Women,Paraguay,2019
82.5999984741211,26,16003,PRY,28680,242,146,140784,29189,Under 36 years old,Urban,Both sexes,Paraguay,2019
87,26,"13639,16003",PRY,28680,242,265,140784,29189,Under 36 years old,Urban,Men,Paraguay,2019
80.30000305175781,26,"13639,16003",PRY,28680,242,266,140784,29189,Under 36 years old,Urban,Women,Paraguay,2019
86.30000305175781,26,16003,PRY,28680,242,146,140786,29189,Total,Urban,Both sexes,Paraguay,2019
90.69999694824219,26,16003,PRY,28680,242,265,140786,29189,Total,Urban,Men,Paraguay,2019
82.80000305175781,26,16003,PRY,28680,242,266,140786,29189,Total,Urban,Women,Paraguay,2019
84.5,26,16003,PRY,28681,242,146,140785,29190,36 years and older,National,Both sexes,Paraguay,2020
85.30000305175781,26,16003,PRY,28681,242,265,140785,29190,36 years and older,National,Men,Paraguay,2020
83.5,26,16003,PRY,28681,242,266,140785,29190,36 years and older,National,Women,Paraguay,2020
78.5,26,16003,PRY,28681,242,146,140784,29190,Under 36 years old,National,Both sexes,Paraguay,2020
76.9000015258789,26,16003,PRY,28681,242,265,140784,29190,Under 36 years old,National,Men,Paraguay,2020
80.30000305175781,26,16003,PRY,28681,242,266,140784,29190,Under 36 years old,National,Women,Paraguay,2020
81.30000305175781,26,16003,PRY,28681,242,146,140786,29190,Total,National,Both sexes,Paraguay,2020
80.9000015258789,26,16003,PRY,28681,242,265,140786,29190,Total,National,Men,Paraguay,2020
81.80000305175781,26,16003,PRY,28681,242,266,140786,29190,Total,National,Women,Paraguay,2020
84.5,26,16003,PRY,28679,242,146,140785,29190,36 years and older,Rural,Both sexes,Paraguay,2020
85.30000305175781,26,16003,PRY,28679,242,265,140785,29190,36 years and older,Rural,Men,Paraguay,2020
83.5,26,16003,PRY,28679,242,266,140785,29190,36 years and older,Rural,Women,Paraguay,2020
77.69999694824219,26,16003,PRY,28679,242,146,140784,29190,Under 36 years old,Rural,Both sexes,Paraguay,2020
76,26,16003,PRY,28679,242,265,140784,29190,Under 36 years old,Rural,Men,Paraguay,2020
79.80000305175781,26,16003,PRY,28679,242,266,140784,29190,Under 36 years old,Rural,Women,Paraguay,2020
81,26,16003,PRY,28679,242,146,140786,29190,Total,Rural,Both sexes,Paraguay,2020
80.5,26,16003,PRY,28679,242,265,140786,29190,Total,Rural,Men,Paraguay,2020
81.5999984741211,26,16003,PRY,28679,242,266,140786,29190,Total,Rural,Women,Paraguay,2020
84.19999694824219,26,16003,PRY,28680,242,146,140785,29190,36 years and older,Urban,Both sexes,Paraguay,2020
85.19999694824219,26,"13639,16003",PRY,28680,242,265,140785,29190,36 years and older,Urban,Men,Paraguay,2020
83,26,"13639,16003",PRY,28680,242,266,140785,29190,36 years and older,Urban,Women,Paraguay,2020
83.0999984741211,26,16003,PRY,28680,242,146,140784,29190,Under 36 years old,Urban,Both sexes,Paraguay,2020
83.19999694824219,26,"13639,16003",PRY,28680,242,265,140784,29190,Under 36 years old,Urban,Men,Paraguay,2020
83,26,"13639,16003",PRY,28680,242,266,140784,29190,Under 36 years old,Urban,Women,Paraguay,2020
83.5,26,16003,PRY,28680,242,146,140786,29190,Total,Urban,Both sexes,Paraguay,2020
84.0999984741211,26,16003,PRY,28680,242,265,140786,29190,Total,Urban,Men,Paraguay,2020
83,26,16003,PRY,28680,242,266,140786,29190,Total,Urban,Women,Paraguay,2020
84.19999694824219,26,16003,PRY,28681,242,146,140785,29191,36 years and older,National,Both sexes,Paraguay,2021
83.69999694824219,26,16003,PRY,28681,242,265,140785,29191,36 years and older,National,Men,Paraguay,2021
84.9000015258789,26,16003,PRY,28681,242,266,140785,29191,36 years and older,National,Women,Paraguay,2021
79.5,26,16003,PRY,28681,242,146,140784,29191,Under 36 years old,National,Both sexes,Paraguay,2021
80.5,26,16003,PRY,28681,242,265,140784,29191,Under 36 years old,National,Men,Paraguay,2021
78.30000305175781,26,16003,PRY,28681,242,266,140784,29191,Under 36 years old,National,Women,Paraguay,2021
81.69999694824219,26,16003,PRY,28681,242,146,140786,29191,Total,National,Both sexes,Paraguay,2021
82,26,16003,PRY,28681,242,265,140786,29191,Total,National,Men,Paraguay,2021
81.30000305175781,26,16003,PRY,28681,242,266,140786,29191,Total,National,Women,Paraguay,2021
83.5,26,16003,PRY,28679,242,146,140785,29191,36 years and older,Rural,Both sexes,Paraguay,2021
82.69999694824219,26,16003,PRY,28679,242,265,140785,29191,36 years and older,Rural,Men,Paraguay,2021
84.5999984741211,26,16003,PRY,28679,242,266,140785,29191,36 years and older,Rural,Women,Paraguay,2021
78.0999984741211,26,16003,PRY,28679,242,146,140784,29191,Under 36 years old,Rural,Both sexes,Paraguay,2021
79.30000305175781,26,16003,PRY,28679,242,265,140784,29191,Under 36 years old,Rural,Men,Paraguay,2021
76.69999694824219,26,16003,PRY,28679,242,266,140784,29191,Under 36 years old,Rural,Women,Paraguay,2021
80.5999984741211,26,16003,PRY,28679,242,146,140786,29191,Total,Rural,Both sexes,Paraguay,2021
80.9000015258789,26,16003,PRY,28679,242,265,140786,29191,Total,Rural,Men,Paraguay,2021
80.19999694824219,26,16003,PRY,28679,242,266,140786,29191,Total,Rural,Women,Paraguay,2021
88.5999984741211,26,16003,PRY,28680,242,146,140785,29191,36 years and older,Urban,Both sexes,Paraguay,2021
90.30000305175781,26,"13639,16003",PRY,28680,242,265,140785,29191,36 years and older,Urban,Men,Paraguay,2021
86.5999984741211,26,"13639,16003",PRY,28680,242,266,140785,29191,36 years and older,Urban,Women,Paraguay,2021
90.0999984741211,26,16003,PRY,28680,242,146,140784,29191,Under 36 years old,Urban,Both sexes,Paraguay,2021
89.0999984741211,26,"13639,16003",PRY,28680,242,265,140784,29191,Under 36 years old,Urban,Men,Paraguay,2021
91.5,26,"13639,16003",PRY,28680,242,266,140784,29191,Under 36 years old,Urban,Women,Paraguay,2021
89.4000015258789,26,16003,PRY,28680,242,146,140786,29191,Total,Urban,Both sexes,Paraguay,2021
89.69999694824219,26,16003,PRY,28680,242,265,140786,29191,Total,Urban,Men,Paraguay,2021
89,26,16003,PRY,28680,242,266,140786,29191,Total,Urban,Women,Paraguay,2021
83,26,16004,PRY,28681,242,146,140785,29192,36 years and older,National,Both sexes,Paraguay,2022
84.19999694824219,26,16004,PRY,28681,242,265,140785,29192,36 years and older,National,Men,Paraguay,2022
81.5999984741211,26,16004,PRY,28681,242,266,140785,29192,36 years and older,National,Women,Paraguay,2022
76.19999694824219,26,16004,PRY,28681,242,146,140784,29192,Under 36 years old,National,Both sexes,Paraguay,2022
76.19999694824219,26,16004,PRY,28681,242,265,140784,29192,Under 36 years old,National,Men,Paraguay,2022
76.19999694824219,26,16004,PRY,28681,242,266,140784,29192,Under 36 years old,National,Women,Paraguay,2022
79.69999694824219,26,16004,PRY,28681,242,146,140786,29192,Total,National,Both sexes,Paraguay,2022
80.30000305175781,26,16004,PRY,28681,242,265,140786,29192,Total,National,Men,Paraguay,2022
78.9000015258789,26,16004,PRY,28681,242,266,140786,29192,Total,National,Women,Paraguay,2022
82.5,26,16004,PRY,28679,242,146,140785,29192,36 years and older,Rural,Both sexes,Paraguay,2022
83.5,26,16004,PRY,28679,242,265,140785,29192,36 years and older,Rural,Men,Paraguay,2022
81.19999694824219,26,16004,PRY,28679,242,266,140785,29192,36 years and older,Rural,Women,Paraguay,2022
75.19999694824219,26,16004,PRY,28679,242,146,140784,29192,Under 36 years old,Rural,Both sexes,Paraguay,2022
75.19999694824219,26,16004,PRY,28679,242,265,140784,29192,Under 36 years old,Rural,Men,Paraguay,2022
75.0999984741211,26,16004,PRY,28679,242,266,140784,29192,Under 36 years old,Rural,Women,Paraguay,2022
78.9000015258789,26,16004,PRY,28679,242,146,140786,29192,Total,Rural,Both sexes,Paraguay,2022
79.5,26,16004,PRY,28679,242,265,140786,29192,Total,Rural,Men,Paraguay,2022
78.19999694824219,26,16004,PRY,28679,242,266,140786,29192,Total,Rural,Women,Paraguay,2022
87.0999984741211,26,16004,PRY,28680,242,146,140785,29192,36 years and older,Urban,Both sexes,Paraguay,2022
89.0999984741211,26,"13639,16004",PRY,28680,242,265,140785,29192,36 years and older,Urban,Men,Paraguay,2022
84.69999694824219,26,"13639,16004",PRY,28680,242,266,140785,29192,36 years and older,Urban,Women,Paraguay,2022
83.5999984741211,26,16004,PRY,28680,242,146,140784,29192,Under 36 years old,Urban,Both sexes,Paraguay,2022
84.0999984741211,26,"13639,16004",PRY,28680,242,265,140784,29192,Under 36 years old,Urban,Men,Paraguay,2022
83.0999984741211,26,"13639,16004",PRY,28680,242,266,140784,29192,Under 36 years old,Urban,Women,Paraguay,2022
85.30000305175781,26,16004,PRY,28680,242,146,140786,29192,Total,Urban,Both sexes,Paraguay,2022
86.80000305175781,26,16004,PRY,28680,242,265,140786,29192,Total,Urban,Men,Paraguay,2022
83.9000015258789,26,16004,PRY,28680,242,266,140786,29192,Total,Urban,Women,Paraguay,2022
87.5999984741211,26,16004,PRY,28681,242,146,140785,29193,36 years and older,National,Both sexes,Paraguay,2023
88,26,16004,PRY,28681,242,265,140785,29193,36 years and older,National,Men,Paraguay,2023
87.0999984741211,26,16004,PRY,28681,242,266,140785,29193,36 years and older,National,Women,Paraguay,2023
75.4000015258789,26,16004,PRY,28681,242,146,140784,29193,Under 36 years old,National,Both sexes,Paraguay,2023
75.69999694824219,26,16004,PRY,28681,242,265,140784,29193,Under 36 years old,National,Men,Paraguay,2023
74.9000015258789,26,16004,PRY,28681,242,266,140784,29193,Under 36 years old,National,Women,Paraguay,2023
81.69999694824219,26,16004,PRY,28681,242,146,140786,29193,Total,National,Both sexes,Paraguay,2023
82.19999694824219,26,16004,PRY,28681,242,265,140786,29193,Total,National,Men,Paraguay,2023
81,26,16004,PRY,28681,242,266,140786,29193,Total,National,Women,Paraguay,2023
87.0999984741211,26,16004,PRY,28679,242,146,140785,29193,36 years and older,Rural,Both sexes,Paraguay,2023
87.0999984741211,26,16004,PRY,28679,242,265,140785,29193,36 years and older,Rural,Men,Paraguay,2023
87,26,16004,PRY,28679,242,266,140785,29193,36 years and older,Rural,Women,Paraguay,2023
74,26,16004,PRY,28679,242,146,140784,29193,Under 36 years old,Rural,Both sexes,Paraguay,2023
74.30000305175781,26,16004,PRY,28679,242,265,140784,29193,Under 36 years old,Rural,Men,Paraguay,2023
73.5,26,16004,PRY,28679,242,266,140784,29193,Under 36 years old,Rural,Women,Paraguay,2023
80.69999694824219,26,16004,PRY,28679,242,146,140786,29193,Total,Rural,Both sexes,Paraguay,2023
81,26,16004,PRY,28679,242,265,140786,29193,Total,Rural,Men,Paraguay,2023
80.30000305175781,26,16004,PRY,28679,242,266,140786,29193,Total,Rural,Women,Paraguay,2023
92.4000015258789,26,16004,PRY,28680,242,146,140785,29193,36 years and older,Urban,Both sexes,Paraguay,2023
97,26,"13639,16004",PRY,28680,242,265,140785,29193,36 years and older,Urban,Men,Paraguay,2023
87.9000015258789,26,"13639,16004",PRY,28680,242,266,140785,29193,36 years and older,Urban,Women,Paraguay,2023
87.19999694824219,26,16004,PRY,28680,242,146,140784,29193,Under 36 years old,Urban,Both sexes,Paraguay,2023
89.5,26,"13639,16004",PRY,28680,242,265,140784,29193,Under 36 years old,Urban,Men,Paraguay,2023
85.19999694824219,26,"13639,16004",PRY,28680,242,266,140784,29193,Under 36 years old,Urban,Women,Paraguay,2023
89.9000015258789,26,16004,PRY,28680,242,146,140786,29193,Total,Urban,Both sexes,Paraguay,2023
93.5,26,"13639,16004",PRY,28680,242,265,140786,29193,Total,Urban,Men,Paraguay,2023
86.5999984741211,26,16004,PRY,28680,242,266,140786,29193,Total,Urban,Women,Paraguay,2023
59.29999923706055,26,8649,PER,28681,244,146,140785,29187,36 years and older,National,Both sexes,Peru,2017
64.4000015258789,26,8649,PER,28681,244,265,140785,29187,36 years and older,National,Men,Peru,2017
54.20000076293945,26,8649,PER,28681,244,266,140785,29187,36 years and older,National,Women,Peru,2017
45.099998474121094,26,8649,PER,28681,244,146,140784,29187,Under 36 years old,National,Both sexes,Peru,2017
48.900001525878906,26,8649,PER,28681,244,265,140784,29187,Under 36 years old,National,Men,Peru,2017
41.20000076293945,26,8649,PER,28681,244,266,140784,29187,Under 36 years old,National,Women,Peru,2017
51.79999923706055,26,8649,PER,28681,244,146,140786,29187,Total,National,Both sexes,Peru,2017
56.20000076293945,26,8649,PER,28681,244,265,140786,29187,Total,National,Men,Peru,2017
47.5,26,8649,PER,28681,244,266,140786,29187,Total,National,Women,Peru,2017
53.900001525878906,26,8649,PER,28679,244,146,140785,29187,36 years and older,Rural,Both sexes,Peru,2017
60.400001525878906,26,8649,PER,28679,244,265,140785,29187,36 years and older,Rural,Men,Peru,2017
47.5,26,8649,PER,28679,244,266,140785,29187,36 years and older,Rural,Women,Peru,2017
39.70000076293945,26,8649,PER,28679,244,146,140784,29187,Under 36 years old,Rural,Both sexes,Peru,2017
44.5,26,8649,PER,28679,244,265,140784,29187,Under 36 years old,Rural,Men,Peru,2017
34.900001525878906,26,8649,PER,28679,244,266,140784,29187,Under 36 years old,Rural,Women,Peru,2017
46.400001525878906,26,8649,PER,28679,244,146,140786,29187,Total,Rural,Both sexes,Peru,2017
51.900001525878906,26,8649,PER,28679,244,265,140786,29187,Total,Rural,Men,Peru,2017
40.900001525878906,26,8649,PER,28679,244,266,140786,29187,Total,Rural,Women,Peru,2017
69.9000015258789,26,8649,PER,28680,244,146,140785,29187,36 years and older,Urban,Both sexes,Peru,2017
72.5,26,8649,PER,28680,244,265,140785,29187,36 years and older,Urban,Men,Peru,2017
67.4000015258789,26,8649,PER,28680,244,266,140785,29187,36 years and older,Urban,Women,Peru,2017
56,26,8649,PER,28680,244,146,140784,29187,Under 36 years old,Urban,Both sexes,Peru,2017
57.900001525878906,26,8649,PER,28680,244,265,140784,29187,Under 36 years old,Urban,Men,Peru,2017
54.20000076293945,26,8649,PER,28680,244,266,140784,29187,Under 36 years old,Urban,Women,Peru,2017
62.70000076293945,26,8649,PER,28680,244,146,140786,29187,Total,Urban,Both sexes,Peru,2017
64.69999694824219,26,8649,PER,28680,244,265,140786,29187,Total,Urban,Men,Peru,2017
60.599998474121094,26,8649,PER,28680,244,266,140786,29187,Total,Urban,Women,Peru,2017
61.900001525878906,26,8649,PER,28681,244,146,140785,29188,36 years and older,National,Both sexes,Peru,2018
66.30000305175781,26,8649,PER,28681,244,265,140785,29188,36 years and older,National,Men,Peru,2018
57.79999923706055,26,8649,PER,28681,244,266,140785,29188,36 years and older,National,Women,Peru,2018
45.5,26,8649,PER,28681,244,146,140784,29188,Under 36 years old,National,Both sexes,Peru,2018
49,26,8649,PER,28681,244,265,140784,29188,Under 36 years old,National,Men,Peru,2018
42,26,8649,PER,28681,244,266,140784,29188,Under 36 years old,National,Women,Peru,2018
53.5,26,8649,PER,28681,244,146,140786,29188,Total,National,Both sexes,Peru,2018
57.29999923706055,26,8649,PER,28681,244,265,140786,29188,Total,National,Men,Peru,2018
49.70000076293945,26,8649,PER,28681,244,266,140786,29188,Total,National,Women,Peru,2018
57.099998474121094,26,8649,PER,28679,244,146,140785,29188,36 years and older,Rural,Both sexes,Peru,2018
62.400001525878906,26,8649,PER,28679,244,265,140785,29188,36 years and older,Rural,Men,Peru,2018
52,26,8649,PER,28679,244,266,140785,29188,36 years and older,Rural,Women,Peru,2018
40.5,26,8649,PER,28679,244,146,140784,29188,Under 36 years old,Rural,Both sexes,Peru,2018
45,26,8649,PER,28679,244,265,140784,29188,Under 36 years old,Rural,Men,Peru,2018
36,26,8649,PER,28679,244,266,140784,29188,Under 36 years old,Rural,Women,Peru,2018
48.599998474121094,26,8649,PER,28679,244,146,140786,29188,Total,Rural,Both sexes,Peru,2018
53.29999923706055,26,8649,PER,28679,244,265,140786,29188,Total,Rural,Men,Peru,2018
43.900001525878906,26,8649,PER,28679,244,266,140786,29188,Total,Rural,Women,Peru,2018
71.19999694824219,26,8649,PER,28680,244,146,140785,29188,36 years and older,Urban,Both sexes,Peru,2018
73.5999984741211,26,8649,PER,28680,244,265,140785,29188,36 years and older,Urban,Men,Peru,2018
68.9000015258789,26,8649,PER,28680,244,266,140785,29188,36 years and older,Urban,Women,Peru,2018
54.900001525878906,26,8649,PER,28680,244,146,140784,29188,Under 36 years old,Urban,Both sexes,Peru,2018
56.599998474121094,26,8649,PER,28680,244,265,140784,29188,Under 36 years old,Urban,Men,Peru,2018
53.099998474121094,26,8649,PER,28680,244,266,140784,29188,Under 36 years old,Urban,Women,Peru,2018
62.79999923706055,26,8649,PER,28680,244,146,140786,29188,Total,Urban,Both sexes,Peru,2018
64.80000305175781,26,8649,PER,28680,244,265,140786,29188,Total,Urban,Men,Peru,2018
60.70000076293945,26,8649,PER,28680,244,266,140786,29188,Total,Urban,Women,Peru,2018
63.599998474121094,26,8649,PER,28681,244,146,140785,29189,36 years and older,National,Both sexes,Peru,2019
68,26,8649,PER,28681,244,265,140785,29189,36 years and older,National,Men,Peru,2019
59.29999923706055,26,8649,PER,28681,244,266,140785,29189,36 years and older,National,Women,Peru,2019
45.70000076293945,26,8649,PER,28681,244,146,140784,29189,Under 36 years old,National,Both sexes,Peru,2019
49.400001525878906,26,8649,PER,28681,244,265,140784,29189,Under 36 years old,National,Men,Peru,2019
42,26,8649,PER,28681,244,266,140784,29189,Under 36 years old,National,Women,Peru,2019
54.599998474121094,26,8649,PER,28681,244,146,140786,29189,Total,National,Both sexes,Peru,2019
58.5,26,8649,PER,28681,244,265,140786,29189,Total,National,Men,Peru,2019
50.79999923706055,26,8649,PER,28681,244,266,140786,29189,Total,National,Women,Peru,2019
58.599998474121094,26,8649,PER,28679,244,146,140785,29189,36 years and older,Rural,Both sexes,Peru,2019
63.900001525878906,26,8649,PER,28679,244,265,140785,29189,36 years and older,Rural,Men,Peru,2019
53.599998474121094,26,8649,PER,28679,244,266,140785,29189,36 years and older,Rural,Women,Peru,2019
40.400001525878906,26,8649,PER,28679,244,146,140784,29189,Under 36 years old,Rural,Both sexes,Peru,2019
44.599998474121094,26,8649,PER,28679,244,265,140784,29189,Under 36 years old,Rural,Men,Peru,2019
36,26,8649,PER,28679,244,266,140784,29189,Under 36 years old,Rural,Women,Peru,2019
49.5,26,8649,PER,28679,244,146,140786,29189,Total,Rural,Both sexes,Peru,2019
54.099998474121094,26,8649,PER,28679,244,265,140786,29189,Total,Rural,Men,Peru,2019
44.900001525878906,26,8649,PER,28679,244,266,140786,29189,Total,Rural,Women,Peru,2019
73.19999694824219,26,8649,PER,28680,244,146,140785,29189,36 years and older,Urban,Both sexes,Peru,2019
76.30000305175781,26,8649,PER,28680,244,265,140785,29189,36 years and older,Urban,Men,Peru,2019
70.30000305175781,26,8649,PER,28680,244,266,140785,29189,36 years and older,Urban,Women,Peru,2019
56,26,8649,PER,28680,244,146,140784,29189,Under 36 years old,Urban,Both sexes,Peru,2019
58.29999923706055,26,8649,PER,28680,244,265,140784,29189,Under 36 years old,Urban,Men,Peru,2019
53.5,26,8649,PER,28680,244,266,140784,29189,Under 36 years old,Urban,Women,Peru,2019
64.5,26,8649,PER,28680,244,146,140786,29189,Total,Urban,Both sexes,Peru,2019
66.9000015258789,26,8649,PER,28680,244,265,140786,29189,Total,Urban,Men,Peru,2019
62,26,8649,PER,28680,244,266,140786,29189,Total,Urban,Women,Peru,2019
68.19999694824219,26,8649,PER,28681,244,146,140785,29190,36 years and older,National,Both sexes,Peru,2020
74.9000015258789,26,8649,PER,28681,244,265,140785,29190,36 years and older,National,Men,Peru,2020
61.70000076293945,26,8649,PER,28681,244,266,140785,29190,36 years and older,National,Women,Peru,2020
47.599998474121094,26,8649,PER,28681,244,146,140784,29190,Under 36 years old,National,Both sexes,Peru,2020
50.70000076293945,26,8649,PER,28681,244,265,140784,29190,Under 36 years old,National,Men,Peru,2020
44.5,26,8649,PER,28681,244,266,140784,29190,Under 36 years old,National,Women,Peru,2020
57.29999923706055,26,8649,PER,28681,244,146,140786,29190,Total,National,Both sexes,Peru,2020
62,26,8649,PER,28681,244,265,140786,29190,Total,National,Men,Peru,2020
52.70000076293945,26,8649,PER,28681,244,266,140786,29190,Total,National,Women,Peru,2020
64.19999694824219,26,8649,PER,28679,244,146,140785,29190,36 years and older,Rural,Both sexes,Peru,2020
72.4000015258789,26,8649,PER,28679,244,265,140785,29190,36 years and older,Rural,Men,Peru,2020
56.20000076293945,26,8649,PER,28679,244,266,140785,29190,36 years and older,Rural,Women,Peru,2020
42.79999923706055,26,8649,PER,28679,244,146,140784,29190,Under 36 years old,Rural,Both sexes,Peru,2020
46.70000076293945,26,8649,PER,28679,244,265,140784,29190,Under 36 years old,Rural,Men,Peru,2020
38.900001525878906,26,8649,PER,28679,244,266,140784,29190,Under 36 years old,Rural,Women,Peru,2020
52.900001525878906,26,8649,PER,28679,244,146,140786,29190,Total,Rural,Both sexes,Peru,2020
58.79999923706055,26,8649,PER,28679,244,265,140786,29190,Total,Rural,Men,Peru,2020
47.20000076293945,26,8649,PER,28679,244,266,140786,29190,Total,Rural,Women,Peru,2020
74.69999694824219,26,8649,PER,28680,244,146,140785,29190,36 years and older,Urban,Both sexes,Peru,2020
79,26,8649,PER,28680,244,265,140785,29190,36 years and older,Urban,Men,Peru,2020
70.5,26,8649,PER,28680,244,266,140785,29190,36 years and older,Urban,Women,Peru,2020
55.20000076293945,26,8649,PER,28680,244,146,140784,29190,Under 36 years old,Urban,Both sexes,Peru,2020
57,26,8649,PER,28680,244,265,140784,29190,Under 36 years old,Urban,Men,Peru,2020
53.400001525878906,26,8649,PER,28680,244,266,140784,29190,Under 36 years old,Urban,Women,Peru,2020
64.30000305175781,26,8649,PER,28680,244,146,140786,29190,Total,Urban,Both sexes,Peru,2020
67.19999694824219,26,8649,PER,28680,244,265,140786,29190,Total,Urban,Men,Peru,2020
61.5,26,8649,PER,28680,244,266,140786,29190,Total,Urban,Women,Peru,2020
66.80000305175781,26,8649,PER,28681,244,146,140785,29191,36 years and older,National,Both sexes,Peru,2021
70.9000015258789,26,8649,PER,28681,244,265,140785,29191,36 years and older,National,Men,Peru,2021
62.900001525878906,26,8649,PER,28681,244,266,140785,29191,36 years and older,National,Women,Peru,2021
54,26,8649,PER,28681,244,146,140784,29191,Under 36 years old,National,Both sexes,Peru,2021
56.20000076293945,26,8649,PER,28681,244,265,140784,29191,Under 36 years old,National,Men,Peru,2021
51.900001525878906,26,8649,PER,28681,244,266,140784,29191,Under 36 years old,National,Women,Peru,2021
60.29999923706055,26,8649,PER,28681,244,146,140786,29191,Total,National,Both sexes,Peru,2021
63.400001525878906,26,8649,PER,28681,244,265,140786,29191,Total,National,Men,Peru,2021
57.400001525878906,26,8649,PER,28681,244,266,140786,29191,Total,National,Women,Peru,2021
61.5,26,8649,PER,28679,244,146,140785,29191,36 years and older,Rural,Both sexes,Peru,2021
66.0999984741211,26,8649,PER,28679,244,265,140785,29191,36 years and older,Rural,Men,Peru,2021
57.29999923706055,26,8649,PER,28679,244,266,140785,29191,36 years and older,Rural,Women,Peru,2021
50.400001525878906,26,8649,PER,28679,244,146,140784,29191,Under 36 years old,Rural,Both sexes,Peru,2021
54,26,8649,PER,28679,244,265,140784,29191,Under 36 years old,Rural,Men,Peru,2021
46.900001525878906,26,8649,PER,28679,244,266,140784,29191,Under 36 years old,Rural,Women,Peru,2021
56,26,8649,PER,28679,244,146,140786,29191,Total,Rural,Both sexes,Peru,2021
60,26,8649,PER,28679,244,265,140786,29191,Total,Rural,Men,Peru,2021
52.20000076293945,26,8649,PER,28679,244,266,140786,29191,Total,Rural,Women,Peru,2021
74.9000015258789,26,8649,PER,28680,244,146,140785,29191,36 years and older,Urban,Both sexes,Peru,2021
78.4000015258789,26,8649,PER,28680,244,265,140785,29191,36 years and older,Urban,Men,Peru,2021
71.5999984741211,26,8649,PER,28680,244,266,140785,29191,36 years and older,Urban,Women,Peru,2021
59,26,8649,PER,28680,244,146,140784,29191,Under 36 years old,Urban,Both sexes,Peru,2021
59.400001525878906,26,8649,PER,28680,244,265,140784,29191,Under 36 years old,Urban,Men,Peru,2021
58.599998474121094,26,8649,PER,28680,244,266,140784,29191,Under 36 years old,Urban,Women,Peru,2021
66.5,26,8649,PER,28680,244,146,140786,29191,Total,Urban,Both sexes,Peru,2021
68.30000305175781,26,8649,PER,28680,244,265,140786,29191,Total,Urban,Men,Peru,2021
64.9000015258789,26,8649,PER,28680,244,266,140786,29191,Total,Urban,Women,Peru,2021
67.80000305175781,26,8649,PER,28681,244,146,140785,29192,36 years and older,National,Both sexes,Peru,2022
71.30000305175781,26,8649,PER,28681,244,265,140785,29192,36 years and older,National,Men,Peru,2022
64.5,26,8649,PER,28681,244,266,140785,29192,36 years and older,National,Women,Peru,2022
54.70000076293945,26,8649,PER,28681,244,146,140784,29192,Under 36 years old,National,Both sexes,Peru,2022
56.70000076293945,26,8649,PER,28681,244,265,140784,29192,Under 36 years old,National,Men,Peru,2022
52.599998474121094,26,8649,PER,28681,244,266,140784,29192,Under 36 years old,National,Women,Peru,2022
61.29999923706055,26,8649,PER,28681,244,146,140786,29192,Total,National,Both sexes,Peru,2022
63.900001525878906,26,8649,PER,28681,244,265,140786,29192,Total,National,Men,Peru,2022
58.70000076293945,26,8649,PER,28681,244,266,140786,29192,Total,National,Women,Peru,2022
62.900001525878906,26,8649,PER,28679,244,146,140785,29192,36 years and older,Rural,Both sexes,Peru,2022
66.9000015258789,26,8649,PER,28679,244,265,140785,29192,36 years and older,Rural,Men,Peru,2022
59.20000076293945,26,8649,PER,28679,244,266,140785,29192,36 years and older,Rural,Women,Peru,2022
50.5,26,8649,PER,28679,244,146,140784,29192,Under 36 years old,Rural,Both sexes,Peru,2022
53.099998474121094,26,8649,PER,28679,244,265,140784,29192,Under 36 years old,Rural,Men,Peru,2022
47.900001525878906,26,8649,PER,28679,244,266,140784,29192,Under 36 years old,Rural,Women,Peru,2022
56.900001525878906,26,8649,PER,28679,244,146,140786,29192,Total,Rural,Both sexes,Peru,2022
60,26,8649,PER,28679,244,265,140786,29192,Total,Rural,Men,Peru,2022
53.900001525878906,26,8649,PER,28679,244,266,140786,29192,Total,Rural,Women,Peru,2022
76.0999984741211,26,8649,PER,28680,244,146,140785,29192,36 years and older,Urban,Both sexes,Peru,2022
78.5999984741211,26,8649,PER,28680,244,265,140785,29192,36 years and older,Urban,Men,Peru,2022
73.80000305175781,26,8649,PER,28680,244,266,140785,29192,36 years and older,Urban,Women,Peru,2022
61,26,8649,PER,28680,244,146,140784,29192,Under 36 years old,Urban,Both sexes,Peru,2022
62.400001525878906,26,8649,PER,28680,244,265,140784,29192,Under 36 years old,Urban,Men,Peru,2022
74.5,26,,URY,28681,258,265,140785,29180,36 years and older,National,Men,Uruguay,2010
73.0999984741211,26,,URY,28681,258,266,140785,29180,36 years and older,National,Women,Uruguay,2010
64.4000015258789,26,,URY,28681,258,146,140784,29180,Under 36 years old,National,Both sexes,Uruguay,2010
61.900001525878906,26,,URY,28681,258,265,140784,29180,Under 36 years old,National,Men,Uruguay,2010
67.0999984741211,26,,URY,28681,258,266,140784,29180,Under 36 years old,National,Women,Uruguay,2010
68.80000305175781,26,,URY,28681,258,146,140786,29180,Total,National,Both sexes,Uruguay,2010
67.9000015258789,26,,URY,28681,258,265,140786,29180,Total,National,Men,Uruguay,2010
69.69999694824219,26,,URY,28681,258,266,140786,29180,Total,National,Women,Uruguay,2010
71.19999694824219,26,,URY,28679,258,146,140785,29180,36 years and older,Rural,Both sexes,Uruguay,2010
71.5,26,,URY,28679,258,265,140785,29180,36 years and older,Rural,Men,Uruguay,2010
70.9000015258789,26,,URY,28679,258,266,140785,29180,36 years and older,Rural,Women,Uruguay,2010
70.69999694824219,26,,URY,28679,258,146,140784,29180,Under 36 years old,Rural,Both sexes,Uruguay,2010
70.19999694824219,26,,URY,28679,258,265,140784,29180,Under 36 years old,Rural,Men,Uruguay,2010
71.30000305175781,26,,URY,28679,258,266,140784,29180,Under 36 years old,Rural,Women,Uruguay,2010
71,26,,URY,28679,258,146,140786,29180,Total,Rural,Both sexes,Uruguay,2010
70.9000015258789,26,,URY,28679,258,265,140786,29180,Total,Rural,Men,Uruguay,2010
71.0999984741211,26,,URY,28679,258,266,140786,29180,Total,Rural,Women,Uruguay,2010
75.30000305175781,26,,URY,28680,258,146,140785,29180,36 years and older,Urban,Both sexes,Uruguay,2010
76.19999694824219,26,,URY,28680,258,265,140785,29180,36 years and older,Urban,Men,Uruguay,2010
74.19999694824219,26,,URY,28680,258,266,140785,29180,36 years and older,Urban,Women,Uruguay,2010
62.20000076293945,26,,URY,28680,258,146,140784,29180,Under 36 years old,Urban,Both sexes,Uruguay,2010
59,26,,URY,28680,258,265,140784,29180,Under 36 years old,Urban,Men,Uruguay,2010
65.5999984741211,26,,URY,28680,258,266,140784,29180,Under 36 years old,Urban,Women,Uruguay,2010
67.80000305175781,26,,URY,28680,258,146,140786,29180,Total,Urban,Both sexes,Uruguay,2010
66.5999984741211,26,,URY,28680,258,265,140786,29180,Total,Urban,Men,Uruguay,2010
69.19999694824219,26,,URY,28680,258,266,140786,29180,Total,Urban,Women,Uruguay,2010
76.9000015258789,26,,URY,28681,258,146,140785,29181,36 years and older,National,Both sexes,Uruguay,2011
77.19999694824219,26,,URY,28681,258,265,140785,29181,36 years and older,National,Men,Uruguay,2011
76.5999984741211,26,,URY,28681,258,266,140785,29181,36 years and older,National,Women,Uruguay,2011
64.80000305175781,26,,URY,28681,258,146,140784,29181,Under 36 years old,National,Both sexes,Uruguay,2011
63,26,,URY,28681,258,265,140784,29181,Under 36 years old,National,Men,Uruguay,2011
66.80000305175781,26,,URY,28681,258,266,140784,29181,Under 36 years old,National,Women,Uruguay,2011
70.69999694824219,26,,URY,28681,258,146,140786,29181,Total,National,Both sexes,Uruguay,2011
70.0999984741211,26,,URY,28681,258,265,140786,29181,Total,National,Men,Uruguay,2011
71.30000305175781,26,,URY,28681,258,266,140786,29181,Total,National,Women,Uruguay,2011
76.0999984741211,26,,URY,28679,258,146,140785,29181,36 years and older,Rural,Both sexes,Uruguay,2011
76.4000015258789,26,,URY,28679,258,265,140785,29181,36 years and older,Rural,Men,Uruguay,2011
75.5999984741211,26,,URY,28679,258,266,140785,29181,36 years and older,Rural,Women,Uruguay,2011
69.4000015258789,26,,URY,28679,258,146,140784,29181,Under 36 years old,Rural,Both sexes,Uruguay,2011
68,26,,URY,28679,258,265,140784,29181,Under 36 years old,Rural,Men,Uruguay,2011
70.80000305175781,26,,URY,28679,258,266,140784,29181,Under 36 years old,Rural,Women,Uruguay,2011
72.9000015258789,26,,URY,28679,258,146,140786,29181,Total,Rural,Both sexes,Uruguay,2011
72.5999984741211,26,,URY,28679,258,265,140786,29181,Total,Rural,Men,Uruguay,2011
73.19999694824219,26,,URY,28679,258,266,140786,29181,Total,Rural,Women,Uruguay,2011
78,26,,URY,28680,258,146,140785,29181,36 years and older,Urban,Both sexes,Uruguay,2011
78.19999694824219,26,,URY,28680,258,265,140785,29181,36 years and older,Urban,Men,Uruguay,2011
77.80000305175781,26,,URY,28680,258,266,140785,29181,36 years and older,Urban,Women,Uruguay,2011
60.70000076293945,26,,URY,28680,258,146,140784,29181,Under 36 years old,Urban,Both sexes,Uruguay,2011
58.5,26,,URY,28680,258,265,140784,29181,Under 36 years old,Urban,Men,Uruguay,2011
63.20000076293945,26,,URY,28680,258,266,140784,29181,Under 36 years old,Urban,Women,Uruguay,2011
68.19999694824219,26,,URY,28680,258,146,140786,29181,Total,Urban,Both sexes,Uruguay,2011
67.30000305175781,26,,URY,28680,258,265,140786,29181,Total,Urban,Men,Uruguay,2011
69.30000305175781,26,,URY,28680,258,266,140786,29181,Total,Urban,Women,Uruguay,2011
77.0999984741211,26,,URY,28681,258,146,140785,29182,36 years and older,National,Both sexes,Uruguay,2012
78.4000015258789,26,,URY,28681,258,265,140785,29182,36 years and older,National,Men,Uruguay,2012
75.5,26,,URY,28681,258,266,140785,29182,36 years and older,National,Women,Uruguay,2012
65.4000015258789,26,,URY,28681,258,146,140784,29182,Under 36 years old,National,Both sexes,Uruguay,2012
63,26,,URY,28681,258,265,140784,29182,Under 36 years old,National,Men,Uruguay,2012
68,26,,URY,28681,258,266,140784,29182,Under 36 years old,National,Women,Uruguay,2012
71,26,,URY,28681,258,146,140786,29182,Total,National,Both sexes,Uruguay,2012
70.69999694824219,26,,URY,28681,258,265,140786,29182,Total,National,Men,Uruguay,2012
71.4000015258789,26,,URY,28681,258,266,140786,29182,Total,National,Women,Uruguay,2012
76.5,26,,URY,28679,258,146,140785,29182,36 years and older,Rural,Both sexes,Uruguay,2012
78.0999984741211,26,,URY,28679,258,265,140785,29182,36 years and older,Rural,Men,Uruguay,2012
74.4000015258789,26,,URY,28679,258,266,140785,29182,36 years and older,Rural,Women,Uruguay,2012
69.5999984741211,26,,URY,28679,258,146,140784,29182,Under 36 years old,Rural,Both sexes,Uruguay,2012
68.0999984741211,26,,URY,28679,258,265,140784,29182,Under 36 years old,Rural,Men,Uruguay,2012
71.30000305175781,26,,URY,28679,258,266,140784,29182,Under 36 years old,Rural,Women,Uruguay,2012
73.30000305175781,26,,URY,28679,258,146,140786,29182,Total,Rural,Both sexes,Uruguay,2012
73.5999984741211,26,,URY,28679,258,265,140786,29182,Total,Rural,Men,Uruguay,2012
72.9000015258789,26,,URY,28679,258,266,140786,29182,Total,Rural,Women,Uruguay,2012
77.80000305175781,26,,URY,28680,258,146,140785,29182,36 years and older,Urban,Both sexes,Uruguay,2012
78.80000305175781,26,,URY,28680,258,265,140785,29182,36 years and older,Urban,Men,Uruguay,2012
76.5999984741211,26,,URY,28680,258,266,140785,29182,36 years and older,Urban,Women,Uruguay,2012
62,26,,URY,28680,258,146,140784,29182,Under 36 years old,Urban,Both sexes,Uruguay,2012
58.900001525878906,26,,URY,28680,258,265,140784,29182,Under 36 years old,Urban,Men,Uruguay,2012
65.4000015258789,26,,URY,28680,258,266,140784,29182,Under 36 years old,Urban,Women,Uruguay,2012
68.80000305175781,26,,URY,28680,258,146,140786,29182,Total,Urban,Both sexes,Uruguay,2012
59.70000076293945,26,8649,PER,28680,244,266,140784,29192,Under 36 years old,Urban,Women,Peru,2022
68.4000015258789,26,8649,PER,28680,244,146,140786,29192,Total,Urban,Both sexes,Peru,2022
70.19999694824219,26,8649,PER,28680,244,265,140786,29192,Total,Urban,Men,Peru,2022
66.69999694824219,26,8649,PER,28680,244,266,140786,29192,Total,Urban,Women,Peru,2022
69.5999984741211,26,8649,PER,28681,244,146,140785,29193,36 years and older,National,Both sexes,Peru,2023
73,26,8649,PER,28681,244,265,140785,29193,36 years and older,National,Men,Peru,2023
66.4000015258789,26,8649,PER,28681,244,266,140785,29193,36 years and older,National,Women,Peru,2023
54.79999923706055,26,8649,PER,28681,244,146,140784,29193,Under 36 years old,National,Both sexes,Peru,2023
56.20000076293945,26,8649,PER,28681,244,265,140784,29193,Under 36 years old,National,Men,Peru,2023
53.29999923706055,26,8649,PER,28681,244,266,140784,29193,Under 36 years old,National,Women,Peru,2023
62.20000076293945,26,8649,PER,28681,244,146,140786,29193,Total,National,Both sexes,Peru,2023
64.4000015258789,26,8649,PER,28681,244,265,140786,29193,Total,National,Men,Peru,2023
60.099998474121094,26,8649,PER,28681,244,266,140786,29193,Total,National,Women,Peru,2023
64.69999694824219,26,8649,PER,28679,244,146,140785,29193,36 years and older,Rural,Both sexes,Peru,2023
68.80000305175781,26,8649,PER,28679,244,265,140785,29193,36 years and older,Rural,Men,Peru,2023
60.900001525878906,26,8649,PER,28679,244,266,140785,29193,36 years and older,Rural,Women,Peru,2023
51.20000076293945,26,8649,PER,28679,244,146,140784,29193,Under 36 years old,Rural,Both sexes,Peru,2023
53.5,26,8649,PER,28679,244,265,140784,29193,Under 36 years old,Rural,Men,Peru,2023
48.70000076293945,26,8649,PER,28679,244,266,140784,29193,Under 36 years old,Rural,Women,Peru,2023
58.20000076293945,26,8649,PER,28679,244,146,140786,29193,Total,Rural,Both sexes,Peru,2023
61.20000076293945,26,8649,PER,28679,244,265,140786,29193,Total,Rural,Men,Peru,2023
55.20000076293945,26,8649,PER,28679,244,266,140786,29193,Total,Rural,Women,Peru,2023
77.19999694824219,26,8649,PER,28680,244,146,140785,29193,36 years and older,Urban,Both sexes,Peru,2023
79.30000305175781,26,8649,PER,28680,244,265,140785,29193,36 years and older,Urban,Men,Peru,2023
75.19999694824219,26,8649,PER,28680,244,266,140785,29193,36 years and older,Urban,Women,Peru,2023
59.900001525878906,26,8649,PER,28680,244,146,140784,29193,Under 36 years old,Urban,Both sexes,Peru,2023
60,26,8649,PER,28680,244,265,140784,29193,Under 36 years old,Urban,Men,Peru,2023
59.79999923706055,26,8649,PER,28680,244,266,140784,29193,Under 36 years old,Urban,Women,Peru,2023
68.4000015258789,26,8649,PER,28680,244,146,140786,29193,Total,Urban,Both sexes,Peru,2023
69.19999694824219,26,8649,PER,28680,244,265,140786,29193,Total,Urban,Men,Peru,2023
67.5,26,8649,PER,28680,244,266,140786,29193,Total,Urban,Women,Peru,2023
70.9000015258789,26,8649,PER,28681,244,146,140785,29194,36 years and older,National,Both sexes,Peru,2024
74.9000015258789,26,8649,PER,28681,244,265,140785,29194,36 years and older,National,Men,Peru,2024
67,26,8649,PER,28681,244,266,140785,29194,36 years and older,National,Women,Peru,2024
54.400001525878906,26,8649,PER,28681,244,146,140784,29194,Under 36 years old,National,Both sexes,Peru,2024
56,26,8649,PER,28681,244,265,140784,29194,Under 36 years old,National,Men,Peru,2024
52.79999923706055,26,8649,PER,28681,244,266,140784,29194,Under 36 years old,National,Women,Peru,2024
63,26,8649,PER,28681,244,146,140786,29194,Total,National,Both sexes,Peru,2024
65.69999694824219,26,8649,PER,28681,244,265,140786,29194,Total,National,Men,Peru,2024
60.29999923706055,26,8649,PER,28681,244,266,140786,29194,Total,National,Women,Peru,2024
67.30000305175781,26,8649,PER,28679,244,146,140785,29194,36 years and older,Rural,Both sexes,Peru,2024
71.30000305175781,26,8649,PER,28679,244,265,140785,29194,36 years and older,Rural,Men,Peru,2024
63.599998474121094,26,8649,PER,28679,244,266,140785,29194,36 years and older,Rural,Women,Peru,2024
50.900001525878906,26,8649,PER,28679,244,146,140784,29194,Under 36 years old,Rural,Both sexes,Peru,2024
53.5,26,8649,PER,28679,244,265,140784,29194,Under 36 years old,Rural,Men,Peru,2024
48.29999923706055,26,8649,PER,28679,244,266,140784,29194,Under 36 years old,Rural,Women,Peru,2024
59.70000076293945,26,8649,PER,28679,244,146,140786,29194,Total,Rural,Both sexes,Peru,2024
62.900001525878906,26,8649,PER,28679,244,265,140786,29194,Total,Rural,Men,Peru,2024
56.599998474121094,26,8649,PER,28679,244,266,140786,29194,Total,Rural,Women,Peru,2024
76.80000305175781,26,8649,PER,28680,244,146,140785,29194,36 years and older,Urban,Both sexes,Peru,2024
80.5999984741211,26,8649,PER,28680,244,265,140785,29194,36 years and older,Urban,Men,Peru,2024
73,26,8649,PER,28680,244,266,140785,29194,36 years and older,Urban,Women,Peru,2024
59.5,26,8649,PER,28680,244,146,140784,29194,Under 36 years old,Urban,Both sexes,Peru,2024
59.70000076293945,26,8649,PER,28680,244,265,140784,29194,Under 36 years old,Urban,Men,Peru,2024
59.29999923706055,26,8649,PER,28680,244,266,140784,29194,Under 36 years old,Urban,Women,Peru,2024
68.0999984741211,26,8649,PER,28680,244,146,140786,29194,Total,Urban,Both sexes,Peru,2024
70.0999984741211,26,8649,PER,28680,244,265,140786,29194,Total,Urban,Men,Peru,2024
66.0999984741211,26,8649,PER,28680,244,266,140786,29194,Total,Urban,Women,Peru,2024
82.9000015258789,26,,URY,28681,258,146,140785,29178,36 years and older,National,Both sexes,Uruguay,2008
81.19999694824219,26,,URY,28681,258,265,140785,29178,36 years and older,National,Men,Uruguay,2008
85.19999694824219,26,,URY,28681,258,266,140785,29178,36 years and older,National,Women,Uruguay,2008
92.5999984741211,26,,URY,28681,258,146,140784,29178,Under 36 years old,National,Both sexes,Uruguay,2008
92.4000015258789,26,,URY,28681,258,265,140784,29178,Under 36 years old,National,Men,Uruguay,2008
92.69999694824219,26,,URY,28681,258,266,140784,29178,Under 36 years old,National,Women,Uruguay,2008
88.30000305175781,26,,URY,28681,258,146,140786,29178,Total,National,Both sexes,Uruguay,2008
87.0999984741211,26,,URY,28681,258,265,140786,29178,Total,National,Men,Uruguay,2008
89.69999694824219,26,,URY,28681,258,266,140786,29178,Total,National,Women,Uruguay,2008
81.5,26,,URY,28679,258,146,140785,29178,36 years and older,Rural,Both sexes,Uruguay,2008
79.19999694824219,26,,URY,28679,258,265,140785,29178,36 years and older,Rural,Men,Uruguay,2008
84.9000015258789,26,,URY,28679,258,266,140785,29178,36 years and older,Rural,Women,Uruguay,2008
92.80000305175781,26,,URY,28679,258,146,140784,29178,Under 36 years old,Rural,Both sexes,Uruguay,2008
92.4000015258789,26,,URY,28679,258,265,140784,29178,Under 36 years old,Rural,Men,Uruguay,2008
93.30000305175781,26,,URY,28679,258,266,140784,29178,Under 36 years old,Rural,Women,Uruguay,2008
87.19999694824219,26,,URY,28679,258,146,140786,29178,Total,Rural,Both sexes,Uruguay,2008
85.4000015258789,26,,URY,28679,258,265,140786,29178,Total,Rural,Men,Uruguay,2008
89.5,26,,URY,28679,258,266,140786,29178,Total,Rural,Women,Uruguay,2008
84.19999694824219,26,,URY,28680,258,146,140785,29178,36 years and older,Urban,Both sexes,Uruguay,2008
83.19999694824219,26,,URY,28680,258,265,140785,29178,36 years and older,Urban,Men,Uruguay,2008
85.5,26,,URY,28680,258,266,140785,29178,36 years and older,Urban,Women,Uruguay,2008
92.4000015258789,26,,URY,28680,258,146,140784,29178,Under 36 years old,Urban,Both sexes,Uruguay,2008
92.4000015258789,26,,URY,28680,258,265,140784,29178,Under 36 years old,Urban,Men,Uruguay,2008
92.4000015258789,26,,URY,28680,258,266,140784,29178,Under 36 years old,Urban,Women,Uruguay,2008
89.0999984741211,26,,URY,28680,258,146,140786,29178,Total,Urban,Both sexes,Uruguay,2008
88.5,26,,URY,28680,258,265,140786,29178,Total,Urban,Men,Uruguay,2008
89.80000305175781,26,,URY,28680,258,266,140786,29178,Total,Urban,Women,Uruguay,2008
68.80000305175781,26,,URY,28681,258,146,140785,29179,36 years and older,National,Both sexes,Uruguay,2009
69,26,,URY,28681,258,265,140785,29179,36 years and older,National,Men,Uruguay,2009
68.5,26,,URY,28681,258,266,140785,29179,36 years and older,National,Women,Uruguay,2009
64.0999984741211,26,,URY,28681,258,146,140784,29179,Under 36 years old,National,Both sexes,Uruguay,2009
61.900001525878906,26,,URY,28681,258,265,140784,29179,Under 36 years old,National,Men,Uruguay,2009
66.4000015258789,26,,URY,28681,258,266,140784,29179,Under 36 years old,National,Women,Uruguay,2009
66.30000305175781,26,,URY,28681,258,146,140786,29179,Total,National,Both sexes,Uruguay,2009
65.5,26,,URY,28681,258,265,140786,29179,Total,National,Men,Uruguay,2009
67.30000305175781,26,,URY,28681,258,266,140786,29179,Total,National,Women,Uruguay,2009
65.5999984741211,26,,URY,28679,258,146,140785,29179,36 years and older,Rural,Both sexes,Uruguay,2009
66.5,26,,URY,28679,258,265,140785,29179,36 years and older,Rural,Men,Uruguay,2009
64.4000015258789,26,,URY,28679,258,266,140785,29179,36 years and older,Rural,Women,Uruguay,2009
68.69999694824219,26,,URY,28679,258,146,140784,29179,Under 36 years old,Rural,Both sexes,Uruguay,2009
66.80000305175781,26,,URY,28679,258,265,140784,29179,Under 36 years old,Rural,Men,Uruguay,2009
70.69999694824219,26,,URY,28679,258,266,140784,29179,Under 36 years old,Rural,Women,Uruguay,2009
67.0999984741211,26,,URY,28679,258,146,140786,29179,Total,Rural,Both sexes,Uruguay,2009
66.5999984741211,26,,URY,28679,258,265,140786,29179,Total,Rural,Men,Uruguay,2009
67.69999694824219,26,,URY,28679,258,266,140786,29179,Total,Rural,Women,Uruguay,2009
71.5,26,,URY,28680,258,146,140785,29179,36 years and older,Urban,Both sexes,Uruguay,2009
71.30000305175781,26,,URY,28680,258,265,140785,29179,36 years and older,Urban,Men,Uruguay,2009
71.80000305175781,26,,URY,28680,258,266,140785,29179,36 years and older,Urban,Women,Uruguay,2009
61.29999923706055,26,,URY,28680,258,146,140784,29179,Under 36 years old,Urban,Both sexes,Uruguay,2009
58.70000076293945,26,,URY,28680,258,265,140784,29179,Under 36 years old,Urban,Men,Uruguay,2009
63.79999923706055,26,,URY,28680,258,266,140784,29179,Under 36 years old,Urban,Women,Uruguay,2009
65.80000305175781,26,,URY,28680,258,146,140786,29179,Total,Urban,Both sexes,Uruguay,2009
64.5999984741211,26,,URY,28680,258,265,140786,29179,Total,Urban,Men,Uruguay,2009
67.0999984741211,26,,URY,28680,258,266,140786,29179,Total,Urban,Women,Uruguay,2009
73.9000015258789,26,,URY,28681,258,146,140785,29180,36 years and older,National,Both sexes,Uruguay,2010
67.69999694824219,26,,URY,28680,258,265,140786,29182,Total,Urban,Men,Uruguay,2012
70.0999984741211,26,,URY,28680,258,266,140786,29182,Total,Urban,Women,Uruguay,2012
81.80000305175781,26,,URY,28681,258,146,140785,29183,36 years and older,National,Both sexes,Uruguay,2013
83,26,,URY,28681,258,265,140785,29183,36 years and older,National,Men,Uruguay,2013
80.30000305175781,26,,URY,28681,258,266,140785,29183,36 years and older,National,Women,Uruguay,2013
67.0999984741211,26,,URY,28681,258,146,140784,29183,Under 36 years old,National,Both sexes,Uruguay,2013
65,26,,URY,28681,258,265,140784,29183,Under 36 years old,National,Men,Uruguay,2013
69.30000305175781,26,,URY,28681,258,266,140784,29183,Under 36 years old,National,Women,Uruguay,2013
74,26,,URY,28681,258,146,140786,29183,Total,National,Both sexes,Uruguay,2013
73.9000015258789,26,,URY,28681,258,265,140786,29183,Total,National,Men,Uruguay,2013
74.30000305175781,26,,URY,28681,258,266,140786,29183,Total,National,Women,Uruguay,2013
80.0999984741211,26,,URY,28679,258,146,140785,29183,36 years and older,Rural,Both sexes,Uruguay,2013
81.0999984741211,26,,URY,28679,258,265,140785,29183,36 years and older,Rural,Men,Uruguay,2013
78.80000305175781,26,,URY,28679,258,266,140785,29183,36 years and older,Rural,Women,Uruguay,2013
72,26,,URY,28679,258,146,140784,29183,Under 36 years old,Rural,Both sexes,Uruguay,2013
70.5,26,,URY,28679,258,265,140784,29183,Under 36 years old,Rural,Men,Uruguay,2013
73.5,26,,URY,28679,258,266,140784,29183,Under 36 years old,Rural,Women,Uruguay,2013
76.19999694824219,26,,URY,28679,258,146,140786,29183,Total,Rural,Both sexes,Uruguay,2013
76.30000305175781,26,,URY,28679,258,265,140786,29183,Total,Rural,Men,Uruguay,2013
76.19999694824219,26,,URY,28679,258,266,140786,29183,Total,Rural,Women,Uruguay,2013
83.0999984741211,26,,URY,28680,258,146,140785,29183,36 years and older,Urban,Both sexes,Uruguay,2013
84.5,26,,URY,28680,258,265,140785,29183,36 years and older,Urban,Men,Uruguay,2013
81.4000015258789,26,,URY,28680,258,266,140785,29183,36 years and older,Urban,Women,Uruguay,2013
64.5,26,,URY,28680,258,146,140784,29183,Under 36 years old,Urban,Both sexes,Uruguay,2013
62,26,,URY,28680,258,265,140784,29183,Under 36 years old,Urban,Men,Uruguay,2013
67,26,,URY,28680,258,266,140784,29183,Under 36 years old,Urban,Women,Uruguay,2013
72.69999694824219,26,,URY,28680,258,146,140786,29183,Total,Urban,Both sexes,Uruguay,2013
72.30000305175781,26,,URY,28680,258,265,140786,29183,Total,Urban,Men,Uruguay,2013
73.0999984741211,26,,URY,28680,258,266,140786,29183,Total,Urban,Women,Uruguay,2013
84.9000015258789,26,,URY,28681,258,146,140785,29184,36 years and older,National,Both sexes,Uruguay,2014
83.69999694824219,26,,URY,28681,258,265,140785,29184,36 years and older,National,Men,Uruguay,2014
86.4000015258789,26,,URY,28681,258,266,140785,29184,36 years and older,National,Women,Uruguay,2014
68.19999694824219,26,,URY,28681,258,146,140784,29184,Under 36 years old,National,Both sexes,Uruguay,2014
65.69999694824219,26,,URY,28681,258,265,140784,29184,Under 36 years old,National,Men,Uruguay,2014
70.69999694824219,26,,URY,28681,258,266,140784,29184,Under 36 years old,National,Women,Uruguay,2014
75.9000015258789,26,,URY,28681,258,146,140786,29184,Total,National,Both sexes,Uruguay,2014
74.4000015258789,26,,URY,28681,258,265,140786,29184,Total,National,Men,Uruguay,2014
77.5999984741211,26,,URY,28681,258,266,140786,29184,Total,National,Women,Uruguay,2014
85.69999694824219,26,,URY,28679,258,146,140785,29184,36 years and older,Rural,Both sexes,Uruguay,2014
84.0999984741211,26,,URY,28679,258,265,140785,29184,36 years and older,Rural,Men,Uruguay,2014
87.80000305175781,26,,URY,28679,258,266,140785,29184,36 years and older,Rural,Women,Uruguay,2014
73.0999984741211,26,,URY,28679,258,146,140784,29184,Under 36 years old,Rural,Both sexes,Uruguay,2014
71,26,,URY,28679,258,265,140784,29184,Under 36 years old,Rural,Men,Uruguay,2014
75.5,26,,URY,28679,258,266,140784,29184,Under 36 years old,Rural,Women,Uruguay,2014
79.5,26,,URY,28679,258,146,140786,29184,Total,Rural,Both sexes,Uruguay,2014
77.80000305175781,26,,URY,28679,258,265,140786,29184,Total,Rural,Men,Uruguay,2014
81.4000015258789,26,,URY,28679,258,266,140786,29184,Total,Rural,Women,Uruguay,2014
84.30000305175781,26,,URY,28680,258,146,140785,29184,36 years and older,Urban,Both sexes,Uruguay,2014
83.4000015258789,26,,URY,28680,258,265,140785,29184,36 years and older,Urban,Men,Uruguay,2014
85.5,26,,URY,28680,258,266,140785,29184,36 years and older,Urban,Women,Uruguay,2014
65.5,26,,URY,28680,258,146,140784,29184,Under 36 years old,Urban,Both sexes,Uruguay,2014
62.79999923706055,26,,URY,28680,258,265,140784,29184,Under 36 years old,Urban,Men,Uruguay,2014
68.19999694824219,26,,URY,28680,258,266,140784,29184,Under 36 years old,Urban,Women,Uruguay,2014
73.69999694824219,26,,URY,28680,258,146,140786,29184,Total,Urban,Both sexes,Uruguay,2014
72.19999694824219,26,,URY,28680,258,265,140786,29184,Total,Urban,Men,Uruguay,2014
75.30000305175781,26,,URY,28680,258,266,140786,29184,Total,Urban,Women,Uruguay,2014
88.19999694824219,26,,URY,28681,258,146,140785,29185,36 years and older,National,Both sexes,Uruguay,2015
88.4000015258789,26,,URY,28681,258,265,140785,29185,36 years and older,National,Men,Uruguay,2015
88,26,,URY,28681,258,266,140785,29185,36 years and older,National,Women,Uruguay,2015
73.9000015258789,26,,URY,28681,258,146,140784,29185,Under 36 years old,National,Both sexes,Uruguay,2015
70.80000305175781,26,,URY,28681,258,265,140784,29185,Under 36 years old,National,Men,Uruguay,2015
77.30000305175781,26,,URY,28681,258,266,140784,29185,Under 36 years old,National,Women,Uruguay,2015
80.9000015258789,26,,URY,28681,258,146,140786,29185,Total,National,Both sexes,Uruguay,2015
79.5,26,,URY,28681,258,265,140786,29185,Total,National,Men,Uruguay,2015
82.4000015258789,26,,URY,28681,258,266,140786,29185,Total,National,Women,Uruguay,2015
87,26,,URY,28679,258,146,140785,29185,36 years and older,Rural,Both sexes,Uruguay,2015
86.9000015258789,26,,URY,28679,258,265,140785,29185,36 years and older,Rural,Men,Uruguay,2015
87,26,,URY,28679,258,266,140785,29185,36 years and older,Rural,Women,Uruguay,2015
76.69999694824219,26,,URY,28679,258,146,140784,29185,Under 36 years old,Rural,Both sexes,Uruguay,2015
74,26,,URY,28679,258,265,140784,29185,Under 36 years old,Rural,Men,Uruguay,2015
79.9000015258789,26,,URY,28679,258,266,140784,29185,Under 36 years old,Rural,Women,Uruguay,2015
82.19999694824219,26,,URY,28679,258,146,140786,29185,Total,Rural,Both sexes,Uruguay,2015
81,26,,URY,28679,258,265,140786,29185,Total,Rural,Men,Uruguay,2015
83.69999694824219,26,,URY,28679,258,266,140786,29185,Total,Rural,Women,Uruguay,2015
89.30000305175781,26,,URY,28680,258,146,140785,29185,36 years and older,Urban,Both sexes,Uruguay,2015
89.5999984741211,26,,URY,28680,258,265,140785,29185,36 years and older,Urban,Men,Uruguay,2015
88.9000015258789,26,,URY,28680,258,266,140785,29185,36 years and older,Urban,Women,Uruguay,2015
72.0999984741211,26,,URY,28680,258,146,140784,29185,Under 36 years old,Urban,Both sexes,Uruguay,2015
68.69999694824219,26,,URY,28680,258,265,140784,29185,Under 36 years old,Urban,Men,Uruguay,2015
75.80000305175781,26,,URY,28680,258,266,140784,29185,Under 36 years old,Urban,Women,Uruguay,2015
79.9000015258789,26,,URY,28680,258,146,140786,29185,Total,Urban,Both sexes,Uruguay,2015
78.5,26,,URY,28680,258,265,140786,29185,Total,Urban,Men,Uruguay,2015
81.5,26,,URY,28680,258,266,140786,29185,Total,Urban,Women,Uruguay,2015
89.19999694824219,26,,URY,28681,258,146,140785,29186,36 years and older,National,Both sexes,Uruguay,2016
88.0999984741211,26,,URY,28681,258,265,140785,29186,36 years and older,National,Men,Uruguay,2016
90.5999984741211,26,,URY,28681,258,266,140785,29186,36 years and older,National,Women,Uruguay,2016
73.5,26,,URY,28681,258,146,140784,29186,Under 36 years old,National,Both sexes,Uruguay,2016
72.5999984741211,26,,URY,28681,258,265,140784,29186,Under 36 years old,National,Men,Uruguay,2016
74.5,26,,URY,28681,258,266,140784,29186,Under 36 years old,National,Women,Uruguay,2016
81.19999694824219,26,,URY,28681,258,146,140786,29186,Total,National,Both sexes,Uruguay,2016
80.5,26,,URY,28681,258,265,140786,29186,Total,National,Men,Uruguay,2016
82,26,,URY,28681,258,266,140786,29186,Total,National,Women,Uruguay,2016
88.80000305175781,26,,URY,28679,258,146,140785,29186,36 years and older,Rural,Both sexes,Uruguay,2016
87.4000015258789,26,,URY,28679,258,265,140785,29186,36 years and older,Rural,Men,Uruguay,2016
90.5999984741211,26,,URY,28679,258,266,140785,29186,36 years and older,Rural,Women,Uruguay,2016
78.5999984741211,26,,URY,28679,258,146,140784,29186,Under 36 years old,Rural,Both sexes,Uruguay,2016
78.5,26,,URY,28679,258,265,140784,29186,Under 36 years old,Rural,Men,Uruguay,2016
78.5999984741211,26,,URY,28679,258,266,140784,29186,Under 36 years old,Rural,Women,Uruguay,2016
84.0999984741211,26,,URY,28679,258,146,140786,29186,Total,Rural,Both sexes,Uruguay,2016
83.4000015258789,26,,URY,28679,258,265,140786,29186,Total,Rural,Men,Uruguay,2016
84.80000305175781,26,,URY,28679,258,266,140786,29186,Total,Rural,Women,Uruguay,2016
89.5999984741211,26,,URY,28680,258,146,140785,29186,36 years and older,Urban,Both sexes,Uruguay,2016
88.80000305175781,26,,URY,28680,258,265,140785,29186,36 years and older,Urban,Men,Uruguay,2016
90.5999984741211,26,,URY,28680,258,266,140785,29186,36 years and older,Urban,Women,Uruguay,2016
70.4000015258789,26,,URY,28680,258,146,140784,29186,Under 36 years old,Urban,Both sexes,Uruguay,2016
68.80000305175781,26,,URY,28680,258,265,140784,29186,Under 36 years old,Urban,Men,Uruguay,2016
72.0999984741211,26,,URY,28680,258,266,140784,29186,Under 36 years old,Urban,Women,Uruguay,2016
79,26,,URY,28680,258,146,140786,29186,Total,Urban,Both sexes,Uruguay,2016
78.30000305175781,26,,URY,28680,258,265,140786,29186,Total,Urban,Men,Uruguay,2016
79.9000015258789,26,,URY,28680,258,266,140786,29186,Total,Urban,Women,Uruguay,2016
90.30000305175781,26,,URY,28681,258,146,140785,29187,36 years and older,National,Both sexes,Uruguay,2017
90.5,26,,URY,28681,258,265,140785,29187,36 years and older,National,Men,Uruguay,2017
90,26,,URY,28681,258,266,140785,29187,36 years and older,National,Women,Uruguay,2017
74.4000015258789,26,,URY,28681,258,146,140784,29187,Under 36 years old,National,Both sexes,Uruguay,2017
73.9000015258789,26,,URY,28681,258,265,140784,29187,Under 36 years old,National,Men,Uruguay,2017
75,26,,URY,28681,258,266,140784,29187,Under 36 years old,National,Women,Uruguay,2017
82.19999694824219,26,,URY,28681,258,146,140786,29187,Total,National,Both sexes,Uruguay,2017
82.30000305175781,26,,URY,28681,258,265,140786,29187,Total,National,Men,Uruguay,2017
82,26,,URY,28681,258,266,140786,29187,Total,National,Women,Uruguay,2017
90.5,26,,URY,28679,258,146,140785,29187,36 years and older,Rural,Both sexes,Uruguay,2017
90.0999984741211,26,,URY,28679,258,265,140785,29187,36 years and older,Rural,Men,Uruguay,2017
91.19999694824219,26,,URY,28679,258,266,140785,29187,36 years and older,Rural,Women,Uruguay,2017
76.9000015258789,26,,URY,28679,258,146,140784,29187,Under 36 years old,Rural,Both sexes,Uruguay,2017
76.19999694824219,26,,URY,28679,258,265,140784,29187,Under 36 years old,Rural,Men,Uruguay,2017
77.69999694824219,26,,URY,28679,258,266,140784,29187,Under 36 years old,Rural,Women,Uruguay,2017
84.19999694824219,26,,URY,28679,258,146,140786,29187,Total,Rural,Both sexes,Uruguay,2017
83.80000305175781,26,,URY,28679,258,265,140786,29187,Total,Rural,Men,Uruguay,2017
84.69999694824219,26,,URY,28679,258,266,140786,29187,Total,Rural,Women,Uruguay,2017
90.0999984741211,26,,URY,28680,258,146,140785,29187,36 years and older,Urban,Both sexes,Uruguay,2017
90.9000015258789,26,,URY,28680,258,265,140785,29187,36 years and older,Urban,Men,Uruguay,2017
89.0999984741211,26,,URY,28680,258,266,140785,29187,36 years and older,Urban,Women,Uruguay,2017
73,26,,URY,28680,258,146,140784,29187,Under 36 years old,Urban,Both sexes,Uruguay,2017
72.5999984741211,26,,URY,28680,258,265,140784,29187,Under 36 years old,Urban,Men,Uruguay,2017
73.4000015258789,26,,URY,28680,258,266,140784,29187,Under 36 years old,Urban,Women,Uruguay,2017
80.69999694824219,26,,URY,28680,258,146,140786,29187,Total,Urban,Both sexes,Uruguay,2017
81.19999694824219,26,,URY,28680,258,265,140786,29187,Total,Urban,Men,Uruguay,2017
80.30000305175781,26,,URY,28680,258,266,140786,29187,Total,Urban,Women,Uruguay,2017
91.4000015258789,26,,URY,28681,258,146,140785,29188,36 years and older,National,Both sexes,Uruguay,2018
91.5,26,,URY,28681,258,265,140785,29188,36 years and older,National,Men,Uruguay,2018
91.30000305175781,26,13639,URY,28681,258,266,140785,29188,36 years and older,National,Women,Uruguay,2018
75.5999984741211,26,,URY,28681,258,146,140784,29188,Under 36 years old,National,Both sexes,Uruguay,2018
74.0999984741211,26,13639,URY,28681,258,265,140784,29188,Under 36 years old,National,Men,Uruguay,2018
77.30000305175781,26,13639,URY,28681,258,266,140784,29188,Under 36 years old,National,Women,Uruguay,2018
83.4000015258789,26,,URY,28681,258,146,140786,29188,Total,National,Both sexes,Uruguay,2018
82.9000015258789,26,,URY,28681,258,265,140786,29188,Total,National,Men,Uruguay,2018
84,26,,URY,28681,258,266,140786,29188,Total,National,Women,Uruguay,2018
91.5,26,13639,URY,28679,258,146,140785,29188,36 years and older,Rural,Both sexes,Uruguay,2018
90.69999694824219,26,13639,URY,28679,258,265,140785,29188,36 years and older,Rural,Men,Uruguay,2018
92.5999984741211,26,13639,URY,28679,258,266,140785,29188,36 years and older,Rural,Women,Uruguay,2018
78.5999984741211,26,13639,URY,28679,258,146,140784,29188,Under 36 years old,Rural,Both sexes,Uruguay,2018
76.69999694824219,26,13639,URY,28679,258,265,140784,29188,Under 36 years old,Rural,Men,Uruguay,2018
80.69999694824219,26,13639,URY,28679,258,266,140784,29188,Under 36 years old,Rural,Women,Uruguay,2018
85.5,26,,URY,28679,258,146,140786,29188,Total,Rural,Both sexes,Uruguay,2018
84.4000015258789,26,13639,URY,28679,258,265,140786,29188,Total,Rural,Men,Uruguay,2018
86.80000305175781,26,13639,URY,28679,258,266,140786,29188,Total,Rural,Women,Uruguay,2018
91.30000305175781,26,,URY,28680,258,146,140785,29188,36 years and older,Urban,Both sexes,Uruguay,2018
92.19999694824219,26,13639,URY,28680,258,265,140785,29188,36 years and older,Urban,Men,Uruguay,2018
90.19999694824219,26,13639,URY,28680,258,266,140785,29188,36 years and older,Urban,Women,Uruguay,2018
73.69999694824219,26,,URY,28680,258,146,140784,29188,Under 36 years old,Urban,Both sexes,Uruguay,2018
72.4000015258789,26,13639,URY,28680,258,265,140784,29188,Under 36 years old,Urban,Men,Uruguay,2018
75.0999984741211,26,13639,URY,28680,258,266,140784,29188,Under 36 years old,Urban,Women,Uruguay,2018
81.9000015258789,26,,URY,28680,258,146,140786,29188,Total,Urban,Both sexes,Uruguay,2018
81.80000305175781,26,,URY,28680,258,265,140786,29188,Total,Urban,Men,Uruguay,2018
81.9000015258789,26,13639,URY,28680,258,266,140786,29188,Total,Urban,Women,Uruguay,2018
91.5999984741211,26,,URY,28681,258,146,140785,29189,36 years and older,National,Both sexes,Uruguay,2019
91.30000305175781,26,,URY,28681,258,265,140785,29189,36 years and older,National,Men,Uruguay,2019
92,26,13639,URY,28681,258,266,140785,29189,36 years and older,National,Women,Uruguay,2019
76.30000305175781,26,,URY,28681,258,146,140784,29189,Under 36 years old,National,Both sexes,Uruguay,2019
76.19999694824219,26,13639,URY,28681,258,265,140784,29189,Under 36 years old,National,Men,Uruguay,2019
76.4000015258789,26,13639,URY,28681,258,266,140784,29189,Under 36 years old,National,Women,Uruguay,2019
83.80000305175781,26,,URY,28681,258,146,140786,29189,Total,National,Both sexes,Uruguay,2019
83.80000305175781,26,,URY,28681,258,265,140786,29189,Total,National,Men,Uruguay,2019
83.80000305175781,26,,URY,28681,258,266,140786,29189,Total,National,Women,Uruguay,2019
91.4000015258789,26,13639,URY,28679,258,146,140785,29189,36 years and older,Rural,Both sexes,Uruguay,2019
91.4000015258789,26,13639,URY,28679,258,265,140785,29189,36 years and older,Rural,Men,Uruguay,2019
91.5,26,13639,URY,28679,258,266,140785,29189,36 years and older,Rural,Women,Uruguay,2019
78.30000305175781,26,13639,URY,28679,258,146,140784,29189,Under 36 years old,Rural,Both sexes,Uruguay,2019
79.30000305175781,26,13639,URY,28679,258,265,140784,29189,Under 36 years old,Rural,Men,Uruguay,2019
77.0999984741211,26,13639,URY,28679,258,266,140784,29189,Under 36 years old,Rural,Women,Uruguay,2019
85.30000305175781,26,,URY,28679,258,146,140786,29189,Total,Rural,Both sexes,Uruguay,2019
85.80000305175781,26,13639,URY,28679,258,265,140786,29189,Total,Rural,Men,Uruguay,2019
84.69999694824219,26,13639,URY,28679,258,266,140786,29189,Total,Rural,Women,Uruguay,2019
91.80000305175781,26,13639,URY,28680,258,146,140785,29189,36 years and older,Urban,Both sexes,Uruguay,2019
91.19999694824219,26,13639,URY,28680,258,265,140785,29189,36 years and older,Urban,Men,Uruguay,2019
92.5,26,13639,URY,28680,258,266,140785,29189,36 years and older,Urban,Women,Uruguay,2019
75,26,13639,URY,28680,258,146,140784,29189,Under 36 years old,Urban,Both sexes,Uruguay,2019
74.0999984741211,26,13639,URY,28680,258,265,140784,29189,Under 36 years old,Urban,Men,Uruguay,2019
75.9000015258789,26,13639,URY,28680,258,266,140784,29189,Under 36 years old,Urban,Women,Uruguay,2019
82.5999984741211,26,,URY,28680,258,146,140786,29189,Total,Urban,Both sexes,Uruguay,2019
82.30000305175781,26,,URY,28680,258,265,140786,29189,Total,Urban,Men,Uruguay,2019
83,26,13639,URY,28680,258,266,140786,29189,Total,Urban,Women,Uruguay,2019
