value,source_id,notes_ids,iso3,dim_144,dim_208,dim_140773,dim_29117,Sex__ESTANDAR,Age.,Years__ESTANDAR,Country__ESTANDAR
2,26,,BOL,146,221,140785,29179,Both sexes,36 years and older,2009,Bolivia (Plurinational State of)
2.700000047683716,26,13639,BOL,265,221,140785,29179,Men,36 years and older,2009,Bolivia (Plurinational State of)
1.399999976158142,26,13639,BOL,266,221,140785,29179,Women,36 years and older,2009,Bolivia (Plurinational State of)
10.100000381469727,26,,BOL,146,221,140784,29179,Both sexes,Under 36 years old,2009,Bolivia (Plurinational State of)
11.699999809265137,26,13639,BOL,265,221,140784,29179,Men,Under 36 years old,2009,Bolivia (Plurinational State of)
8.5,26,13639,BOL,266,221,140784,29179,Women,Under 36 years old,2009,Bolivia (Plurinational State of)
7.099999904632568,26,,BOL,146,221,140786,29179,Both sexes,Total,2009,Bolivia (Plurinational State of)
8.399999618530273,26,,BOL,265,221,140786,29179,Men,Total,2009,Bolivia (Plurinational State of)
5.800000190734863,26,,BOL,266,221,140786,29179,Women,Total,2009,Bolivia (Plurinational State of)
3,26,,BOL,146,221,140785,29182,Both sexes,36 years and older,2012,Bolivia (Plurinational State of)
4.199999809265137,26,13639,BOL,265,221,140785,29182,Men,36 years and older,2012,Bolivia (Plurinational State of)
1.7999999523162842,26,13639,BOL,266,221,140785,29182,Women,36 years and older,2012,Bolivia (Plurinational State of)
14.399999618530273,26,,BOL,146,221,140784,29182,Both sexes,Under 36 years old,2012,Bolivia (Plurinational State of)
16.299999237060547,26,,BOL,265,221,140784,29182,Men,Under 36 years old,2012,Bolivia (Plurinational State of)
12.5,26,,BOL,266,221,140784,29182,Women,Under 36 years old,2012,Bolivia (Plurinational State of)
10,26,,BOL,146,221,140786,29182,Both sexes,Total,2012,Bolivia (Plurinational State of)
11.699999809265137,26,,BOL,265,221,140786,29182,Men,Total,2012,Bolivia (Plurinational State of)
8.300000190734863,26,,BOL,266,221,140786,29182,Women,Total,2012,Bolivia (Plurinational State of)
3,26,,BOL,146,221,140785,29183,Both sexes,36 years and older,2013,Bolivia (Plurinational State of)
4.099999904632568,26,13639,BOL,265,221,140785,29183,Men,36 years and older,2013,Bolivia (Plurinational State of)
2,26,13639,BOL,266,221,140785,29183,Women,36 years and older,2013,Bolivia (Plurinational State of)
17.100000381469727,26,,BOL,146,221,140784,29183,Both sexes,Under 36 years old,2013,Bolivia (Plurinational State of)
18.899999618530273,26,,BOL,265,221,140784,29183,Men,Under 36 years old,2013,Bolivia (Plurinational State of)
15.199999809265137,26,,BOL,266,221,140784,29183,Women,Under 36 years old,2013,Bolivia (Plurinational State of)
10.899999618530273,26,,BOL,146,221,140786,29183,Both sexes,Total,2013,Bolivia (Plurinational State of)
12.5,26,,BOL,265,221,140786,29183,Men,Total,2013,Bolivia (Plurinational State of)
9.399999618530273,26,,BOL,266,221,140786,29183,Women,Total,2013,Bolivia (Plurinational State of)
2.200000047683716,26,,BOL,146,221,140785,29184,Both sexes,36 years and older,2014,Bolivia (Plurinational State of)
3.200000047683716,26,13639,BOL,265,221,140785,29184,Men,36 years and older,2014,Bolivia (Plurinational State of)
1.2000000476837158,26,13639,BOL,266,221,140785,29184,Women,36 years and older,2014,Bolivia (Plurinational State of)
14.100000381469727,26,,BOL,146,221,140784,29184,Both sexes,Under 36 years old,2014,Bolivia (Plurinational State of)
15.399999618530273,26,,BOL,265,221,140784,29184,Men,Under 36 years old,2014,Bolivia (Plurinational State of)
12.699999809265137,26,,BOL,266,221,140784,29184,Women,Under 36 years old,2014,Bolivia (Plurinational State of)
9,26,,BOL,146,221,140786,29184,Both sexes,Total,2014,Bolivia (Plurinational State of)
10.300000190734863,26,,BOL,265,221,140786,29184,Men,Total,2014,Bolivia (Plurinational State of)
7.699999809265137,26,,BOL,266,221,140786,29184,Women,Total,2014,Bolivia (Plurinational State of)
3.700000047683716,26,,BOL,146,221,140785,29185,Both sexes,36 years and older,2015,Bolivia (Plurinational State of)
5.199999809265137,26,13639,BOL,265,221,140785,29185,Men,36 years and older,2015,Bolivia (Plurinational State of)
2.200000047683716,26,13639,BOL,266,221,140785,29185,Women,36 years and older,2015,Bolivia (Plurinational State of)
22.600000381469727,26,,BOL,146,221,140784,29185,Both sexes,Under 36 years old,2015,Bolivia (Plurinational State of)
24.799999237060547,26,,BOL,265,221,140784,29185,Men,Under 36 years old,2015,Bolivia (Plurinational State of)
20.299999237060547,26,,BOL,266,221,140784,29185,Women,Under 36 years old,2015,Bolivia (Plurinational State of)
14.5,26,,BOL,146,221,140786,29185,Both sexes,Total,2015,Bolivia (Plurinational State of)
16.5,26,,BOL,265,221,140786,29185,Men,Total,2015,Bolivia (Plurinational State of)
12.399999618530273,26,,BOL,266,221,140786,29185,Women,Total,2015,Bolivia (Plurinational State of)
3.700000047683716,26,,BOL,146,221,140785,29186,Both sexes,36 years and older,2016,Bolivia (Plurinational State of)
4.900000095367432,26,13639,BOL,265,221,140785,29186,Men,36 years and older,2016,Bolivia (Plurinational State of)
2.5,26,13639,BOL,266,221,140785,29186,Women,36 years and older,2016,Bolivia (Plurinational State of)
20.299999237060547,26,,BOL,146,221,140784,29186,Both sexes,Under 36 years old,2016,Bolivia (Plurinational State of)
23.899999618530273,26,,BOL,265,221,140784,29186,Men,Under 36 years old,2016,Bolivia (Plurinational State of)
16.700000762939453,26,,BOL,266,221,140784,29186,Women,Under 36 years old,2016,Bolivia (Plurinational State of)
13,26,,BOL,146,221,140786,29186,Both sexes,Total,2016,Bolivia (Plurinational State of)
15.600000381469727,26,,BOL,265,221,140786,29186,Men,Total,2016,Bolivia (Plurinational State of)
10.399999618530273,26,,BOL,266,221,140786,29186,Women,Total,2016,Bolivia (Plurinational State of)
5.199999809265137,26,,BOL,146,221,140785,29187,Both sexes,36 years and older,2017,Bolivia (Plurinational State of)
6.900000095367432,26,13639,BOL,265,221,140785,29187,Men,36 years and older,2017,Bolivia (Plurinational State of)
3.5,26,13639,BOL,266,221,140785,29187,Women,36 years and older,2017,Bolivia (Plurinational State of)
22.299999237060547,26,,BOL,146,221,140784,29187,Both sexes,Under 36 years old,2017,Bolivia (Plurinational State of)
24.700000762939453,26,,BOL,265,221,140784,29187,Men,Under 36 years old,2017,Bolivia (Plurinational State of)
19.799999237060547,26,,BOL,266,221,140784,29187,Women,Under 36 years old,2017,Bolivia (Plurinational State of)
14.199999809265137,26,,BOL,146,221,140786,29187,Both sexes,Total,2017,Bolivia (Plurinational State of)
16.399999618530273,26,,BOL,265,221,140786,29187,Men,Total,2017,Bolivia (Plurinational State of)
12,26,,BOL,266,221,140786,29187,Women,Total,2017,Bolivia (Plurinational State of)
8.399999618530273,26,,BOL,146,221,140785,29188,Both sexes,36 years and older,2018,Bolivia (Plurinational State of)
10.300000190734863,26,13639,BOL,265,221,140785,29188,Men,36 years and older,2018,Bolivia (Plurinational State of)
6.5,26,13639,BOL,266,221,140785,29188,Women,36 years and older,2018,Bolivia (Plurinational State of)
28.799999237060547,26,,BOL,146,221,140784,29188,Both sexes,Under 36 years old,2018,Bolivia (Plurinational State of)
33.900001525878906,26,,BOL,265,221,140784,29188,Men,Under 36 years old,2018,Bolivia (Plurinational State of)
23.5,26,,BOL,266,221,140784,29188,Women,Under 36 years old,2018,Bolivia (Plurinational State of)
19.100000381469727,26,,BOL,146,221,140786,29188,Both sexes,Total,2018,Bolivia (Plurinational State of)
22.799999237060547,26,,BOL,265,221,140786,29188,Men,Total,2018,Bolivia (Plurinational State of)
15.399999618530273,26,,BOL,266,221,140786,29188,Women,Total,2018,Bolivia (Plurinational State of)
12.399999618530273,26,,BOL,146,221,140785,29189,Both sexes,36 years and older,2019,Bolivia (Plurinational State of)
16.600000381469727,26,13639,BOL,265,221,140785,29189,Men,36 years and older,2019,Bolivia (Plurinational State of)
8.300000190734863,26,13639,BOL,266,221,140785,29189,Women,36 years and older,2019,Bolivia (Plurinational State of)
29.799999237060547,26,,BOL,146,221,140784,29189,Both sexes,Under 36 years old,2019,Bolivia (Plurinational State of)
32.70000076293945,26,,BOL,265,221,140784,29189,Men,Under 36 years old,2019,Bolivia (Plurinational State of)
26.799999237060547,26,,BOL,266,221,140784,29189,Women,Under 36 years old,2019,Bolivia (Plurinational State of)
22.200000762939453,26,,BOL,146,221,140786,29189,Both sexes,Total,2019,Bolivia (Plurinational State of)
25.799999237060547,26,,BOL,265,221,140786,29189,Men,Total,2019,Bolivia (Plurinational State of)
18.799999237060547,26,,BOL,266,221,140786,29189,Women,Total,2019,Bolivia (Plurinational State of)
17.299999237060547,26,,BOL,146,221,140785,29190,Both sexes,36 years and older,2020,Bolivia (Plurinational State of)
20.399999618530273,26,13639,BOL,265,221,140785,29190,Men,36 years and older,2020,Bolivia (Plurinational State of)
14.100000381469727,26,13639,BOL,266,221,140785,29190,Women,36 years and older,2020,Bolivia (Plurinational State of)
38.29999923706055,26,,BOL,146,221,140784,29190,Both sexes,Under 36 years old,2020,Bolivia (Plurinational State of)
40,26,,BOL,265,221,140784,29190,Men,Under 36 years old,2020,Bolivia (Plurinational State of)
36.5,26,,BOL,266,221,140784,29190,Women,Under 36 years old,2020,Bolivia (Plurinational State of)
27.899999618530273,26,,BOL,146,221,140786,29190,Both sexes,Total,2020,Bolivia (Plurinational State of)
30.399999618530273,26,,BOL,265,221,140786,29190,Men,Total,2020,Bolivia (Plurinational State of)
25.5,26,,BOL,266,221,140786,29190,Women,Total,2020,Bolivia (Plurinational State of)
27.5,26,,BOL,146,221,140785,29191,Both sexes,36 years and older,2021,Bolivia (Plurinational State of)
33.099998474121094,26,13639,BOL,265,221,140785,29191,Men,36 years and older,2021,Bolivia (Plurinational State of)
22.299999237060547,26,,BOL,266,221,140785,29191,Women,36 years and older,2021,Bolivia (Plurinational State of)
46.599998474121094,26,,BOL,146,221,140784,29191,Both sexes,Under 36 years old,2021,Bolivia (Plurinational State of)
48.70000076293945,26,,BOL,265,221,140784,29191,Men,Under 36 years old,2021,Bolivia (Plurinational State of)
44.5,26,,BOL,266,221,140784,29191,Women,Under 36 years old,2021,Bolivia (Plurinational State of)
38,26,,BOL,146,221,140786,29191,Both sexes,Total,2021,Bolivia (Plurinational State of)
41.79999923706055,26,,BOL,265,221,140786,29191,Men,Total,2021,Bolivia (Plurinational State of)
34.099998474121094,26,,BOL,266,221,140786,29191,Women,Total,2021,Bolivia (Plurinational State of)
36.29999923706055,26,,BOL,146,221,140785,29192,Both sexes,36 years and older,2022,Bolivia (Plurinational State of)
42,26,,BOL,265,221,140785,29192,Men,36 years and older,2022,Bolivia (Plurinational State of)
30.399999618530273,26,13639,BOL,266,221,140785,29192,Women,36 years and older,2022,Bolivia (Plurinational State of)
50.20000076293945,26,,BOL,146,221,140784,29192,Both sexes,Under 36 years old,2022,Bolivia (Plurinational State of)
52.400001525878906,26,,BOL,265,221,140784,29192,Men,Under 36 years old,2022,Bolivia (Plurinational State of)
48,26,,BOL,266,221,140784,29192,Women,Under 36 years old,2022,Bolivia (Plurinational State of)
44,26,,BOL,146,221,140786,29192,Both sexes,Total,2022,Bolivia (Plurinational State of)
47.79999923706055,26,,BOL,265,221,140786,29192,Men,Total,2022,Bolivia (Plurinational State of)
40.099998474121094,26,,BOL,266,221,140786,29192,Women,Total,2022,Bolivia (Plurinational State of)
41.29999923706055,26,,BOL,146,221,140785,29193,Both sexes,36 years and older,2023,Bolivia (Plurinational State of)
45.900001525878906,26,,BOL,265,221,140785,29193,Men,36 years and older,2023,Bolivia (Plurinational State of)
36.900001525878906,26,,BOL,266,221,140785,29193,Women,36 years and older,2023,Bolivia (Plurinational State of)
53.400001525878906,26,,BOL,146,221,140784,29193,Both sexes,Under 36 years old,2023,Bolivia (Plurinational State of)
54.099998474121094,26,,BOL,265,221,140784,29193,Men,Under 36 years old,2023,Bolivia (Plurinational State of)
52.70000076293945,26,,BOL,266,221,140784,29193,Women,Under 36 years old,2023,Bolivia (Plurinational State of)
47.70000076293945,26,,BOL,146,221,140786,29193,Both sexes,Total,2023,Bolivia (Plurinational State of)
50.29999923706055,26,,BOL,265,221,140786,29193,Men,Total,2023,Bolivia (Plurinational State of)
45.20000076293945,26,,BOL,266,221,140786,29193,Women,Total,2023,Bolivia (Plurinational State of)
1.2999999523162842,26,8608,BRA,146,222,140785,29175,Both sexes,36 years and older,2005,Brazil
1.399999976158142,26,8608,BRA,265,222,140785,29175,Men,36 years and older,2005,Brazil
1.2999999523162842,26,8608,BRA,266,222,140785,29175,Women,36 years and older,2005,Brazil
5,26,8608,BRA,146,222,140784,29175,Both sexes,Under 36 years old,2005,Brazil
4.300000190734863,26,8608,BRA,265,222,140784,29175,Men,Under 36 years old,2005,Brazil
5.800000190734863,26,8608,BRA,266,222,140784,29175,Women,Under 36 years old,2005,Brazil
3.4000000953674316,26,8608,BRA,146,222,140786,29175,Both sexes,Total,2005,Brazil
3.0999999046325684,26,8608,BRA,265,222,140786,29175,Men,Total,2005,Brazil
3.799999952316284,26,8608,BRA,266,222,140786,29175,Women,Total,2005,Brazil
3.0999999046325684,26,8608,BRA,146,222,140785,29178,Both sexes,36 years and older,2008,Brazil
3.0999999046325684,26,8608,BRA,265,222,140785,29178,Men,36 years and older,2008,Brazil
3,26,8608,BRA,266,222,140785,29178,Women,36 years and older,2008,Brazil
15.399999618530273,26,8608,BRA,146,222,140784,29178,Both sexes,Under 36 years old,2008,Brazil
14.100000381469727,26,8608,BRA,265,222,140784,29178,Men,Under 36 years old,2008,Brazil
16.700000762939453,26,8608,BRA,266,222,140784,29178,Women,Under 36 years old,2008,Brazil
9.800000190734863,26,8608,BRA,146,222,140786,29178,Both sexes,Total,2008,Brazil
9.100000381469727,26,8608,BRA,265,222,140786,29178,Men,Total,2008,Brazil
10.5,26,8608,BRA,266,222,140786,29178,Women,Total,2008,Brazil
4.400000095367432,26,8608,BRA,146,222,140785,29179,Both sexes,36 years and older,2009,Brazil
4.300000190734863,26,8608,BRA,265,222,140785,29179,Men,36 years and older,2009,Brazil
4.599999904632568,26,8608,BRA,266,222,140785,29179,Women,36 years and older,2009,Brazil
21.700000762939453,26,8608,BRA,146,222,140784,29179,Both sexes,Under 36 years old,2009,Brazil
20.399999618530273,26,8608,BRA,265,222,140784,29179,Men,Under 36 years old,2009,Brazil
23.200000762939453,26,8608,BRA,266,222,140784,29179,Women,Under 36 years old,2009,Brazil
13.600000381469727,26,8608,BRA,146,222,140786,29179,Both sexes,Total,2009,Brazil
12.899999618530273,26,8608,BRA,265,222,140786,29179,Men,Total,2009,Brazil
14.399999618530273,26,8608,BRA,266,222,140786,29179,Women,Total,2009,Brazil
4.800000190734863,26,8608,BRA,146,222,140785,29181,Both sexes,36 years and older,2011,Brazil
4.599999904632568,26,8608,BRA,265,222,140785,29181,Men,36 years and older,2011,Brazil
5,26,8608,BRA,266,222,140785,29181,Women,36 years and older,2011,Brazil
23.799999237060547,26,8608,BRA,146,222,140784,29181,Both sexes,Under 36 years old,2011,Brazil
21.600000381469727,26,8608,BRA,265,222,140784,29181,Men,Under 36 years old,2011,Brazil
26.100000381469727,26,8608,BRA,266,222,140784,29181,Women,Under 36 years old,2011,Brazil
14.600000381469727,26,8608,BRA,146,222,140786,29181,Both sexes,Total,2011,Brazil
13.300000190734863,26,8608,BRA,265,222,140786,29181,Men,Total,2011,Brazil
16,26,8608,BRA,266,222,140786,29181,Women,Total,2011,Brazil
5.900000095367432,26,8608,BRA,146,222,140785,29182,Both sexes,36 years and older,2012,Brazil
5.599999904632568,26,8608,BRA,265,222,140785,29182,Men,36 years and older,2012,Brazil
6.300000190734863,26,8608,BRA,266,222,140785,29182,Women,36 years and older,2012,Brazil
28,26,8608,BRA,146,222,140784,29182,Both sexes,Under 36 years old,2012,Brazil
26.399999618530273,26,8608,BRA,265,222,140784,29182,Men,Under 36 years old,2012,Brazil
29.799999237060547,26,8608,BRA,266,222,140784,29182,Women,Under 36 years old,2012,Brazil
17.200000762939453,26,8608,BRA,146,222,140786,29182,Both sexes,Total,2012,Brazil
16.100000381469727,26,8608,BRA,265,222,140786,29182,Men,Total,2012,Brazil
18.299999237060547,26,8608,BRA,266,222,140786,29182,Women,Total,2012,Brazil
6.900000095367432,26,8608,BRA,146,222,140785,29183,Both sexes,36 years and older,2013,Brazil
6.599999904632568,26,8608,BRA,265,222,140785,29183,Men,36 years and older,2013,Brazil
7.400000095367432,26,8608,BRA,266,222,140785,29183,Women,36 years and older,2013,Brazil
30.5,26,8608,BRA,146,222,140784,29183,Both sexes,Under 36 years old,2013,Brazil
28.399999618530273,26,8608,BRA,265,222,140784,29183,Men,Under 36 years old,2013,Brazil
32.79999923706055,26,8608,BRA,266,222,140784,29183,Women,Under 36 years old,2013,Brazil
18.600000381469727,26,8608,BRA,146,222,140786,29183,Both sexes,Total,2013,Brazil
17.299999237060547,26,8608,BRA,265,222,140786,29183,Men,Total,2013,Brazil
20,26,8608,BRA,266,222,140786,29183,Women,Total,2013,Brazil
8.600000381469727,26,8608,BRA,146,222,140785,29184,Both sexes,36 years and older,2014,Brazil
7.800000190734863,26,8608,BRA,265,222,140785,29184,Men,36 years and older,2014,Brazil
9.5,26,8608,BRA,266,222,140785,29184,Women,36 years and older,2014,Brazil
37.900001525878906,26,8608,BRA,146,222,140784,29184,Both sexes,Under 36 years old,2014,Brazil
35.70000076293945,26,8608,BRA,265,222,140784,29184,Men,Under 36 years old,2014,Brazil
40.400001525878906,26,8608,BRA,266,222,140784,29184,Women,Under 36 years old,2014,Brazil
22.899999618530273,26,8608,BRA,146,222,140786,29184,Both sexes,Total,2014,Brazil
21.299999237060547,26,8608,BRA,265,222,140786,29184,Men,Total,2014,Brazil
24.600000381469727,26,8608,BRA,266,222,140786,29184,Women,Total,2014,Brazil
9.899999618530273,26,8608,BRA,146,222,140785,29185,Both sexes,36 years and older,2015,Brazil
9.399999618530273,26,8608,BRA,265,222,140785,29185,Men,36 years and older,2015,Brazil
10.5,26,8608,BRA,266,222,140785,29185,Women,36 years and older,2015,Brazil
40.29999923706055,26,8608,BRA,146,222,140784,29185,Both sexes,Under 36 years old,2015,Brazil
37.900001525878906,26,8608,BRA,265,222,140784,29185,Men,Under 36 years old,2015,Brazil
42.900001525878906,26,8608,BRA,266,222,140784,29185,Women,Under 36 years old,2015,Brazil
24.5,26,8608,BRA,146,222,140786,29185,Both sexes,Total,2015,Brazil
23.100000381469727,26,8608,BRA,265,222,140786,29185,Men,Total,2015,Brazil
26.100000381469727,26,8608,BRA,266,222,140786,29185,Women,Total,2015,Brazil
0.8999999761581421,26,,CHL,146,224,140785,29170,Both sexes,36 years and older,2000,Chile
1.100000023841858,26,,CHL,265,224,140785,29170,Men,36 years and older,2000,Chile
0.800000011920929,26,,CHL,266,224,140785,29170,Women,36 years and older,2000,Chile
9.300000190734863,26,,CHL,146,224,140784,29170,Both sexes,Under 36 years old,2000,Chile
8.699999809265137,26,,CHL,265,224,140784,29170,Men,Under 36 years old,2000,Chile
10,26,,CHL,266,224,140784,29170,Women,Under 36 years old,2000,Chile
5.599999904632568,26,,CHL,146,224,140786,29170,Both sexes,Total,2000,Chile
5.300000190734863,26,,CHL,265,224,140786,29170,Men,Total,2000,Chile
6,26,,CHL,266,224,140786,29170,Women,Total,2000,Chile
1.899999976158142,26,,CHL,146,224,140785,29173,Both sexes,36 years and older,2003,Chile
2.0999999046325684,26,,CHL,265,224,140785,29173,Men,36 years and older,2003,Chile
1.7000000476837158,26,,CHL,266,224,140785,29173,Women,36 years and older,2003,Chile
16.899999618530273,26,,CHL,146,224,140784,29173,Both sexes,Under 36 years old,2003,Chile
16.5,26,,CHL,265,224,140784,29173,Men,Under 36 years old,2003,Chile
17.399999618530273,26,,CHL,266,224,140784,29173,Women,Under 36 years old,2003,Chile
10,26,,CHL,146,224,140786,29173,Both sexes,Total,2003,Chile
9.899999618530273,26,,CHL,265,224,140786,29173,Men,Total,2003,Chile
10.199999809265137,26,,CHL,266,224,140786,29173,Women,Total,2003,Chile
3.299999952316284,26,,CHL,146,224,140785,29176,Both sexes,36 years and older,2006,Chile
3.5999999046325684,26,,CHL,265,224,140785,29176,Men,36 years and older,2006,Chile
3.0999999046325684,26,,CHL,266,224,140785,29176,Women,36 years and older,2006,Chile
29.299999237060547,26,,CHL,146,224,140784,29176,Both sexes,Under 36 years old,2006,Chile
28.600000381469727,26,,CHL,265,224,140784,29176,Men,Under 36 years old,2006,Chile
30,26,,CHL,266,224,140784,29176,Women,Under 36 years old,2006,Chile
16.600000381469727,26,,CHL,146,224,140786,29176,Both sexes,Total,2006,Chile
16.200000762939453,26,,CHL,265,224,140786,29176,Men,Total,2006,Chile
17,26,,CHL,266,224,140786,29176,Women,Total,2006,Chile
6.099999904632568,26,,CHL,146,224,140785,29179,Both sexes,36 years and older,2009,Chile
6.699999809265137,26,,CHL,265,224,140785,29179,Men,36 years and older,2009,Chile
5.5,26,,CHL,266,224,140785,29179,Women,36 years and older,2009,Chile
31.100000381469727,26,,CHL,146,224,140784,29179,Both sexes,Under 36 years old,2009,Chile
30.700000762939453,26,,CHL,265,224,140784,29179,Men,Under 36 years old,2009,Chile
31.5,26,,CHL,266,224,140784,29179,Women,Under 36 years old,2009,Chile
18.600000381469727,26,,CHL,146,224,140786,29179,Both sexes,Total,2009,Chile
18.399999618530273,26,,CHL,265,224,140786,29179,Men,Total,2009,Chile
18.700000762939453,26,,CHL,266,224,140786,29179,Women,Total,2009,Chile
8.800000190734863,26,,CHL,146,224,140785,29181,Both sexes,36 years and older,2011,Chile
8.699999809265137,26,,CHL,265,224,140785,29181,Men,36 years and older,2011,Chile
8.800000190734863,26,,CHL,266,224,140785,29181,Women,36 years and older,2011,Chile
50.29999923706055,26,,CHL,146,224,140784,29181,Both sexes,Under 36 years old,2011,Chile
49.900001525878906,26,,CHL,265,224,140784,29181,Men,Under 36 years old,2011,Chile
50.599998474121094,26,,CHL,266,224,140784,29181,Women,Under 36 years old,2011,Chile
28.299999237060547,26,,CHL,146,224,140786,29181,Both sexes,Total,2011,Chile
27.799999237060547,26,,CHL,265,224,140786,29181,Men,Total,2011,Chile
28.899999618530273,26,,CHL,266,224,140786,29181,Women,Total,2011,Chile
12.199999809265137,26,,CHL,146,224,140785,29183,Both sexes,36 years and older,2013,Chile
12.100000381469727,26,,CHL,265,224,140785,29183,Men,36 years and older,2013,Chile
12.399999618530273,26,,CHL,266,224,140785,29183,Women,36 years and older,2013,Chile
59.400001525878906,26,,CHL,146,224,140784,29183,Both sexes,Under 36 years old,2013,Chile
58.5,26,,CHL,265,224,140784,29183,Men,Under 36 years old,2013,Chile
60.29999923706055,26,,CHL,266,224,140784,29183,Women,Under 36 years old,2013,Chile
33.70000076293945,26,,CHL,146,224,140786,29183,Both sexes,Total,2013,Chile
33.099998474121094,26,,CHL,265,224,140786,29183,Men,Total,2013,Chile
34.29999923706055,26,,CHL,266,224,140786,29183,Women,Total,2013,Chile
22.200000762939453,26,,CHL,146,224,140785,29185,Both sexes,36 years and older,2015,Chile
21.5,26,,CHL,265,224,140785,29185,Men,36 years and older,2015,Chile
22.899999618530273,26,,CHL,266,224,140785,29185,Women,36 years and older,2015,Chile
70.5,26,,CHL,146,224,140784,29185,Both sexes,Under 36 years old,2015,Chile
70.19999694824219,26,,CHL,265,224,140784,29185,Men,Under 36 years old,2015,Chile
70.9000015258789,26,,CHL,266,224,140784,29185,Women,Under 36 years old,2015,Chile
43.79999923706055,26,,CHL,146,224,140786,29185,Both sexes,Total,2015,Chile
42.900001525878906,26,,CHL,265,224,140786,29185,Men,Total,2015,Chile
44.70000076293945,26,,CHL,266,224,140786,29185,Women,Total,2015,Chile
33.900001525878906,26,,CHL,146,224,140785,29187,Both sexes,36 years and older,2017,Chile
33.099998474121094,26,,CHL,265,224,140785,29187,Men,36 years and older,2017,Chile
34.79999923706055,26,,CHL,266,224,140785,29187,Women,36 years and older,2017,Chile
75.80000305175781,26,,CHL,146,224,140784,29187,Both sexes,Under 36 years old,2017,Chile
75.5999984741211,26,,CHL,265,224,140784,29187,Men,Under 36 years old,2017,Chile
76.0999984741211,26,,CHL,266,224,140784,29187,Women,Under 36 years old,2017,Chile
52,26,,CHL,146,224,140786,29187,Both sexes,Total,2017,Chile
51.29999923706055,26,,CHL,265,224,140786,29187,Men,Total,2017,Chile
52.79999923706055,26,,CHL,266,224,140786,29187,Women,Total,2017,Chile
2.799999952316284,26,8611,COL,146,225,140785,29182,Both sexes,36 years and older,2012,Colombia
2.9000000953674316,26,8611,COL,265,225,140785,29182,Men,36 years and older,2012,Colombia
2.700000047683716,26,8611,COL,266,225,140785,29182,Women,36 years and older,2012,Colombia
31.5,26,8611,COL,146,225,140784,29182,Both sexes,Under 36 years old,2012,Colombia
31.100000381469727,26,8611,COL,265,225,140784,29182,Men,Under 36 years old,2012,Colombia
32,26,8611,COL,266,225,140784,29182,Women,Under 36 years old,2012,Colombia
20.100000381469727,26,8611,COL,146,225,140786,29182,Both sexes,Total,2012,Colombia
19.600000381469727,26,8611,COL,265,225,140786,29182,Men,Total,2012,Colombia
20.600000381469727,26,8611,COL,266,225,140786,29182,Women,Total,2012,Colombia
3.5999999046325684,26,8611,COL,146,225,140785,29183,Both sexes,36 years and older,2013,Colombia
4,26,8611,COL,265,225,140785,29183,Men,36 years and older,2013,Colombia
3.0999999046325684,26,8611,COL,266,225,140785,29183,Women,36 years and older,2013,Colombia
35.29999923706055,26,8611,COL,146,225,140784,29183,Both sexes,Under 36 years old,2013,Colombia
35.599998474121094,26,8611,COL,265,225,140784,29183,Men,Under 36 years old,2013,Colombia
34.900001525878906,26,8611,COL,266,225,140784,29183,Women,Under 36 years old,2013,Colombia
22.399999618530273,26,8611,COL,146,225,140786,29183,Both sexes,Total,2013,Colombia
22.5,26,8611,COL,265,225,140786,29183,Men,Total,2013,Colombia
22.299999237060547,26,8611,COL,266,225,140786,29183,Women,Total,2013,Colombia
3.799999952316284,26,8611,COL,146,225,140785,29184,Both sexes,36 years and older,2014,Colombia
3.9000000953674316,26,8611,COL,265,225,140785,29184,Men,36 years and older,2014,Colombia
3.700000047683716,26,8611,COL,266,225,140785,29184,Women,36 years and older,2014,Colombia
37.099998474121094,26,8611,COL,146,225,140784,29184,Both sexes,Under 36 years old,2014,Colombia
36.900001525878906,26,8611,COL,265,225,140784,29184,Men,Under 36 years old,2014,Colombia
37.29999923706055,26,8611,COL,266,225,140784,29184,Women,Under 36 years old,2014,Colombia
23.299999237060547,26,8611,COL,146,225,140786,29184,Both sexes,Total,2014,Colombia
22.899999618530273,26,8611,COL,265,225,140786,29184,Men,Total,2014,Colombia
23.700000762939453,26,8611,COL,266,225,140786,29184,Women,Total,2014,Colombia
6.199999809265137,26,8611,COL,146,225,140785,29185,Both sexes,36 years and older,2015,Colombia
6.199999809265137,26,8611,COL,265,225,140785,29185,Men,36 years and older,2015,Colombia
6.099999904632568,26,8611,COL,266,225,140785,29185,Women,36 years and older,2015,Colombia
42.70000076293945,26,8611,COL,146,225,140784,29185,Both sexes,Under 36 years old,2015,Colombia
43.29999923706055,26,8611,COL,265,225,140784,29185,Men,Under 36 years old,2015,Colombia
42.099998474121094,26,8611,COL,266,225,140784,29185,Women,Under 36 years old,2015,Colombia
27.5,26,8611,COL,146,225,140786,29185,Both sexes,Total,2015,Colombia
27.399999618530273,26,8611,COL,265,225,140786,29185,Men,Total,2015,Colombia
27.600000381469727,26,8611,COL,266,225,140786,29185,Women,Total,2015,Colombia
8.199999809265137,26,8611,COL,146,225,140785,29186,Both sexes,36 years and older,2016,Colombia
8,26,8611,COL,265,225,140785,29186,Men,36 years and older,2016,Colombia
8.399999618530273,26,8611,COL,266,225,140785,29186,Women,36 years and older,2016,Colombia
43.599998474121094,26,8611,COL,146,225,140784,29186,Both sexes,Under 36 years old,2016,Colombia
44.400001525878906,26,8611,COL,265,225,140784,29186,Men,Under 36 years old,2016,Colombia
42.599998474121094,26,8611,COL,266,225,140784,29186,Women,Under 36 years old,2016,Colombia
28.700000762939453,26,8611,COL,146,225,140786,29186,Both sexes,Total,2016,Colombia
28.600000381469727,26,8611,COL,265,225,140786,29186,Men,Total,2016,Colombia
28.799999237060547,26,8611,COL,266,225,140786,29186,Women,Total,2016,Colombia
17.5,26,8611,COL,146,225,140785,29188,Both sexes,36 years and older,2018,Colombia
17.100000381469727,26,8611,COL,265,225,140785,29188,Men,36 years and older,2018,Colombia
18,26,8611,COL,266,225,140785,29188,Women,36 years and older,2018,Colombia
48.599998474121094,26,8611,COL,146,225,140784,29188,Both sexes,Under 36 years old,2018,Colombia
48.20000076293945,26,8611,COL,265,225,140784,29188,Men,Under 36 years old,2018,Colombia
49,26,8611,COL,266,225,140784,29188,Women,Under 36 years old,2018,Colombia
35.79999923706055,26,8611,COL,146,225,140786,29188,Both sexes,Total,2018,Colombia
35.20000076293945,26,8611,COL,265,225,140786,29188,Men,Total,2018,Colombia
36.599998474121094,26,8611,COL,266,225,140786,29188,Women,Total,2018,Colombia
21.399999618530273,26,8611,COL,146,225,140785,29189,Both sexes,36 years and older,2019,Colombia
20.799999237060547,26,8611,COL,265,225,140785,29189,Men,36 years and older,2019,Colombia
22.200000762939453,26,8611,COL,266,225,140785,29189,Women,36 years and older,2019,Colombia
50.70000076293945,26,8611,COL,146,225,140784,29189,Both sexes,Under 36 years old,2019,Colombia
50.20000076293945,26,8611,COL,265,225,140784,29189,Men,Under 36 years old,2019,Colombia
51.29999923706055,26,8611,COL,266,225,140784,29189,Women,Under 36 years old,2019,Colombia
37.79999923706055,26,8611,COL,146,225,140786,29189,Both sexes,Total,2019,Colombia
36.900001525878906,26,8611,COL,265,225,140786,29189,Men,Total,2019,Colombia
38.70000076293945,26,8611,COL,266,225,140786,29189,Women,Total,2019,Colombia
28.200000762939453,26,8611,COL,146,225,140785,29190,Both sexes,36 years and older,2020,Colombia
26.899999618530273,26,8611,COL,265,225,140785,29190,Men,36 years and older,2020,Colombia
29.600000381469727,26,8611,COL,266,225,140785,29190,Women,36 years and older,2020,Colombia
54.599998474121094,26,8611,COL,146,225,140784,29190,Both sexes,Under 36 years old,2020,Colombia
53.400001525878906,26,8611,COL,265,225,140784,29190,Men,Under 36 years old,2020,Colombia
55.900001525878906,26,8611,COL,266,225,140784,29190,Women,Under 36 years old,2020,Colombia
43.099998474121094,26,8611,COL,146,225,140786,29190,Both sexes,Total,2020,Colombia
41.70000076293945,26,8611,COL,265,225,140786,29190,Men,Total,2020,Colombia
44.599998474121094,26,8611,COL,266,225,140786,29190,Women,Total,2020,Colombia
34.20000076293945,26,8611,COL,146,225,140785,29191,Both sexes,36 years and older,2021,Colombia
32.70000076293945,26,8611,COL,265,225,140785,29191,Men,36 years and older,2021,Colombia
35.79999923706055,26,8611,COL,266,225,140785,29191,Women,36 years and older,2021,Colombia
63.29999923706055,26,8611,COL,146,225,140784,29191,Both sexes,Under 36 years old,2021,Colombia
63,26,8611,COL,265,225,140784,29191,Men,Under 36 years old,2021,Colombia
63.599998474121094,26,8611,COL,266,225,140784,29191,Women,Under 36 years old,2021,Colombia
50.5,26,8611,COL,146,225,140786,29191,Both sexes,Total,2021,Colombia
49.5,26,8611,COL,265,225,140786,29191,Men,Total,2021,Colombia
51.599998474121094,26,8611,COL,266,225,140786,29191,Women,Total,2021,Colombia
38.599998474121094,26,16004,COL,146,225,140785,29192,Both sexes,36 years and older,2022,Colombia
36.79999923706055,26,16004,COL,265,225,140785,29192,Men,36 years and older,2022,Colombia
40.70000076293945,26,16004,COL,266,225,140785,29192,Women,36 years and older,2022,Colombia
63.70000076293945,26,16004,COL,146,225,140784,29192,Both sexes,Under 36 years old,2022,Colombia
62.900001525878906,26,16004,COL,265,225,140784,29192,Men,Under 36 years old,2022,Colombia
64.4000015258789,26,16004,COL,266,225,140784,29192,Women,Under 36 years old,2022,Colombia
52.599998474121094,26,16004,COL,146,225,140786,29192,Both sexes,Total,2022,Colombia
51.20000076293945,26,16004,COL,265,225,140786,29192,Men,Total,2022,Colombia
54,26,16004,COL,266,225,140786,29192,Women,Total,2022,Colombia
18.299999237060547,26,8613,CRI,146,226,140785,29182,Both sexes,36 years and older,2012,Costa Rica
19.600000381469727,26,8613,CRI,265,226,140785,29182,Men,36 years and older,2012,Costa Rica
17,26,8613,CRI,266,226,140785,29182,Women,36 years and older,2012,Costa Rica
47.29999923706055,26,8613,CRI,146,226,140784,29182,Both sexes,Under 36 years old,2012,Costa Rica
46.79999923706055,26,8613,CRI,265,226,140784,29182,Men,Under 36 years old,2012,Costa Rica
47.79999923706055,26,8613,CRI,266,226,140784,29182,Women,Under 36 years old,2012,Costa Rica
35.099998474121094,26,8613,CRI,146,226,140786,29182,Both sexes,Total,2012,Costa Rica
35.5,26,8613,CRI,265,226,140786,29182,Men,Total,2012,Costa Rica
34.70000076293945,26,8613,CRI,266,226,140786,29182,Women,Total,2012,Costa Rica
27.299999237060547,26,8613,CRI,146,226,140785,29185,Both sexes,36 years and older,2015,Costa Rica
26.299999237060547,26,8613,CRI,265,226,140785,29185,Men,36 years and older,2015,Costa Rica
28.299999237060547,26,8613,CRI,266,226,140785,29185,Women,36 years and older,2015,Costa Rica
58.900001525878906,26,8613,CRI,146,226,140784,29185,Both sexes,Under 36 years old,2015,Costa Rica
58.5,26,8613,CRI,265,226,140784,29185,Men,Under 36 years old,2015,Costa Rica
59.400001525878906,26,8613,CRI,266,226,140784,29185,Women,Under 36 years old,2015,Costa Rica
45,26,8613,CRI,146,226,140786,29185,Both sexes,Total,2015,Costa Rica
44.20000076293945,26,8613,CRI,265,226,140786,29185,Men,Total,2015,Costa Rica
45.79999923706055,26,8613,CRI,266,226,140786,29185,Women,Total,2015,Costa Rica
36.70000076293945,26,8613,CRI,146,226,140785,29186,Both sexes,36 years and older,2016,Costa Rica
34.79999923706055,26,8613,CRI,265,226,140785,29186,Men,36 years and older,2016,Costa Rica
38.70000076293945,26,8613,CRI,266,226,140785,29186,Women,36 years and older,2016,Costa Rica
64.19999694824219,26,8613,CRI,146,226,140784,29186,Both sexes,Under 36 years old,2016,Costa Rica
63.20000076293945,26,8613,CRI,265,226,140784,29186,Men,Under 36 years old,2016,Costa Rica
65.19999694824219,26,8613,CRI,266,226,140784,29186,Women,Under 36 years old,2016,Costa Rica
52,26,8613,CRI,146,226,140786,29186,Both sexes,Total,2016,Costa Rica
50.400001525878906,26,8613,CRI,265,226,140786,29186,Men,Total,2016,Costa Rica
53.599998474121094,26,8613,CRI,266,226,140786,29186,Women,Total,2016,Costa Rica
44.29999923706055,26,8613,CRI,146,226,140785,29187,Both sexes,36 years and older,2017,Costa Rica
42.5,26,8613,CRI,265,226,140785,29187,Men,36 years and older,2017,Costa Rica
46.20000076293945,26,8613,CRI,266,226,140785,29187,Women,36 years and older,2017,Costa Rica
72.30000305175781,26,8613,CRI,146,226,140784,29187,Both sexes,Under 36 years old,2017,Costa Rica
71,26,8613,CRI,265,226,140784,29187,Men,Under 36 years old,2017,Costa Rica
73.69999694824219,26,8613,CRI,266,226,140784,29187,Women,Under 36 years old,2017,Costa Rica
59.400001525878906,26,8613,CRI,146,226,140786,29187,Both sexes,Total,2017,Costa Rica
57.79999923706055,26,8613,CRI,265,226,140786,29187,Men,Total,2017,Costa Rica
61,26,8613,CRI,266,226,140786,29187,Women,Total,2017,Costa Rica
49.099998474121094,26,8613,CRI,146,226,140785,29188,Both sexes,36 years and older,2018,Costa Rica
47.20000076293945,26,8613,CRI,265,226,140785,29188,Men,36 years and older,2018,Costa Rica
51,26,8613,CRI,266,226,140785,29188,Women,36 years and older,2018,Costa Rica
71.5,26,8613,CRI,146,226,140784,29188,Both sexes,Under 36 years old,2018,Costa Rica
69.19999694824219,26,8613,CRI,265,226,140784,29188,Men,Under 36 years old,2018,Costa Rica
73.9000015258789,26,8613,CRI,266,226,140784,29188,Women,Under 36 years old,2018,Costa Rica
61.099998474121094,26,8613,CRI,146,226,140786,29188,Both sexes,Total,2018,Costa Rica
59,26,8613,CRI,265,226,140786,29188,Men,Total,2018,Costa Rica
63.20000076293945,26,8613,CRI,266,226,140786,29188,Women,Total,2018,Costa Rica
63.20000076293945,26,8613,CRI,146,226,140785,29189,Both sexes,36 years and older,2019,Costa Rica
59.900001525878906,26,8613,CRI,265,226,140785,29189,Men,36 years and older,2019,Costa Rica
66.5,26,8613,CRI,266,226,140785,29189,Women,36 years and older,2019,Costa Rica
81.19999694824219,26,8613,CRI,146,226,140784,29189,Both sexes,Under 36 years old,2019,Costa Rica
79.5999984741211,26,8613,CRI,265,226,140784,29189,Men,Under 36 years old,2019,Costa Rica
82.80000305175781,26,8613,CRI,266,226,140784,29189,Women,Under 36 years old,2019,Costa Rica
72.69999694824219,26,8613,CRI,146,226,140786,29189,Both sexes,Total,2019,Costa Rica
70.30000305175781,26,8613,CRI,265,226,140786,29189,Men,Total,2019,Costa Rica
75.0999984741211,26,8613,CRI,266,226,140786,29189,Women,Total,2019,Costa Rica
64,26,8613,CRI,146,226,140785,29190,Both sexes,36 years and older,2020,Costa Rica
62.5,26,8613,CRI,265,226,140785,29190,Men,36 years and older,2020,Costa Rica
65.30000305175781,26,8613,CRI,266,226,140785,29190,Women,36 years and older,2020,Costa Rica
82.9000015258789,26,8613,CRI,146,226,140784,29190,Both sexes,Under 36 years old,2020,Costa Rica
81.80000305175781,26,8613,CRI,265,226,140784,29190,Men,Under 36 years old,2020,Costa Rica
84,26,8613,CRI,266,226,140784,29190,Women,Under 36 years old,2020,Costa Rica
73.69999694824219,26,8613,CRI,146,226,140786,29190,Both sexes,Total,2020,Costa Rica
72.5,26,8613,CRI,265,226,140786,29190,Men,Total,2020,Costa Rica
74.9000015258789,26,8613,CRI,266,226,140786,29190,Women,Total,2020,Costa Rica
66.4000015258789,26,8613,CRI,146,226,140785,29191,Both sexes,36 years and older,2021,Costa Rica
64.5999984741211,26,8613,CRI,265,226,140785,29191,Men,36 years and older,2021,Costa Rica
68.19999694824219,26,8613,CRI,266,226,140785,29191,Women,36 years and older,2021,Costa Rica
83.69999694824219,26,8613,CRI,146,226,140784,29191,Both sexes,Under 36 years old,2021,Costa Rica
83.9000015258789,26,8613,CRI,265,226,140784,29191,Men,Under 36 years old,2021,Costa Rica
83.4000015258789,26,8613,CRI,266,226,140784,29191,Women,Under 36 years old,2021,Costa Rica
75,26,8613,CRI,146,226,140786,29191,Both sexes,Total,2021,Costa Rica
74.30000305175781,26,8613,CRI,265,226,140786,29191,Men,Total,2021,Costa Rica
75.80000305175781,26,8613,CRI,266,226,140786,29191,Women,Total,2021,Costa Rica
70.80000305175781,26,8613,CRI,146,226,140785,29192,Both sexes,36 years and older,2022,Costa Rica
69.19999694824219,26,8613,CRI,265,226,140785,29192,Men,36 years and older,2022,Costa Rica
72.30000305175781,26,8613,CRI,266,226,140785,29192,Women,36 years and older,2022,Costa Rica
82.4000015258789,26,8613,CRI,146,226,140784,29192,Both sexes,Under 36 years old,2022,Costa Rica
81.69999694824219,26,8613,CRI,265,226,140784,29192,Men,Under 36 years old,2022,Costa Rica
83,26,8613,CRI,266,226,140784,29192,Women,Under 36 years old,2022,Costa Rica
76.4000015258789,26,8613,CRI,146,226,140786,29192,Both sexes,Total,2022,Costa Rica
75.4000015258789,26,8613,CRI,265,226,140786,29192,Men,Total,2022,Costa Rica
77.30000305175781,26,8613,CRI,266,226,140786,29192,Women,Total,2022,Costa Rica
77.69999694824219,26,8613,CRI,146,226,140785,29193,Both sexes,36 years and older,2023,Costa Rica
75.5999984741211,26,8613,CRI,265,226,140785,29193,Men,36 years and older,2023,Costa Rica
79.69999694824219,26,8613,CRI,266,226,140785,29193,Women,36 years and older,2023,Costa Rica
81.80000305175781,26,8613,CRI,146,226,140784,29193,Both sexes,Under 36 years old,2023,Costa Rica
81.0999984741211,26,8613,CRI,265,226,140784,29193,Men,Under 36 years old,2023,Costa Rica
82.5999984741211,26,8613,CRI,266,226,140784,29193,Women,Under 36 years old,2023,Costa Rica
79.69999694824219,26,8613,CRI,146,226,140786,29193,Both sexes,Total,2023,Costa Rica
78.30000305175781,26,8613,CRI,265,226,140786,29193,Men,Total,2023,Costa Rica
81,26,8613,CRI,266,226,140786,29193,Women,Total,2023,Costa Rica
81.5,26,8613,CRI,146,226,140785,29194,Both sexes,36 years and older,2024,Costa Rica
80.0999984741211,26,8613,CRI,265,226,140785,29194,Men,36 years and older,2024,Costa Rica
82.80000305175781,26,8613,CRI,266,226,140785,29194,Women,36 years and older,2024,Costa Rica
87.19999694824219,26,8613,CRI,146,226,140784,29194,Both sexes,Under 36 years old,2024,Costa Rica
87.30000305175781,26,8613,CRI,265,226,140784,29194,Men,Under 36 years old,2024,Costa Rica
87.0999984741211,26,8613,CRI,266,226,140784,29194,Women,Under 36 years old,2024,Costa Rica
84.19999694824219,26,8613,CRI,146,226,140786,29194,Both sexes,Total,2024,Costa Rica
83.5,26,8613,CRI,265,226,140786,29194,Men,Total,2024,Costa Rica
84.80000305175781,26,8613,CRI,266,226,140786,29194,Women,Total,2024,Costa Rica
1.600000023841858,26,,ECU,146,229,140785,29179,Both sexes,36 years and older,2009,Ecuador
1.899999976158142,26,,ECU,265,229,140785,29179,Men,36 years and older,2009,Ecuador
1.399999976158142,26,,ECU,266,229,140785,29179,Women,36 years and older,2009,Ecuador
14.300000190734863,26,,ECU,146,229,140784,29179,Both sexes,Under 36 years old,2009,Ecuador
14,26,,ECU,265,229,140784,29179,Men,Under 36 years old,2009,Ecuador
14.600000381469727,26,,ECU,266,229,140784,29179,Women,Under 36 years old,2009,Ecuador
9.100000381469727,26,,ECU,146,229,140786,29179,Both sexes,Total,2009,Ecuador
9.100000381469727,26,,ECU,265,229,140786,29179,Men,Total,2009,Ecuador
9,26,,ECU,266,229,140786,29179,Women,Total,2009,Ecuador
1.7999999523162842,26,,ECU,146,229,140785,29180,Both sexes,36 years and older,2010,Ecuador
2,26,,ECU,265,229,140785,29180,Men,36 years and older,2010,Ecuador
1.600000023841858,26,,ECU,266,229,140785,29180,Women,36 years and older,2010,Ecuador
19.5,26,,ECU,146,229,140784,29180,Both sexes,Under 36 years old,2010,Ecuador
19.100000381469727,26,,ECU,265,229,140784,29180,Men,Under 36 years old,2010,Ecuador
19.799999237060547,26,,ECU,266,229,140784,29180,Women,Under 36 years old,2010,Ecuador
12,26,,ECU,146,229,140786,29180,Both sexes,Total,2010,Ecuador
12.100000381469727,26,,ECU,265,229,140786,29180,Men,Total,2010,Ecuador
11.899999618530273,26,,ECU,266,229,140786,29180,Women,Total,2010,Ecuador
6.199999809265137,26,,ECU,146,229,140785,29183,Both sexes,36 years and older,2013,Ecuador
6.800000190734863,26,,ECU,265,229,140785,29183,Men,36 years and older,2013,Ecuador
5.5,26,,ECU,266,229,140785,29183,Women,36 years and older,2013,Ecuador
38.400001525878906,26,,ECU,146,229,140784,29183,Both sexes,Under 36 years old,2013,Ecuador
39.5,26,,ECU,265,229,140784,29183,Men,Under 36 years old,2013,Ecuador
37.20000076293945,26,,ECU,266,229,140784,29183,Women,Under 36 years old,2013,Ecuador
25.299999237060547,26,,ECU,146,229,140786,29183,Both sexes,Total,2013,Ecuador
26.5,26,,ECU,265,229,140786,29183,Men,Total,2013,Ecuador
24.100000381469727,26,,ECU,266,229,140786,29183,Women,Total,2013,Ecuador
11.5,26,,ECU,146,229,140785,29185,Both sexes,36 years and older,2015,Ecuador
13.199999809265137,26,,ECU,265,229,140785,29185,Men,36 years and older,2015,Ecuador
9.800000190734863,26,,ECU,266,229,140785,29185,Women,36 years and older,2015,Ecuador
46.79999923706055,26,,ECU,146,229,140784,29185,Both sexes,Under 36 years old,2015,Ecuador
48,26,,ECU,265,229,140784,29185,Men,Under 36 years old,2015,Ecuador
45.5,26,,ECU,266,229,140784,29185,Women,Under 36 years old,2015,Ecuador
33.79999923706055,26,,ECU,146,229,140786,29185,Both sexes,Total,2015,Ecuador
35.29999923706055,26,,ECU,265,229,140786,29185,Men,Total,2015,Ecuador
32.29999923706055,26,,ECU,266,229,140786,29185,Women,Total,2015,Ecuador
14.399999618530273,26,,ECU,146,229,140785,29186,Both sexes,36 years and older,2016,Ecuador
16,26,,ECU,265,229,140785,29186,Men,36 years and older,2016,Ecuador
12.699999809265137,26,,ECU,266,229,140785,29186,Women,36 years and older,2016,Ecuador
52.099998474121094,26,,ECU,146,229,140784,29186,Both sexes,Under 36 years old,2016,Ecuador
53.5,26,,ECU,265,229,140784,29186,Men,Under 36 years old,2016,Ecuador
50.599998474121094,26,,ECU,266,229,140784,29186,Women,Under 36 years old,2016,Ecuador
38,26,,ECU,146,229,140786,29186,Both sexes,Total,2016,Ecuador
39.70000076293945,26,,ECU,265,229,140786,29186,Men,Total,2016,Ecuador
36.400001525878906,26,,ECU,266,229,140786,29186,Women,Total,2016,Ecuador
16.600000381469727,26,,ECU,146,229,140785,29187,Both sexes,36 years and older,2017,Ecuador
17.899999618530273,26,,ECU,265,229,140785,29187,Men,36 years and older,2017,Ecuador
15.300000190734863,26,,ECU,266,229,140785,29187,Women,36 years and older,2017,Ecuador
54,26,,ECU,146,229,140784,29187,Both sexes,Under 36 years old,2017,Ecuador
55.29999923706055,26,,ECU,265,229,140784,29187,Men,Under 36 years old,2017,Ecuador
52.599998474121094,26,,ECU,266,229,140784,29187,Women,Under 36 years old,2017,Ecuador
39.599998474121094,26,,ECU,146,229,140786,29187,Both sexes,Total,2017,Ecuador
41.099998474121094,26,,ECU,265,229,140786,29187,Men,Total,2017,Ecuador
38.099998474121094,26,,ECU,266,229,140786,29187,Women,Total,2017,Ecuador
0.10000000149011612,26,,SLV,146,230,140785,29176,Both sexes,36 years and older,2006,El Salvador
0.10000000149011612,26,,SLV,265,230,140785,29176,Men,36 years and older,2006,El Salvador
0.10000000149011612,26,,SLV,266,230,140785,29176,Women,36 years and older,2006,El Salvador
1.600000023841858,26,,SLV,146,230,140784,29176,Both sexes,Under 36 years old,2006,El Salvador
1.5,26,,SLV,265,230,140784,29176,Men,Under 36 years old,2006,El Salvador
1.600000023841858,26,,SLV,266,230,140784,29176,Women,Under 36 years old,2006,El Salvador
1,26,,SLV,146,230,140786,29176,Both sexes,Total,2006,El Salvador
1,26,,SLV,265,230,140786,29176,Men,Total,2006,El Salvador
1.100000023841858,26,,SLV,266,230,140786,29176,Women,Total,2006,El Salvador
0.10000000149011612,26,,SLV,146,230,140785,29177,Both sexes,36 years and older,2007,El Salvador
0.10000000149011612,26,,SLV,265,230,140785,29177,Men,36 years and older,2007,El Salvador
0.10000000149011612,26,,SLV,266,230,140785,29177,Women,36 years and older,2007,El Salvador
1.899999976158142,26,,SLV,146,230,140784,29177,Both sexes,Under 36 years old,2007,El Salvador
1.7999999523162842,26,,SLV,265,230,140784,29177,Men,Under 36 years old,2007,El Salvador
2,26,,SLV,266,230,140784,29177,Women,Under 36 years old,2007,El Salvador
1.2999999523162842,26,,SLV,146,230,140786,29177,Both sexes,Total,2007,El Salvador
1.2000000476837158,26,,SLV,265,230,140786,29177,Men,Total,2007,El Salvador
1.2999999523162842,26,,SLV,266,230,140786,29177,Women,Total,2007,El Salvador
0.4000000059604645,26,,SLV,146,230,140785,29179,Both sexes,36 years and older,2009,El Salvador
0.5,26,,SLV,265,230,140785,29179,Men,36 years and older,2009,El Salvador
0.30000001192092896,26,,SLV,266,230,140785,29179,Women,36 years and older,2009,El Salvador
4.699999809265137,26,,SLV,146,230,140784,29179,Both sexes,Under 36 years old,2009,El Salvador
4.300000190734863,26,,SLV,265,230,140784,29179,Men,Under 36 years old,2009,El Salvador
5.099999904632568,26,,SLV,266,230,140784,29179,Women,Under 36 years old,2009,El Salvador
3.0999999046325684,26,,SLV,146,230,140786,29179,Both sexes,Total,2009,El Salvador
3,26,,SLV,265,230,140786,29179,Men,Total,2009,El Salvador
3.299999952316284,26,,SLV,266,230,140786,29179,Women,Total,2009,El Salvador
0.6000000238418579,26,,SLV,146,230,140785,29180,Both sexes,36 years and older,2010,El Salvador
0.699999988079071,26,,SLV,265,230,140785,29180,Men,36 years and older,2010,El Salvador
0.4000000059604645,26,,SLV,266,230,140785,29180,Women,36 years and older,2010,El Salvador
6.400000095367432,26,,SLV,146,230,140784,29180,Both sexes,Under 36 years old,2010,El Salvador
6.699999809265137,26,,SLV,265,230,140784,29180,Men,Under 36 years old,2010,El Salvador
6.099999904632568,26,,SLV,266,230,140784,29180,Women,Under 36 years old,2010,El Salvador
4.199999809265137,26,,SLV,146,230,140786,29180,Both sexes,Total,2010,El Salvador
4.599999904632568,26,,SLV,265,230,140786,29180,Men,Total,2010,El Salvador
3.9000000953674316,26,,SLV,266,230,140786,29180,Women,Total,2010,El Salvador
1.100000023841858,26,,SLV,146,230,140785,29182,Both sexes,36 years and older,2012,El Salvador
1.399999976158142,26,,SLV,265,230,140785,29182,Men,36 years and older,2012,El Salvador
0.800000011920929,26,,SLV,266,230,140785,29182,Women,36 years and older,2012,El Salvador
11.199999809265137,26,,SLV,146,230,140784,29182,Both sexes,Under 36 years old,2012,El Salvador
11.899999618530273,26,,SLV,265,230,140784,29182,Men,Under 36 years old,2012,El Salvador
10.600000381469727,26,,SLV,266,230,140784,29182,Women,Under 36 years old,2012,El Salvador
7.300000190734863,26,,SLV,146,230,140786,29182,Both sexes,Total,2012,El Salvador
8,26,,SLV,265,230,140786,29182,Men,Total,2012,El Salvador
6.699999809265137,26,,SLV,266,230,140786,29182,Women,Total,2012,El Salvador
1.2000000476837158,26,,SLV,146,230,140785,29183,Both sexes,36 years and older,2013,El Salvador
1.600000023841858,26,,SLV,265,230,140785,29183,Men,36 years and older,2013,El Salvador
0.8999999761581421,26,,SLV,266,230,140785,29183,Women,36 years and older,2013,El Salvador
13.699999809265137,26,,SLV,146,230,140784,29183,Both sexes,Under 36 years old,2013,El Salvador
14.600000381469727,26,,SLV,265,230,140784,29183,Men,Under 36 years old,2013,El Salvador
12.800000190734863,26,,SLV,266,230,140784,29183,Women,Under 36 years old,2013,El Salvador
8.800000190734863,26,,SLV,146,230,140786,29183,Both sexes,Total,2013,El Salvador
9.699999809265137,26,,SLV,265,230,140786,29183,Men,Total,2013,El Salvador
8,26,,SLV,266,230,140786,29183,Women,Total,2013,El Salvador
1.7000000476837158,26,,SLV,146,230,140785,29184,Both sexes,36 years and older,2014,El Salvador
2.0999999046325684,26,,SLV,265,230,140785,29184,Men,36 years and older,2014,El Salvador
1.399999976158142,26,,SLV,266,230,140785,29184,Women,36 years and older,2014,El Salvador
16,26,,SLV,146,230,140784,29184,Both sexes,Under 36 years old,2014,El Salvador
16.399999618530273,26,,SLV,265,230,140784,29184,Men,Under 36 years old,2014,El Salvador
15.699999809265137,26,,SLV,266,230,140784,29184,Women,Under 36 years old,2014,El Salvador
10.300000190734863,26,,SLV,146,230,140786,29184,Both sexes,Total,2014,El Salvador
10.899999618530273,26,,SLV,265,230,140786,29184,Men,Total,2014,El Salvador
9.800000190734863,26,,SLV,266,230,140786,29184,Women,Total,2014,El Salvador
2.200000047683716,26,,SLV,146,230,140785,29185,Both sexes,36 years and older,2015,El Salvador
2.5999999046325684,26,,SLV,265,230,140785,29185,Men,36 years and older,2015,El Salvador
1.7999999523162842,26,,SLV,266,230,140785,29185,Women,36 years and older,2015,El Salvador
20.100000381469727,26,,SLV,146,230,140784,29185,Both sexes,Under 36 years old,2015,El Salvador
20,26,,SLV,265,230,140784,29185,Men,Under 36 years old,2015,El Salvador
20.299999237060547,26,,SLV,266,230,140784,29185,Women,Under 36 years old,2015,El Salvador
12.800000190734863,26,,SLV,146,230,140786,29185,Both sexes,Total,2015,El Salvador
13.100000381469727,26,,SLV,265,230,140786,29185,Men,Total,2015,El Salvador
12.5,26,,SLV,266,230,140786,29185,Women,Total,2015,El Salvador
3.200000047683716,26,,SLV,146,230,140785,29186,Both sexes,36 years and older,2016,El Salvador
3.299999952316284,26,,SLV,265,230,140785,29186,Men,36 years and older,2016,El Salvador
3.200000047683716,26,,SLV,266,230,140785,29186,Women,36 years and older,2016,El Salvador
21.399999618530273,26,,SLV,146,230,140784,29186,Both sexes,Under 36 years old,2016,El Salvador
21.799999237060547,26,,SLV,265,230,140784,29186,Men,Under 36 years old,2016,El Salvador
21.100000381469727,26,,SLV,266,230,140784,29186,Women,Under 36 years old,2016,El Salvador
13.899999618530273,26,,SLV,146,230,140786,29186,Both sexes,Total,2016,El Salvador
14.300000190734863,26,,SLV,265,230,140786,29186,Men,Total,2016,El Salvador
13.399999618530273,26,,SLV,266,230,140786,29186,Women,Total,2016,El Salvador
6.099999904632568,26,,SLV,146,230,140785,29187,Both sexes,36 years and older,2017,El Salvador
6.599999904632568,26,,SLV,265,230,140785,29187,Men,36 years and older,2017,El Salvador
5.599999904632568,26,,SLV,266,230,140785,29187,Women,36 years and older,2017,El Salvador
31.299999237060547,26,,SLV,146,230,140784,29187,Both sexes,Under 36 years old,2017,El Salvador
32.29999923706055,26,,SLV,265,230,140784,29187,Men,Under 36 years old,2017,El Salvador
30.299999237060547,26,,SLV,266,230,140784,29187,Women,Under 36 years old,2017,El Salvador
20.600000381469727,26,,SLV,146,230,140786,29187,Both sexes,Total,2017,El Salvador
21.700000762939453,26,,SLV,265,230,140786,29187,Men,Total,2017,El Salvador
19.600000381469727,26,,SLV,266,230,140786,29187,Women,Total,2017,El Salvador
10.699999809265137,26,,SLV,146,230,140785,29188,Both sexes,36 years and older,2018,El Salvador
11.300000190734863,26,,SLV,265,230,140785,29188,Men,36 years and older,2018,El Salvador
10.199999809265137,26,,SLV,266,230,140785,29188,Women,36 years and older,2018,El Salvador
37.29999923706055,26,,SLV,146,230,140784,29188,Both sexes,Under 36 years old,2018,El Salvador
38.20000076293945,26,,SLV,265,230,140784,29188,Men,Under 36 years old,2018,El Salvador
36.5,26,,SLV,266,230,140784,29188,Women,Under 36 years old,2018,El Salvador
25.700000762939453,26,,SLV,146,230,140786,29188,Both sexes,Total,2018,El Salvador
26.799999237060547,26,,SLV,265,230,140786,29188,Men,Total,2018,El Salvador
24.799999237060547,26,,SLV,266,230,140786,29188,Women,Total,2018,El Salvador
16.700000762939453,26,,SLV,146,230,140785,29189,Both sexes,36 years and older,2019,El Salvador
17.100000381469727,26,,SLV,265,230,140785,29189,Men,36 years and older,2019,El Salvador
16.299999237060547,26,,SLV,266,230,140785,29189,Women,36 years and older,2019,El Salvador
50.79999923706055,26,,SLV,146,230,140784,29189,Both sexes,Under 36 years old,2019,El Salvador
51.79999923706055,26,,SLV,265,230,140784,29189,Men,Under 36 years old,2019,El Salvador
49.79999923706055,26,,SLV,266,230,140784,29189,Women,Under 36 years old,2019,El Salvador
35.400001525878906,26,,SLV,146,230,140786,29189,Both sexes,Total,2019,El Salvador
36.599998474121094,26,,SLV,265,230,140786,29189,Men,Total,2019,El Salvador
34.400001525878906,26,,SLV,266,230,140786,29189,Women,Total,2019,El Salvador
80,26,,GTM,146,235,140785,29193,Both sexes,36 years and older,2023,Guatemala
81.19999694824219,26,,GTM,265,235,140785,29193,Men,36 years and older,2023,Guatemala
78.9000015258789,26,,GTM,266,235,140785,29193,Women,36 years and older,2023,Guatemala
88.4000015258789,26,,GTM,146,235,140784,29193,Both sexes,Under 36 years old,2023,Guatemala
89.0999984741211,26,,GTM,265,235,140784,29193,Men,Under 36 years old,2023,Guatemala
87.69999694824219,26,,GTM,266,235,140784,29193,Women,Under 36 years old,2023,Guatemala
85.69999694824219,26,,GTM,146,235,140786,29193,Both sexes,Total,2023,Guatemala
86.5999984741211,26,,GTM,265,235,140786,29193,Men,Total,2023,Guatemala
84.9000015258789,26,,GTM,266,235,140786,29193,Women,Total,2023,Guatemala
0.4000000059604645,26,355,HND,146,239,140785,29174,Both sexes,36 years and older,2004,Honduras
0.4000000059604645,26,355,HND,265,239,140785,29174,Men,36 years and older,2004,Honduras
0.4000000059604645,26,355,HND,266,239,140785,29174,Women,36 years and older,2004,Honduras
0.8999999761581421,26,355,HND,146,239,140784,29174,Both sexes,Under 36 years old,2004,Honduras
0.800000011920929,26,355,HND,265,239,140784,29174,Men,Under 36 years old,2004,Honduras
1,26,355,HND,266,239,140784,29174,Women,Under 36 years old,2004,Honduras
0.800000011920929,26,355,HND,146,239,140786,29174,Both sexes,Total,2004,Honduras
0.699999988079071,26,355,HND,265,239,140786,29174,Men,Total,2004,Honduras
0.800000011920929,26,355,HND,266,239,140786,29174,Women,Total,2004,Honduras
0.699999988079071,26,355,HND,146,239,140785,29175,Both sexes,36 years and older,2005,Honduras
0.800000011920929,26,355,HND,265,239,140785,29175,Men,36 years and older,2005,Honduras
0.5,26,355,HND,266,239,140785,29175,Women,36 years and older,2005,Honduras
1.7000000476837158,26,355,HND,146,239,140784,29175,Both sexes,Under 36 years old,2005,Honduras
1.2999999523162842,26,355,HND,265,239,140784,29175,Men,Under 36 years old,2005,Honduras
2.0999999046325684,26,355,HND,266,239,140784,29175,Women,Under 36 years old,2005,Honduras
1.399999976158142,26,355,HND,146,239,140786,29175,Both sexes,Total,2005,Honduras
1.2000000476837158,26,355,HND,265,239,140786,29175,Men,Total,2005,Honduras
1.600000023841858,26,355,HND,266,239,140786,29175,Women,Total,2005,Honduras
0.699999988079071,26,355,HND,146,239,140785,29179,Both sexes,36 years and older,2009,Honduras
0.8999999761581421,26,355,HND,265,239,140785,29179,Men,36 years and older,2009,Honduras
0.6000000238418579,26,355,HND,266,239,140785,29179,Women,36 years and older,2009,Honduras
3.0999999046325684,26,355,HND,146,239,140784,29179,Both sexes,Under 36 years old,2009,Honduras
2.700000047683716,26,355,HND,265,239,140784,29179,Men,Under 36 years old,2009,Honduras
3.5,26,355,HND,266,239,140784,29179,Women,Under 36 years old,2009,Honduras
2.4000000953674316,26,355,HND,146,239,140786,29179,Both sexes,Total,2009,Honduras
2.200000047683716,26,355,HND,265,239,140786,29179,Men,Total,2009,Honduras
2.5999999046325684,26,355,HND,266,239,140786,29179,Women,Total,2009,Honduras
0.8999999761581421,26,355,HND,146,239,140785,29180,Both sexes,36 years and older,2010,Honduras
1,26,355,HND,265,239,140785,29180,Men,36 years and older,2010,Honduras
0.800000011920929,26,355,HND,266,239,140785,29180,Women,36 years and older,2010,Honduras
3.799999952316284,26,355,HND,146,239,140784,29180,Both sexes,Under 36 years old,2010,Honduras
3.299999952316284,26,355,HND,265,239,140784,29180,Men,Under 36 years old,2010,Honduras
4.300000190734863,26,355,HND,266,239,140784,29180,Women,Under 36 years old,2010,Honduras
2.9000000953674316,26,355,HND,146,239,140786,29180,Both sexes,Total,2010,Honduras
2.5999999046325684,26,355,HND,265,239,140786,29180,Men,Total,2010,Honduras
3.0999999046325684,26,355,HND,266,239,140786,29180,Women,Total,2010,Honduras
1.2999999523162842,26,355,HND,146,239,140785,29181,Both sexes,36 years and older,2011,Honduras
1.600000023841858,26,355,HND,265,239,140785,29181,Men,36 years and older,2011,Honduras
1,26,355,HND,266,239,140785,29181,Women,36 years and older,2011,Honduras
5.199999809265137,26,355,HND,146,239,140784,29181,Both sexes,Under 36 years old,2011,Honduras
4.699999809265137,26,355,HND,265,239,140784,29181,Men,Under 36 years old,2011,Honduras
5.699999809265137,26,355,HND,266,239,140784,29181,Women,Under 36 years old,2011,Honduras
4,26,355,HND,146,239,140786,29181,Both sexes,Total,2011,Honduras
3.799999952316284,26,355,HND,265,239,140786,29181,Men,Total,2011,Honduras
4.199999809265137,26,355,HND,266,239,140786,29181,Women,Total,2011,Honduras
0.8999999761581421,26,355,HND,146,239,140785,29182,Both sexes,36 years and older,2012,Honduras
1.2999999523162842,26,355,HND,265,239,140785,29182,Men,36 years and older,2012,Honduras
0.5,26,355,HND,266,239,140785,29182,Women,36 years and older,2012,Honduras
6,26,355,HND,146,239,140784,29182,Both sexes,Under 36 years old,2012,Honduras
5.199999809265137,26,355,HND,265,239,140784,29182,Men,Under 36 years old,2012,Honduras
7,26,355,HND,266,239,140784,29182,Women,Under 36 years old,2012,Honduras
4.400000095367432,26,355,HND,146,239,140786,29182,Both sexes,Total,2012,Honduras
4,26,355,HND,265,239,140786,29182,Men,Total,2012,Honduras
4.900000095367432,26,355,HND,266,239,140786,29182,Women,Total,2012,Honduras
1.5,26,355,HND,146,239,140785,29183,Both sexes,36 years and older,2013,Honduras
1.600000023841858,26,355,HND,265,239,140785,29183,Men,36 years and older,2013,Honduras
1.399999976158142,26,355,HND,266,239,140785,29183,Women,36 years and older,2013,Honduras
8.100000381469727,26,355,HND,146,239,140784,29183,Both sexes,Under 36 years old,2013,Honduras
7.5,26,355,HND,265,239,140784,29183,Men,Under 36 years old,2013,Honduras
8.800000190734863,26,355,HND,266,239,140784,29183,Women,Under 36 years old,2013,Honduras
6,26,355,HND,146,239,140786,29183,Both sexes,Total,2013,Honduras
5.699999809265137,26,355,HND,265,239,140786,29183,Men,Total,2013,Honduras
6.300000190734863,26,355,HND,266,239,140786,29183,Women,Total,2013,Honduras
3,26,8615,HND,146,239,140785,29184,Both sexes,36 years and older,2014,Honduras
3.5,26,8615,HND,265,239,140785,29184,Men,36 years and older,2014,Honduras
2.5999999046325684,26,8615,HND,266,239,140785,29184,Women,36 years and older,2014,Honduras
11.899999618530273,26,8615,HND,146,239,140784,29184,Both sexes,Under 36 years old,2014,Honduras
11.399999618530273,26,8615,HND,265,239,140784,29184,Men,Under 36 years old,2014,Honduras
12.300000190734863,26,8615,HND,266,239,140784,29184,Women,Under 36 years old,2014,Honduras
9,26,8615,HND,146,239,140786,29184,Both sexes,Total,2014,Honduras
9,26,8615,HND,265,239,140786,29184,Men,Total,2014,Honduras
9.100000381469727,26,8615,HND,266,239,140786,29184,Women,Total,2014,Honduras
5.199999809265137,26,8615,HND,146,239,140785,29185,Both sexes,36 years and older,2015,Honduras
5.699999809265137,26,8615,HND,265,239,140785,29185,Men,36 years and older,2015,Honduras
4.800000190734863,26,8615,HND,266,239,140785,29185,Women,36 years and older,2015,Honduras
15.699999809265137,26,8615,HND,146,239,140784,29185,Both sexes,Under 36 years old,2015,Honduras
14.899999618530273,26,8615,HND,265,239,140784,29185,Men,Under 36 years old,2015,Honduras
16.5,26,8615,HND,266,239,140784,29185,Women,Under 36 years old,2015,Honduras
12.300000190734863,26,8615,HND,146,239,140786,29185,Both sexes,Total,2015,Honduras
12,26,8615,HND,265,239,140786,29185,Men,Total,2015,Honduras
12.699999809265137,26,8615,HND,266,239,140786,29185,Women,Total,2015,Honduras
6,26,8615,HND,146,239,140785,29186,Both sexes,36 years and older,2016,Honduras
6.199999809265137,26,8615,HND,265,239,140785,29186,Men,36 years and older,2016,Honduras
5.900000095367432,26,8615,HND,266,239,140785,29186,Women,36 years and older,2016,Honduras
18,26,8615,HND,146,239,140784,29186,Both sexes,Under 36 years old,2016,Honduras
16.700000762939453,26,8615,HND,265,239,140784,29186,Men,Under 36 years old,2016,Honduras
19.200000762939453,26,8615,HND,266,239,140784,29186,Women,Under 36 years old,2016,Honduras
14.100000381469727,26,8615,HND,146,239,140786,29186,Both sexes,Total,2016,Honduras
13.399999618530273,26,8615,HND,265,239,140786,29186,Men,Total,2016,Honduras
14.800000190734863,26,8615,HND,266,239,140786,29186,Women,Total,2016,Honduras
9.199999809265137,26,8615,HND,146,239,140785,29188,Both sexes,36 years and older,2018,Honduras
8.399999618530273,26,8615,HND,265,239,140785,29188,Men,36 years and older,2018,Honduras
9.899999618530273,26,8615,HND,266,239,140785,29188,Women,36 years and older,2018,Honduras
22.200000762939453,26,8615,HND,146,239,140784,29188,Both sexes,Under 36 years old,2018,Honduras
20.899999618530273,26,8615,HND,265,239,140784,29188,Men,Under 36 years old,2018,Honduras
23.600000381469727,26,8615,HND,266,239,140784,29188,Women,Under 36 years old,2018,Honduras
17.600000381469727,26,8615,HND,146,239,140786,29188,Both sexes,Total,2018,Honduras
16.600000381469727,26,8615,HND,265,239,140786,29188,Men,Total,2018,Honduras
18.700000762939453,26,8615,HND,266,239,140786,29188,Women,Total,2018,Honduras
13.899999618530273,26,8615,HND,146,239,140785,29189,Both sexes,36 years and older,2019,Honduras
13.100000381469727,26,8615,HND,265,239,140785,29189,Men,36 years and older,2019,Honduras
14.699999809265137,26,8615,HND,266,239,140785,29189,Women,36 years and older,2019,Honduras
24.5,26,8615,HND,146,239,140784,29189,Both sexes,Under 36 years old,2019,Honduras
24.700000762939453,26,8615,HND,265,239,140784,29189,Men,Under 36 years old,2019,Honduras
24.299999237060547,26,8615,HND,266,239,140784,29189,Women,Under 36 years old,2019,Honduras
20.600000381469727,26,8615,HND,146,239,140786,29189,Both sexes,Total,2019,Honduras
20.600000381469727,26,8615,HND,265,239,140786,29189,Men,Total,2019,Honduras
20.600000381469727,26,8615,HND,266,239,140786,29189,Women,Total,2019,Honduras
9.5,26,10360,PAN,146,241,140785,29184,Both sexes,36 years and older,2014,Panama
9,26,10360,PAN,265,241,140785,29184,Men,36 years and older,2014,Panama
10.100000381469727,26,10360,PAN,266,241,140785,29184,Women,36 years and older,2014,Panama
34,26,10360,PAN,146,241,140784,29184,Both sexes,Under 36 years old,2014,Panama
33.400001525878906,26,10360,PAN,265,241,140784,29184,Men,Under 36 years old,2014,Panama
34.599998474121094,26,10360,PAN,266,241,140784,29184,Women,Under 36 years old,2014,Panama
22.600000381469727,26,10360,PAN,146,241,140786,29184,Both sexes,Total,2014,Panama
21.799999237060547,26,10360,PAN,265,241,140786,29184,Men,Total,2014,Panama
23.5,26,10360,PAN,266,241,140786,29184,Women,Total,2014,Panama
12.300000190734863,26,10360,PAN,146,241,140785,29185,Both sexes,36 years and older,2015,Panama
11.600000381469727,26,10360,PAN,265,241,140785,29185,Men,36 years and older,2015,Panama
13.100000381469727,26,10360,PAN,266,241,140785,29185,Women,36 years and older,2015,Panama
44.400001525878906,26,10360,PAN,146,241,140784,29185,Both sexes,Under 36 years old,2015,Panama
42.599998474121094,26,10360,PAN,265,241,140784,29185,Men,Under 36 years old,2015,Panama
46.099998474121094,26,10360,PAN,266,241,140784,29185,Women,Under 36 years old,2015,Panama
29.299999237060547,26,10360,PAN,146,241,140786,29185,Both sexes,Total,2015,Panama
27.799999237060547,26,10360,PAN,265,241,140786,29185,Men,Total,2015,Panama
30.799999237060547,26,10360,PAN,266,241,140786,29185,Women,Total,2015,Panama
15.199999809265137,26,10360,PAN,146,241,140785,29186,Both sexes,36 years and older,2016,Panama
14.800000190734863,26,10360,PAN,265,241,140785,29186,Men,36 years and older,2016,Panama
15.699999809265137,26,10360,PAN,266,241,140785,29186,Women,36 years and older,2016,Panama
46,26,10360,PAN,146,241,140784,29186,Both sexes,Under 36 years old,2016,Panama
45.79999923706055,26,10360,PAN,265,241,140784,29186,Men,Under 36 years old,2016,Panama
46.20000076293945,26,10360,PAN,266,241,140784,29186,Women,Under 36 years old,2016,Panama
31.299999237060547,26,10360,PAN,146,241,140786,29186,Both sexes,Total,2016,Panama
30.600000381469727,26,10360,PAN,265,241,140786,29186,Men,Total,2016,Panama
31.899999618530273,26,10360,PAN,266,241,140786,29186,Women,Total,2016,Panama
19.600000381469727,26,10360,PAN,146,241,140785,29187,Both sexes,36 years and older,2017,Panama
18.799999237060547,26,10360,PAN,265,241,140785,29187,Men,36 years and older,2017,Panama
20.399999618530273,26,10360,PAN,266,241,140785,29187,Women,36 years and older,2017,Panama
50.400001525878906,26,10360,PAN,146,241,140784,29187,Both sexes,Under 36 years old,2017,Panama
50.70000076293945,26,10360,PAN,265,241,140784,29187,Men,Under 36 years old,2017,Panama
50.20000076293945,26,10360,PAN,266,241,140784,29187,Women,Under 36 years old,2017,Panama
35.5,26,10360,PAN,146,241,140786,29187,Both sexes,Total,2017,Panama
35,26,10360,PAN,265,241,140786,29187,Men,Total,2017,Panama
36,26,10360,PAN,266,241,140786,29187,Women,Total,2017,Panama
22.299999237060547,26,10360,PAN,146,241,140785,29188,Both sexes,36 years and older,2018,Panama
21.5,26,10360,PAN,265,241,140785,29188,Men,36 years and older,2018,Panama
23.100000381469727,26,10360,PAN,266,241,140785,29188,Women,36 years and older,2018,Panama
47,26,10360,PAN,146,241,140784,29188,Both sexes,Under 36 years old,2018,Panama
47.20000076293945,26,10360,PAN,265,241,140784,29188,Men,Under 36 years old,2018,Panama
46.70000076293945,26,10360,PAN,266,241,140784,29188,Women,Under 36 years old,2018,Panama
34.79999923706055,26,10360,PAN,146,241,140786,29188,Both sexes,Total,2018,Panama
34.5,26,10360,PAN,265,241,140786,29188,Men,Total,2018,Panama
35.20000076293945,26,10360,PAN,266,241,140786,29188,Women,Total,2018,Panama
25.799999237060547,26,10360,PAN,146,241,140785,29189,Both sexes,36 years and older,2019,Panama
23.899999618530273,26,10360,PAN,265,241,140785,29189,Men,36 years and older,2019,Panama
27.799999237060547,26,10360,PAN,266,241,140785,29189,Women,36 years and older,2019,Panama
50.5,26,10360,PAN,146,241,140784,29189,Both sexes,Under 36 years old,2019,Panama
50.099998474121094,26,10360,PAN,265,241,140784,29189,Men,Under 36 years old,2019,Panama
51,26,10360,PAN,266,241,140784,29189,Women,Under 36 years old,2019,Panama
38.400001525878906,26,10360,PAN,146,241,140786,29189,Both sexes,Total,2019,Panama
37,26,10360,PAN,265,241,140786,29189,Men,Total,2019,Panama
39.70000076293945,26,10360,PAN,266,241,140786,29189,Women,Total,2019,Panama
42.5,26,10360,PAN,146,241,140785,29191,Both sexes,36 years and older,2021,Panama
40.20000076293945,26,10360,PAN,265,241,140785,29191,Men,36 years and older,2021,Panama
44.900001525878906,26,10360,PAN,266,241,140785,29191,Women,36 years and older,2021,Panama
70.5,26,10360,PAN,146,241,140784,29191,Both sexes,Under 36 years old,2021,Panama
70.30000305175781,26,10360,PAN,265,241,140784,29191,Men,Under 36 years old,2021,Panama
70.69999694824219,26,10360,PAN,266,241,140784,29191,Women,Under 36 years old,2021,Panama
56.599998474121094,26,10360,PAN,146,241,140786,29191,Both sexes,Total,2021,Panama
55.29999923706055,26,10360,PAN,265,241,140786,29191,Men,Total,2021,Panama
57.900001525878906,26,10360,PAN,266,241,140786,29191,Women,Total,2021,Panama
43.099998474121094,26,10360,PAN,146,241,140785,29192,Both sexes,36 years and older,2022,Panama
41,26,10360,PAN,265,241,140785,29192,Men,36 years and older,2022,Panama
45.20000076293945,26,10360,PAN,266,241,140785,29192,Women,36 years and older,2022,Panama
67,26,10360,PAN,146,241,140784,29192,Both sexes,Under 36 years old,2022,Panama
65.80000305175781,26,10360,PAN,265,241,140784,29192,Men,Under 36 years old,2022,Panama
68.30000305175781,26,10360,PAN,266,241,140784,29192,Women,Under 36 years old,2022,Panama
55.099998474121094,26,10360,PAN,146,241,140786,29192,Both sexes,Total,2022,Panama
53.599998474121094,26,10360,PAN,265,241,140786,29192,Men,Total,2022,Panama
56.70000076293945,26,10360,PAN,266,241,140786,29192,Women,Total,2022,Panama
45.5,26,10360,PAN,146,241,140785,29193,Both sexes,36 years and older,2023,Panama
42.79999923706055,26,10360,PAN,265,241,140785,29193,Men,36 years and older,2023,Panama
48.29999923706055,26,10360,PAN,266,241,140785,29193,Women,36 years and older,2023,Panama
63.79999923706055,26,10360,PAN,146,241,140784,29193,Both sexes,Under 36 years old,2023,Panama
63.5,26,10360,PAN,265,241,140784,29193,Men,Under 36 years old,2023,Panama
64.19999694824219,26,10360,PAN,266,241,140784,29193,Women,Under 36 years old,2023,Panama
54.79999923706055,26,10360,PAN,146,241,140786,29193,Both sexes,Total,2023,Panama
53.20000076293945,26,10360,PAN,265,241,140786,29193,Men,Total,2023,Panama
56.29999923706055,26,10360,PAN,266,241,140786,29193,Women,Total,2023,Panama
0.8999999761581421,26,337,PRY,146,242,140785,29175,Both sexes,36 years and older,2005,Paraguay
1.2000000476837158,26,337,PRY,265,242,140785,29175,Men,36 years and older,2005,Paraguay
0.6000000238418579,26,337,PRY,266,242,140785,29175,Women,36 years and older,2005,Paraguay
1.399999976158142,26,337,PRY,146,242,140784,29175,Both sexes,Under 36 years old,2005,Paraguay
1.2999999523162842,26,337,PRY,265,242,140784,29175,Men,Under 36 years old,2005,Paraguay
1.5,26,337,PRY,266,242,140784,29175,Women,Under 36 years old,2005,Paraguay
1.2000000476837158,26,337,PRY,146,242,140786,29175,Both sexes,Total,2005,Paraguay
1.2999999523162842,26,337,PRY,265,242,140786,29175,Men,Total,2005,Paraguay
1.100000023841858,26,337,PRY,266,242,140786,29175,Women,Total,2005,Paraguay
0.4000000059604645,26,337,PRY,146,242,140785,29176,Both sexes,36 years and older,2006,Paraguay
0.5,26,337,PRY,265,242,140785,29176,Men,36 years and older,2006,Paraguay
0.30000001192092896,26,337,PRY,266,242,140785,29176,Women,36 years and older,2006,Paraguay
1.7999999523162842,26,337,PRY,146,242,140784,29176,Both sexes,Under 36 years old,2006,Paraguay
1.7999999523162842,26,337,PRY,265,242,140784,29176,Men,Under 36 years old,2006,Paraguay
1.899999976158142,26,337,PRY,266,242,140784,29176,Women,Under 36 years old,2006,Paraguay
1.2999999523162842,26,337,PRY,146,242,140786,29176,Both sexes,Total,2006,Paraguay
1.2999999523162842,26,337,PRY,265,242,140786,29176,Men,Total,2006,Paraguay
1.2999999523162842,26,337,PRY,266,242,140786,29176,Women,Total,2006,Paraguay
0.8999999761581421,26,337,PRY,146,242,140785,29177,Both sexes,36 years and older,2007,Paraguay
0.8999999761581421,26,337,PRY,265,242,140785,29177,Men,36 years and older,2007,Paraguay
0.800000011920929,26,337,PRY,266,242,140785,29177,Women,36 years and older,2007,Paraguay
3.4000000953674316,26,337,PRY,146,242,140784,29177,Both sexes,Under 36 years old,2007,Paraguay
3.299999952316284,26,337,PRY,265,242,140784,29177,Men,Under 36 years old,2007,Paraguay
3.5,26,337,PRY,266,242,140784,29177,Women,Under 36 years old,2007,Paraguay
2.4000000953674316,26,337,PRY,146,242,140786,29177,Both sexes,Total,2007,Paraguay
2.4000000953674316,26,337,PRY,265,242,140786,29177,Men,Total,2007,Paraguay
2.4000000953674316,26,337,PRY,266,242,140786,29177,Women,Total,2007,Paraguay
1.100000023841858,26,337,PRY,146,242,140785,29178,Both sexes,36 years and older,2008,Paraguay
1.399999976158142,26,337,PRY,265,242,140785,29178,Men,36 years and older,2008,Paraguay
0.699999988079071,26,337,PRY,266,242,140785,29178,Women,36 years and older,2008,Paraguay
4.400000095367432,26,337,PRY,146,242,140784,29178,Both sexes,Under 36 years old,2008,Paraguay
4.800000190734863,26,337,PRY,265,242,140784,29178,Men,Under 36 years old,2008,Paraguay
4,26,337,PRY,266,242,140784,29178,Women,Under 36 years old,2008,Paraguay
3.0999999046325684,26,337,PRY,146,242,140786,29178,Both sexes,Total,2008,Paraguay
3.5,26,337,PRY,265,242,140786,29178,Men,Total,2008,Paraguay
2.700000047683716,26,337,PRY,266,242,140786,29178,Women,Total,2008,Paraguay
2.0999999046325684,26,337,PRY,146,242,140785,29179,Both sexes,36 years and older,2009,Paraguay
2.200000047683716,26,337,PRY,265,242,140785,29179,Men,36 years and older,2009,Paraguay
2.0999999046325684,26,337,PRY,266,242,140785,29179,Women,36 years and older,2009,Paraguay
6.800000190734863,26,337,PRY,146,242,140784,29179,Both sexes,Under 36 years old,2009,Paraguay
6.400000095367432,26,337,PRY,265,242,140784,29179,Men,Under 36 years old,2009,Paraguay
7.400000095367432,26,337,PRY,266,242,140784,29179,Women,Under 36 years old,2009,Paraguay
5,26,337,PRY,146,242,140786,29179,Both sexes,Total,2009,Paraguay
4.699999809265137,26,337,PRY,265,242,140786,29179,Men,Total,2009,Paraguay
5.300000190734863,26,337,PRY,266,242,140786,29179,Women,Total,2009,Paraguay
1.2000000476837158,26,337,PRY,146,242,140785,29180,Both sexes,36 years and older,2010,Paraguay
1.399999976158142,26,337,PRY,265,242,140785,29180,Men,36 years and older,2010,Paraguay
0.8999999761581421,26,337,PRY,266,242,140785,29180,Women,36 years and older,2010,Paraguay
6.699999809265137,26,337,PRY,146,242,140784,29180,Both sexes,Under 36 years old,2010,Paraguay
6.099999904632568,26,337,PRY,265,242,140784,29180,Men,Under 36 years old,2010,Paraguay
7.300000190734863,26,337,PRY,266,242,140784,29180,Women,Under 36 years old,2010,Paraguay
4.5,26,337,PRY,146,242,140786,29180,Both sexes,Total,2010,Paraguay
4.300000190734863,26,337,PRY,265,242,140786,29180,Men,Total,2010,Paraguay
4.800000190734863,26,337,PRY,266,242,140786,29180,Women,Total,2010,Paraguay
2.9000000953674316,26,337,PRY,146,242,140785,29181,Both sexes,36 years and older,2011,Paraguay
2.5999999046325684,26,337,PRY,265,242,140785,29181,Men,36 years and older,2011,Paraguay
3.0999999046325684,26,337,PRY,266,242,140785,29181,Women,36 years and older,2011,Paraguay
9.300000190734863,26,337,PRY,146,242,140784,29181,Both sexes,Under 36 years old,2011,Paraguay
8.399999618530273,26,337,PRY,265,242,140784,29181,Men,Under 36 years old,2011,Paraguay
10.100000381469727,26,337,PRY,266,242,140784,29181,Women,Under 36 years old,2011,Paraguay
6.699999809265137,26,337,PRY,146,242,140786,29181,Both sexes,Total,2011,Paraguay
6.099999904632568,26,337,PRY,265,242,140786,29181,Men,Total,2011,Paraguay
7.400000095367432,26,337,PRY,266,242,140786,29181,Women,Total,2011,Paraguay
2.700000047683716,26,337,PRY,146,242,140785,29182,Both sexes,36 years and older,2012,Paraguay
2.9000000953674316,26,337,PRY,265,242,140785,29182,Men,36 years and older,2012,Paraguay
2.5,26,337,PRY,266,242,140785,29182,Women,36 years and older,2012,Paraguay
13.800000190734863,26,337,PRY,146,242,140784,29182,Both sexes,Under 36 years old,2012,Paraguay
14.399999618530273,26,337,PRY,265,242,140784,29182,Men,Under 36 years old,2012,Paraguay
13.199999809265137,26,337,PRY,266,242,140784,29182,Women,Under 36 years old,2012,Paraguay
9.5,26,337,PRY,146,242,140786,29182,Both sexes,Total,2012,Paraguay
9.800000190734863,26,337,PRY,265,242,140786,29182,Men,Total,2012,Paraguay
9.100000381469727,26,337,PRY,266,242,140786,29182,Women,Total,2012,Paraguay
5.5,26,337,PRY,146,242,140785,29183,Both sexes,36 years and older,2013,Paraguay
6.900000095367432,26,337,PRY,265,242,140785,29183,Men,36 years and older,2013,Paraguay
3.799999952316284,26,337,PRY,266,242,140785,29183,Women,36 years and older,2013,Paraguay
26.100000381469727,26,337,PRY,146,242,140784,29183,Both sexes,Under 36 years old,2013,Paraguay
27.5,26,337,PRY,265,242,140784,29183,Men,Under 36 years old,2013,Paraguay
24.700000762939453,26,337,PRY,266,242,140784,29183,Women,Under 36 years old,2013,Paraguay
2.5,26,8649,PER,265,244,140785,29181,Men,36 years and older,2011,Peru
1,26,8649,PER,266,244,140785,29181,Women,36 years and older,2011,Peru
14.399999618530273,26,8649,PER,146,244,140784,29181,Both sexes,Under 36 years old,2011,Peru
17.299999237060547,26,8649,PER,265,244,140784,29181,Men,Under 36 years old,2011,Peru
11.300000190734863,26,8649,PER,266,244,140784,29181,Women,Under 36 years old,2011,Peru
9.100000381469727,26,8649,PER,146,244,140786,29181,Both sexes,Total,2011,Peru
11.199999809265137,26,8649,PER,265,244,140786,29181,Men,Total,2011,Peru
6.900000095367432,26,8649,PER,266,244,140786,29181,Women,Total,2011,Peru
1.600000023841858,26,8649,PER,146,244,140785,29182,Both sexes,36 years and older,2012,Peru
2.4000000953674316,26,8649,PER,265,244,140785,29182,Men,36 years and older,2012,Peru
0.699999988079071,26,8649,PER,266,244,140785,29182,Women,36 years and older,2012,Peru
15.399999618530273,26,8649,PER,146,244,140784,29182,Both sexes,Under 36 years old,2012,Peru
17.799999237060547,26,8649,PER,265,244,140784,29182,Men,Under 36 years old,2012,Peru
12.899999618530273,26,8649,PER,266,244,140784,29182,Women,Under 36 years old,2012,Peru
9.5,26,8649,PER,146,244,140786,29182,Both sexes,Total,2012,Peru
11.300000190734863,26,8649,PER,265,244,140786,29182,Men,Total,2012,Peru
7.599999904632568,26,8649,PER,266,244,140786,29182,Women,Total,2012,Peru
1.7999999523162842,26,8649,PER,146,244,140785,29183,Both sexes,36 years and older,2013,Peru
2.5999999046325684,26,8649,PER,265,244,140785,29183,Men,36 years and older,2013,Peru
1,26,8649,PER,266,244,140785,29183,Women,36 years and older,2013,Peru
16.200000762939453,26,8649,PER,146,244,140784,29183,Both sexes,Under 36 years old,2013,Peru
18.899999618530273,26,8649,PER,265,244,140784,29183,Men,Under 36 years old,2013,Peru
13.399999618530273,26,8649,PER,266,244,140784,29183,Women,Under 36 years old,2013,Peru
9.800000190734863,26,8649,PER,146,244,140786,29183,Both sexes,Total,2013,Peru
11.800000190734863,26,8649,PER,265,244,140786,29183,Men,Total,2013,Peru
7.800000190734863,26,8649,PER,266,244,140786,29183,Women,Total,2013,Peru
2,26,8649,PER,146,244,140785,29184,Both sexes,36 years and older,2014,Peru
2.9000000953674316,26,8649,PER,265,244,140785,29184,Men,36 years and older,2014,Peru
1.100000023841858,26,8649,PER,266,244,140785,29184,Women,36 years and older,2014,Peru
17.399999618530273,26,8649,PER,146,244,140784,29184,Both sexes,Under 36 years old,2014,Peru
19.799999237060547,26,8649,PER,265,244,140784,29184,Men,Under 36 years old,2014,Peru
14.899999618530273,26,8649,PER,266,244,140784,29184,Women,Under 36 years old,2014,Peru
10.300000190734863,26,8649,PER,146,244,140786,29184,Both sexes,Total,2014,Peru
12.199999809265137,26,8649,PER,265,244,140786,29184,Men,Total,2014,Peru
8.399999618530273,26,8649,PER,266,244,140786,29184,Women,Total,2014,Peru
2,26,8649,PER,146,244,140785,29185,Both sexes,36 years and older,2015,Peru
2.9000000953674316,26,8649,PER,265,244,140785,29185,Men,36 years and older,2015,Peru
1.100000023841858,26,8649,PER,266,244,140785,29185,Women,36 years and older,2015,Peru
17.5,26,8649,PER,146,244,140784,29185,Both sexes,Under 36 years old,2015,Peru
20.200000762939453,26,8649,PER,265,244,140784,29185,Men,Under 36 years old,2015,Peru
14.699999809265137,26,8649,PER,266,244,140784,29185,Women,Under 36 years old,2015,Peru
10.5,26,8649,PER,146,244,140786,29185,Both sexes,Total,2015,Peru
12.5,26,8649,PER,265,244,140786,29185,Men,Total,2015,Peru
8.399999618530273,26,8649,PER,266,244,140786,29185,Women,Total,2015,Peru
2.5999999046325684,26,8649,PER,146,244,140785,29186,Both sexes,36 years and older,2016,Peru
3.799999952316284,26,8649,PER,265,244,140785,29186,Men,36 years and older,2016,Peru
1.600000023841858,26,8649,PER,266,244,140785,29186,Women,36 years and older,2016,Peru
20.299999237060547,26,8649,PER,146,244,140784,29186,Both sexes,Under 36 years old,2016,Peru
24.100000381469727,26,8649,PER,265,244,140784,29186,Men,Under 36 years old,2016,Peru
16.600000381469727,26,8649,PER,266,244,140784,29186,Women,Under 36 years old,2016,Peru
12.199999809265137,26,8649,PER,146,244,140786,29186,Both sexes,Total,2016,Peru
14.899999618530273,26,8649,PER,265,244,140786,29186,Men,Total,2016,Peru
9.600000381469727,26,8649,PER,266,244,140786,29186,Women,Total,2016,Peru
3.299999952316284,26,8649,PER,146,244,140785,29187,Both sexes,36 years and older,2017,Peru
4.5,26,8649,PER,265,244,140785,29187,Men,36 years and older,2017,Peru
2.200000047683716,26,8649,PER,266,244,140785,29187,Women,36 years and older,2017,Peru
17.799999237060547,26,337,PRY,146,242,140786,29183,Both sexes,Total,2013,Paraguay
18.899999618530273,26,337,PRY,265,242,140786,29183,Men,Total,2013,Paraguay
16.700000762939453,26,337,PRY,266,242,140786,29183,Women,Total,2013,Paraguay
12.399999618530273,26,337,PRY,146,242,140785,29185,Both sexes,36 years and older,2015,Paraguay
13.800000190734863,26,337,PRY,265,242,140785,29185,Men,36 years and older,2015,Paraguay
10.800000190734863,26,337,PRY,266,242,140785,29185,Women,36 years and older,2015,Paraguay
43.400001525878906,26,337,PRY,146,242,140784,29185,Both sexes,Under 36 years old,2015,Paraguay
43.5,26,337,PRY,265,242,140784,29185,Men,Under 36 years old,2015,Paraguay
43.29999923706055,26,337,PRY,266,242,140784,29185,Women,Under 36 years old,2015,Paraguay
30.700000762939453,26,337,PRY,146,242,140786,29185,Both sexes,Total,2015,Paraguay
31.399999618530273,26,337,PRY,265,242,140786,29185,Men,Total,2015,Paraguay
30,26,337,PRY,266,242,140786,29185,Women,Total,2015,Paraguay
16.899999618530273,26,337,PRY,146,242,140785,29186,Both sexes,36 years and older,2016,Paraguay
17.600000381469727,26,337,PRY,265,242,140785,29186,Men,36 years and older,2016,Paraguay
16.200000762939453,26,337,PRY,266,242,140785,29186,Women,36 years and older,2016,Paraguay
46.099998474121094,26,337,PRY,146,242,140784,29186,Both sexes,Under 36 years old,2016,Paraguay
47.29999923706055,26,337,PRY,265,242,140784,29186,Men,Under 36 years old,2016,Paraguay
44.900001525878906,26,337,PRY,266,242,140784,29186,Women,Under 36 years old,2016,Paraguay
34,26,337,PRY,146,242,140786,29186,Both sexes,Total,2016,Paraguay
34.900001525878906,26,337,PRY,265,242,140786,29186,Men,Total,2016,Paraguay
33,26,337,PRY,266,242,140786,29186,Women,Total,2016,Paraguay
26.200000762939453,26,16003,PRY,146,242,140785,29187,Both sexes,36 years and older,2017,Paraguay
26.200000762939453,26,16003,PRY,265,242,140785,29187,Men,36 years and older,2017,Paraguay
26.299999237060547,26,16003,PRY,266,242,140785,29187,Women,36 years and older,2017,Paraguay
56.400001525878906,26,16003,PRY,146,242,140784,29187,Both sexes,Under 36 years old,2017,Paraguay
57.29999923706055,26,16003,PRY,265,242,140784,29187,Men,Under 36 years old,2017,Paraguay
55.5,26,16003,PRY,266,242,140784,29187,Women,Under 36 years old,2017,Paraguay
43.70000076293945,26,16003,PRY,146,242,140786,29187,Both sexes,Total,2017,Paraguay
44.099998474121094,26,16003,PRY,265,242,140786,29187,Men,Total,2017,Paraguay
43.29999923706055,26,16003,PRY,266,242,140786,29187,Women,Total,2017,Paraguay
32.20000076293945,26,16003,PRY,146,242,140785,29188,Both sexes,36 years and older,2018,Paraguay
30.600000381469727,26,16003,PRY,265,242,140785,29188,Men,36 years and older,2018,Paraguay
34,26,16003,PRY,266,242,140785,29188,Women,36 years and older,2018,Paraguay
61.5,26,16003,PRY,146,242,140784,29188,Both sexes,Under 36 years old,2018,Paraguay
61.599998474121094,26,16003,PRY,265,242,140784,29188,Men,Under 36 years old,2018,Paraguay
61.29999923706055,26,16003,PRY,266,242,140784,29188,Women,Under 36 years old,2018,Paraguay
48.79999923706055,26,16003,PRY,146,242,140786,29188,Both sexes,Total,2018,Paraguay
47.70000076293945,26,16003,PRY,265,242,140786,29188,Men,Total,2018,Paraguay
50,26,16003,PRY,266,242,140786,29188,Women,Total,2018,Paraguay
37.29999923706055,26,16003,PRY,146,242,140785,29189,Both sexes,36 years and older,2019,Paraguay
36.79999923706055,26,16003,PRY,265,242,140785,29189,Men,36 years and older,2019,Paraguay
37.900001525878906,26,16003,PRY,266,242,140785,29189,Women,36 years and older,2019,Paraguay
64.4000015258789,26,16003,PRY,146,242,140784,29189,Both sexes,Under 36 years old,2019,Paraguay
63.79999923706055,26,16003,PRY,265,242,140784,29189,Men,Under 36 years old,2019,Paraguay
65.0999984741211,26,16003,PRY,266,242,140784,29189,Women,Under 36 years old,2019,Paraguay
52.70000076293945,26,16003,PRY,146,242,140786,29189,Both sexes,Total,2019,Paraguay
51.79999923706055,26,16003,PRY,265,242,140786,29189,Men,Total,2019,Paraguay
53.70000076293945,26,16003,PRY,266,242,140786,29189,Women,Total,2019,Paraguay
44.900001525878906,26,16003,PRY,146,242,140785,29190,Both sexes,36 years and older,2020,Paraguay
44,26,16003,PRY,265,242,140785,29190,Men,36 years and older,2020,Paraguay
45.79999923706055,26,16003,PRY,266,242,140785,29190,Women,36 years and older,2020,Paraguay
75.0999984741211,26,16003,PRY,146,242,140784,29190,Both sexes,Under 36 years old,2020,Paraguay
73.5999984741211,26,16003,PRY,265,242,140784,29190,Men,Under 36 years old,2020,Paraguay
76.5999984741211,26,16003,PRY,266,242,140784,29190,Women,Under 36 years old,2020,Paraguay
61.79999923706055,26,16003,PRY,146,242,140786,29190,Both sexes,Total,2020,Paraguay
60.5,26,16003,PRY,265,242,140786,29190,Men,Total,2020,Paraguay
63.20000076293945,26,16003,PRY,266,242,140786,29190,Women,Total,2020,Paraguay
52,26,16003,PRY,146,242,140785,29191,Both sexes,36 years and older,2021,Paraguay
49.599998474121094,26,16003,PRY,265,242,140785,29191,Men,36 years and older,2021,Paraguay
54.5,26,16003,PRY,266,242,140785,29191,Women,36 years and older,2021,Paraguay
76.80000305175781,26,16003,PRY,146,242,140784,29191,Both sexes,Under 36 years old,2021,Paraguay
75.80000305175781,26,16003,PRY,265,242,140784,29191,Men,Under 36 years old,2021,Paraguay
77.9000015258789,26,16003,PRY,266,242,140784,29191,Women,Under 36 years old,2021,Paraguay
65.80000305175781,26,16003,PRY,146,242,140786,29191,Both sexes,Total,2021,Paraguay
64.19999694824219,26,16003,PRY,265,242,140786,29191,Men,Total,2021,Paraguay
67.5,26,16003,PRY,266,242,140786,29191,Women,Total,2021,Paraguay
52,26,16004,PRY,146,242,140785,29192,Both sexes,36 years and older,2022,Paraguay
51.099998474121094,26,16004,PRY,265,242,140785,29192,Men,36 years and older,2022,Paraguay
53.099998474121094,26,16004,PRY,266,242,140785,29192,Women,36 years and older,2022,Paraguay
72.9000015258789,26,16004,PRY,146,242,140784,29192,Both sexes,Under 36 years old,2022,Paraguay
71.5,26,16004,PRY,265,242,140784,29192,Men,Under 36 years old,2022,Paraguay
74.30000305175781,26,16004,PRY,266,242,140784,29192,Women,Under 36 years old,2022,Paraguay
63.20000076293945,26,16004,PRY,146,242,140786,29192,Both sexes,Total,2022,Paraguay
61.900001525878906,26,16004,PRY,265,242,140786,29192,Men,Total,2022,Paraguay
64.69999694824219,26,16004,PRY,266,242,140786,29192,Women,Total,2022,Paraguay
59.599998474121094,26,16004,PRY,146,242,140785,29193,Both sexes,36 years and older,2023,Paraguay
58.5,26,16004,PRY,265,242,140785,29193,Men,36 years and older,2023,Paraguay
60.79999923706055,26,16004,PRY,266,242,140785,29193,Women,36 years and older,2023,Paraguay
75.80000305175781,26,16004,PRY,146,242,140784,29193,Both sexes,Under 36 years old,2023,Paraguay
74.4000015258789,26,16004,PRY,265,242,140784,29193,Men,Under 36 years old,2023,Paraguay
77.19999694824219,26,16004,PRY,266,242,140784,29193,Women,Under 36 years old,2023,Paraguay
68.30000305175781,26,16004,PRY,146,242,140786,29193,Both sexes,Total,2023,Paraguay
66.9000015258789,26,16004,PRY,265,242,140786,29193,Men,Total,2023,Paraguay
69.80000305175781,26,16004,PRY,266,242,140786,29193,Women,Total,2023,Paraguay
1.2000000476837158,26,8649,PER,146,244,140785,29177,Both sexes,36 years and older,2007,Peru
1.7000000476837158,26,8649,PER,265,244,140785,29177,Men,36 years and older,2007,Peru
0.699999988079071,26,8649,PER,266,244,140785,29177,Women,36 years and older,2007,Peru
10,26,8649,PER,146,244,140784,29177,Both sexes,Under 36 years old,2007,Peru
11.899999618530273,26,8649,PER,265,244,140784,29177,Men,Under 36 years old,2007,Peru
8.100000381469727,26,8649,PER,266,244,140784,29177,Women,Under 36 years old,2007,Peru
6.800000190734863,26,8649,PER,146,244,140786,29177,Both sexes,Total,2007,Peru
8.199999809265137,26,8649,PER,265,244,140786,29177,Men,Total,2007,Peru
5.400000095367432,26,8649,PER,266,244,140786,29177,Women,Total,2007,Peru
1.2000000476837158,26,8649,PER,146,244,140785,29178,Both sexes,36 years and older,2008,Peru
1.7000000476837158,26,8649,PER,265,244,140785,29178,Men,36 years and older,2008,Peru
0.699999988079071,26,8649,PER,266,244,140785,29178,Women,36 years and older,2008,Peru
11.899999618530273,26,8649,PER,146,244,140784,29178,Both sexes,Under 36 years old,2008,Peru
14.100000381469727,26,8649,PER,265,244,140784,29178,Men,Under 36 years old,2008,Peru
9.5,26,8649,PER,266,244,140784,29178,Women,Under 36 years old,2008,Peru
7.800000190734863,26,8649,PER,146,244,140786,29178,Both sexes,Total,2008,Peru
9.5,26,8649,PER,265,244,140786,29178,Men,Total,2008,Peru
6.099999904632568,26,8649,PER,266,244,140786,29178,Women,Total,2008,Peru
1.2999999523162842,26,8649,PER,146,244,140785,29179,Both sexes,36 years and older,2009,Peru
2,26,8649,PER,265,244,140785,29179,Men,36 years and older,2009,Peru
0.699999988079071,26,8649,PER,266,244,140785,29179,Women,36 years and older,2009,Peru
13,26,8649,PER,146,244,140784,29179,Both sexes,Under 36 years old,2009,Peru
15.699999809265137,26,8649,PER,265,244,140784,29179,Men,Under 36 years old,2009,Peru
10.199999809265137,26,8649,PER,266,244,140784,29179,Women,Under 36 years old,2009,Peru
8.399999618530273,26,8649,PER,146,244,140786,29179,Both sexes,Total,2009,Peru
10.399999618530273,26,8649,PER,265,244,140786,29179,Men,Total,2009,Peru
6.400000095367432,26,8649,PER,266,244,140786,29179,Women,Total,2009,Peru
1.2999999523162842,26,8649,PER,146,244,140785,29180,Both sexes,36 years and older,2010,Peru
1.899999976158142,26,8649,PER,265,244,140785,29180,Men,36 years and older,2010,Peru
0.699999988079071,26,8649,PER,266,244,140785,29180,Women,36 years and older,2010,Peru
14.399999618530273,26,8649,PER,146,244,140784,29180,Both sexes,Under 36 years old,2010,Peru
17.700000762939453,26,8649,PER,265,244,140784,29180,Men,Under 36 years old,2010,Peru
10.899999618530273,26,8649,PER,266,244,140784,29180,Women,Under 36 years old,2010,Peru
9.100000381469727,26,8649,PER,146,244,140786,29180,Both sexes,Total,2010,Peru
11.5,26,8649,PER,265,244,140786,29180,Men,Total,2010,Peru
6.699999809265137,26,8649,PER,266,244,140786,29180,Women,Total,2010,Peru
1.7000000476837158,26,8649,PER,146,244,140785,29181,Both sexes,36 years and older,2011,Peru
21.899999618530273,26,8649,PER,146,244,140784,29187,Both sexes,Under 36 years old,2017,Peru
25.399999618530273,26,8649,PER,265,244,140784,29187,Men,Under 36 years old,2017,Peru
18.299999237060547,26,8649,PER,266,244,140784,29187,Women,Under 36 years old,2017,Peru
13.100000381469727,26,8649,PER,146,244,140786,29187,Both sexes,Total,2017,Peru
15.600000381469727,26,8649,PER,265,244,140786,29187,Men,Total,2017,Peru
10.600000381469727,26,8649,PER,266,244,140786,29187,Women,Total,2017,Peru
4.199999809265137,26,8649,PER,146,244,140785,29188,Both sexes,36 years and older,2018,Peru
5.699999809265137,26,8649,PER,265,244,140785,29188,Men,36 years and older,2018,Peru
2.9000000953674316,26,8649,PER,266,244,140785,29188,Women,36 years and older,2018,Peru
25.100000381469727,26,8649,PER,146,244,140784,29188,Both sexes,Under 36 years old,2018,Peru
28.700000762939453,26,8649,PER,265,244,140784,29188,Men,Under 36 years old,2018,Peru
21.600000381469727,26,8649,PER,266,244,140784,29188,Women,Under 36 years old,2018,Peru
15,26,8649,PER,146,244,140786,29188,Both sexes,Total,2018,Peru
17.700000762939453,26,8649,PER,265,244,140786,29188,Men,Total,2018,Peru
12.399999618530273,26,8649,PER,266,244,140786,29188,Women,Total,2018,Peru
6.900000095367432,26,8649,PER,146,244,140785,29189,Both sexes,36 years and older,2019,Peru
9.399999618530273,26,8649,PER,265,244,140785,29189,Men,36 years and older,2019,Peru
4.599999904632568,26,8649,PER,266,244,140785,29189,Women,36 years and older,2019,Peru
30.700000762939453,26,8649,PER,146,244,140784,29189,Both sexes,Under 36 years old,2019,Peru
34.5,26,8649,PER,265,244,140784,29189,Men,Under 36 years old,2019,Peru
26.899999618530273,26,8649,PER,266,244,140784,29189,Women,Under 36 years old,2019,Peru
18.899999618530273,26,8649,PER,146,244,140786,29189,Both sexes,Total,2019,Peru
22.299999237060547,26,8649,PER,265,244,140786,29189,Men,Total,2019,Peru
15.699999809265137,26,8649,PER,266,244,140786,29189,Women,Total,2019,Peru
13.199999809265137,26,8649,PER,146,244,140785,29190,Both sexes,36 years and older,2020,Peru
17.5,26,8649,PER,265,244,140785,29190,Men,36 years and older,2020,Peru
9,26,8649,PER,266,244,140785,29190,Women,36 years and older,2020,Peru
48.400001525878906,26,8649,PER,146,244,140784,29190,Both sexes,Under 36 years old,2020,Peru
51,26,8649,PER,265,244,140784,29190,Men,Under 36 years old,2020,Peru
45.79999923706055,26,8649,PER,266,244,140784,29190,Women,Under 36 years old,2020,Peru
31.600000381469727,26,8649,PER,146,244,140786,29190,Both sexes,Total,2020,Peru
35.20000076293945,26,8649,PER,265,244,140786,29190,Men,Total,2020,Peru
28.100000381469727,26,8649,PER,266,244,140786,29190,Women,Total,2020,Peru
17.100000381469727,26,8649,PER,146,244,140785,29191,Both sexes,36 years and older,2021,Peru
22.299999237060547,26,8649,PER,265,244,140785,29191,Men,36 years and older,2021,Peru
12.199999809265137,26,8649,PER,266,244,140785,29191,Women,36 years and older,2021,Peru
62.900001525878906,26,8649,PER,146,244,140784,29191,Both sexes,Under 36 years old,2021,Peru
65.80000305175781,26,8649,PER,265,244,140784,29191,Men,Under 36 years old,2021,Peru
60.099998474121094,26,8649,PER,266,244,140784,29191,Women,Under 36 years old,2021,Peru
40.099998474121094,26,8649,PER,146,244,140786,29191,Both sexes,Total,2021,Peru
44.400001525878906,26,8649,PER,265,244,140786,29191,Men,Total,2021,Peru
35.900001525878906,26,8649,PER,266,244,140786,29191,Women,Total,2021,Peru
21,26,8649,PER,146,244,140785,29192,Both sexes,36 years and older,2022,Peru
26.600000381469727,26,8649,PER,265,244,140785,29192,Men,36 years and older,2022,Peru
15.800000190734863,26,8649,PER,266,244,140785,29192,Women,36 years and older,2022,Peru
57,26,8649,PER,146,244,140784,29192,Both sexes,Under 36 years old,2022,Peru
59.29999923706055,26,8649,PER,265,244,140784,29192,Men,Under 36 years old,2022,Peru
54.599998474121094,26,8649,PER,266,244,140784,29192,Women,Under 36 years old,2022,Peru
38.79999923706055,26,8649,PER,146,244,140786,29192,Both sexes,Total,2022,Peru
43.20000076293945,26,8649,PER,265,244,140786,29192,Men,Total,2022,Peru
34.5,26,8649,PER,266,244,140786,29192,Women,Total,2022,Peru
30,26,8649,PER,146,244,140785,29193,Both sexes,36 years and older,2023,Peru
36.900001525878906,26,8649,PER,265,244,140785,29193,Men,36 years and older,2023,Peru
23.799999237060547,26,8649,PER,266,244,140785,29193,Women,36 years and older,2023,Peru
63.599998474121094,26,8649,PER,146,244,140784,29193,Both sexes,Under 36 years old,2023,Peru
65.69999694824219,26,8649,PER,265,244,140784,29193,Men,Under 36 years old,2023,Peru
61.5,26,8649,PER,266,244,140784,29193,Women,Under 36 years old,2023,Peru
46.5,26,8649,PER,146,244,140786,29193,Both sexes,Total,2023,Peru
51.5,26,8649,PER,265,244,140786,29193,Men,Total,2023,Peru
41.79999923706055,26,8649,PER,266,244,140786,29193,Women,Total,2023,Peru
34.70000076293945,26,8649,PER,146,244,140785,29194,Both sexes,36 years and older,2024,Peru
41.099998474121094,26,8649,PER,265,244,140785,29194,Men,36 years and older,2024,Peru
28.799999237060547,26,8649,PER,266,244,140785,29194,Women,36 years and older,2024,Peru
67.5999984741211,26,8649,PER,146,244,140784,29194,Both sexes,Under 36 years old,2024,Peru
69.4000015258789,26,8649,PER,265,244,140784,29194,Men,Under 36 years old,2024,Peru
65.80000305175781,26,8649,PER,266,244,140784,29194,Women,Under 36 years old,2024,Peru
50.29999923706055,26,8649,PER,146,244,140786,29194,Both sexes,Total,2024,Peru
54.79999923706055,26,8649,PER,265,244,140786,29194,Men,Total,2024,Peru
46,26,8649,PER,266,244,140786,29194,Women,Total,2024,Peru
5.300000190734863,26,,URY,146,258,140785,29178,Both sexes,36 years and older,2008,Uruguay
5.300000190734863,26,,URY,265,258,140785,29178,Men,36 years and older,2008,Uruguay
5.300000190734863,26,,URY,266,258,140785,29178,Women,36 years and older,2008,Uruguay
25.200000762939453,26,,URY,146,258,140784,29178,Both sexes,Under 36 years old,2008,Uruguay
23.200000762939453,26,,URY,265,258,140784,29178,Men,Under 36 years old,2008,Uruguay
27.399999618530273,26,,URY,266,258,140784,29178,Women,Under 36 years old,2008,Uruguay
14,26,,URY,146,258,140786,29178,Both sexes,Total,2008,Uruguay
12.800000190734863,26,,URY,265,258,140786,29178,Men,Total,2008,Uruguay
15.5,26,,URY,266,258,140786,29178,Women,Total,2008,Uruguay
7.800000190734863,26,,URY,146,258,140785,29179,Both sexes,36 years and older,2009,Uruguay
7.400000095367432,26,,URY,265,258,140785,29179,Men,36 years and older,2009,Uruguay
8.300000190734863,26,,URY,266,258,140785,29179,Women,36 years and older,2009,Uruguay
38.20000076293945,26,,URY,146,258,140784,29179,Both sexes,Under 36 years old,2009,Uruguay
35.79999923706055,26,,URY,265,258,140784,29179,Men,Under 36 years old,2009,Uruguay
40.79999923706055,26,,URY,266,258,140784,29179,Women,Under 36 years old,2009,Uruguay
21.200000762939453,26,,URY,146,258,140786,29179,Both sexes,Total,2009,Uruguay
19.5,26,,URY,265,258,140786,29179,Men,Total,2009,Uruguay
23.100000381469727,26,,URY,266,258,140786,29179,Women,Total,2009,Uruguay
10.5,26,,URY,146,258,140785,29180,Both sexes,36 years and older,2010,Uruguay
9.199999809265137,26,,URY,265,258,140785,29180,Men,36 years and older,2010,Uruguay
12.199999809265137,26,,URY,266,258,140785,29180,Women,36 years and older,2010,Uruguay
47.900001525878906,26,,URY,146,258,140784,29180,Both sexes,Under 36 years old,2010,Uruguay
47.099998474121094,26,,URY,265,258,140784,29180,Men,Under 36 years old,2010,Uruguay
48.70000076293945,26,,URY,266,258,140784,29180,Women,Under 36 years old,2010,Uruguay
27.100000381469727,26,,URY,146,258,140786,29180,Both sexes,Total,2010,Uruguay
25.5,26,,URY,265,258,140786,29180,Men,Total,2010,Uruguay
28.899999618530273,26,,URY,266,258,140786,29180,Women,Total,2010,Uruguay
13.5,26,,URY,146,258,140785,29181,Both sexes,36 years and older,2011,Uruguay
12.300000190734863,26,,URY,265,258,140785,29181,Men,36 years and older,2011,Uruguay
14.800000190734863,26,,URY,266,258,140785,29181,Women,36 years and older,2011,Uruguay
54.20000076293945,26,,URY,146,258,140784,29181,Both sexes,Under 36 years old,2011,Uruguay
52.79999923706055,26,,URY,265,258,140784,29181,Men,Under 36 years old,2011,Uruguay
55.79999923706055,26,,URY,266,258,140784,29181,Women,Under 36 years old,2011,Uruguay
31.200000762939453,26,,URY,146,258,140786,29181,Both sexes,Total,2011,Uruguay
29.399999618530273,26,,URY,265,258,140786,29181,Men,Total,2011,Uruguay
33.20000076293945,26,,URY,266,258,140786,29181,Women,Total,2011,Uruguay
16,26,,URY,146,258,140785,29182,Both sexes,36 years and older,2012,Uruguay
13.5,26,,URY,265,258,140785,29182,Men,36 years and older,2012,Uruguay
18.799999237060547,26,,URY,266,258,140785,29182,Women,36 years and older,2012,Uruguay
60.70000076293945,26,,URY,146,258,140784,29182,Both sexes,Under 36 years old,2012,Uruguay
60,26,,URY,265,258,140784,29182,Men,Under 36 years old,2012,Uruguay
61.400001525878906,26,,URY,266,258,140784,29182,Women,Under 36 years old,2012,Uruguay
35.70000076293945,26,,URY,146,258,140786,29182,Both sexes,Total,2012,Uruguay
33.400001525878906,26,,URY,265,258,140786,29182,Men,Total,2012,Uruguay
38.20000076293945,26,,URY,266,258,140786,29182,Women,Total,2012,Uruguay
21.700000762939453,26,,URY,146,258,140785,29183,Both sexes,36 years and older,2013,Uruguay
19.899999618530273,26,,URY,265,258,140785,29183,Men,36 years and older,2013,Uruguay
23.700000762939453,26,,URY,266,258,140785,29183,Women,36 years and older,2013,Uruguay
68.4000015258789,26,,URY,146,258,140784,29183,Both sexes,Under 36 years old,2013,Uruguay
68.4000015258789,26,,URY,265,258,140784,29183,Men,Under 36 years old,2013,Uruguay
68.30000305175781,26,,URY,266,258,140784,29183,Women,Under 36 years old,2013,Uruguay
42.79999923706055,26,,URY,146,258,140786,29183,Both sexes,Total,2013,Uruguay
41.20000076293945,26,,URY,265,258,140786,29183,Men,Total,2013,Uruguay
44.5,26,,URY,266,258,140786,29183,Women,Total,2013,Uruguay
25.100000381469727,26,,URY,146,258,140785,29184,Both sexes,36 years and older,2014,Uruguay
21.899999618530273,26,,URY,265,258,140785,29184,Men,36 years and older,2014,Uruguay
28.799999237060547,26,,URY,266,258,140785,29184,Women,36 years and older,2014,Uruguay
68.0999984741211,26,,URY,146,258,140784,29184,Both sexes,Under 36 years old,2014,Uruguay
66.80000305175781,26,,URY,265,258,140784,29184,Men,Under 36 years old,2014,Uruguay
69.5,26,,URY,266,258,140784,29184,Women,Under 36 years old,2014,Uruguay
45.20000076293945,26,,URY,146,258,140786,29184,Both sexes,Total,2014,Uruguay
42.29999923706055,26,,URY,265,258,140786,29184,Men,Total,2014,Uruguay
48.29999923706055,26,,URY,266,258,140786,29184,Women,Total,2014,Uruguay
29.299999237060547,26,,URY,146,258,140785,29185,Both sexes,36 years and older,2015,Uruguay
26.399999618530273,26,,URY,265,258,140785,29185,Men,36 years and older,2015,Uruguay
32.599998474121094,26,,URY,266,258,140785,29185,Women,36 years and older,2015,Uruguay
73.4000015258789,26,,URY,146,258,140784,29185,Both sexes,Under 36 years old,2015,Uruguay
71.9000015258789,26,,URY,265,258,140784,29185,Men,Under 36 years old,2015,Uruguay
75,26,,URY,266,258,140784,29185,Women,Under 36 years old,2015,Uruguay
48.79999923706055,26,,URY,146,258,140786,29185,Both sexes,Total,2015,Uruguay
46.5,26,,URY,265,258,140786,29185,Men,Total,2015,Uruguay
51.400001525878906,26,,URY,266,258,140786,29185,Women,Total,2015,Uruguay
37.5,26,,URY,146,258,140785,29186,Both sexes,36 years and older,2016,Uruguay
33.900001525878906,26,,URY,265,258,140785,29186,Men,36 years and older,2016,Uruguay
41.5,26,,URY,266,258,140785,29186,Women,36 years and older,2016,Uruguay
84.80000305175781,26,,URY,146,258,140784,29186,Both sexes,Under 36 years old,2016,Uruguay
83.80000305175781,26,,URY,265,258,140784,29186,Men,Under 36 years old,2016,Uruguay
85.9000015258789,26,,URY,266,258,140784,29186,Women,Under 36 years old,2016,Uruguay
58.5,26,,URY,146,258,140786,29186,Both sexes,Total,2016,Uruguay
55.70000076293945,26,,URY,265,258,140786,29186,Men,Total,2016,Uruguay
61.599998474121094,26,,URY,266,258,140786,29186,Women,Total,2016,Uruguay
46.400001525878906,26,,URY,146,258,140785,29187,Both sexes,36 years and older,2017,Uruguay
41.400001525878906,26,,URY,265,258,140785,29187,Men,36 years and older,2017,Uruguay
52,26,,URY,266,258,140785,29187,Women,36 years and older,2017,Uruguay
86.80000305175781,26,,URY,146,258,140784,29187,Both sexes,Under 36 years old,2017,Uruguay
84.9000015258789,26,,URY,265,258,140784,29187,Men,Under 36 years old,2017,Uruguay
88.9000015258789,26,,URY,266,258,140784,29187,Women,Under 36 years old,2017,Uruguay
63.900001525878906,26,,URY,146,258,140786,29187,Both sexes,Total,2017,Uruguay
60.20000076293945,26,,URY,265,258,140786,29187,Men,Total,2017,Uruguay
67.9000015258789,26,,URY,266,258,140786,29187,Women,Total,2017,Uruguay
55,26,,URY,146,258,140785,29188,Both sexes,36 years and older,2018,Uruguay
48.400001525878906,26,,URY,265,258,140785,29188,Men,36 years and older,2018,Uruguay
62.400001525878906,26,13639,URY,266,258,140785,29188,Women,36 years and older,2018,Uruguay
90.5999984741211,26,,URY,146,258,140784,29188,Both sexes,Under 36 years old,2018,Uruguay
90.30000305175781,26,13639,URY,265,258,140784,29188,Men,Under 36 years old,2018,Uruguay
90.80000305175781,26,13639,URY,266,258,140784,29188,Women,Under 36 years old,2018,Uruguay
70.19999694824219,26,,URY,146,258,140786,29188,Both sexes,Total,2018,Uruguay
66,26,,URY,265,258,140786,29188,Men,Total,2018,Uruguay
74.69999694824219,26,,URY,266,258,140786,29188,Women,Total,2018,Uruguay
59.20000076293945,26,,URY,146,258,140785,29189,Both sexes,36 years and older,2019,Uruguay
53.70000076293945,26,,URY,265,258,140785,29189,Men,36 years and older,2019,Uruguay
65.19999694824219,26,13639,URY,266,258,140785,29189,Women,36 years and older,2019,Uruguay
91.5999984741211,26,,URY,146,258,140784,29189,Both sexes,Under 36 years old,2019,Uruguay
90.5999984741211,26,13639,URY,265,258,140784,29189,Men,Under 36 years old,2019,Uruguay
92.69999694824219,26,13639,URY,266,258,140784,29189,Women,Under 36 years old,2019,Uruguay
72.9000015258789,26,,URY,146,258,140786,29189,Both sexes,Total,2019,Uruguay
69.4000015258789,26,,URY,265,258,140786,29189,Men,Total,2019,Uruguay
76.80000305175781,26,,URY,266,258,140786,29189,Women,Total,2019,Uruguay
