value,source_id,notes_ids,iso3,dim_208,dim_43039,dim_29117,dim_144,dim_326,Geographical area,Sex__ESTANDAR,Country__ESTANDAR,Years__ESTANDAR,Type of ethnicity
58.900001525878906,26,,BOL,221,77477,29170,146,327,National,Both sexes,Bolivia (Plurinational State of),2000,Indigenous
55.70000076293945,26,,BOL,221,43043,29170,146,327,National,Both sexes,Bolivia (Plurinational State of),2000,Not Indigenous or Afro-descendant
57.20000076293945,26,,BOL,221,43040,29170,146,327,National,Both sexes,Bolivia (Plurinational State of),2000,Total
58.5,26,,BOL,221,77477,29170,265,327,National,Men,Bolivia (Plurinational State of),2000,Indigenous
56.20000076293945,26,,BOL,221,43043,29170,265,327,National,Men,Bolivia (Plurinational State of),2000,Not Indigenous or Afro-descendant
57.29999923706055,26,,BOL,221,43040,29170,265,327,National,Men,Bolivia (Plurinational State of),2000,Total
59.29999923706055,26,,BOL,221,77477,29170,266,327,National,Women,Bolivia (Plurinational State of),2000,Indigenous
55.29999923706055,26,,BOL,221,43043,29170,266,327,National,Women,Bolivia (Plurinational State of),2000,Not Indigenous or Afro-descendant
57.20000076293945,26,,BOL,221,43040,29170,266,327,National,Women,Bolivia (Plurinational State of),2000,Total
61.5,26,,BOL,221,77477,29170,146,331,Rural,Both sexes,Bolivia (Plurinational State of),2000,Indigenous
68.80000305175781,26,,BOL,221,43043,29170,146,331,Rural,Both sexes,Bolivia (Plurinational State of),2000,Not Indigenous or Afro-descendant
63.70000076293945,26,,BOL,221,43040,29170,146,331,Rural,Both sexes,Bolivia (Plurinational State of),2000,Total
61.79999923706055,26,,BOL,221,77477,29170,265,331,Rural,Men,Bolivia (Plurinational State of),2000,Indigenous
68.19999694824219,26,,BOL,221,43043,29170,265,331,Rural,Men,Bolivia (Plurinational State of),2000,Not Indigenous or Afro-descendant
63.79999923706055,26,,BOL,221,43040,29170,265,331,Rural,Men,Bolivia (Plurinational State of),2000,Total
61.29999923706055,26,,BOL,221,77477,29170,266,331,Rural,Women,Bolivia (Plurinational State of),2000,Indigenous
69.5999984741211,26,,BOL,221,43043,29170,266,331,Rural,Women,Bolivia (Plurinational State of),2000,Not Indigenous or Afro-descendant
63.599998474121094,26,,BOL,221,43040,29170,266,331,Rural,Women,Bolivia (Plurinational State of),2000,Total
56.29999923706055,26,,BOL,221,77477,29170,146,330,Urban,Both sexes,Bolivia (Plurinational State of),2000,Indigenous
52.599998474121094,26,,BOL,221,43043,29170,146,330,Urban,Both sexes,Bolivia (Plurinational State of),2000,Not Indigenous or Afro-descendant
53.900001525878906,26,,BOL,221,43040,29170,146,330,Urban,Both sexes,Bolivia (Plurinational State of),2000,Total
55.20000076293945,26,,BOL,221,77477,29170,265,330,Urban,Men,Bolivia (Plurinational State of),2000,Indigenous
52.900001525878906,26,,BOL,221,43043,29170,265,330,Urban,Men,Bolivia (Plurinational State of),2000,Not Indigenous or Afro-descendant
53.70000076293945,26,,BOL,221,43040,29170,265,330,Urban,Men,Bolivia (Plurinational State of),2000,Total
57.29999923706055,26,,BOL,221,77477,29170,266,330,Urban,Women,Bolivia (Plurinational State of),2000,Indigenous
52.29999923706055,26,,BOL,221,43043,29170,266,330,Urban,Women,Bolivia (Plurinational State of),2000,Not Indigenous or Afro-descendant
54.099998474121094,26,,BOL,221,43040,29170,266,330,Urban,Women,Bolivia (Plurinational State of),2000,Total
56.5,26,,BOL,221,77477,29171,146,327,National,Both sexes,Bolivia (Plurinational State of),2001,Indigenous
59.20000076293945,26,,BOL,221,43043,29171,146,327,National,Both sexes,Bolivia (Plurinational State of),2001,Not Indigenous or Afro-descendant
57.599998474121094,26,,BOL,221,43040,29171,146,327,National,Both sexes,Bolivia (Plurinational State of),2001,Total
56.099998474121094,26,,BOL,221,77477,29171,265,327,National,Men,Bolivia (Plurinational State of),2001,Indigenous
58.099998474121094,26,,BOL,221,43043,29171,265,327,National,Men,Bolivia (Plurinational State of),2001,Not Indigenous or Afro-descendant
57,26,,BOL,221,43040,29171,265,327,National,Men,Bolivia (Plurinational State of),2001,Total
56.79999923706055,26,,BOL,221,77477,29171,266,327,National,Women,Bolivia (Plurinational State of),2001,Indigenous
60.29999923706055,26,,BOL,221,43043,29171,266,327,National,Women,Bolivia (Plurinational State of),2001,Not Indigenous or Afro-descendant
58.29999923706055,26,,BOL,221,43040,29171,266,327,National,Women,Bolivia (Plurinational State of),2001,Total
57.20000076293945,26,,BOL,221,77477,29171,146,331,Rural,Both sexes,Bolivia (Plurinational State of),2001,Indigenous
69.4000015258789,26,,BOL,221,43043,29171,146,331,Rural,Both sexes,Bolivia (Plurinational State of),2001,Not Indigenous or Afro-descendant
60.29999923706055,26,,BOL,221,43040,29171,146,331,Rural,Both sexes,Bolivia (Plurinational State of),2001,Total
56,26,,BOL,221,77477,29171,265,331,Rural,Men,Bolivia (Plurinational State of),2001,Indigenous
68.4000015258789,26,,BOL,221,43043,29171,265,331,Rural,Men,Bolivia (Plurinational State of),2001,Not Indigenous or Afro-descendant
59.29999923706055,26,,BOL,221,43040,29171,265,331,Rural,Men,Bolivia (Plurinational State of),2001,Total
58.29999923706055,26,,BOL,221,77477,29171,266,331,Rural,Women,Bolivia (Plurinational State of),2001,Indigenous
70.5,26,,BOL,221,43043,29171,266,331,Rural,Women,Bolivia (Plurinational State of),2001,Not Indigenous or Afro-descendant
61.29999923706055,26,,BOL,221,43040,29171,266,331,Rural,Women,Bolivia (Plurinational State of),2001,Total
55.900001525878906,26,,BOL,221,77477,29171,146,330,Urban,Both sexes,Bolivia (Plurinational State of),2001,Indigenous
56.400001525878906,26,,BOL,221,43043,29171,146,330,Urban,Both sexes,Bolivia (Plurinational State of),2001,Not Indigenous or Afro-descendant
56.20000076293945,26,,BOL,221,43040,29171,146,330,Urban,Both sexes,Bolivia (Plurinational State of),2001,Total
56.20000076293945,26,,BOL,221,77477,29171,265,330,Urban,Men,Bolivia (Plurinational State of),2001,Indigenous
55,26,,BOL,221,43043,29171,265,330,Urban,Men,Bolivia (Plurinational State of),2001,Not Indigenous or Afro-descendant
55.599998474121094,26,,BOL,221,43040,29171,265,330,Urban,Men,Bolivia (Plurinational State of),2001,Total
55.70000076293945,26,,BOL,221,77477,29171,266,330,Urban,Women,Bolivia (Plurinational State of),2001,Indigenous
57.70000076293945,26,,BOL,221,43043,29171,266,330,Urban,Women,Bolivia (Plurinational State of),2001,Not Indigenous or Afro-descendant
56.70000076293945,26,,BOL,221,43040,29171,266,330,Urban,Women,Bolivia (Plurinational State of),2001,Total
59.70000076293945,26,,BOL,221,77477,29172,146,327,National,Both sexes,Bolivia (Plurinational State of),2002,Indigenous
59.900001525878906,26,,BOL,221,43043,29172,146,327,National,Both sexes,Bolivia (Plurinational State of),2002,Not Indigenous or Afro-descendant
59.79999923706055,26,,BOL,221,43040,29172,146,327,National,Both sexes,Bolivia (Plurinational State of),2002,Total
60.400001525878906,26,,BOL,221,77477,29172,265,327,National,Men,Bolivia (Plurinational State of),2002,Indigenous
60.29999923706055,26,,BOL,221,43043,29172,265,327,National,Men,Bolivia (Plurinational State of),2002,Not Indigenous or Afro-descendant
60.400001525878906,26,,BOL,221,43040,29172,265,327,National,Men,Bolivia (Plurinational State of),2002,Total
59.099998474121094,26,,BOL,221,77477,29172,266,327,National,Women,Bolivia (Plurinational State of),2002,Indigenous
59.400001525878906,26,,BOL,221,43043,29172,266,327,National,Women,Bolivia (Plurinational State of),2002,Not Indigenous or Afro-descendant
59.29999923706055,26,,BOL,221,43040,29172,266,327,National,Women,Bolivia (Plurinational State of),2002,Total
59.599998474121094,26,,BOL,221,77477,29172,146,331,Rural,Both sexes,Bolivia (Plurinational State of),2002,Indigenous
67.5,26,,BOL,221,43043,29172,146,331,Rural,Both sexes,Bolivia (Plurinational State of),2002,Not Indigenous or Afro-descendant
61.900001525878906,26,,BOL,221,43040,29172,146,331,Rural,Both sexes,Bolivia (Plurinational State of),2002,Total
60.599998474121094,26,,BOL,221,77477,29172,265,331,Rural,Men,Bolivia (Plurinational State of),2002,Indigenous
66.9000015258789,26,13639,BOL,221,43043,29172,265,331,Rural,Men,Bolivia (Plurinational State of),2002,Not Indigenous or Afro-descendant
62.5,26,,BOL,221,43040,29172,265,331,Rural,Men,Bolivia (Plurinational State of),2002,Total
58.599998474121094,26,,BOL,221,77477,29172,266,331,Rural,Women,Bolivia (Plurinational State of),2002,Indigenous
68.0999984741211,26,13639,BOL,221,43043,29172,266,331,Rural,Women,Bolivia (Plurinational State of),2002,Not Indigenous or Afro-descendant
61.29999923706055,26,,BOL,221,43040,29172,266,331,Rural,Women,Bolivia (Plurinational State of),2002,Total
59.900001525878906,26,,BOL,221,77477,29172,146,330,Urban,Both sexes,Bolivia (Plurinational State of),2002,Indigenous
57.70000076293945,26,,BOL,221,43043,29172,146,330,Urban,Both sexes,Bolivia (Plurinational State of),2002,Not Indigenous or Afro-descendant
58.599998474121094,26,,BOL,221,43040,29172,146,330,Urban,Both sexes,Bolivia (Plurinational State of),2002,Total
60.20000076293945,26,,BOL,221,77477,29172,265,330,Urban,Men,Bolivia (Plurinational State of),2002,Indigenous
58.20000076293945,26,,BOL,221,43043,29172,265,330,Urban,Men,Bolivia (Plurinational State of),2002,Not Indigenous or Afro-descendant
59,26,,BOL,221,43040,29172,265,330,Urban,Men,Bolivia (Plurinational State of),2002,Total
59.5,26,,BOL,221,77477,29172,266,330,Urban,Women,Bolivia (Plurinational State of),2002,Indigenous
57.29999923706055,26,,BOL,221,43043,29172,266,330,Urban,Women,Bolivia (Plurinational State of),2002,Not Indigenous or Afro-descendant
58.20000076293945,26,,BOL,221,43040,29172,266,330,Urban,Women,Bolivia (Plurinational State of),2002,Total
61.70000076293945,26,,BOL,221,77477,29174,146,327,National,Both sexes,Bolivia (Plurinational State of),2004,Indigenous
61.70000076293945,26,,BOL,221,43043,29174,146,327,National,Both sexes,Bolivia (Plurinational State of),2004,Not Indigenous or Afro-descendant
61.70000076293945,26,,BOL,221,43040,29174,146,327,National,Both sexes,Bolivia (Plurinational State of),2004,Total
61.70000076293945,26,,BOL,221,77477,29174,265,327,National,Men,Bolivia (Plurinational State of),2004,Indigenous
61.5,26,,BOL,221,43043,29174,265,327,National,Men,Bolivia (Plurinational State of),2004,Not Indigenous or Afro-descendant
61.70000076293945,26,,BOL,221,43040,29174,265,327,National,Men,Bolivia (Plurinational State of),2004,Total
61.70000076293945,26,,BOL,221,77477,29174,266,327,National,Women,Bolivia (Plurinational State of),2004,Indigenous
61.900001525878906,26,,BOL,221,43043,29174,266,327,National,Women,Bolivia (Plurinational State of),2004,Not Indigenous or Afro-descendant
61.79999923706055,26,,BOL,221,43040,29174,266,327,National,Women,Bolivia (Plurinational State of),2004,Total
61.29999923706055,26,,BOL,221,77477,29174,146,331,Rural,Both sexes,Bolivia (Plurinational State of),2004,Indigenous
69.4000015258789,26,,BOL,221,43043,29174,146,331,Rural,Both sexes,Bolivia (Plurinational State of),2004,Not Indigenous or Afro-descendant
63.29999923706055,26,,BOL,221,43040,29174,146,331,Rural,Both sexes,Bolivia (Plurinational State of),2004,Total
61.79999923706055,26,,BOL,221,77477,29174,265,331,Rural,Men,Bolivia (Plurinational State of),2004,Indigenous
69,26,,BOL,221,43043,29174,265,331,Rural,Men,Bolivia (Plurinational State of),2004,Not Indigenous or Afro-descendant
63.70000076293945,26,,BOL,221,43040,29174,265,331,Rural,Men,Bolivia (Plurinational State of),2004,Total
60.900001525878906,26,,BOL,221,77477,29174,266,331,Rural,Women,Bolivia (Plurinational State of),2004,Indigenous
69.80000305175781,26,,BOL,221,43043,29174,266,331,Rural,Women,Bolivia (Plurinational State of),2004,Not Indigenous or Afro-descendant
63,26,,BOL,221,43040,29174,266,331,Rural,Women,Bolivia (Plurinational State of),2004,Total
62,26,,BOL,221,77477,29174,146,330,Urban,Both sexes,Bolivia (Plurinational State of),2004,Indigenous
59.400001525878906,26,,BOL,221,43043,29174,146,330,Urban,Both sexes,Bolivia (Plurinational State of),2004,Not Indigenous or Afro-descendant
60.79999923706055,26,,BOL,221,43040,29174,146,330,Urban,Both sexes,Bolivia (Plurinational State of),2004,Total
61.70000076293945,26,,BOL,221,77477,29174,265,330,Urban,Men,Bolivia (Plurinational State of),2004,Indigenous
59.099998474121094,26,,BOL,221,43043,29174,265,330,Urban,Men,Bolivia (Plurinational State of),2004,Not Indigenous or Afro-descendant
60.5,26,,BOL,221,43040,29174,265,330,Urban,Men,Bolivia (Plurinational State of),2004,Total
62.400001525878906,26,,BOL,221,77477,29174,266,330,Urban,Women,Bolivia (Plurinational State of),2004,Indigenous
59.70000076293945,26,,BOL,221,43043,29174,266,330,Urban,Women,Bolivia (Plurinational State of),2004,Not Indigenous or Afro-descendant
61.099998474121094,26,,BOL,221,43040,29174,266,330,Urban,Women,Bolivia (Plurinational State of),2004,Total
59.70000076293945,26,,BOL,221,77477,29175,146,327,National,Both sexes,Bolivia (Plurinational State of),2005,Indigenous
59.70000076293945,26,,BOL,221,43043,29175,146,327,National,Both sexes,Bolivia (Plurinational State of),2005,Not Indigenous or Afro-descendant
59.70000076293945,26,,BOL,221,43040,29175,146,327,National,Both sexes,Bolivia (Plurinational State of),2005,Total
59.29999923706055,26,,BOL,221,77477,29175,265,327,National,Men,Bolivia (Plurinational State of),2005,Indigenous
60.5,26,,BOL,221,43043,29175,265,327,National,Men,Bolivia (Plurinational State of),2005,Not Indigenous or Afro-descendant
59.900001525878906,26,,BOL,221,43040,29175,265,327,National,Men,Bolivia (Plurinational State of),2005,Total
60.099998474121094,26,,BOL,221,77477,29175,266,327,National,Women,Bolivia (Plurinational State of),2005,Indigenous
58.79999923706055,26,,BOL,221,43043,29175,266,327,National,Women,Bolivia (Plurinational State of),2005,Not Indigenous or Afro-descendant
59.5,26,,BOL,221,43040,29175,266,327,National,Women,Bolivia (Plurinational State of),2005,Total
60.79999923706055,26,,BOL,221,77477,29175,146,331,Rural,Both sexes,Bolivia (Plurinational State of),2005,Indigenous
70.9000015258789,26,13639,BOL,221,43043,29175,146,331,Rural,Both sexes,Bolivia (Plurinational State of),2005,Not Indigenous or Afro-descendant
63.400001525878906,26,,BOL,221,43040,29175,146,331,Rural,Both sexes,Bolivia (Plurinational State of),2005,Total
60.79999923706055,26,13639,BOL,221,77477,29175,265,331,Rural,Men,Bolivia (Plurinational State of),2005,Indigenous
71.0999984741211,26,13639,BOL,221,43043,29175,265,331,Rural,Men,Bolivia (Plurinational State of),2005,Not Indigenous or Afro-descendant
63.5,26,,BOL,221,43040,29175,265,331,Rural,Men,Bolivia (Plurinational State of),2005,Total
60.79999923706055,26,13639,BOL,221,77477,29175,266,331,Rural,Women,Bolivia (Plurinational State of),2005,Indigenous
70.5999984741211,26,13639,BOL,221,43043,29175,266,331,Rural,Women,Bolivia (Plurinational State of),2005,Not Indigenous or Afro-descendant
63.29999923706055,26,,BOL,221,43040,29175,266,331,Rural,Women,Bolivia (Plurinational State of),2005,Total
58.79999923706055,26,,BOL,221,77477,29175,146,330,Urban,Both sexes,Bolivia (Plurinational State of),2005,Indigenous
57.20000076293945,26,,BOL,221,43043,29175,146,330,Urban,Both sexes,Bolivia (Plurinational State of),2005,Not Indigenous or Afro-descendant
57.900001525878906,26,,BOL,221,43040,29175,146,330,Urban,Both sexes,Bolivia (Plurinational State of),2005,Total
58,26,13639,BOL,221,77477,29175,265,330,Urban,Men,Bolivia (Plurinational State of),2005,Indigenous
58,26,13639,BOL,221,43043,29175,265,330,Urban,Men,Bolivia (Plurinational State of),2005,Not Indigenous or Afro-descendant
58,26,,BOL,221,43040,29175,265,330,Urban,Men,Bolivia (Plurinational State of),2005,Total
59.5,26,13639,BOL,221,77477,29175,266,330,Urban,Women,Bolivia (Plurinational State of),2005,Indigenous
56.29999923706055,26,,BOL,221,43043,29175,266,330,Urban,Women,Bolivia (Plurinational State of),2005,Not Indigenous or Afro-descendant
57.70000076293945,26,,BOL,221,43040,29175,266,330,Urban,Women,Bolivia (Plurinational State of),2005,Total
58.400001525878906,26,,BOL,221,77477,29176,146,327,National,Both sexes,Bolivia (Plurinational State of),2006,Indigenous
56.099998474121094,26,,BOL,221,43043,29176,146,327,National,Both sexes,Bolivia (Plurinational State of),2006,Not Indigenous or Afro-descendant
57.29999923706055,26,,BOL,221,43040,29176,146,327,National,Both sexes,Bolivia (Plurinational State of),2006,Total
57.400001525878906,26,,BOL,221,77477,29176,265,327,National,Men,Bolivia (Plurinational State of),2006,Indigenous
56.5,26,,BOL,221,43043,29176,265,327,National,Men,Bolivia (Plurinational State of),2006,Not Indigenous or Afro-descendant
57,26,,BOL,221,43040,29176,265,327,National,Men,Bolivia (Plurinational State of),2006,Total
59.400001525878906,26,,BOL,221,77477,29176,266,327,National,Women,Bolivia (Plurinational State of),2006,Indigenous
55.70000076293945,26,,BOL,221,43043,29176,266,327,National,Women,Bolivia (Plurinational State of),2006,Not Indigenous or Afro-descendant
57.599998474121094,26,,BOL,221,43040,29176,266,327,National,Women,Bolivia (Plurinational State of),2006,Total
58.70000076293945,26,,BOL,221,77477,29176,146,331,Rural,Both sexes,Bolivia (Plurinational State of),2006,Indigenous
60.599998474121094,26,,BOL,221,43043,29176,146,331,Rural,Both sexes,Bolivia (Plurinational State of),2006,Not Indigenous or Afro-descendant
59.29999923706055,26,,BOL,221,43040,29176,146,331,Rural,Both sexes,Bolivia (Plurinational State of),2006,Total
58.20000076293945,26,,BOL,221,77477,29176,265,331,Rural,Men,Bolivia (Plurinational State of),2006,Indigenous
61.400001525878906,26,,BOL,221,43043,29176,265,331,Rural,Men,Bolivia (Plurinational State of),2006,Not Indigenous or Afro-descendant
59.20000076293945,26,,BOL,221,43040,29176,265,331,Rural,Men,Bolivia (Plurinational State of),2006,Total
59.29999923706055,26,,BOL,221,77477,29176,266,331,Rural,Women,Bolivia (Plurinational State of),2006,Indigenous
59.79999923706055,26,,BOL,221,43043,29176,266,331,Rural,Women,Bolivia (Plurinational State of),2006,Not Indigenous or Afro-descendant
59.400001525878906,26,,BOL,221,43040,29176,266,331,Rural,Women,Bolivia (Plurinational State of),2006,Total
58.20000076293945,26,,BOL,221,77477,29176,146,330,Urban,Both sexes,Bolivia (Plurinational State of),2006,Indigenous
54.79999923706055,26,,BOL,221,43043,29176,146,330,Urban,Both sexes,Bolivia (Plurinational State of),2006,Not Indigenous or Afro-descendant
56.29999923706055,26,,BOL,221,43040,29176,146,330,Urban,Both sexes,Bolivia (Plurinational State of),2006,Total
56.70000076293945,26,,BOL,221,77477,29176,265,330,Urban,Men,Bolivia (Plurinational State of),2006,Indigenous
55.099998474121094,26,,BOL,221,43043,29176,265,330,Urban,Men,Bolivia (Plurinational State of),2006,Not Indigenous or Afro-descendant
55.79999923706055,26,,BOL,221,43040,29176,265,330,Urban,Men,Bolivia (Plurinational State of),2006,Total
59.599998474121094,26,,BOL,221,77477,29176,266,330,Urban,Women,Bolivia (Plurinational State of),2006,Indigenous
54.599998474121094,26,,BOL,221,43043,29176,266,330,Urban,Women,Bolivia (Plurinational State of),2006,Not Indigenous or Afro-descendant
56.70000076293945,26,,BOL,221,43040,29176,266,330,Urban,Women,Bolivia (Plurinational State of),2006,Total
57.099998474121094,26,,BOL,221,77477,29177,146,327,National,Both sexes,Bolivia (Plurinational State of),2007,Indigenous
59.5,26,,BOL,221,43043,29177,146,327,National,Both sexes,Bolivia (Plurinational State of),2007,Not Indigenous or Afro-descendant
58.29999923706055,26,,BOL,221,43040,29177,146,327,National,Both sexes,Bolivia (Plurinational State of),2007,Total
55.400001525878906,26,,BOL,221,77477,29177,265,327,National,Men,Bolivia (Plurinational State of),2007,Indigenous
59.900001525878906,26,,BOL,221,43043,29177,265,327,National,Men,Bolivia (Plurinational State of),2007,Not Indigenous or Afro-descendant
57.70000076293945,26,,BOL,221,43040,29177,265,327,National,Men,Bolivia (Plurinational State of),2007,Total
58.599998474121094,26,,BOL,221,77477,29177,266,327,National,Women,Bolivia (Plurinational State of),2007,Indigenous
59.20000076293945,26,,BOL,221,43043,29177,266,327,National,Women,Bolivia (Plurinational State of),2007,Not Indigenous or Afro-descendant
58.900001525878906,26,,BOL,221,43040,29177,266,327,National,Women,Bolivia (Plurinational State of),2007,Total
54.099998474121094,26,,BOL,221,77477,29177,146,331,Rural,Both sexes,Bolivia (Plurinational State of),2007,Indigenous
60.900001525878906,26,13639,BOL,221,43043,29177,146,331,Rural,Both sexes,Bolivia (Plurinational State of),2007,Not Indigenous or Afro-descendant
56.20000076293945,26,,BOL,221,43040,29177,146,331,Rural,Both sexes,Bolivia (Plurinational State of),2007,Total
52.599998474121094,26,13639,BOL,221,77477,29177,265,331,Rural,Men,Bolivia (Plurinational State of),2007,Indigenous
60.599998474121094,26,13639,BOL,221,43043,29177,265,331,Rural,Men,Bolivia (Plurinational State of),2007,Not Indigenous or Afro-descendant
55.29999923706055,26,13639,BOL,221,43040,29177,265,331,Rural,Men,Bolivia (Plurinational State of),2007,Total
55.400001525878906,26,13639,BOL,221,77477,29177,266,331,Rural,Women,Bolivia (Plurinational State of),2007,Indigenous
61.20000076293945,26,13639,BOL,221,43043,29177,266,331,Rural,Women,Bolivia (Plurinational State of),2007,Not Indigenous or Afro-descendant
57.099998474121094,26,13639,BOL,221,43040,29177,266,331,Rural,Women,Bolivia (Plurinational State of),2007,Total
59.5,26,,BOL,221,77477,29177,146,330,Urban,Both sexes,Bolivia (Plurinational State of),2007,Indigenous
59.20000076293945,26,,BOL,221,43043,29177,146,330,Urban,Both sexes,Bolivia (Plurinational State of),2007,Not Indigenous or Afro-descendant
59.29999923706055,26,,BOL,221,43040,29177,146,330,Urban,Both sexes,Bolivia (Plurinational State of),2007,Total
57.599998474121094,26,13639,BOL,221,77477,29177,265,330,Urban,Men,Bolivia (Plurinational State of),2007,Indigenous
59.70000076293945,26,,BOL,221,43043,29177,265,330,Urban,Men,Bolivia (Plurinational State of),2007,Not Indigenous or Afro-descendant
58.900001525878906,26,,BOL,221,43040,29177,265,330,Urban,Men,Bolivia (Plurinational State of),2007,Total
61.20000076293945,26,13639,BOL,221,77477,29177,266,330,Urban,Women,Bolivia (Plurinational State of),2007,Indigenous
58.79999923706055,26,,BOL,221,43043,29177,266,330,Urban,Women,Bolivia (Plurinational State of),2007,Not Indigenous or Afro-descendant
59.79999923706055,26,,BOL,221,43040,29177,266,330,Urban,Women,Bolivia (Plurinational State of),2007,Total
50.900001525878906,26,,BOL,221,77477,29178,146,327,National,Both sexes,Bolivia (Plurinational State of),2008,Indigenous
47.5,26,,BOL,221,43043,29178,146,327,National,Both sexes,Bolivia (Plurinational State of),2008,Not Indigenous or Afro-descendant
49.400001525878906,26,,BOL,221,43040,29178,146,327,National,Both sexes,Bolivia (Plurinational State of),2008,Total
50.599998474121094,26,,BOL,221,77477,29178,265,327,National,Men,Bolivia (Plurinational State of),2008,Indigenous
46.20000076293945,26,,BOL,221,43043,29178,265,327,National,Men,Bolivia (Plurinational State of),2008,Not Indigenous or Afro-descendant
48.599998474121094,26,,BOL,221,43040,29178,265,327,National,Men,Bolivia (Plurinational State of),2008,Total
51.20000076293945,26,,BOL,221,77477,29178,266,327,National,Women,Bolivia (Plurinational State of),2008,Indigenous
48.79999923706055,26,,BOL,221,43043,29178,266,327,National,Women,Bolivia (Plurinational State of),2008,Not Indigenous or Afro-descendant
50.099998474121094,26,,BOL,221,43040,29178,266,327,National,Women,Bolivia (Plurinational State of),2008,Total
56.79999923706055,26,,BOL,221,77477,29178,146,331,Rural,Both sexes,Bolivia (Plurinational State of),2008,Indigenous
55.20000076293945,26,13639,BOL,221,43043,29178,146,331,Rural,Both sexes,Bolivia (Plurinational State of),2008,Not Indigenous or Afro-descendant
56.400001525878906,26,,BOL,221,43040,29178,146,331,Rural,Both sexes,Bolivia (Plurinational State of),2008,Total
55.5,26,13639,BOL,221,77477,29178,265,331,Rural,Men,Bolivia (Plurinational State of),2008,Indigenous
52.400001525878906,26,13639,BOL,221,43043,29178,265,331,Rural,Men,Bolivia (Plurinational State of),2008,Not Indigenous or Afro-descendant
54.79999923706055,26,,BOL,221,43040,29178,265,331,Rural,Men,Bolivia (Plurinational State of),2008,Total
58,26,13639,BOL,221,77477,29178,266,331,Rural,Women,Bolivia (Plurinational State of),2008,Indigenous
57.79999923706055,26,13639,BOL,221,43043,29178,266,331,Rural,Women,Bolivia (Plurinational State of),2008,Not Indigenous or Afro-descendant
58,26,,BOL,221,43040,29178,266,331,Rural,Women,Bolivia (Plurinational State of),2008,Total
46.099998474121094,26,,BOL,221,77477,29178,146,330,Urban,Both sexes,Bolivia (Plurinational State of),2008,Indigenous
45.900001525878906,26,,BOL,221,43043,29178,146,330,Urban,Both sexes,Bolivia (Plurinational State of),2008,Not Indigenous or Afro-descendant
46,26,,BOL,221,43040,29178,146,330,Urban,Both sexes,Bolivia (Plurinational State of),2008,Total
46.400001525878906,26,13639,BOL,221,77477,29178,265,330,Urban,Men,Bolivia (Plurinational State of),2008,Indigenous
44.900001525878906,26,13639,BOL,221,43043,29178,265,330,Urban,Men,Bolivia (Plurinational State of),2008,Not Indigenous or Afro-descendant
45.599998474121094,26,,BOL,221,43040,29178,265,330,Urban,Men,Bolivia (Plurinational State of),2008,Total
45.79999923706055,26,13639,BOL,221,77477,29178,266,330,Urban,Women,Bolivia (Plurinational State of),2008,Indigenous
46.900001525878906,26,,BOL,221,43043,29178,266,330,Urban,Women,Bolivia (Plurinational State of),2008,Not Indigenous or Afro-descendant
46.400001525878906,26,,BOL,221,43040,29178,266,330,Urban,Women,Bolivia (Plurinational State of),2008,Total
49.400001525878906,26,,BOL,221,77477,29179,146,327,National,Both sexes,Bolivia (Plurinational State of),2009,Indigenous
50.599998474121094,26,,BOL,221,43043,29179,146,327,National,Both sexes,Bolivia (Plurinational State of),2009,Not Indigenous or Afro-descendant
50,26,,BOL,221,43040,29179,146,327,National,Both sexes,Bolivia (Plurinational State of),2009,Total
47.900001525878906,26,,BOL,221,77477,29179,265,327,National,Men,Bolivia (Plurinational State of),2009,Indigenous
50,26,,BOL,221,43043,29179,265,327,National,Men,Bolivia (Plurinational State of),2009,Not Indigenous or Afro-descendant
48.900001525878906,26,,BOL,221,43040,29179,265,327,National,Men,Bolivia (Plurinational State of),2009,Total
50.900001525878906,26,,BOL,221,77477,29179,266,327,National,Women,Bolivia (Plurinational State of),2009,Indigenous
51.099998474121094,26,,BOL,221,43043,29179,266,327,National,Women,Bolivia (Plurinational State of),2009,Not Indigenous or Afro-descendant
51,26,,BOL,221,43040,29179,266,327,National,Women,Bolivia (Plurinational State of),2009,Total
52.900001525878906,26,,BOL,221,77477,29179,146,331,Rural,Both sexes,Bolivia (Plurinational State of),2009,Indigenous
52.70000076293945,26,13639,BOL,221,43043,29179,146,331,Rural,Both sexes,Bolivia (Plurinational State of),2009,Not Indigenous or Afro-descendant
52.79999923706055,26,,BOL,221,43040,29179,146,331,Rural,Both sexes,Bolivia (Plurinational State of),2009,Total
51.099998474121094,26,13639,BOL,221,77477,29179,265,331,Rural,Men,Bolivia (Plurinational State of),2009,Indigenous
50.70000076293945,26,13639,BOL,221,43043,29179,265,331,Rural,Men,Bolivia (Plurinational State of),2009,Not Indigenous or Afro-descendant
50.900001525878906,26,,BOL,221,43040,29179,265,331,Rural,Men,Bolivia (Plurinational State of),2009,Total
54.5,26,13639,BOL,221,77477,29179,266,331,Rural,Women,Bolivia (Plurinational State of),2009,Indigenous
54.79999923706055,26,13639,BOL,221,43043,29179,266,331,Rural,Women,Bolivia (Plurinational State of),2009,Not Indigenous or Afro-descendant
54.599998474121094,26,,BOL,221,43040,29179,266,331,Rural,Women,Bolivia (Plurinational State of),2009,Total
46.79999923706055,26,,BOL,221,77477,29179,146,330,Urban,Both sexes,Bolivia (Plurinational State of),2009,Indigenous
50,26,,BOL,221,43043,29179,146,330,Urban,Both sexes,Bolivia (Plurinational State of),2009,Not Indigenous or Afro-descendant
48.599998474121094,26,,BOL,221,43040,29179,146,330,Urban,Both sexes,Bolivia (Plurinational State of),2009,Total
45.5,26,13639,BOL,221,77477,29179,265,330,Urban,Men,Bolivia (Plurinational State of),2009,Indigenous
49.900001525878906,26,13639,BOL,221,43043,29179,265,330,Urban,Men,Bolivia (Plurinational State of),2009,Not Indigenous or Afro-descendant
47.900001525878906,26,,BOL,221,43040,29179,265,330,Urban,Men,Bolivia (Plurinational State of),2009,Total
48.099998474121094,26,13639,BOL,221,77477,29179,266,330,Urban,Women,Bolivia (Plurinational State of),2009,Indigenous
50.20000076293945,26,,BOL,221,43043,29179,266,330,Urban,Women,Bolivia (Plurinational State of),2009,Not Indigenous or Afro-descendant
49.29999923706055,26,,BOL,221,43040,29179,266,330,Urban,Women,Bolivia (Plurinational State of),2009,Total
52.5,26,,BOL,221,77477,29181,146,327,National,Both sexes,Bolivia (Plurinational State of),2011,Indigenous
48,26,,BOL,221,43043,29181,146,327,National,Both sexes,Bolivia (Plurinational State of),2011,Not Indigenous or Afro-descendant
49.400001525878906,26,,BOL,221,43040,29181,146,327,National,Both sexes,Bolivia (Plurinational State of),2011,Total
51.70000076293945,26,,BOL,221,77477,29181,265,327,National,Men,Bolivia (Plurinational State of),2011,Indigenous
48.099998474121094,26,,BOL,221,43043,29181,265,327,National,Men,Bolivia (Plurinational State of),2011,Not Indigenous or Afro-descendant
49.20000076293945,26,,BOL,221,43040,29181,265,327,National,Men,Bolivia (Plurinational State of),2011,Total
53.29999923706055,26,,BOL,221,77477,29181,266,327,National,Women,Bolivia (Plurinational State of),2011,Indigenous
47.900001525878906,26,,BOL,221,43043,29181,266,327,National,Women,Bolivia (Plurinational State of),2011,Not Indigenous or Afro-descendant
49.70000076293945,26,,BOL,221,43040,29181,266,327,National,Women,Bolivia (Plurinational State of),2011,Total
55.5,26,,BOL,221,77477,29181,146,331,Rural,Both sexes,Bolivia (Plurinational State of),2011,Indigenous
58.79999923706055,26,,BOL,221,43043,29181,146,331,Rural,Both sexes,Bolivia (Plurinational State of),2011,Not Indigenous or Afro-descendant
56.900001525878906,26,,BOL,221,43040,29181,146,331,Rural,Both sexes,Bolivia (Plurinational State of),2011,Total
55.5,26,,BOL,221,77477,29181,265,331,Rural,Men,Bolivia (Plurinational State of),2011,Indigenous
59.29999923706055,26,,BOL,221,43043,29181,265,331,Rural,Men,Bolivia (Plurinational State of),2011,Not Indigenous or Afro-descendant
57.20000076293945,26,,BOL,221,43040,29181,265,331,Rural,Men,Bolivia (Plurinational State of),2011,Total
55.400001525878906,26,,BOL,221,77477,29181,266,331,Rural,Women,Bolivia (Plurinational State of),2011,Indigenous
58.099998474121094,26,13639,BOL,221,43043,29181,266,331,Rural,Women,Bolivia (Plurinational State of),2011,Not Indigenous or Afro-descendant
56.5,26,,BOL,221,43040,29181,266,331,Rural,Women,Bolivia (Plurinational State of),2011,Total
48.29999923706055,26,,BOL,221,77477,29181,146,330,Urban,Both sexes,Bolivia (Plurinational State of),2011,Indigenous
45.29999923706055,26,,BOL,221,43043,29181,146,330,Urban,Both sexes,Bolivia (Plurinational State of),2011,Not Indigenous or Afro-descendant
45.900001525878906,26,,BOL,221,43040,29181,146,330,Urban,Both sexes,Bolivia (Plurinational State of),2011,Total
46.20000076293945,26,13639,BOL,221,77477,29181,265,330,Urban,Men,Bolivia (Plurinational State of),2011,Indigenous
45,26,,BOL,221,43043,29181,265,330,Urban,Men,Bolivia (Plurinational State of),2011,Not Indigenous or Afro-descendant
45.20000076293945,26,,BOL,221,43040,29181,265,330,Urban,Men,Bolivia (Plurinational State of),2011,Total
50.29999923706055,26,13639,BOL,221,77477,29181,266,330,Urban,Women,Bolivia (Plurinational State of),2011,Indigenous
45.599998474121094,26,,BOL,221,43043,29181,266,330,Urban,Women,Bolivia (Plurinational State of),2011,Not Indigenous or Afro-descendant
46.5,26,,BOL,221,43040,29181,266,330,Urban,Women,Bolivia (Plurinational State of),2011,Total
53.20000076293945,26,,BOL,221,77477,29182,146,327,National,Both sexes,Bolivia (Plurinational State of),2012,Indigenous
49,26,,BOL,221,43043,29182,146,327,National,Both sexes,Bolivia (Plurinational State of),2012,Not Indigenous or Afro-descendant
50.29999923706055,26,,BOL,221,43040,29182,146,327,National,Both sexes,Bolivia (Plurinational State of),2012,Total
53,26,,BOL,221,77477,29182,265,327,National,Men,Bolivia (Plurinational State of),2012,Indigenous
48.29999923706055,26,,BOL,221,43043,29182,265,327,National,Men,Bolivia (Plurinational State of),2012,Not Indigenous or Afro-descendant
49.70000076293945,26,,BOL,221,43040,29182,265,327,National,Men,Bolivia (Plurinational State of),2012,Total
53.400001525878906,26,,BOL,221,77477,29182,266,327,National,Women,Bolivia (Plurinational State of),2012,Indigenous
49.70000076293945,26,,BOL,221,43043,29182,266,327,National,Women,Bolivia (Plurinational State of),2012,Not Indigenous or Afro-descendant
50.79999923706055,26,,BOL,221,43040,29182,266,327,National,Women,Bolivia (Plurinational State of),2012,Total
57,26,,BOL,221,77477,29182,146,331,Rural,Both sexes,Bolivia (Plurinational State of),2012,Indigenous
62.099998474121094,26,,BOL,221,43043,29182,146,331,Rural,Both sexes,Bolivia (Plurinational State of),2012,Not Indigenous or Afro-descendant
59.20000076293945,26,,BOL,221,43040,29182,146,331,Rural,Both sexes,Bolivia (Plurinational State of),2012,Total
57,26,,BOL,221,77477,29182,265,331,Rural,Men,Bolivia (Plurinational State of),2012,Indigenous
62.20000076293945,26,,BOL,221,43043,29182,265,331,Rural,Men,Bolivia (Plurinational State of),2012,Not Indigenous or Afro-descendant
59.20000076293945,26,,BOL,221,43040,29182,265,331,Rural,Men,Bolivia (Plurinational State of),2012,Total
57.099998474121094,26,,BOL,221,77477,29182,266,331,Rural,Women,Bolivia (Plurinational State of),2012,Indigenous
62,26,,BOL,221,43043,29182,266,331,Rural,Women,Bolivia (Plurinational State of),2012,Not Indigenous or Afro-descendant
59.099998474121094,26,,BOL,221,43040,29182,266,331,Rural,Women,Bolivia (Plurinational State of),2012,Total
46.599998474121094,26,,BOL,221,77477,29182,146,330,Urban,Both sexes,Bolivia (Plurinational State of),2012,Indigenous
45.79999923706055,26,,BOL,221,43043,29182,146,330,Urban,Both sexes,Bolivia (Plurinational State of),2012,Not Indigenous or Afro-descendant
46,26,,BOL,221,43040,29182,146,330,Urban,Both sexes,Bolivia (Plurinational State of),2012,Total
46,26,13639,BOL,221,77477,29182,265,330,Urban,Men,Bolivia (Plurinational State of),2012,Indigenous
44.70000076293945,26,,BOL,221,43043,29182,265,330,Urban,Men,Bolivia (Plurinational State of),2012,Not Indigenous or Afro-descendant
44.900001525878906,26,,BOL,221,43040,29182,265,330,Urban,Men,Bolivia (Plurinational State of),2012,Total
47.20000076293945,26,13639,BOL,221,77477,29182,266,330,Urban,Women,Bolivia (Plurinational State of),2012,Indigenous
46.900001525878906,26,,BOL,221,43043,29182,266,330,Urban,Women,Bolivia (Plurinational State of),2012,Not Indigenous or Afro-descendant
46.900001525878906,26,,BOL,221,43040,29182,266,330,Urban,Women,Bolivia (Plurinational State of),2012,Total
47.5,26,,BOL,221,77477,29183,146,327,National,Both sexes,Bolivia (Plurinational State of),2013,Indigenous
48,26,,BOL,221,43043,29183,146,327,National,Both sexes,Bolivia (Plurinational State of),2013,Not Indigenous or Afro-descendant
47.900001525878906,26,,BOL,221,43040,29183,146,327,National,Both sexes,Bolivia (Plurinational State of),2013,Total
46.400001525878906,26,,BOL,221,77477,29183,265,327,National,Men,Bolivia (Plurinational State of),2013,Indigenous
47.400001525878906,26,,BOL,221,43043,29183,265,327,National,Men,Bolivia (Plurinational State of),2013,Not Indigenous or Afro-descendant
47.099998474121094,26,,BOL,221,43040,29183,265,327,National,Men,Bolivia (Plurinational State of),2013,Total
48.400001525878906,26,,BOL,221,77477,29183,266,327,National,Women,Bolivia (Plurinational State of),2013,Indigenous
48.599998474121094,26,,BOL,221,43043,29183,266,327,National,Women,Bolivia (Plurinational State of),2013,Not Indigenous or Afro-descendant
48.599998474121094,26,,BOL,221,43040,29183,266,327,National,Women,Bolivia (Plurinational State of),2013,Total
49.79999923706055,26,,BOL,221,77477,29183,146,331,Rural,Both sexes,Bolivia (Plurinational State of),2013,Indigenous
60.29999923706055,26,,BOL,221,43043,29183,146,331,Rural,Both sexes,Bolivia (Plurinational State of),2013,Not Indigenous or Afro-descendant
55,26,,BOL,221,43040,29183,146,331,Rural,Both sexes,Bolivia (Plurinational State of),2013,Total
49.5,26,13639,BOL,221,77477,29183,265,331,Rural,Men,Bolivia (Plurinational State of),2013,Indigenous
60,26,,BOL,221,43043,29183,265,331,Rural,Men,Bolivia (Plurinational State of),2013,Not Indigenous or Afro-descendant
54.79999923706055,26,,BOL,221,43040,29183,265,331,Rural,Men,Bolivia (Plurinational State of),2013,Total
50,26,13639,BOL,221,77477,29183,266,331,Rural,Women,Bolivia (Plurinational State of),2013,Indigenous
60.599998474121094,26,,BOL,221,43043,29183,266,331,Rural,Women,Bolivia (Plurinational State of),2013,Not Indigenous or Afro-descendant
55.20000076293945,26,,BOL,221,43040,29183,266,331,Rural,Women,Bolivia (Plurinational State of),2013,Total
44.599998474121094,26,,BOL,221,77477,29183,146,330,Urban,Both sexes,Bolivia (Plurinational State of),2013,Indigenous
44.5,26,,BOL,221,43043,29183,146,330,Urban,Both sexes,Bolivia (Plurinational State of),2013,Not Indigenous or Afro-descendant
44.5,26,,BOL,221,43040,29183,146,330,Urban,Both sexes,Bolivia (Plurinational State of),2013,Total
42.599998474121094,26,,BOL,221,77477,29183,265,330,Urban,Men,Bolivia (Plurinational State of),2013,Indigenous
43.70000076293945,26,,BOL,221,43043,29183,265,330,Urban,Men,Bolivia (Plurinational State of),2013,Not Indigenous or Afro-descendant
43.5,26,,BOL,221,43040,29183,265,330,Urban,Men,Bolivia (Plurinational State of),2013,Total
46.400001525878906,26,,BOL,221,77477,29183,266,330,Urban,Women,Bolivia (Plurinational State of),2013,Indigenous
45.29999923706055,26,,BOL,221,43043,29183,266,330,Urban,Women,Bolivia (Plurinational State of),2013,Not Indigenous or Afro-descendant
45.5,26,,BOL,221,43040,29183,266,330,Urban,Women,Bolivia (Plurinational State of),2013,Total
51.70000076293945,26,,BOL,221,77477,29184,146,327,National,Both sexes,Bolivia (Plurinational State of),2014,Indigenous
51.400001525878906,26,,BOL,221,43043,29184,146,327,National,Both sexes,Bolivia (Plurinational State of),2014,Not Indigenous or Afro-descendant
51.5,26,,BOL,221,43040,29184,146,327,National,Both sexes,Bolivia (Plurinational State of),2014,Total
51,26,,BOL,221,77477,29184,265,327,National,Men,Bolivia (Plurinational State of),2014,Indigenous
51.099998474121094,26,,BOL,221,43043,29184,265,327,National,Men,Bolivia (Plurinational State of),2014,Not Indigenous or Afro-descendant
51.099998474121094,26,,BOL,221,43040,29184,265,327,National,Men,Bolivia (Plurinational State of),2014,Total
52.29999923706055,26,,BOL,221,77477,29184,266,327,National,Women,Bolivia (Plurinational State of),2014,Indigenous
51.599998474121094,26,,BOL,221,43043,29184,266,327,National,Women,Bolivia (Plurinational State of),2014,Not Indigenous or Afro-descendant
51.79999923706055,26,,BOL,221,43040,29184,266,327,National,Women,Bolivia (Plurinational State of),2014,Total
52.099998474121094,26,,BOL,221,77477,29184,146,331,Rural,Both sexes,Bolivia (Plurinational State of),2014,Indigenous
62.400001525878906,26,,BOL,221,43043,29184,146,331,Rural,Both sexes,Bolivia (Plurinational State of),2014,Not Indigenous or Afro-descendant
56.5,26,,BOL,221,43040,29184,146,331,Rural,Both sexes,Bolivia (Plurinational State of),2014,Total
51.20000076293945,26,13639,BOL,221,77477,29184,265,331,Rural,Men,Bolivia (Plurinational State of),2014,Indigenous
62.29999923706055,26,,BOL,221,43043,29184,265,331,Rural,Men,Bolivia (Plurinational State of),2014,Not Indigenous or Afro-descendant
56,26,,BOL,221,43040,29184,265,331,Rural,Men,Bolivia (Plurinational State of),2014,Total
53.099998474121094,26,,BOL,221,77477,29184,266,331,Rural,Women,Bolivia (Plurinational State of),2014,Indigenous
62.599998474121094,26,,BOL,221,43043,29184,266,331,Rural,Women,Bolivia (Plurinational State of),2014,Not Indigenous or Afro-descendant
57,26,,BOL,221,43040,29184,266,331,Rural,Women,Bolivia (Plurinational State of),2014,Total
51.099998474121094,26,,BOL,221,77477,29184,146,330,Urban,Both sexes,Bolivia (Plurinational State of),2014,Indigenous
48.599998474121094,26,,BOL,221,43043,29184,146,330,Urban,Both sexes,Bolivia (Plurinational State of),2014,Not Indigenous or Afro-descendant
49.099998474121094,26,,BOL,221,43040,29184,146,330,Urban,Both sexes,Bolivia (Plurinational State of),2014,Total
50.900001525878906,26,,BOL,221,77477,29184,265,330,Urban,Men,Bolivia (Plurinational State of),2014,Indigenous
48.20000076293945,26,,BOL,221,43043,29184,265,330,Urban,Men,Bolivia (Plurinational State of),2014,Not Indigenous or Afro-descendant
48.79999923706055,26,,BOL,221,43040,29184,265,330,Urban,Men,Bolivia (Plurinational State of),2014,Total
51.20000076293945,26,,BOL,221,77477,29184,266,330,Urban,Women,Bolivia (Plurinational State of),2014,Indigenous
49,26,,BOL,221,43043,29184,266,330,Urban,Women,Bolivia (Plurinational State of),2014,Not Indigenous or Afro-descendant
49.5,26,,BOL,221,43040,29184,266,330,Urban,Women,Bolivia (Plurinational State of),2014,Total
48.900001525878906,26,,BOL,221,77477,29185,146,327,National,Both sexes,Bolivia (Plurinational State of),2015,Indigenous
49.5,26,,BOL,221,43043,29185,146,327,National,Both sexes,Bolivia (Plurinational State of),2015,Not Indigenous or Afro-descendant
49.29999923706055,26,,BOL,221,43040,29185,146,327,National,Both sexes,Bolivia (Plurinational State of),2015,Total
48.099998474121094,26,,BOL,221,77477,29185,265,327,National,Men,Bolivia (Plurinational State of),2015,Indigenous
48.900001525878906,26,,BOL,221,43043,29185,265,327,National,Men,Bolivia (Plurinational State of),2015,Not Indigenous or Afro-descendant
48.70000076293945,26,,BOL,221,43040,29185,265,327,National,Men,Bolivia (Plurinational State of),2015,Total
49.599998474121094,26,,BOL,221,77477,29185,266,327,National,Women,Bolivia (Plurinational State of),2015,Indigenous
50.099998474121094,26,,BOL,221,43043,29185,266,327,National,Women,Bolivia (Plurinational State of),2015,Not Indigenous or Afro-descendant
49.900001525878906,26,,BOL,221,43040,29185,266,327,National,Women,Bolivia (Plurinational State of),2015,Total
52.599998474121094,26,,BOL,221,77477,29185,146,331,Rural,Both sexes,Bolivia (Plurinational State of),2015,Indigenous
60.400001525878906,26,,BOL,221,43043,29185,146,331,Rural,Both sexes,Bolivia (Plurinational State of),2015,Not Indigenous or Afro-descendant
56.79999923706055,26,,BOL,221,43040,29185,146,331,Rural,Both sexes,Bolivia (Plurinational State of),2015,Total
51.70000076293945,26,13639,BOL,221,77477,29185,265,331,Rural,Men,Bolivia (Plurinational State of),2015,Indigenous
60.099998474121094,26,,BOL,221,43043,29185,265,331,Rural,Men,Bolivia (Plurinational State of),2015,Not Indigenous or Afro-descendant
56.29999923706055,26,,BOL,221,43040,29185,265,331,Rural,Men,Bolivia (Plurinational State of),2015,Total
53.5,26,13639,BOL,221,77477,29185,266,331,Rural,Women,Bolivia (Plurinational State of),2015,Indigenous
60.70000076293945,26,,BOL,221,43043,29185,266,331,Rural,Women,Bolivia (Plurinational State of),2015,Not Indigenous or Afro-descendant
57.29999923706055,26,,BOL,221,43040,29185,266,331,Rural,Women,Bolivia (Plurinational State of),2015,Total
44.5,26,,BOL,221,77477,29185,146,330,Urban,Both sexes,Bolivia (Plurinational State of),2015,Indigenous
46.20000076293945,26,,BOL,221,43043,29185,146,330,Urban,Both sexes,Bolivia (Plurinational State of),2015,Not Indigenous or Afro-descendant
45.900001525878906,26,,BOL,221,43040,29185,146,330,Urban,Both sexes,Bolivia (Plurinational State of),2015,Total
43.79999923706055,26,,BOL,221,77477,29185,265,330,Urban,Men,Bolivia (Plurinational State of),2015,Indigenous
45.400001525878906,26,,BOL,221,43043,29185,265,330,Urban,Men,Bolivia (Plurinational State of),2015,Not Indigenous or Afro-descendant
45.099998474121094,26,,BOL,221,43040,29185,265,330,Urban,Men,Bolivia (Plurinational State of),2015,Total
45.20000076293945,26,,BOL,221,77477,29185,266,330,Urban,Women,Bolivia (Plurinational State of),2015,Indigenous
47,26,,BOL,221,43043,29185,266,330,Urban,Women,Bolivia (Plurinational State of),2015,Not Indigenous or Afro-descendant
46.70000076293945,26,,BOL,221,43040,29185,266,330,Urban,Women,Bolivia (Plurinational State of),2015,Total
48.29999923706055,26,,BOL,221,77477,29186,146,327,National,Both sexes,Bolivia (Plurinational State of),2016,Indigenous
49.79999923706055,26,,BOL,221,43043,29186,146,327,National,Both sexes,Bolivia (Plurinational State of),2016,Not Indigenous or Afro-descendant
49.29999923706055,26,,BOL,221,43040,29186,146,327,National,Both sexes,Bolivia (Plurinational State of),2016,Total
46.79999923706055,26,,BOL,221,77477,29186,265,327,National,Men,Bolivia (Plurinational State of),2016,Indigenous
48.900001525878906,26,,BOL,221,43043,29186,265,327,National,Men,Bolivia (Plurinational State of),2016,Not Indigenous or Afro-descendant
48.20000076293945,26,,BOL,221,43040,29186,265,327,National,Men,Bolivia (Plurinational State of),2016,Total
49.70000076293945,26,,BOL,221,77477,29186,266,327,National,Women,Bolivia (Plurinational State of),2016,Indigenous
50.599998474121094,26,,BOL,221,43043,29186,266,327,National,Women,Bolivia (Plurinational State of),2016,Not Indigenous or Afro-descendant
50.29999923706055,26,,BOL,221,43040,29186,266,327,National,Women,Bolivia (Plurinational State of),2016,Total
52.70000076293945,26,,BOL,221,77477,29186,146,331,Rural,Both sexes,Bolivia (Plurinational State of),2016,Indigenous
59.900001525878906,26,,BOL,221,43043,29186,146,331,Rural,Both sexes,Bolivia (Plurinational State of),2016,Not Indigenous or Afro-descendant
55.79999923706055,26,,BOL,221,43040,29186,146,331,Rural,Both sexes,Bolivia (Plurinational State of),2016,Total
50.400001525878906,26,,BOL,221,77477,29186,265,331,Rural,Men,Bolivia (Plurinational State of),2016,Indigenous
59.29999923706055,26,,BOL,221,43043,29186,265,331,Rural,Men,Bolivia (Plurinational State of),2016,Not Indigenous or Afro-descendant
54.29999923706055,26,,BOL,221,43040,29186,265,331,Rural,Men,Bolivia (Plurinational State of),2016,Total
54.79999923706055,26,,BOL,221,77477,29186,266,331,Rural,Women,Bolivia (Plurinational State of),2016,Indigenous
60.400001525878906,26,,BOL,221,43043,29186,266,331,Rural,Women,Bolivia (Plurinational State of),2016,Not Indigenous or Afro-descendant
57.099998474121094,26,,BOL,221,43040,29186,266,331,Rural,Women,Bolivia (Plurinational State of),2016,Total
43.599998474121094,26,,BOL,221,77477,29186,146,330,Urban,Both sexes,Bolivia (Plurinational State of),2016,Indigenous
47.20000076293945,26,,BOL,221,43043,29186,146,330,Urban,Both sexes,Bolivia (Plurinational State of),2016,Not Indigenous or Afro-descendant
46.29999923706055,26,,BOL,221,43040,29186,146,330,Urban,Both sexes,Bolivia (Plurinational State of),2016,Total
42.900001525878906,26,,BOL,221,77477,29186,265,330,Urban,Men,Bolivia (Plurinational State of),2016,Indigenous
46.20000076293945,26,,BOL,221,43043,29186,265,330,Urban,Men,Bolivia (Plurinational State of),2016,Not Indigenous or Afro-descendant
45.400001525878906,26,,BOL,221,43040,29186,265,330,Urban,Men,Bolivia (Plurinational State of),2016,Total
44.20000076293945,26,,BOL,221,77477,29186,266,330,Urban,Women,Bolivia (Plurinational State of),2016,Indigenous
48.099998474121094,26,,BOL,221,43043,29186,266,330,Urban,Women,Bolivia (Plurinational State of),2016,Not Indigenous or Afro-descendant
47.20000076293945,26,,BOL,221,43040,29186,266,330,Urban,Women,Bolivia (Plurinational State of),2016,Total
44.099998474121094,26,,BOL,221,77477,29187,146,327,National,Both sexes,Bolivia (Plurinational State of),2017,Indigenous
46.5,26,,BOL,221,43043,29187,146,327,National,Both sexes,Bolivia (Plurinational State of),2017,Not Indigenous or Afro-descendant
45.79999923706055,26,,BOL,221,43040,29187,146,327,National,Both sexes,Bolivia (Plurinational State of),2017,Total
43,26,,BOL,221,77477,29187,265,327,National,Men,Bolivia (Plurinational State of),2017,Indigenous
45.79999923706055,26,,BOL,221,43043,29187,265,327,National,Men,Bolivia (Plurinational State of),2017,Not Indigenous or Afro-descendant
44.900001525878906,26,,BOL,221,43040,29187,265,327,National,Men,Bolivia (Plurinational State of),2017,Total
45.20000076293945,26,,BOL,221,77477,29187,266,327,National,Women,Bolivia (Plurinational State of),2017,Indigenous
47.29999923706055,26,,BOL,221,43043,29187,266,327,National,Women,Bolivia (Plurinational State of),2017,Not Indigenous or Afro-descendant
46.599998474121094,26,,BOL,221,43040,29187,266,327,National,Women,Bolivia (Plurinational State of),2017,Total
46.400001525878906,26,,BOL,221,77477,29187,146,331,Rural,Both sexes,Bolivia (Plurinational State of),2017,Indigenous
55.400001525878906,26,,BOL,221,43043,29187,146,331,Rural,Both sexes,Bolivia (Plurinational State of),2017,Not Indigenous or Afro-descendant
50.099998474121094,26,,BOL,221,43040,29187,146,331,Rural,Both sexes,Bolivia (Plurinational State of),2017,Total
45.70000076293945,26,13639,BOL,221,77477,29187,265,331,Rural,Men,Bolivia (Plurinational State of),2017,Indigenous
54.900001525878906,26,,BOL,221,43043,29187,265,331,Rural,Men,Bolivia (Plurinational State of),2017,Not Indigenous or Afro-descendant
49.599998474121094,26,,BOL,221,43040,29187,265,331,Rural,Men,Bolivia (Plurinational State of),2017,Total
47.099998474121094,26,,BOL,221,77477,29187,266,331,Rural,Women,Bolivia (Plurinational State of),2017,Indigenous
55.900001525878906,26,,BOL,221,43043,29187,266,331,Rural,Women,Bolivia (Plurinational State of),2017,Not Indigenous or Afro-descendant
50.5,26,,BOL,221,43040,29187,266,331,Rural,Women,Bolivia (Plurinational State of),2017,Total
41.20000076293945,26,,BOL,221,77477,29187,146,330,Urban,Both sexes,Bolivia (Plurinational State of),2017,Indigenous
44.5,26,,BOL,221,43043,29187,146,330,Urban,Both sexes,Bolivia (Plurinational State of),2017,Not Indigenous or Afro-descendant
43.900001525878906,26,,BOL,221,43040,29187,146,330,Urban,Both sexes,Bolivia (Plurinational State of),2017,Total
39.5,26,,BOL,221,77477,29187,265,330,Urban,Men,Bolivia (Plurinational State of),2017,Indigenous
43.599998474121094,26,,BOL,221,43043,29187,265,330,Urban,Men,Bolivia (Plurinational State of),2017,Not Indigenous or Afro-descendant
42.79999923706055,26,,BOL,221,43040,29187,265,330,Urban,Men,Bolivia (Plurinational State of),2017,Total
42.79999923706055,26,,BOL,221,77477,29187,266,330,Urban,Women,Bolivia (Plurinational State of),2017,Indigenous
45.400001525878906,26,,BOL,221,43043,29187,266,330,Urban,Women,Bolivia (Plurinational State of),2017,Not Indigenous or Afro-descendant
44.900001525878906,26,,BOL,221,43040,29187,266,330,Urban,Women,Bolivia (Plurinational State of),2017,Total
44,26,,BOL,221,77477,29188,146,327,National,Both sexes,Bolivia (Plurinational State of),2018,Indigenous
43.400001525878906,26,,BOL,221,43043,29188,146,327,National,Both sexes,Bolivia (Plurinational State of),2018,Not Indigenous or Afro-descendant
43.5,26,,BOL,221,43040,29188,146,327,National,Both sexes,Bolivia (Plurinational State of),2018,Total
42.5,26,,BOL,221,77477,29188,265,327,National,Men,Bolivia (Plurinational State of),2018,Indigenous
42.400001525878906,26,,BOL,221,43043,29188,265,327,National,Men,Bolivia (Plurinational State of),2018,Not Indigenous or Afro-descendant
42.5,26,,BOL,221,43040,29188,265,327,National,Men,Bolivia (Plurinational State of),2018,Total
45.400001525878906,26,,BOL,221,77477,29188,266,327,National,Women,Bolivia (Plurinational State of),2018,Indigenous
44.29999923706055,26,,BOL,221,43043,29188,266,327,National,Women,Bolivia (Plurinational State of),2018,Not Indigenous or Afro-descendant
44.599998474121094,26,,BOL,221,43040,29188,266,327,National,Women,Bolivia (Plurinational State of),2018,Total
48.20000076293945,26,,BOL,221,77477,29188,146,331,Rural,Both sexes,Bolivia (Plurinational State of),2018,Indigenous
53.79999923706055,26,,BOL,221,43043,29188,146,331,Rural,Both sexes,Bolivia (Plurinational State of),2018,Not Indigenous or Afro-descendant
51.400001525878906,26,,BOL,221,43040,29188,146,331,Rural,Both sexes,Bolivia (Plurinational State of),2018,Total
47.20000076293945,26,13639,BOL,221,77477,29188,265,331,Rural,Men,Bolivia (Plurinational State of),2018,Indigenous
51.70000076293945,26,,BOL,221,43043,29188,265,331,Rural,Men,Bolivia (Plurinational State of),2018,Not Indigenous or Afro-descendant
49.70000076293945,26,,BOL,221,43040,29188,265,331,Rural,Men,Bolivia (Plurinational State of),2018,Total
49.20000076293945,26,13639,BOL,221,77477,29188,266,331,Rural,Women,Bolivia (Plurinational State of),2018,Indigenous
56,26,,BOL,221,43043,29188,266,331,Rural,Women,Bolivia (Plurinational State of),2018,Not Indigenous or Afro-descendant
53,26,,BOL,221,43040,29188,266,331,Rural,Women,Bolivia (Plurinational State of),2018,Total
39.20000076293945,26,,BOL,221,77477,29188,146,330,Urban,Both sexes,Bolivia (Plurinational State of),2018,Indigenous
40.29999923706055,26,,BOL,221,43043,29188,146,330,Urban,Both sexes,Bolivia (Plurinational State of),2018,Not Indigenous or Afro-descendant
40.099998474121094,26,,BOL,221,43040,29188,146,330,Urban,Both sexes,Bolivia (Plurinational State of),2018,Total
36.900001525878906,26,,BOL,221,77477,29188,265,330,Urban,Men,Bolivia (Plurinational State of),2018,Indigenous
39.599998474121094,26,,BOL,221,43043,29188,265,330,Urban,Men,Bolivia (Plurinational State of),2018,Not Indigenous or Afro-descendant
39.20000076293945,26,,BOL,221,43040,29188,265,330,Urban,Men,Bolivia (Plurinational State of),2018,Total
41.29999923706055,26,,BOL,221,77477,29188,266,330,Urban,Women,Bolivia (Plurinational State of),2018,Indigenous
40.900001525878906,26,,BOL,221,43043,29188,266,330,Urban,Women,Bolivia (Plurinational State of),2018,Not Indigenous or Afro-descendant
41,26,,BOL,221,43040,29188,266,330,Urban,Women,Bolivia (Plurinational State of),2018,Total
40.29999923706055,26,,BOL,221,77477,29189,146,327,National,Both sexes,Bolivia (Plurinational State of),2019,Indigenous
43,26,,BOL,221,43043,29189,146,327,National,Both sexes,Bolivia (Plurinational State of),2019,Not Indigenous or Afro-descendant
42.29999923706055,26,,BOL,221,43040,29189,146,327,National,Both sexes,Bolivia (Plurinational State of),2019,Total
39.099998474121094,26,,BOL,221,77477,29189,265,327,National,Men,Bolivia (Plurinational State of),2019,Indigenous
42.599998474121094,26,,BOL,221,43043,29189,265,327,National,Men,Bolivia (Plurinational State of),2019,Not Indigenous or Afro-descendant
41.70000076293945,26,,BOL,221,43040,29189,265,327,National,Men,Bolivia (Plurinational State of),2019,Total
41.400001525878906,26,,BOL,221,77477,29189,266,327,National,Women,Bolivia (Plurinational State of),2019,Indigenous
43.400001525878906,26,,BOL,221,43043,29189,266,327,National,Women,Bolivia (Plurinational State of),2019,Not Indigenous or Afro-descendant
42.900001525878906,26,,BOL,221,43040,29189,266,327,National,Women,Bolivia (Plurinational State of),2019,Total
42.400001525878906,26,,BOL,221,77477,29189,146,331,Rural,Both sexes,Bolivia (Plurinational State of),2019,Indigenous
53,26,,BOL,221,43043,29189,146,331,Rural,Both sexes,Bolivia (Plurinational State of),2019,Not Indigenous or Afro-descendant
47.900001525878906,26,,BOL,221,43040,29189,146,331,Rural,Both sexes,Bolivia (Plurinational State of),2019,Total
41.20000076293945,26,13639,BOL,221,77477,29189,265,331,Rural,Men,Bolivia (Plurinational State of),2019,Indigenous
52.79999923706055,26,,BOL,221,43043,29189,265,331,Rural,Men,Bolivia (Plurinational State of),2019,Not Indigenous or Afro-descendant
47.400001525878906,26,,BOL,221,43040,29189,265,331,Rural,Men,Bolivia (Plurinational State of),2019,Total
43.599998474121094,26,13639,BOL,221,77477,29189,266,331,Rural,Women,Bolivia (Plurinational State of),2019,Indigenous
53.29999923706055,26,,BOL,221,43043,29189,266,331,Rural,Women,Bolivia (Plurinational State of),2019,Not Indigenous or Afro-descendant
48.5,26,,BOL,221,43040,29189,266,331,Rural,Women,Bolivia (Plurinational State of),2019,Total
37.599998474121094,26,,BOL,221,77477,29189,146,330,Urban,Both sexes,Bolivia (Plurinational State of),2019,Indigenous
40.29999923706055,26,,BOL,221,43043,29189,146,330,Urban,Both sexes,Bolivia (Plurinational State of),2019,Not Indigenous or Afro-descendant
39.900001525878906,26,,BOL,221,43040,29189,146,330,Urban,Both sexes,Bolivia (Plurinational State of),2019,Total
36.29999923706055,26,,BOL,221,77477,29189,265,330,Urban,Men,Bolivia (Plurinational State of),2019,Indigenous
39.79999923706055,26,,BOL,221,43043,29189,265,330,Urban,Men,Bolivia (Plurinational State of),2019,Not Indigenous or Afro-descendant
39.20000076293945,26,,BOL,221,43040,29189,265,330,Urban,Men,Bolivia (Plurinational State of),2019,Total
38.70000076293945,26,,BOL,221,77477,29189,266,330,Urban,Women,Bolivia (Plurinational State of),2019,Indigenous
40.79999923706055,26,,BOL,221,43043,29189,266,330,Urban,Women,Bolivia (Plurinational State of),2019,Not Indigenous or Afro-descendant
40.5,26,,BOL,221,43040,29189,266,330,Urban,Women,Bolivia (Plurinational State of),2019,Total
37.5,26,,BOL,221,77477,29191,146,327,National,Both sexes,Bolivia (Plurinational State of),2021,Indigenous
36.900001525878906,26,,BOL,221,43043,29191,146,327,National,Both sexes,Bolivia (Plurinational State of),2021,Not Indigenous or Afro-descendant
37,26,,BOL,221,43040,29191,146,327,National,Both sexes,Bolivia (Plurinational State of),2021,Total
36.5,26,,BOL,221,77477,29191,265,327,National,Men,Bolivia (Plurinational State of),2021,Indigenous
36.400001525878906,26,,BOL,221,43043,29191,265,327,National,Men,Bolivia (Plurinational State of),2021,Not Indigenous or Afro-descendant
36.400001525878906,26,,BOL,221,43040,29191,265,327,National,Men,Bolivia (Plurinational State of),2021,Total
38.599998474121094,26,,BOL,221,77477,29191,266,327,National,Women,Bolivia (Plurinational State of),2021,Indigenous
37.29999923706055,26,,BOL,221,43043,29191,266,327,National,Women,Bolivia (Plurinational State of),2021,Not Indigenous or Afro-descendant
37.70000076293945,26,,BOL,221,43040,29191,266,327,National,Women,Bolivia (Plurinational State of),2021,Total
40.400001525878906,26,,BOL,221,77477,29191,146,331,Rural,Both sexes,Bolivia (Plurinational State of),2021,Indigenous
48.599998474121094,26,,BOL,221,43043,29191,146,331,Rural,Both sexes,Bolivia (Plurinational State of),2021,Not Indigenous or Afro-descendant
44.70000076293945,26,,BOL,221,43040,29191,146,331,Rural,Both sexes,Bolivia (Plurinational State of),2021,Total
39.900001525878906,26,13639,BOL,221,77477,29191,265,331,Rural,Men,Bolivia (Plurinational State of),2021,Indigenous
47.5,26,,BOL,221,43043,29191,265,331,Rural,Men,Bolivia (Plurinational State of),2021,Not Indigenous or Afro-descendant
43.900001525878906,26,,BOL,221,43040,29191,265,331,Rural,Men,Bolivia (Plurinational State of),2021,Total
40.900001525878906,26,13639,BOL,221,77477,29191,266,331,Rural,Women,Bolivia (Plurinational State of),2021,Indigenous
49.70000076293945,26,,BOL,221,43043,29191,266,331,Rural,Women,Bolivia (Plurinational State of),2021,Not Indigenous or Afro-descendant
45.5,26,,BOL,221,43040,29191,266,331,Rural,Women,Bolivia (Plurinational State of),2021,Total
34.29999923706055,26,,BOL,221,77477,29191,146,330,Urban,Both sexes,Bolivia (Plurinational State of),2021,Indigenous
33.70000076293945,26,,BOL,221,43043,29191,146,330,Urban,Both sexes,Bolivia (Plurinational State of),2021,Not Indigenous or Afro-descendant
33.79999923706055,26,,BOL,221,43040,29191,146,330,Urban,Both sexes,Bolivia (Plurinational State of),2021,Total
32.400001525878906,26,,BOL,221,77477,29191,265,330,Urban,Men,Bolivia (Plurinational State of),2021,Indigenous
33.400001525878906,26,,BOL,221,43043,29191,265,330,Urban,Men,Bolivia (Plurinational State of),2021,Not Indigenous or Afro-descendant
33.20000076293945,26,,BOL,221,43040,29191,265,330,Urban,Men,Bolivia (Plurinational State of),2021,Total
36,26,,BOL,221,77477,29191,266,330,Urban,Women,Bolivia (Plurinational State of),2021,Indigenous
34.099998474121094,26,,BOL,221,43043,29191,266,330,Urban,Women,Bolivia (Plurinational State of),2021,Not Indigenous or Afro-descendant
34.400001525878906,26,,BOL,221,43040,29191,266,330,Urban,Women,Bolivia (Plurinational State of),2021,Total
38.400001525878906,26,,BOL,221,77477,29192,146,327,National,Both sexes,Bolivia (Plurinational State of),2022,Indigenous
36.5,26,,BOL,221,43043,29192,146,327,National,Both sexes,Bolivia (Plurinational State of),2022,Not Indigenous or Afro-descendant
36.900001525878906,26,,BOL,221,43040,29192,146,327,National,Both sexes,Bolivia (Plurinational State of),2022,Total
37,26,,BOL,221,77477,29192,265,327,National,Men,Bolivia (Plurinational State of),2022,Indigenous
36,26,,BOL,221,43043,29192,265,327,National,Men,Bolivia (Plurinational State of),2022,Not Indigenous or Afro-descendant
36.20000076293945,26,,BOL,221,43040,29192,265,327,National,Men,Bolivia (Plurinational State of),2022,Total
39.79999923706055,26,,BOL,221,77477,29192,266,327,National,Women,Bolivia (Plurinational State of),2022,Indigenous
36.900001525878906,26,,BOL,221,43043,29192,266,327,National,Women,Bolivia (Plurinational State of),2022,Not Indigenous or Afro-descendant
37.599998474121094,26,,BOL,221,43040,29192,266,327,National,Women,Bolivia (Plurinational State of),2022,Total
44.900001525878906,26,,BOL,221,77477,29192,146,331,Rural,Both sexes,Bolivia (Plurinational State of),2022,Indigenous
51.099998474121094,26,,BOL,221,43043,29192,146,331,Rural,Both sexes,Bolivia (Plurinational State of),2022,Not Indigenous or Afro-descendant
48.400001525878906,26,,BOL,221,43040,29192,146,331,Rural,Both sexes,Bolivia (Plurinational State of),2022,Total
43,26,13639,BOL,221,77477,29192,265,331,Rural,Men,Bolivia (Plurinational State of),2022,Indigenous
50.5,26,,BOL,221,43043,29192,265,331,Rural,Men,Bolivia (Plurinational State of),2022,Not Indigenous or Afro-descendant
47.20000076293945,26,,BOL,221,43040,29192,265,331,Rural,Men,Bolivia (Plurinational State of),2022,Total
47,26,13639,BOL,221,77477,29192,266,331,Rural,Women,Bolivia (Plurinational State of),2022,Indigenous
51.70000076293945,26,,BOL,221,43043,29192,266,331,Rural,Women,Bolivia (Plurinational State of),2022,Not Indigenous or Afro-descendant
49.70000076293945,26,,BOL,221,43040,29192,266,331,Rural,Women,Bolivia (Plurinational State of),2022,Total
31,26,,BOL,221,77477,29192,146,330,Urban,Both sexes,Bolivia (Plurinational State of),2022,Indigenous
32.400001525878906,26,,BOL,221,43043,29192,146,330,Urban,Both sexes,Bolivia (Plurinational State of),2022,Not Indigenous or Afro-descendant
32.099998474121094,26,,BOL,221,43040,29192,146,330,Urban,Both sexes,Bolivia (Plurinational State of),2022,Total
29.5,26,,BOL,221,77477,29192,265,330,Urban,Men,Bolivia (Plurinational State of),2022,Indigenous
31.799999237060547,26,,BOL,221,43043,29192,265,330,Urban,Men,Bolivia (Plurinational State of),2022,Not Indigenous or Afro-descendant
31.5,26,,BOL,221,43040,29192,265,330,Urban,Men,Bolivia (Plurinational State of),2022,Total
32.400001525878906,26,,BOL,221,77477,29192,266,330,Urban,Women,Bolivia (Plurinational State of),2022,Indigenous
32.900001525878906,26,,BOL,221,43043,29192,266,330,Urban,Women,Bolivia (Plurinational State of),2022,Not Indigenous or Afro-descendant
32.79999923706055,26,,BOL,221,43040,29192,266,330,Urban,Women,Bolivia (Plurinational State of),2022,Total
32.79999923706055,26,,BOL,221,77477,29193,146,327,National,Both sexes,Bolivia (Plurinational State of),2023,Indigenous
32,26,,BOL,221,43043,29193,146,327,National,Both sexes,Bolivia (Plurinational State of),2023,Not Indigenous or Afro-descendant
32.20000076293945,26,,BOL,221,43040,29193,146,327,National,Both sexes,Bolivia (Plurinational State of),2023,Total
31.299999237060547,26,,BOL,221,77477,29193,265,327,National,Men,Bolivia (Plurinational State of),2023,Indigenous
30.899999618530273,26,,BOL,221,43043,29193,265,327,National,Men,Bolivia (Plurinational State of),2023,Not Indigenous or Afro-descendant
31,26,,BOL,221,43040,29193,265,327,National,Men,Bolivia (Plurinational State of),2023,Total
34.20000076293945,26,,BOL,221,77477,29193,266,327,National,Women,Bolivia (Plurinational State of),2023,Indigenous
33.099998474121094,26,,BOL,221,43043,29193,266,327,National,Women,Bolivia (Plurinational State of),2023,Not Indigenous or Afro-descendant
33.400001525878906,26,,BOL,221,43040,29193,266,327,National,Women,Bolivia (Plurinational State of),2023,Total
35.900001525878906,26,,BOL,221,77477,29193,146,331,Rural,Both sexes,Bolivia (Plurinational State of),2023,Indigenous
44.5,26,,BOL,221,43043,29193,146,331,Rural,Both sexes,Bolivia (Plurinational State of),2023,Not Indigenous or Afro-descendant
40.29999923706055,26,,BOL,221,43040,29193,146,331,Rural,Both sexes,Bolivia (Plurinational State of),2023,Total
34.20000076293945,26,13639,BOL,221,77477,29193,265,331,Rural,Men,Bolivia (Plurinational State of),2023,Indigenous
43.29999923706055,26,,BOL,221,43043,29193,265,331,Rural,Men,Bolivia (Plurinational State of),2023,Not Indigenous or Afro-descendant
38.900001525878906,26,,BOL,221,43040,29193,265,331,Rural,Men,Bolivia (Plurinational State of),2023,Total
37.5,26,13639,BOL,221,77477,29193,266,331,Rural,Women,Bolivia (Plurinational State of),2023,Indigenous
45.79999923706055,26,,BOL,221,43043,29193,266,331,Rural,Women,Bolivia (Plurinational State of),2023,Not Indigenous or Afro-descendant
41.70000076293945,26,,BOL,221,43040,29193,266,331,Rural,Women,Bolivia (Plurinational State of),2023,Total
29.200000762939453,26,,BOL,221,77477,29193,146,330,Urban,Both sexes,Bolivia (Plurinational State of),2023,Indigenous
28.799999237060547,26,,BOL,221,43043,29193,146,330,Urban,Both sexes,Bolivia (Plurinational State of),2023,Not Indigenous or Afro-descendant
28.899999618530273,26,,BOL,221,43040,29193,146,330,Urban,Both sexes,Bolivia (Plurinational State of),2023,Total
27.799999237060547,26,,BOL,221,77477,29193,265,330,Urban,Men,Bolivia (Plurinational State of),2023,Indigenous
27.600000381469727,26,,BOL,221,43043,29193,265,330,Urban,Men,Bolivia (Plurinational State of),2023,Not Indigenous or Afro-descendant
27.600000381469727,26,,BOL,221,43040,29193,265,330,Urban,Men,Bolivia (Plurinational State of),2023,Total
30.399999618530273,26,,BOL,221,77477,29193,266,330,Urban,Women,Bolivia (Plurinational State of),2023,Indigenous
30,26,,BOL,221,43043,29193,266,330,Urban,Women,Bolivia (Plurinational State of),2023,Not Indigenous or Afro-descendant
30.100000381469727,26,,BOL,221,43040,29193,266,330,Urban,Women,Bolivia (Plurinational State of),2023,Total
13.399999618530273,26,8608,BRA,222,43044,29171,146,327,National,Both sexes,Brazil,2001,Afro-descendant
26.299999237060547,26,"8608,13639",BRA,222,77477,29171,146,327,National,Both sexes,Brazil,2001,Indigenous
4.5,26,8608,BRA,222,43043,29171,146,327,National,Both sexes,Brazil,2001,Not Indigenous or Afro-descendant
8.699999809265137,26,8608,BRA,222,43040,29171,146,327,National,Both sexes,Brazil,2001,Total
13.5,26,8608,BRA,222,43044,29171,265,327,National,Men,Brazil,2001,Afro-descendant
26,26,"8608,13639",BRA,222,77477,29171,265,327,National,Men,Brazil,2001,Indigenous
4.5,26,8608,BRA,222,43043,29171,265,327,National,Men,Brazil,2001,Not Indigenous or Afro-descendant
8.800000190734863,26,8608,BRA,222,43040,29171,265,327,National,Men,Brazil,2001,Total
13.399999618530273,26,8608,BRA,222,43044,29171,266,327,National,Women,Brazil,2001,Afro-descendant
26.600000381469727,26,"8608,13639",BRA,222,77477,29171,266,327,National,Women,Brazil,2001,Indigenous
4.599999904632568,26,8608,BRA,222,43043,29171,266,327,National,Women,Brazil,2001,Not Indigenous or Afro-descendant
8.600000381469727,26,8608,BRA,222,43040,29171,266,327,National,Women,Brazil,2001,Total
15.699999809265137,26,8608,BRA,222,43044,29171,146,331,Rural,Both sexes,Brazil,2001,Afro-descendant
70.69999694824219,26,"8608,13639",BRA,222,77477,29171,146,331,Rural,Both sexes,Brazil,2001,Indigenous
7,26,8608,BRA,222,43043,29171,146,331,Rural,Both sexes,Brazil,2001,Not Indigenous or Afro-descendant
12.100000381469727,26,8608,BRA,222,43040,29171,146,331,Rural,Both sexes,Brazil,2001,Total
15.899999618530273,26,8608,BRA,222,43044,29171,265,331,Rural,Men,Brazil,2001,Afro-descendant
64.69999694824219,26,"8608,13639",BRA,222,77477,29171,265,331,Rural,Men,Brazil,2001,Indigenous
6.900000095367432,26,8608,BRA,222,43043,29171,265,331,Rural,Men,Brazil,2001,Not Indigenous or Afro-descendant
12.199999809265137,26,8608,BRA,222,43040,29171,265,331,Rural,Men,Brazil,2001,Total
15.399999618530273,26,8608,BRA,222,43044,29171,266,331,Rural,Women,Brazil,2001,Afro-descendant
76.9000015258789,26,"8608,13639",BRA,222,77477,29171,266,331,Rural,Women,Brazil,2001,Indigenous
7.099999904632568,26,8608,BRA,222,43043,29171,266,331,Rural,Women,Brazil,2001,Not Indigenous or Afro-descendant
11.899999618530273,26,8608,BRA,222,43040,29171,266,331,Rural,Women,Brazil,2001,Total
12.899999618530273,26,8608,BRA,222,43044,29171,146,330,Urban,Both sexes,Brazil,2001,Afro-descendant
11.600000381469727,26,"8608,13639",BRA,222,77477,29171,146,330,Urban,Both sexes,Brazil,2001,Indigenous
4.199999809265137,26,8608,BRA,222,43043,29171,146,330,Urban,Both sexes,Brazil,2001,Not Indigenous or Afro-descendant
8,26,8608,BRA,222,43040,29171,146,330,Urban,Both sexes,Brazil,2001,Total
12.800000190734863,26,8608,BRA,222,43044,29171,265,330,Urban,Men,Brazil,2001,Afro-descendant
12.300000190734863,26,"8608,13639",BRA,222,77477,29171,265,330,Urban,Men,Brazil,2001,Indigenous
4.099999904632568,26,8608,BRA,222,43043,29171,265,330,Urban,Men,Brazil,2001,Not Indigenous or Afro-descendant
8,26,8608,BRA,222,43040,29171,265,330,Urban,Men,Brazil,2001,Total
12.899999618530273,26,8608,BRA,222,43044,29171,266,330,Urban,Women,Brazil,2001,Afro-descendant
10.899999618530273,26,"8608,13639",BRA,222,77477,29171,266,330,Urban,Women,Brazil,2001,Indigenous
4.199999809265137,26,8608,BRA,222,43043,29171,266,330,Urban,Women,Brazil,2001,Not Indigenous or Afro-descendant
8,26,8608,BRA,222,43040,29171,266,330,Urban,Women,Brazil,2001,Total
33.5,26,8608,BRA,222,43044,29172,146,327,National,Both sexes,Brazil,2002,Afro-descendant
39.400001525878906,26,8608,BRA,222,77477,29172,146,327,National,Both sexes,Brazil,2002,Indigenous
19.399999618530273,26,8608,BRA,222,43043,29172,146,327,National,Both sexes,Brazil,2002,Not Indigenous or Afro-descendant
26,26,8608,BRA,222,43040,29172,146,327,National,Both sexes,Brazil,2002,Total
33.29999923706055,26,8608,BRA,222,43044,29172,265,327,National,Men,Brazil,2002,Afro-descendant
40,26,8608,BRA,222,77477,29172,265,327,National,Men,Brazil,2002,Indigenous
19.299999237060547,26,8608,BRA,222,43043,29172,265,327,National,Men,Brazil,2002,Not Indigenous or Afro-descendant
25.899999618530273,26,8608,BRA,222,43040,29172,265,327,National,Men,Brazil,2002,Total
33.79999923706055,26,8608,BRA,222,43044,29172,266,327,National,Women,Brazil,2002,Afro-descendant
38.900001525878906,26,8608,BRA,222,77477,29172,266,327,National,Women,Brazil,2002,Indigenous
19.5,26,8608,BRA,222,43043,29172,266,327,National,Women,Brazil,2002,Not Indigenous or Afro-descendant
26,26,8608,BRA,222,43040,29172,266,327,National,Women,Brazil,2002,Total
25.600000381469727,26,8608,BRA,222,43044,29172,146,331,Rural,Both sexes,Brazil,2002,Afro-descendant
66,26,8608,BRA,222,77477,29172,146,331,Rural,Both sexes,Brazil,2002,Indigenous
16.899999618530273,26,8608,BRA,222,43043,29172,146,331,Rural,Both sexes,Brazil,2002,Not Indigenous or Afro-descendant
21.899999618530273,26,8608,BRA,222,43040,29172,146,331,Rural,Both sexes,Brazil,2002,Total
25.399999618530273,26,8608,BRA,222,43044,29172,265,331,Rural,Men,Brazil,2002,Afro-descendant
61.79999923706055,26,"8608,13639",BRA,222,77477,29172,265,331,Rural,Men,Brazil,2002,Indigenous
16.799999237060547,26,8608,BRA,222,43043,29172,265,331,Rural,Men,Brazil,2002,Not Indigenous or Afro-descendant
21.799999237060547,26,8608,BRA,222,43040,29172,265,331,Rural,Men,Brazil,2002,Total
25.700000762939453,26,8608,BRA,222,43044,29172,266,331,Rural,Women,Brazil,2002,Afro-descendant
70,26,"8608,13639",BRA,222,77477,29172,266,331,Rural,Women,Brazil,2002,Indigenous
17.100000381469727,26,8608,BRA,222,43043,29172,266,331,Rural,Women,Brazil,2002,Not Indigenous or Afro-descendant
22,26,8608,BRA,222,43040,29172,266,331,Rural,Women,Brazil,2002,Total
35.5,26,8608,BRA,222,43044,29172,146,330,Urban,Both sexes,Brazil,2002,Afro-descendant
31.799999237060547,26,8608,BRA,222,77477,29172,146,330,Urban,Both sexes,Brazil,2002,Indigenous
19.799999237060547,26,8608,BRA,222,43043,29172,146,330,Urban,Both sexes,Brazil,2002,Not Indigenous or Afro-descendant
26.700000762939453,26,8608,BRA,222,43040,29172,146,330,Urban,Both sexes,Brazil,2002,Total
35.400001525878906,26,8608,BRA,222,43044,29172,265,330,Urban,Men,Brazil,2002,Afro-descendant
32.900001525878906,26,8608,BRA,222,77477,29172,265,330,Urban,Men,Brazil,2002,Indigenous
19.700000762939453,26,8608,BRA,222,43043,29172,265,330,Urban,Men,Brazil,2002,Not Indigenous or Afro-descendant
26.799999237060547,26,8608,BRA,222,43040,29172,265,330,Urban,Men,Brazil,2002,Total
35.599998474121094,26,8608,BRA,222,43044,29172,266,330,Urban,Women,Brazil,2002,Afro-descendant
30.899999618530273,26,8608,BRA,222,77477,29172,266,330,Urban,Women,Brazil,2002,Indigenous
19.899999618530273,26,8608,BRA,222,43043,29172,266,330,Urban,Women,Brazil,2002,Not Indigenous or Afro-descendant
26.700000762939453,26,8608,BRA,222,43040,29172,266,330,Urban,Women,Brazil,2002,Total
31.899999618530273,26,8608,BRA,222,43044,29173,146,327,National,Both sexes,Brazil,2003,Afro-descendant
41.400001525878906,26,8608,BRA,222,77477,29173,146,327,National,Both sexes,Brazil,2003,Indigenous
18.600000381469727,26,8608,BRA,222,43043,29173,146,327,National,Both sexes,Brazil,2003,Not Indigenous or Afro-descendant
24.899999618530273,26,8608,BRA,222,43040,29173,146,327,National,Both sexes,Brazil,2003,Total
31.799999237060547,26,8608,BRA,222,43044,29173,265,327,National,Men,Brazil,2003,Afro-descendant
42.099998474121094,26,8608,BRA,222,77477,29173,265,327,National,Men,Brazil,2003,Indigenous
18.5,26,8608,BRA,222,43043,29173,265,327,National,Men,Brazil,2003,Not Indigenous or Afro-descendant
25,26,8608,BRA,222,43040,29173,265,327,National,Men,Brazil,2003,Total
32,26,8608,BRA,222,43044,29173,266,327,National,Women,Brazil,2003,Afro-descendant
40.70000076293945,26,8608,BRA,222,77477,29173,266,327,National,Women,Brazil,2003,Indigenous
18.700000762939453,26,8608,BRA,222,43043,29173,266,327,National,Women,Brazil,2003,Not Indigenous or Afro-descendant
24.899999618530273,26,8608,BRA,222,43040,29173,266,327,National,Women,Brazil,2003,Total
25,26,8608,BRA,222,43044,29173,146,331,Rural,Both sexes,Brazil,2003,Afro-descendant
60.20000076293945,26,8608,BRA,222,77477,29173,146,331,Rural,Both sexes,Brazil,2003,Indigenous
16.5,26,8608,BRA,222,43043,29173,146,331,Rural,Both sexes,Brazil,2003,Not Indigenous or Afro-descendant
21.600000381469727,26,8608,BRA,222,43040,29173,146,331,Rural,Both sexes,Brazil,2003,Total
25,26,8608,BRA,222,43044,29173,265,331,Rural,Men,Brazil,2003,Afro-descendant
61.29999923706055,26,"8608,13639",BRA,222,77477,29173,265,331,Rural,Men,Brazil,2003,Indigenous
16.600000381469727,26,8608,BRA,222,43043,29173,265,331,Rural,Men,Brazil,2003,Not Indigenous or Afro-descendant
21.700000762939453,26,8608,BRA,222,43040,29173,265,331,Rural,Men,Brazil,2003,Total
24.899999618530273,26,8608,BRA,222,43044,29173,266,331,Rural,Women,Brazil,2003,Afro-descendant
59.29999923706055,26,"8608,13639",BRA,222,77477,29173,266,331,Rural,Women,Brazil,2003,Indigenous
16.5,26,8608,BRA,222,43043,29173,266,331,Rural,Women,Brazil,2003,Not Indigenous or Afro-descendant
21.399999618530273,26,8608,BRA,222,43040,29173,266,331,Rural,Women,Brazil,2003,Total
33.599998474121094,26,8608,BRA,222,43044,29173,146,330,Urban,Both sexes,Brazil,2003,Afro-descendant
36.5,26,8608,BRA,222,77477,29173,146,330,Urban,Both sexes,Brazil,2003,Indigenous
18.899999618530273,26,8608,BRA,222,43043,29173,146,330,Urban,Both sexes,Brazil,2003,Not Indigenous or Afro-descendant
25.600000381469727,26,8608,BRA,222,43040,29173,146,330,Urban,Both sexes,Brazil,2003,Total
33.599998474121094,26,8608,BRA,222,43044,29173,265,330,Urban,Men,Brazil,2003,Afro-descendant
37.099998474121094,26,8608,BRA,222,77477,29173,265,330,Urban,Men,Brazil,2003,Indigenous
18.799999237060547,26,8608,BRA,222,43043,29173,265,330,Urban,Men,Brazil,2003,Not Indigenous or Afro-descendant
25.700000762939453,26,8608,BRA,222,43040,29173,265,330,Urban,Men,Brazil,2003,Total
33.599998474121094,26,8608,BRA,222,43044,29173,266,330,Urban,Women,Brazil,2003,Afro-descendant
36.099998474121094,26,8608,BRA,222,77477,29173,266,330,Urban,Women,Brazil,2003,Indigenous
18.899999618530273,26,8608,BRA,222,43043,29173,266,330,Urban,Women,Brazil,2003,Not Indigenous or Afro-descendant
25.5,26,8608,BRA,222,43040,29173,266,330,Urban,Women,Brazil,2003,Total
32.099998474121094,26,8608,BRA,222,43044,29174,146,327,National,Both sexes,Brazil,2004,Afro-descendant
38.79999923706055,26,8608,BRA,222,77477,29174,146,327,National,Both sexes,Brazil,2004,Indigenous
18.600000381469727,26,8608,BRA,222,43043,29174,146,327,National,Both sexes,Brazil,2004,Not Indigenous or Afro-descendant
25.100000381469727,26,8608,BRA,222,43040,29174,146,327,National,Both sexes,Brazil,2004,Total
32,26,8608,BRA,222,43044,29174,265,327,National,Men,Brazil,2004,Afro-descendant
43.099998474121094,26,8608,BRA,222,77477,29174,265,327,National,Men,Brazil,2004,Indigenous
18.600000381469727,26,8608,BRA,222,43043,29174,265,327,National,Men,Brazil,2004,Not Indigenous or Afro-descendant
25.200000762939453,26,8608,BRA,222,43040,29174,265,327,National,Men,Brazil,2004,Total
32.099998474121094,26,8608,BRA,222,43044,29174,266,327,National,Women,Brazil,2004,Afro-descendant
35.400001525878906,26,8608,BRA,222,77477,29174,266,327,National,Women,Brazil,2004,Indigenous
18.700000762939453,26,8608,BRA,222,43043,29174,266,327,National,Women,Brazil,2004,Not Indigenous or Afro-descendant
25,26,8608,BRA,222,43040,29174,266,327,National,Women,Brazil,2004,Total
28.700000762939453,26,8608,BRA,222,43044,29174,146,331,Rural,Both sexes,Brazil,2004,Afro-descendant
66.0999984741211,26,8608,BRA,222,77477,29174,146,331,Rural,Both sexes,Brazil,2004,Indigenous
17.600000381469727,26,8608,BRA,222,43043,29174,146,331,Rural,Both sexes,Brazil,2004,Not Indigenous or Afro-descendant
24.399999618530273,26,8608,BRA,222,43040,29174,146,331,Rural,Both sexes,Brazil,2004,Total
29,26,8608,BRA,222,43044,29174,265,331,Rural,Men,Brazil,2004,Afro-descendant
68.0999984741211,26,"8608,13639",BRA,222,77477,29174,265,331,Rural,Men,Brazil,2004,Indigenous
17.399999618530273,26,8608,BRA,222,43043,29174,265,331,Rural,Men,Brazil,2004,Not Indigenous or Afro-descendant
24.600000381469727,26,8608,BRA,222,43040,29174,265,331,Rural,Men,Brazil,2004,Total
28.299999237060547,26,8608,BRA,222,43044,29174,266,331,Rural,Women,Brazil,2004,Afro-descendant
63.5,26,"8608,13639",BRA,222,77477,29174,266,331,Rural,Women,Brazil,2004,Indigenous
17.799999237060547,26,8608,BRA,222,43043,29174,266,331,Rural,Women,Brazil,2004,Not Indigenous or Afro-descendant
24.100000381469727,26,8608,BRA,222,43040,29174,266,331,Rural,Women,Brazil,2004,Total
33,26,8608,BRA,222,43044,29174,146,330,Urban,Both sexes,Brazil,2004,Afro-descendant
32.5,26,8608,BRA,222,77477,29174,146,330,Urban,Both sexes,Brazil,2004,Indigenous
18.799999237060547,26,8608,BRA,222,43043,29174,146,330,Urban,Both sexes,Brazil,2004,Not Indigenous or Afro-descendant
25.299999237060547,26,8608,BRA,222,43040,29174,146,330,Urban,Both sexes,Brazil,2004,Total
32.900001525878906,26,8608,BRA,222,43044,29174,265,330,Urban,Men,Brazil,2004,Afro-descendant
35.20000076293945,26,8608,BRA,222,77477,29174,265,330,Urban,Men,Brazil,2004,Indigenous
18.799999237060547,26,8608,BRA,222,43043,29174,265,330,Urban,Men,Brazil,2004,Not Indigenous or Afro-descendant
25.399999618530273,26,8608,BRA,222,43040,29174,265,330,Urban,Men,Brazil,2004,Total
33.099998474121094,26,8608,BRA,222,43044,29174,266,330,Urban,Women,Brazil,2004,Afro-descendant
30.5,26,8608,BRA,222,77477,29174,266,330,Urban,Women,Brazil,2004,Indigenous
18.799999237060547,26,8608,BRA,222,43043,29174,266,330,Urban,Women,Brazil,2004,Not Indigenous or Afro-descendant
25.200000762939453,26,8608,BRA,222,43040,29174,266,330,Urban,Women,Brazil,2004,Total
31.5,26,8608,BRA,222,43044,29175,146,327,National,Both sexes,Brazil,2005,Afro-descendant
43.29999923706055,26,8608,BRA,222,77477,29175,146,327,National,Both sexes,Brazil,2005,Indigenous
18.200000762939453,26,8608,BRA,222,43043,29175,146,327,National,Both sexes,Brazil,2005,Not Indigenous or Afro-descendant
24.899999618530273,26,8608,BRA,222,43040,29175,146,327,National,Both sexes,Brazil,2005,Total
31.5,26,8608,BRA,222,43044,29175,265,327,National,Men,Brazil,2005,Afro-descendant
42.099998474121094,26,8608,BRA,222,77477,29175,265,327,National,Men,Brazil,2005,Indigenous
18.100000381469727,26,8608,BRA,222,43043,29175,265,327,National,Men,Brazil,2005,Not Indigenous or Afro-descendant
24.899999618530273,26,8608,BRA,222,43040,29175,265,327,National,Men,Brazil,2005,Total
31.600000381469727,26,8608,BRA,222,43044,29175,266,327,National,Women,Brazil,2005,Afro-descendant
44.29999923706055,26,8608,BRA,222,77477,29175,266,327,National,Women,Brazil,2005,Indigenous
18.299999237060547,26,8608,BRA,222,43043,29175,266,327,National,Women,Brazil,2005,Not Indigenous or Afro-descendant
24.799999237060547,26,8608,BRA,222,43040,29175,266,327,National,Women,Brazil,2005,Total
29.600000381469727,26,8608,BRA,222,43044,29175,146,331,Rural,Both sexes,Brazil,2005,Afro-descendant
74,26,8608,BRA,222,77477,29175,146,331,Rural,Both sexes,Brazil,2005,Indigenous
18.899999618530273,26,8608,BRA,222,43043,29175,146,331,Rural,Both sexes,Brazil,2005,Not Indigenous or Afro-descendant
25.600000381469727,26,8608,BRA,222,43040,29175,146,331,Rural,Both sexes,Brazil,2005,Total
29.5,26,8608,BRA,222,43044,29175,265,331,Rural,Men,Brazil,2005,Afro-descendant
71.5999984741211,26,8608,BRA,222,77477,29175,265,331,Rural,Men,Brazil,2005,Indigenous
18.799999237060547,26,8608,BRA,222,43043,29175,265,331,Rural,Men,Brazil,2005,Not Indigenous or Afro-descendant
25.600000381469727,26,8608,BRA,222,43040,29175,265,331,Rural,Men,Brazil,2005,Total
29.700000762939453,26,8608,BRA,222,43044,29175,266,331,Rural,Women,Brazil,2005,Afro-descendant
76.30000305175781,26,"8608,13639",BRA,222,77477,29175,266,331,Rural,Women,Brazil,2005,Indigenous
18.899999618530273,26,8608,BRA,222,43043,29175,266,331,Rural,Women,Brazil,2005,Not Indigenous or Afro-descendant
25.600000381469727,26,8608,BRA,222,43040,29175,266,331,Rural,Women,Brazil,2005,Total
32.099998474121094,26,8608,BRA,222,43044,29175,146,330,Urban,Both sexes,Brazil,2005,Afro-descendant
33.70000076293945,26,8608,BRA,222,77477,29175,146,330,Urban,Both sexes,Brazil,2005,Indigenous
18.100000381469727,26,8608,BRA,222,43043,29175,146,330,Urban,Both sexes,Brazil,2005,Not Indigenous or Afro-descendant
24.700000762939453,26,8608,BRA,222,43040,29175,146,330,Urban,Both sexes,Brazil,2005,Total
32.099998474121094,26,8608,BRA,222,43044,29175,265,330,Urban,Men,Brazil,2005,Afro-descendant
32.400001525878906,26,8608,BRA,222,77477,29175,265,330,Urban,Men,Brazil,2005,Indigenous
18,26,8608,BRA,222,43043,29175,265,330,Urban,Men,Brazil,2005,Not Indigenous or Afro-descendant
24.799999237060547,26,8608,BRA,222,43040,29175,265,330,Urban,Men,Brazil,2005,Total
32.099998474121094,26,8608,BRA,222,43044,29175,266,330,Urban,Women,Brazil,2005,Afro-descendant
34.900001525878906,26,8608,BRA,222,77477,29175,266,330,Urban,Women,Brazil,2005,Indigenous
18.200000762939453,26,8608,BRA,222,43043,29175,266,330,Urban,Women,Brazil,2005,Not Indigenous or Afro-descendant
24.700000762939453,26,8608,BRA,222,43040,29175,266,330,Urban,Women,Brazil,2005,Total
30.299999237060547,26,8608,BRA,222,43044,29176,146,327,National,Both sexes,Brazil,2006,Afro-descendant
35.70000076293945,26,8608,BRA,222,77477,29176,146,327,National,Both sexes,Brazil,2006,Indigenous
17,26,8608,BRA,222,43043,29176,146,327,National,Both sexes,Brazil,2006,Not Indigenous or Afro-descendant
23.600000381469727,26,8608,BRA,222,43040,29176,146,327,National,Both sexes,Brazil,2006,Total
30.299999237060547,26,8608,BRA,222,43044,29176,265,327,National,Men,Brazil,2006,Afro-descendant
34.400001525878906,26,8608,BRA,222,77477,29176,265,327,National,Men,Brazil,2006,Indigenous
16.899999618530273,26,8608,BRA,222,43043,29176,265,327,National,Men,Brazil,2006,Not Indigenous or Afro-descendant
23.700000762939453,26,8608,BRA,222,43040,29176,265,327,National,Men,Brazil,2006,Total
30.299999237060547,26,8608,BRA,222,43044,29176,266,327,National,Women,Brazil,2006,Afro-descendant
36.900001525878906,26,8608,BRA,222,77477,29176,266,327,National,Women,Brazil,2006,Indigenous
17.100000381469727,26,8608,BRA,222,43043,29176,266,327,National,Women,Brazil,2006,Not Indigenous or Afro-descendant
23.600000381469727,26,8608,BRA,222,43040,29176,266,327,National,Women,Brazil,2006,Total
27.700000762939453,26,8608,BRA,222,43044,29176,146,331,Rural,Both sexes,Brazil,2006,Afro-descendant
48.20000076293945,26,8608,BRA,222,77477,29176,146,331,Rural,Both sexes,Brazil,2006,Indigenous
16.200000762939453,26,8608,BRA,222,43043,29176,146,331,Rural,Both sexes,Brazil,2006,Not Indigenous or Afro-descendant
23.399999618530273,26,8608,BRA,222,43040,29176,146,331,Rural,Both sexes,Brazil,2006,Total
28,26,8608,BRA,222,43044,29176,265,331,Rural,Men,Brazil,2006,Afro-descendant
49.099998474121094,26,8608,BRA,222,77477,29176,265,331,Rural,Men,Brazil,2006,Indigenous
16.200000762939453,26,8608,BRA,222,43043,29176,265,331,Rural,Men,Brazil,2006,Not Indigenous or Afro-descendant
23.600000381469727,26,8608,BRA,222,43040,29176,265,331,Rural,Men,Brazil,2006,Total
27.399999618530273,26,8608,BRA,222,43044,29176,266,331,Rural,Women,Brazil,2006,Afro-descendant
47.20000076293945,26,8608,BRA,222,77477,29176,266,331,Rural,Women,Brazil,2006,Indigenous
16.200000762939453,26,8608,BRA,222,43043,29176,266,331,Rural,Women,Brazil,2006,Not Indigenous or Afro-descendant
23.100000381469727,26,8608,BRA,222,43040,29176,266,331,Rural,Women,Brazil,2006,Total
31,26,8608,BRA,222,43044,29176,146,330,Urban,Both sexes,Brazil,2006,Afro-descendant
32.70000076293945,26,8608,BRA,222,77477,29176,146,330,Urban,Both sexes,Brazil,2006,Indigenous
17.100000381469727,26,8608,BRA,222,43043,29176,146,330,Urban,Both sexes,Brazil,2006,Not Indigenous or Afro-descendant
23.700000762939453,26,8608,BRA,222,43040,29176,146,330,Urban,Both sexes,Brazil,2006,Total
30.899999618530273,26,8608,BRA,222,43044,29176,265,330,Urban,Men,Brazil,2006,Afro-descendant
30.399999618530273,26,8608,BRA,222,77477,29176,265,330,Urban,Men,Brazil,2006,Indigenous
17,26,8608,BRA,222,43043,29176,265,330,Urban,Men,Brazil,2006,Not Indigenous or Afro-descendant
23.799999237060547,26,8608,BRA,222,43040,29176,265,330,Urban,Men,Brazil,2006,Total
31,26,8608,BRA,222,43044,29176,266,330,Urban,Women,Brazil,2006,Afro-descendant
34.599998474121094,26,8608,BRA,222,77477,29176,266,330,Urban,Women,Brazil,2006,Indigenous
17.200000762939453,26,8608,BRA,222,43043,29176,266,330,Urban,Women,Brazil,2006,Not Indigenous or Afro-descendant
23.700000762939453,26,8608,BRA,222,43040,29176,266,330,Urban,Women,Brazil,2006,Total
29.299999237060547,26,8608,BRA,222,43044,29177,146,327,National,Both sexes,Brazil,2007,Afro-descendant
14.5,26,8608,BRA,222,43043,29181,266,327,National,Women,Brazil,2011,Not Indigenous or Afro-descendant
20,26,8608,BRA,222,43040,29181,266,327,National,Women,Brazil,2011,Total
22.700000762939453,26,8608,BRA,222,43044,29181,146,331,Rural,Both sexes,Brazil,2011,Afro-descendant
45.5,26,8608,BRA,222,77477,29181,146,331,Rural,Both sexes,Brazil,2011,Indigenous
13.600000381469727,26,8608,BRA,222,43043,29181,146,331,Rural,Both sexes,Brazil,2011,Not Indigenous or Afro-descendant
19.5,26,8608,BRA,222,43040,29181,146,331,Rural,Both sexes,Brazil,2011,Total
22.399999618530273,26,8608,BRA,222,43044,29181,265,331,Rural,Men,Brazil,2011,Afro-descendant
47.20000076293945,26,8608,BRA,222,77477,29181,265,331,Rural,Men,Brazil,2011,Indigenous
13.300000190734863,26,8608,BRA,222,43043,29181,265,331,Rural,Men,Brazil,2011,Not Indigenous or Afro-descendant
19.399999618530273,26,8608,BRA,222,43040,29181,265,331,Rural,Men,Brazil,2011,Total
22.899999618530273,26,8608,BRA,222,43044,29181,266,331,Rural,Women,Brazil,2011,Afro-descendant
43.70000076293945,26,8608,BRA,222,77477,29181,266,331,Rural,Women,Brazil,2011,Indigenous
13.899999618530273,26,8608,BRA,222,43043,29181,266,331,Rural,Women,Brazil,2011,Not Indigenous or Afro-descendant
19.700000762939453,26,8608,BRA,222,43040,29181,266,331,Rural,Women,Brazil,2011,Total
25.600000381469727,26,8608,BRA,222,43044,29181,146,330,Urban,Both sexes,Brazil,2011,Afro-descendant
29.799999237060547,26,8608,BRA,222,77477,29181,146,330,Urban,Both sexes,Brazil,2011,Indigenous
14.600000381469727,26,8608,BRA,222,43043,29181,146,330,Urban,Both sexes,Brazil,2011,Not Indigenous or Afro-descendant
20.100000381469727,26,8608,BRA,222,43040,29181,146,330,Urban,Both sexes,Brazil,2011,Total
25.399999618530273,26,8608,BRA,222,43044,29181,265,330,Urban,Men,Brazil,2011,Afro-descendant
26.799999237060547,26,8608,BRA,222,77477,29181,265,330,Urban,Men,Brazil,2011,Indigenous
14.5,26,8608,BRA,222,43043,29181,265,330,Urban,Men,Brazil,2011,Not Indigenous or Afro-descendant
20.100000381469727,26,8608,BRA,222,43040,29181,265,330,Urban,Men,Brazil,2011,Total
25.799999237060547,26,8608,BRA,222,43044,29181,266,330,Urban,Women,Brazil,2011,Afro-descendant
32.20000076293945,26,8608,BRA,222,77477,29181,266,330,Urban,Women,Brazil,2011,Indigenous
14.600000381469727,26,8608,BRA,222,43043,29181,266,330,Urban,Women,Brazil,2011,Not Indigenous or Afro-descendant
20,26,8608,BRA,222,43040,29181,266,330,Urban,Women,Brazil,2011,Total
23.799999237060547,26,8608,BRA,222,43044,29182,146,327,National,Both sexes,Brazil,2012,Afro-descendant
35.400001525878906,26,8608,BRA,222,77477,29182,146,327,National,Both sexes,Brazil,2012,Indigenous
13.699999809265137,26,8608,BRA,222,43043,29182,146,327,National,Both sexes,Brazil,2012,Not Indigenous or Afro-descendant
19.100000381469727,26,8608,BRA,222,43040,29182,146,327,National,Both sexes,Brazil,2012,Total
23.399999618530273,26,8608,BRA,222,43044,29182,265,327,National,Men,Brazil,2012,Afro-descendant
36,26,8608,BRA,222,77477,29182,265,327,National,Men,Brazil,2012,Indigenous
13.600000381469727,26,8608,BRA,222,43043,29182,265,327,National,Men,Brazil,2012,Not Indigenous or Afro-descendant
19,26,8608,BRA,222,43040,29182,265,327,National,Men,Brazil,2012,Total
24.100000381469727,26,8608,BRA,222,43044,29182,266,327,National,Women,Brazil,2012,Afro-descendant
34.79999923706055,26,8608,BRA,222,77477,29182,266,327,National,Women,Brazil,2012,Indigenous
13.800000190734863,26,8608,BRA,222,43043,29182,266,327,National,Women,Brazil,2012,Not Indigenous or Afro-descendant
19.100000381469727,26,8608,BRA,222,43040,29182,266,327,National,Women,Brazil,2012,Total
21.899999618530273,26,8608,BRA,222,43044,29182,146,331,Rural,Both sexes,Brazil,2012,Afro-descendant
45.599998474121094,26,8608,BRA,222,77477,29182,146,331,Rural,Both sexes,Brazil,2012,Indigenous
12.800000190734863,26,8608,BRA,222,43043,29182,146,331,Rural,Both sexes,Brazil,2012,Not Indigenous or Afro-descendant
18.899999618530273,26,8608,BRA,222,43040,29182,146,331,Rural,Both sexes,Brazil,2012,Total
21.899999618530273,26,8608,BRA,222,43044,29182,265,331,Rural,Men,Brazil,2012,Afro-descendant
45.29999923706055,26,8608,BRA,222,77477,29182,265,331,Rural,Men,Brazil,2012,Indigenous
13,26,8608,BRA,222,43043,29182,265,331,Rural,Men,Brazil,2012,Not Indigenous or Afro-descendant
19,26,8608,BRA,222,43040,29182,265,331,Rural,Men,Brazil,2012,Total
21.899999618530273,26,8608,BRA,222,43044,29182,266,331,Rural,Women,Brazil,2012,Afro-descendant
45.900001525878906,26,8608,BRA,222,77477,29182,266,331,Rural,Women,Brazil,2012,Indigenous
12.5,26,8608,BRA,222,43043,29182,266,331,Rural,Women,Brazil,2012,Not Indigenous or Afro-descendant
18.700000762939453,26,8608,BRA,222,43040,29182,266,331,Rural,Women,Brazil,2012,Total
24.200000762939453,26,8608,BRA,222,43044,29182,146,330,Urban,Both sexes,Brazil,2012,Afro-descendant
26.5,26,8608,BRA,222,77477,29182,146,330,Urban,Both sexes,Brazil,2012,Indigenous
13.800000190734863,26,8608,BRA,222,43043,29182,146,330,Urban,Both sexes,Brazil,2012,Not Indigenous or Afro-descendant
19.100000381469727,26,8608,BRA,222,43040,29182,146,330,Urban,Both sexes,Brazil,2012,Total
23.799999237060547,26,8608,BRA,222,43044,29182,265,330,Urban,Men,Brazil,2012,Afro-descendant
26.899999618530273,26,8608,BRA,222,77477,29182,265,330,Urban,Men,Brazil,2012,Indigenous
13.699999809265137,26,8608,BRA,222,43043,29182,265,330,Urban,Men,Brazil,2012,Not Indigenous or Afro-descendant
19,26,8608,BRA,222,43040,29182,265,330,Urban,Men,Brazil,2012,Total
24.5,26,8608,BRA,222,43044,29182,266,330,Urban,Women,Brazil,2012,Afro-descendant
26.200000762939453,26,8608,BRA,222,77477,29182,266,330,Urban,Women,Brazil,2012,Indigenous
13.899999618530273,26,8608,BRA,222,43043,29182,266,330,Urban,Women,Brazil,2012,Not Indigenous or Afro-descendant
19.200000762939453,26,8608,BRA,222,43040,29182,266,330,Urban,Women,Brazil,2012,Total
23.899999618530273,26,8608,BRA,222,43044,29183,146,327,National,Both sexes,Brazil,2013,Afro-descendant
38.900001525878906,26,8608,BRA,222,77477,29183,146,327,National,Both sexes,Brazil,2013,Indigenous
14.100000381469727,26,8608,BRA,222,43043,29183,146,327,National,Both sexes,Brazil,2013,Not Indigenous or Afro-descendant
19.399999618530273,26,8608,BRA,222,43040,29183,146,327,National,Both sexes,Brazil,2013,Total
23.600000381469727,26,8608,BRA,222,43044,29183,265,327,National,Men,Brazil,2013,Afro-descendant
39.599998474121094,26,8608,BRA,222,77477,29183,265,327,National,Men,Brazil,2013,Indigenous
14.100000381469727,26,8608,BRA,222,43043,29183,265,327,National,Men,Brazil,2013,Not Indigenous or Afro-descendant
19.299999237060547,26,8608,BRA,222,43040,29183,265,327,National,Men,Brazil,2013,Total
24.100000381469727,26,8608,BRA,222,43044,29183,266,327,National,Women,Brazil,2013,Afro-descendant
38.20000076293945,26,8608,BRA,222,77477,29183,266,327,National,Women,Brazil,2013,Indigenous
14.199999809265137,26,8608,BRA,222,43043,29183,266,327,National,Women,Brazil,2013,Not Indigenous or Afro-descendant
19.399999618530273,26,8608,BRA,222,43040,29183,266,327,National,Women,Brazil,2013,Total
23.700000762939453,26,8608,BRA,222,43044,29183,146,331,Rural,Both sexes,Brazil,2013,Afro-descendant
56.5,26,8608,BRA,222,77477,29183,146,331,Rural,Both sexes,Brazil,2013,Indigenous
11.699999809265137,26,8608,BRA,222,43043,29183,146,331,Rural,Both sexes,Brazil,2013,Not Indigenous or Afro-descendant
19.899999618530273,26,8608,BRA,222,43040,29183,146,331,Rural,Both sexes,Brazil,2013,Total
23.399999618530273,26,8608,BRA,222,43044,29183,265,331,Rural,Men,Brazil,2013,Afro-descendant
29.399999618530273,26,8608,BRA,222,77477,29177,146,327,National,Both sexes,Brazil,2007,Indigenous
16.899999618530273,26,8608,BRA,222,43043,29177,146,327,National,Both sexes,Brazil,2007,Not Indigenous or Afro-descendant
23.200000762939453,26,8608,BRA,222,43040,29177,146,327,National,Both sexes,Brazil,2007,Total
29,26,8608,BRA,222,43044,29177,265,327,National,Men,Brazil,2007,Afro-descendant
28.399999618530273,26,8608,BRA,222,77477,29177,265,327,National,Men,Brazil,2007,Indigenous
17,26,8608,BRA,222,43043,29177,265,327,National,Men,Brazil,2007,Not Indigenous or Afro-descendant
23.200000762939453,26,8608,BRA,222,43040,29177,265,327,National,Men,Brazil,2007,Total
29.600000381469727,26,8608,BRA,222,43044,29177,266,327,National,Women,Brazil,2007,Afro-descendant
30.200000762939453,26,8608,BRA,222,77477,29177,266,327,National,Women,Brazil,2007,Indigenous
16.899999618530273,26,8608,BRA,222,43043,29177,266,327,National,Women,Brazil,2007,Not Indigenous or Afro-descendant
23.100000381469727,26,8608,BRA,222,43040,29177,266,327,National,Women,Brazil,2007,Total
27,26,8608,BRA,222,43044,29177,146,331,Rural,Both sexes,Brazil,2007,Afro-descendant
48.5,26,8608,BRA,222,77477,29177,146,331,Rural,Both sexes,Brazil,2007,Indigenous
16.100000381469727,26,8608,BRA,222,43043,29177,146,331,Rural,Both sexes,Brazil,2007,Not Indigenous or Afro-descendant
22.899999618530273,26,8608,BRA,222,43040,29177,146,331,Rural,Both sexes,Brazil,2007,Total
26.899999618530273,26,8608,BRA,222,43044,29177,265,331,Rural,Men,Brazil,2007,Afro-descendant
51.29999923706055,26,"8608,13639",BRA,222,77477,29177,265,331,Rural,Men,Brazil,2007,Indigenous
16.100000381469727,26,8608,BRA,222,43043,29177,265,331,Rural,Men,Brazil,2007,Not Indigenous or Afro-descendant
22.899999618530273,26,8608,BRA,222,43040,29177,265,331,Rural,Men,Brazil,2007,Total
27.100000381469727,26,8608,BRA,222,43044,29177,266,331,Rural,Women,Brazil,2007,Afro-descendant
45.900001525878906,26,8608,BRA,222,77477,29177,266,331,Rural,Women,Brazil,2007,Indigenous
16.200000762939453,26,8608,BRA,222,43043,29177,266,331,Rural,Women,Brazil,2007,Not Indigenous or Afro-descendant
22.799999237060547,26,8608,BRA,222,43040,29177,266,331,Rural,Women,Brazil,2007,Total
30,26,8608,BRA,222,43044,29177,146,330,Urban,Both sexes,Brazil,2007,Afro-descendant
24.899999618530273,26,8608,BRA,222,77477,29177,146,330,Urban,Both sexes,Brazil,2007,Indigenous
17.100000381469727,26,8608,BRA,222,43043,29177,146,330,Urban,Both sexes,Brazil,2007,Not Indigenous or Afro-descendant
23.200000762939453,26,8608,BRA,222,43040,29177,146,330,Urban,Both sexes,Brazil,2007,Total
29.600000381469727,26,8608,BRA,222,43044,29177,265,330,Urban,Men,Brazil,2007,Afro-descendant
22.799999237060547,26,8608,BRA,222,77477,29177,265,330,Urban,Men,Brazil,2007,Indigenous
17.100000381469727,26,8608,BRA,222,43043,29177,265,330,Urban,Men,Brazil,2007,Not Indigenous or Afro-descendant
23.299999237060547,26,8608,BRA,222,43040,29177,265,330,Urban,Men,Brazil,2007,Total
30.299999237060547,26,8608,BRA,222,43044,29177,266,330,Urban,Women,Brazil,2007,Afro-descendant
26.600000381469727,26,8608,BRA,222,77477,29177,266,330,Urban,Women,Brazil,2007,Indigenous
17,26,8608,BRA,222,43043,29177,266,330,Urban,Women,Brazil,2007,Not Indigenous or Afro-descendant
23.200000762939453,26,8608,BRA,222,43040,29177,266,330,Urban,Women,Brazil,2007,Total
26.799999237060547,26,8608,BRA,222,43044,29178,146,327,National,Both sexes,Brazil,2008,Afro-descendant
33,26,8608,BRA,222,77477,29178,146,327,National,Both sexes,Brazil,2008,Indigenous
14.899999618530273,26,8608,BRA,222,43043,29178,146,327,National,Both sexes,Brazil,2008,Not Indigenous or Afro-descendant
21,26,8608,BRA,222,43040,29178,146,327,National,Both sexes,Brazil,2008,Total
26.700000762939453,26,8608,BRA,222,43044,29178,265,327,National,Men,Brazil,2008,Afro-descendant
36,26,8608,BRA,222,77477,29178,265,327,National,Men,Brazil,2008,Indigenous
14.699999809265137,26,8608,BRA,222,43043,29178,265,327,National,Men,Brazil,2008,Not Indigenous or Afro-descendant
21,26,8608,BRA,222,43040,29178,265,327,National,Men,Brazil,2008,Total
26.899999618530273,26,8608,BRA,222,43044,29178,266,327,National,Women,Brazil,2008,Afro-descendant
30.399999618530273,26,8608,BRA,222,77477,29178,266,327,National,Women,Brazil,2008,Indigenous
15.100000381469727,26,8608,BRA,222,43043,29178,266,327,National,Women,Brazil,2008,Not Indigenous or Afro-descendant
21,26,8608,BRA,222,43040,29178,266,327,National,Women,Brazil,2008,Total
24.899999618530273,26,8608,BRA,222,43044,29178,146,331,Rural,Both sexes,Brazil,2008,Afro-descendant
53.79999923706055,26,8608,BRA,222,77477,29178,146,331,Rural,Both sexes,Brazil,2008,Indigenous
14.800000190734863,26,8608,BRA,222,43043,29178,146,331,Rural,Both sexes,Brazil,2008,Not Indigenous or Afro-descendant
21.100000381469727,26,8608,BRA,222,43040,29178,146,331,Rural,Both sexes,Brazil,2008,Total
24.899999618530273,26,8608,BRA,222,43044,29178,265,331,Rural,Men,Brazil,2008,Afro-descendant
54.900001525878906,26,8608,BRA,222,77477,29178,265,331,Rural,Men,Brazil,2008,Indigenous
14.300000190734863,26,8608,BRA,222,43043,29178,265,331,Rural,Men,Brazil,2008,Not Indigenous or Afro-descendant
21,26,8608,BRA,222,43040,29178,265,331,Rural,Men,Brazil,2008,Total
24.799999237060547,26,8608,BRA,222,43044,29178,266,331,Rural,Women,Brazil,2008,Afro-descendant
52.599998474121094,26,8608,BRA,222,77477,29178,266,331,Rural,Women,Brazil,2008,Indigenous
15.300000190734863,26,8608,BRA,222,43043,29178,266,331,Rural,Women,Brazil,2008,Not Indigenous or Afro-descendant
21.200000762939453,26,8608,BRA,222,43040,29178,266,331,Rural,Women,Brazil,2008,Total
27.299999237060547,26,8608,BRA,222,43044,29178,146,330,Urban,Both sexes,Brazil,2008,Afro-descendant
25,26,8608,BRA,222,77477,29178,146,330,Urban,Both sexes,Brazil,2008,Indigenous
15,26,8608,BRA,222,43043,29178,146,330,Urban,Both sexes,Brazil,2008,Not Indigenous or Afro-descendant
21,26,8608,BRA,222,43040,29178,146,330,Urban,Both sexes,Brazil,2008,Total
27.200000762939453,26,8608,BRA,222,43044,29178,265,330,Urban,Men,Brazil,2008,Afro-descendant
27.600000381469727,26,8608,BRA,222,77477,29178,265,330,Urban,Men,Brazil,2008,Indigenous
14.800000190734863,26,8608,BRA,222,43043,29178,265,330,Urban,Men,Brazil,2008,Not Indigenous or Afro-descendant
21,26,8608,BRA,222,43040,29178,265,330,Urban,Men,Brazil,2008,Total
27.399999618530273,26,8608,BRA,222,43044,29178,266,330,Urban,Women,Brazil,2008,Afro-descendant
22.799999237060547,26,8608,BRA,222,77477,29178,266,330,Urban,Women,Brazil,2008,Indigenous
15.100000381469727,26,8608,BRA,222,43043,29178,266,330,Urban,Women,Brazil,2008,Not Indigenous or Afro-descendant
21,26,8608,BRA,222,43040,29178,266,330,Urban,Women,Brazil,2008,Total
26.799999237060547,26,8608,BRA,222,43044,29179,146,327,National,Both sexes,Brazil,2009,Afro-descendant
33.29999923706055,26,8608,BRA,222,77477,29179,146,327,National,Both sexes,Brazil,2009,Indigenous
14.800000190734863,26,8608,BRA,222,43043,29179,146,327,National,Both sexes,Brazil,2009,Not Indigenous or Afro-descendant
21,26,8608,BRA,222,43040,29179,146,327,National,Both sexes,Brazil,2009,Total
26.399999618530273,26,8608,BRA,222,43044,29179,265,327,National,Men,Brazil,2009,Afro-descendant
34.5,26,8608,BRA,222,77477,29179,265,327,National,Men,Brazil,2009,Indigenous
14.699999809265137,26,8608,BRA,222,43043,29179,265,327,National,Men,Brazil,2009,Not Indigenous or Afro-descendant
20.899999618530273,26,8608,BRA,222,43040,29179,265,327,National,Men,Brazil,2009,Total
27.299999237060547,26,8608,BRA,222,43044,29179,266,327,National,Women,Brazil,2009,Afro-descendant
32.20000076293945,26,8608,BRA,222,77477,29179,266,327,National,Women,Brazil,2009,Indigenous
14.899999618530273,26,8608,BRA,222,43043,29179,266,327,National,Women,Brazil,2009,Not Indigenous or Afro-descendant
21.100000381469727,26,8608,BRA,222,43040,29179,266,327,National,Women,Brazil,2009,Total
24.100000381469727,26,8608,BRA,222,43044,29179,146,331,Rural,Both sexes,Brazil,2009,Afro-descendant
47.79999923706055,26,8608,BRA,222,77477,29179,146,331,Rural,Both sexes,Brazil,2009,Indigenous
14.199999809265137,26,8608,BRA,222,43043,29179,146,331,Rural,Both sexes,Brazil,2009,Not Indigenous or Afro-descendant
20.399999618530273,26,8608,BRA,222,43040,29179,146,331,Rural,Both sexes,Brazil,2009,Total
23.600000381469727,26,8608,BRA,222,43044,29179,265,331,Rural,Men,Brazil,2009,Afro-descendant
46.70000076293945,26,"8608,13639",BRA,222,77477,29179,265,331,Rural,Men,Brazil,2009,Indigenous
14.5,26,8608,BRA,222,43043,29179,265,331,Rural,Men,Brazil,2009,Not Indigenous or Afro-descendant
20.299999237060547,26,8608,BRA,222,43040,29179,265,331,Rural,Men,Brazil,2009,Total
24.700000762939453,26,8608,BRA,222,43044,29179,266,331,Rural,Women,Brazil,2009,Afro-descendant
49,26,"8608,13639",BRA,222,77477,29179,266,331,Rural,Women,Brazil,2009,Indigenous
13.800000190734863,26,8608,BRA,222,43043,29179,266,331,Rural,Women,Brazil,2009,Not Indigenous or Afro-descendant
20.5,26,8608,BRA,222,43040,29179,266,331,Rural,Women,Brazil,2009,Total
27.5,26,8608,BRA,222,43044,29179,146,330,Urban,Both sexes,Brazil,2009,Afro-descendant
29.299999237060547,26,8608,BRA,222,77477,29179,146,330,Urban,Both sexes,Brazil,2009,Indigenous
14.899999618530273,26,8608,BRA,222,43043,29179,146,330,Urban,Both sexes,Brazil,2009,Not Indigenous or Afro-descendant
21.100000381469727,26,8608,BRA,222,43040,29179,146,330,Urban,Both sexes,Brazil,2009,Total
27.100000381469727,26,8608,BRA,222,43044,29179,265,330,Urban,Men,Brazil,2009,Afro-descendant
30.799999237060547,26,8608,BRA,222,77477,29179,265,330,Urban,Men,Brazil,2009,Indigenous
14.800000190734863,26,8608,BRA,222,43043,29179,265,330,Urban,Men,Brazil,2009,Not Indigenous or Afro-descendant
21,26,8608,BRA,222,43040,29179,265,330,Urban,Men,Brazil,2009,Total
27.899999618530273,26,8608,BRA,222,43044,29179,266,330,Urban,Women,Brazil,2009,Afro-descendant
27.799999237060547,26,8608,BRA,222,77477,29179,266,330,Urban,Women,Brazil,2009,Indigenous
15.100000381469727,26,8608,BRA,222,43043,29179,266,330,Urban,Women,Brazil,2009,Not Indigenous or Afro-descendant
21.299999237060547,26,8608,BRA,222,43040,29179,266,330,Urban,Women,Brazil,2009,Total
25.100000381469727,26,8608,BRA,222,43044,29181,146,327,National,Both sexes,Brazil,2011,Afro-descendant
36.099998474121094,26,8608,BRA,222,77477,29181,146,327,National,Both sexes,Brazil,2011,Indigenous
14.399999618530273,26,8608,BRA,222,43043,29181,146,327,National,Both sexes,Brazil,2011,Not Indigenous or Afro-descendant
20,26,8608,BRA,222,43040,29181,146,327,National,Both sexes,Brazil,2011,Total
24.899999618530273,26,8608,BRA,222,43044,29181,265,327,National,Men,Brazil,2011,Afro-descendant
35.599998474121094,26,8608,BRA,222,77477,29181,265,327,National,Men,Brazil,2011,Indigenous
14.300000190734863,26,8608,BRA,222,43043,29181,265,327,National,Men,Brazil,2011,Not Indigenous or Afro-descendant
19.899999618530273,26,8608,BRA,222,43040,29181,265,327,National,Men,Brazil,2011,Total
25.299999237060547,26,8608,BRA,222,43044,29181,266,327,National,Women,Brazil,2011,Afro-descendant
36.599998474121094,26,8608,BRA,222,77477,29181,266,327,National,Women,Brazil,2011,Indigenous
57.5,26,8608,BRA,222,77477,29183,265,331,Rural,Men,Brazil,2013,Indigenous
11.899999618530273,26,8608,BRA,222,43043,29183,265,331,Rural,Men,Brazil,2013,Not Indigenous or Afro-descendant
19.899999618530273,26,8608,BRA,222,43040,29183,265,331,Rural,Men,Brazil,2013,Total
23.899999618530273,26,8608,BRA,222,43044,29183,266,331,Rural,Women,Brazil,2013,Afro-descendant
55.5,26,8608,BRA,222,77477,29183,266,331,Rural,Women,Brazil,2013,Indigenous
11.5,26,8608,BRA,222,43043,29183,266,331,Rural,Women,Brazil,2013,Not Indigenous or Afro-descendant
19.899999618530273,26,8608,BRA,222,43040,29183,266,331,Rural,Women,Brazil,2013,Total
23.899999618530273,26,8608,BRA,222,43044,29183,146,330,Urban,Both sexes,Brazil,2013,Afro-descendant
24.600000381469727,26,8608,BRA,222,77477,29183,146,330,Urban,Both sexes,Brazil,2013,Indigenous
14.399999618530273,26,8608,BRA,222,43043,29183,146,330,Urban,Both sexes,Brazil,2013,Not Indigenous or Afro-descendant
19.299999237060547,26,8608,BRA,222,43040,29183,146,330,Urban,Both sexes,Brazil,2013,Total
23.600000381469727,26,8608,BRA,222,43044,29183,265,330,Urban,Men,Brazil,2013,Afro-descendant
24.200000762939453,26,8608,BRA,222,77477,29183,265,330,Urban,Men,Brazil,2013,Indigenous
14.399999618530273,26,8608,BRA,222,43043,29183,265,330,Urban,Men,Brazil,2013,Not Indigenous or Afro-descendant
19.200000762939453,26,8608,BRA,222,43040,29183,265,330,Urban,Men,Brazil,2013,Total
24.200000762939453,26,8608,BRA,222,43044,29183,266,330,Urban,Women,Brazil,2013,Afro-descendant
25,26,8608,BRA,222,77477,29183,266,330,Urban,Women,Brazil,2013,Indigenous
14.5,26,8608,BRA,222,43043,29183,266,330,Urban,Women,Brazil,2013,Not Indigenous or Afro-descendant
19.299999237060547,26,8608,BRA,222,43040,29183,266,330,Urban,Women,Brazil,2013,Total
22.299999237060547,26,8608,BRA,222,43044,29184,146,327,National,Both sexes,Brazil,2014,Afro-descendant
37.5,26,"8608,13639",BRA,222,77477,29184,146,327,National,Both sexes,Brazil,2014,Indigenous
13.100000381469727,26,8608,BRA,222,43043,29184,146,327,National,Both sexes,Brazil,2014,Not Indigenous or Afro-descendant
18.100000381469727,26,8608,BRA,222,43040,29184,146,327,National,Both sexes,Brazil,2014,Total
21.899999618530273,26,8608,BRA,222,43044,29184,265,327,National,Men,Brazil,2014,Afro-descendant
39.400001525878906,26,"8608,13639",BRA,222,77477,29184,265,327,National,Men,Brazil,2014,Indigenous
12.800000190734863,26,8608,BRA,222,43043,29184,265,327,National,Men,Brazil,2014,Not Indigenous or Afro-descendant
17.899999618530273,26,8608,BRA,222,43040,29184,265,327,National,Men,Brazil,2014,Total
22.600000381469727,26,8608,BRA,222,43044,29184,266,327,National,Women,Brazil,2014,Afro-descendant
35.79999923706055,26,"8608,13639",BRA,222,77477,29184,266,327,National,Women,Brazil,2014,Indigenous
13.300000190734863,26,8608,BRA,222,43043,29184,266,327,National,Women,Brazil,2014,Not Indigenous or Afro-descendant
18.299999237060547,26,8608,BRA,222,43040,29184,266,327,National,Women,Brazil,2014,Total
22.200000762939453,26,8608,BRA,222,43044,29184,146,331,Rural,Both sexes,Brazil,2014,Afro-descendant
52.70000076293945,26,"8608,13639",BRA,222,77477,29184,146,331,Rural,Both sexes,Brazil,2014,Indigenous
12.300000190734863,26,8608,BRA,222,43043,29184,146,331,Rural,Both sexes,Brazil,2014,Not Indigenous or Afro-descendant
19.100000381469727,26,8608,BRA,222,43040,29184,146,331,Rural,Both sexes,Brazil,2014,Total
22.299999237060547,26,8608,BRA,222,43044,29184,265,331,Rural,Men,Brazil,2014,Afro-descendant
53.29999923706055,26,"8608,13639",BRA,222,77477,29184,265,331,Rural,Men,Brazil,2014,Indigenous
12.300000190734863,26,8608,BRA,222,43043,29184,265,331,Rural,Men,Brazil,2014,Not Indigenous or Afro-descendant
19.299999237060547,26,8608,BRA,222,43040,29184,265,331,Rural,Men,Brazil,2014,Total
22.100000381469727,26,8608,BRA,222,43044,29184,266,331,Rural,Women,Brazil,2014,Afro-descendant
52,26,"8608,13639",BRA,222,77477,29184,266,331,Rural,Women,Brazil,2014,Indigenous
12.300000190734863,26,8608,BRA,222,43043,29184,266,331,Rural,Women,Brazil,2014,Not Indigenous or Afro-descendant
19,26,8608,BRA,222,43040,29184,266,331,Rural,Women,Brazil,2014,Total
22.299999237060547,26,8608,BRA,222,43044,29184,146,330,Urban,Both sexes,Brazil,2014,Afro-descendant
26.600000381469727,26,"8608,13639",BRA,222,77477,29184,146,330,Urban,Both sexes,Brazil,2014,Indigenous
13.199999809265137,26,8608,BRA,222,43043,29184,146,330,Urban,Both sexes,Brazil,2014,Not Indigenous or Afro-descendant
17.899999618530273,26,8608,BRA,222,43040,29184,146,330,Urban,Both sexes,Brazil,2014,Total
21.799999237060547,26,8608,BRA,222,43044,29184,265,330,Urban,Men,Brazil,2014,Afro-descendant
28,26,"8608,13639",BRA,222,77477,29184,265,330,Urban,Men,Brazil,2014,Indigenous
12.899999618530273,26,8608,BRA,222,43043,29184,265,330,Urban,Men,Brazil,2014,Not Indigenous or Afro-descendant
17.600000381469727,26,8608,BRA,222,43040,29184,265,330,Urban,Men,Brazil,2014,Total
22.799999237060547,26,8608,BRA,222,43044,29184,266,330,Urban,Women,Brazil,2014,Afro-descendant
25.399999618530273,26,"8608,13639",BRA,222,77477,29184,266,330,Urban,Women,Brazil,2014,Indigenous
13.399999618530273,26,8608,BRA,222,43043,29184,266,330,Urban,Women,Brazil,2014,Not Indigenous or Afro-descendant
18.200000762939453,26,8608,BRA,222,43040,29184,266,330,Urban,Women,Brazil,2014,Total
21.899999618530273,26,8608,BRA,222,43044,29185,146,327,National,Both sexes,Brazil,2015,Afro-descendant
36.20000076293945,26,"8608,13639",BRA,222,77477,29185,146,327,National,Both sexes,Brazil,2015,Indigenous
12.899999618530273,26,8608,BRA,222,43043,29185,146,327,National,Both sexes,Brazil,2015,Not Indigenous or Afro-descendant
17.899999618530273,26,8608,BRA,222,43040,29185,146,327,National,Both sexes,Brazil,2015,Total
21.5,26,8608,BRA,222,43044,29185,265,327,National,Men,Brazil,2015,Afro-descendant
36.79999923706055,26,"8608,13639",BRA,222,77477,29185,265,327,National,Men,Brazil,2015,Indigenous
12.800000190734863,26,8608,BRA,222,43043,29185,265,327,National,Men,Brazil,2015,Not Indigenous or Afro-descendant
17.700000762939453,26,8608,BRA,222,43040,29185,265,327,National,Men,Brazil,2015,Total
22.399999618530273,26,8608,BRA,222,43044,29185,266,327,National,Women,Brazil,2015,Afro-descendant
35.599998474121094,26,"8608,13639",BRA,222,77477,29185,266,327,National,Women,Brazil,2015,Indigenous
13,26,8608,BRA,222,43043,29185,266,327,National,Women,Brazil,2015,Not Indigenous or Afro-descendant
18,26,8608,BRA,222,43040,29185,266,327,National,Women,Brazil,2015,Total
21.200000762939453,26,8608,BRA,222,43044,29185,146,331,Rural,Both sexes,Brazil,2015,Afro-descendant
51.599998474121094,26,"8608,13639",BRA,222,77477,29185,146,331,Rural,Both sexes,Brazil,2015,Indigenous
12,26,8608,BRA,222,43043,29185,146,331,Rural,Both sexes,Brazil,2015,Not Indigenous or Afro-descendant
18.399999618530273,26,8608,BRA,222,43040,29185,146,331,Rural,Both sexes,Brazil,2015,Total
20.899999618530273,26,8608,BRA,222,43044,29185,265,331,Rural,Men,Brazil,2015,Afro-descendant
50,26,"8608,13639",BRA,222,77477,29185,265,331,Rural,Men,Brazil,2015,Indigenous
11.800000190734863,26,8608,BRA,222,43043,29185,265,331,Rural,Men,Brazil,2015,Not Indigenous or Afro-descendant
18.100000381469727,26,8608,BRA,222,43040,29185,265,331,Rural,Men,Brazil,2015,Total
21.399999618530273,26,8608,BRA,222,43044,29185,266,331,Rural,Women,Brazil,2015,Afro-descendant
53.29999923706055,26,"8608,13639",BRA,222,77477,29185,266,331,Rural,Women,Brazil,2015,Indigenous
12.300000190734863,26,8608,BRA,222,43043,29185,266,331,Rural,Women,Brazil,2015,Not Indigenous or Afro-descendant
18.600000381469727,26,8608,BRA,222,43040,29185,266,331,Rural,Women,Brazil,2015,Total
22.100000381469727,26,8608,BRA,222,43044,29185,146,330,Urban,Both sexes,Brazil,2015,Afro-descendant
24.200000762939453,26,"8608,13639",BRA,222,77477,29185,146,330,Urban,Both sexes,Brazil,2015,Indigenous
13,26,8608,BRA,222,43043,29185,146,330,Urban,Both sexes,Brazil,2015,Not Indigenous or Afro-descendant
17.799999237060547,26,8608,BRA,222,43040,29185,146,330,Urban,Both sexes,Brazil,2015,Total
21.600000381469727,26,8608,BRA,222,43044,29185,265,330,Urban,Men,Brazil,2015,Afro-descendant
25.799999237060547,26,"8608,13639",BRA,222,77477,29185,265,330,Urban,Men,Brazil,2015,Indigenous
12.899999618530273,26,8608,BRA,222,43043,29185,265,330,Urban,Men,Brazil,2015,Not Indigenous or Afro-descendant
17.600000381469727,26,8608,BRA,222,43040,29185,265,330,Urban,Men,Brazil,2015,Total
22.600000381469727,26,8608,BRA,222,43044,29185,266,330,Urban,Women,Brazil,2015,Afro-descendant
22.700000762939453,26,"8608,13639",BRA,222,77477,29185,266,330,Urban,Women,Brazil,2015,Indigenous
13.100000381469727,26,8608,BRA,222,43043,29185,266,330,Urban,Women,Brazil,2015,Not Indigenous or Afro-descendant
17.899999618530273,26,8608,BRA,222,43040,29185,266,330,Urban,Women,Brazil,2015,Total
23.299999237060547,26,8609,BRA,222,43044,29186,146,327,National,Both sexes,Brazil,2016,Afro-descendant
36.20000076293945,26,"8609,13639",BRA,222,77477,29186,146,327,National,Both sexes,Brazil,2016,Indigenous
12.800000190734863,26,8609,BRA,222,43043,29186,146,327,National,Both sexes,Brazil,2016,Not Indigenous or Afro-descendant
18.600000381469727,26,8609,BRA,222,43040,29186,146,327,National,Both sexes,Brazil,2016,Total
22.799999237060547,26,8609,BRA,222,43044,29186,265,327,National,Men,Brazil,2016,Afro-descendant
36.5,26,"8609,13639",BRA,222,77477,29186,265,327,National,Men,Brazil,2016,Indigenous
12.399999618530273,26,8609,BRA,222,43043,29186,265,327,National,Men,Brazil,2016,Not Indigenous or Afro-descendant
18.299999237060547,26,8609,BRA,222,43040,29186,265,327,National,Men,Brazil,2016,Total
23.700000762939453,26,8609,BRA,222,43044,29186,266,327,National,Women,Brazil,2016,Afro-descendant
36,26,"8609,13639",BRA,222,77477,29186,266,327,National,Women,Brazil,2016,Indigenous
13.100000381469727,26,8609,BRA,222,43043,29186,266,327,National,Women,Brazil,2016,Not Indigenous or Afro-descendant
18.899999618530273,26,8609,BRA,222,43040,29186,266,327,National,Women,Brazil,2016,Total
23.799999237060547,26,8609,BRA,222,43044,29186,146,331,Rural,Both sexes,Brazil,2016,Afro-descendant
47.20000076293945,26,"8609,13639",BRA,222,77477,29186,146,331,Rural,Both sexes,Brazil,2016,Indigenous
13.199999809265137,26,8609,BRA,222,43043,29186,146,331,Rural,Both sexes,Brazil,2016,Not Indigenous or Afro-descendant
20.299999237060547,26,8609,BRA,222,43040,29186,146,331,Rural,Both sexes,Brazil,2016,Total
23.799999237060547,26,8609,BRA,222,43044,29186,265,331,Rural,Men,Brazil,2016,Afro-descendant
46.29999923706055,26,"8609,13639",BRA,222,77477,29186,265,331,Rural,Men,Brazil,2016,Indigenous
13,26,8609,BRA,222,43043,29186,265,331,Rural,Men,Brazil,2016,Not Indigenous or Afro-descendant
20.299999237060547,26,8609,BRA,222,43040,29186,265,331,Rural,Men,Brazil,2016,Total
23.700000762939453,26,8609,BRA,222,43044,29186,266,331,Rural,Women,Brazil,2016,Afro-descendant
48.20000076293945,26,"8609,13639",BRA,222,77477,29186,266,331,Rural,Women,Brazil,2016,Indigenous
13.5,26,8609,BRA,222,43043,29186,266,331,Rural,Women,Brazil,2016,Not Indigenous or Afro-descendant
20.299999237060547,26,8609,BRA,222,43040,29186,266,331,Rural,Women,Brazil,2016,Total
23.200000762939453,26,8609,BRA,222,43044,29186,146,330,Urban,Both sexes,Brazil,2016,Afro-descendant
34,26,"8609,13639",BRA,222,77477,29186,146,330,Urban,Both sexes,Brazil,2016,Indigenous
12.699999809265137,26,8609,BRA,222,43043,29186,146,330,Urban,Both sexes,Brazil,2016,Not Indigenous or Afro-descendant
18.299999237060547,26,8609,BRA,222,43040,29186,146,330,Urban,Both sexes,Brazil,2016,Total
22.600000381469727,26,8609,BRA,222,43044,29186,265,330,Urban,Men,Brazil,2016,Afro-descendant
34.29999923706055,26,"8609,13639",BRA,222,77477,29186,265,330,Urban,Men,Brazil,2016,Indigenous
12.300000190734863,26,8609,BRA,222,43043,29186,265,330,Urban,Men,Brazil,2016,Not Indigenous or Afro-descendant
17.899999618530273,26,8609,BRA,222,43040,29186,265,330,Urban,Men,Brazil,2016,Total
23.700000762939453,26,8609,BRA,222,43044,29186,266,330,Urban,Women,Brazil,2016,Afro-descendant
33.70000076293945,26,"8609,13639",BRA,222,77477,29186,266,330,Urban,Women,Brazil,2016,Indigenous
13.100000381469727,26,8609,BRA,222,43043,29186,266,330,Urban,Women,Brazil,2016,Not Indigenous or Afro-descendant
18.700000762939453,26,8609,BRA,222,43040,29186,266,330,Urban,Women,Brazil,2016,Total
22.399999618530273,26,8609,BRA,222,43044,29187,146,327,National,Both sexes,Brazil,2017,Afro-descendant
33.900001525878906,26,"8609,13639",BRA,222,77477,29187,146,327,National,Both sexes,Brazil,2017,Indigenous
13,26,8609,BRA,222,43043,29187,146,327,National,Both sexes,Brazil,2017,Not Indigenous or Afro-descendant
18.299999237060547,26,8609,BRA,222,43040,29187,146,327,National,Both sexes,Brazil,2017,Total
21.899999618530273,26,8609,BRA,222,43044,29187,265,327,National,Men,Brazil,2017,Afro-descendant
30.399999618530273,26,"8609,13639",BRA,222,77477,29187,265,327,National,Men,Brazil,2017,Indigenous
12.899999618530273,26,8609,BRA,222,43043,29187,265,327,National,Men,Brazil,2017,Not Indigenous or Afro-descendant
18,26,8609,BRA,222,43040,29187,265,327,National,Men,Brazil,2017,Total
22.899999618530273,26,8609,BRA,222,43044,29187,266,327,National,Women,Brazil,2017,Afro-descendant
37,26,"8609,13639",BRA,222,77477,29187,266,327,National,Women,Brazil,2017,Indigenous
13.100000381469727,26,8609,BRA,222,43043,29187,266,327,National,Women,Brazil,2017,Not Indigenous or Afro-descendant
18.600000381469727,26,8609,BRA,222,43040,29187,266,327,National,Women,Brazil,2017,Total
22.399999618530273,26,8609,BRA,222,43044,29187,146,331,Rural,Both sexes,Brazil,2017,Afro-descendant
50.20000076293945,26,"8609,13639",BRA,222,77477,29187,146,331,Rural,Both sexes,Brazil,2017,Indigenous
12.199999809265137,26,8609,BRA,222,43043,29187,146,331,Rural,Both sexes,Brazil,2017,Not Indigenous or Afro-descendant
19.100000381469727,26,8609,BRA,222,43040,29187,146,331,Rural,Both sexes,Brazil,2017,Total
22.200000762939453,26,8609,BRA,222,43044,29187,265,331,Rural,Men,Brazil,2017,Afro-descendant
47.099998474121094,26,"8609,13639",BRA,222,77477,29187,265,331,Rural,Men,Brazil,2017,Indigenous
11.899999618530273,26,8609,BRA,222,43043,29187,265,331,Rural,Men,Brazil,2017,Not Indigenous or Afro-descendant
19,26,8609,BRA,222,43040,29187,265,331,Rural,Men,Brazil,2017,Total
22.600000381469727,26,8609,BRA,222,43044,29187,266,331,Rural,Women,Brazil,2017,Afro-descendant
53.900001525878906,26,"8609,13639",BRA,222,77477,29187,266,331,Rural,Women,Brazil,2017,Indigenous
12.399999618530273,26,8609,BRA,222,43043,29187,266,331,Rural,Women,Brazil,2017,Not Indigenous or Afro-descendant
19.299999237060547,26,8609,BRA,222,43040,29187,266,331,Rural,Women,Brazil,2017,Total
22.399999618530273,26,8609,BRA,222,43044,29187,146,330,Urban,Both sexes,Brazil,2017,Afro-descendant
29.700000762939453,26,"8609,13639",BRA,222,77477,29187,146,330,Urban,Both sexes,Brazil,2017,Indigenous
13.100000381469727,26,8609,BRA,222,43043,29187,146,330,Urban,Both sexes,Brazil,2017,Not Indigenous or Afro-descendant
18.100000381469727,26,8609,BRA,222,43040,29187,146,330,Urban,Both sexes,Brazil,2017,Total
21.799999237060547,26,8609,BRA,222,43044,29187,265,330,Urban,Men,Brazil,2017,Afro-descendant
25.299999237060547,26,"8609,13639",BRA,222,77477,29187,265,330,Urban,Men,Brazil,2017,Indigenous
13,26,8609,BRA,222,43043,29187,265,330,Urban,Men,Brazil,2017,Not Indigenous or Afro-descendant
17.799999237060547,26,8609,BRA,222,43040,29187,265,330,Urban,Men,Brazil,2017,Total
23,26,8609,BRA,222,43044,29187,266,330,Urban,Women,Brazil,2017,Afro-descendant
33.29999923706055,26,"8609,13639",BRA,222,77477,29187,266,330,Urban,Women,Brazil,2017,Indigenous
13.199999809265137,26,8609,BRA,222,43043,29187,266,330,Urban,Women,Brazil,2017,Not Indigenous or Afro-descendant
18.399999618530273,26,8609,BRA,222,43040,29187,266,330,Urban,Women,Brazil,2017,Total
21.600000381469727,26,8609,BRA,222,43044,29188,146,327,National,Both sexes,Brazil,2018,Afro-descendant
36,26,8609,BRA,222,77477,29188,146,327,National,Both sexes,Brazil,2018,Indigenous
12.699999809265137,26,8609,BRA,222,43043,29188,146,327,National,Both sexes,Brazil,2018,Not Indigenous or Afro-descendant
17.799999237060547,26,8609,BRA,222,43040,29188,146,327,National,Both sexes,Brazil,2018,Total
21.200000762939453,26,8609,BRA,222,43044,29188,265,327,National,Men,Brazil,2018,Afro-descendant
36.70000076293945,26,"8609,13639",BRA,222,77477,29188,265,327,National,Men,Brazil,2018,Indigenous
12.600000381469727,26,8609,BRA,222,43043,29188,265,327,National,Men,Brazil,2018,Not Indigenous or Afro-descendant
17.600000381469727,26,8609,BRA,222,43040,29188,265,327,National,Men,Brazil,2018,Total
21.899999618530273,26,8609,BRA,222,43044,29188,266,327,National,Women,Brazil,2018,Afro-descendant
35.5,26,"8609,13639",BRA,222,77477,29188,266,327,National,Women,Brazil,2018,Indigenous
12.800000190734863,26,8609,BRA,222,43043,29188,266,327,National,Women,Brazil,2018,Not Indigenous or Afro-descendant
18,26,8609,BRA,222,43040,29188,266,327,National,Women,Brazil,2018,Total
22.100000381469727,26,8609,BRA,222,43044,29188,146,331,Rural,Both sexes,Brazil,2018,Afro-descendant
39.29999923706055,26,"8609,13639",BRA,222,77477,29188,146,331,Rural,Both sexes,Brazil,2018,Indigenous
12.699999809265137,26,8609,BRA,222,43043,29188,146,331,Rural,Both sexes,Brazil,2018,Not Indigenous or Afro-descendant
19.100000381469727,26,8609,BRA,222,43040,29188,146,331,Rural,Both sexes,Brazil,2018,Total
22,26,8609,BRA,222,43044,29188,265,331,Rural,Men,Brazil,2018,Afro-descendant
42.5,26,"8609,13639",BRA,222,77477,29188,265,331,Rural,Men,Brazil,2018,Indigenous
12.399999618530273,26,8609,BRA,222,43043,29188,265,331,Rural,Men,Brazil,2018,Not Indigenous or Afro-descendant
19,26,8609,BRA,222,43040,29188,265,331,Rural,Men,Brazil,2018,Total
22.100000381469727,26,8609,BRA,222,43044,29188,266,331,Rural,Women,Brazil,2018,Afro-descendant
36.20000076293945,26,"8609,13639",BRA,222,77477,29188,266,331,Rural,Women,Brazil,2018,Indigenous
13.100000381469727,26,8609,BRA,222,43043,29188,266,331,Rural,Women,Brazil,2018,Not Indigenous or Afro-descendant
19.299999237060547,26,8609,BRA,222,43040,29188,266,331,Rural,Women,Brazil,2018,Total
21.5,26,8609,BRA,222,43044,29188,146,330,Urban,Both sexes,Brazil,2018,Afro-descendant
35.29999923706055,26,"8609,13639",BRA,222,77477,29188,146,330,Urban,Both sexes,Brazil,2018,Indigenous
12.699999809265137,26,8609,BRA,222,43043,29188,146,330,Urban,Both sexes,Brazil,2018,Not Indigenous or Afro-descendant
17.600000381469727,26,8609,BRA,222,43040,29188,146,330,Urban,Both sexes,Brazil,2018,Total
21.100000381469727,26,8609,BRA,222,43044,29188,265,330,Urban,Men,Brazil,2018,Afro-descendant
35.29999923706055,26,"8609,13639",BRA,222,77477,29188,265,330,Urban,Men,Brazil,2018,Indigenous
12.600000381469727,26,8609,BRA,222,43043,29188,265,330,Urban,Men,Brazil,2018,Not Indigenous or Afro-descendant
17.299999237060547,26,8609,BRA,222,43040,29188,265,330,Urban,Men,Brazil,2018,Total
21.899999618530273,26,8609,BRA,222,43044,29188,266,330,Urban,Women,Brazil,2018,Afro-descendant
26.899999618530273,26,,CHL,224,43040,29170,146,327,National,Both sexes,Chile,2000,Total
41.29999923706055,26,,CHL,224,77477,29170,265,327,National,Men,Chile,2000,Indigenous
26.100000381469727,26,,CHL,224,43043,29170,265,327,National,Men,Chile,2000,Not Indigenous or Afro-descendant
26.799999237060547,26,,CHL,224,43040,29170,265,327,National,Men,Chile,2000,Total
39.099998474121094,26,,CHL,224,77477,29170,266,327,National,Women,Chile,2000,Indigenous
26.399999618530273,26,,CHL,224,43043,29170,266,327,National,Women,Chile,2000,Not Indigenous or Afro-descendant
27,26,,CHL,224,43040,29170,266,327,National,Women,Chile,2000,Total
49,26,,CHL,224,77477,29170,146,331,Rural,Both sexes,Chile,2000,Indigenous
35.400001525878906,26,,CHL,224,43043,29170,146,331,Rural,Both sexes,Chile,2000,Not Indigenous or Afro-descendant
36.900001525878906,26,,CHL,224,43040,29170,146,331,Rural,Both sexes,Chile,2000,Total
49.099998474121094,26,,CHL,224,77477,29170,265,331,Rural,Men,Chile,2000,Indigenous
34.900001525878906,26,,CHL,224,43043,29170,265,331,Rural,Men,Chile,2000,Not Indigenous or Afro-descendant
36.5,26,,CHL,224,43040,29170,265,331,Rural,Men,Chile,2000,Total
48.900001525878906,26,,CHL,224,77477,29170,266,331,Rural,Women,Chile,2000,Indigenous
35.79999923706055,26,,CHL,224,43043,29170,266,331,Rural,Women,Chile,2000,Not Indigenous or Afro-descendant
37.400001525878906,26,,CHL,224,43040,29170,266,331,Rural,Women,Chile,2000,Total
35.29999923706055,26,,CHL,224,77477,29170,146,330,Urban,Both sexes,Chile,2000,Indigenous
25,26,,CHL,224,43043,29170,146,330,Urban,Both sexes,Chile,2000,Not Indigenous or Afro-descendant
25.299999237060547,26,,CHL,224,43040,29170,146,330,Urban,Both sexes,Chile,2000,Total
36.70000076293945,26,,CHL,224,77477,29170,265,330,Urban,Men,Chile,2000,Indigenous
24.799999237060547,26,,CHL,224,43043,29170,265,330,Urban,Men,Chile,2000,Not Indigenous or Afro-descendant
25.200000762939453,26,,CHL,224,43040,29170,265,330,Urban,Men,Chile,2000,Total
33.900001525878906,26,,CHL,224,77477,29170,266,330,Urban,Women,Chile,2000,Indigenous
25.200000762939453,26,,CHL,224,43043,29170,266,330,Urban,Women,Chile,2000,Not Indigenous or Afro-descendant
25.5,26,,CHL,224,43040,29170,266,330,Urban,Women,Chile,2000,Total
37.79999923706055,26,,CHL,224,77477,29173,146,327,National,Both sexes,Chile,2003,Indigenous
24,26,,CHL,224,43043,29173,146,327,National,Both sexes,Chile,2003,Not Indigenous or Afro-descendant
24.799999237060547,26,,CHL,224,43040,29173,146,327,National,Both sexes,Chile,2003,Total
37.79999923706055,26,,CHL,224,77477,29173,265,327,National,Men,Chile,2003,Indigenous
24,26,,CHL,224,43043,29173,265,327,National,Men,Chile,2003,Not Indigenous or Afro-descendant
24.700000762939453,26,,CHL,224,43040,29173,265,327,National,Men,Chile,2003,Total
37.70000076293945,26,,CHL,224,77477,29173,266,327,National,Women,Chile,2003,Indigenous
24.100000381469727,26,,CHL,224,43043,29173,266,327,National,Women,Chile,2003,Not Indigenous or Afro-descendant
24.799999237060547,26,,CHL,224,43040,29173,266,327,National,Women,Chile,2003,Total
43.099998474121094,26,,CHL,224,77477,29173,146,331,Rural,Both sexes,Chile,2003,Indigenous
29.100000381469727,26,,CHL,224,43043,29173,146,331,Rural,Both sexes,Chile,2003,Not Indigenous or Afro-descendant
31.200000762939453,26,,CHL,224,43040,29173,146,331,Rural,Both sexes,Chile,2003,Total
42.099998474121094,26,,CHL,224,77477,29173,265,331,Rural,Men,Chile,2003,Indigenous
28.600000381469727,26,,CHL,224,43043,29173,265,331,Rural,Men,Chile,2003,Not Indigenous or Afro-descendant
30.600000381469727,26,,CHL,224,43040,29173,265,331,Rural,Men,Chile,2003,Total
44.099998474121094,26,,CHL,224,77477,29173,266,331,Rural,Women,Chile,2003,Indigenous
29.5,26,,CHL,224,43043,29173,266,331,Rural,Women,Chile,2003,Not Indigenous or Afro-descendant
31.799999237060547,26,,CHL,224,43040,29173,266,331,Rural,Women,Chile,2003,Total
34.599998474121094,26,,CHL,224,77477,29173,146,330,Urban,Both sexes,Chile,2003,Indigenous
23.399999618530273,26,,CHL,224,43043,29173,146,330,Urban,Both sexes,Chile,2003,Not Indigenous or Afro-descendant
23.799999237060547,26,,CHL,224,43040,29173,146,330,Urban,Both sexes,Chile,2003,Total
35.099998474121094,26,,CHL,224,77477,29173,265,330,Urban,Men,Chile,2003,Indigenous
23.299999237060547,26,,CHL,224,43043,29173,265,330,Urban,Men,Chile,2003,Not Indigenous or Afro-descendant
23.799999237060547,26,,CHL,224,43040,29173,265,330,Urban,Men,Chile,2003,Total
34.099998474121094,26,,CHL,224,77477,29173,266,330,Urban,Women,Chile,2003,Indigenous
23.399999618530273,26,,CHL,224,43043,29173,266,330,Urban,Women,Chile,2003,Not Indigenous or Afro-descendant
23.799999237060547,26,,CHL,224,43040,29173,266,330,Urban,Women,Chile,2003,Total
34,26,,CHL,224,77477,29176,146,327,National,Both sexes,Chile,2006,Indigenous
23.399999618530273,26,,CHL,224,43043,29176,146,327,National,Both sexes,Chile,2006,Not Indigenous or Afro-descendant
24.100000381469727,26,,CHL,224,43040,29176,146,327,National,Both sexes,Chile,2006,Total
33.29999923706055,26,,CHL,224,77477,29176,265,327,National,Men,Chile,2006,Indigenous
23,26,,CHL,224,43043,29176,265,327,National,Men,Chile,2006,Not Indigenous or Afro-descendant
23.700000762939453,26,,CHL,224,43040,29176,265,327,National,Men,Chile,2006,Total
34.599998474121094,26,,CHL,224,77477,29176,266,327,National,Women,Chile,2006,Indigenous
23.700000762939453,26,,CHL,224,43043,29176,266,327,National,Women,Chile,2006,Not Indigenous or Afro-descendant
24.399999618530273,26,,CHL,224,43040,29176,266,327,National,Women,Chile,2006,Total
37.5,26,,CHL,224,77477,29176,146,331,Rural,Both sexes,Chile,2006,Indigenous
24.700000762939453,26,,CHL,224,43043,29176,146,331,Rural,Both sexes,Chile,2006,Not Indigenous or Afro-descendant
26.700000762939453,26,,CHL,224,43040,29176,146,331,Rural,Both sexes,Chile,2006,Total
36.400001525878906,26,,CHL,224,77477,29176,265,331,Rural,Men,Chile,2006,Indigenous
24.200000762939453,26,,CHL,224,43043,29176,265,331,Rural,Men,Chile,2006,Not Indigenous or Afro-descendant
26.100000381469727,26,,CHL,224,43040,29176,265,331,Rural,Men,Chile,2006,Total
38.599998474121094,26,,CHL,224,77477,29176,266,331,Rural,Women,Chile,2006,Indigenous
25.200000762939453,26,,CHL,224,43043,29176,266,331,Rural,Women,Chile,2006,Not Indigenous or Afro-descendant
27.299999237060547,26,,CHL,224,43040,29176,266,331,Rural,Women,Chile,2006,Total
32.400001525878906,26,,CHL,224,77477,29176,146,330,Urban,Both sexes,Chile,2006,Indigenous
23.200000762939453,26,,CHL,224,43043,29176,146,330,Urban,Both sexes,Chile,2006,Not Indigenous or Afro-descendant
23.700000762939453,26,,CHL,224,43040,29176,146,330,Urban,Both sexes,Chile,2006,Total
31.899999618530273,26,,CHL,224,77477,29176,265,330,Urban,Men,Chile,2006,Indigenous
22.899999618530273,26,,CHL,224,43043,29176,265,330,Urban,Men,Chile,2006,Not Indigenous or Afro-descendant
23.399999618530273,26,,CHL,224,43040,29176,265,330,Urban,Men,Chile,2006,Total
33,26,,CHL,224,77477,29176,266,330,Urban,Women,Chile,2006,Indigenous
23.5,26,,CHL,224,43043,29176,266,330,Urban,Women,Chile,2006,Not Indigenous or Afro-descendant
24,26,,CHL,224,43040,29176,266,330,Urban,Women,Chile,2006,Total
30.799999237060547,26,,CHL,224,77477,29179,146,327,National,Both sexes,Chile,2009,Indigenous
21.299999237060547,26,,CHL,224,43043,29179,146,327,National,Both sexes,Chile,2009,Not Indigenous or Afro-descendant
21.899999618530273,26,,CHL,224,43040,29179,146,327,National,Both sexes,Chile,2009,Total
30.5,26,,CHL,224,77477,29179,265,327,National,Men,Chile,2009,Indigenous
35.29999923706055,26,"8609,13639",BRA,222,77477,29188,266,330,Urban,Women,Brazil,2018,Indigenous
12.800000190734863,26,8609,BRA,222,43043,29188,266,330,Urban,Women,Brazil,2018,Not Indigenous or Afro-descendant
17.799999237060547,26,8609,BRA,222,43040,29188,266,330,Urban,Women,Brazil,2018,Total
21.299999237060547,26,8609,BRA,222,43044,29189,146,327,National,Both sexes,Brazil,2019,Afro-descendant
31.799999237060547,26,8609,BRA,222,77477,29189,146,327,National,Both sexes,Brazil,2019,Indigenous
12.100000381469727,26,8609,BRA,222,43043,29189,146,327,National,Both sexes,Brazil,2019,Not Indigenous or Afro-descendant
17.399999618530273,26,8609,BRA,222,43040,29189,146,327,National,Both sexes,Brazil,2019,Total
20.799999237060547,26,8609,BRA,222,43044,29189,265,327,National,Men,Brazil,2019,Afro-descendant
33.5,26,"8609,13639",BRA,222,77477,29189,265,327,National,Men,Brazil,2019,Indigenous
12,26,8609,BRA,222,43043,29189,265,327,National,Men,Brazil,2019,Not Indigenous or Afro-descendant
17.100000381469727,26,8609,BRA,222,43040,29189,265,327,National,Men,Brazil,2019,Total
21.799999237060547,26,8609,BRA,222,43044,29189,266,327,National,Women,Brazil,2019,Afro-descendant
30,26,"8609,13639",BRA,222,77477,29189,266,327,National,Women,Brazil,2019,Indigenous
12.199999809265137,26,8609,BRA,222,43043,29189,266,327,National,Women,Brazil,2019,Not Indigenous or Afro-descendant
17.600000381469727,26,8609,BRA,222,43040,29189,266,327,National,Women,Brazil,2019,Total
22,26,8609,BRA,222,43044,29189,146,331,Rural,Both sexes,Brazil,2019,Afro-descendant
45,26,"8609,13639",BRA,222,77477,29189,146,331,Rural,Both sexes,Brazil,2019,Indigenous
12,26,8609,BRA,222,43043,29189,146,331,Rural,Both sexes,Brazil,2019,Not Indigenous or Afro-descendant
18.899999618530273,26,8609,BRA,222,43040,29189,146,331,Rural,Both sexes,Brazil,2019,Total
21.799999237060547,26,8609,BRA,222,43044,29189,265,331,Rural,Men,Brazil,2019,Afro-descendant
46.099998474121094,26,"8609,13639",BRA,222,77477,29189,265,331,Rural,Men,Brazil,2019,Indigenous
12.100000381469727,26,8609,BRA,222,43043,29189,265,331,Rural,Men,Brazil,2019,Not Indigenous or Afro-descendant
18.799999237060547,26,8609,BRA,222,43040,29189,265,331,Rural,Men,Brazil,2019,Total
22.299999237060547,26,8609,BRA,222,43044,29189,266,331,Rural,Women,Brazil,2019,Afro-descendant
43.900001525878906,26,"8609,13639",BRA,222,77477,29189,266,331,Rural,Women,Brazil,2019,Indigenous
11.800000190734863,26,8609,BRA,222,43043,29189,266,331,Rural,Women,Brazil,2019,Not Indigenous or Afro-descendant
19,26,8609,BRA,222,43040,29189,266,331,Rural,Women,Brazil,2019,Total
21.100000381469727,26,8609,BRA,222,43044,29189,146,330,Urban,Both sexes,Brazil,2019,Afro-descendant
28.299999237060547,26,"8609,13639",BRA,222,77477,29189,146,330,Urban,Both sexes,Brazil,2019,Indigenous
12.100000381469727,26,8609,BRA,222,43043,29189,146,330,Urban,Both sexes,Brazil,2019,Not Indigenous or Afro-descendant
17.100000381469727,26,8609,BRA,222,43040,29189,146,330,Urban,Both sexes,Brazil,2019,Total
20.600000381469727,26,8609,BRA,222,43044,29189,265,330,Urban,Men,Brazil,2019,Afro-descendant
30,26,"8609,13639",BRA,222,77477,29189,265,330,Urban,Men,Brazil,2019,Indigenous
11.899999618530273,26,8609,BRA,222,43043,29189,265,330,Urban,Men,Brazil,2019,Not Indigenous or Afro-descendant
16.799999237060547,26,8609,BRA,222,43040,29189,265,330,Urban,Men,Brazil,2019,Total
21.600000381469727,26,8609,BRA,222,43044,29189,266,330,Urban,Women,Brazil,2019,Afro-descendant
26.700000762939453,26,"8609,13639",BRA,222,77477,29189,266,330,Urban,Women,Brazil,2019,Indigenous
12.199999809265137,26,8609,BRA,222,43043,29189,266,330,Urban,Women,Brazil,2019,Not Indigenous or Afro-descendant
17.399999618530273,26,8609,BRA,222,43040,29189,266,330,Urban,Women,Brazil,2019,Total
20.600000381469727,26,8609,BRA,222,43044,29193,146,327,National,Both sexes,Brazil,2023,Afro-descendant
27.899999618530273,26,8609,BRA,222,77477,29193,146,327,National,Both sexes,Brazil,2023,Indigenous
12.399999618530273,26,8609,BRA,222,43043,29193,146,327,National,Both sexes,Brazil,2023,Not Indigenous or Afro-descendant
17.100000381469727,26,8609,BRA,222,43040,29193,146,327,National,Both sexes,Brazil,2023,Total
20.100000381469727,26,8609,BRA,222,43044,29193,265,327,National,Men,Brazil,2023,Afro-descendant
25.399999618530273,26,"8609,13639",BRA,222,77477,29193,265,327,National,Men,Brazil,2023,Indigenous
12.399999618530273,26,8609,BRA,222,43043,29193,265,327,National,Men,Brazil,2023,Not Indigenous or Afro-descendant
16.899999618530273,26,8609,BRA,222,43040,29193,265,327,National,Men,Brazil,2023,Total
21.200000762939453,26,8609,BRA,222,43044,29193,266,327,National,Women,Brazil,2023,Afro-descendant
30.100000381469727,26,"8609,13639",BRA,222,77477,29193,266,327,National,Women,Brazil,2023,Indigenous
12.5,26,8609,BRA,222,43043,29193,266,327,National,Women,Brazil,2023,Not Indigenous or Afro-descendant
17.399999618530273,26,8609,BRA,222,43040,29193,266,327,National,Women,Brazil,2023,Total
19.799999237060547,26,8609,BRA,222,43044,29193,146,331,Rural,Both sexes,Brazil,2023,Afro-descendant
27.399999618530273,26,"8609,13639",BRA,222,77477,29193,146,331,Rural,Both sexes,Brazil,2023,Indigenous
10.600000381469727,26,8609,BRA,222,43043,29193,146,331,Rural,Both sexes,Brazil,2023,Not Indigenous or Afro-descendant
16.700000762939453,26,8609,BRA,222,43040,29193,146,331,Rural,Both sexes,Brazil,2023,Total
19.799999237060547,26,8609,BRA,222,43044,29193,265,331,Rural,Men,Brazil,2023,Afro-descendant
25.399999618530273,26,"8609,13639",BRA,222,77477,29193,265,331,Rural,Men,Brazil,2023,Indigenous
10.699999809265137,26,8609,BRA,222,43043,29193,265,331,Rural,Men,Brazil,2023,Not Indigenous or Afro-descendant
16.700000762939453,26,8609,BRA,222,43040,29193,265,331,Rural,Men,Brazil,2023,Total
19.799999237060547,26,8609,BRA,222,43044,29193,266,331,Rural,Women,Brazil,2023,Afro-descendant
29.399999618530273,26,"8609,13639",BRA,222,77477,29193,266,331,Rural,Women,Brazil,2023,Indigenous
10.600000381469727,26,8609,BRA,222,43043,29193,266,331,Rural,Women,Brazil,2023,Not Indigenous or Afro-descendant
16.799999237060547,26,8609,BRA,222,43040,29193,266,331,Rural,Women,Brazil,2023,Total
20.799999237060547,26,8609,BRA,222,43044,29193,146,330,Urban,Both sexes,Brazil,2023,Afro-descendant
28,26,"8609,13639",BRA,222,77477,29193,146,330,Urban,Both sexes,Brazil,2023,Indigenous
12.600000381469727,26,8609,BRA,222,43043,29193,146,330,Urban,Both sexes,Brazil,2023,Not Indigenous or Afro-descendant
17.200000762939453,26,8609,BRA,222,43040,29193,146,330,Urban,Both sexes,Brazil,2023,Total
20.100000381469727,26,8609,BRA,222,43044,29193,265,330,Urban,Men,Brazil,2023,Afro-descendant
25.399999618530273,26,"8609,13639",BRA,222,77477,29193,265,330,Urban,Men,Brazil,2023,Indigenous
12.600000381469727,26,8609,BRA,222,43043,29193,265,330,Urban,Men,Brazil,2023,Not Indigenous or Afro-descendant
16.899999618530273,26,8609,BRA,222,43040,29193,265,330,Urban,Men,Brazil,2023,Total
21.399999618530273,26,8609,BRA,222,43044,29193,266,330,Urban,Women,Brazil,2023,Afro-descendant
30.200000762939453,26,"8609,13639",BRA,222,77477,29193,266,330,Urban,Women,Brazil,2023,Indigenous
12.699999809265137,26,8609,BRA,222,43043,29193,266,330,Urban,Women,Brazil,2023,Not Indigenous or Afro-descendant
17.5,26,8609,BRA,222,43040,29193,266,330,Urban,Women,Brazil,2023,Total
19.399999618530273,26,8609,BRA,222,43044,29194,146,327,National,Both sexes,Brazil,2024,Afro-descendant
26,26,8609,BRA,222,77477,29194,146,327,National,Both sexes,Brazil,2024,Indigenous
11.899999618530273,26,8609,BRA,222,43043,29194,146,327,National,Both sexes,Brazil,2024,Not Indigenous or Afro-descendant
16.299999237060547,26,8609,BRA,222,43040,29194,146,327,National,Both sexes,Brazil,2024,Total
19.100000381469727,26,8609,BRA,222,43044,29194,265,327,National,Men,Brazil,2024,Afro-descendant
27.299999237060547,26,"8609,13639",BRA,222,77477,29194,265,327,National,Men,Brazil,2024,Indigenous
11.600000381469727,26,8609,BRA,222,43043,29194,265,327,National,Men,Brazil,2024,Not Indigenous or Afro-descendant
16,26,8609,BRA,222,43040,29194,265,327,National,Men,Brazil,2024,Total
19.700000762939453,26,8609,BRA,222,43044,29194,266,327,National,Women,Brazil,2024,Afro-descendant
24.899999618530273,26,"8609,13639",BRA,222,77477,29194,266,327,National,Women,Brazil,2024,Indigenous
12.300000190734863,26,8609,BRA,222,43043,29194,266,327,National,Women,Brazil,2024,Not Indigenous or Afro-descendant
16.5,26,8609,BRA,222,43040,29194,266,327,National,Women,Brazil,2024,Total
18.600000381469727,26,8609,BRA,222,43044,29194,146,331,Rural,Both sexes,Brazil,2024,Afro-descendant
26.5,26,"8609,13639",BRA,222,77477,29194,146,331,Rural,Both sexes,Brazil,2024,Indigenous
11.100000381469727,26,8609,BRA,222,43043,29194,146,331,Rural,Both sexes,Brazil,2024,Not Indigenous or Afro-descendant
16.200000762939453,26,8609,BRA,222,43040,29194,146,331,Rural,Both sexes,Brazil,2024,Total
18.700000762939453,26,8609,BRA,222,43044,29194,265,331,Rural,Men,Brazil,2024,Afro-descendant
28.299999237060547,26,"8609,13639",BRA,222,77477,29194,265,331,Rural,Men,Brazil,2024,Indigenous
10.800000190734863,26,8609,BRA,222,43043,29194,265,331,Rural,Men,Brazil,2024,Not Indigenous or Afro-descendant
16.200000762939453,26,8609,BRA,222,43040,29194,265,331,Rural,Men,Brazil,2024,Total
18.600000381469727,26,8609,BRA,222,43044,29194,266,331,Rural,Women,Brazil,2024,Afro-descendant
24.799999237060547,26,"8609,13639",BRA,222,77477,29194,266,331,Rural,Women,Brazil,2024,Indigenous
11.399999618530273,26,8609,BRA,222,43043,29194,266,331,Rural,Women,Brazil,2024,Not Indigenous or Afro-descendant
16.200000762939453,26,8609,BRA,222,43040,29194,266,331,Rural,Women,Brazil,2024,Total
19.5,26,8609,BRA,222,43044,29194,146,330,Urban,Both sexes,Brazil,2024,Afro-descendant
25.899999618530273,26,"8609,13639",BRA,222,77477,29194,146,330,Urban,Both sexes,Brazil,2024,Indigenous
12,26,8609,BRA,222,43043,29194,146,330,Urban,Both sexes,Brazil,2024,Not Indigenous or Afro-descendant
16.299999237060547,26,8609,BRA,222,43040,29194,146,330,Urban,Both sexes,Brazil,2024,Total
19.100000381469727,26,8609,BRA,222,43044,29194,265,330,Urban,Men,Brazil,2024,Afro-descendant
27.100000381469727,26,"8609,13639",BRA,222,77477,29194,265,330,Urban,Men,Brazil,2024,Indigenous
11.699999809265137,26,8609,BRA,222,43043,29194,265,330,Urban,Men,Brazil,2024,Not Indigenous or Afro-descendant
15.899999618530273,26,8609,BRA,222,43040,29194,265,330,Urban,Men,Brazil,2024,Total
19.899999618530273,26,8609,BRA,222,43044,29194,266,330,Urban,Women,Brazil,2024,Afro-descendant
25,26,"8609,13639",BRA,222,77477,29194,266,330,Urban,Women,Brazil,2024,Indigenous
12.300000190734863,26,8609,BRA,222,43043,29194,266,330,Urban,Women,Brazil,2024,Not Indigenous or Afro-descendant
16.600000381469727,26,8609,BRA,222,43040,29194,266,330,Urban,Women,Brazil,2024,Total
40.20000076293945,26,,CHL,224,77477,29170,146,327,National,Both sexes,Chile,2000,Indigenous
26.299999237060547,26,,CHL,224,43043,29170,146,327,National,Both sexes,Chile,2000,Not Indigenous or Afro-descendant
12.899999618530273,26,,CHL,224,77477,29187,146,330,Urban,Both sexes,Chile,2017,Indigenous
12.300000190734863,26,,CHL,224,43043,29187,146,330,Urban,Both sexes,Chile,2017,Not Indigenous or Afro-descendant
12.399999618530273,26,,CHL,224,43040,29187,146,330,Urban,Both sexes,Chile,2017,Total
12.199999809265137,26,,CHL,224,77477,29187,265,330,Urban,Men,Chile,2017,Indigenous
12.100000381469727,26,,CHL,224,43043,29187,265,330,Urban,Men,Chile,2017,Not Indigenous or Afro-descendant
12.100000381469727,26,,CHL,224,43040,29187,265,330,Urban,Men,Chile,2017,Total
13.600000381469727,26,,CHL,224,77477,29187,266,330,Urban,Women,Chile,2017,Indigenous
12.5,26,,CHL,224,43043,29187,266,330,Urban,Women,Chile,2017,Not Indigenous or Afro-descendant
12.600000381469727,26,,CHL,224,43040,29187,266,330,Urban,Women,Chile,2017,Total
11.800000190734863,26,,CHL,224,77477,29190,146,327,National,Both sexes,Chile,2020,Indigenous
10.5,26,,CHL,224,43043,29190,146,327,National,Both sexes,Chile,2020,Not Indigenous or Afro-descendant
10.600000381469727,26,,CHL,224,43040,29190,146,327,National,Both sexes,Chile,2020,Total
11.800000190734863,26,,CHL,224,77477,29190,265,327,National,Men,Chile,2020,Indigenous
10,26,,CHL,224,43043,29190,265,327,National,Men,Chile,2020,Not Indigenous or Afro-descendant
10.199999809265137,26,,CHL,224,43040,29190,265,327,National,Men,Chile,2020,Total
11.899999618530273,26,,CHL,224,77477,29190,266,327,National,Women,Chile,2020,Indigenous
11,26,,CHL,224,43043,29190,266,327,National,Women,Chile,2020,Not Indigenous or Afro-descendant
11.100000381469727,26,,CHL,224,43040,29190,266,327,National,Women,Chile,2020,Total
12.5,26,,CHL,224,77477,29190,146,331,Rural,Both sexes,Chile,2020,Indigenous
8.899999618530273,26,,CHL,224,43043,29190,146,331,Rural,Both sexes,Chile,2020,Not Indigenous or Afro-descendant
9.600000381469727,26,,CHL,224,43040,29190,146,331,Rural,Both sexes,Chile,2020,Total
11.899999618530273,26,,CHL,224,77477,29190,265,331,Rural,Men,Chile,2020,Indigenous
8.300000190734863,26,,CHL,224,43043,29190,265,331,Rural,Men,Chile,2020,Not Indigenous or Afro-descendant
8.899999618530273,26,,CHL,224,43040,29190,265,331,Rural,Men,Chile,2020,Total
13.100000381469727,26,,CHL,224,77477,29190,266,331,Rural,Women,Chile,2020,Indigenous
9.600000381469727,26,,CHL,224,43043,29190,266,331,Rural,Women,Chile,2020,Not Indigenous or Afro-descendant
10.199999809265137,26,,CHL,224,43040,29190,266,331,Rural,Women,Chile,2020,Total
11.699999809265137,26,,CHL,224,77477,29190,146,330,Urban,Both sexes,Chile,2020,Indigenous
10.699999809265137,26,,CHL,224,43043,29190,146,330,Urban,Both sexes,Chile,2020,Not Indigenous or Afro-descendant
10.800000190734863,26,,CHL,224,43040,29190,146,330,Urban,Both sexes,Chile,2020,Total
11.699999809265137,26,,CHL,224,77477,29190,265,330,Urban,Men,Chile,2020,Indigenous
10.199999809265137,26,,CHL,224,43043,29190,265,330,Urban,Men,Chile,2020,Not Indigenous or Afro-descendant
10.300000190734863,26,,CHL,224,43040,29190,265,330,Urban,Men,Chile,2020,Total
11.600000381469727,26,,CHL,224,77477,29190,266,330,Urban,Women,Chile,2020,Indigenous
11.199999809265137,26,,CHL,224,43043,29190,266,330,Urban,Women,Chile,2020,Not Indigenous or Afro-descendant
11.199999809265137,26,,CHL,224,43040,29190,266,330,Urban,Women,Chile,2020,Total
8.600000381469727,26,,CHL,224,77477,29192,146,327,National,Both sexes,Chile,2022,Indigenous
7.599999904632568,26,,CHL,224,43043,29192,146,327,National,Both sexes,Chile,2022,Not Indigenous or Afro-descendant
7.699999809265137,26,,CHL,224,43040,29192,146,327,National,Both sexes,Chile,2022,Total
7.900000095367432,26,,CHL,224,77477,29192,265,327,National,Men,Chile,2022,Indigenous
7.300000190734863,26,,CHL,224,43043,29192,265,327,National,Men,Chile,2022,Not Indigenous or Afro-descendant
7.400000095367432,26,,CHL,224,43040,29192,265,327,National,Men,Chile,2022,Total
9.199999809265137,26,,CHL,224,77477,29192,266,327,National,Women,Chile,2022,Indigenous
8,26,,CHL,224,43043,29192,266,327,National,Women,Chile,2022,Not Indigenous or Afro-descendant
8.100000381469727,26,,CHL,224,43040,29192,266,327,National,Women,Chile,2022,Total
8.199999809265137,26,,CHL,224,77477,29192,146,331,Rural,Both sexes,Chile,2022,Indigenous
5.300000190734863,26,,CHL,224,43043,29192,146,331,Rural,Both sexes,Chile,2022,Not Indigenous or Afro-descendant
5.800000190734863,26,,CHL,224,43040,29192,146,331,Rural,Both sexes,Chile,2022,Total
7.900000095367432,26,,CHL,224,77477,29192,265,331,Rural,Men,Chile,2022,Indigenous
5,26,,CHL,224,43043,29192,265,331,Rural,Men,Chile,2022,Not Indigenous or Afro-descendant
5.5,26,,CHL,224,43040,29192,265,331,Rural,Men,Chile,2022,Total
8.5,26,,CHL,224,77477,29192,266,331,Rural,Women,Chile,2022,Indigenous
5.599999904632568,26,,CHL,224,43043,29192,266,331,Rural,Women,Chile,2022,Not Indigenous or Afro-descendant
6.199999809265137,26,,CHL,224,43040,29192,266,331,Rural,Women,Chile,2022,Total
8.699999809265137,26,,CHL,224,77477,29192,146,330,Urban,Both sexes,Chile,2022,Indigenous
7.900000095367432,26,,CHL,224,43043,29192,146,330,Urban,Both sexes,Chile,2022,Not Indigenous or Afro-descendant
8,26,,CHL,224,43040,29192,146,330,Urban,Both sexes,Chile,2022,Total
7.900000095367432,26,,CHL,224,77477,29192,265,330,Urban,Men,Chile,2022,Indigenous
7.599999904632568,26,,CHL,224,43043,29192,265,330,Urban,Men,Chile,2022,Not Indigenous or Afro-descendant
7.599999904632568,26,,CHL,224,43040,29192,265,330,Urban,Men,Chile,2022,Total
9.300000190734863,26,,CHL,224,77477,29192,266,330,Urban,Women,Chile,2022,Indigenous
8.199999809265137,26,,CHL,224,43043,29192,266,330,Urban,Women,Chile,2022,Not Indigenous or Afro-descendant
8.300000190734863,26,,CHL,224,43040,29192,266,330,Urban,Women,Chile,2022,Total
33.29999923706055,26,8611,COL,225,43044,29184,146,327,National,Both sexes,Colombia,2014,Afro-descendant
50.20000076293945,26,8611,COL,225,77477,29184,146,327,National,Both sexes,Colombia,2014,Indigenous
26.799999237060547,26,8611,COL,225,43043,29184,146,327,National,Both sexes,Colombia,2014,Not Indigenous or Afro-descendant
28.100000381469727,26,8611,COL,225,43040,29184,146,327,National,Both sexes,Colombia,2014,Total
32.400001525878906,26,8611,COL,225,43044,29184,265,327,National,Men,Colombia,2014,Afro-descendant
49,26,8611,COL,225,77477,29184,265,327,National,Men,Colombia,2014,Indigenous
26.5,26,8611,COL,225,43043,29184,265,327,National,Men,Colombia,2014,Not Indigenous or Afro-descendant
27.700000762939453,26,8611,COL,225,43040,29184,265,327,National,Men,Colombia,2014,Total
34.20000076293945,26,8611,COL,225,43044,29184,266,327,National,Women,Colombia,2014,Afro-descendant
51.400001525878906,26,8611,COL,225,77477,29184,266,327,National,Women,Colombia,2014,Indigenous
21.200000762939453,26,,CHL,224,43043,29179,265,327,National,Men,Chile,2009,Not Indigenous or Afro-descendant
21.899999618530273,26,,CHL,224,43040,29179,265,327,National,Men,Chile,2009,Total
31.100000381469727,26,,CHL,224,77477,29179,266,327,National,Women,Chile,2009,Indigenous
21.299999237060547,26,,CHL,224,43043,29179,266,327,National,Women,Chile,2009,Not Indigenous or Afro-descendant
22,26,,CHL,224,43040,29179,266,327,National,Women,Chile,2009,Total
33.20000076293945,26,,CHL,224,77477,29179,146,331,Rural,Both sexes,Chile,2009,Indigenous
21.200000762939453,26,,CHL,224,43043,29179,146,331,Rural,Both sexes,Chile,2009,Not Indigenous or Afro-descendant
23.200000762939453,26,,CHL,224,43040,29179,146,331,Rural,Both sexes,Chile,2009,Total
31.799999237060547,26,,CHL,224,77477,29179,265,331,Rural,Men,Chile,2009,Indigenous
20.399999618530273,26,,CHL,224,43043,29179,265,331,Rural,Men,Chile,2009,Not Indigenous or Afro-descendant
22.399999618530273,26,,CHL,224,43040,29179,265,331,Rural,Men,Chile,2009,Total
34.79999923706055,26,,CHL,224,77477,29179,266,331,Rural,Women,Chile,2009,Indigenous
21.899999618530273,26,,CHL,224,43043,29179,266,331,Rural,Women,Chile,2009,Not Indigenous or Afro-descendant
24.100000381469727,26,,CHL,224,43040,29179,266,331,Rural,Women,Chile,2009,Total
29.799999237060547,26,,CHL,224,77477,29179,146,330,Urban,Both sexes,Chile,2009,Indigenous
21.299999237060547,26,,CHL,224,43043,29179,146,330,Urban,Both sexes,Chile,2009,Not Indigenous or Afro-descendant
21.799999237060547,26,,CHL,224,43040,29179,146,330,Urban,Both sexes,Chile,2009,Total
30,26,,CHL,224,77477,29179,265,330,Urban,Men,Chile,2009,Indigenous
21.399999618530273,26,,CHL,224,43043,29179,265,330,Urban,Men,Chile,2009,Not Indigenous or Afro-descendant
21.799999237060547,26,,CHL,224,43040,29179,265,330,Urban,Men,Chile,2009,Total
29.600000381469727,26,,CHL,224,77477,29179,266,330,Urban,Women,Chile,2009,Indigenous
21.299999237060547,26,,CHL,224,43043,29179,266,330,Urban,Women,Chile,2009,Not Indigenous or Afro-descendant
21.700000762939453,26,,CHL,224,43040,29179,266,330,Urban,Women,Chile,2009,Total
18.100000381469727,26,,CHL,224,77477,29181,146,327,National,Both sexes,Chile,2011,Indigenous
15.5,26,,CHL,224,43043,29181,146,327,National,Both sexes,Chile,2011,Not Indigenous or Afro-descendant
15.699999809265137,26,,CHL,224,43040,29181,146,327,National,Both sexes,Chile,2011,Total
17.399999618530273,26,,CHL,224,77477,29181,265,327,National,Men,Chile,2011,Indigenous
14.600000381469727,26,,CHL,224,43043,29181,265,327,National,Men,Chile,2011,Not Indigenous or Afro-descendant
14.800000190734863,26,,CHL,224,43040,29181,265,327,National,Men,Chile,2011,Total
18.799999237060547,26,,CHL,224,77477,29181,266,327,National,Women,Chile,2011,Indigenous
16.399999618530273,26,,CHL,224,43043,29181,266,327,National,Women,Chile,2011,Not Indigenous or Afro-descendant
16.600000381469727,26,,CHL,224,43040,29181,266,327,National,Women,Chile,2011,Total
19,26,,CHL,224,77477,29181,146,331,Rural,Both sexes,Chile,2011,Indigenous
14.300000190734863,26,,CHL,224,43043,29181,146,331,Rural,Both sexes,Chile,2011,Not Indigenous or Afro-descendant
15.100000381469727,26,,CHL,224,43040,29181,146,331,Rural,Both sexes,Chile,2011,Total
18,26,,CHL,224,77477,29181,265,331,Rural,Men,Chile,2011,Indigenous
13.800000190734863,26,,CHL,224,43043,29181,265,331,Rural,Men,Chile,2011,Not Indigenous or Afro-descendant
14.5,26,,CHL,224,43040,29181,265,331,Rural,Men,Chile,2011,Total
20.100000381469727,26,,CHL,224,77477,29181,266,331,Rural,Women,Chile,2011,Indigenous
14.800000190734863,26,,CHL,224,43043,29181,266,331,Rural,Women,Chile,2011,Not Indigenous or Afro-descendant
15.699999809265137,26,,CHL,224,43040,29181,266,331,Rural,Women,Chile,2011,Total
17.799999237060547,26,,CHL,224,77477,29181,146,330,Urban,Both sexes,Chile,2011,Indigenous
15.699999809265137,26,,CHL,224,43043,29181,146,330,Urban,Both sexes,Chile,2011,Not Indigenous or Afro-descendant
15.800000190734863,26,,CHL,224,43040,29181,146,330,Urban,Both sexes,Chile,2011,Total
17.200000762939453,26,,CHL,224,77477,29181,265,330,Urban,Men,Chile,2011,Indigenous
14.699999809265137,26,,CHL,224,43043,29181,265,330,Urban,Men,Chile,2011,Not Indigenous or Afro-descendant
14.899999618530273,26,,CHL,224,43040,29181,265,330,Urban,Men,Chile,2011,Total
18.399999618530273,26,,CHL,224,77477,29181,266,330,Urban,Women,Chile,2011,Indigenous
16.700000762939453,26,,CHL,224,43043,29181,266,330,Urban,Women,Chile,2011,Not Indigenous or Afro-descendant
16.799999237060547,26,,CHL,224,43040,29181,266,330,Urban,Women,Chile,2011,Total
17.399999618530273,26,,CHL,224,77477,29183,146,327,National,Both sexes,Chile,2013,Indigenous
13.800000190734863,26,,CHL,224,43043,29183,146,327,National,Both sexes,Chile,2013,Not Indigenous or Afro-descendant
14.100000381469727,26,,CHL,224,43040,29183,146,327,National,Both sexes,Chile,2013,Total
15.699999809265137,26,,CHL,224,77477,29183,265,327,National,Men,Chile,2013,Indigenous
13.399999618530273,26,,CHL,224,43043,29183,265,327,National,Men,Chile,2013,Not Indigenous or Afro-descendant
13.600000381469727,26,,CHL,224,43040,29183,265,327,National,Men,Chile,2013,Total
19,26,,CHL,224,77477,29183,266,327,National,Women,Chile,2013,Indigenous
14.100000381469727,26,,CHL,224,43043,29183,266,327,National,Women,Chile,2013,Not Indigenous or Afro-descendant
14.600000381469727,26,,CHL,224,43040,29183,266,327,National,Women,Chile,2013,Total
16.200000762939453,26,,CHL,224,77477,29183,146,331,Rural,Both sexes,Chile,2013,Indigenous
11.699999809265137,26,,CHL,224,43043,29183,146,331,Rural,Both sexes,Chile,2013,Not Indigenous or Afro-descendant
12.600000381469727,26,,CHL,224,43040,29183,146,331,Rural,Both sexes,Chile,2013,Total
15.100000381469727,26,,CHL,224,77477,29183,265,331,Rural,Men,Chile,2013,Indigenous
11.5,26,,CHL,224,43043,29183,265,331,Rural,Men,Chile,2013,Not Indigenous or Afro-descendant
12.199999809265137,26,,CHL,224,43040,29183,265,331,Rural,Men,Chile,2013,Total
17.399999618530273,26,,CHL,224,77477,29183,266,331,Rural,Women,Chile,2013,Indigenous
11.899999618530273,26,,CHL,224,43043,29183,266,331,Rural,Women,Chile,2013,Not Indigenous or Afro-descendant
13,26,,CHL,224,43040,29183,266,331,Rural,Women,Chile,2013,Total
17.799999237060547,26,,CHL,224,77477,29183,146,330,Urban,Both sexes,Chile,2013,Indigenous
14,26,,CHL,224,43043,29183,146,330,Urban,Both sexes,Chile,2013,Not Indigenous or Afro-descendant
14.300000190734863,26,,CHL,224,43040,29183,146,330,Urban,Both sexes,Chile,2013,Total
15.899999618530273,26,,CHL,224,77477,29183,265,330,Urban,Men,Chile,2013,Indigenous
13.699999809265137,26,,CHL,224,43043,29183,265,330,Urban,Men,Chile,2013,Not Indigenous or Afro-descendant
13.800000190734863,26,,CHL,224,43040,29183,265,330,Urban,Men,Chile,2013,Total
19.600000381469727,26,,CHL,224,77477,29183,266,330,Urban,Women,Chile,2013,Indigenous
14.399999618530273,26,,CHL,224,43043,29183,266,330,Urban,Women,Chile,2013,Not Indigenous or Afro-descendant
14.800000190734863,26,,CHL,224,43040,29183,266,330,Urban,Women,Chile,2013,Total
16.399999618530273,26,,CHL,224,77477,29185,146,327,National,Both sexes,Chile,2015,Indigenous
12.5,26,,CHL,224,43043,29185,146,327,National,Both sexes,Chile,2015,Not Indigenous or Afro-descendant
12.899999618530273,26,,CHL,224,43040,29185,146,327,National,Both sexes,Chile,2015,Total
16,26,,CHL,224,77477,29185,265,327,National,Men,Chile,2015,Indigenous
12.100000381469727,26,,CHL,224,43043,29185,265,327,National,Men,Chile,2015,Not Indigenous or Afro-descendant
12.399999618530273,26,,CHL,224,43040,29185,265,327,National,Men,Chile,2015,Total
16.600000381469727,26,,CHL,224,77477,29185,266,327,National,Women,Chile,2015,Indigenous
12.899999618530273,26,,CHL,224,43043,29185,266,327,National,Women,Chile,2015,Not Indigenous or Afro-descendant
13.199999809265137,26,,CHL,224,43040,29185,266,327,National,Women,Chile,2015,Total
14.399999618530273,26,,CHL,224,77477,29185,146,331,Rural,Both sexes,Chile,2015,Indigenous
10.300000190734863,26,,CHL,224,43043,29185,146,331,Rural,Both sexes,Chile,2015,Not Indigenous or Afro-descendant
11,26,,CHL,224,43040,29185,146,331,Rural,Both sexes,Chile,2015,Total
14.399999618530273,26,,CHL,224,77477,29185,265,331,Rural,Men,Chile,2015,Indigenous
9.800000190734863,26,,CHL,224,43043,29185,265,331,Rural,Men,Chile,2015,Not Indigenous or Afro-descendant
10.600000381469727,26,,CHL,224,43040,29185,265,331,Rural,Men,Chile,2015,Total
14.5,26,,CHL,224,77477,29185,266,331,Rural,Women,Chile,2015,Indigenous
10.699999809265137,26,,CHL,224,43043,29185,266,331,Rural,Women,Chile,2015,Not Indigenous or Afro-descendant
11.399999618530273,26,,CHL,224,43040,29185,266,331,Rural,Women,Chile,2015,Total
16.899999618530273,26,,CHL,224,77477,29185,146,330,Urban,Both sexes,Chile,2015,Indigenous
12.800000190734863,26,,CHL,224,43043,29185,146,330,Urban,Both sexes,Chile,2015,Not Indigenous or Afro-descendant
13.100000381469727,26,,CHL,224,43040,29185,146,330,Urban,Both sexes,Chile,2015,Total
16.600000381469727,26,,CHL,224,77477,29185,265,330,Urban,Men,Chile,2015,Indigenous
12.399999618530273,26,,CHL,224,43043,29185,265,330,Urban,Men,Chile,2015,Not Indigenous or Afro-descendant
12.699999809265137,26,,CHL,224,43040,29185,265,330,Urban,Men,Chile,2015,Total
17.299999237060547,26,,CHL,224,77477,29185,266,330,Urban,Women,Chile,2015,Indigenous
13.199999809265137,26,,CHL,224,43043,29185,266,330,Urban,Women,Chile,2015,Not Indigenous or Afro-descendant
13.5,26,,CHL,224,43040,29185,266,330,Urban,Women,Chile,2015,Total
12.399999618530273,26,,CHL,224,77477,29187,146,327,National,Both sexes,Chile,2017,Indigenous
12.100000381469727,26,,CHL,224,43043,29187,146,327,National,Both sexes,Chile,2017,Not Indigenous or Afro-descendant
12.100000381469727,26,,CHL,224,43040,29187,146,327,National,Both sexes,Chile,2017,Total
11.699999809265137,26,,CHL,224,77477,29187,265,327,National,Men,Chile,2017,Indigenous
11.899999618530273,26,,CHL,224,43043,29187,265,327,National,Men,Chile,2017,Not Indigenous or Afro-descendant
11.800000190734863,26,,CHL,224,43040,29187,265,327,National,Men,Chile,2017,Total
13,26,,CHL,224,77477,29187,266,327,National,Women,Chile,2017,Indigenous
12.300000190734863,26,,CHL,224,43043,29187,266,327,National,Women,Chile,2017,Not Indigenous or Afro-descendant
12.399999618530273,26,,CHL,224,43040,29187,266,327,National,Women,Chile,2017,Total
10.600000381469727,26,,CHL,224,77477,29187,146,331,Rural,Both sexes,Chile,2017,Indigenous
10.100000381469727,26,,CHL,224,43043,29187,146,331,Rural,Both sexes,Chile,2017,Not Indigenous or Afro-descendant
10.199999809265137,26,,CHL,224,43040,29187,146,331,Rural,Both sexes,Chile,2017,Total
10.199999809265137,26,,CHL,224,77477,29187,265,331,Rural,Men,Chile,2017,Indigenous
9.800000190734863,26,,CHL,224,43043,29187,265,331,Rural,Men,Chile,2017,Not Indigenous or Afro-descendant
9.800000190734863,26,,CHL,224,43040,29187,265,331,Rural,Men,Chile,2017,Total
11.100000381469727,26,,CHL,224,77477,29187,266,331,Rural,Women,Chile,2017,Indigenous
10.399999618530273,26,,CHL,224,43043,29187,266,331,Rural,Women,Chile,2017,Not Indigenous or Afro-descendant
10.600000381469727,26,,CHL,224,43040,29187,266,331,Rural,Women,Chile,2017,Total
27.100000381469727,26,8611,COL,225,43043,29184,266,327,National,Women,Colombia,2014,Not Indigenous or Afro-descendant
28.399999618530273,26,8611,COL,225,43040,29184,266,327,National,Women,Colombia,2014,Total
36.099998474121094,26,8611,COL,225,43044,29184,146,331,Rural,Both sexes,Colombia,2014,Afro-descendant
59.20000076293945,26,8611,COL,225,77477,29184,146,331,Rural,Both sexes,Colombia,2014,Indigenous
33.900001525878906,26,8611,COL,225,43043,29184,146,331,Rural,Both sexes,Colombia,2014,Not Indigenous or Afro-descendant
36.20000076293945,26,8611,COL,225,43040,29184,146,331,Rural,Both sexes,Colombia,2014,Total
35,26,8611,COL,225,43044,29184,265,331,Rural,Men,Colombia,2014,Afro-descendant
57.900001525878906,26,8611,COL,225,77477,29184,265,331,Rural,Men,Colombia,2014,Indigenous
33,26,8611,COL,225,43043,29184,265,331,Rural,Men,Colombia,2014,Not Indigenous or Afro-descendant
35.20000076293945,26,8611,COL,225,43040,29184,265,331,Rural,Men,Colombia,2014,Total
37.400001525878906,26,8611,COL,225,43044,29184,266,331,Rural,Women,Colombia,2014,Afro-descendant
60.599998474121094,26,8611,COL,225,77477,29184,266,331,Rural,Women,Colombia,2014,Indigenous
34.900001525878906,26,8611,COL,225,43043,29184,266,331,Rural,Women,Colombia,2014,Not Indigenous or Afro-descendant
37.29999923706055,26,8611,COL,225,43040,29184,266,331,Rural,Women,Colombia,2014,Total
32,26,8611,COL,225,43044,29184,146,330,Urban,Both sexes,Colombia,2014,Afro-descendant
35.599998474121094,26,8611,COL,225,77477,29184,146,330,Urban,Both sexes,Colombia,2014,Indigenous
24.899999618530273,26,8611,COL,225,43043,29184,146,330,Urban,Both sexes,Colombia,2014,Not Indigenous or Afro-descendant
25.600000381469727,26,8611,COL,225,43040,29184,146,330,Urban,Both sexes,Colombia,2014,Total
31.100000381469727,26,8611,COL,225,43044,29184,265,330,Urban,Men,Colombia,2014,Afro-descendant
33.5,26,8611,COL,225,77477,29184,265,330,Urban,Men,Colombia,2014,Indigenous
24.600000381469727,26,8611,COL,225,43043,29184,265,330,Urban,Men,Colombia,2014,Not Indigenous or Afro-descendant
25.200000762939453,26,8611,COL,225,43040,29184,265,330,Urban,Men,Colombia,2014,Total
32.900001525878906,26,8611,COL,225,43044,29184,266,330,Urban,Women,Colombia,2014,Afro-descendant
37.400001525878906,26,8611,COL,225,77477,29184,266,330,Urban,Women,Colombia,2014,Indigenous
25.200000762939453,26,8611,COL,225,43043,29184,266,330,Urban,Women,Colombia,2014,Not Indigenous or Afro-descendant
26,26,8611,COL,225,43040,29184,266,330,Urban,Women,Colombia,2014,Total
31.600000381469727,26,8611,COL,225,43044,29185,146,327,National,Both sexes,Colombia,2015,Afro-descendant
48.900001525878906,26,8611,COL,225,77477,29185,146,327,National,Both sexes,Colombia,2015,Indigenous
25.899999618530273,26,8611,COL,225,43043,29185,146,327,National,Both sexes,Colombia,2015,Not Indigenous or Afro-descendant
27.100000381469727,26,8611,COL,225,43040,29185,146,327,National,Both sexes,Colombia,2015,Total
30.700000762939453,26,8611,COL,225,43044,29185,265,327,National,Men,Colombia,2015,Afro-descendant
48.70000076293945,26,8611,COL,225,77477,29185,265,327,National,Men,Colombia,2015,Indigenous
25.600000381469727,26,8611,COL,225,43043,29185,265,327,National,Men,Colombia,2015,Not Indigenous or Afro-descendant
26.899999618530273,26,8611,COL,225,43040,29185,265,327,National,Men,Colombia,2015,Total
32.5,26,8611,COL,225,43044,29185,266,327,National,Women,Colombia,2015,Afro-descendant
49,26,8611,COL,225,77477,29185,266,327,National,Women,Colombia,2015,Indigenous
26.100000381469727,26,8611,COL,225,43043,29185,266,327,National,Women,Colombia,2015,Not Indigenous or Afro-descendant
27.399999618530273,26,8611,COL,225,43040,29185,266,327,National,Women,Colombia,2015,Total
34.29999923706055,26,8611,COL,225,43044,29185,146,331,Rural,Both sexes,Colombia,2015,Afro-descendant
58.70000076293945,26,8611,COL,225,77477,29185,146,331,Rural,Both sexes,Colombia,2015,Indigenous
33.099998474121094,26,8611,COL,225,43043,29185,146,331,Rural,Both sexes,Colombia,2015,Not Indigenous or Afro-descendant
35.400001525878906,26,8611,COL,225,43040,29185,146,331,Rural,Both sexes,Colombia,2015,Total
32.900001525878906,26,8611,COL,225,43044,29185,265,331,Rural,Men,Colombia,2015,Afro-descendant
57.900001525878906,26,8611,COL,225,77477,29185,265,331,Rural,Men,Colombia,2015,Indigenous
32.5,26,8611,COL,225,43043,29185,265,331,Rural,Men,Colombia,2015,Not Indigenous or Afro-descendant
34.599998474121094,26,8611,COL,225,43040,29185,265,331,Rural,Men,Colombia,2015,Total
35.79999923706055,26,8611,COL,225,43044,29185,266,331,Rural,Women,Colombia,2015,Afro-descendant
59.5,26,8611,COL,225,77477,29185,266,331,Rural,Women,Colombia,2015,Indigenous
33.70000076293945,26,8611,COL,225,43043,29185,266,331,Rural,Women,Colombia,2015,Not Indigenous or Afro-descendant
36.099998474121094,26,8611,COL,225,43040,29185,266,331,Rural,Women,Colombia,2015,Total
30.5,26,8611,COL,225,43044,29185,146,330,Urban,Both sexes,Colombia,2015,Afro-descendant
36.29999923706055,26,8611,COL,225,77477,29185,146,330,Urban,Both sexes,Colombia,2015,Indigenous
24,26,8611,COL,225,43043,29185,146,330,Urban,Both sexes,Colombia,2015,Not Indigenous or Afro-descendant
24.700000762939453,26,8611,COL,225,43040,29185,146,330,Urban,Both sexes,Colombia,2015,Total
29.700000762939453,26,8611,COL,225,43044,29185,265,330,Urban,Men,Colombia,2015,Afro-descendant
36,26,8611,COL,225,77477,29185,265,330,Urban,Men,Colombia,2015,Indigenous
23.600000381469727,26,8611,COL,225,43043,29185,265,330,Urban,Men,Colombia,2015,Not Indigenous or Afro-descendant
24.299999237060547,26,8611,COL,225,43040,29185,265,330,Urban,Men,Colombia,2015,Total
31.200000762939453,26,8611,COL,225,43044,29185,266,330,Urban,Women,Colombia,2015,Afro-descendant
36.599998474121094,26,8611,COL,225,77477,29185,266,330,Urban,Women,Colombia,2015,Indigenous
24.299999237060547,26,8611,COL,225,43043,29185,266,330,Urban,Women,Colombia,2015,Not Indigenous or Afro-descendant
25,26,8611,COL,225,43040,29185,266,330,Urban,Women,Colombia,2015,Total
30.899999618530273,26,8611,COL,225,43044,29186,146,327,National,Both sexes,Colombia,2016,Afro-descendant
50,26,8611,COL,225,77477,29186,146,327,National,Both sexes,Colombia,2016,Indigenous
24.5,26,8611,COL,225,43043,29186,146,327,National,Both sexes,Colombia,2016,Not Indigenous or Afro-descendant
26,26,8611,COL,225,43040,29186,146,327,National,Both sexes,Colombia,2016,Total
30.299999237060547,26,8611,COL,225,43044,29186,265,327,National,Men,Colombia,2016,Afro-descendant
49.79999923706055,26,8611,COL,225,77477,29186,265,327,National,Men,Colombia,2016,Indigenous
24.100000381469727,26,8611,COL,225,43043,29186,265,327,National,Men,Colombia,2016,Not Indigenous or Afro-descendant
25.600000381469727,26,8611,COL,225,43040,29186,265,327,National,Men,Colombia,2016,Total
31.600000381469727,26,8611,COL,225,43044,29186,266,327,National,Women,Colombia,2016,Afro-descendant
50.29999923706055,26,8611,COL,225,77477,29186,266,327,National,Women,Colombia,2016,Indigenous
24.899999618530273,26,8611,COL,225,43043,29186,266,327,National,Women,Colombia,2016,Not Indigenous or Afro-descendant
26.399999618530273,26,8611,COL,225,43040,29186,266,327,National,Women,Colombia,2016,Total
33.20000076293945,26,8611,COL,225,43044,29186,146,331,Rural,Both sexes,Colombia,2016,Afro-descendant
60.5,26,8611,COL,225,77477,29186,146,331,Rural,Both sexes,Colombia,2016,Indigenous
30.5,26,8611,COL,225,43043,29186,146,331,Rural,Both sexes,Colombia,2016,Not Indigenous or Afro-descendant
33.5,26,8611,COL,225,43040,29186,146,331,Rural,Both sexes,Colombia,2016,Total
32.099998474121094,26,8611,COL,225,43044,29186,265,331,Rural,Men,Colombia,2016,Afro-descendant
59.29999923706055,26,8611,COL,225,77477,29186,265,331,Rural,Men,Colombia,2016,Indigenous
29.600000381469727,26,8611,COL,225,43043,29186,265,331,Rural,Men,Colombia,2016,Not Indigenous or Afro-descendant
32.400001525878906,26,8611,COL,225,43040,29186,265,331,Rural,Men,Colombia,2016,Total
34.400001525878906,26,8611,COL,225,43044,29186,266,331,Rural,Women,Colombia,2016,Afro-descendant
61.79999923706055,26,8611,COL,225,77477,29186,266,331,Rural,Women,Colombia,2016,Indigenous
31.600000381469727,26,8611,COL,225,43043,29186,266,331,Rural,Women,Colombia,2016,Not Indigenous or Afro-descendant
34.70000076293945,26,8611,COL,225,43040,29186,266,331,Rural,Women,Colombia,2016,Total
30.100000381469727,26,8611,COL,225,43044,29186,146,330,Urban,Both sexes,Colombia,2016,Afro-descendant
35.70000076293945,26,8611,COL,225,77477,29186,146,330,Urban,Both sexes,Colombia,2016,Indigenous
22.899999618530273,26,8611,COL,225,43043,29186,146,330,Urban,Both sexes,Colombia,2016,Not Indigenous or Afro-descendant
23.799999237060547,26,8611,COL,225,43040,29186,146,330,Urban,Both sexes,Colombia,2016,Total
29.5,26,8611,COL,225,43044,29186,265,330,Urban,Men,Colombia,2016,Afro-descendant
35.900001525878906,26,8611,COL,225,77477,29186,265,330,Urban,Men,Colombia,2016,Indigenous
22.600000381469727,26,8611,COL,225,43043,29186,265,330,Urban,Men,Colombia,2016,Not Indigenous or Afro-descendant
23.399999618530273,26,8611,COL,225,43040,29186,265,330,Urban,Men,Colombia,2016,Total
30.600000381469727,26,8611,COL,225,43044,29186,266,330,Urban,Women,Colombia,2016,Afro-descendant
35.599998474121094,26,8611,COL,225,77477,29186,266,330,Urban,Women,Colombia,2016,Indigenous
23.200000762939453,26,8611,COL,225,43043,29186,266,330,Urban,Women,Colombia,2016,Not Indigenous or Afro-descendant
24.100000381469727,26,8611,COL,225,43040,29186,266,330,Urban,Women,Colombia,2016,Total
29.700000762939453,26,8611,COL,225,43044,29187,146,327,National,Both sexes,Colombia,2017,Afro-descendant
47,26,8611,COL,225,77477,29187,146,327,National,Both sexes,Colombia,2017,Indigenous
24,26,8611,COL,225,43043,29187,146,327,National,Both sexes,Colombia,2017,Not Indigenous or Afro-descendant
25.299999237060547,26,8611,COL,225,43040,29187,146,327,National,Both sexes,Colombia,2017,Total
29.5,26,8611,COL,225,43044,29187,265,327,National,Men,Colombia,2017,Afro-descendant
46.5,26,8611,COL,225,77477,29187,265,327,National,Men,Colombia,2017,Indigenous
23.700000762939453,26,8611,COL,225,43043,29187,265,327,National,Men,Colombia,2017,Not Indigenous or Afro-descendant
25.100000381469727,26,8611,COL,225,43040,29187,265,327,National,Men,Colombia,2017,Total
29.899999618530273,26,8611,COL,225,43044,29187,266,327,National,Women,Colombia,2017,Afro-descendant
47.5,26,8611,COL,225,77477,29187,266,327,National,Women,Colombia,2017,Indigenous
24.200000762939453,26,8611,COL,225,43043,29187,266,327,National,Women,Colombia,2017,Not Indigenous or Afro-descendant
25.5,26,8611,COL,225,43040,29187,266,327,National,Women,Colombia,2017,Total
32.70000076293945,26,8611,COL,225,43044,29187,146,331,Rural,Both sexes,Colombia,2017,Afro-descendant
57.20000076293945,26,8611,COL,225,77477,29187,146,331,Rural,Both sexes,Colombia,2017,Indigenous
30.200000762939453,26,8611,COL,225,43043,29187,146,331,Rural,Both sexes,Colombia,2017,Not Indigenous or Afro-descendant
32.79999923706055,26,8611,COL,225,43040,29187,146,331,Rural,Both sexes,Colombia,2017,Total
32.29999923706055,26,8611,COL,225,43044,29187,265,331,Rural,Men,Colombia,2017,Afro-descendant
56.900001525878906,26,8611,COL,225,77477,29187,265,331,Rural,Men,Colombia,2017,Indigenous
29.299999237060547,26,8611,COL,225,43043,29187,265,331,Rural,Men,Colombia,2017,Not Indigenous or Afro-descendant
32,26,8611,COL,225,43040,29187,265,331,Rural,Men,Colombia,2017,Total
33.099998474121094,26,8611,COL,225,43044,29187,266,331,Rural,Women,Colombia,2017,Afro-descendant
57.5,26,8611,COL,225,77477,29187,266,331,Rural,Women,Colombia,2017,Indigenous
31.200000762939453,26,8611,COL,225,43043,29187,266,331,Rural,Women,Colombia,2017,Not Indigenous or Afro-descendant
33.70000076293945,26,8611,COL,225,43040,29187,266,331,Rural,Women,Colombia,2017,Total
28.600000381469727,26,8611,COL,225,43044,29187,146,330,Urban,Both sexes,Colombia,2017,Afro-descendant
34.20000076293945,26,8611,COL,225,77477,29187,146,330,Urban,Both sexes,Colombia,2017,Indigenous
22.299999237060547,26,8611,COL,225,43043,29187,146,330,Urban,Both sexes,Colombia,2017,Not Indigenous or Afro-descendant
23.100000381469727,26,8611,COL,225,43040,29187,146,330,Urban,Both sexes,Colombia,2017,Total
28.299999237060547,26,8611,COL,225,43044,29187,265,330,Urban,Men,Colombia,2017,Afro-descendant
32.70000076293945,26,8611,COL,225,77477,29187,265,330,Urban,Men,Colombia,2017,Indigenous
22.100000381469727,26,8611,COL,225,43043,29187,265,330,Urban,Men,Colombia,2017,Not Indigenous or Afro-descendant
22.799999237060547,26,8611,COL,225,43040,29187,265,330,Urban,Men,Colombia,2017,Total
28.799999237060547,26,8611,COL,225,43044,29187,266,330,Urban,Women,Colombia,2017,Afro-descendant
35.70000076293945,26,8611,COL,225,77477,29187,266,330,Urban,Women,Colombia,2017,Indigenous
22.600000381469727,26,8611,COL,225,43043,29187,266,330,Urban,Women,Colombia,2017,Not Indigenous or Afro-descendant
23.299999237060547,26,8611,COL,225,43040,29187,266,330,Urban,Women,Colombia,2017,Total
29.299999237060547,26,8611,COL,225,43044,29188,146,327,National,Both sexes,Colombia,2018,Afro-descendant
47.099998474121094,26,8611,COL,225,77477,29188,146,327,National,Both sexes,Colombia,2018,Indigenous
24.399999618530273,26,8611,COL,225,43043,29188,146,327,National,Both sexes,Colombia,2018,Not Indigenous or Afro-descendant
25.600000381469727,26,8611,COL,225,43040,29188,146,327,National,Both sexes,Colombia,2018,Total
28.600000381469727,26,8611,COL,225,43044,29188,265,327,National,Men,Colombia,2018,Afro-descendant
46.79999923706055,26,8611,COL,225,77477,29188,265,327,National,Men,Colombia,2018,Indigenous
24.200000762939453,26,8611,COL,225,43043,29188,265,327,National,Men,Colombia,2018,Not Indigenous or Afro-descendant
25.399999618530273,26,8611,COL,225,43040,29188,265,327,National,Men,Colombia,2018,Total
29.899999618530273,26,8611,COL,225,43044,29188,266,327,National,Women,Colombia,2018,Afro-descendant
47.29999923706055,26,8611,COL,225,77477,29188,266,327,National,Women,Colombia,2018,Indigenous
24.5,26,8611,COL,225,43043,29188,266,327,National,Women,Colombia,2018,Not Indigenous or Afro-descendant
25.799999237060547,26,8611,COL,225,43040,29188,266,327,National,Women,Colombia,2018,Total
29.799999237060547,26,8611,COL,225,43044,29188,146,331,Rural,Both sexes,Colombia,2018,Afro-descendant
56.79999923706055,26,8611,COL,225,77477,29188,146,331,Rural,Both sexes,Colombia,2018,Indigenous
30,26,8611,COL,225,43043,29188,146,331,Rural,Both sexes,Colombia,2018,Not Indigenous or Afro-descendant
32.400001525878906,26,8611,COL,225,43040,29188,146,331,Rural,Both sexes,Colombia,2018,Total
29.100000381469727,26,8611,COL,225,43044,29188,265,331,Rural,Men,Colombia,2018,Afro-descendant
55.5,26,8611,COL,225,77477,29188,265,331,Rural,Men,Colombia,2018,Indigenous
29.700000762939453,26,8611,COL,225,43043,29188,265,331,Rural,Men,Colombia,2018,Not Indigenous or Afro-descendant
31.899999618530273,26,8611,COL,225,43040,29188,265,331,Rural,Men,Colombia,2018,Total
30.5,26,8611,COL,225,43044,29188,266,331,Rural,Women,Colombia,2018,Afro-descendant
58.20000076293945,26,8611,COL,225,77477,29188,266,331,Rural,Women,Colombia,2018,Indigenous
30.200000762939453,26,8611,COL,225,43043,29188,266,331,Rural,Women,Colombia,2018,Not Indigenous or Afro-descendant
32.79999923706055,26,8611,COL,225,43040,29188,266,331,Rural,Women,Colombia,2018,Total
29.100000381469727,26,8611,COL,225,43044,29188,146,330,Urban,Both sexes,Colombia,2018,Afro-descendant
33.5,26,8611,COL,225,77477,29188,146,330,Urban,Both sexes,Colombia,2018,Indigenous
22.899999618530273,26,8611,COL,225,43043,29188,146,330,Urban,Both sexes,Colombia,2018,Not Indigenous or Afro-descendant
23.600000381469727,26,8611,COL,225,43040,29188,146,330,Urban,Both sexes,Colombia,2018,Total
28.399999618530273,26,8611,COL,225,43044,29188,265,330,Urban,Men,Colombia,2018,Afro-descendant
33.900001525878906,26,8611,COL,225,77477,29188,265,330,Urban,Men,Colombia,2018,Indigenous
22.600000381469727,26,8611,COL,225,43043,29188,265,330,Urban,Men,Colombia,2018,Not Indigenous or Afro-descendant
23.299999237060547,26,8611,COL,225,43040,29188,265,330,Urban,Men,Colombia,2018,Total
29.700000762939453,26,8611,COL,225,43044,29188,266,330,Urban,Women,Colombia,2018,Afro-descendant
33.099998474121094,26,8611,COL,225,77477,29188,266,330,Urban,Women,Colombia,2018,Indigenous
23.200000762939453,26,8611,COL,225,43043,29188,266,330,Urban,Women,Colombia,2018,Not Indigenous or Afro-descendant
23.899999618530273,26,8611,COL,225,43040,29188,266,330,Urban,Women,Colombia,2018,Total
27.600000381469727,26,8611,COL,225,43044,29189,146,327,National,Both sexes,Colombia,2019,Afro-descendant
47.900001525878906,26,8611,COL,225,77477,29189,146,327,National,Both sexes,Colombia,2019,Indigenous
24.799999237060547,26,8611,COL,225,43043,29189,146,327,National,Both sexes,Colombia,2019,Not Indigenous or Afro-descendant
25.799999237060547,26,8611,COL,225,43040,29189,146,327,National,Both sexes,Colombia,2019,Total
27.100000381469727,26,8611,COL,225,43044,29189,265,327,National,Men,Colombia,2019,Afro-descendant
47.599998474121094,26,8611,COL,225,77477,29189,265,327,National,Men,Colombia,2019,Indigenous
24.600000381469727,26,8611,COL,225,43043,29189,265,327,National,Men,Colombia,2019,Not Indigenous or Afro-descendant
25.600000381469727,26,8611,COL,225,43040,29189,265,327,National,Men,Colombia,2019,Total
28.100000381469727,26,8611,COL,225,43044,29189,266,327,National,Women,Colombia,2019,Afro-descendant
48.20000076293945,26,8611,COL,225,77477,29189,266,327,National,Women,Colombia,2019,Indigenous
24.899999618530273,26,8611,COL,225,43043,29189,266,327,National,Women,Colombia,2019,Not Indigenous or Afro-descendant
26,26,8611,COL,225,43040,29189,266,327,National,Women,Colombia,2019,Total
28.899999618530273,26,8611,COL,225,43044,29189,146,331,Rural,Both sexes,Colombia,2019,Afro-descendant
57.70000076293945,26,8611,COL,225,77477,29189,146,331,Rural,Both sexes,Colombia,2019,Indigenous
29.200000762939453,26,8611,COL,225,43043,29189,146,331,Rural,Both sexes,Colombia,2019,Not Indigenous or Afro-descendant
31.700000762939453,26,8611,COL,225,43040,29189,146,331,Rural,Both sexes,Colombia,2019,Total
27.799999237060547,26,8611,COL,225,43044,29189,265,331,Rural,Men,Colombia,2019,Afro-descendant
56.20000076293945,26,8611,COL,225,77477,29189,265,331,Rural,Men,Colombia,2019,Indigenous
28.399999618530273,26,8611,COL,225,43043,29189,265,331,Rural,Men,Colombia,2019,Not Indigenous or Afro-descendant
30.700000762939453,26,8611,COL,225,43040,29189,265,331,Rural,Men,Colombia,2019,Total
30.200000762939453,26,8611,COL,225,43044,29189,266,331,Rural,Women,Colombia,2019,Afro-descendant
59.20000076293945,26,8611,COL,225,77477,29189,266,331,Rural,Women,Colombia,2019,Indigenous
30.100000381469727,26,8611,COL,225,43043,29189,266,331,Rural,Women,Colombia,2019,Not Indigenous or Afro-descendant
32.79999923706055,26,8611,COL,225,43040,29189,266,331,Rural,Women,Colombia,2019,Total
27.100000381469727,26,8611,COL,225,43044,29189,146,330,Urban,Both sexes,Colombia,2019,Afro-descendant
34.79999923706055,26,8611,COL,225,77477,29189,146,330,Urban,Both sexes,Colombia,2019,Indigenous
23.600000381469727,26,8611,COL,225,43043,29189,146,330,Urban,Both sexes,Colombia,2019,Not Indigenous or Afro-descendant
24.100000381469727,26,8611,COL,225,43040,29189,146,330,Urban,Both sexes,Colombia,2019,Total
26.899999618530273,26,8611,COL,225,43044,29189,265,330,Urban,Men,Colombia,2019,Afro-descendant
35.5,26,8611,COL,225,77477,29189,265,330,Urban,Men,Colombia,2019,Indigenous
23.5,26,8611,COL,225,43043,29189,265,330,Urban,Men,Colombia,2019,Not Indigenous or Afro-descendant
24,26,8611,COL,225,43040,29189,265,330,Urban,Men,Colombia,2019,Total
27.299999237060547,26,8611,COL,225,43044,29189,266,330,Urban,Women,Colombia,2019,Afro-descendant
34.099998474121094,26,8611,COL,225,77477,29189,266,330,Urban,Women,Colombia,2019,Indigenous
23.700000762939453,26,8611,COL,225,43043,29189,266,330,Urban,Women,Colombia,2019,Not Indigenous or Afro-descendant
24.200000762939453,26,8611,COL,225,43040,29189,266,330,Urban,Women,Colombia,2019,Total
28.299999237060547,26,8611,COL,225,43044,29190,146,327,National,Both sexes,Colombia,2020,Afro-descendant
53.599998474121094,26,8611,COL,225,77477,29190,146,327,National,Both sexes,Colombia,2020,Indigenous
24.899999618530273,26,8611,COL,225,43043,29190,146,327,National,Both sexes,Colombia,2020,Not Indigenous or Afro-descendant
26.200000762939453,26,8611,COL,225,43040,29190,146,327,National,Both sexes,Colombia,2020,Total
27.399999618530273,26,8611,COL,225,43044,29190,265,327,National,Men,Colombia,2020,Afro-descendant
53.70000076293945,26,8611,COL,225,77477,29190,265,327,National,Men,Colombia,2020,Indigenous
24.600000381469727,26,8611,COL,225,43043,29190,265,327,National,Men,Colombia,2020,Not Indigenous or Afro-descendant
25.899999618530273,26,8611,COL,225,43040,29190,265,327,National,Men,Colombia,2020,Total
29.200000762939453,26,8611,COL,225,43044,29190,266,327,National,Women,Colombia,2020,Afro-descendant
53.400001525878906,26,8611,COL,225,77477,29190,266,327,National,Women,Colombia,2020,Indigenous
25.299999237060547,26,8611,COL,225,43043,29190,266,327,National,Women,Colombia,2020,Not Indigenous or Afro-descendant
26.600000381469727,26,8611,COL,225,43040,29190,266,327,National,Women,Colombia,2020,Total
28.600000381469727,26,8611,COL,225,43044,29190,146,331,Rural,Both sexes,Colombia,2020,Afro-descendant
60.599998474121094,26,8611,COL,225,77477,29190,146,331,Rural,Both sexes,Colombia,2020,Indigenous
30,26,8611,COL,225,43043,29190,146,331,Rural,Both sexes,Colombia,2020,Not Indigenous or Afro-descendant
32.20000076293945,26,8611,COL,225,43040,29190,146,331,Rural,Both sexes,Colombia,2020,Total
27.399999618530273,26,8611,COL,225,43044,29190,265,331,Rural,Men,Colombia,2020,Afro-descendant
60.79999923706055,26,8611,COL,225,77477,29190,265,331,Rural,Men,Colombia,2020,Indigenous
28.899999618530273,26,8611,COL,225,43043,29190,265,331,Rural,Men,Colombia,2020,Not Indigenous or Afro-descendant
31.200000762939453,26,8611,COL,225,43040,29190,265,331,Rural,Men,Colombia,2020,Total
29.899999618530273,26,8611,COL,225,43044,29190,266,331,Rural,Women,Colombia,2020,Afro-descendant
60.5,26,8611,COL,225,77477,29190,266,331,Rural,Women,Colombia,2020,Indigenous
31.100000381469727,26,8611,COL,225,43043,29190,266,331,Rural,Women,Colombia,2020,Not Indigenous or Afro-descendant
33.29999923706055,26,8611,COL,225,43040,29190,266,331,Rural,Women,Colombia,2020,Total
28.100000381469727,26,8611,COL,225,43044,29190,146,330,Urban,Both sexes,Colombia,2020,Afro-descendant
37.400001525878906,26,8611,COL,225,77477,29190,146,330,Urban,Both sexes,Colombia,2020,Indigenous
22.700000762939453,26,8611,COL,225,43043,29190,146,330,Urban,Both sexes,Colombia,2020,Not Indigenous or Afro-descendant
23.299999237060547,26,8611,COL,225,43040,29190,146,330,Urban,Both sexes,Colombia,2020,Total
27.399999618530273,26,8611,COL,225,43044,29190,265,330,Urban,Men,Colombia,2020,Afro-descendant
36.20000076293945,26,8611,COL,225,77477,29190,265,330,Urban,Men,Colombia,2020,Indigenous
22.399999618530273,26,8611,COL,225,43043,29190,265,330,Urban,Men,Colombia,2020,Not Indigenous or Afro-descendant
23,26,8611,COL,225,43040,29190,265,330,Urban,Men,Colombia,2020,Total
28.700000762939453,26,8611,COL,225,43044,29190,266,330,Urban,Women,Colombia,2020,Afro-descendant
38.5,26,8611,COL,225,77477,29190,266,330,Urban,Women,Colombia,2020,Indigenous
23,26,8611,COL,225,43043,29190,266,330,Urban,Women,Colombia,2020,Not Indigenous or Afro-descendant
23.600000381469727,26,8611,COL,225,43040,29190,266,330,Urban,Women,Colombia,2020,Total
23.700000762939453,26,8611,COL,225,43044,29191,146,327,National,Both sexes,Colombia,2021,Afro-descendant
45.900001525878906,26,8611,COL,225,77477,29191,146,327,National,Both sexes,Colombia,2021,Indigenous
21.100000381469727,26,8611,COL,225,43043,29191,146,327,National,Both sexes,Colombia,2021,Not Indigenous or Afro-descendant
22.100000381469727,26,8611,COL,225,43040,29191,146,327,National,Both sexes,Colombia,2021,Total
22.799999237060547,26,8611,COL,225,43044,29191,265,327,National,Men,Colombia,2021,Afro-descendant
44.5,26,8611,COL,225,77477,29191,265,327,National,Men,Colombia,2021,Indigenous
20.799999237060547,26,8611,COL,225,43043,29191,265,327,National,Men,Colombia,2021,Not Indigenous or Afro-descendant
21.700000762939453,26,8611,COL,225,43040,29191,265,327,National,Men,Colombia,2021,Total
24.600000381469727,26,8611,COL,225,43044,29191,266,327,National,Women,Colombia,2021,Afro-descendant
47.29999923706055,26,8611,COL,225,77477,29191,266,327,National,Women,Colombia,2021,Indigenous
21.399999618530273,26,8611,COL,225,43043,29191,266,327,National,Women,Colombia,2021,Not Indigenous or Afro-descendant
22.399999618530273,26,8611,COL,225,43040,29191,266,327,National,Women,Colombia,2021,Total
23.399999618530273,26,8611,COL,225,43044,29191,146,331,Rural,Both sexes,Colombia,2021,Afro-descendant
54.5,26,8611,COL,225,77477,29191,146,331,Rural,Both sexes,Colombia,2021,Indigenous
26.899999618530273,26,8611,COL,225,43043,29191,146,331,Rural,Both sexes,Colombia,2021,Not Indigenous or Afro-descendant
28.799999237060547,26,8611,COL,225,43040,29191,146,331,Rural,Both sexes,Colombia,2021,Total
22.100000381469727,26,8611,COL,225,43044,29191,265,331,Rural,Men,Colombia,2021,Afro-descendant
52.900001525878906,26,8611,COL,225,77477,29191,265,331,Rural,Men,Colombia,2021,Indigenous
26,26,8611,COL,225,43043,29191,265,331,Rural,Men,Colombia,2021,Not Indigenous or Afro-descendant
27.799999237060547,26,8611,COL,225,43040,29191,265,331,Rural,Men,Colombia,2021,Total
24.700000762939453,26,8611,COL,225,43044,29191,266,331,Rural,Women,Colombia,2021,Afro-descendant
56.099998474121094,26,8611,COL,225,77477,29191,266,331,Rural,Women,Colombia,2021,Indigenous
27.799999237060547,26,8611,COL,225,43043,29191,266,331,Rural,Women,Colombia,2021,Not Indigenous or Afro-descendant
29.899999618530273,26,8611,COL,225,43040,29191,266,331,Rural,Women,Colombia,2021,Total
23.899999618530273,26,8611,COL,225,43044,29191,146,330,Urban,Both sexes,Colombia,2021,Afro-descendant
32.20000076293945,26,8611,COL,225,77477,29191,146,330,Urban,Both sexes,Colombia,2021,Indigenous
19.600000381469727,26,8611,COL,225,43043,29191,146,330,Urban,Both sexes,Colombia,2021,Not Indigenous or Afro-descendant
20.100000381469727,26,8611,COL,225,43040,29191,146,330,Urban,Both sexes,Colombia,2021,Total
23.200000762939453,26,8611,COL,225,43044,29191,265,330,Urban,Men,Colombia,2021,Afro-descendant
30.299999237060547,26,8611,COL,225,77477,29191,265,330,Urban,Men,Colombia,2021,Indigenous
19.299999237060547,26,8611,COL,225,43043,29191,265,330,Urban,Men,Colombia,2021,Not Indigenous or Afro-descendant
19.700000762939453,26,8611,COL,225,43040,29191,265,330,Urban,Men,Colombia,2021,Total
24.5,26,8611,COL,225,43044,29191,266,330,Urban,Women,Colombia,2021,Afro-descendant
33.900001525878906,26,8611,COL,225,77477,29191,266,330,Urban,Women,Colombia,2021,Indigenous
19.799999237060547,26,8611,COL,225,43043,29191,266,330,Urban,Women,Colombia,2021,Not Indigenous or Afro-descendant
20.399999618530273,26,8611,COL,225,43040,29191,266,330,Urban,Women,Colombia,2021,Total
23.5,26,16004,COL,225,43044,29192,146,327,National,Both sexes,Colombia,2022,Afro-descendant
46.5,26,16004,COL,225,77477,29192,146,327,National,Both sexes,Colombia,2022,Indigenous
18.799999237060547,26,16004,COL,225,43043,29192,146,327,National,Both sexes,Colombia,2022,Not Indigenous or Afro-descendant
20.200000762939453,26,16004,COL,225,43040,29192,146,327,National,Both sexes,Colombia,2022,Total
22.799999237060547,26,16004,COL,225,43044,29192,265,327,National,Men,Colombia,2022,Afro-descendant
46.900001525878906,26,16004,COL,225,77477,29192,265,327,National,Men,Colombia,2022,Indigenous
18.700000762939453,26,16004,COL,225,43043,29192,265,327,National,Men,Colombia,2022,Not Indigenous or Afro-descendant
20.100000381469727,26,16004,COL,225,43040,29192,265,327,National,Men,Colombia,2022,Total
24.200000762939453,26,16004,COL,225,43044,29192,266,327,National,Women,Colombia,2022,Afro-descendant
46.20000076293945,26,16004,COL,225,77477,29192,266,327,National,Women,Colombia,2022,Indigenous
18.899999618530273,26,16004,COL,225,43043,29192,266,327,National,Women,Colombia,2022,Not Indigenous or Afro-descendant
20.399999618530273,26,16004,COL,225,43040,29192,266,327,National,Women,Colombia,2022,Total
24.5,26,16004,COL,225,43044,29192,146,331,Rural,Both sexes,Colombia,2022,Afro-descendant
54.5,26,16004,COL,225,77477,29192,146,331,Rural,Both sexes,Colombia,2022,Indigenous
25.5,26,16004,COL,225,43043,29192,146,331,Rural,Both sexes,Colombia,2022,Not Indigenous or Afro-descendant
28.899999618530273,26,16004,COL,225,43040,29192,146,331,Rural,Both sexes,Colombia,2022,Total
23.700000762939453,26,16004,COL,225,43044,29192,265,331,Rural,Men,Colombia,2022,Afro-descendant
54.099998474121094,26,16004,COL,225,77477,29192,265,331,Rural,Men,Colombia,2022,Indigenous
25,26,16004,COL,225,43043,29192,265,331,Rural,Men,Colombia,2022,Not Indigenous or Afro-descendant
28.200000762939453,26,16004,COL,225,43040,29192,265,331,Rural,Men,Colombia,2022,Total
25.399999618530273,26,16004,COL,225,43044,29192,266,331,Rural,Women,Colombia,2022,Afro-descendant
54.900001525878906,26,16004,COL,225,77477,29192,266,331,Rural,Women,Colombia,2022,Indigenous
26,26,16004,COL,225,43043,29192,266,331,Rural,Women,Colombia,2022,Not Indigenous or Afro-descendant
29.5,26,16004,COL,225,43040,29192,266,331,Rural,Women,Colombia,2022,Total
23,26,16004,COL,225,43044,29192,146,330,Urban,Both sexes,Colombia,2022,Afro-descendant
27.899999618530273,26,16004,COL,225,77477,29192,146,330,Urban,Both sexes,Colombia,2022,Indigenous
17.100000381469727,26,16004,COL,225,43043,29192,146,330,Urban,Both sexes,Colombia,2022,Not Indigenous or Afro-descendant
17.600000381469727,26,16004,COL,225,43040,29192,146,330,Urban,Both sexes,Colombia,2022,Total
22.299999237060547,26,16004,COL,225,43044,29192,265,330,Urban,Men,Colombia,2022,Afro-descendant
29.100000381469727,26,16004,COL,225,77477,29192,265,330,Urban,Men,Colombia,2022,Indigenous
16.899999618530273,26,16004,COL,225,43043,29192,265,330,Urban,Men,Colombia,2022,Not Indigenous or Afro-descendant
17.399999618530273,26,16004,COL,225,43040,29192,265,330,Urban,Men,Colombia,2022,Total
23.600000381469727,26,16004,COL,225,43044,29192,266,330,Urban,Women,Colombia,2022,Afro-descendant
26.700000762939453,26,16004,COL,225,77477,29192,266,330,Urban,Women,Colombia,2022,Indigenous
17.299999237060547,26,16004,COL,225,43043,29192,266,330,Urban,Women,Colombia,2022,Not Indigenous or Afro-descendant
17.799999237060547,26,16004,COL,225,43040,29192,266,330,Urban,Women,Colombia,2022,Total
20.799999237060547,26,16004,COL,225,43044,29193,146,327,National,Both sexes,Colombia,2023,Afro-descendant
44.099998474121094,26,16004,COL,225,77477,29193,146,327,National,Both sexes,Colombia,2023,Indigenous
17.600000381469727,26,16004,COL,225,43043,29193,146,327,National,Both sexes,Colombia,2023,Not Indigenous or Afro-descendant
19,26,16004,COL,225,43040,29193,146,327,National,Both sexes,Colombia,2023,Total
19.899999618530273,26,16004,COL,225,43044,29193,265,327,National,Men,Colombia,2023,Afro-descendant
43.20000076293945,26,16004,COL,225,77477,29193,265,327,National,Men,Colombia,2023,Indigenous
17.299999237060547,26,16004,COL,225,43043,29193,265,327,National,Men,Colombia,2023,Not Indigenous or Afro-descendant
18.600000381469727,26,16004,COL,225,43040,29193,265,327,National,Men,Colombia,2023,Total
21.600000381469727,26,16004,COL,225,43044,29193,266,327,National,Women,Colombia,2023,Afro-descendant
44.900001525878906,26,16004,COL,225,77477,29193,266,327,National,Women,Colombia,2023,Indigenous
17.899999618530273,26,16004,COL,225,43043,29193,266,327,National,Women,Colombia,2023,Not Indigenous or Afro-descendant
19.399999618530273,26,16004,COL,225,43040,29193,266,327,National,Women,Colombia,2023,Total
22.799999237060547,26,16004,COL,225,43044,29193,146,331,Rural,Both sexes,Colombia,2023,Afro-descendant
52.20000076293945,26,16004,COL,225,77477,29193,146,331,Rural,Both sexes,Colombia,2023,Indigenous
24.100000381469727,26,16004,COL,225,43043,29193,146,331,Rural,Both sexes,Colombia,2023,Not Indigenous or Afro-descendant
27.600000381469727,26,16004,COL,225,43040,29193,146,331,Rural,Both sexes,Colombia,2023,Total
21.100000381469727,26,16004,COL,225,43044,29193,265,331,Rural,Men,Colombia,2023,Afro-descendant
51.29999923706055,26,16004,COL,225,77477,29193,265,331,Rural,Men,Colombia,2023,Indigenous
23.100000381469727,26,16004,COL,225,43043,29193,265,331,Rural,Men,Colombia,2023,Not Indigenous or Afro-descendant
26.399999618530273,26,16004,COL,225,43040,29193,265,331,Rural,Men,Colombia,2023,Total
24.399999618530273,26,16004,COL,225,43044,29193,266,331,Rural,Women,Colombia,2023,Afro-descendant
53,26,16004,COL,225,77477,29193,266,331,Rural,Women,Colombia,2023,Indigenous
25.100000381469727,26,16004,COL,225,43043,29193,266,331,Rural,Women,Colombia,2023,Not Indigenous or Afro-descendant
28.799999237060547,26,16004,COL,225,43040,29193,266,331,Rural,Women,Colombia,2023,Total
19.799999237060547,26,16004,COL,225,43044,29193,146,330,Urban,Both sexes,Colombia,2023,Afro-descendant
26.600000381469727,26,16004,COL,225,77477,29193,146,330,Urban,Both sexes,Colombia,2023,Indigenous
16,26,16004,COL,225,43043,29193,146,330,Urban,Both sexes,Colombia,2023,Not Indigenous or Afro-descendant
16.399999618530273,26,16004,COL,225,43040,29193,146,330,Urban,Both sexes,Colombia,2023,Total
19.299999237060547,26,16004,COL,225,43044,29193,265,330,Urban,Men,Colombia,2023,Afro-descendant
25.200000762939453,26,16004,COL,225,77477,29193,265,330,Urban,Men,Colombia,2023,Indigenous
15.699999809265137,26,16004,COL,225,43043,29193,265,330,Urban,Men,Colombia,2023,Not Indigenous or Afro-descendant
16.100000381469727,26,16004,COL,225,43040,29193,265,330,Urban,Men,Colombia,2023,Total
20.299999237060547,26,16004,COL,225,43044,29193,266,330,Urban,Women,Colombia,2023,Afro-descendant
27.799999237060547,26,16004,COL,225,77477,29193,266,330,Urban,Women,Colombia,2023,Indigenous
16.299999237060547,26,16004,COL,225,43043,29193,266,330,Urban,Women,Colombia,2023,Not Indigenous or Afro-descendant
16.799999237060547,26,16004,COL,225,43040,29193,266,330,Urban,Women,Colombia,2023,Total
20.399999618530273,26,16004,COL,225,43044,29194,146,327,National,Both sexes,Colombia,2024,Afro-descendant
43,26,16004,COL,225,77477,29194,146,327,National,Both sexes,Colombia,2024,Indigenous
16.299999237060547,26,16004,COL,225,43043,29194,146,327,National,Both sexes,Colombia,2024,Not Indigenous or Afro-descendant
17.700000762939453,26,16004,COL,225,43040,29194,146,327,National,Both sexes,Colombia,2024,Total
19.5,26,16004,COL,225,43044,29194,265,327,National,Men,Colombia,2024,Afro-descendant
42,26,16004,COL,225,77477,29194,265,327,National,Men,Colombia,2024,Indigenous
16.100000381469727,26,16004,COL,225,43043,29194,265,327,National,Men,Colombia,2024,Not Indigenous or Afro-descendant
17.399999618530273,26,16004,COL,225,43040,29194,265,327,National,Men,Colombia,2024,Total
21.200000762939453,26,16004,COL,225,43044,29194,266,327,National,Women,Colombia,2024,Afro-descendant
43.900001525878906,26,16004,COL,225,77477,29194,266,327,National,Women,Colombia,2024,Indigenous
16.399999618530273,26,16004,COL,225,43043,29194,266,327,National,Women,Colombia,2024,Not Indigenous or Afro-descendant
18,26,16004,COL,225,43040,29194,266,327,National,Women,Colombia,2024,Total
20.600000381469727,26,16004,COL,225,43044,29194,146,331,Rural,Both sexes,Colombia,2024,Afro-descendant
51.20000076293945,26,16004,COL,225,77477,29194,146,331,Rural,Both sexes,Colombia,2024,Indigenous
22.299999237060547,26,16004,COL,225,43043,29194,146,331,Rural,Both sexes,Colombia,2024,Not Indigenous or Afro-descendant
25.799999237060547,26,16004,COL,225,43040,29194,146,331,Rural,Both sexes,Colombia,2024,Total
19.899999618530273,26,16004,COL,225,43044,29194,265,331,Rural,Men,Colombia,2024,Afro-descendant
50,26,16004,COL,225,77477,29194,265,331,Rural,Men,Colombia,2024,Indigenous
21.600000381469727,26,16004,COL,225,43043,29194,265,331,Rural,Men,Colombia,2024,Not Indigenous or Afro-descendant
24.899999618530273,26,16004,COL,225,43040,29194,265,331,Rural,Men,Colombia,2024,Total
21.299999237060547,26,16004,COL,225,43044,29194,266,331,Rural,Women,Colombia,2024,Afro-descendant
52.29999923706055,26,16004,COL,225,77477,29194,266,331,Rural,Women,Colombia,2024,Indigenous
23,26,16004,COL,225,43043,29194,266,331,Rural,Women,Colombia,2024,Not Indigenous or Afro-descendant
26.799999237060547,26,16004,COL,225,43040,29194,266,331,Rural,Women,Colombia,2024,Total
20.200000762939453,26,16004,COL,225,43044,29194,146,330,Urban,Both sexes,Colombia,2024,Afro-descendant
25,26,16004,COL,225,77477,29194,146,330,Urban,Both sexes,Colombia,2024,Indigenous
14.800000190734863,26,16004,COL,225,43043,29194,146,330,Urban,Both sexes,Colombia,2024,Not Indigenous or Afro-descendant
15.300000190734863,26,16004,COL,225,43040,29194,146,330,Urban,Both sexes,Colombia,2024,Total
19.299999237060547,26,16004,COL,225,43044,29194,265,330,Urban,Men,Colombia,2024,Afro-descendant
23.799999237060547,26,16004,COL,225,77477,29194,265,330,Urban,Men,Colombia,2024,Indigenous
14.600000381469727,26,16004,COL,225,43043,29194,265,330,Urban,Men,Colombia,2024,Not Indigenous or Afro-descendant
15.100000381469727,26,16004,COL,225,43040,29194,265,330,Urban,Men,Colombia,2024,Total
21.100000381469727,26,16004,COL,225,43044,29194,266,330,Urban,Women,Colombia,2024,Afro-descendant
26.100000381469727,26,16004,COL,225,77477,29194,266,330,Urban,Women,Colombia,2024,Indigenous
15,26,16004,COL,225,43043,29194,266,330,Urban,Women,Colombia,2024,Not Indigenous or Afro-descendant
15.600000381469727,26,16004,COL,225,43040,29194,266,330,Urban,Women,Colombia,2024,Total
59.5,26,,ECU,229,43044,29171,146,327,National,Both sexes,Ecuador,2001,Afro-descendant
64.5999984741211,26,,ECU,229,77477,29171,146,327,National,Both sexes,Ecuador,2001,Indigenous
48.70000076293945,26,,ECU,229,43043,29171,146,327,National,Both sexes,Ecuador,2001,Not Indigenous or Afro-descendant
49.70000076293945,26,,ECU,229,43040,29171,146,327,National,Both sexes,Ecuador,2001,Total
49.5,26,,ECU,229,43043,29179,265,331,Rural,Men,Ecuador,2009,Not Indigenous or Afro-descendant
51.79999923706055,26,,ECU,229,43040,29179,265,331,Rural,Men,Ecuador,2009,Total
60.599998474121094,26,,ECU,229,43044,29179,266,331,Rural,Women,Ecuador,2009,Afro-descendant
61.599998474121094,26,,ECU,229,77477,29179,266,331,Rural,Women,Ecuador,2009,Indigenous
50,26,,ECU,229,43043,29179,266,331,Rural,Women,Ecuador,2009,Not Indigenous or Afro-descendant
52.29999923706055,26,,ECU,229,43040,29179,266,331,Rural,Women,Ecuador,2009,Total
49.400001525878906,26,,ECU,229,43044,29179,146,330,Urban,Both sexes,Ecuador,2009,Afro-descendant
47.5,26,,ECU,229,77477,29179,146,330,Urban,Both sexes,Ecuador,2009,Indigenous
36.20000076293945,26,,ECU,229,43043,29179,146,330,Urban,Both sexes,Ecuador,2009,Not Indigenous or Afro-descendant
37,26,,ECU,229,43040,29179,146,330,Urban,Both sexes,Ecuador,2009,Total
47.400001525878906,26,,ECU,229,43044,29179,265,330,Urban,Men,Ecuador,2009,Afro-descendant
48.20000076293945,26,,ECU,229,77477,29179,265,330,Urban,Men,Ecuador,2009,Indigenous
35.900001525878906,26,,ECU,229,43043,29179,265,330,Urban,Men,Ecuador,2009,Not Indigenous or Afro-descendant
36.70000076293945,26,,ECU,229,43040,29179,265,330,Urban,Men,Ecuador,2009,Total
51.400001525878906,26,,ECU,229,43044,29179,266,330,Urban,Women,Ecuador,2009,Afro-descendant
46.79999923706055,26,,ECU,229,77477,29179,266,330,Urban,Women,Ecuador,2009,Indigenous
36.400001525878906,26,,ECU,229,43043,29179,266,330,Urban,Women,Ecuador,2009,Not Indigenous or Afro-descendant
37.20000076293945,26,,ECU,229,43040,29179,266,330,Urban,Women,Ecuador,2009,Total
48.599998474121094,26,,ECU,229,43044,29180,146,327,National,Both sexes,Ecuador,2010,Afro-descendant
62.20000076293945,26,,ECU,229,77477,29180,146,327,National,Both sexes,Ecuador,2010,Indigenous
36.099998474121094,26,,ECU,229,43043,29180,146,327,National,Both sexes,Ecuador,2010,Not Indigenous or Afro-descendant
38.29999923706055,26,,ECU,229,43040,29180,146,327,National,Both sexes,Ecuador,2010,Total
48.79999923706055,26,,ECU,229,43044,29180,265,327,National,Men,Ecuador,2010,Afro-descendant
61.900001525878906,26,,ECU,229,77477,29180,265,327,National,Men,Ecuador,2010,Indigenous
36.20000076293945,26,,ECU,229,43043,29180,265,327,National,Men,Ecuador,2010,Not Indigenous or Afro-descendant
38.400001525878906,26,,ECU,229,43040,29180,265,327,National,Men,Ecuador,2010,Total
48.400001525878906,26,,ECU,229,43044,29180,266,327,National,Women,Ecuador,2010,Afro-descendant
62.400001525878906,26,,ECU,229,77477,29180,266,327,National,Women,Ecuador,2010,Indigenous
35.900001525878906,26,,ECU,229,43043,29180,266,327,National,Women,Ecuador,2010,Not Indigenous or Afro-descendant
38.29999923706055,26,,ECU,229,43040,29180,266,327,National,Women,Ecuador,2010,Total
52.900001525878906,26,,ECU,229,43044,29180,146,331,Rural,Both sexes,Ecuador,2010,Afro-descendant
66.19999694824219,26,,ECU,229,77477,29180,146,331,Rural,Both sexes,Ecuador,2010,Indigenous
46.20000076293945,26,,ECU,229,43043,29180,146,331,Rural,Both sexes,Ecuador,2010,Not Indigenous or Afro-descendant
49.70000076293945,26,,ECU,229,43040,29180,146,331,Rural,Both sexes,Ecuador,2010,Total
52.79999923706055,26,,ECU,229,43044,29180,265,331,Rural,Men,Ecuador,2010,Afro-descendant
66.4000015258789,26,,ECU,229,77477,29180,265,331,Rural,Men,Ecuador,2010,Indigenous
46.099998474121094,26,,ECU,229,43043,29180,265,331,Rural,Men,Ecuador,2010,Not Indigenous or Afro-descendant
49.5,26,,ECU,229,43040,29180,265,331,Rural,Men,Ecuador,2010,Total
52.900001525878906,26,,ECU,229,43044,29180,266,331,Rural,Women,Ecuador,2010,Afro-descendant
65.9000015258789,26,,ECU,229,77477,29180,266,331,Rural,Women,Ecuador,2010,Indigenous
46.29999923706055,26,,ECU,229,43043,29180,266,331,Rural,Women,Ecuador,2010,Not Indigenous or Afro-descendant
49.900001525878906,26,,ECU,229,43040,29180,266,331,Rural,Women,Ecuador,2010,Total
46.900001525878906,26,,ECU,229,43044,29180,146,330,Urban,Both sexes,Ecuador,2010,Afro-descendant
41.70000076293945,26,,ECU,229,77477,29180,146,330,Urban,Both sexes,Ecuador,2010,Indigenous
31.700000762939453,26,,ECU,229,43043,29180,146,330,Urban,Both sexes,Ecuador,2010,Not Indigenous or Afro-descendant
32.599998474121094,26,,ECU,229,43040,29180,146,330,Urban,Both sexes,Ecuador,2010,Total
47,26,,ECU,229,43044,29180,265,330,Urban,Men,Ecuador,2010,Afro-descendant
39.29999923706055,26,,ECU,229,77477,29180,265,330,Urban,Men,Ecuador,2010,Indigenous
31.700000762939453,26,,ECU,229,43043,29180,265,330,Urban,Men,Ecuador,2010,Not Indigenous or Afro-descendant
32.5,26,,ECU,229,43040,29180,265,330,Urban,Men,Ecuador,2010,Total
46.79999923706055,26,,ECU,229,43044,29180,266,330,Urban,Women,Ecuador,2010,Afro-descendant
44,26,,ECU,229,77477,29180,266,330,Urban,Women,Ecuador,2010,Indigenous
31.700000762939453,26,,ECU,229,43043,29180,266,330,Urban,Women,Ecuador,2010,Not Indigenous or Afro-descendant
32.70000076293945,26,,ECU,229,43040,29180,266,330,Urban,Women,Ecuador,2010,Total
45.29999923706055,26,,ECU,229,43044,29181,146,327,National,Both sexes,Ecuador,2011,Afro-descendant
53.70000076293945,26,,ECU,229,77477,29181,146,327,National,Both sexes,Ecuador,2011,Indigenous
31.799999237060547,26,,ECU,229,43043,29181,146,327,National,Both sexes,Ecuador,2011,Not Indigenous or Afro-descendant
34,26,,ECU,229,43040,29181,146,327,National,Both sexes,Ecuador,2011,Total
44.599998474121094,26,,ECU,229,43044,29181,265,327,National,Men,Ecuador,2011,Afro-descendant
54,26,,ECU,229,77477,29181,265,327,National,Men,Ecuador,2011,Indigenous
32,26,,ECU,229,43043,29181,265,327,National,Men,Ecuador,2011,Not Indigenous or Afro-descendant
34.20000076293945,26,,ECU,229,43040,29181,265,327,National,Men,Ecuador,2011,Total
46,26,,ECU,229,43044,29181,266,327,National,Women,Ecuador,2011,Afro-descendant
53.400001525878906,26,,ECU,229,77477,29181,266,327,National,Women,Ecuador,2011,Indigenous
31.700000762939453,26,,ECU,229,43043,29181,266,327,National,Women,Ecuador,2011,Not Indigenous or Afro-descendant
33.900001525878906,26,,ECU,229,43040,29181,266,327,National,Women,Ecuador,2011,Total
46.70000076293945,26,,ECU,229,43044,29181,146,331,Rural,Both sexes,Ecuador,2011,Afro-descendant
58.5,26,,ECU,229,77477,29181,146,331,Rural,Both sexes,Ecuador,2011,Indigenous
39.099998474121094,26,,ECU,229,43043,29181,146,331,Rural,Both sexes,Ecuador,2011,Not Indigenous or Afro-descendant
42.70000076293945,26,,ECU,229,43040,29181,146,331,Rural,Both sexes,Ecuador,2011,Total
46,26,,ECU,229,43044,29181,265,331,Rural,Men,Ecuador,2011,Afro-descendant
58.79999923706055,26,,ECU,229,77477,29181,265,331,Rural,Men,Ecuador,2011,Indigenous
38.599998474121094,26,,ECU,229,43043,29181,265,331,Rural,Men,Ecuador,2011,Not Indigenous or Afro-descendant
60.29999923706055,26,,ECU,229,43044,29171,265,327,National,Men,Ecuador,2001,Afro-descendant
64,26,,ECU,229,77477,29171,265,327,National,Men,Ecuador,2001,Indigenous
48.70000076293945,26,,ECU,229,43043,29171,265,327,National,Men,Ecuador,2001,Not Indigenous or Afro-descendant
49.599998474121094,26,,ECU,229,43040,29171,265,327,National,Men,Ecuador,2001,Total
58.70000076293945,26,,ECU,229,43044,29171,266,327,National,Women,Ecuador,2001,Afro-descendant
65.0999984741211,26,,ECU,229,77477,29171,266,327,National,Women,Ecuador,2001,Indigenous
48.70000076293945,26,,ECU,229,43043,29171,266,327,National,Women,Ecuador,2001,Not Indigenous or Afro-descendant
49.70000076293945,26,,ECU,229,43040,29171,266,327,National,Women,Ecuador,2001,Total
62.900001525878906,26,,ECU,229,43044,29171,146,331,Rural,Both sexes,Ecuador,2001,Afro-descendant
67.80000305175781,26,,ECU,229,77477,29171,146,331,Rural,Both sexes,Ecuador,2001,Indigenous
60.900001525878906,26,,ECU,229,43043,29171,146,331,Rural,Both sexes,Ecuador,2001,Not Indigenous or Afro-descendant
61.5,26,,ECU,229,43040,29171,146,331,Rural,Both sexes,Ecuador,2001,Total
60.79999923706055,26,,ECU,229,43044,29171,265,331,Rural,Men,Ecuador,2001,Afro-descendant
68.80000305175781,26,,ECU,229,77477,29171,265,331,Rural,Men,Ecuador,2001,Indigenous
60.29999923706055,26,,ECU,229,43043,29171,265,331,Rural,Men,Ecuador,2001,Not Indigenous or Afro-descendant
61,26,,ECU,229,43040,29171,265,331,Rural,Men,Ecuador,2001,Total
65.5999984741211,26,,ECU,229,43044,29171,266,331,Rural,Women,Ecuador,2001,Afro-descendant
66.9000015258789,26,,ECU,229,77477,29171,266,331,Rural,Women,Ecuador,2001,Indigenous
61.400001525878906,26,,ECU,229,43043,29171,266,331,Rural,Women,Ecuador,2001,Not Indigenous or Afro-descendant
62.099998474121094,26,,ECU,229,43040,29171,266,331,Rural,Women,Ecuador,2001,Total
58.099998474121094,26,,ECU,229,43044,29171,146,330,Urban,Both sexes,Ecuador,2001,Afro-descendant
56.599998474121094,26,,ECU,229,77477,29171,146,330,Urban,Both sexes,Ecuador,2001,Indigenous
42.5,26,,ECU,229,43043,29171,146,330,Urban,Both sexes,Ecuador,2001,Not Indigenous or Afro-descendant
43.099998474121094,26,,ECU,229,43040,29171,146,330,Urban,Both sexes,Ecuador,2001,Total
60.099998474121094,26,,ECU,229,43044,29171,265,330,Urban,Men,Ecuador,2001,Afro-descendant
52.099998474121094,26,,ECU,229,77477,29171,265,330,Urban,Men,Ecuador,2001,Indigenous
42.599998474121094,26,,ECU,229,43043,29171,265,330,Urban,Men,Ecuador,2001,Not Indigenous or Afro-descendant
43.099998474121094,26,,ECU,229,43040,29171,265,330,Urban,Men,Ecuador,2001,Total
56,26,,ECU,229,43044,29171,266,330,Urban,Women,Ecuador,2001,Afro-descendant
60.70000076293945,26,,ECU,229,77477,29171,266,330,Urban,Women,Ecuador,2001,Indigenous
42.400001525878906,26,,ECU,229,43043,29171,266,330,Urban,Women,Ecuador,2001,Not Indigenous or Afro-descendant
43.099998474121094,26,,ECU,229,43040,29171,266,330,Urban,Women,Ecuador,2001,Total
48.29999923706055,26,,ECU,229,43044,29177,146,327,National,Both sexes,Ecuador,2007,Afro-descendant
59.400001525878906,26,,ECU,229,77477,29177,146,327,National,Both sexes,Ecuador,2007,Indigenous
39.400001525878906,26,,ECU,229,43043,29177,146,327,National,Both sexes,Ecuador,2007,Not Indigenous or Afro-descendant
41.099998474121094,26,,ECU,229,43040,29177,146,327,National,Both sexes,Ecuador,2007,Total
47.20000076293945,26,,ECU,229,43044,29177,265,327,National,Men,Ecuador,2007,Afro-descendant
59.400001525878906,26,,ECU,229,77477,29177,265,327,National,Men,Ecuador,2007,Indigenous
39.400001525878906,26,,ECU,229,43043,29177,265,327,National,Men,Ecuador,2007,Not Indigenous or Afro-descendant
41.099998474121094,26,,ECU,229,43040,29177,265,327,National,Men,Ecuador,2007,Total
49.29999923706055,26,,ECU,229,43044,29177,266,327,National,Women,Ecuador,2007,Afro-descendant
59.29999923706055,26,,ECU,229,77477,29177,266,327,National,Women,Ecuador,2007,Indigenous
39.29999923706055,26,,ECU,229,43043,29177,266,327,National,Women,Ecuador,2007,Not Indigenous or Afro-descendant
41.099998474121094,26,,ECU,229,43040,29177,266,327,National,Women,Ecuador,2007,Total
57.099998474121094,26,,ECU,229,43044,29177,146,331,Rural,Both sexes,Ecuador,2007,Afro-descendant
62.5,26,,ECU,229,77477,29177,146,331,Rural,Both sexes,Ecuador,2007,Indigenous
51.79999923706055,26,,ECU,229,43043,29177,146,331,Rural,Both sexes,Ecuador,2007,Not Indigenous or Afro-descendant
53.70000076293945,26,,ECU,229,43040,29177,146,331,Rural,Both sexes,Ecuador,2007,Total
56,26,,ECU,229,43044,29177,265,331,Rural,Men,Ecuador,2007,Afro-descendant
63.099998474121094,26,,ECU,229,77477,29177,265,331,Rural,Men,Ecuador,2007,Indigenous
51.5,26,,ECU,229,43043,29177,265,331,Rural,Men,Ecuador,2007,Not Indigenous or Afro-descendant
53.400001525878906,26,,ECU,229,43040,29177,265,331,Rural,Men,Ecuador,2007,Total
58.20000076293945,26,,ECU,229,43044,29177,266,331,Rural,Women,Ecuador,2007,Afro-descendant
62,26,,ECU,229,77477,29177,266,331,Rural,Women,Ecuador,2007,Indigenous
52.20000076293945,26,,ECU,229,43043,29177,266,331,Rural,Women,Ecuador,2007,Not Indigenous or Afro-descendant
53.900001525878906,26,,ECU,229,43040,29177,266,331,Rural,Women,Ecuador,2007,Total
44.20000076293945,26,,ECU,229,43044,29177,146,330,Urban,Both sexes,Ecuador,2007,Afro-descendant
50.29999923706055,26,,ECU,229,77477,29177,146,330,Urban,Both sexes,Ecuador,2007,Indigenous
34,26,,ECU,229,43043,29177,146,330,Urban,Both sexes,Ecuador,2007,Not Indigenous or Afro-descendant
34.79999923706055,26,,ECU,229,43040,29177,146,330,Urban,Both sexes,Ecuador,2007,Total
43.099998474121094,26,,ECU,229,43044,29177,265,330,Urban,Men,Ecuador,2007,Afro-descendant
48.70000076293945,26,,ECU,229,77477,29177,265,330,Urban,Men,Ecuador,2007,Indigenous
33.900001525878906,26,,ECU,229,43043,29177,265,330,Urban,Men,Ecuador,2007,Not Indigenous or Afro-descendant
34.70000076293945,26,,ECU,229,43040,29177,265,330,Urban,Men,Ecuador,2007,Total
45.29999923706055,26,,ECU,229,43044,29177,266,330,Urban,Women,Ecuador,2007,Afro-descendant
51.900001525878906,26,,ECU,229,77477,29177,266,330,Urban,Women,Ecuador,2007,Indigenous
34,26,,ECU,229,43043,29177,266,330,Urban,Women,Ecuador,2007,Not Indigenous or Afro-descendant
34.900001525878906,26,,ECU,229,43040,29177,266,330,Urban,Women,Ecuador,2007,Total
51,26,,ECU,229,43044,29178,146,327,National,Both sexes,Ecuador,2008,Afro-descendant
60.5,26,,ECU,229,77477,29178,146,327,National,Both sexes,Ecuador,2008,Indigenous
38.5,26,,ECU,229,43043,29178,146,327,National,Both sexes,Ecuador,2008,Not Indigenous or Afro-descendant
40.599998474121094,26,,ECU,229,43040,29178,146,327,National,Both sexes,Ecuador,2008,Total
49.20000076293945,26,,ECU,229,43044,29178,265,327,National,Men,Ecuador,2008,Afro-descendant
60.29999923706055,26,,ECU,229,77477,29178,265,327,National,Men,Ecuador,2008,Indigenous
38.29999923706055,26,,ECU,229,43043,29178,265,327,National,Men,Ecuador,2008,Not Indigenous or Afro-descendant
40.400001525878906,26,,ECU,229,43040,29178,265,327,National,Men,Ecuador,2008,Total
53,26,,ECU,229,43044,29178,266,327,National,Women,Ecuador,2008,Afro-descendant
60.599998474121094,26,,ECU,229,77477,29178,266,327,National,Women,Ecuador,2008,Indigenous
38.70000076293945,26,,ECU,229,43043,29178,266,327,National,Women,Ecuador,2008,Not Indigenous or Afro-descendant
40.900001525878906,26,,ECU,229,43040,29178,266,327,National,Women,Ecuador,2008,Total
54.29999923706055,26,,ECU,229,43044,29178,146,331,Rural,Both sexes,Ecuador,2008,Afro-descendant
62.70000076293945,26,,ECU,229,77477,29178,146,331,Rural,Both sexes,Ecuador,2008,Indigenous
49.20000076293945,26,,ECU,229,43043,29178,146,331,Rural,Both sexes,Ecuador,2008,Not Indigenous or Afro-descendant
51.599998474121094,26,,ECU,229,43040,29178,146,331,Rural,Both sexes,Ecuador,2008,Total
52.599998474121094,26,,ECU,229,43044,29178,265,331,Rural,Men,Ecuador,2008,Afro-descendant
63.099998474121094,26,,ECU,229,77477,29178,265,331,Rural,Men,Ecuador,2008,Indigenous
48.400001525878906,26,,ECU,229,43043,29178,265,331,Rural,Men,Ecuador,2008,Not Indigenous or Afro-descendant
50.900001525878906,26,,ECU,229,43040,29178,265,331,Rural,Men,Ecuador,2008,Total
56.29999923706055,26,,ECU,229,43044,29178,266,331,Rural,Women,Ecuador,2008,Afro-descendant
62.29999923706055,26,,ECU,229,77477,29178,266,331,Rural,Women,Ecuador,2008,Indigenous
50,26,,ECU,229,43043,29178,266,331,Rural,Women,Ecuador,2008,Not Indigenous or Afro-descendant
52.29999923706055,26,,ECU,229,43040,29178,266,331,Rural,Women,Ecuador,2008,Total
49.400001525878906,26,,ECU,229,43044,29178,146,330,Urban,Both sexes,Ecuador,2008,Afro-descendant
53.29999923706055,26,,ECU,229,77477,29178,146,330,Urban,Both sexes,Ecuador,2008,Indigenous
33.900001525878906,26,,ECU,229,43043,29178,146,330,Urban,Both sexes,Ecuador,2008,Not Indigenous or Afro-descendant
35.099998474121094,26,,ECU,229,43040,29178,146,330,Urban,Both sexes,Ecuador,2008,Total
47.400001525878906,26,,ECU,229,43044,29178,265,330,Urban,Men,Ecuador,2008,Afro-descendant
51.400001525878906,26,,ECU,229,77477,29178,265,330,Urban,Men,Ecuador,2008,Indigenous
33.70000076293945,26,,ECU,229,43043,29178,265,330,Urban,Men,Ecuador,2008,Not Indigenous or Afro-descendant
34.900001525878906,26,,ECU,229,43040,29178,265,330,Urban,Men,Ecuador,2008,Total
51.400001525878906,26,,ECU,229,43044,29178,266,330,Urban,Women,Ecuador,2008,Afro-descendant
55.29999923706055,26,,ECU,229,77477,29178,266,330,Urban,Women,Ecuador,2008,Indigenous
34.099998474121094,26,,ECU,229,43043,29178,266,330,Urban,Women,Ecuador,2008,Not Indigenous or Afro-descendant
35.400001525878906,26,,ECU,229,43040,29178,266,330,Urban,Women,Ecuador,2008,Total
52.099998474121094,26,,ECU,229,43044,29179,146,327,National,Both sexes,Ecuador,2009,Afro-descendant
59.400001525878906,26,,ECU,229,77477,29179,146,327,National,Both sexes,Ecuador,2009,Indigenous
40.29999923706055,26,,ECU,229,43043,29179,146,327,National,Both sexes,Ecuador,2009,Not Indigenous or Afro-descendant
42,26,,ECU,229,43040,29179,146,327,National,Both sexes,Ecuador,2009,Total
50.5,26,,ECU,229,43044,29179,265,327,National,Men,Ecuador,2009,Afro-descendant
60.099998474121094,26,,ECU,229,77477,29179,265,327,National,Men,Ecuador,2009,Indigenous
40.20000076293945,26,,ECU,229,43043,29179,265,327,National,Men,Ecuador,2009,Not Indigenous or Afro-descendant
41.900001525878906,26,,ECU,229,43040,29179,265,327,National,Men,Ecuador,2009,Total
53.79999923706055,26,,ECU,229,43044,29179,266,327,National,Women,Ecuador,2009,Afro-descendant
58.70000076293945,26,,ECU,229,77477,29179,266,327,National,Women,Ecuador,2009,Indigenous
40.29999923706055,26,,ECU,229,43043,29179,266,327,National,Women,Ecuador,2009,Not Indigenous or Afro-descendant
42.099998474121094,26,,ECU,229,43040,29179,266,327,National,Women,Ecuador,2009,Total
59.20000076293945,26,,ECU,229,43044,29179,146,331,Rural,Both sexes,Ecuador,2009,Afro-descendant
62.400001525878906,26,,ECU,229,77477,29179,146,331,Rural,Both sexes,Ecuador,2009,Indigenous
49.70000076293945,26,,ECU,229,43043,29179,146,331,Rural,Both sexes,Ecuador,2009,Not Indigenous or Afro-descendant
52,26,,ECU,229,43040,29179,146,331,Rural,Both sexes,Ecuador,2009,Total
57.900001525878906,26,,ECU,229,43044,29179,265,331,Rural,Men,Ecuador,2009,Afro-descendant
63.20000076293945,26,,ECU,229,77477,29179,265,331,Rural,Men,Ecuador,2009,Indigenous
42.29999923706055,26,,ECU,229,43040,29181,265,331,Rural,Men,Ecuador,2011,Total
47.599998474121094,26,,ECU,229,43044,29181,266,331,Rural,Women,Ecuador,2011,Afro-descendant
58.20000076293945,26,,ECU,229,77477,29181,266,331,Rural,Women,Ecuador,2011,Indigenous
39.599998474121094,26,,ECU,229,43043,29181,266,331,Rural,Women,Ecuador,2011,Not Indigenous or Afro-descendant
43.20000076293945,26,,ECU,229,43040,29181,266,331,Rural,Women,Ecuador,2011,Total
44.5,26,,ECU,229,43044,29181,146,330,Urban,Both sexes,Ecuador,2011,Afro-descendant
35.900001525878906,26,,ECU,229,77477,29181,146,330,Urban,Both sexes,Ecuador,2011,Indigenous
28.700000762939453,26,,ECU,229,43043,29181,146,330,Urban,Both sexes,Ecuador,2011,Not Indigenous or Afro-descendant
29.700000762939453,26,,ECU,229,43040,29181,146,330,Urban,Both sexes,Ecuador,2011,Total
43.79999923706055,26,,ECU,229,43044,29181,265,330,Urban,Men,Ecuador,2011,Afro-descendant
36.29999923706055,26,,ECU,229,77477,29181,265,330,Urban,Men,Ecuador,2011,Indigenous
29,26,,ECU,229,43043,29181,265,330,Urban,Men,Ecuador,2011,Not Indigenous or Afro-descendant
30,26,,ECU,229,43040,29181,265,330,Urban,Men,Ecuador,2011,Total
45.099998474121094,26,,ECU,229,43044,29181,266,330,Urban,Women,Ecuador,2011,Afro-descendant
35.5,26,,ECU,229,77477,29181,266,330,Urban,Women,Ecuador,2011,Indigenous
28.399999618530273,26,,ECU,229,43043,29181,266,330,Urban,Women,Ecuador,2011,Not Indigenous or Afro-descendant
29.399999618530273,26,,ECU,229,43040,29181,266,330,Urban,Women,Ecuador,2011,Total
44,26,,ECU,229,43044,29182,146,327,National,Both sexes,Ecuador,2012,Afro-descendant
54.70000076293945,26,,ECU,229,77477,29182,146,327,National,Both sexes,Ecuador,2012,Indigenous
30.299999237060547,26,,ECU,229,43043,29182,146,327,National,Both sexes,Ecuador,2012,Not Indigenous or Afro-descendant
32.5,26,,ECU,229,43040,29182,146,327,National,Both sexes,Ecuador,2012,Total
44.70000076293945,26,,ECU,229,43044,29182,265,327,National,Men,Ecuador,2012,Afro-descendant
55.599998474121094,26,,ECU,229,77477,29182,265,327,National,Men,Ecuador,2012,Indigenous
30.100000381469727,26,,ECU,229,43043,29182,265,327,National,Men,Ecuador,2012,Not Indigenous or Afro-descendant
32.400001525878906,26,,ECU,229,43040,29182,265,327,National,Men,Ecuador,2012,Total
43.400001525878906,26,,ECU,229,43044,29182,266,327,National,Women,Ecuador,2012,Afro-descendant
53.79999923706055,26,,ECU,229,77477,29182,266,327,National,Women,Ecuador,2012,Indigenous
30.5,26,,ECU,229,43043,29182,266,327,National,Women,Ecuador,2012,Not Indigenous or Afro-descendant
32.5,26,,ECU,229,43040,29182,266,327,National,Women,Ecuador,2012,Total
46.599998474121094,26,,ECU,229,43044,29182,146,331,Rural,Both sexes,Ecuador,2012,Afro-descendant
56.70000076293945,26,,ECU,229,77477,29182,146,331,Rural,Both sexes,Ecuador,2012,Indigenous
39,26,,ECU,229,43043,29182,146,331,Rural,Both sexes,Ecuador,2012,Not Indigenous or Afro-descendant
42.099998474121094,26,,ECU,229,43040,29182,146,331,Rural,Both sexes,Ecuador,2012,Total
46.400001525878906,26,,ECU,229,43044,29182,265,331,Rural,Men,Ecuador,2012,Afro-descendant
58.099998474121094,26,,ECU,229,77477,29182,265,331,Rural,Men,Ecuador,2012,Indigenous
38.599998474121094,26,,ECU,229,43043,29182,265,331,Rural,Men,Ecuador,2012,Not Indigenous or Afro-descendant
41.900001525878906,26,,ECU,229,43040,29182,265,331,Rural,Men,Ecuador,2012,Total
46.79999923706055,26,,ECU,229,43044,29182,266,331,Rural,Women,Ecuador,2012,Afro-descendant
55.400001525878906,26,,ECU,229,77477,29182,266,331,Rural,Women,Ecuador,2012,Indigenous
39.29999923706055,26,,ECU,229,43043,29182,266,331,Rural,Women,Ecuador,2012,Not Indigenous or Afro-descendant
42.20000076293945,26,,ECU,229,43040,29182,266,331,Rural,Women,Ecuador,2012,Total
42.900001525878906,26,,ECU,229,43044,29182,146,330,Urban,Both sexes,Ecuador,2012,Afro-descendant
45.70000076293945,26,,ECU,229,77477,29182,146,330,Urban,Both sexes,Ecuador,2012,Indigenous
26.600000381469727,26,,ECU,229,43043,29182,146,330,Urban,Both sexes,Ecuador,2012,Not Indigenous or Afro-descendant
27.600000381469727,26,,ECU,229,43040,29182,146,330,Urban,Both sexes,Ecuador,2012,Total
43.900001525878906,26,,ECU,229,43044,29182,265,330,Urban,Men,Ecuador,2012,Afro-descendant
44.900001525878906,26,,ECU,229,77477,29182,265,330,Urban,Men,Ecuador,2012,Indigenous
26.299999237060547,26,,ECU,229,43043,29182,265,330,Urban,Men,Ecuador,2012,Not Indigenous or Afro-descendant
27.399999618530273,26,,ECU,229,43040,29182,265,330,Urban,Men,Ecuador,2012,Total
42,26,,ECU,229,43044,29182,266,330,Urban,Women,Ecuador,2012,Afro-descendant
46.5,26,,ECU,229,77477,29182,266,330,Urban,Women,Ecuador,2012,Indigenous
26.799999237060547,26,,ECU,229,43043,29182,266,330,Urban,Women,Ecuador,2012,Not Indigenous or Afro-descendant
27.799999237060547,26,,ECU,229,43040,29182,266,330,Urban,Women,Ecuador,2012,Total
45.599998474121094,26,,ECU,229,43044,29183,146,327,National,Both sexes,Ecuador,2013,Afro-descendant
53.79999923706055,26,,ECU,229,77477,29183,146,327,National,Both sexes,Ecuador,2013,Indigenous
32.20000076293945,26,,ECU,229,43043,29183,146,327,National,Both sexes,Ecuador,2013,Not Indigenous or Afro-descendant
34.20000076293945,26,,ECU,229,43040,29183,146,327,National,Both sexes,Ecuador,2013,Total
44.599998474121094,26,,ECU,229,43044,29183,265,327,National,Men,Ecuador,2013,Afro-descendant
53.79999923706055,26,,ECU,229,77477,29183,265,327,National,Men,Ecuador,2013,Indigenous
32.29999923706055,26,,ECU,229,43043,29183,265,327,National,Men,Ecuador,2013,Not Indigenous or Afro-descendant
34.29999923706055,26,,ECU,229,43040,29183,265,327,National,Men,Ecuador,2013,Total
46.5,26,,ECU,229,43044,29183,266,327,National,Women,Ecuador,2013,Afro-descendant
53.79999923706055,26,,ECU,229,77477,29183,266,327,National,Women,Ecuador,2013,Indigenous
32,26,,ECU,229,43043,29183,266,327,National,Women,Ecuador,2013,Not Indigenous or Afro-descendant
34.20000076293945,26,,ECU,229,43040,29183,266,327,National,Women,Ecuador,2013,Total
47.29999923706055,26,,ECU,229,43044,29183,146,331,Rural,Both sexes,Ecuador,2013,Afro-descendant
55.29999923706055,26,,ECU,229,77477,29183,146,331,Rural,Both sexes,Ecuador,2013,Indigenous
38,26,,ECU,229,43043,29183,146,331,Rural,Both sexes,Ecuador,2013,Not Indigenous or Afro-descendant
41.099998474121094,26,,ECU,229,43040,29183,146,331,Rural,Both sexes,Ecuador,2013,Total
47.5,26,,ECU,229,43044,29183,265,331,Rural,Men,Ecuador,2013,Afro-descendant
56.20000076293945,26,,ECU,229,77477,29183,265,331,Rural,Men,Ecuador,2013,Indigenous
37.900001525878906,26,,ECU,229,43043,29183,265,331,Rural,Men,Ecuador,2013,Not Indigenous or Afro-descendant
41.099998474121094,26,,ECU,229,43040,29183,265,331,Rural,Men,Ecuador,2013,Total
47,26,,ECU,229,43044,29183,266,331,Rural,Women,Ecuador,2013,Afro-descendant
54.5,26,,ECU,229,77477,29183,266,331,Rural,Women,Ecuador,2013,Indigenous
38,26,,ECU,229,43043,29183,266,331,Rural,Women,Ecuador,2013,Not Indigenous or Afro-descendant
41.099998474121094,26,,ECU,229,43040,29183,266,331,Rural,Women,Ecuador,2013,Total
44.79999923706055,26,,ECU,229,43044,29183,146,330,Urban,Both sexes,Ecuador,2013,Afro-descendant
47.900001525878906,26,,ECU,229,77477,29183,146,330,Urban,Both sexes,Ecuador,2013,Indigenous
29.799999237060547,26,,ECU,229,43043,29183,146,330,Urban,Both sexes,Ecuador,2013,Not Indigenous or Afro-descendant
30.899999618530273,26,,ECU,229,43040,29183,146,330,Urban,Both sexes,Ecuador,2013,Total
43.20000076293945,26,,ECU,229,43044,29183,265,330,Urban,Men,Ecuador,2013,Afro-descendant
44.599998474121094,26,,ECU,229,77477,29183,265,330,Urban,Men,Ecuador,2013,Indigenous
29.899999618530273,26,,ECU,229,43043,29183,265,330,Urban,Men,Ecuador,2013,Not Indigenous or Afro-descendant
30.899999618530273,26,,ECU,229,43040,29183,265,330,Urban,Men,Ecuador,2013,Total
46.29999923706055,26,,ECU,229,43044,29183,266,330,Urban,Women,Ecuador,2013,Afro-descendant
51.20000076293945,26,,ECU,229,77477,29183,266,330,Urban,Women,Ecuador,2013,Indigenous
29.700000762939453,26,,ECU,229,43043,29183,266,330,Urban,Women,Ecuador,2013,Not Indigenous or Afro-descendant
31,26,,ECU,229,43040,29183,266,330,Urban,Women,Ecuador,2013,Total
45.099998474121094,26,,ECU,229,43044,29184,146,327,National,Both sexes,Ecuador,2014,Afro-descendant
50.599998474121094,26,,ECU,229,77477,29184,146,327,National,Both sexes,Ecuador,2014,Indigenous
32.099998474121094,26,,ECU,229,43043,29184,146,327,National,Both sexes,Ecuador,2014,Not Indigenous or Afro-descendant
33.79999923706055,26,,ECU,229,43040,29184,146,327,National,Both sexes,Ecuador,2014,Total
44.79999923706055,26,,ECU,229,43044,29184,265,327,National,Men,Ecuador,2014,Afro-descendant
50.79999923706055,26,,ECU,229,77477,29184,265,327,National,Men,Ecuador,2014,Indigenous
31.799999237060547,26,,ECU,229,43043,29184,265,327,National,Men,Ecuador,2014,Not Indigenous or Afro-descendant
33.5,26,,ECU,229,43040,29184,265,327,National,Men,Ecuador,2014,Total
45.400001525878906,26,,ECU,229,43044,29184,266,327,National,Women,Ecuador,2014,Afro-descendant
50.29999923706055,26,,ECU,229,77477,29184,266,327,National,Women,Ecuador,2014,Indigenous
32.29999923706055,26,,ECU,229,43043,29184,266,327,National,Women,Ecuador,2014,Not Indigenous or Afro-descendant
34,26,,ECU,229,43040,29184,266,327,National,Women,Ecuador,2014,Total
46.79999923706055,26,,ECU,229,43044,29184,146,331,Rural,Both sexes,Ecuador,2014,Afro-descendant
52.29999923706055,26,,ECU,229,77477,29184,146,331,Rural,Both sexes,Ecuador,2014,Indigenous
34.5,26,,ECU,229,43043,29184,146,331,Rural,Both sexes,Ecuador,2014,Not Indigenous or Afro-descendant
37.599998474121094,26,,ECU,229,43040,29184,146,331,Rural,Both sexes,Ecuador,2014,Total
47.900001525878906,26,,ECU,229,43044,29184,265,331,Rural,Men,Ecuador,2014,Afro-descendant
53,26,,ECU,229,77477,29184,265,331,Rural,Men,Ecuador,2014,Indigenous
34.5,26,,ECU,229,43043,29184,265,331,Rural,Men,Ecuador,2014,Not Indigenous or Afro-descendant
37.599998474121094,26,,ECU,229,43040,29184,265,331,Rural,Men,Ecuador,2014,Total
45.70000076293945,26,,ECU,229,43044,29184,266,331,Rural,Women,Ecuador,2014,Afro-descendant
51.70000076293945,26,,ECU,229,77477,29184,266,331,Rural,Women,Ecuador,2014,Indigenous
34.5,26,,ECU,229,43043,29184,266,331,Rural,Women,Ecuador,2014,Not Indigenous or Afro-descendant
37.5,26,,ECU,229,43040,29184,266,331,Rural,Women,Ecuador,2014,Total
44.5,26,,ECU,229,43044,29184,146,330,Urban,Both sexes,Ecuador,2014,Afro-descendant
45.099998474121094,26,,ECU,229,77477,29184,146,330,Urban,Both sexes,Ecuador,2014,Indigenous
31.100000381469727,26,,ECU,229,43043,29184,146,330,Urban,Both sexes,Ecuador,2014,Not Indigenous or Afro-descendant
32,26,,ECU,229,43040,29184,146,330,Urban,Both sexes,Ecuador,2014,Total
43.599998474121094,26,,ECU,229,43044,29184,265,330,Urban,Men,Ecuador,2014,Afro-descendant
44.099998474121094,26,,ECU,229,77477,29184,265,330,Urban,Men,Ecuador,2014,Indigenous
30.700000762939453,26,,ECU,229,43043,29184,265,330,Urban,Men,Ecuador,2014,Not Indigenous or Afro-descendant
31.5,26,,ECU,229,43040,29184,265,330,Urban,Men,Ecuador,2014,Total
45.29999923706055,26,,ECU,229,43044,29184,266,330,Urban,Women,Ecuador,2014,Afro-descendant
46.099998474121094,26,,ECU,229,77477,29184,266,330,Urban,Women,Ecuador,2014,Indigenous
31.5,26,,ECU,229,43043,29184,266,330,Urban,Women,Ecuador,2014,Not Indigenous or Afro-descendant
32.400001525878906,26,,ECU,229,43040,29184,266,330,Urban,Women,Ecuador,2014,Total
37.79999923706055,26,,ECU,229,43044,29185,146,327,National,Both sexes,Ecuador,2015,Afro-descendant
47.79999923706055,26,,ECU,229,77477,29185,146,327,National,Both sexes,Ecuador,2015,Indigenous
28.899999618530273,26,,ECU,229,43043,29185,146,327,National,Both sexes,Ecuador,2015,Not Indigenous or Afro-descendant
30.700000762939453,26,,ECU,229,43040,29185,146,327,National,Both sexes,Ecuador,2015,Total
38.20000076293945,26,,ECU,229,43044,29185,265,327,National,Men,Ecuador,2015,Afro-descendant
47.900001525878906,26,,ECU,229,77477,29185,265,327,National,Men,Ecuador,2015,Indigenous
28.299999237060547,26,,ECU,229,43043,29185,265,327,National,Men,Ecuador,2015,Not Indigenous or Afro-descendant
30.299999237060547,26,,ECU,229,43040,29185,265,327,National,Men,Ecuador,2015,Total
37.5,26,,ECU,229,43044,29185,266,327,National,Women,Ecuador,2015,Afro-descendant
47.70000076293945,26,,ECU,229,77477,29185,266,327,National,Women,Ecuador,2015,Indigenous
29.399999618530273,26,,ECU,229,43043,29185,266,327,National,Women,Ecuador,2015,Not Indigenous or Afro-descendant
31.200000762939453,26,,ECU,229,43040,29185,266,327,National,Women,Ecuador,2015,Total
40.900001525878906,26,,ECU,229,43044,29185,146,331,Rural,Both sexes,Ecuador,2015,Afro-descendant
50.79999923706055,26,,ECU,229,77477,29185,146,331,Rural,Both sexes,Ecuador,2015,Indigenous
34.29999923706055,26,,ECU,229,43043,29185,146,331,Rural,Both sexes,Ecuador,2015,Not Indigenous or Afro-descendant
37.70000076293945,26,,ECU,229,43040,29185,146,331,Rural,Both sexes,Ecuador,2015,Total
39.5,26,,ECU,229,43044,29185,265,331,Rural,Men,Ecuador,2015,Afro-descendant
51.5,26,,ECU,229,77477,29185,265,331,Rural,Men,Ecuador,2015,Indigenous
34,26,,ECU,229,43043,29185,265,331,Rural,Men,Ecuador,2015,Not Indigenous or Afro-descendant
37.5,26,,ECU,229,43040,29185,265,331,Rural,Men,Ecuador,2015,Total
42.400001525878906,26,,ECU,229,43044,29185,266,331,Rural,Women,Ecuador,2015,Afro-descendant
50.20000076293945,26,,ECU,229,77477,29185,266,331,Rural,Women,Ecuador,2015,Indigenous
34.5,26,,ECU,229,43043,29185,266,331,Rural,Women,Ecuador,2015,Not Indigenous or Afro-descendant
38,26,,ECU,229,43040,29185,266,331,Rural,Women,Ecuador,2015,Total
36.79999923706055,26,,ECU,229,43044,29185,146,330,Urban,Both sexes,Ecuador,2015,Afro-descendant
36.20000076293945,26,,ECU,229,77477,29185,146,330,Urban,Both sexes,Ecuador,2015,Indigenous
26.799999237060547,26,,ECU,229,43043,29185,146,330,Urban,Both sexes,Ecuador,2015,Not Indigenous or Afro-descendant
27.5,26,,ECU,229,43040,29185,146,330,Urban,Both sexes,Ecuador,2015,Total
37.70000076293945,26,,ECU,229,43044,29185,265,330,Urban,Men,Ecuador,2015,Afro-descendant
34.400001525878906,26,,ECU,229,77477,29185,265,330,Urban,Men,Ecuador,2015,Indigenous
26,26,,ECU,229,43043,29185,265,330,Urban,Men,Ecuador,2015,Not Indigenous or Afro-descendant
26.799999237060547,26,,ECU,229,43040,29185,265,330,Urban,Men,Ecuador,2015,Total
35.900001525878906,26,,ECU,229,43044,29185,266,330,Urban,Women,Ecuador,2015,Afro-descendant
38,26,,ECU,229,77477,29185,266,330,Urban,Women,Ecuador,2015,Indigenous
27.5,26,,ECU,229,43043,29185,266,330,Urban,Women,Ecuador,2015,Not Indigenous or Afro-descendant
28.100000381469727,26,,ECU,229,43040,29185,266,330,Urban,Women,Ecuador,2015,Total
38.70000076293945,26,,ECU,229,43044,29186,146,327,National,Both sexes,Ecuador,2016,Afro-descendant
46.400001525878906,26,,ECU,229,77477,29186,146,327,National,Both sexes,Ecuador,2016,Indigenous
28.5,26,,ECU,229,43043,29186,146,327,National,Both sexes,Ecuador,2016,Not Indigenous or Afro-descendant
30.299999237060547,26,,ECU,229,43040,29186,146,327,National,Both sexes,Ecuador,2016,Total
37.79999923706055,26,,ECU,229,43044,29186,265,327,National,Men,Ecuador,2016,Afro-descendant
45.29999923706055,26,,ECU,229,77477,29186,265,327,National,Men,Ecuador,2016,Indigenous
28.5,26,,ECU,229,43043,29186,265,327,National,Men,Ecuador,2016,Not Indigenous or Afro-descendant
30.200000762939453,26,,ECU,229,43040,29186,265,327,National,Men,Ecuador,2016,Total
39.70000076293945,26,,ECU,229,43044,29186,266,327,National,Women,Ecuador,2016,Afro-descendant
47.400001525878906,26,,ECU,229,77477,29186,266,327,National,Women,Ecuador,2016,Indigenous
28.5,26,,ECU,229,43043,29186,266,327,National,Women,Ecuador,2016,Not Indigenous or Afro-descendant
30.5,26,,ECU,229,43040,29186,266,327,National,Women,Ecuador,2016,Total
36.900001525878906,26,,ECU,229,43044,29186,146,331,Rural,Both sexes,Ecuador,2016,Afro-descendant
49.400001525878906,26,,ECU,229,77477,29186,146,331,Rural,Both sexes,Ecuador,2016,Indigenous
32,26,,ECU,229,43043,29186,146,331,Rural,Both sexes,Ecuador,2016,Not Indigenous or Afro-descendant
35.599998474121094,26,,ECU,229,43040,29186,146,331,Rural,Both sexes,Ecuador,2016,Total
36.099998474121094,26,,ECU,229,43044,29186,265,331,Rural,Men,Ecuador,2016,Afro-descendant
49.29999923706055,26,,ECU,229,77477,29186,265,331,Rural,Men,Ecuador,2016,Indigenous
32.400001525878906,26,,ECU,229,43043,29186,265,331,Rural,Men,Ecuador,2016,Not Indigenous or Afro-descendant
35.70000076293945,26,,ECU,229,43040,29186,265,331,Rural,Men,Ecuador,2016,Total
37.70000076293945,26,,ECU,229,43044,29186,266,331,Rural,Women,Ecuador,2016,Afro-descendant
49.599998474121094,26,,ECU,229,77477,29186,266,331,Rural,Women,Ecuador,2016,Indigenous
31.700000762939453,26,,ECU,229,43043,29186,266,331,Rural,Women,Ecuador,2016,Not Indigenous or Afro-descendant
35.5,26,,ECU,229,43040,29186,266,331,Rural,Women,Ecuador,2016,Total
39.20000076293945,26,,ECU,229,43044,29186,146,330,Urban,Both sexes,Ecuador,2016,Afro-descendant
35.5,26,,ECU,229,77477,29186,146,330,Urban,Both sexes,Ecuador,2016,Indigenous
27.100000381469727,26,,ECU,229,43043,29186,146,330,Urban,Both sexes,Ecuador,2016,Not Indigenous or Afro-descendant
27.899999618530273,26,,ECU,229,43040,29186,146,330,Urban,Both sexes,Ecuador,2016,Total
38.20000076293945,26,,ECU,229,43044,29186,265,330,Urban,Men,Ecuador,2016,Afro-descendant
31.5,26,,ECU,229,77477,29186,265,330,Urban,Men,Ecuador,2016,Indigenous
26.899999618530273,26,,ECU,229,43043,29186,265,330,Urban,Men,Ecuador,2016,Not Indigenous or Afro-descendant
27.5,26,,ECU,229,43040,29186,265,330,Urban,Men,Ecuador,2016,Total
40.20000076293945,26,,ECU,229,43044,29186,266,330,Urban,Women,Ecuador,2016,Afro-descendant
39.5,26,,ECU,229,77477,29186,266,330,Urban,Women,Ecuador,2016,Indigenous
27.299999237060547,26,,ECU,229,43043,29186,266,330,Urban,Women,Ecuador,2016,Not Indigenous or Afro-descendant
28.200000762939453,26,,ECU,229,43040,29186,266,330,Urban,Women,Ecuador,2016,Total
39.400001525878906,26,,ECU,229,43044,29187,146,327,National,Both sexes,Ecuador,2017,Afro-descendant
49.5,26,,ECU,229,77477,29187,146,327,National,Both sexes,Ecuador,2017,Indigenous
28.200000762939453,26,,ECU,229,43043,29187,146,327,National,Both sexes,Ecuador,2017,Not Indigenous or Afro-descendant
30.600000381469727,26,,ECU,229,43040,29187,146,327,National,Both sexes,Ecuador,2017,Total
38.20000076293945,26,,ECU,229,43044,29187,265,327,National,Men,Ecuador,2017,Afro-descendant
49.70000076293945,26,,ECU,229,77477,29187,265,327,National,Men,Ecuador,2017,Indigenous
28,26,,ECU,229,43043,29187,265,327,National,Men,Ecuador,2017,Not Indigenous or Afro-descendant
30.299999237060547,26,,ECU,229,43040,29187,265,327,National,Men,Ecuador,2017,Total
40.599998474121094,26,,ECU,229,43044,29187,266,327,National,Women,Ecuador,2017,Afro-descendant
49.29999923706055,26,,ECU,229,77477,29187,266,327,National,Women,Ecuador,2017,Indigenous
28.399999618530273,26,,ECU,229,43043,29187,266,327,National,Women,Ecuador,2017,Not Indigenous or Afro-descendant
30.799999237060547,26,,ECU,229,43040,29187,266,327,National,Women,Ecuador,2017,Total
45.599998474121094,26,,ECU,229,43044,29187,146,331,Rural,Both sexes,Ecuador,2017,Afro-descendant
53.099998474121094,26,,ECU,229,77477,29187,146,331,Rural,Both sexes,Ecuador,2017,Indigenous
30.600000381469727,26,,ECU,229,43043,29187,146,331,Rural,Both sexes,Ecuador,2017,Not Indigenous or Afro-descendant
36,26,,ECU,229,43040,29187,146,331,Rural,Both sexes,Ecuador,2017,Total
45.400001525878906,26,,ECU,229,43044,29187,265,331,Rural,Men,Ecuador,2017,Afro-descendant
53.599998474121094,26,,ECU,229,77477,29187,265,331,Rural,Men,Ecuador,2017,Indigenous
30.399999618530273,26,,ECU,229,43043,29187,265,331,Rural,Men,Ecuador,2017,Not Indigenous or Afro-descendant
35.79999923706055,26,,ECU,229,43040,29187,265,331,Rural,Men,Ecuador,2017,Total
45.70000076293945,26,,ECU,229,43044,29187,266,331,Rural,Women,Ecuador,2017,Afro-descendant
52.599998474121094,26,,ECU,229,77477,29187,266,331,Rural,Women,Ecuador,2017,Indigenous
30.899999618530273,26,,ECU,229,43043,29187,266,331,Rural,Women,Ecuador,2017,Not Indigenous or Afro-descendant
36.20000076293945,26,,ECU,229,43040,29187,266,331,Rural,Women,Ecuador,2017,Total
37.400001525878906,26,,ECU,229,43044,29187,146,330,Urban,Both sexes,Ecuador,2017,Afro-descendant
35.79999923706055,26,,ECU,229,77477,29187,146,330,Urban,Both sexes,Ecuador,2017,Indigenous
27.299999237060547,26,,ECU,229,43043,29187,146,330,Urban,Both sexes,Ecuador,2017,Not Indigenous or Afro-descendant
28.100000381469727,26,,ECU,229,43040,29187,146,330,Urban,Both sexes,Ecuador,2017,Total
35.79999923706055,26,,ECU,229,43044,29187,265,330,Urban,Men,Ecuador,2017,Afro-descendant
34.400001525878906,26,,ECU,229,77477,29187,265,330,Urban,Men,Ecuador,2017,Indigenous
27.100000381469727,26,,ECU,229,43043,29187,265,330,Urban,Men,Ecuador,2017,Not Indigenous or Afro-descendant
27.799999237060547,26,,ECU,229,43040,29187,265,330,Urban,Men,Ecuador,2017,Total
39,26,,ECU,229,43044,29187,266,330,Urban,Women,Ecuador,2017,Afro-descendant
37.099998474121094,26,,ECU,229,77477,29187,266,330,Urban,Women,Ecuador,2017,Indigenous
27.600000381469727,26,,ECU,229,43043,29187,266,330,Urban,Women,Ecuador,2017,Not Indigenous or Afro-descendant
28.399999618530273,26,,ECU,229,43040,29187,266,330,Urban,Women,Ecuador,2017,Total
41.900001525878906,26,13639,ECU,229,43044,29188,146,327,National,Both sexes,Ecuador,2018,Afro-descendant
48.900001525878906,26,,ECU,229,77477,29188,146,327,National,Both sexes,Ecuador,2018,Indigenous
29.200000762939453,26,,ECU,229,43043,29188,146,327,National,Both sexes,Ecuador,2018,Not Indigenous or Afro-descendant
31.200000762939453,26,,ECU,229,43040,29188,146,327,National,Both sexes,Ecuador,2018,Total
39.599998474121094,26,13639,ECU,229,43044,29188,265,327,National,Men,Ecuador,2018,Afro-descendant
49.29999923706055,26,,ECU,229,77477,29188,265,327,National,Men,Ecuador,2018,Indigenous
28.899999618530273,26,,ECU,229,43043,29188,265,327,National,Men,Ecuador,2018,Not Indigenous or Afro-descendant
30.899999618530273,26,,ECU,229,43040,29188,265,327,National,Men,Ecuador,2018,Total
44.099998474121094,26,13639,ECU,229,43044,29188,266,327,National,Women,Ecuador,2018,Afro-descendant
48.5,26,,ECU,229,77477,29188,266,327,National,Women,Ecuador,2018,Indigenous
29.5,26,,ECU,229,43043,29188,266,327,National,Women,Ecuador,2018,Not Indigenous or Afro-descendant
31.600000381469727,26,,ECU,229,43040,29188,266,327,National,Women,Ecuador,2018,Total
54.79999923706055,26,13639,ECU,229,43044,29188,146,331,Rural,Both sexes,Ecuador,2018,Afro-descendant
53.900001525878906,26,,ECU,229,77477,29188,146,331,Rural,Both sexes,Ecuador,2018,Indigenous
32.79999923706055,26,,ECU,229,43043,29188,146,331,Rural,Both sexes,Ecuador,2018,Not Indigenous or Afro-descendant
37.599998474121094,26,,ECU,229,43040,29188,146,331,Rural,Both sexes,Ecuador,2018,Total
54.599998474121094,26,13639,ECU,229,43044,29188,265,331,Rural,Men,Ecuador,2018,Afro-descendant
54.5,26,13639,ECU,229,77477,29188,265,331,Rural,Men,Ecuador,2018,Indigenous
31.799999237060547,26,,ECU,229,43043,29188,265,331,Rural,Men,Ecuador,2018,Not Indigenous or Afro-descendant
36.79999923706055,26,,ECU,229,43040,29188,265,331,Rural,Men,Ecuador,2018,Total
55,26,13639,ECU,229,43044,29188,266,331,Rural,Women,Ecuador,2018,Afro-descendant
53.400001525878906,26,13639,ECU,229,77477,29188,266,331,Rural,Women,Ecuador,2018,Indigenous
33.70000076293945,26,,ECU,229,43043,29188,266,331,Rural,Women,Ecuador,2018,Not Indigenous or Afro-descendant
38.400001525878906,26,,ECU,229,43040,29188,266,331,Rural,Women,Ecuador,2018,Total
36.70000076293945,26,13639,ECU,229,43044,29188,146,330,Urban,Both sexes,Ecuador,2018,Afro-descendant
32.5,26,13639,ECU,229,77477,29188,146,330,Urban,Both sexes,Ecuador,2018,Indigenous
27.799999237060547,26,,ECU,229,43043,29188,146,330,Urban,Both sexes,Ecuador,2018,Not Indigenous or Afro-descendant
28.299999237060547,26,,ECU,229,43040,29188,146,330,Urban,Both sexes,Ecuador,2018,Total
33.099998474121094,26,13639,ECU,229,43044,29188,265,330,Urban,Men,Ecuador,2018,Afro-descendant
32.099998474121094,26,13639,ECU,229,77477,29188,265,330,Urban,Men,Ecuador,2018,Indigenous
27.700000762939453,26,,ECU,229,43043,29188,265,330,Urban,Men,Ecuador,2018,Not Indigenous or Afro-descendant
28,26,,ECU,229,43040,29188,265,330,Urban,Men,Ecuador,2018,Total
40,26,13639,ECU,229,43044,29188,266,330,Urban,Women,Ecuador,2018,Afro-descendant
32.900001525878906,26,13639,ECU,229,77477,29188,266,330,Urban,Women,Ecuador,2018,Indigenous
27.899999618530273,26,,ECU,229,43043,29188,266,330,Urban,Women,Ecuador,2018,Not Indigenous or Afro-descendant
28.5,26,,ECU,229,43040,29188,266,330,Urban,Women,Ecuador,2018,Total
40.79999923706055,26,,ECU,229,43044,29189,146,327,National,Both sexes,Ecuador,2019,Afro-descendant
48.599998474121094,26,,ECU,229,77477,29189,146,327,National,Both sexes,Ecuador,2019,Indigenous
30.200000762939453,26,,ECU,229,43043,29189,146,327,National,Both sexes,Ecuador,2019,Not Indigenous or Afro-descendant
32.5,26,,ECU,229,43040,29189,146,327,National,Both sexes,Ecuador,2019,Total
40.29999923706055,26,13639,ECU,229,43044,29189,265,327,National,Men,Ecuador,2019,Afro-descendant
48.20000076293945,26,,ECU,229,77477,29189,265,327,National,Men,Ecuador,2019,Indigenous
30,26,,ECU,229,43043,29189,265,327,National,Men,Ecuador,2019,Not Indigenous or Afro-descendant
32.20000076293945,26,,ECU,229,43040,29189,265,327,National,Men,Ecuador,2019,Total
41.20000076293945,26,13639,ECU,229,43044,29189,266,327,National,Women,Ecuador,2019,Afro-descendant
48.900001525878906,26,,ECU,229,77477,29189,266,327,National,Women,Ecuador,2019,Indigenous
30.399999618530273,26,,ECU,229,43043,29189,266,327,National,Women,Ecuador,2019,Not Indigenous or Afro-descendant
32.79999923706055,26,,ECU,229,43040,29189,266,327,National,Women,Ecuador,2019,Total
48.70000076293945,26,13639,ECU,229,43044,29189,146,331,Rural,Both sexes,Ecuador,2019,Afro-descendant
52.400001525878906,26,,ECU,229,77477,29189,146,331,Rural,Both sexes,Ecuador,2019,Indigenous
34.20000076293945,26,,ECU,229,43043,29189,146,331,Rural,Both sexes,Ecuador,2019,Not Indigenous or Afro-descendant
39.5,26,,ECU,229,43040,29189,146,331,Rural,Both sexes,Ecuador,2019,Total
49.20000076293945,26,13639,ECU,229,43044,29189,265,331,Rural,Men,Ecuador,2019,Afro-descendant
52.29999923706055,26,13639,ECU,229,77477,29189,265,331,Rural,Men,Ecuador,2019,Indigenous
33.900001525878906,26,,ECU,229,43043,29189,265,331,Rural,Men,Ecuador,2019,Not Indigenous or Afro-descendant
39,26,,ECU,229,43040,29189,265,331,Rural,Men,Ecuador,2019,Total
48.099998474121094,26,13639,ECU,229,43044,29189,266,331,Rural,Women,Ecuador,2019,Afro-descendant
52.5,26,13639,ECU,229,77477,29189,266,331,Rural,Women,Ecuador,2019,Indigenous
34.5,26,,ECU,229,43043,29189,266,331,Rural,Women,Ecuador,2019,Not Indigenous or Afro-descendant
39.900001525878906,26,,ECU,229,43040,29189,266,331,Rural,Women,Ecuador,2019,Total
36.599998474121094,26,13639,ECU,229,43044,29189,146,330,Urban,Both sexes,Ecuador,2019,Afro-descendant
33.099998474121094,26,13639,ECU,229,77477,29189,146,330,Urban,Both sexes,Ecuador,2019,Indigenous
28.799999237060547,26,,ECU,229,43043,29189,146,330,Urban,Both sexes,Ecuador,2019,Not Indigenous or Afro-descendant
29.299999237060547,26,,ECU,229,43040,29189,146,330,Urban,Both sexes,Ecuador,2019,Total
35.5,26,13639,ECU,229,43044,29189,265,330,Urban,Men,Ecuador,2019,Afro-descendant
31.700000762939453,26,13639,ECU,229,77477,29189,265,330,Urban,Men,Ecuador,2019,Indigenous
28.5,26,,ECU,229,43043,29189,265,330,Urban,Men,Ecuador,2019,Not Indigenous or Afro-descendant
28.899999618530273,26,,ECU,229,43040,29189,265,330,Urban,Men,Ecuador,2019,Total
37.79999923706055,26,13639,ECU,229,43044,29189,266,330,Urban,Women,Ecuador,2019,Afro-descendant
34.400001525878906,26,13639,ECU,229,77477,29189,266,330,Urban,Women,Ecuador,2019,Indigenous
29,26,,ECU,229,43043,29189,266,330,Urban,Women,Ecuador,2019,Not Indigenous or Afro-descendant
29.600000381469727,26,,ECU,229,43040,29189,266,330,Urban,Women,Ecuador,2019,Total
43.099998474121094,26,13639,ECU,229,43044,29190,146,327,National,Both sexes,Ecuador,2020,Afro-descendant
45.400001525878906,26,,ECU,229,77477,29190,146,327,National,Both sexes,Ecuador,2020,Indigenous
27.100000381469727,26,,ECU,229,43043,29190,146,327,National,Both sexes,Ecuador,2020,Not Indigenous or Afro-descendant
30.100000381469727,26,,ECU,229,43040,29190,146,327,National,Both sexes,Ecuador,2020,Total
41.400001525878906,26,13639,ECU,229,43044,29190,265,327,National,Men,Ecuador,2020,Afro-descendant
44.900001525878906,26,13639,ECU,229,77477,29190,265,327,National,Men,Ecuador,2020,Indigenous
27,26,,ECU,229,43043,29190,265,327,National,Men,Ecuador,2020,Not Indigenous or Afro-descendant
29.799999237060547,26,,ECU,229,43040,29190,265,327,National,Men,Ecuador,2020,Total
44.5,26,13639,ECU,229,43044,29190,266,327,National,Women,Ecuador,2020,Afro-descendant
45.900001525878906,26,13639,ECU,229,77477,29190,266,327,National,Women,Ecuador,2020,Indigenous
27.200000762939453,26,,ECU,229,43043,29190,266,327,National,Women,Ecuador,2020,Not Indigenous or Afro-descendant
30.299999237060547,26,,ECU,229,43040,29190,266,327,National,Women,Ecuador,2020,Total
58.599998474121094,26,13639,ECU,229,43044,29190,146,331,Rural,Both sexes,Ecuador,2020,Afro-descendant
50.5,26,13639,ECU,229,77477,29190,146,331,Rural,Both sexes,Ecuador,2020,Indigenous
28.399999618530273,26,,ECU,229,43043,29190,146,331,Rural,Both sexes,Ecuador,2020,Not Indigenous or Afro-descendant
36.099998474121094,26,,ECU,229,43040,29190,146,331,Rural,Both sexes,Ecuador,2020,Total
57,26,13639,ECU,229,43044,29190,265,331,Rural,Men,Ecuador,2020,Afro-descendant
49.099998474121094,26,13639,ECU,229,77477,29190,265,331,Rural,Men,Ecuador,2020,Indigenous
28.399999618530273,26,,ECU,229,43043,29190,265,331,Rural,Men,Ecuador,2020,Not Indigenous or Afro-descendant
35.70000076293945,26,,ECU,229,43040,29190,265,331,Rural,Men,Ecuador,2020,Total
60.400001525878906,26,13639,ECU,229,43044,29190,266,331,Rural,Women,Ecuador,2020,Afro-descendant
51.900001525878906,26,13639,ECU,229,77477,29190,266,331,Rural,Women,Ecuador,2020,Indigenous
28.399999618530273,26,,ECU,229,43043,29190,266,331,Rural,Women,Ecuador,2020,Not Indigenous or Afro-descendant
36.5,26,,ECU,229,43040,29190,266,331,Rural,Women,Ecuador,2020,Total
38.29999923706055,26,13639,ECU,229,43044,29190,146,330,Urban,Both sexes,Ecuador,2020,Afro-descendant
27,26,13639,ECU,229,77477,29190,146,330,Urban,Both sexes,Ecuador,2020,Indigenous
26.700000762939453,26,,ECU,229,43043,29190,146,330,Urban,Both sexes,Ecuador,2020,Not Indigenous or Afro-descendant
27.299999237060547,26,,ECU,229,43040,29190,146,330,Urban,Both sexes,Ecuador,2020,Total
35.29999923706055,26,13639,ECU,229,43044,29190,265,330,Urban,Men,Ecuador,2020,Afro-descendant
29.200000762939453,26,13639,ECU,229,77477,29190,265,330,Urban,Men,Ecuador,2020,Indigenous
26.5,26,,ECU,229,43043,29190,265,330,Urban,Men,Ecuador,2020,Not Indigenous or Afro-descendant
27,26,,ECU,229,43040,29190,265,330,Urban,Men,Ecuador,2020,Total
40.5,26,13639,ECU,229,43044,29190,266,330,Urban,Women,Ecuador,2020,Afro-descendant
24.799999237060547,26,13639,ECU,229,77477,29190,266,330,Urban,Women,Ecuador,2020,Indigenous
26.899999618530273,26,,ECU,229,43043,29190,266,330,Urban,Women,Ecuador,2020,Not Indigenous or Afro-descendant
27.5,26,,ECU,229,43040,29190,266,330,Urban,Women,Ecuador,2020,Total
38.79999923706055,26,,ECU,229,43044,29191,146,327,National,Both sexes,Ecuador,2021,Afro-descendant
45.400001525878906,26,,ECU,229,77477,29191,146,327,National,Both sexes,Ecuador,2021,Indigenous
30.700000762939453,26,,ECU,229,43043,29191,146,327,National,Both sexes,Ecuador,2021,Not Indigenous or Afro-descendant
32.20000076293945,26,,ECU,229,43040,29191,146,327,National,Both sexes,Ecuador,2021,Total
37.099998474121094,26,,ECU,229,43044,29191,265,327,National,Men,Ecuador,2021,Afro-descendant
45.900001525878906,26,,ECU,229,77477,29191,265,327,National,Men,Ecuador,2021,Indigenous
30.399999618530273,26,,ECU,229,43043,29191,265,327,National,Men,Ecuador,2021,Not Indigenous or Afro-descendant
32,26,,ECU,229,43040,29191,265,327,National,Men,Ecuador,2021,Total
40.400001525878906,26,,ECU,229,43044,29191,266,327,National,Women,Ecuador,2021,Afro-descendant
45,26,,ECU,229,77477,29191,266,327,National,Women,Ecuador,2021,Indigenous
31,26,,ECU,229,43043,29191,266,327,National,Women,Ecuador,2021,Not Indigenous or Afro-descendant
32.5,26,,ECU,229,43040,29191,266,327,National,Women,Ecuador,2021,Total
36.900001525878906,26,,ECU,229,43044,29191,146,331,Rural,Both sexes,Ecuador,2021,Afro-descendant
47.900001525878906,26,,ECU,229,77477,29191,146,331,Rural,Both sexes,Ecuador,2021,Indigenous
33,26,,ECU,229,43043,29191,146,331,Rural,Both sexes,Ecuador,2021,Not Indigenous or Afro-descendant
36.29999923706055,26,,ECU,229,43040,29191,146,331,Rural,Both sexes,Ecuador,2021,Total
36.599998474121094,26,,ECU,229,43044,29191,265,331,Rural,Men,Ecuador,2021,Afro-descendant
48.400001525878906,26,,ECU,229,77477,29191,265,331,Rural,Men,Ecuador,2021,Indigenous
33.20000076293945,26,,ECU,229,43043,29191,265,331,Rural,Men,Ecuador,2021,Not Indigenous or Afro-descendant
36.5,26,,ECU,229,43040,29191,265,331,Rural,Men,Ecuador,2021,Total
37.20000076293945,26,,ECU,229,43044,29191,266,331,Rural,Women,Ecuador,2021,Afro-descendant
47.29999923706055,26,,ECU,229,77477,29191,266,331,Rural,Women,Ecuador,2021,Indigenous
32.79999923706055,26,,ECU,229,43043,29191,266,331,Rural,Women,Ecuador,2021,Not Indigenous or Afro-descendant
36,26,,ECU,229,43040,29191,266,331,Rural,Women,Ecuador,2021,Total
39.5,26,,ECU,229,43044,29191,146,330,Urban,Both sexes,Ecuador,2021,Afro-descendant
36.599998474121094,26,,ECU,229,77477,29191,146,330,Urban,Both sexes,Ecuador,2021,Indigenous
29.799999237060547,26,,ECU,229,43043,29191,146,330,Urban,Both sexes,Ecuador,2021,Not Indigenous or Afro-descendant
30.399999618530273,26,,ECU,229,43040,29191,146,330,Urban,Both sexes,Ecuador,2021,Total
37.29999923706055,26,,ECU,229,43044,29191,265,330,Urban,Men,Ecuador,2021,Afro-descendant
36.29999923706055,26,,ECU,229,77477,29191,265,330,Urban,Men,Ecuador,2021,Indigenous
29.299999237060547,26,,ECU,229,43043,29191,265,330,Urban,Men,Ecuador,2021,Not Indigenous or Afro-descendant
29.799999237060547,26,,ECU,229,43040,29191,265,330,Urban,Men,Ecuador,2021,Total
41.5,26,,ECU,229,43044,29191,266,330,Urban,Women,Ecuador,2021,Afro-descendant
36.900001525878906,26,,ECU,229,77477,29191,266,330,Urban,Women,Ecuador,2021,Indigenous
30.399999618530273,26,,ECU,229,43043,29191,266,330,Urban,Women,Ecuador,2021,Not Indigenous or Afro-descendant
31,26,,ECU,229,43040,29191,266,330,Urban,Women,Ecuador,2021,Total
38.29999923706055,26,,ECU,229,43044,29192,146,327,National,Both sexes,Ecuador,2022,Afro-descendant
46.099998474121094,26,,ECU,229,77477,29192,146,327,National,Both sexes,Ecuador,2022,Indigenous
30,26,,ECU,229,43043,29192,146,327,National,Both sexes,Ecuador,2022,Not Indigenous or Afro-descendant
31.600000381469727,26,,ECU,229,43040,29192,146,327,National,Both sexes,Ecuador,2022,Total
37.70000076293945,26,,ECU,229,43044,29192,265,327,National,Men,Ecuador,2022,Afro-descendant
47.099998474121094,26,,ECU,229,77477,29192,265,327,National,Men,Ecuador,2022,Indigenous
29.5,26,,ECU,229,43043,29192,265,327,National,Men,Ecuador,2022,Not Indigenous or Afro-descendant
31.200000762939453,26,,ECU,229,43040,29192,265,327,National,Men,Ecuador,2022,Total
38.900001525878906,26,,ECU,229,43044,29192,266,327,National,Women,Ecuador,2022,Afro-descendant
45.20000076293945,26,,ECU,229,77477,29192,266,327,National,Women,Ecuador,2022,Indigenous
30.5,26,,ECU,229,43043,29192,266,327,National,Women,Ecuador,2022,Not Indigenous or Afro-descendant
32,26,,ECU,229,43040,29192,266,327,National,Women,Ecuador,2022,Total
43.099998474121094,26,,ECU,229,43044,29192,146,331,Rural,Both sexes,Ecuador,2022,Afro-descendant
47.400001525878906,26,,ECU,229,77477,29192,146,331,Rural,Both sexes,Ecuador,2022,Indigenous
31,26,,ECU,229,43043,29192,146,331,Rural,Both sexes,Ecuador,2022,Not Indigenous or Afro-descendant
34.70000076293945,26,,ECU,229,43040,29192,146,331,Rural,Both sexes,Ecuador,2022,Total
42.400001525878906,26,,ECU,229,43044,29192,265,331,Rural,Men,Ecuador,2022,Afro-descendant
48.400001525878906,26,,ECU,229,77477,29192,265,331,Rural,Men,Ecuador,2022,Indigenous
30.5,26,,ECU,229,43043,29192,265,331,Rural,Men,Ecuador,2022,Not Indigenous or Afro-descendant
34.5,26,,ECU,229,43040,29192,265,331,Rural,Men,Ecuador,2022,Total
43.79999923706055,26,,ECU,229,43044,29192,266,331,Rural,Women,Ecuador,2022,Afro-descendant
46.29999923706055,26,,ECU,229,77477,29192,266,331,Rural,Women,Ecuador,2022,Indigenous
31.5,26,,ECU,229,43043,29192,266,331,Rural,Women,Ecuador,2022,Not Indigenous or Afro-descendant
34.900001525878906,26,,ECU,229,43040,29192,266,331,Rural,Women,Ecuador,2022,Total
36.599998474121094,26,,ECU,229,43044,29192,146,330,Urban,Both sexes,Ecuador,2022,Afro-descendant
41.599998474121094,26,,ECU,229,77477,29192,146,330,Urban,Both sexes,Ecuador,2022,Indigenous
29.600000381469727,26,,ECU,229,43043,29192,146,330,Urban,Both sexes,Ecuador,2022,Not Indigenous or Afro-descendant
30.200000762939453,26,,ECU,229,43040,29192,146,330,Urban,Both sexes,Ecuador,2022,Total
36,26,,ECU,229,43044,29192,265,330,Urban,Men,Ecuador,2022,Afro-descendant
42.20000076293945,26,,ECU,229,77477,29192,265,330,Urban,Men,Ecuador,2022,Indigenous
29.100000381469727,26,,ECU,229,43043,29192,265,330,Urban,Men,Ecuador,2022,Not Indigenous or Afro-descendant
29.600000381469727,26,,ECU,229,43040,29192,265,330,Urban,Men,Ecuador,2022,Total
37.29999923706055,26,,ECU,229,43044,29192,266,330,Urban,Women,Ecuador,2022,Afro-descendant
41.099998474121094,26,,ECU,229,77477,29192,266,330,Urban,Women,Ecuador,2022,Indigenous
30.100000381469727,26,,ECU,229,43043,29192,266,330,Urban,Women,Ecuador,2022,Not Indigenous or Afro-descendant
30.700000762939453,26,,ECU,229,43040,29192,266,330,Urban,Women,Ecuador,2022,Total
37.099998474121094,26,,ECU,229,43044,29193,146,327,National,Both sexes,Ecuador,2023,Afro-descendant
47.5,26,,ECU,229,77477,29193,146,327,National,Both sexes,Ecuador,2023,Indigenous
28.5,26,,ECU,229,43043,29193,146,327,National,Both sexes,Ecuador,2023,Not Indigenous or Afro-descendant
30.799999237060547,26,,ECU,229,43040,29193,146,327,National,Both sexes,Ecuador,2023,Total
36.20000076293945,26,,ECU,229,43044,29193,265,327,National,Men,Ecuador,2023,Afro-descendant
47.20000076293945,26,,ECU,229,77477,29193,265,327,National,Men,Ecuador,2023,Indigenous
27.899999618530273,26,,ECU,229,43043,29193,265,327,National,Men,Ecuador,2023,Not Indigenous or Afro-descendant
30.200000762939453,26,,ECU,229,43040,29193,265,327,National,Men,Ecuador,2023,Total
38,26,,ECU,229,43044,29193,266,327,National,Women,Ecuador,2023,Afro-descendant
47.70000076293945,26,,ECU,229,77477,29193,266,327,National,Women,Ecuador,2023,Indigenous
29.100000381469727,26,,ECU,229,43043,29193,266,327,National,Women,Ecuador,2023,Not Indigenous or Afro-descendant
31.299999237060547,26,,ECU,229,43040,29193,266,327,National,Women,Ecuador,2023,Total
38.599998474121094,26,,ECU,229,43044,29193,146,331,Rural,Both sexes,Ecuador,2023,Afro-descendant
49,26,,ECU,229,77477,29193,146,331,Rural,Both sexes,Ecuador,2023,Indigenous
29.299999237060547,26,,ECU,229,43043,29193,146,331,Rural,Both sexes,Ecuador,2023,Not Indigenous or Afro-descendant
34.900001525878906,26,,ECU,229,43040,29193,146,331,Rural,Both sexes,Ecuador,2023,Total
37.400001525878906,26,13639,ECU,229,43044,29193,265,331,Rural,Men,Ecuador,2023,Afro-descendant
48.900001525878906,26,,ECU,229,77477,29193,265,331,Rural,Men,Ecuador,2023,Indigenous
28.600000381469727,26,,ECU,229,43043,29193,265,331,Rural,Men,Ecuador,2023,Not Indigenous or Afro-descendant
34.400001525878906,26,,ECU,229,43040,29193,265,331,Rural,Men,Ecuador,2023,Total
39.900001525878906,26,13639,ECU,229,43044,29193,266,331,Rural,Women,Ecuador,2023,Afro-descendant
49.099998474121094,26,,ECU,229,77477,29193,266,331,Rural,Women,Ecuador,2023,Indigenous
30,26,,ECU,229,43043,29193,266,331,Rural,Women,Ecuador,2023,Not Indigenous or Afro-descendant
35.5,26,,ECU,229,43040,29193,266,331,Rural,Women,Ecuador,2023,Total
36.599998474121094,26,,ECU,229,43044,29193,146,330,Urban,Both sexes,Ecuador,2023,Afro-descendant
39.900001525878906,26,,ECU,229,77477,29193,146,330,Urban,Both sexes,Ecuador,2023,Indigenous
28.200000762939453,26,,ECU,229,43043,29193,146,330,Urban,Both sexes,Ecuador,2023,Not Indigenous or Afro-descendant
28.799999237060547,26,,ECU,229,43040,29193,146,330,Urban,Both sexes,Ecuador,2023,Total
35.79999923706055,26,,ECU,229,43044,29193,265,330,Urban,Men,Ecuador,2023,Afro-descendant
38.79999923706055,26,,ECU,229,77477,29193,265,330,Urban,Men,Ecuador,2023,Indigenous
27.600000381469727,26,,ECU,229,43043,29193,265,330,Urban,Men,Ecuador,2023,Not Indigenous or Afro-descendant
28.200000762939453,26,,ECU,229,43040,29193,265,330,Urban,Men,Ecuador,2023,Total
37.5,26,,ECU,229,43044,29193,266,330,Urban,Women,Ecuador,2023,Afro-descendant
41.099998474121094,26,,ECU,229,77477,29193,266,330,Urban,Women,Ecuador,2023,Indigenous
28.700000762939453,26,,ECU,229,43043,29193,266,330,Urban,Women,Ecuador,2023,Not Indigenous or Afro-descendant
29.399999618530273,26,,ECU,229,43040,29193,266,330,Urban,Women,Ecuador,2023,Total
38.79999923706055,26,,ECU,229,43044,29194,146,327,National,Both sexes,Ecuador,2024,Afro-descendant
51.099998474121094,26,,ECU,229,77477,29194,146,327,National,Both sexes,Ecuador,2024,Indigenous
27.5,26,,ECU,229,43043,29194,146,327,National,Both sexes,Ecuador,2024,Not Indigenous or Afro-descendant
30.5,26,,ECU,229,43040,29194,146,327,National,Both sexes,Ecuador,2024,Total
38.5,26,,ECU,229,43044,29194,265,327,National,Men,Ecuador,2024,Afro-descendant
50.900001525878906,26,,ECU,229,77477,29194,265,327,National,Men,Ecuador,2024,Indigenous
27.100000381469727,26,,ECU,229,43043,29194,265,327,National,Men,Ecuador,2024,Not Indigenous or Afro-descendant
30.200000762939453,26,,ECU,229,43040,29194,265,327,National,Men,Ecuador,2024,Total
39.099998474121094,26,,ECU,229,43044,29194,266,327,National,Women,Ecuador,2024,Afro-descendant
51.400001525878906,26,,ECU,229,77477,29194,266,327,National,Women,Ecuador,2024,Indigenous
27.899999618530273,26,,ECU,229,43043,29194,266,327,National,Women,Ecuador,2024,Not Indigenous or Afro-descendant
30.799999237060547,26,,ECU,229,43040,29194,266,327,National,Women,Ecuador,2024,Total
38.20000076293945,26,,ECU,229,43044,29194,146,331,Rural,Both sexes,Ecuador,2024,Afro-descendant
53.599998474121094,26,,ECU,229,77477,29194,146,331,Rural,Both sexes,Ecuador,2024,Indigenous
29.899999618530273,26,,ECU,229,43043,29194,146,331,Rural,Both sexes,Ecuador,2024,Not Indigenous or Afro-descendant
37.099998474121094,26,,ECU,229,43040,29194,146,331,Rural,Both sexes,Ecuador,2024,Total
37.599998474121094,26,13639,ECU,229,43044,29194,265,331,Rural,Men,Ecuador,2024,Afro-descendant
53.29999923706055,26,,ECU,229,77477,29194,265,331,Rural,Men,Ecuador,2024,Indigenous
29.799999237060547,26,,ECU,229,43043,29194,265,331,Rural,Men,Ecuador,2024,Not Indigenous or Afro-descendant
37,26,,ECU,229,43040,29194,265,331,Rural,Men,Ecuador,2024,Total
38.900001525878906,26,13639,ECU,229,43044,29194,266,331,Rural,Women,Ecuador,2024,Afro-descendant
53.79999923706055,26,,ECU,229,77477,29194,266,331,Rural,Women,Ecuador,2024,Indigenous
30,26,,ECU,229,43043,29194,266,331,Rural,Women,Ecuador,2024,Not Indigenous or Afro-descendant
37.29999923706055,26,,ECU,229,43040,29194,266,331,Rural,Women,Ecuador,2024,Total
39,26,,ECU,229,43044,29194,146,330,Urban,Both sexes,Ecuador,2024,Afro-descendant
38.20000076293945,26,,ECU,229,77477,29194,146,330,Urban,Both sexes,Ecuador,2024,Indigenous
26.700000762939453,26,,ECU,229,43043,29194,146,330,Urban,Both sexes,Ecuador,2024,Not Indigenous or Afro-descendant
27.5,26,,ECU,229,43040,29194,146,330,Urban,Both sexes,Ecuador,2024,Total
38.79999923706055,26,,ECU,229,43044,29194,265,330,Urban,Men,Ecuador,2024,Afro-descendant
38,26,,ECU,229,77477,29194,265,330,Urban,Men,Ecuador,2024,Indigenous
26.200000762939453,26,,ECU,229,43043,29194,265,330,Urban,Men,Ecuador,2024,Not Indigenous or Afro-descendant
27,26,,ECU,229,43040,29194,265,330,Urban,Men,Ecuador,2024,Total
39.099998474121094,26,,ECU,229,43044,29194,266,330,Urban,Women,Ecuador,2024,Afro-descendant
38.400001525878906,26,,ECU,229,77477,29194,266,330,Urban,Women,Ecuador,2024,Indigenous
27.200000762939453,26,,ECU,229,43043,29194,266,330,Urban,Women,Ecuador,2024,Not Indigenous or Afro-descendant
28,26,,ECU,229,43040,29194,266,330,Urban,Women,Ecuador,2024,Total
87.0999984741211,26,,GTM,235,77477,29170,146,327,National,Both sexes,Guatemala,2000,Indigenous
71.5999984741211,26,,GTM,235,43043,29170,146,327,National,Both sexes,Guatemala,2000,Not Indigenous or Afro-descendant
77.69999694824219,26,,GTM,235,43040,29170,146,327,National,Both sexes,Guatemala,2000,Total
87.19999694824219,26,,GTM,235,77477,29170,265,327,National,Men,Guatemala,2000,Indigenous
72.5999984741211,26,,GTM,235,43043,29170,265,327,National,Men,Guatemala,2000,Not Indigenous or Afro-descendant
78.30000305175781,26,,GTM,235,43040,29170,265,327,National,Men,Guatemala,2000,Total
87,26,,GTM,235,77477,29170,266,327,National,Women,Guatemala,2000,Indigenous
70.69999694824219,26,,GTM,235,43043,29170,266,327,National,Women,Guatemala,2000,Not Indigenous or Afro-descendant
77.0999984741211,26,,GTM,235,43040,29170,266,327,National,Women,Guatemala,2000,Total
91.19999694824219,26,,GTM,235,77477,29170,146,331,Rural,Both sexes,Guatemala,2000,Indigenous
85.0999984741211,26,,GTM,235,43043,29170,146,331,Rural,Both sexes,Guatemala,2000,Not Indigenous or Afro-descendant
88.0999984741211,26,,GTM,235,43040,29170,146,331,Rural,Both sexes,Guatemala,2000,Total
91,26,,GTM,235,77477,29170,265,331,Rural,Men,Guatemala,2000,Indigenous
85.0999984741211,26,,GTM,235,43043,29170,265,331,Rural,Men,Guatemala,2000,Not Indigenous or Afro-descendant
88,26,,GTM,235,43040,29170,265,331,Rural,Men,Guatemala,2000,Total
91.30000305175781,26,,GTM,235,77477,29170,266,331,Rural,Women,Guatemala,2000,Indigenous
85.0999984741211,26,,GTM,235,43043,29170,266,331,Rural,Women,Guatemala,2000,Not Indigenous or Afro-descendant
88.19999694824219,26,,GTM,235,43040,29170,266,331,Rural,Women,Guatemala,2000,Total
75.19999694824219,26,,GTM,235,77477,29170,146,330,Urban,Both sexes,Guatemala,2000,Indigenous
58.099998474121094,26,,GTM,235,43043,29170,146,330,Urban,Both sexes,Guatemala,2000,Not Indigenous or Afro-descendant
62.29999923706055,26,,GTM,235,43040,29170,146,330,Urban,Both sexes,Guatemala,2000,Total
75.9000015258789,26,,GTM,235,77477,29170,265,330,Urban,Men,Guatemala,2000,Indigenous
59.099998474121094,26,,GTM,235,43043,29170,265,330,Urban,Men,Guatemala,2000,Not Indigenous or Afro-descendant
63.29999923706055,26,,GTM,235,43040,29170,265,330,Urban,Men,Guatemala,2000,Total
74.5,26,,GTM,235,77477,29170,266,330,Urban,Women,Guatemala,2000,Indigenous
57.20000076293945,26,,GTM,235,43043,29170,266,330,Urban,Women,Guatemala,2000,Not Indigenous or Afro-descendant
61.400001525878906,26,,GTM,235,43040,29170,266,330,Urban,Women,Guatemala,2000,Total
85.4000015258789,26,,GTM,235,77477,29176,146,327,National,Both sexes,Guatemala,2006,Indigenous
64.30000305175781,26,,GTM,235,43043,29176,146,327,National,Both sexes,Guatemala,2006,Not Indigenous or Afro-descendant
72.4000015258789,26,,GTM,235,43040,29176,146,327,National,Both sexes,Guatemala,2006,Total
85.5,26,,GTM,235,77477,29176,265,327,National,Men,Guatemala,2006,Indigenous
64.5999984741211,26,,GTM,235,43043,29176,265,327,National,Men,Guatemala,2006,Not Indigenous or Afro-descendant
72.69999694824219,26,,GTM,235,43040,29176,265,327,National,Men,Guatemala,2006,Total
85.30000305175781,26,,GTM,235,77477,29176,266,327,National,Women,Guatemala,2006,Indigenous
64,26,,GTM,235,43043,29176,266,327,National,Women,Guatemala,2006,Not Indigenous or Afro-descendant
72.0999984741211,26,,GTM,235,43040,29176,266,327,National,Women,Guatemala,2006,Total
90,26,,GTM,235,77477,29176,146,331,Rural,Both sexes,Guatemala,2006,Indigenous
78.0999984741211,26,,GTM,235,43043,29176,146,331,Rural,Both sexes,Guatemala,2006,Not Indigenous or Afro-descendant
84,26,,GTM,235,43040,29176,146,331,Rural,Both sexes,Guatemala,2006,Total
90.0999984741211,26,,GTM,235,77477,29176,265,331,Rural,Men,Guatemala,2006,Indigenous
78.5999984741211,26,,GTM,235,43043,29176,265,331,Rural,Men,Guatemala,2006,Not Indigenous or Afro-descendant
84.30000305175781,26,,GTM,235,43040,29176,265,331,Rural,Men,Guatemala,2006,Total
89.9000015258789,26,,GTM,235,77477,29176,266,331,Rural,Women,Guatemala,2006,Indigenous
77.5999984741211,26,,GTM,235,43043,29176,266,331,Rural,Women,Guatemala,2006,Not Indigenous or Afro-descendant
83.80000305175781,26,,GTM,235,43040,29176,266,331,Rural,Women,Guatemala,2006,Total
75.80000305175781,26,,GTM,235,77477,29176,146,330,Urban,Both sexes,Guatemala,2006,Indigenous
54.20000076293945,26,,GTM,235,43043,29176,146,330,Urban,Both sexes,Guatemala,2006,Not Indigenous or Afro-descendant
59.79999923706055,26,,GTM,235,43040,29176,146,330,Urban,Both sexes,Guatemala,2006,Total
76.0999984741211,26,,GTM,235,77477,29176,265,330,Urban,Men,Guatemala,2006,Indigenous
53.900001525878906,26,,GTM,235,43043,29176,265,330,Urban,Men,Guatemala,2006,Not Indigenous or Afro-descendant
59.79999923706055,26,,GTM,235,43040,29176,265,330,Urban,Men,Guatemala,2006,Total
75.5999984741211,26,,GTM,235,77477,29176,266,330,Urban,Women,Guatemala,2006,Indigenous
54.400001525878906,26,,GTM,235,43043,29176,266,330,Urban,Women,Guatemala,2006,Not Indigenous or Afro-descendant
59.79999923706055,26,,GTM,235,43040,29176,266,330,Urban,Women,Guatemala,2006,Total
81.5,26,,GTM,235,77477,29184,146,327,National,Both sexes,Guatemala,2014,Indigenous
67.30000305175781,26,,GTM,235,43043,29184,146,327,National,Both sexes,Guatemala,2014,Not Indigenous or Afro-descendant
72.80000305175781,26,,GTM,235,43040,29184,146,327,National,Both sexes,Guatemala,2014,Total
81.80000305175781,26,,GTM,235,77477,29184,265,327,National,Men,Guatemala,2014,Indigenous
67.30000305175781,26,,GTM,235,43043,29184,265,327,National,Men,Guatemala,2014,Not Indigenous or Afro-descendant
72.9000015258789,26,,GTM,235,43040,29184,265,327,National,Men,Guatemala,2014,Total
81.19999694824219,26,,GTM,235,77477,29184,266,327,National,Women,Guatemala,2014,Indigenous
67.30000305175781,26,,GTM,235,43043,29184,266,327,National,Women,Guatemala,2014,Not Indigenous or Afro-descendant
72.69999694824219,26,,GTM,235,43040,29184,266,327,National,Women,Guatemala,2014,Total
86.80000305175781,26,,GTM,235,77477,29184,146,331,Rural,Both sexes,Guatemala,2014,Indigenous
78.5,26,,GTM,235,43043,29184,146,331,Rural,Both sexes,Guatemala,2014,Not Indigenous or Afro-descendant
82.5999984741211,26,,GTM,235,43040,29184,146,331,Rural,Both sexes,Guatemala,2014,Total
87.0999984741211,26,,GTM,235,77477,29184,265,331,Rural,Men,Guatemala,2014,Indigenous
78.5,26,,GTM,235,43043,29184,265,331,Rural,Men,Guatemala,2014,Not Indigenous or Afro-descendant
82.5999984741211,26,,GTM,235,43040,29184,265,331,Rural,Men,Guatemala,2014,Total
86.5999984741211,26,,GTM,235,77477,29184,266,331,Rural,Women,Guatemala,2014,Indigenous
78.5999984741211,26,,GTM,235,43043,29184,266,331,Rural,Women,Guatemala,2014,Not Indigenous or Afro-descendant
82.5,26,,GTM,235,43040,29184,266,331,Rural,Women,Guatemala,2014,Total
72.4000015258789,26,,GTM,235,77477,29184,146,330,Urban,Both sexes,Guatemala,2014,Indigenous
59,26,,GTM,235,43043,29184,146,330,Urban,Both sexes,Guatemala,2014,Not Indigenous or Afro-descendant
62.900001525878906,26,,GTM,235,43040,29184,146,330,Urban,Both sexes,Guatemala,2014,Total
72.5,26,,GTM,235,77477,29184,265,330,Urban,Men,Guatemala,2014,Indigenous
58.599998474121094,26,,GTM,235,43043,29184,265,330,Urban,Men,Guatemala,2014,Not Indigenous or Afro-descendant
62.70000076293945,26,,GTM,235,43040,29184,265,330,Urban,Men,Guatemala,2014,Total
72.30000305175781,26,,GTM,235,77477,29184,266,330,Urban,Women,Guatemala,2014,Indigenous
59.29999923706055,26,,GTM,235,43043,29184,266,330,Urban,Women,Guatemala,2014,Not Indigenous or Afro-descendant
63.099998474121094,26,,GTM,235,43040,29184,266,330,Urban,Women,Guatemala,2014,Total
63.79999923706055,26,,GTM,235,43044,29193,146,327,National,Both sexes,Guatemala,2023,Afro-descendant
71.80000305175781,26,,GTM,235,77477,29193,146,327,National,Both sexes,Guatemala,2023,Indigenous
57.599998474121094,26,,GTM,235,43043,29193,146,327,National,Both sexes,Guatemala,2023,Not Indigenous or Afro-descendant
63.20000076293945,26,,GTM,235,43040,29193,146,327,National,Both sexes,Guatemala,2023,Total
66.9000015258789,26,,GTM,235,43044,29193,265,327,National,Men,Guatemala,2023,Afro-descendant
72,26,,GTM,235,77477,29193,265,327,National,Men,Guatemala,2023,Indigenous
57.599998474121094,26,,GTM,235,43043,29193,265,327,National,Men,Guatemala,2023,Not Indigenous or Afro-descendant
63.29999923706055,26,,GTM,235,43040,29193,265,327,National,Men,Guatemala,2023,Total
61,26,,GTM,235,43044,29193,266,327,National,Women,Guatemala,2023,Afro-descendant
71.5999984741211,26,,GTM,235,77477,29193,266,327,National,Women,Guatemala,2023,Indigenous
57.599998474121094,26,,GTM,235,43043,29193,266,327,National,Women,Guatemala,2023,Not Indigenous or Afro-descendant
63.099998474121094,26,,GTM,235,43040,29193,266,327,National,Women,Guatemala,2023,Total
73.4000015258789,26,,GTM,235,43044,29193,146,331,Rural,Both sexes,Guatemala,2023,Afro-descendant
76.9000015258789,26,,GTM,235,77477,29193,146,331,Rural,Both sexes,Guatemala,2023,Indigenous
67.69999694824219,26,,GTM,235,43043,29193,146,331,Rural,Both sexes,Guatemala,2023,Not Indigenous or Afro-descendant
72.4000015258789,26,,GTM,235,43040,29193,146,331,Rural,Both sexes,Guatemala,2023,Total
79.69999694824219,26,,GTM,235,43044,29193,265,331,Rural,Men,Guatemala,2023,Afro-descendant
77.69999694824219,26,,GTM,235,77477,29193,265,331,Rural,Men,Guatemala,2023,Indigenous
67.80000305175781,26,,GTM,235,43043,29193,265,331,Rural,Men,Guatemala,2023,Not Indigenous or Afro-descendant
72.80000305175781,26,,GTM,235,43040,29193,265,331,Rural,Men,Guatemala,2023,Total
68,26,,GTM,235,43044,29193,266,331,Rural,Women,Guatemala,2023,Afro-descendant
76.19999694824219,26,,GTM,235,77477,29193,266,331,Rural,Women,Guatemala,2023,Indigenous
67.5999984741211,26,,GTM,235,43043,29193,266,331,Rural,Women,Guatemala,2023,Not Indigenous or Afro-descendant
72,26,,GTM,235,43040,29193,266,331,Rural,Women,Guatemala,2023,Total
53.29999923706055,26,,GTM,235,43044,29193,146,330,Urban,Both sexes,Guatemala,2023,Afro-descendant
63.5,26,,GTM,235,77477,29193,146,330,Urban,Both sexes,Guatemala,2023,Indigenous
51.400001525878906,26,,GTM,235,43043,29193,146,330,Urban,Both sexes,Guatemala,2023,Not Indigenous or Afro-descendant
54.79999923706055,26,,GTM,235,43040,29193,146,330,Urban,Both sexes,Guatemala,2023,Total
54.400001525878906,26,,GTM,235,43044,29193,265,330,Urban,Men,Guatemala,2023,Afro-descendant
62.79999923706055,26,,GTM,235,77477,29193,265,330,Urban,Men,Guatemala,2023,Indigenous
51.20000076293945,26,,GTM,235,43043,29193,265,330,Urban,Men,Guatemala,2023,Not Indigenous or Afro-descendant
54.5,26,,GTM,235,43040,29193,265,330,Urban,Men,Guatemala,2023,Total
52.20000076293945,26,,GTM,235,43044,29193,266,330,Urban,Women,Guatemala,2023,Afro-descendant
64.19999694824219,26,,GTM,235,77477,29193,266,330,Urban,Women,Guatemala,2023,Indigenous
51.5,26,,GTM,235,43043,29193,266,330,Urban,Women,Guatemala,2023,Not Indigenous or Afro-descendant
55.099998474121094,26,,GTM,235,43040,29193,266,330,Urban,Women,Guatemala,2023,Total
59.70000076293945,26,12429,MEX,233,43043,29172,146,327,National,Both sexes,Mexico,2002,Not Indigenous or Afro-descendant
59.70000076293945,26,12429,MEX,233,43040,29172,146,327,National,Both sexes,Mexico,2002,Total
58.70000076293945,26,12429,MEX,233,43043,29172,265,327,National,Men,Mexico,2002,Not Indigenous or Afro-descendant
58.70000076293945,26,12429,MEX,233,43040,29172,265,327,National,Men,Mexico,2002,Total
60.599998474121094,26,12429,MEX,233,43043,29172,266,327,National,Women,Mexico,2002,Not Indigenous or Afro-descendant
60.599998474121094,26,12429,MEX,233,43040,29172,266,327,National,Women,Mexico,2002,Total
65.30000305175781,26,12429,MEX,233,43043,29172,146,331,Rural,Both sexes,Mexico,2002,Not Indigenous or Afro-descendant
65.30000305175781,26,12429,MEX,233,43040,29172,146,331,Rural,Both sexes,Mexico,2002,Total
64.30000305175781,26,12429,MEX,233,43043,29172,265,331,Rural,Men,Mexico,2002,Not Indigenous or Afro-descendant
64.30000305175781,26,12429,MEX,233,43040,29172,265,331,Rural,Men,Mexico,2002,Total
66,26,12429,MEX,233,43043,29172,266,331,Rural,Women,Mexico,2002,Not Indigenous or Afro-descendant
66,26,12429,MEX,233,43040,29172,266,331,Rural,Women,Mexico,2002,Total
55.400001525878906,26,12429,MEX,233,43043,29172,146,330,Urban,Both sexes,Mexico,2002,Not Indigenous or Afro-descendant
55.400001525878906,26,12429,MEX,233,43040,29172,146,330,Urban,Both sexes,Mexico,2002,Total
54.5,26,12429,MEX,233,43043,29172,265,330,Urban,Men,Mexico,2002,Not Indigenous or Afro-descendant
54.5,26,12429,MEX,233,43040,29172,265,330,Urban,Men,Mexico,2002,Total
56.099998474121094,26,12429,MEX,233,43043,29172,266,330,Urban,Women,Mexico,2002,Not Indigenous or Afro-descendant
56.099998474121094,26,12429,MEX,233,43040,29172,266,330,Urban,Women,Mexico,2002,Total
73,26,12429,MEX,233,77477,29178,146,327,National,Both sexes,Mexico,2008,Indigenous
48,26,12429,MEX,233,43043,29178,146,327,National,Both sexes,Mexico,2008,Not Indigenous or Afro-descendant
49.70000076293945,26,12429,MEX,233,43040,29178,146,327,National,Both sexes,Mexico,2008,Total
72.0999984741211,26,12429,MEX,233,77477,29178,265,327,National,Men,Mexico,2008,Indigenous
47.70000076293945,26,12429,MEX,233,43043,29178,265,327,National,Men,Mexico,2008,Not Indigenous or Afro-descendant
49.29999923706055,26,12429,MEX,233,43040,29178,265,327,National,Men,Mexico,2008,Total
73.80000305175781,26,12429,MEX,233,77477,29178,266,327,National,Women,Mexico,2008,Indigenous
48.20000076293945,26,12429,MEX,233,43043,29178,266,327,National,Women,Mexico,2008,Not Indigenous or Afro-descendant
50,26,12429,MEX,233,43040,29178,266,327,National,Women,Mexico,2008,Total
77.4000015258789,26,12429,MEX,233,77477,29178,146,331,Rural,Both sexes,Mexico,2008,Indigenous
63,26,12429,MEX,233,43043,29178,146,331,Rural,Both sexes,Mexico,2008,Not Indigenous or Afro-descendant
65.5,26,12429,MEX,233,43040,29178,146,331,Rural,Both sexes,Mexico,2008,Total
76.69999694824219,26,12429,MEX,233,77477,29178,265,331,Rural,Men,Mexico,2008,Indigenous
62.5,26,12429,MEX,233,43043,29178,265,331,Rural,Men,Mexico,2008,Not Indigenous or Afro-descendant
65,26,12429,MEX,233,43040,29178,265,331,Rural,Men,Mexico,2008,Total
78,26,12429,MEX,233,77477,29178,266,331,Rural,Women,Mexico,2008,Indigenous
63.400001525878906,26,12429,MEX,233,43043,29178,266,331,Rural,Women,Mexico,2008,Not Indigenous or Afro-descendant
66.0999984741211,26,12429,MEX,233,43040,29178,266,331,Rural,Women,Mexico,2008,Total
66.19999694824219,26,12429,MEX,233,77477,29178,146,330,Urban,Both sexes,Mexico,2008,Indigenous
44.099998474121094,26,12429,MEX,233,43043,29178,146,330,Urban,Both sexes,Mexico,2008,Not Indigenous or Afro-descendant
44.900001525878906,26,12429,MEX,233,43040,29178,146,330,Urban,Both sexes,Mexico,2008,Total
65.0999984741211,26,12429,MEX,233,77477,29178,265,330,Urban,Men,Mexico,2008,Indigenous
43.79999923706055,26,12429,MEX,233,43043,29178,265,330,Urban,Men,Mexico,2008,Not Indigenous or Afro-descendant
44.599998474121094,26,12429,MEX,233,43040,29178,265,330,Urban,Men,Mexico,2008,Total
67.30000305175781,26,12429,MEX,233,77477,29178,266,330,Urban,Women,Mexico,2008,Indigenous
44.400001525878906,26,12429,MEX,233,43043,29178,266,330,Urban,Women,Mexico,2008,Not Indigenous or Afro-descendant
45.20000076293945,26,12429,MEX,233,43040,29178,266,330,Urban,Women,Mexico,2008,Total
58.400001525878906,26,12429,MEX,233,77477,29180,146,327,National,Both sexes,Mexico,2010,Indigenous
44.099998474121094,26,12429,MEX,233,43043,29180,146,327,National,Both sexes,Mexico,2010,Not Indigenous or Afro-descendant
47.400001525878906,26,12429,MEX,233,43040,29180,146,327,National,Both sexes,Mexico,2010,Total
57.900001525878906,26,12429,MEX,233,77477,29180,265,327,National,Men,Mexico,2010,Indigenous
43.900001525878906,26,12429,MEX,233,43043,29180,265,327,National,Men,Mexico,2010,Not Indigenous or Afro-descendant
47.099998474121094,26,12429,MEX,233,43040,29180,265,327,National,Men,Mexico,2010,Total
58.900001525878906,26,12429,MEX,233,77477,29180,266,327,National,Women,Mexico,2010,Indigenous
44.29999923706055,26,12429,MEX,233,43043,29180,266,327,National,Women,Mexico,2010,Not Indigenous or Afro-descendant
47.70000076293945,26,12429,MEX,233,43040,29180,266,327,National,Women,Mexico,2010,Total
67.9000015258789,26,12429,MEX,233,77477,29180,146,331,Rural,Both sexes,Mexico,2010,Indigenous
58.70000076293945,26,12429,MEX,233,43043,29180,146,331,Rural,Both sexes,Mexico,2010,Not Indigenous or Afro-descendant
62.29999923706055,26,12429,MEX,233,43040,29180,146,331,Rural,Both sexes,Mexico,2010,Total
67.9000015258789,26,12429,MEX,233,77477,29180,265,331,Rural,Men,Mexico,2010,Indigenous
57.900001525878906,26,12429,MEX,233,43043,29180,265,331,Rural,Men,Mexico,2010,Not Indigenous or Afro-descendant
61.900001525878906,26,12429,MEX,233,43040,29180,265,331,Rural,Men,Mexico,2010,Total
67.9000015258789,26,12429,MEX,233,77477,29180,266,331,Rural,Women,Mexico,2010,Indigenous
59.400001525878906,26,12429,MEX,233,43043,29180,266,331,Rural,Women,Mexico,2010,Not Indigenous or Afro-descendant
62.79999923706055,26,12429,MEX,233,43040,29180,266,331,Rural,Women,Mexico,2010,Total
52.29999923706055,26,12429,MEX,233,77477,29180,146,330,Urban,Both sexes,Mexico,2010,Indigenous
40.79999923706055,26,12429,MEX,233,43043,29180,146,330,Urban,Both sexes,Mexico,2010,Not Indigenous or Afro-descendant
43,26,12429,MEX,233,43040,29180,146,330,Urban,Both sexes,Mexico,2010,Total
51.400001525878906,26,12429,MEX,233,77477,29180,265,330,Urban,Men,Mexico,2010,Indigenous
40.70000076293945,26,12429,MEX,233,43043,29180,265,330,Urban,Men,Mexico,2010,Not Indigenous or Afro-descendant
42.70000076293945,26,12429,MEX,233,43040,29180,265,330,Urban,Men,Mexico,2010,Total
53.20000076293945,26,12429,MEX,233,77477,29180,266,330,Urban,Women,Mexico,2010,Indigenous
41,26,12429,MEX,233,43043,29180,266,330,Urban,Women,Mexico,2010,Not Indigenous or Afro-descendant
43.20000076293945,26,12429,MEX,233,43040,29180,266,330,Urban,Women,Mexico,2010,Total
55.599998474121094,26,12429,MEX,233,77477,29182,146,327,National,Both sexes,Mexico,2012,Indigenous
42.20000076293945,26,12429,MEX,233,43043,29182,146,327,National,Both sexes,Mexico,2012,Not Indigenous or Afro-descendant
45.599998474121094,26,12429,MEX,233,43040,29182,146,327,National,Both sexes,Mexico,2012,Total
55.20000076293945,26,12429,MEX,233,77477,29182,265,327,National,Men,Mexico,2012,Indigenous
41.79999923706055,26,12429,MEX,233,43043,29182,265,327,National,Men,Mexico,2012,Not Indigenous or Afro-descendant
45.099998474121094,26,12429,MEX,233,43040,29182,265,327,National,Men,Mexico,2012,Total
55.900001525878906,26,12429,MEX,233,77477,29182,266,327,National,Women,Mexico,2012,Indigenous
42.599998474121094,26,12429,MEX,233,43043,29182,266,327,National,Women,Mexico,2012,Not Indigenous or Afro-descendant
46,26,12429,MEX,233,43040,29182,266,327,National,Women,Mexico,2012,Total
62.099998474121094,26,12429,MEX,233,77477,29182,146,331,Rural,Both sexes,Mexico,2012,Indigenous
53.900001525878906,26,12429,MEX,233,43043,29182,146,331,Rural,Both sexes,Mexico,2012,Not Indigenous or Afro-descendant
57.20000076293945,26,12429,MEX,233,43040,29182,146,331,Rural,Both sexes,Mexico,2012,Total
61.900001525878906,26,12429,MEX,233,77477,29182,265,331,Rural,Men,Mexico,2012,Indigenous
53.599998474121094,26,12429,MEX,233,43043,29182,265,331,Rural,Men,Mexico,2012,Not Indigenous or Afro-descendant
57,26,12429,MEX,233,43040,29182,265,331,Rural,Men,Mexico,2012,Total
62.400001525878906,26,12429,MEX,233,77477,29182,266,331,Rural,Women,Mexico,2012,Indigenous
54.20000076293945,26,12429,MEX,233,43043,29182,266,331,Rural,Women,Mexico,2012,Not Indigenous or Afro-descendant
57.5,26,12429,MEX,233,43040,29182,266,331,Rural,Women,Mexico,2012,Total
51.599998474121094,26,12429,MEX,233,77477,29182,146,330,Urban,Both sexes,Mexico,2012,Indigenous
39.70000076293945,26,12429,MEX,233,43043,29182,146,330,Urban,Both sexes,Mexico,2012,Not Indigenous or Afro-descendant
42.099998474121094,26,12429,MEX,233,43040,29182,146,330,Urban,Both sexes,Mexico,2012,Total
51.099998474121094,26,12429,MEX,233,77477,29182,265,330,Urban,Men,Mexico,2012,Indigenous
39.20000076293945,26,12429,MEX,233,43043,29182,265,330,Urban,Men,Mexico,2012,Not Indigenous or Afro-descendant
41.599998474121094,26,12429,MEX,233,43040,29182,265,330,Urban,Men,Mexico,2012,Total
52.099998474121094,26,12429,MEX,233,77477,29182,266,330,Urban,Women,Mexico,2012,Indigenous
40.099998474121094,26,12429,MEX,233,43043,29182,266,330,Urban,Women,Mexico,2012,Not Indigenous or Afro-descendant
42.599998474121094,26,12429,MEX,233,43040,29182,266,330,Urban,Women,Mexico,2012,Total
54.29999923706055,26,12429,MEX,233,77477,29184,146,327,National,Both sexes,Mexico,2014,Indigenous
41.099998474121094,26,12429,MEX,233,43043,29184,146,327,National,Both sexes,Mexico,2014,Not Indigenous or Afro-descendant
44.5,26,12429,MEX,233,43040,29184,146,327,National,Both sexes,Mexico,2014,Total
54,26,12429,MEX,233,77477,29184,265,327,National,Men,Mexico,2014,Indigenous
40.5,26,12429,MEX,233,43043,29184,265,327,National,Men,Mexico,2014,Not Indigenous or Afro-descendant
43.900001525878906,26,12429,MEX,233,43040,29184,265,327,National,Men,Mexico,2014,Total
54.5,26,12429,MEX,233,77477,29184,266,327,National,Women,Mexico,2014,Indigenous
41.70000076293945,26,12429,MEX,233,43043,29184,266,327,National,Women,Mexico,2014,Not Indigenous or Afro-descendant
45,26,12429,MEX,233,43040,29184,266,327,National,Women,Mexico,2014,Total
61.900001525878906,26,12429,MEX,233,77477,29184,146,331,Rural,Both sexes,Mexico,2014,Indigenous
53.29999923706055,26,12429,MEX,233,43043,29184,146,331,Rural,Both sexes,Mexico,2014,Not Indigenous or Afro-descendant
56.900001525878906,26,12429,MEX,233,43040,29184,146,331,Rural,Both sexes,Mexico,2014,Total
61.900001525878906,26,12429,MEX,233,77477,29184,265,331,Rural,Men,Mexico,2014,Indigenous
53.599998474121094,26,12429,MEX,233,43043,29184,265,331,Rural,Men,Mexico,2014,Not Indigenous or Afro-descendant
57.099998474121094,26,12429,MEX,233,43040,29184,265,331,Rural,Men,Mexico,2014,Total
61.79999923706055,26,12429,MEX,233,77477,29184,266,331,Rural,Women,Mexico,2014,Indigenous
53,26,12429,MEX,233,43043,29184,266,331,Rural,Women,Mexico,2014,Not Indigenous or Afro-descendant
56.70000076293945,26,12429,MEX,233,43040,29184,266,331,Rural,Women,Mexico,2014,Total
49.599998474121094,26,12429,MEX,233,77477,29184,146,330,Urban,Both sexes,Mexico,2014,Indigenous
38.5,26,12429,MEX,233,43043,29184,146,330,Urban,Both sexes,Mexico,2014,Not Indigenous or Afro-descendant
40.70000076293945,26,12429,MEX,233,43040,29184,146,330,Urban,Both sexes,Mexico,2014,Total
48.900001525878906,26,12429,MEX,233,77477,29184,265,330,Urban,Men,Mexico,2014,Indigenous
37.599998474121094,26,12429,MEX,233,43043,29184,265,330,Urban,Men,Mexico,2014,Not Indigenous or Afro-descendant
39.900001525878906,26,12429,MEX,233,43040,29184,265,330,Urban,Men,Mexico,2014,Total
50.20000076293945,26,12429,MEX,233,77477,29184,266,330,Urban,Women,Mexico,2014,Indigenous
39.29999923706055,26,12429,MEX,233,43043,29184,266,330,Urban,Women,Mexico,2014,Not Indigenous or Afro-descendant
41.5,26,12429,MEX,233,43040,29184,266,330,Urban,Women,Mexico,2014,Total
52.70000076293945,26,12428,MEX,233,77477,29186,146,327,National,Both sexes,Mexico,2016,Indigenous
41.900001525878906,26,12428,MEX,233,43043,29186,146,327,National,Both sexes,Mexico,2016,Not Indigenous or Afro-descendant
45.20000076293945,26,12428,MEX,233,43040,29186,146,327,National,Both sexes,Mexico,2016,Total
51.900001525878906,26,12428,MEX,233,77477,29186,265,327,National,Men,Mexico,2016,Indigenous
41.5,26,12428,MEX,233,43043,29186,265,327,National,Men,Mexico,2016,Not Indigenous or Afro-descendant
44.70000076293945,26,12428,MEX,233,43040,29186,265,327,National,Men,Mexico,2016,Total
53.29999923706055,26,12428,MEX,233,77477,29186,266,327,National,Women,Mexico,2016,Indigenous
42.29999923706055,26,12428,MEX,233,43043,29186,266,327,National,Women,Mexico,2016,Not Indigenous or Afro-descendant
45.70000076293945,26,12428,MEX,233,43040,29186,266,327,National,Women,Mexico,2016,Total
59.900001525878906,26,12428,MEX,233,77477,29186,146,331,Rural,Both sexes,Mexico,2016,Indigenous
52.099998474121094,26,12428,MEX,233,43043,29186,146,331,Rural,Both sexes,Mexico,2016,Not Indigenous or Afro-descendant
55.70000076293945,26,12428,MEX,233,43040,29186,146,331,Rural,Both sexes,Mexico,2016,Total
59.5,26,12428,MEX,233,77477,29186,265,331,Rural,Men,Mexico,2016,Indigenous
51.70000076293945,26,12428,MEX,233,43043,29186,265,331,Rural,Men,Mexico,2016,Not Indigenous or Afro-descendant
55.29999923706055,26,12428,MEX,233,43040,29186,265,331,Rural,Men,Mexico,2016,Total
60.20000076293945,26,12428,MEX,233,77477,29186,266,331,Rural,Women,Mexico,2016,Indigenous
52.5,26,12428,MEX,233,43043,29186,266,331,Rural,Women,Mexico,2016,Not Indigenous or Afro-descendant
56.099998474121094,26,12428,MEX,233,43040,29186,266,331,Rural,Women,Mexico,2016,Total
48.79999923706055,26,12428,MEX,233,77477,29186,146,330,Urban,Both sexes,Mexico,2016,Indigenous
39.79999923706055,26,12428,MEX,233,43043,29186,146,330,Urban,Both sexes,Mexico,2016,Not Indigenous or Afro-descendant
42.099998474121094,26,12428,MEX,233,43040,29186,146,330,Urban,Both sexes,Mexico,2016,Total
47.70000076293945,26,12428,MEX,233,77477,29186,265,330,Urban,Men,Mexico,2016,Indigenous
39.29999923706055,26,12428,MEX,233,43043,29186,265,330,Urban,Men,Mexico,2016,Not Indigenous or Afro-descendant
41.5,26,12428,MEX,233,43040,29186,265,330,Urban,Men,Mexico,2016,Total
49.70000076293945,26,12428,MEX,233,77477,29186,266,330,Urban,Women,Mexico,2016,Indigenous
40.20000076293945,26,12428,MEX,233,43043,29186,266,330,Urban,Women,Mexico,2016,Not Indigenous or Afro-descendant
42.599998474121094,26,12428,MEX,233,43040,29186,266,330,Urban,Women,Mexico,2016,Total
52.79999923706055,26,12428,MEX,233,77477,29188,146,327,National,Both sexes,Mexico,2018,Indigenous
41.20000076293945,26,12428,MEX,233,43043,29188,146,327,National,Both sexes,Mexico,2018,Not Indigenous or Afro-descendant
44.79999923706055,26,12428,MEX,233,43040,29188,146,327,National,Both sexes,Mexico,2018,Total
52.099998474121094,26,12428,MEX,233,77477,29188,265,327,National,Men,Mexico,2018,Indigenous
40.900001525878906,26,12428,MEX,233,43043,29188,265,327,National,Men,Mexico,2018,Not Indigenous or Afro-descendant
44.29999923706055,26,12428,MEX,233,43040,29188,265,327,National,Men,Mexico,2018,Total
53.400001525878906,26,12428,MEX,233,77477,29188,266,327,National,Women,Mexico,2018,Indigenous
41.5,26,12428,MEX,233,43043,29188,266,327,National,Women,Mexico,2018,Not Indigenous or Afro-descendant
45.099998474121094,26,12428,MEX,233,43040,29188,266,327,National,Women,Mexico,2018,Total
59.099998474121094,26,12428,MEX,233,77477,29188,146,331,Rural,Both sexes,Mexico,2018,Indigenous
50.79999923706055,26,12428,MEX,233,43043,29188,146,331,Rural,Both sexes,Mexico,2018,Not Indigenous or Afro-descendant
54.5,26,12428,MEX,233,43040,29188,146,331,Rural,Both sexes,Mexico,2018,Total
59,26,12428,MEX,233,77477,29188,265,331,Rural,Men,Mexico,2018,Indigenous
50.400001525878906,26,12428,MEX,233,43043,29188,265,331,Rural,Men,Mexico,2018,Not Indigenous or Afro-descendant
54.20000076293945,26,12428,MEX,233,43040,29188,265,331,Rural,Men,Mexico,2018,Total
59.20000076293945,26,12428,MEX,233,77477,29188,266,331,Rural,Women,Mexico,2018,Indigenous
51.29999923706055,26,12428,MEX,233,43043,29188,266,331,Rural,Women,Mexico,2018,Not Indigenous or Afro-descendant
54.900001525878906,26,12428,MEX,233,43040,29188,266,331,Rural,Women,Mexico,2018,Total
49.20000076293945,26,12428,MEX,233,77477,29188,146,330,Urban,Both sexes,Mexico,2018,Indigenous
39,26,12428,MEX,233,43043,29188,146,330,Urban,Both sexes,Mexico,2018,Not Indigenous or Afro-descendant
41.599998474121094,26,12428,MEX,233,43040,29188,146,330,Urban,Both sexes,Mexico,2018,Total
48.20000076293945,26,12428,MEX,233,77477,29188,265,330,Urban,Men,Mexico,2018,Indigenous
38.599998474121094,26,12428,MEX,233,43043,29188,265,330,Urban,Men,Mexico,2018,Not Indigenous or Afro-descendant
41.099998474121094,26,12428,MEX,233,43040,29188,265,330,Urban,Men,Mexico,2018,Total
50.20000076293945,26,12428,MEX,233,77477,29188,266,330,Urban,Women,Mexico,2018,Indigenous
39.20000076293945,26,12428,MEX,233,43043,29188,266,330,Urban,Women,Mexico,2018,Not Indigenous or Afro-descendant
42.099998474121094,26,12428,MEX,233,43040,29188,266,330,Urban,Women,Mexico,2018,Total
49.400001525878906,26,12428,MEX,233,77477,29190,146,327,National,Both sexes,Mexico,2020,Indigenous
39.5,26,12428,MEX,233,43043,29190,146,327,National,Both sexes,Mexico,2020,Not Indigenous or Afro-descendant
42.5,26,12428,MEX,233,43040,29190,146,327,National,Both sexes,Mexico,2020,Total
48.900001525878906,26,12428,MEX,233,77477,29190,265,327,National,Men,Mexico,2020,Indigenous
39.099998474121094,26,12428,MEX,233,43043,29190,265,327,National,Men,Mexico,2020,Not Indigenous or Afro-descendant
42.099998474121094,26,12428,MEX,233,43040,29190,265,327,National,Men,Mexico,2020,Total
49.900001525878906,26,12428,MEX,233,77477,29190,266,327,National,Women,Mexico,2020,Indigenous
39.900001525878906,26,12428,MEX,233,43043,29190,266,327,National,Women,Mexico,2020,Not Indigenous or Afro-descendant
42.900001525878906,26,12428,MEX,233,43040,29190,266,327,National,Women,Mexico,2020,Total
57,26,12428,MEX,233,77477,29190,146,331,Rural,Both sexes,Mexico,2020,Indigenous
49.29999923706055,26,12428,MEX,233,43043,29190,146,331,Rural,Both sexes,Mexico,2020,Not Indigenous or Afro-descendant
52.900001525878906,26,12428,MEX,233,43040,29190,146,331,Rural,Both sexes,Mexico,2020,Total
56.29999923706055,26,12428,MEX,233,77477,29190,265,331,Rural,Men,Mexico,2020,Indigenous
48.5,26,12428,MEX,233,43043,29190,265,331,Rural,Men,Mexico,2020,Not Indigenous or Afro-descendant
52.20000076293945,26,12428,MEX,233,43040,29190,265,331,Rural,Men,Mexico,2020,Total
57.70000076293945,26,12428,MEX,233,77477,29190,266,331,Rural,Women,Mexico,2020,Indigenous
49.900001525878906,26,12428,MEX,233,43043,29190,266,331,Rural,Women,Mexico,2020,Not Indigenous or Afro-descendant
53.599998474121094,26,12428,MEX,233,43040,29190,266,331,Rural,Women,Mexico,2020,Total
45.20000076293945,26,12428,MEX,233,77477,29190,146,330,Urban,Both sexes,Mexico,2020,Indigenous
37.5,26,12428,MEX,233,43043,29190,146,330,Urban,Both sexes,Mexico,2020,Not Indigenous or Afro-descendant
39.400001525878906,26,12428,MEX,233,43040,29190,146,330,Urban,Both sexes,Mexico,2020,Total
44.79999923706055,26,12428,MEX,233,77477,29190,265,330,Urban,Men,Mexico,2020,Indigenous
37.099998474121094,26,12428,MEX,233,43043,29190,265,330,Urban,Men,Mexico,2020,Not Indigenous or Afro-descendant
39,26,12428,MEX,233,43040,29190,265,330,Urban,Men,Mexico,2020,Total
45.599998474121094,26,12428,MEX,233,77477,29190,266,330,Urban,Women,Mexico,2020,Indigenous
37.900001525878906,26,12428,MEX,233,43043,29190,266,330,Urban,Women,Mexico,2020,Not Indigenous or Afro-descendant
39.79999923706055,26,12428,MEX,233,43040,29190,266,330,Urban,Women,Mexico,2020,Total
49.599998474121094,26,12428,MEX,233,77477,29192,146,327,National,Both sexes,Mexico,2022,Indigenous
38,26,12428,MEX,233,43043,29192,146,327,National,Both sexes,Mexico,2022,Not Indigenous or Afro-descendant
41.20000076293945,26,12428,MEX,233,43040,29192,146,327,National,Both sexes,Mexico,2022,Total
48.70000076293945,26,12428,MEX,233,77477,29192,265,327,National,Men,Mexico,2022,Indigenous
37.400001525878906,26,12428,MEX,233,43043,29192,265,327,National,Men,Mexico,2022,Not Indigenous or Afro-descendant
40.599998474121094,26,12428,MEX,233,43040,29192,265,327,National,Men,Mexico,2022,Total
50.400001525878906,26,12428,MEX,233,77477,29192,266,327,National,Women,Mexico,2022,Indigenous
38.599998474121094,26,12428,MEX,233,43043,29192,266,327,National,Women,Mexico,2022,Not Indigenous or Afro-descendant
41.79999923706055,26,12428,MEX,233,43040,29192,266,327,National,Women,Mexico,2022,Total
53.599998474121094,26,12428,MEX,233,77477,29192,146,331,Rural,Both sexes,Mexico,2022,Indigenous
46.70000076293945,26,12428,MEX,233,43043,29192,146,331,Rural,Both sexes,Mexico,2022,Not Indigenous or Afro-descendant
49.70000076293945,26,12428,MEX,233,43040,29192,146,331,Rural,Both sexes,Mexico,2022,Total
53.099998474121094,26,12428,MEX,233,77477,29192,265,331,Rural,Men,Mexico,2022,Indigenous
46.20000076293945,26,12428,MEX,233,43043,29192,265,331,Rural,Men,Mexico,2022,Not Indigenous or Afro-descendant
49.20000076293945,26,12428,MEX,233,43040,29192,265,331,Rural,Men,Mexico,2022,Total
54.099998474121094,26,12428,MEX,233,77477,29192,266,331,Rural,Women,Mexico,2022,Indigenous
47.20000076293945,26,12428,MEX,233,43043,29192,266,331,Rural,Women,Mexico,2022,Not Indigenous or Afro-descendant
50.20000076293945,26,12428,MEX,233,43040,29192,266,331,Rural,Women,Mexico,2022,Total
47,26,12428,MEX,233,77477,29192,146,330,Urban,Both sexes,Mexico,2022,Indigenous
36,26,12428,MEX,233,43043,29192,146,330,Urban,Both sexes,Mexico,2022,Not Indigenous or Afro-descendant
38.5,26,12428,MEX,233,43040,29192,146,330,Urban,Both sexes,Mexico,2022,Total
46,26,12428,MEX,233,77477,29192,265,330,Urban,Men,Mexico,2022,Indigenous
35.29999923706055,26,12428,MEX,233,43043,29192,265,330,Urban,Men,Mexico,2022,Not Indigenous or Afro-descendant
37.70000076293945,26,12428,MEX,233,43040,29192,265,330,Urban,Men,Mexico,2022,Total
48,26,12428,MEX,233,77477,29192,266,330,Urban,Women,Mexico,2022,Indigenous
36.599998474121094,26,12428,MEX,233,43043,29192,266,330,Urban,Women,Mexico,2022,Not Indigenous or Afro-descendant
39.20000076293945,26,12428,MEX,233,43040,29192,266,330,Urban,Women,Mexico,2022,Total
49.900001525878906,26,12428,MEX,233,77477,29194,146,327,National,Both sexes,Mexico,2024,Indigenous
36.79999923706055,26,12428,MEX,233,43043,29194,146,327,National,Both sexes,Mexico,2024,Not Indigenous or Afro-descendant
40,26,12428,MEX,233,43040,29194,146,327,National,Both sexes,Mexico,2024,Total
49.5,26,12428,MEX,233,77477,29194,265,327,National,Men,Mexico,2024,Indigenous
36,26,12428,MEX,233,43043,29194,265,327,National,Men,Mexico,2024,Not Indigenous or Afro-descendant
39.20000076293945,26,12428,MEX,233,43040,29194,265,327,National,Men,Mexico,2024,Total
50.29999923706055,26,12428,MEX,233,77477,29194,266,327,National,Women,Mexico,2024,Indigenous
37.599998474121094,26,12428,MEX,233,43043,29194,266,327,National,Women,Mexico,2024,Not Indigenous or Afro-descendant
40.70000076293945,26,12428,MEX,233,43040,29194,266,327,National,Women,Mexico,2024,Total
55.099998474121094,26,12428,MEX,233,77477,29194,146,331,Rural,Both sexes,Mexico,2024,Indigenous
45.099998474121094,26,12428,MEX,233,43043,29194,146,331,Rural,Both sexes,Mexico,2024,Not Indigenous or Afro-descendant
49.5,26,12428,MEX,233,43040,29194,146,331,Rural,Both sexes,Mexico,2024,Total
54.5,26,12428,MEX,233,77477,29194,265,331,Rural,Men,Mexico,2024,Indigenous
44.5,26,12428,MEX,233,43043,29194,265,331,Rural,Men,Mexico,2024,Not Indigenous or Afro-descendant
48.900001525878906,26,12428,MEX,233,43040,29194,265,331,Rural,Men,Mexico,2024,Total
55.599998474121094,26,12428,MEX,233,77477,29194,266,331,Rural,Women,Mexico,2024,Indigenous
45.70000076293945,26,12428,MEX,233,43043,29194,266,331,Rural,Women,Mexico,2024,Not Indigenous or Afro-descendant
50.099998474121094,26,12428,MEX,233,43040,29194,266,331,Rural,Women,Mexico,2024,Total
46.5,26,12428,MEX,233,77477,29194,146,330,Urban,Both sexes,Mexico,2024,Indigenous
35.29999923706055,26,12428,MEX,233,43043,29194,146,330,Urban,Both sexes,Mexico,2024,Not Indigenous or Afro-descendant
37.29999923706055,26,12428,MEX,233,43040,29194,146,330,Urban,Both sexes,Mexico,2024,Total
46.099998474121094,26,12428,MEX,233,77477,29194,265,330,Urban,Men,Mexico,2024,Indigenous
34.400001525878906,26,12428,MEX,233,43043,29194,265,330,Urban,Men,Mexico,2024,Not Indigenous or Afro-descendant
36.5,26,12428,MEX,233,43040,29194,265,330,Urban,Men,Mexico,2024,Total
46.79999923706055,26,12428,MEX,233,77477,29194,266,330,Urban,Women,Mexico,2024,Indigenous
36.099998474121094,26,12428,MEX,233,43043,29194,266,330,Urban,Women,Mexico,2024,Not Indigenous or Afro-descendant
38.099998474121094,26,12428,MEX,233,43040,29194,266,330,Urban,Women,Mexico,2024,Total
87.9000015258789,26,13639,NIC,240,43044,29171,146,327,National,Both sexes,Nicaragua,2001,Afro-descendant
95.69999694824219,26,,NIC,240,77477,29171,146,327,National,Both sexes,Nicaragua,2001,Indigenous
81.30000305175781,26,,NIC,240,43043,29171,146,327,National,Both sexes,Nicaragua,2001,Not Indigenous or Afro-descendant
81.80000305175781,26,,NIC,240,43040,29171,146,327,National,Both sexes,Nicaragua,2001,Total
88.5999984741211,26,13639,NIC,240,43044,29171,265,327,National,Men,Nicaragua,2001,Afro-descendant
95.69999694824219,26,,NIC,240,77477,29171,265,327,National,Men,Nicaragua,2001,Indigenous
81.69999694824219,26,,NIC,240,43043,29171,265,327,National,Men,Nicaragua,2001,Not Indigenous or Afro-descendant
82.19999694824219,26,,NIC,240,43040,29171,265,327,National,Men,Nicaragua,2001,Total
87.5,26,13639,NIC,240,43044,29171,266,327,National,Women,Nicaragua,2001,Afro-descendant
95.69999694824219,26,,NIC,240,77477,29171,266,327,National,Women,Nicaragua,2001,Indigenous
81,26,,NIC,240,43043,29171,266,327,National,Women,Nicaragua,2001,Not Indigenous or Afro-descendant
81.5,26,,NIC,240,43040,29171,266,327,National,Women,Nicaragua,2001,Total
90.0999984741211,26,13639,NIC,240,43044,29171,146,331,Rural,Both sexes,Nicaragua,2001,Afro-descendant
96.80000305175781,26,,NIC,240,77477,29171,146,331,Rural,Both sexes,Nicaragua,2001,Indigenous
87.0999984741211,26,,NIC,240,43043,29171,146,331,Rural,Both sexes,Nicaragua,2001,Not Indigenous or Afro-descendant
87.69999694824219,26,,NIC,240,43040,29171,146,331,Rural,Both sexes,Nicaragua,2001,Total
81.9000015258789,26,13639,NIC,240,43044,29171,265,331,Rural,Men,Nicaragua,2001,Afro-descendant
96.5,26,,NIC,240,77477,29171,265,331,Rural,Men,Nicaragua,2001,Indigenous
87.30000305175781,26,,NIC,240,43043,29171,265,331,Rural,Men,Nicaragua,2001,Not Indigenous or Afro-descendant
87.9000015258789,26,,NIC,240,43040,29171,265,331,Rural,Men,Nicaragua,2001,Total
95.80000305175781,26,13639,NIC,240,43044,29171,266,331,Rural,Women,Nicaragua,2001,Afro-descendant
97.19999694824219,26,,NIC,240,77477,29171,266,331,Rural,Women,Nicaragua,2001,Indigenous
86.9000015258789,26,,NIC,240,43043,29171,266,331,Rural,Women,Nicaragua,2001,Not Indigenous or Afro-descendant
87.5999984741211,26,,NIC,240,43040,29171,266,331,Rural,Women,Nicaragua,2001,Total
86.9000015258789,26,13639,NIC,240,43044,29171,146,330,Urban,Both sexes,Nicaragua,2001,Afro-descendant
92.19999694824219,26,,NIC,240,77477,29171,146,330,Urban,Both sexes,Nicaragua,2001,Indigenous
77.30000305175781,26,,NIC,240,43043,29171,146,330,Urban,Both sexes,Nicaragua,2001,Not Indigenous or Afro-descendant
77.5999984741211,26,,NIC,240,43040,29171,146,330,Urban,Both sexes,Nicaragua,2001,Total
92,26,13639,NIC,240,43044,29171,265,330,Urban,Men,Nicaragua,2001,Afro-descendant
93,26,,NIC,240,77477,29171,265,330,Urban,Men,Nicaragua,2001,Indigenous
77.5,26,,NIC,240,43043,29171,265,330,Urban,Men,Nicaragua,2001,Not Indigenous or Afro-descendant
77.69999694824219,26,,NIC,240,43040,29171,265,330,Urban,Men,Nicaragua,2001,Total
83.4000015258789,26,13639,NIC,240,43044,29171,266,330,Urban,Women,Nicaragua,2001,Afro-descendant
91.4000015258789,26,,NIC,240,77477,29171,266,330,Urban,Women,Nicaragua,2001,Indigenous
77.19999694824219,26,,NIC,240,43043,29171,266,330,Urban,Women,Nicaragua,2001,Not Indigenous or Afro-descendant
77.4000015258789,26,,NIC,240,43040,29171,266,330,Urban,Women,Nicaragua,2001,Total
63.79999923706055,26,,NIC,240,43044,29175,146,327,National,Both sexes,Nicaragua,2005,Afro-descendant
86.69999694824219,26,,NIC,240,77477,29175,146,327,National,Both sexes,Nicaragua,2005,Indigenous
73.69999694824219,26,,NIC,240,43043,29175,146,327,National,Both sexes,Nicaragua,2005,Not Indigenous or Afro-descendant
74.19999694824219,26,,NIC,240,43040,29175,146,327,National,Both sexes,Nicaragua,2005,Total
66.5,26,,NIC,240,43044,29175,265,327,National,Men,Nicaragua,2005,Afro-descendant
85.9000015258789,26,,NIC,240,77477,29175,265,327,National,Men,Nicaragua,2005,Indigenous
74,26,,NIC,240,43043,29175,265,327,National,Men,Nicaragua,2005,Not Indigenous or Afro-descendant
74.4000015258789,26,,NIC,240,43040,29175,265,327,National,Men,Nicaragua,2005,Total
61.29999923706055,26,,NIC,240,43044,29175,266,327,National,Women,Nicaragua,2005,Afro-descendant
87.5999984741211,26,,NIC,240,77477,29175,266,327,National,Women,Nicaragua,2005,Indigenous
73.5,26,,NIC,240,43043,29175,266,327,National,Women,Nicaragua,2005,Not Indigenous or Afro-descendant
73.9000015258789,26,,NIC,240,43040,29175,266,327,National,Women,Nicaragua,2005,Total
87.4000015258789,26,,NIC,240,43044,29175,146,331,Rural,Both sexes,Nicaragua,2005,Afro-descendant
88.69999694824219,26,,NIC,240,77477,29175,146,331,Rural,Both sexes,Nicaragua,2005,Indigenous
79.80000305175781,26,,NIC,240,43043,29175,146,331,Rural,Both sexes,Nicaragua,2005,Not Indigenous or Afro-descendant
80.4000015258789,26,,NIC,240,43040,29175,146,331,Rural,Both sexes,Nicaragua,2005,Total
84.5,26,13639,NIC,240,43044,29175,265,331,Rural,Men,Nicaragua,2005,Afro-descendant
87.80000305175781,26,,NIC,240,77477,29175,265,331,Rural,Men,Nicaragua,2005,Indigenous
79.4000015258789,26,,NIC,240,43043,29175,265,331,Rural,Men,Nicaragua,2005,Not Indigenous or Afro-descendant
79.9000015258789,26,,NIC,240,43040,29175,265,331,Rural,Men,Nicaragua,2005,Total
91,26,13639,NIC,240,43044,29175,266,331,Rural,Women,Nicaragua,2005,Afro-descendant
89.69999694824219,26,,NIC,240,77477,29175,266,331,Rural,Women,Nicaragua,2005,Indigenous
80.30000305175781,26,,NIC,240,43043,29175,266,331,Rural,Women,Nicaragua,2005,Not Indigenous or Afro-descendant
80.9000015258789,26,,NIC,240,43040,29175,266,331,Rural,Women,Nicaragua,2005,Total
56.5,26,,NIC,240,43044,29175,146,330,Urban,Both sexes,Nicaragua,2005,Afro-descendant
81.69999694824219,26,,NIC,240,77477,29175,146,330,Urban,Both sexes,Nicaragua,2005,Indigenous
69.0999984741211,26,,NIC,240,43043,29175,146,330,Urban,Both sexes,Nicaragua,2005,Not Indigenous or Afro-descendant
69.19999694824219,26,,NIC,240,43040,29175,146,330,Urban,Both sexes,Nicaragua,2005,Total
59.599998474121094,26,,NIC,240,43044,29175,265,330,Urban,Men,Nicaragua,2005,Afro-descendant
80.69999694824219,26,,NIC,240,77477,29175,265,330,Urban,Men,Nicaragua,2005,Indigenous
69.5,26,,NIC,240,43043,29175,265,330,Urban,Men,Nicaragua,2005,Not Indigenous or Afro-descendant
69.5999984741211,26,,NIC,240,43040,29175,265,330,Urban,Men,Nicaragua,2005,Total
54,26,,NIC,240,43044,29175,266,330,Urban,Women,Nicaragua,2005,Afro-descendant
82.5999984741211,26,,NIC,240,77477,29175,266,330,Urban,Women,Nicaragua,2005,Indigenous
68.69999694824219,26,,NIC,240,43043,29175,266,330,Urban,Women,Nicaragua,2005,Not Indigenous or Afro-descendant
68.80000305175781,26,,NIC,240,43040,29175,266,330,Urban,Women,Nicaragua,2005,Total
38.099998474121094,26,,NIC,240,43044,29184,146,327,National,Both sexes,Nicaragua,2014,Afro-descendant
72.30000305175781,26,,NIC,240,77477,29184,146,327,National,Both sexes,Nicaragua,2014,Indigenous
58.599998474121094,26,,NIC,240,43043,29184,146,327,National,Both sexes,Nicaragua,2014,Not Indigenous or Afro-descendant
59.29999923706055,26,,NIC,240,43040,29184,146,327,National,Both sexes,Nicaragua,2014,Total
39.70000076293945,26,,NIC,240,43044,29184,265,327,National,Men,Nicaragua,2014,Afro-descendant
73.5,26,,NIC,240,77477,29184,265,327,National,Men,Nicaragua,2014,Indigenous
58.70000076293945,26,,NIC,240,43043,29184,265,327,National,Men,Nicaragua,2014,Not Indigenous or Afro-descendant
59.5,26,,NIC,240,43040,29184,265,327,National,Men,Nicaragua,2014,Total
36.900001525878906,26,,NIC,240,43044,29184,266,327,National,Women,Nicaragua,2014,Afro-descendant
71.19999694824219,26,,NIC,240,77477,29184,266,327,National,Women,Nicaragua,2014,Indigenous
58.5,26,,NIC,240,43043,29184,266,327,National,Women,Nicaragua,2014,Not Indigenous or Afro-descendant
59.099998474121094,26,,NIC,240,43040,29184,266,327,National,Women,Nicaragua,2014,Total
3.5,26,13639,NIC,240,43044,29184,146,331,Rural,Both sexes,Nicaragua,2014,Afro-descendant
78.9000015258789,26,,NIC,240,77477,29184,146,331,Rural,Both sexes,Nicaragua,2014,Indigenous
63.29999923706055,26,,NIC,240,43043,29184,146,331,Rural,Both sexes,Nicaragua,2014,Not Indigenous or Afro-descendant
64.19999694824219,26,,NIC,240,43040,29184,146,331,Rural,Both sexes,Nicaragua,2014,Total
5.699999809265137,26,13639,NIC,240,43044,29184,265,331,Rural,Men,Nicaragua,2014,Afro-descendant
79.9000015258789,26,,NIC,240,77477,29184,265,331,Rural,Men,Nicaragua,2014,Indigenous
63,26,,NIC,240,43043,29184,265,331,Rural,Men,Nicaragua,2014,Not Indigenous or Afro-descendant
64,26,,NIC,240,43040,29184,265,331,Rural,Men,Nicaragua,2014,Total
2,26,13639,NIC,240,43044,29184,266,331,Rural,Women,Nicaragua,2014,Afro-descendant
77.80000305175781,26,,NIC,240,77477,29184,266,331,Rural,Women,Nicaragua,2014,Indigenous
63.70000076293945,26,,NIC,240,43043,29184,266,331,Rural,Women,Nicaragua,2014,Not Indigenous or Afro-descendant
64.4000015258789,26,,NIC,240,43040,29184,266,331,Rural,Women,Nicaragua,2014,Total
41.900001525878906,26,,NIC,240,43044,29184,146,330,Urban,Both sexes,Nicaragua,2014,Afro-descendant
66.80000305175781,26,,NIC,240,77477,29184,146,330,Urban,Both sexes,Nicaragua,2014,Indigenous
55.20000076293945,26,,NIC,240,43043,29184,146,330,Urban,Both sexes,Nicaragua,2014,Not Indigenous or Afro-descendant
55.70000076293945,26,,NIC,240,43040,29184,146,330,Urban,Both sexes,Nicaragua,2014,Total
43,26,,NIC,240,43044,29184,265,330,Urban,Men,Nicaragua,2014,Afro-descendant
67.19999694824219,26,,NIC,240,77477,29184,265,330,Urban,Men,Nicaragua,2014,Indigenous
55.400001525878906,26,,NIC,240,43043,29184,265,330,Urban,Men,Nicaragua,2014,Not Indigenous or Afro-descendant
55.900001525878906,26,,NIC,240,43040,29184,265,330,Urban,Men,Nicaragua,2014,Total
40.900001525878906,26,,NIC,240,43044,29184,266,330,Urban,Women,Nicaragua,2014,Afro-descendant
66.5,26,,NIC,240,77477,29184,266,330,Urban,Women,Nicaragua,2014,Indigenous
55,26,,NIC,240,43043,29184,266,330,Urban,Women,Nicaragua,2014,Not Indigenous or Afro-descendant
55.5,26,,NIC,240,43040,29184,266,330,Urban,Women,Nicaragua,2014,Total
25.799999237060547,26,10360,PAN,241,43044,29185,146,327,National,Both sexes,Panama,2015,Afro-descendant
72.69999694824219,26,10360,PAN,241,77477,29185,146,327,National,Both sexes,Panama,2015,Indigenous
25.700000762939453,26,10360,PAN,241,43043,29185,146,327,National,Both sexes,Panama,2015,Not Indigenous or Afro-descendant
32.599998474121094,26,10360,PAN,241,43040,29185,146,327,National,Both sexes,Panama,2015,Total
24.799999237060547,26,10360,PAN,241,43044,29185,265,327,National,Men,Panama,2015,Afro-descendant
72.30000305175781,26,10360,PAN,241,77477,29185,265,327,National,Men,Panama,2015,Indigenous
25.5,26,10360,PAN,241,43043,29185,265,327,National,Men,Panama,2015,Not Indigenous or Afro-descendant
32.29999923706055,26,10360,PAN,241,43040,29185,265,327,National,Men,Panama,2015,Total
26.700000762939453,26,10360,PAN,241,43044,29185,266,327,National,Women,Panama,2015,Afro-descendant
73.19999694824219,26,10360,PAN,241,77477,29185,266,327,National,Women,Panama,2015,Indigenous
25.899999618530273,26,10360,PAN,241,43043,29185,266,327,National,Women,Panama,2015,Not Indigenous or Afro-descendant
32.79999923706055,26,10360,PAN,241,43040,29185,266,327,National,Women,Panama,2015,Total
28.600000381469727,26,10360,PAN,241,43044,29185,146,331,Rural,Both sexes,Panama,2015,Afro-descendant
80.5,26,10360,PAN,241,77477,29185,146,331,Rural,Both sexes,Panama,2015,Indigenous
29.899999618530273,26,10360,PAN,241,43043,29185,146,331,Rural,Both sexes,Panama,2015,Not Indigenous or Afro-descendant
45.099998474121094,26,10360,PAN,241,43040,29185,146,331,Rural,Both sexes,Panama,2015,Total
26.899999618530273,26,10360,PAN,241,43044,29185,265,331,Rural,Men,Panama,2015,Afro-descendant
79.69999694824219,26,10360,PAN,241,77477,29185,265,331,Rural,Men,Panama,2015,Indigenous
29.899999618530273,26,10360,PAN,241,43043,29185,265,331,Rural,Men,Panama,2015,Not Indigenous or Afro-descendant
44.5,26,10360,PAN,241,43040,29185,265,331,Rural,Men,Panama,2015,Total
30.5,26,10360,PAN,241,43044,29185,266,331,Rural,Women,Panama,2015,Afro-descendant
81.30000305175781,26,10360,PAN,241,77477,29185,266,331,Rural,Women,Panama,2015,Indigenous
30,26,10360,PAN,241,43043,29185,266,331,Rural,Women,Panama,2015,Not Indigenous or Afro-descendant
45.79999923706055,26,10360,PAN,241,43040,29185,266,331,Rural,Women,Panama,2015,Total
25.100000381469727,26,10360,PAN,241,43044,29185,146,330,Urban,Both sexes,Panama,2015,Afro-descendant
55.900001525878906,26,10360,PAN,241,77477,29185,146,330,Urban,Both sexes,Panama,2015,Indigenous
24,26,10360,PAN,241,43043,29185,146,330,Urban,Both sexes,Panama,2015,Not Indigenous or Afro-descendant
26.399999618530273,26,10360,PAN,241,43040,29185,146,330,Urban,Both sexes,Panama,2015,Total
24.299999237060547,26,10360,PAN,241,43044,29185,265,330,Urban,Men,Panama,2015,Afro-descendant
55.5,26,10360,PAN,241,77477,29185,265,330,Urban,Men,Panama,2015,Indigenous
23.700000762939453,26,10360,PAN,241,43043,29185,265,330,Urban,Men,Panama,2015,Not Indigenous or Afro-descendant
26,26,10360,PAN,241,43040,29185,265,330,Urban,Men,Panama,2015,Total
25.899999618530273,26,10360,PAN,241,43044,29185,266,330,Urban,Women,Panama,2015,Afro-descendant
56.29999923706055,26,10360,PAN,241,77477,29185,266,330,Urban,Women,Panama,2015,Indigenous
24.399999618530273,26,10360,PAN,241,43043,29185,266,330,Urban,Women,Panama,2015,Not Indigenous or Afro-descendant
26.799999237060547,26,10360,PAN,241,43040,29185,266,330,Urban,Women,Panama,2015,Total
27.399999618530273,26,10360,PAN,241,43044,29186,146,327,National,Both sexes,Panama,2016,Afro-descendant
71.4000015258789,26,10360,PAN,241,77477,29186,146,327,National,Both sexes,Panama,2016,Indigenous
25.5,26,10360,PAN,241,43043,29186,146,327,National,Both sexes,Panama,2016,Not Indigenous or Afro-descendant
32.5,26,10360,PAN,241,43040,29186,146,327,National,Both sexes,Panama,2016,Total
26.100000381469727,26,10360,PAN,241,43044,29186,265,327,National,Men,Panama,2016,Afro-descendant
70.0999984741211,26,10360,PAN,241,77477,29186,265,327,National,Men,Panama,2016,Indigenous
24.600000381469727,26,10360,PAN,241,43043,29186,265,327,National,Men,Panama,2016,Not Indigenous or Afro-descendant
31.299999237060547,26,10360,PAN,241,43040,29186,265,327,National,Men,Panama,2016,Total
28.600000381469727,26,10360,PAN,241,43044,29186,266,327,National,Women,Panama,2016,Afro-descendant
72.5999984741211,26,10360,PAN,241,77477,29186,266,327,National,Women,Panama,2016,Indigenous
26.5,26,10360,PAN,241,43043,29186,266,327,National,Women,Panama,2016,Not Indigenous or Afro-descendant
33.599998474121094,26,10360,PAN,241,43040,29186,266,327,National,Women,Panama,2016,Total
28.100000381469727,26,10360,PAN,241,43044,29186,146,331,Rural,Both sexes,Panama,2016,Afro-descendant
80.4000015258789,26,10360,PAN,241,77477,29186,146,331,Rural,Both sexes,Panama,2016,Indigenous
31,26,10360,PAN,241,43043,29186,146,331,Rural,Both sexes,Panama,2016,Not Indigenous or Afro-descendant
45.5,26,10360,PAN,241,43040,29186,146,331,Rural,Both sexes,Panama,2016,Total
24.600000381469727,26,10360,PAN,241,43044,29186,265,331,Rural,Men,Panama,2016,Afro-descendant
79.0999984741211,26,10360,PAN,241,77477,29186,265,331,Rural,Men,Panama,2016,Indigenous
30.200000762939453,26,10360,PAN,241,43043,29186,265,331,Rural,Men,Panama,2016,Not Indigenous or Afro-descendant
43.70000076293945,26,10360,PAN,241,43040,29186,265,331,Rural,Men,Panama,2016,Total
32,26,10360,PAN,241,43044,29186,266,331,Rural,Women,Panama,2016,Afro-descendant
81.5999984741211,26,10360,PAN,241,77477,29186,266,331,Rural,Women,Panama,2016,Indigenous
31.899999618530273,26,10360,PAN,241,43043,29186,266,331,Rural,Women,Panama,2016,Not Indigenous or Afro-descendant
47.29999923706055,26,10360,PAN,241,43040,29186,266,331,Rural,Women,Panama,2016,Total
27.200000762939453,26,10360,PAN,241,43044,29186,146,330,Urban,Both sexes,Panama,2016,Afro-descendant
53.29999923706055,26,10360,PAN,241,77477,29186,146,330,Urban,Both sexes,Panama,2016,Indigenous
23.299999237060547,26,10360,PAN,241,43043,29186,146,330,Urban,Both sexes,Panama,2016,Not Indigenous or Afro-descendant
26.200000762939453,26,10360,PAN,241,43040,29186,146,330,Urban,Both sexes,Panama,2016,Total
26.399999618530273,26,10360,PAN,241,43044,29186,265,330,Urban,Men,Panama,2016,Afro-descendant
51.70000076293945,26,10360,PAN,241,77477,29186,265,330,Urban,Men,Panama,2016,Indigenous
22.200000762939453,26,10360,PAN,241,43043,29186,265,330,Urban,Men,Panama,2016,Not Indigenous or Afro-descendant
25.100000381469727,26,10360,PAN,241,43040,29186,265,330,Urban,Men,Panama,2016,Total
27.899999618530273,26,10360,PAN,241,43044,29186,266,330,Urban,Women,Panama,2016,Afro-descendant
54.70000076293945,26,10360,PAN,241,77477,29186,266,330,Urban,Women,Panama,2016,Indigenous
24.399999618530273,26,10360,PAN,241,43043,29186,266,330,Urban,Women,Panama,2016,Not Indigenous or Afro-descendant
27.299999237060547,26,10360,PAN,241,43040,29186,266,330,Urban,Women,Panama,2016,Total
27.399999618530273,26,10360,PAN,241,43044,29187,146,327,National,Both sexes,Panama,2017,Afro-descendant
75.5,26,10360,PAN,241,77477,29187,146,327,National,Both sexes,Panama,2017,Indigenous
23.899999618530273,26,10360,PAN,241,43043,29187,146,327,National,Both sexes,Panama,2017,Not Indigenous or Afro-descendant
31.700000762939453,26,10360,PAN,241,43040,29187,146,327,National,Both sexes,Panama,2017,Total
26.100000381469727,26,10360,PAN,241,43044,29187,265,327,National,Men,Panama,2017,Afro-descendant
74.30000305175781,26,10360,PAN,241,77477,29187,265,327,National,Men,Panama,2017,Indigenous
23.399999618530273,26,10360,PAN,241,43043,29187,265,327,National,Men,Panama,2017,Not Indigenous or Afro-descendant
31,26,10360,PAN,241,43040,29187,265,327,National,Men,Panama,2017,Total
28.700000762939453,26,10360,PAN,241,43044,29187,266,327,National,Women,Panama,2017,Afro-descendant
76.5999984741211,26,10360,PAN,241,77477,29187,266,327,National,Women,Panama,2017,Indigenous
24.399999618530273,26,10360,PAN,241,43043,29187,266,327,National,Women,Panama,2017,Not Indigenous or Afro-descendant
32.5,26,10360,PAN,241,43040,29187,266,327,National,Women,Panama,2017,Total
25.200000762939453,26,10360,PAN,241,43044,29187,146,331,Rural,Both sexes,Panama,2017,Afro-descendant
82.5,26,10360,PAN,241,77477,29187,146,331,Rural,Both sexes,Panama,2017,Indigenous
28.899999618530273,26,10360,PAN,241,43043,29187,146,331,Rural,Both sexes,Panama,2017,Not Indigenous or Afro-descendant
44.79999923706055,26,10360,PAN,241,43040,29187,146,331,Rural,Both sexes,Panama,2017,Total
23.100000381469727,26,10360,PAN,241,43044,29187,265,331,Rural,Men,Panama,2017,Afro-descendant
81.69999694824219,26,10360,PAN,241,77477,29187,265,331,Rural,Men,Panama,2017,Indigenous
28,26,10360,PAN,241,43043,29187,265,331,Rural,Men,Panama,2017,Not Indigenous or Afro-descendant
43.20000076293945,26,10360,PAN,241,43040,29187,265,331,Rural,Men,Panama,2017,Total
27.5,26,10360,PAN,241,43044,29187,266,331,Rural,Women,Panama,2017,Afro-descendant
83.19999694824219,26,10360,PAN,241,77477,29187,266,331,Rural,Women,Panama,2017,Indigenous
29.899999618530273,26,10360,PAN,241,43043,29187,266,331,Rural,Women,Panama,2017,Not Indigenous or Afro-descendant
46.5,26,10360,PAN,241,43040,29187,266,331,Rural,Women,Panama,2017,Total
27.899999618530273,26,10360,PAN,241,43044,29187,146,330,Urban,Both sexes,Panama,2017,Afro-descendant
59.900001525878906,26,10360,PAN,241,77477,29187,146,330,Urban,Both sexes,Panama,2017,Indigenous
22,26,10360,PAN,241,43043,29187,146,330,Urban,Both sexes,Panama,2017,Not Indigenous or Afro-descendant
25.600000381469727,26,10360,PAN,241,43040,29187,146,330,Urban,Both sexes,Panama,2017,Total
26.899999618530273,26,10360,PAN,241,43044,29187,265,330,Urban,Men,Panama,2017,Afro-descendant
58.20000076293945,26,10360,PAN,241,77477,29187,265,330,Urban,Men,Panama,2017,Indigenous
21.5,26,10360,PAN,241,43043,29187,265,330,Urban,Men,Panama,2017,Not Indigenous or Afro-descendant
24.899999618530273,26,10360,PAN,241,43040,29187,265,330,Urban,Men,Panama,2017,Total
28.899999618530273,26,10360,PAN,241,43044,29187,266,330,Urban,Women,Panama,2017,Afro-descendant
61.599998474121094,26,10360,PAN,241,77477,29187,266,330,Urban,Women,Panama,2017,Indigenous
22.5,26,10360,PAN,241,43043,29187,266,330,Urban,Women,Panama,2017,Not Indigenous or Afro-descendant
26.200000762939453,26,10360,PAN,241,43040,29187,266,330,Urban,Women,Panama,2017,Total
27.700000762939453,26,10360,PAN,241,43044,29188,146,327,National,Both sexes,Panama,2018,Afro-descendant
75.4000015258789,26,10360,PAN,241,77477,29188,146,327,National,Both sexes,Panama,2018,Indigenous
25.100000381469727,26,10360,PAN,241,43043,29188,146,327,National,Both sexes,Panama,2018,Not Indigenous or Afro-descendant
32.29999923706055,26,10360,PAN,241,43040,29188,146,327,National,Both sexes,Panama,2018,Total
26.200000762939453,26,10360,PAN,241,43044,29188,265,327,National,Men,Panama,2018,Afro-descendant
73.5,26,10360,PAN,241,77477,29188,265,327,National,Men,Panama,2018,Indigenous
24.700000762939453,26,10360,PAN,241,43043,29188,265,327,National,Men,Panama,2018,Not Indigenous or Afro-descendant
31.5,26,10360,PAN,241,43040,29188,265,327,National,Men,Panama,2018,Total
29.299999237060547,26,10360,PAN,241,43044,29188,266,327,National,Women,Panama,2018,Afro-descendant
77.30000305175781,26,10360,PAN,241,77477,29188,266,327,National,Women,Panama,2018,Indigenous
25.5,26,10360,PAN,241,43043,29188,266,327,National,Women,Panama,2018,Not Indigenous or Afro-descendant
33.099998474121094,26,10360,PAN,241,43040,29188,266,327,National,Women,Panama,2018,Total
26.799999237060547,26,10360,PAN,241,43044,29188,146,331,Rural,Both sexes,Panama,2018,Afro-descendant
81.30000305175781,26,10360,PAN,241,77477,29188,146,331,Rural,Both sexes,Panama,2018,Indigenous
29.899999618530273,26,10360,PAN,241,43043,29188,146,331,Rural,Both sexes,Panama,2018,Not Indigenous or Afro-descendant
44.70000076293945,26,10360,PAN,241,43040,29188,146,331,Rural,Both sexes,Panama,2018,Total
26.5,26,10360,PAN,241,43044,29188,265,331,Rural,Men,Panama,2018,Afro-descendant
80.30000305175781,26,10360,PAN,241,77477,29188,265,331,Rural,Men,Panama,2018,Indigenous
28.399999618530273,26,10360,PAN,241,43043,29188,265,331,Rural,Men,Panama,2018,Not Indigenous or Afro-descendant
42.599998474121094,26,10360,PAN,241,43040,29188,265,331,Rural,Men,Panama,2018,Total
27.200000762939453,26,10360,PAN,241,43044,29188,266,331,Rural,Women,Panama,2018,Afro-descendant
82.0999984741211,26,10360,PAN,241,77477,29188,266,331,Rural,Women,Panama,2018,Indigenous
31.5,26,10360,PAN,241,43043,29188,266,331,Rural,Women,Panama,2018,Not Indigenous or Afro-descendant
46.900001525878906,26,10360,PAN,241,43040,29188,266,331,Rural,Women,Panama,2018,Total
27.899999618530273,26,10360,PAN,241,43044,29188,146,330,Urban,Both sexes,Panama,2018,Afro-descendant
62.900001525878906,26,10360,PAN,241,77477,29188,146,330,Urban,Both sexes,Panama,2018,Indigenous
23.299999237060547,26,10360,PAN,241,43043,29188,146,330,Urban,Both sexes,Panama,2018,Not Indigenous or Afro-descendant
26.600000381469727,26,10360,PAN,241,43040,29188,146,330,Urban,Both sexes,Panama,2018,Total
26.100000381469727,26,10360,PAN,241,43044,29188,265,330,Urban,Men,Panama,2018,Afro-descendant
59.79999923706055,26,10360,PAN,241,77477,29188,265,330,Urban,Men,Panama,2018,Indigenous
23.200000762939453,26,10360,PAN,241,43043,29188,265,330,Urban,Men,Panama,2018,Not Indigenous or Afro-descendant
26.100000381469727,26,10360,PAN,241,43040,29188,265,330,Urban,Men,Panama,2018,Total
29.600000381469727,26,10360,PAN,241,43044,29188,266,330,Urban,Women,Panama,2018,Afro-descendant
66.19999694824219,26,10360,PAN,241,77477,29188,266,330,Urban,Women,Panama,2018,Indigenous
23.399999618530273,26,10360,PAN,241,43043,29188,266,330,Urban,Women,Panama,2018,Not Indigenous or Afro-descendant
27.100000381469727,26,10360,PAN,241,43040,29188,266,330,Urban,Women,Panama,2018,Total
24.799999237060547,26,10360,PAN,241,43044,29189,146,327,National,Both sexes,Panama,2019,Afro-descendant
73,26,10360,PAN,241,77477,29189,146,327,National,Both sexes,Panama,2019,Indigenous
23.600000381469727,26,10360,PAN,241,43043,29189,146,327,National,Both sexes,Panama,2019,Not Indigenous or Afro-descendant
31.200000762939453,26,10360,PAN,241,43040,29189,146,327,National,Both sexes,Panama,2019,Total
23.399999618530273,26,10360,PAN,241,43044,29189,265,327,National,Men,Panama,2019,Afro-descendant
72.4000015258789,26,10360,PAN,241,77477,29189,265,327,National,Men,Panama,2019,Indigenous
23.399999618530273,26,10360,PAN,241,43043,29189,265,327,National,Men,Panama,2019,Not Indigenous or Afro-descendant
30.700000762939453,26,10360,PAN,241,43040,29189,265,327,National,Men,Panama,2019,Total
26.200000762939453,26,10360,PAN,241,43044,29189,266,327,National,Women,Panama,2019,Afro-descendant
73.69999694824219,26,10360,PAN,241,77477,29189,266,327,National,Women,Panama,2019,Indigenous
23.799999237060547,26,10360,PAN,241,43043,29189,266,327,National,Women,Panama,2019,Not Indigenous or Afro-descendant
31.700000762939453,26,10360,PAN,241,43040,29189,266,327,National,Women,Panama,2019,Total
28.899999618530273,26,10360,PAN,241,43044,29189,146,331,Rural,Both sexes,Panama,2019,Afro-descendant
77.69999694824219,26,10360,PAN,241,77477,29189,146,331,Rural,Both sexes,Panama,2019,Indigenous
26.899999618530273,26,10360,PAN,241,43043,29189,146,331,Rural,Both sexes,Panama,2019,Not Indigenous or Afro-descendant
43.29999923706055,26,10360,PAN,241,43040,29189,146,331,Rural,Both sexes,Panama,2019,Total
26.899999618530273,26,10360,PAN,241,43044,29189,265,331,Rural,Men,Panama,2019,Afro-descendant
77.5999984741211,26,10360,PAN,241,77477,29189,265,331,Rural,Men,Panama,2019,Indigenous
26.299999237060547,26,10360,PAN,241,43043,29189,265,331,Rural,Men,Panama,2019,Not Indigenous or Afro-descendant
41.900001525878906,26,10360,PAN,241,43040,29189,265,331,Rural,Men,Panama,2019,Total
31.5,26,10360,PAN,241,43044,29189,266,331,Rural,Women,Panama,2019,Afro-descendant
77.80000305175781,26,10360,PAN,241,77477,29189,266,331,Rural,Women,Panama,2019,Indigenous
27.600000381469727,26,10360,PAN,241,43043,29189,266,331,Rural,Women,Panama,2019,Not Indigenous or Afro-descendant
44.70000076293945,26,10360,PAN,241,43040,29189,266,331,Rural,Women,Panama,2019,Total
23.799999237060547,26,10360,PAN,241,43044,29189,146,330,Urban,Both sexes,Panama,2019,Afro-descendant
63.70000076293945,26,10360,PAN,241,77477,29189,146,330,Urban,Both sexes,Panama,2019,Indigenous
22.399999618530273,26,10360,PAN,241,43043,29189,146,330,Urban,Both sexes,Panama,2019,Not Indigenous or Afro-descendant
25.700000762939453,26,10360,PAN,241,43040,29189,146,330,Urban,Both sexes,Panama,2019,Total
22.5,26,10360,PAN,241,43044,29189,265,330,Urban,Men,Panama,2019,Afro-descendant
62.5,26,10360,PAN,241,77477,29189,265,330,Urban,Men,Panama,2019,Indigenous
22.299999237060547,26,10360,PAN,241,43043,29189,265,330,Urban,Men,Panama,2019,Not Indigenous or Afro-descendant
25.399999618530273,26,10360,PAN,241,43040,29189,265,330,Urban,Men,Panama,2019,Total
25,26,10360,PAN,241,43044,29189,266,330,Urban,Women,Panama,2019,Afro-descendant
65,26,10360,PAN,241,77477,29189,266,330,Urban,Women,Panama,2019,Indigenous
22.5,26,10360,PAN,241,43043,29189,266,330,Urban,Women,Panama,2019,Not Indigenous or Afro-descendant
26.100000381469727,26,10360,PAN,241,43040,29189,266,330,Urban,Women,Panama,2019,Total
19.899999618530273,26,10360,PAN,241,43044,29191,146,327,National,Both sexes,Panama,2021,Afro-descendant
71,26,10360,PAN,241,77477,29191,146,327,National,Both sexes,Panama,2021,Indigenous
20.799999237060547,26,10360,PAN,241,43043,29191,146,327,National,Both sexes,Panama,2021,Not Indigenous or Afro-descendant
27.600000381469727,26,10360,PAN,241,43040,29191,146,327,National,Both sexes,Panama,2021,Total
19.100000381469727,26,10360,PAN,241,43044,29191,265,327,National,Men,Panama,2021,Afro-descendant
70.30000305175781,26,10360,PAN,241,77477,29191,265,327,National,Men,Panama,2021,Indigenous
20.799999237060547,26,10360,PAN,241,43043,29191,265,327,National,Men,Panama,2021,Not Indigenous or Afro-descendant
27.600000381469727,26,10360,PAN,241,43040,29191,265,327,National,Men,Panama,2021,Total
20.600000381469727,26,10360,PAN,241,43044,29191,266,327,National,Women,Panama,2021,Afro-descendant
71.9000015258789,26,10360,PAN,241,77477,29191,266,327,National,Women,Panama,2021,Indigenous
20.799999237060547,26,10360,PAN,241,43043,29191,266,327,National,Women,Panama,2021,Not Indigenous or Afro-descendant
27.700000762939453,26,10360,PAN,241,43040,29191,266,327,National,Women,Panama,2021,Total
20.100000381469727,26,10360,PAN,241,43044,29191,146,331,Rural,Both sexes,Panama,2021,Afro-descendant
80.30000305175781,26,10360,PAN,241,77477,29191,146,331,Rural,Both sexes,Panama,2021,Indigenous
26.5,26,10360,PAN,241,43043,29191,146,331,Rural,Both sexes,Panama,2021,Not Indigenous or Afro-descendant
42.79999923706055,26,10360,PAN,241,43040,29191,146,331,Rural,Both sexes,Panama,2021,Total
19.600000381469727,26,10360,PAN,241,43044,29191,265,331,Rural,Men,Panama,2021,Afro-descendant
80.0999984741211,26,10360,PAN,241,77477,29191,265,331,Rural,Men,Panama,2021,Indigenous
25.700000762939453,26,10360,PAN,241,43043,29191,265,331,Rural,Men,Panama,2021,Not Indigenous or Afro-descendant
46.5,26,8649,PER,244,43040,29175,266,327,National,Women,Peru,2005,Total
53.29999923706055,26,8649,PER,244,77477,29175,146,331,Rural,Both sexes,Peru,2005,Indigenous
61.29999923706055,26,8649,PER,244,43043,29175,146,331,Rural,Both sexes,Peru,2005,Not Indigenous or Afro-descendant
58.29999923706055,26,8649,PER,244,43040,29175,146,331,Rural,Both sexes,Peru,2005,Total
53,26,8649,PER,244,77477,29175,265,331,Rural,Men,Peru,2005,Indigenous
61,26,8649,PER,244,43043,29175,265,331,Rural,Men,Peru,2005,Not Indigenous or Afro-descendant
58.099998474121094,26,8649,PER,244,43040,29175,265,331,Rural,Men,Peru,2005,Total
53.599998474121094,26,8649,PER,244,77477,29175,266,331,Rural,Women,Peru,2005,Indigenous
61.599998474121094,26,8649,PER,244,43043,29175,266,331,Rural,Women,Peru,2005,Not Indigenous or Afro-descendant
58.599998474121094,26,8649,PER,244,43040,29175,266,331,Rural,Women,Peru,2005,Total
43.70000076293945,26,8649,PER,244,77477,29175,146,330,Urban,Both sexes,Peru,2005,Indigenous
41.70000076293945,26,8649,PER,244,43043,29175,146,330,Urban,Both sexes,Peru,2005,Not Indigenous or Afro-descendant
41.900001525878906,26,8649,PER,244,43040,29175,146,330,Urban,Both sexes,Peru,2005,Total
42.79999923706055,26,8649,PER,244,77477,29175,265,330,Urban,Men,Peru,2005,Indigenous
42,26,8649,PER,244,43043,29175,265,330,Urban,Men,Peru,2005,Not Indigenous or Afro-descendant
42.099998474121094,26,8649,PER,244,43040,29175,265,330,Urban,Men,Peru,2005,Total
44.5,26,8649,PER,244,77477,29175,266,330,Urban,Women,Peru,2005,Indigenous
41.400001525878906,26,8649,PER,244,43043,29175,266,330,Urban,Women,Peru,2005,Not Indigenous or Afro-descendant
41.70000076293945,26,8649,PER,244,43040,29175,266,330,Urban,Women,Peru,2005,Total
48.5,26,8649,PER,244,77477,29176,146,327,National,Both sexes,Peru,2006,Indigenous
44.79999923706055,26,8649,PER,244,43043,29176,146,327,National,Both sexes,Peru,2006,Not Indigenous or Afro-descendant
45.5,26,8649,PER,244,43040,29176,146,327,National,Both sexes,Peru,2006,Total
48.79999923706055,26,8649,PER,244,77477,29176,265,327,National,Men,Peru,2006,Indigenous
45,26,8649,PER,244,43043,29176,265,327,National,Men,Peru,2006,Not Indigenous or Afro-descendant
45.599998474121094,26,8649,PER,244,43040,29176,265,327,National,Men,Peru,2006,Total
48.29999923706055,26,8649,PER,244,77477,29176,266,327,National,Women,Peru,2006,Indigenous
44.599998474121094,26,8649,PER,244,43043,29176,266,327,National,Women,Peru,2006,Not Indigenous or Afro-descendant
45.29999923706055,26,8649,PER,244,43040,29176,266,327,National,Women,Peru,2006,Total
51.900001525878906,26,8649,PER,244,77477,29176,146,331,Rural,Both sexes,Peru,2006,Indigenous
57.79999923706055,26,8649,PER,244,43043,29176,146,331,Rural,Both sexes,Peru,2006,Not Indigenous or Afro-descendant
55.599998474121094,26,8649,PER,244,43040,29176,146,331,Rural,Both sexes,Peru,2006,Total
52.400001525878906,26,8649,PER,244,77477,29176,265,331,Rural,Men,Peru,2006,Indigenous
57.70000076293945,26,8649,PER,244,43043,29176,265,331,Rural,Men,Peru,2006,Not Indigenous or Afro-descendant
55.79999923706055,26,8649,PER,244,43040,29176,265,331,Rural,Men,Peru,2006,Total
51.5,26,8649,PER,244,77477,29176,266,331,Rural,Women,Peru,2006,Indigenous
57.900001525878906,26,8649,PER,244,43043,29176,266,331,Rural,Women,Peru,2006,Not Indigenous or Afro-descendant
55.400001525878906,26,8649,PER,244,43040,29176,266,331,Rural,Women,Peru,2006,Total
43.79999923706055,26,8649,PER,244,77477,29176,146,330,Urban,Both sexes,Peru,2006,Indigenous
41.29999923706055,26,8649,PER,244,43043,29176,146,330,Urban,Both sexes,Peru,2006,Not Indigenous or Afro-descendant
41.5,26,8649,PER,244,43040,29176,146,330,Urban,Both sexes,Peru,2006,Total
43.29999923706055,26,8649,PER,244,77477,29176,265,330,Urban,Men,Peru,2006,Indigenous
41.29999923706055,26,8649,PER,244,43043,29176,265,330,Urban,Men,Peru,2006,Not Indigenous or Afro-descendant
41.5,26,8649,PER,244,43040,29176,265,330,Urban,Men,Peru,2006,Total
44.099998474121094,26,8649,PER,244,77477,29176,266,330,Urban,Women,Peru,2006,Indigenous
41.20000076293945,26,8649,PER,244,43043,29176,266,330,Urban,Women,Peru,2006,Not Indigenous or Afro-descendant
41.5,26,8649,PER,244,43040,29176,266,330,Urban,Women,Peru,2006,Total
46.29999923706055,26,8649,PER,244,77477,29177,146,327,National,Both sexes,Peru,2007,Indigenous
44.400001525878906,26,8649,PER,244,43043,29177,146,327,National,Both sexes,Peru,2007,Not Indigenous or Afro-descendant
44.70000076293945,26,8649,PER,244,43040,29177,146,327,National,Both sexes,Peru,2007,Total
46.20000076293945,26,8649,PER,244,77477,29177,265,327,National,Men,Peru,2007,Indigenous
44.5,26,8649,PER,244,43043,29177,265,327,National,Men,Peru,2007,Not Indigenous or Afro-descendant
44.79999923706055,26,8649,PER,244,43040,29177,265,327,National,Men,Peru,2007,Total
46.29999923706055,26,8649,PER,244,77477,29177,266,327,National,Women,Peru,2007,Indigenous
44.20000076293945,26,8649,PER,244,43043,29177,266,327,National,Women,Peru,2007,Not Indigenous or Afro-descendant
44.599998474121094,26,8649,PER,244,43040,29177,266,327,National,Women,Peru,2007,Total
47.79999923706055,26,8649,PER,244,77477,29177,146,331,Rural,Both sexes,Peru,2007,Indigenous
56.79999923706055,26,8649,PER,244,43043,29177,146,331,Rural,Both sexes,Peru,2007,Not Indigenous or Afro-descendant
53.400001525878906,26,8649,PER,244,43040,29177,146,331,Rural,Both sexes,Peru,2007,Total
47.900001525878906,26,8649,PER,244,77477,29177,265,331,Rural,Men,Peru,2007,Indigenous
55.599998474121094,26,8649,PER,244,43043,29177,265,331,Rural,Men,Peru,2007,Not Indigenous or Afro-descendant
52.79999923706055,26,8649,PER,244,43040,29177,265,331,Rural,Men,Peru,2007,Total
47.70000076293945,26,8649,PER,244,77477,29177,266,331,Rural,Women,Peru,2007,Indigenous
58,26,8649,PER,244,43043,29177,266,331,Rural,Women,Peru,2007,Not Indigenous or Afro-descendant
54,26,8649,PER,244,43040,29177,266,331,Rural,Women,Peru,2007,Total
44.20000076293945,26,8649,PER,244,77477,29177,146,330,Urban,Both sexes,Peru,2007,Indigenous
41.099998474121094,26,8649,PER,244,43043,29177,146,330,Urban,Both sexes,Peru,2007,Not Indigenous or Afro-descendant
41.400001525878906,26,8649,PER,244,43040,29177,146,330,Urban,Both sexes,Peru,2007,Total
43.79999923706055,26,8649,PER,244,77477,29177,265,330,Urban,Men,Peru,2007,Indigenous
41.400001525878906,26,8649,PER,244,43043,29177,265,330,Urban,Men,Peru,2007,Not Indigenous or Afro-descendant
41.599998474121094,26,8649,PER,244,43040,29177,265,330,Urban,Men,Peru,2007,Total
44.5,26,8649,PER,244,77477,29177,266,330,Urban,Women,Peru,2007,Indigenous
40.79999923706055,26,8649,PER,244,43043,29177,266,330,Urban,Women,Peru,2007,Not Indigenous or Afro-descendant
41.20000076293945,26,8649,PER,244,43040,29177,266,330,Urban,Women,Peru,2007,Total
45.29999923706055,26,8649,PER,244,77477,29178,146,327,National,Both sexes,Peru,2008,Indigenous
44,26,8649,PER,244,43043,29178,146,327,National,Both sexes,Peru,2008,Not Indigenous or Afro-descendant
44.20000076293945,26,8649,PER,244,43040,29178,146,327,National,Both sexes,Peru,2008,Total
44.900001525878906,26,8649,PER,244,77477,29178,265,327,National,Men,Peru,2008,Indigenous
44.099998474121094,26,8649,PER,244,43043,29178,265,327,National,Men,Peru,2008,Not Indigenous or Afro-descendant
44.20000076293945,26,8649,PER,244,43040,29178,265,327,National,Men,Peru,2008,Total
45.79999923706055,26,8649,PER,244,77477,29178,266,327,National,Women,Peru,2008,Indigenous
42,26,10360,PAN,241,43040,29191,265,331,Rural,Men,Panama,2021,Total
20.799999237060547,26,10360,PAN,241,43044,29191,266,331,Rural,Women,Panama,2021,Afro-descendant
80.5999984741211,26,10360,PAN,241,77477,29191,266,331,Rural,Women,Panama,2021,Indigenous
27.299999237060547,26,10360,PAN,241,43043,29191,266,331,Rural,Women,Panama,2021,Not Indigenous or Afro-descendant
43.70000076293945,26,10360,PAN,241,43040,29191,266,331,Rural,Women,Panama,2021,Total
19.799999237060547,26,10360,PAN,241,43044,29191,146,330,Urban,Both sexes,Panama,2021,Afro-descendant
50.099998474121094,26,10360,PAN,241,77477,29191,146,330,Urban,Both sexes,Panama,2021,Indigenous
18.799999237060547,26,10360,PAN,241,43043,29191,146,330,Urban,Both sexes,Panama,2021,Not Indigenous or Afro-descendant
21.100000381469727,26,10360,PAN,241,43040,29191,146,330,Urban,Both sexes,Panama,2021,Total
19,26,10360,PAN,241,43044,29191,265,330,Urban,Men,Panama,2021,Afro-descendant
49,26,10360,PAN,241,77477,29191,265,330,Urban,Men,Panama,2021,Indigenous
19,26,10360,PAN,241,43043,29191,265,330,Urban,Men,Panama,2021,Not Indigenous or Afro-descendant
21,26,10360,PAN,241,43040,29191,265,330,Urban,Men,Panama,2021,Total
20.5,26,10360,PAN,241,43044,29191,266,330,Urban,Women,Panama,2021,Afro-descendant
51.400001525878906,26,10360,PAN,241,77477,29191,266,330,Urban,Women,Panama,2021,Indigenous
18.600000381469727,26,10360,PAN,241,43043,29191,266,330,Urban,Women,Panama,2021,Not Indigenous or Afro-descendant
21.100000381469727,26,10360,PAN,241,43040,29191,266,330,Urban,Women,Panama,2021,Total
19.799999237060547,26,10360,PAN,241,43044,29192,146,327,National,Both sexes,Panama,2022,Afro-descendant
71.9000015258789,26,10360,PAN,241,77477,29192,146,327,National,Both sexes,Panama,2022,Indigenous
19,26,10360,PAN,241,43043,29192,146,327,National,Both sexes,Panama,2022,Not Indigenous or Afro-descendant
27.100000381469727,26,10360,PAN,241,43040,29192,146,327,National,Both sexes,Panama,2022,Total
19.299999237060547,26,10360,PAN,241,43044,29192,265,327,National,Men,Panama,2022,Afro-descendant
70.5,26,10360,PAN,241,77477,29192,265,327,National,Men,Panama,2022,Indigenous
18.700000762939453,26,10360,PAN,241,43043,29192,265,327,National,Men,Panama,2022,Not Indigenous or Afro-descendant
26.799999237060547,26,10360,PAN,241,43040,29192,265,327,National,Men,Panama,2022,Total
20.299999237060547,26,10360,PAN,241,43044,29192,266,327,National,Women,Panama,2022,Afro-descendant
73.30000305175781,26,10360,PAN,241,77477,29192,266,327,National,Women,Panama,2022,Indigenous
19.299999237060547,26,10360,PAN,241,43043,29192,266,327,National,Women,Panama,2022,Not Indigenous or Afro-descendant
27.399999618530273,26,10360,PAN,241,43040,29192,266,327,National,Women,Panama,2022,Total
19.200000762939453,26,10360,PAN,241,43044,29192,146,331,Rural,Both sexes,Panama,2022,Afro-descendant
80.4000015258789,26,10360,PAN,241,77477,29192,146,331,Rural,Both sexes,Panama,2022,Indigenous
24.899999618530273,26,10360,PAN,241,43043,29192,146,331,Rural,Both sexes,Panama,2022,Not Indigenous or Afro-descendant
42.20000076293945,26,10360,PAN,241,43040,29192,146,331,Rural,Both sexes,Panama,2022,Total
19.100000381469727,26,10360,PAN,241,43044,29192,265,331,Rural,Men,Panama,2022,Afro-descendant
79.5,26,10360,PAN,241,77477,29192,265,331,Rural,Men,Panama,2022,Indigenous
23.899999618530273,26,10360,PAN,241,43043,29192,265,331,Rural,Men,Panama,2022,Not Indigenous or Afro-descendant
41.29999923706055,26,10360,PAN,241,43040,29192,265,331,Rural,Men,Panama,2022,Total
19.399999618530273,26,10360,PAN,241,43044,29192,266,331,Rural,Women,Panama,2022,Afro-descendant
81.4000015258789,26,10360,PAN,241,77477,29192,266,331,Rural,Women,Panama,2022,Indigenous
25.799999237060547,26,10360,PAN,241,43043,29192,266,331,Rural,Women,Panama,2022,Not Indigenous or Afro-descendant
43.099998474121094,26,10360,PAN,241,43040,29192,266,331,Rural,Women,Panama,2022,Total
19.899999618530273,26,10360,PAN,241,43044,29192,146,330,Urban,Both sexes,Panama,2022,Afro-descendant
55.5,26,10360,PAN,241,77477,29192,146,330,Urban,Both sexes,Panama,2022,Indigenous
17,26,10360,PAN,241,43043,29192,146,330,Urban,Both sexes,Panama,2022,Not Indigenous or Afro-descendant
20.799999237060547,26,10360,PAN,241,43040,29192,146,330,Urban,Both sexes,Panama,2022,Total
19.399999618530273,26,10360,PAN,241,43044,29192,265,330,Urban,Men,Panama,2022,Afro-descendant
52.599998474121094,26,10360,PAN,241,77477,29192,265,330,Urban,Men,Panama,2022,Indigenous
16.799999237060547,26,10360,PAN,241,43043,29192,265,330,Urban,Men,Panama,2022,Not Indigenous or Afro-descendant
20.299999237060547,26,10360,PAN,241,43040,29192,265,330,Urban,Men,Panama,2022,Total
20.5,26,10360,PAN,241,43044,29192,266,330,Urban,Women,Panama,2022,Afro-descendant
58.29999923706055,26,10360,PAN,241,77477,29192,266,330,Urban,Women,Panama,2022,Indigenous
17.299999237060547,26,10360,PAN,241,43043,29192,266,330,Urban,Women,Panama,2022,Not Indigenous or Afro-descendant
21.200000762939453,26,10360,PAN,241,43040,29192,266,330,Urban,Women,Panama,2022,Total
61,26,337,PER,244,77477,29171,146,327,National,Both sexes,Peru,2001,Indigenous
54.900001525878906,26,337,PER,244,43043,29171,146,327,National,Both sexes,Peru,2001,Not Indigenous or Afro-descendant
56.599998474121094,26,337,PER,244,43040,29171,146,327,National,Both sexes,Peru,2001,Total
60.5,26,337,PER,244,77477,29171,265,327,National,Men,Peru,2001,Indigenous
55.099998474121094,26,337,PER,244,43043,29171,265,327,National,Men,Peru,2001,Not Indigenous or Afro-descendant
56.70000076293945,26,337,PER,244,43040,29171,265,327,National,Men,Peru,2001,Total
61.5,26,337,PER,244,77477,29171,266,327,National,Women,Peru,2001,Indigenous
54.70000076293945,26,337,PER,244,43043,29171,266,327,National,Women,Peru,2001,Not Indigenous or Afro-descendant
56.599998474121094,26,337,PER,244,43040,29171,266,327,National,Women,Peru,2001,Total
65.4000015258789,26,337,PER,244,77477,29171,146,331,Rural,Both sexes,Peru,2001,Indigenous
67.69999694824219,26,337,PER,244,43043,29171,146,331,Rural,Both sexes,Peru,2001,Not Indigenous or Afro-descendant
66.69999694824219,26,337,PER,244,43040,29171,146,331,Rural,Both sexes,Peru,2001,Total
65,26,337,PER,244,77477,29171,265,331,Rural,Men,Peru,2001,Indigenous
67.30000305175781,26,337,PER,244,43043,29171,265,331,Rural,Men,Peru,2001,Not Indigenous or Afro-descendant
66.30000305175781,26,337,PER,244,43040,29171,265,331,Rural,Men,Peru,2001,Total
65.80000305175781,26,337,PER,244,77477,29171,266,331,Rural,Women,Peru,2001,Indigenous
68.0999984741211,26,337,PER,244,43043,29171,266,331,Rural,Women,Peru,2001,Not Indigenous or Afro-descendant
67,26,337,PER,244,43040,29171,266,331,Rural,Women,Peru,2001,Total
56.400001525878906,26,337,PER,244,77477,29171,146,330,Urban,Both sexes,Peru,2001,Indigenous
50.79999923706055,26,337,PER,244,43043,29171,146,330,Urban,Both sexes,Peru,2001,Not Indigenous or Afro-descendant
52,26,337,PER,244,43040,29171,146,330,Urban,Both sexes,Peru,2001,Total
55.79999923706055,26,337,PER,244,77477,29171,265,330,Urban,Men,Peru,2001,Indigenous
51,26,337,PER,244,43043,29171,265,330,Urban,Men,Peru,2001,Not Indigenous or Afro-descendant
52,26,337,PER,244,43040,29171,265,330,Urban,Men,Peru,2001,Total
57.099998474121094,26,337,PER,244,77477,29171,266,330,Urban,Women,Peru,2001,Indigenous
50.599998474121094,26,337,PER,244,43043,29171,266,330,Urban,Women,Peru,2001,Not Indigenous or Afro-descendant
51.900001525878906,26,337,PER,244,43040,29171,266,330,Urban,Women,Peru,2001,Total
50.20000076293945,26,8649,PER,244,77477,29174,146,327,National,Both sexes,Peru,2004,Indigenous
47.900001525878906,26,8649,PER,244,43043,29174,146,327,National,Both sexes,Peru,2004,Not Indigenous or Afro-descendant
48.29999923706055,26,8649,PER,244,43040,29174,146,327,National,Both sexes,Peru,2004,Total
49,26,8649,PER,244,77477,29174,265,327,National,Men,Peru,2004,Indigenous
48.20000076293945,26,8649,PER,244,43043,29174,265,327,National,Men,Peru,2004,Not Indigenous or Afro-descendant
48.400001525878906,26,8649,PER,244,43040,29174,265,327,National,Men,Peru,2004,Total
51.400001525878906,26,8649,PER,244,77477,29174,266,327,National,Women,Peru,2004,Indigenous
47.599998474121094,26,8649,PER,244,43043,29174,266,327,National,Women,Peru,2004,Not Indigenous or Afro-descendant
48.29999923706055,26,8649,PER,244,43040,29174,266,327,National,Women,Peru,2004,Total
53.900001525878906,26,8649,PER,244,77477,29174,146,331,Rural,Both sexes,Peru,2004,Indigenous
63.5,26,8649,PER,244,43043,29174,146,331,Rural,Both sexes,Peru,2004,Not Indigenous or Afro-descendant
59.900001525878906,26,8649,PER,244,43040,29174,146,331,Rural,Both sexes,Peru,2004,Total
53.29999923706055,26,8649,PER,244,77477,29174,265,331,Rural,Men,Peru,2004,Indigenous
62.5,26,8649,PER,244,43043,29174,265,331,Rural,Men,Peru,2004,Not Indigenous or Afro-descendant
59.099998474121094,26,8649,PER,244,43040,29174,265,331,Rural,Men,Peru,2004,Total
54.400001525878906,26,8649,PER,244,77477,29174,266,331,Rural,Women,Peru,2004,Indigenous
64.69999694824219,26,8649,PER,244,43043,29174,266,331,Rural,Women,Peru,2004,Not Indigenous or Afro-descendant
60.70000076293945,26,8649,PER,244,43040,29174,266,331,Rural,Women,Peru,2004,Total
44.400001525878906,26,8649,PER,244,77477,29174,146,330,Urban,Both sexes,Peru,2004,Indigenous
43.400001525878906,26,8649,PER,244,43043,29174,146,330,Urban,Both sexes,Peru,2004,Not Indigenous or Afro-descendant
43.5,26,8649,PER,244,43040,29174,146,330,Urban,Both sexes,Peru,2004,Total
41.900001525878906,26,"8649,13639",PER,244,77477,29174,265,330,Urban,Men,Peru,2004,Indigenous
43.79999923706055,26,8649,PER,244,43043,29174,265,330,Urban,Men,Peru,2004,Not Indigenous or Afro-descendant
43.599998474121094,26,8649,PER,244,43040,29174,265,330,Urban,Men,Peru,2004,Total
46.70000076293945,26,"8649,13639",PER,244,77477,29174,266,330,Urban,Women,Peru,2004,Indigenous
42.900001525878906,26,8649,PER,244,43043,29174,266,330,Urban,Women,Peru,2004,Not Indigenous or Afro-descendant
43.29999923706055,26,8649,PER,244,43040,29174,266,330,Urban,Women,Peru,2004,Total
49.5,26,8649,PER,244,77477,29175,146,327,National,Both sexes,Peru,2005,Indigenous
46.099998474121094,26,8649,PER,244,43043,29175,146,327,National,Both sexes,Peru,2005,Not Indigenous or Afro-descendant
46.70000076293945,26,8649,PER,244,43040,29175,146,327,National,Both sexes,Peru,2005,Total
49.099998474121094,26,8649,PER,244,77477,29175,265,327,National,Men,Peru,2005,Indigenous
46.400001525878906,26,8649,PER,244,43043,29175,265,327,National,Men,Peru,2005,Not Indigenous or Afro-descendant
46.900001525878906,26,8649,PER,244,43040,29175,265,327,National,Men,Peru,2005,Total
49.900001525878906,26,8649,PER,244,77477,29175,266,327,National,Women,Peru,2005,Indigenous
45.79999923706055,26,8649,PER,244,43043,29175,266,327,National,Women,Peru,2005,Not Indigenous or Afro-descendant
43.79999923706055,26,8649,PER,244,43043,29178,266,327,National,Women,Peru,2008,Not Indigenous or Afro-descendant
44.20000076293945,26,8649,PER,244,43040,29178,266,327,National,Women,Peru,2008,Total
47.5,26,8649,PER,244,77477,29178,146,331,Rural,Both sexes,Peru,2008,Indigenous
56,26,8649,PER,244,43043,29178,146,331,Rural,Both sexes,Peru,2008,Not Indigenous or Afro-descendant
52.79999923706055,26,8649,PER,244,43040,29178,146,331,Rural,Both sexes,Peru,2008,Total
47.70000076293945,26,8649,PER,244,77477,29178,265,331,Rural,Men,Peru,2008,Indigenous
55.29999923706055,26,8649,PER,244,43043,29178,265,331,Rural,Men,Peru,2008,Not Indigenous or Afro-descendant
52.599998474121094,26,8649,PER,244,43040,29178,265,331,Rural,Men,Peru,2008,Total
47.20000076293945,26,8649,PER,244,77477,29178,266,331,Rural,Women,Peru,2008,Indigenous
56.70000076293945,26,8649,PER,244,43043,29178,266,331,Rural,Women,Peru,2008,Not Indigenous or Afro-descendant
53,26,8649,PER,244,43040,29178,266,331,Rural,Women,Peru,2008,Total
42.400001525878906,26,8649,PER,244,77477,29178,146,330,Urban,Both sexes,Peru,2008,Indigenous
40.79999923706055,26,8649,PER,244,43043,29178,146,330,Urban,Both sexes,Peru,2008,Not Indigenous or Afro-descendant
41,26,8649,PER,244,43040,29178,146,330,Urban,Both sexes,Peru,2008,Total
40.70000076293945,26,8649,PER,244,77477,29178,265,330,Urban,Men,Peru,2008,Indigenous
41,26,8649,PER,244,43043,29178,265,330,Urban,Men,Peru,2008,Not Indigenous or Afro-descendant
40.900001525878906,26,8649,PER,244,43040,29178,265,330,Urban,Men,Peru,2008,Total
43.79999923706055,26,8649,PER,244,77477,29178,266,330,Urban,Women,Peru,2008,Indigenous
40.70000076293945,26,8649,PER,244,43043,29178,266,330,Urban,Women,Peru,2008,Not Indigenous or Afro-descendant
41,26,8649,PER,244,43040,29178,266,330,Urban,Women,Peru,2008,Total
41,26,8649,PER,244,77477,29179,146,327,National,Both sexes,Peru,2009,Indigenous
41.20000076293945,26,8649,PER,244,43043,29179,146,327,National,Both sexes,Peru,2009,Not Indigenous or Afro-descendant
41.20000076293945,26,8649,PER,244,43040,29179,146,327,National,Both sexes,Peru,2009,Total
40.599998474121094,26,8649,PER,244,77477,29179,265,327,National,Men,Peru,2009,Indigenous
41.29999923706055,26,8649,PER,244,43043,29179,265,327,National,Men,Peru,2009,Not Indigenous or Afro-descendant
41.099998474121094,26,8649,PER,244,43040,29179,265,327,National,Men,Peru,2009,Total
41.5,26,8649,PER,244,77477,29179,266,327,National,Women,Peru,2009,Indigenous
41.099998474121094,26,8649,PER,244,43043,29179,266,327,National,Women,Peru,2009,Not Indigenous or Afro-descendant
41.20000076293945,26,8649,PER,244,43040,29179,266,327,National,Women,Peru,2009,Total
44,26,8649,PER,244,77477,29179,146,331,Rural,Both sexes,Peru,2009,Indigenous
54.79999923706055,26,8649,PER,244,43043,29179,146,331,Rural,Both sexes,Peru,2009,Not Indigenous or Afro-descendant
50.79999923706055,26,8649,PER,244,43040,29179,146,331,Rural,Both sexes,Peru,2009,Total
44.599998474121094,26,8649,PER,244,77477,29179,265,331,Rural,Men,Peru,2009,Indigenous
54.29999923706055,26,8649,PER,244,43043,29179,265,331,Rural,Men,Peru,2009,Not Indigenous or Afro-descendant
50.900001525878906,26,8649,PER,244,43040,29179,265,331,Rural,Men,Peru,2009,Total
43.400001525878906,26,8649,PER,244,77477,29179,266,331,Rural,Women,Peru,2009,Indigenous
55.29999923706055,26,8649,PER,244,43043,29179,266,331,Rural,Women,Peru,2009,Not Indigenous or Afro-descendant
50.70000076293945,26,8649,PER,244,43040,29179,266,331,Rural,Women,Peru,2009,Total
37.20000076293945,26,8649,PER,244,77477,29179,146,330,Urban,Both sexes,Peru,2009,Indigenous
37.70000076293945,26,8649,PER,244,43043,29179,146,330,Urban,Both sexes,Peru,2009,Not Indigenous or Afro-descendant
37.70000076293945,26,8649,PER,244,43040,29179,146,330,Urban,Both sexes,Peru,2009,Total
35,26,8649,PER,244,77477,29179,265,330,Urban,Men,Peru,2009,Indigenous
37.70000076293945,26,8649,PER,244,43043,29179,265,330,Urban,Men,Peru,2009,Not Indigenous or Afro-descendant
37.5,26,8649,PER,244,43040,29179,265,330,Urban,Men,Peru,2009,Total
39.099998474121094,26,8649,PER,244,77477,29179,266,330,Urban,Women,Peru,2009,Indigenous
37.79999923706055,26,8649,PER,244,43043,29179,266,330,Urban,Women,Peru,2009,Not Indigenous or Afro-descendant
37.900001525878906,26,8649,PER,244,43040,29179,266,330,Urban,Women,Peru,2009,Total
41.099998474121094,26,8649,PER,244,77477,29180,146,327,National,Both sexes,Peru,2010,Indigenous
40,26,8649,PER,244,43043,29180,146,327,National,Both sexes,Peru,2010,Not Indigenous or Afro-descendant
40.20000076293945,26,8649,PER,244,43040,29180,146,327,National,Both sexes,Peru,2010,Total
40.900001525878906,26,8649,PER,244,77477,29180,265,327,National,Men,Peru,2010,Indigenous
40.099998474121094,26,8649,PER,244,43043,29180,265,327,National,Men,Peru,2010,Not Indigenous or Afro-descendant
40.20000076293945,26,8649,PER,244,43040,29180,265,327,National,Men,Peru,2010,Total
41.29999923706055,26,8649,PER,244,77477,29180,266,327,National,Women,Peru,2010,Indigenous
40,26,8649,PER,244,43043,29180,266,327,National,Women,Peru,2010,Not Indigenous or Afro-descendant
40.20000076293945,26,8649,PER,244,43040,29180,266,327,National,Women,Peru,2010,Total
43.599998474121094,26,8649,PER,244,77477,29180,146,331,Rural,Both sexes,Peru,2010,Indigenous
53.400001525878906,26,8649,PER,244,43043,29180,146,331,Rural,Both sexes,Peru,2010,Not Indigenous or Afro-descendant
49.79999923706055,26,8649,PER,244,43040,29180,146,331,Rural,Both sexes,Peru,2010,Total
43.79999923706055,26,8649,PER,244,77477,29180,265,331,Rural,Men,Peru,2010,Indigenous
53.099998474121094,26,8649,PER,244,43043,29180,265,331,Rural,Men,Peru,2010,Not Indigenous or Afro-descendant
49.79999923706055,26,8649,PER,244,43040,29180,265,331,Rural,Men,Peru,2010,Total
43.5,26,8649,PER,244,77477,29180,266,331,Rural,Women,Peru,2010,Indigenous
53.79999923706055,26,8649,PER,244,43043,29180,266,331,Rural,Women,Peru,2010,Not Indigenous or Afro-descendant
49.900001525878906,26,8649,PER,244,43040,29180,266,331,Rural,Women,Peru,2010,Total
37.79999923706055,26,8649,PER,244,77477,29180,146,330,Urban,Both sexes,Peru,2010,Indigenous
36.70000076293945,26,8649,PER,244,43043,29180,146,330,Urban,Both sexes,Peru,2010,Not Indigenous or Afro-descendant
36.79999923706055,26,8649,PER,244,43040,29180,146,330,Urban,Both sexes,Peru,2010,Total
37.099998474121094,26,8649,PER,244,77477,29180,265,330,Urban,Men,Peru,2010,Indigenous
36.70000076293945,26,8649,PER,244,43043,29180,265,330,Urban,Men,Peru,2010,Not Indigenous or Afro-descendant
36.70000076293945,26,8649,PER,244,43040,29180,265,330,Urban,Men,Peru,2010,Total
38.5,26,8649,PER,244,77477,29180,266,330,Urban,Women,Peru,2010,Indigenous
36.70000076293945,26,8649,PER,244,43043,29180,266,330,Urban,Women,Peru,2010,Not Indigenous or Afro-descendant
36.900001525878906,26,8649,PER,244,43040,29180,266,330,Urban,Women,Peru,2010,Total
39.900001525878906,26,8649,PER,244,77477,29181,146,327,National,Both sexes,Peru,2011,Indigenous
38.5,26,8649,PER,244,43043,29181,146,327,National,Both sexes,Peru,2011,Not Indigenous or Afro-descendant
38.79999923706055,26,8649,PER,244,43040,29181,146,327,National,Both sexes,Peru,2011,Total
39.400001525878906,26,8649,PER,244,77477,29181,265,327,National,Men,Peru,2011,Indigenous
38.79999923706055,26,8649,PER,244,43043,29181,265,327,National,Men,Peru,2011,Not Indigenous or Afro-descendant
38.900001525878906,26,8649,PER,244,43040,29181,265,327,National,Men,Peru,2011,Total
40.400001525878906,26,8649,PER,244,77477,29181,266,327,National,Women,Peru,2011,Indigenous
38.29999923706055,26,8649,PER,244,43043,29181,266,327,National,Women,Peru,2011,Not Indigenous or Afro-descendant
38.70000076293945,26,8649,PER,244,43040,29181,266,327,National,Women,Peru,2011,Total
42.20000076293945,26,8649,PER,244,77477,29181,146,331,Rural,Both sexes,Peru,2011,Indigenous
51.79999923706055,26,8649,PER,244,43043,29181,146,331,Rural,Both sexes,Peru,2011,Not Indigenous or Afro-descendant
48.20000076293945,26,8649,PER,244,43040,29181,146,331,Rural,Both sexes,Peru,2011,Total
42.20000076293945,26,8649,PER,244,77477,29181,265,331,Rural,Men,Peru,2011,Indigenous
51.79999923706055,26,8649,PER,244,43043,29181,265,331,Rural,Men,Peru,2011,Not Indigenous or Afro-descendant
48.29999923706055,26,8649,PER,244,43040,29181,265,331,Rural,Men,Peru,2011,Total
42.20000076293945,26,8649,PER,244,77477,29181,266,331,Rural,Women,Peru,2011,Indigenous
51.900001525878906,26,8649,PER,244,43043,29181,266,331,Rural,Women,Peru,2011,Not Indigenous or Afro-descendant
48.20000076293945,26,8649,PER,244,43040,29181,266,331,Rural,Women,Peru,2011,Total
37.20000076293945,26,8649,PER,244,77477,29181,146,330,Urban,Both sexes,Peru,2011,Indigenous
35.29999923706055,26,8649,PER,244,43043,29181,146,330,Urban,Both sexes,Peru,2011,Not Indigenous or Afro-descendant
35.5,26,8649,PER,244,43040,29181,146,330,Urban,Both sexes,Peru,2011,Total
35.900001525878906,26,8649,PER,244,77477,29181,265,330,Urban,Men,Peru,2011,Indigenous
35.5,26,8649,PER,244,43043,29181,265,330,Urban,Men,Peru,2011,Not Indigenous or Afro-descendant
35.5,26,8649,PER,244,43040,29181,265,330,Urban,Men,Peru,2011,Total
38.29999923706055,26,8649,PER,244,77477,29181,266,330,Urban,Women,Peru,2011,Indigenous
35.20000076293945,26,8649,PER,244,43043,29181,266,330,Urban,Women,Peru,2011,Not Indigenous or Afro-descendant
35.5,26,8649,PER,244,43040,29181,266,330,Urban,Women,Peru,2011,Total
37.400001525878906,26,"8649,13639",PER,244,43044,29182,146,327,National,Both sexes,Peru,2012,Afro-descendant
37.70000076293945,26,8649,PER,244,77477,29182,146,327,National,Both sexes,Peru,2012,Indigenous
34.400001525878906,26,8649,PER,244,43043,29182,146,327,National,Both sexes,Peru,2012,Not Indigenous or Afro-descendant
35.400001525878906,26,8649,PER,244,43040,29182,146,327,National,Both sexes,Peru,2012,Total
35.70000076293945,26,"8649,13639",PER,244,43044,29182,265,327,National,Men,Peru,2012,Afro-descendant
37.5,26,8649,PER,244,77477,29182,265,327,National,Men,Peru,2012,Indigenous
34.099998474121094,26,8649,PER,244,43043,29182,265,327,National,Men,Peru,2012,Not Indigenous or Afro-descendant
35.099998474121094,26,8649,PER,244,43040,29182,265,327,National,Men,Peru,2012,Total
39.400001525878906,26,"8649,13639",PER,244,43044,29182,266,327,National,Women,Peru,2012,Afro-descendant
37.900001525878906,26,8649,PER,244,77477,29182,266,327,National,Women,Peru,2012,Indigenous
34.599998474121094,26,8649,PER,244,43043,29182,266,327,National,Women,Peru,2012,Not Indigenous or Afro-descendant
35.599998474121094,26,8649,PER,244,43040,29182,266,327,National,Women,Peru,2012,Total
40.79999923706055,26,"8649,13639",PER,244,43044,29182,146,331,Rural,Both sexes,Peru,2012,Afro-descendant
39.900001525878906,26,8649,PER,244,77477,29182,146,331,Rural,Both sexes,Peru,2012,Indigenous
47.29999923706055,26,8649,PER,244,43043,29182,146,331,Rural,Both sexes,Peru,2012,Not Indigenous or Afro-descendant
43.5,26,8649,PER,244,43040,29182,146,331,Rural,Both sexes,Peru,2012,Total
41.400001525878906,26,"8649,13639",PER,244,43044,29182,265,331,Rural,Men,Peru,2012,Afro-descendant
40.599998474121094,26,8649,PER,244,77477,29182,265,331,Rural,Men,Peru,2012,Indigenous
46.70000076293945,26,8649,PER,244,43043,29182,265,331,Rural,Men,Peru,2012,Not Indigenous or Afro-descendant
43.599998474121094,26,8649,PER,244,43040,29182,265,331,Rural,Men,Peru,2012,Total
40,26,"8649,13639",PER,244,43044,29182,266,331,Rural,Women,Peru,2012,Afro-descendant
39.29999923706055,26,8649,PER,244,77477,29182,266,331,Rural,Women,Peru,2012,Indigenous
47.900001525878906,26,8649,PER,244,43043,29182,266,331,Rural,Women,Peru,2012,Not Indigenous or Afro-descendant
43.400001525878906,26,8649,PER,244,43040,29182,266,331,Rural,Women,Peru,2012,Total
36.70000076293945,26,"8649,13639",PER,244,43044,29182,146,330,Urban,Both sexes,Peru,2012,Afro-descendant
36.29999923706055,26,8649,PER,244,77477,29182,146,330,Urban,Both sexes,Peru,2012,Indigenous
31.799999237060547,26,8649,PER,244,43043,29182,146,330,Urban,Both sexes,Peru,2012,Not Indigenous or Afro-descendant
32.900001525878906,26,8649,PER,244,43040,29182,146,330,Urban,Both sexes,Peru,2012,Total
34.5,26,"8649,13639",PER,244,43044,29182,265,330,Urban,Men,Peru,2012,Afro-descendant
35.400001525878906,26,8649,PER,244,77477,29182,265,330,Urban,Men,Peru,2012,Indigenous
31.399999618530273,26,8649,PER,244,43043,29182,265,330,Urban,Men,Peru,2012,Not Indigenous or Afro-descendant
32.400001525878906,26,8649,PER,244,43040,29182,265,330,Urban,Men,Peru,2012,Total
39.29999923706055,26,"8649,13639",PER,244,43044,29182,266,330,Urban,Women,Peru,2012,Afro-descendant
37,26,8649,PER,244,77477,29182,266,330,Urban,Women,Peru,2012,Indigenous
32.099998474121094,26,8649,PER,244,43043,29182,266,330,Urban,Women,Peru,2012,Not Indigenous or Afro-descendant
33.400001525878906,26,8649,PER,244,43040,29182,266,330,Urban,Women,Peru,2012,Total
39,26,"8649,13639",PER,244,43044,29183,146,327,National,Both sexes,Peru,2013,Afro-descendant
36.29999923706055,26,8649,PER,244,77477,29183,146,327,National,Both sexes,Peru,2013,Indigenous
33.29999923706055,26,8649,PER,244,43043,29183,146,327,National,Both sexes,Peru,2013,Not Indigenous or Afro-descendant
34.20000076293945,26,8649,PER,244,43040,29183,146,327,National,Both sexes,Peru,2013,Total
39.099998474121094,26,"8649,13639",PER,244,43044,29183,265,327,National,Men,Peru,2013,Afro-descendant
35.70000076293945,26,8649,PER,244,77477,29183,265,327,National,Men,Peru,2013,Indigenous
32.79999923706055,26,8649,PER,244,43043,29183,265,327,National,Men,Peru,2013,Not Indigenous or Afro-descendant
33.599998474121094,26,8649,PER,244,43040,29183,265,327,National,Men,Peru,2013,Total
38.900001525878906,26,"8649,13639",PER,244,43044,29183,266,327,National,Women,Peru,2013,Afro-descendant
36.900001525878906,26,8649,PER,244,77477,29183,266,327,National,Women,Peru,2013,Indigenous
33.79999923706055,26,8649,PER,244,43043,29183,266,327,National,Women,Peru,2013,Not Indigenous or Afro-descendant
34.79999923706055,26,8649,PER,244,43040,29183,266,327,National,Women,Peru,2013,Total
44.099998474121094,26,"8649,13639",PER,244,43044,29183,146,331,Rural,Both sexes,Peru,2013,Afro-descendant
38.099998474121094,26,8649,PER,244,77477,29183,146,331,Rural,Both sexes,Peru,2013,Indigenous
44.400001525878906,26,8649,PER,244,43043,29183,146,331,Rural,Both sexes,Peru,2013,Not Indigenous or Afro-descendant
41.29999923706055,26,8649,PER,244,43040,29183,146,331,Rural,Both sexes,Peru,2013,Total
47.79999923706055,26,"8649,13639",PER,244,43044,29183,265,331,Rural,Men,Peru,2013,Afro-descendant
38.20000076293945,26,8649,PER,244,77477,29183,265,331,Rural,Men,Peru,2013,Indigenous
43.70000076293945,26,8649,PER,244,43043,29183,265,331,Rural,Men,Peru,2013,Not Indigenous or Afro-descendant
41.20000076293945,26,8649,PER,244,43040,29183,265,331,Rural,Men,Peru,2013,Total
40.099998474121094,26,"8649,13639",PER,244,43044,29183,266,331,Rural,Women,Peru,2013,Afro-descendant
38,26,8649,PER,244,77477,29183,266,331,Rural,Women,Peru,2013,Indigenous
45.20000076293945,26,8649,PER,244,43043,29183,266,331,Rural,Women,Peru,2013,Not Indigenous or Afro-descendant
41.5,26,8649,PER,244,43040,29183,266,331,Rural,Women,Peru,2013,Total
37.599998474121094,26,"8649,13639",PER,244,43044,29183,146,330,Urban,Both sexes,Peru,2013,Afro-descendant
35.099998474121094,26,8649,PER,244,77477,29183,146,330,Urban,Both sexes,Peru,2013,Indigenous
31.200000762939453,26,8649,PER,244,43043,29183,146,330,Urban,Both sexes,Peru,2013,Not Indigenous or Afro-descendant
32.099998474121094,26,8649,PER,244,43040,29183,146,330,Urban,Both sexes,Peru,2013,Total
36.79999923706055,26,"8649,13639",PER,244,43044,29183,265,330,Urban,Men,Peru,2013,Afro-descendant
33.900001525878906,26,8649,PER,244,77477,29183,265,330,Urban,Men,Peru,2013,Indigenous
30.5,26,8649,PER,244,43043,29183,265,330,Urban,Men,Peru,2013,Not Indigenous or Afro-descendant
31.299999237060547,26,8649,PER,244,43040,29183,265,330,Urban,Men,Peru,2013,Total
38.599998474121094,26,"8649,13639",PER,244,43044,29183,266,330,Urban,Women,Peru,2013,Afro-descendant
36.29999923706055,26,8649,PER,244,77477,29183,266,330,Urban,Women,Peru,2013,Indigenous
31.799999237060547,26,8649,PER,244,43043,29183,266,330,Urban,Women,Peru,2013,Not Indigenous or Afro-descendant
32.900001525878906,26,8649,PER,244,43040,29183,266,330,Urban,Women,Peru,2013,Total
35.5,26,"8649,13639",PER,244,43044,29184,146,327,National,Both sexes,Peru,2014,Afro-descendant
35.70000076293945,26,8649,PER,244,77477,29184,146,327,National,Both sexes,Peru,2014,Indigenous
31.600000381469727,26,8649,PER,244,43043,29184,146,327,National,Both sexes,Peru,2014,Not Indigenous or Afro-descendant
32.79999923706055,26,8649,PER,244,43040,29184,146,327,National,Both sexes,Peru,2014,Total
32.70000076293945,26,"8649,13639",PER,244,43044,29184,265,327,National,Men,Peru,2014,Afro-descendant
35.5,26,8649,PER,244,77477,29184,265,327,National,Men,Peru,2014,Indigenous
31.600000381469727,26,8649,PER,244,43043,29184,265,327,National,Men,Peru,2014,Not Indigenous or Afro-descendant
32.599998474121094,26,8649,PER,244,43040,29184,265,327,National,Men,Peru,2014,Total
38.70000076293945,26,"8649,13639",PER,244,43044,29184,266,327,National,Women,Peru,2014,Afro-descendant
35.900001525878906,26,8649,PER,244,77477,29184,266,327,National,Women,Peru,2014,Indigenous
31.600000381469727,26,8649,PER,244,43043,29184,266,327,National,Women,Peru,2014,Not Indigenous or Afro-descendant
32.900001525878906,26,8649,PER,244,43040,29184,266,327,National,Women,Peru,2014,Total
35.20000076293945,26,"8649,13639",PER,244,43044,29184,146,331,Rural,Both sexes,Peru,2014,Afro-descendant
36.5,26,8649,PER,244,77477,29184,146,331,Rural,Both sexes,Peru,2014,Indigenous
41.099998474121094,26,8649,PER,244,43043,29184,146,331,Rural,Both sexes,Peru,2014,Not Indigenous or Afro-descendant
38.70000076293945,26,8649,PER,244,43040,29184,146,331,Rural,Both sexes,Peru,2014,Total
35.5,26,"8649,13639",PER,244,43044,29184,265,331,Rural,Men,Peru,2014,Afro-descendant
36.400001525878906,26,8649,PER,244,77477,29184,265,331,Rural,Men,Peru,2014,Indigenous
41,26,8649,PER,244,43043,29184,265,331,Rural,Men,Peru,2014,Not Indigenous or Afro-descendant
38.70000076293945,26,8649,PER,244,43040,29184,265,331,Rural,Men,Peru,2014,Total
34.79999923706055,26,"8649,13639",PER,244,43044,29184,266,331,Rural,Women,Peru,2014,Afro-descendant
36.5,26,8649,PER,244,77477,29184,266,331,Rural,Women,Peru,2014,Indigenous
41.20000076293945,26,8649,PER,244,43043,29184,266,331,Rural,Women,Peru,2014,Not Indigenous or Afro-descendant
38.70000076293945,26,8649,PER,244,43040,29184,266,331,Rural,Women,Peru,2014,Total
35.599998474121094,26,"8649,13639",PER,244,43044,29184,146,330,Urban,Both sexes,Peru,2014,Afro-descendant
35.099998474121094,26,8649,PER,244,77477,29184,146,330,Urban,Both sexes,Peru,2014,Indigenous
29.799999237060547,26,8649,PER,244,43043,29184,146,330,Urban,Both sexes,Peru,2014,Not Indigenous or Afro-descendant
31,26,8649,PER,244,43040,29184,146,330,Urban,Both sexes,Peru,2014,Total
32,26,"8649,13639",PER,244,43044,29184,265,330,Urban,Men,Peru,2014,Afro-descendant
34.79999923706055,26,8649,PER,244,77477,29184,265,330,Urban,Men,Peru,2014,Indigenous
29.600000381469727,26,8649,PER,244,43043,29184,265,330,Urban,Men,Peru,2014,Not Indigenous or Afro-descendant
30.700000762939453,26,8649,PER,244,43040,29184,265,330,Urban,Men,Peru,2014,Total
39.70000076293945,26,"8649,13639",PER,244,43044,29184,266,330,Urban,Women,Peru,2014,Afro-descendant
35.400001525878906,26,8649,PER,244,77477,29184,266,330,Urban,Women,Peru,2014,Indigenous
29.899999618530273,26,8649,PER,244,43043,29184,266,330,Urban,Women,Peru,2014,Not Indigenous or Afro-descendant
31.299999237060547,26,8649,PER,244,43040,29184,266,330,Urban,Women,Peru,2014,Total
38.400001525878906,26,"8649,13639",PER,244,43044,29185,146,327,National,Both sexes,Peru,2015,Afro-descendant
34.70000076293945,26,8649,PER,244,77477,29185,146,327,National,Both sexes,Peru,2015,Indigenous
30.399999618530273,26,8649,PER,244,43043,29185,146,327,National,Both sexes,Peru,2015,Not Indigenous or Afro-descendant
31.700000762939453,26,8649,PER,244,43040,29185,146,327,National,Both sexes,Peru,2015,Total
37.099998474121094,26,"8649,13639",PER,244,43044,29185,265,327,National,Men,Peru,2015,Afro-descendant
34.099998474121094,26,8649,PER,244,77477,29185,265,327,National,Men,Peru,2015,Indigenous
30.100000381469727,26,8649,PER,244,43043,29185,265,327,National,Men,Peru,2015,Not Indigenous or Afro-descendant
31.299999237060547,26,8649,PER,244,43040,29185,265,327,National,Men,Peru,2015,Total
39.79999923706055,26,"8649,13639",PER,244,43044,29185,266,327,National,Women,Peru,2015,Afro-descendant
35.29999923706055,26,8649,PER,244,77477,29185,266,327,National,Women,Peru,2015,Indigenous
30.600000381469727,26,8649,PER,244,43043,29185,266,327,National,Women,Peru,2015,Not Indigenous or Afro-descendant
32.099998474121094,26,8649,PER,244,43040,29185,266,327,National,Women,Peru,2015,Total
44.400001525878906,26,"8649,13639",PER,244,43044,29185,146,331,Rural,Both sexes,Peru,2015,Afro-descendant
35.70000076293945,26,8649,PER,244,77477,29185,146,331,Rural,Both sexes,Peru,2015,Indigenous
38.79999923706055,26,8649,PER,244,43043,29185,146,331,Rural,Both sexes,Peru,2015,Not Indigenous or Afro-descendant
37.400001525878906,26,8649,PER,244,43040,29185,146,331,Rural,Both sexes,Peru,2015,Total
46.099998474121094,26,"8649,13639",PER,244,43044,29185,265,331,Rural,Men,Peru,2015,Afro-descendant
35.599998474121094,26,8649,PER,244,77477,29185,265,331,Rural,Men,Peru,2015,Indigenous
38.5,26,8649,PER,244,43043,29185,265,331,Rural,Men,Peru,2015,Not Indigenous or Afro-descendant
37.20000076293945,26,8649,PER,244,43040,29185,265,331,Rural,Men,Peru,2015,Total
42.70000076293945,26,"8649,13639",PER,244,43044,29185,266,331,Rural,Women,Peru,2015,Afro-descendant
35.79999923706055,26,8649,PER,244,77477,29185,266,331,Rural,Women,Peru,2015,Indigenous
39.20000076293945,26,8649,PER,244,43043,29185,266,331,Rural,Women,Peru,2015,Not Indigenous or Afro-descendant
37.5,26,8649,PER,244,43040,29185,266,331,Rural,Women,Peru,2015,Total
36.900001525878906,26,"8649,13639",PER,244,43044,29185,146,330,Urban,Both sexes,Peru,2015,Afro-descendant
34,26,8649,PER,244,77477,29185,146,330,Urban,Both sexes,Peru,2015,Indigenous
28.899999618530273,26,8649,PER,244,43043,29185,146,330,Urban,Both sexes,Peru,2015,Not Indigenous or Afro-descendant
30.100000381469727,26,8649,PER,244,43040,29185,146,330,Urban,Both sexes,Peru,2015,Total
35.099998474121094,26,"8649,13639",PER,244,43044,29185,265,330,Urban,Men,Peru,2015,Afro-descendant
33,26,8649,PER,244,77477,29185,265,330,Urban,Men,Peru,2015,Indigenous
28.600000381469727,26,8649,PER,244,43043,29185,265,330,Urban,Men,Peru,2015,Not Indigenous or Afro-descendant
29.600000381469727,26,8649,PER,244,43040,29185,265,330,Urban,Men,Peru,2015,Total
39,26,"8649,13639",PER,244,43044,29185,266,330,Urban,Women,Peru,2015,Afro-descendant
34.900001525878906,26,8649,PER,244,77477,29185,266,330,Urban,Women,Peru,2015,Indigenous
29.299999237060547,26,8649,PER,244,43043,29185,266,330,Urban,Women,Peru,2015,Not Indigenous or Afro-descendant
30.600000381469727,26,8649,PER,244,43040,29185,266,330,Urban,Women,Peru,2015,Total
35.400001525878906,26,"8649,13639",PER,244,43044,29186,146,327,National,Both sexes,Peru,2016,Afro-descendant
32.79999923706055,26,8649,PER,244,77477,29186,146,327,National,Both sexes,Peru,2016,Indigenous
30.299999237060547,26,8649,PER,244,43043,29186,146,327,National,Both sexes,Peru,2016,Not Indigenous or Afro-descendant
31.100000381469727,26,8649,PER,244,43040,29186,146,327,National,Both sexes,Peru,2016,Total
36.29999923706055,26,"8649,13639",PER,244,43044,29186,265,327,National,Men,Peru,2016,Afro-descendant
32.400001525878906,26,8649,PER,244,77477,29186,265,327,National,Men,Peru,2016,Indigenous
30.100000381469727,26,8649,PER,244,43043,29186,265,327,National,Men,Peru,2016,Not Indigenous or Afro-descendant
30.899999618530273,26,8649,PER,244,43040,29186,265,327,National,Men,Peru,2016,Total
34.5,26,"8649,13639",PER,244,43044,29186,266,327,National,Women,Peru,2016,Afro-descendant
33.20000076293945,26,8649,PER,244,77477,29186,266,327,National,Women,Peru,2016,Indigenous
30.5,26,8649,PER,244,43043,29186,266,327,National,Women,Peru,2016,Not Indigenous or Afro-descendant
31.399999618530273,26,8649,PER,244,43040,29186,266,327,National,Women,Peru,2016,Total
41.5,26,"8649,13639",PER,244,43044,29186,146,331,Rural,Both sexes,Peru,2016,Afro-descendant
32.900001525878906,26,8649,PER,244,77477,29186,146,331,Rural,Both sexes,Peru,2016,Indigenous
37.400001525878906,26,8649,PER,244,43043,29186,146,331,Rural,Both sexes,Peru,2016,Not Indigenous or Afro-descendant
35.20000076293945,26,8649,PER,244,43040,29186,146,331,Rural,Both sexes,Peru,2016,Total
43.900001525878906,26,"8649,13639",PER,244,43044,29186,265,331,Rural,Men,Peru,2016,Afro-descendant
32.599998474121094,26,8649,PER,244,77477,29186,265,331,Rural,Men,Peru,2016,Indigenous
36.900001525878906,26,8649,PER,244,43043,29186,265,331,Rural,Men,Peru,2016,Not Indigenous or Afro-descendant
35,26,8649,PER,244,43040,29186,265,331,Rural,Men,Peru,2016,Total
39.20000076293945,26,"8649,13639",PER,244,43044,29186,266,331,Rural,Women,Peru,2016,Afro-descendant
33.099998474121094,26,8649,PER,244,77477,29186,266,331,Rural,Women,Peru,2016,Indigenous
38,26,8649,PER,244,43043,29186,266,331,Rural,Women,Peru,2016,Not Indigenous or Afro-descendant
35.5,26,8649,PER,244,43040,29186,266,331,Rural,Women,Peru,2016,Total
34,26,"8649,13639",PER,244,43044,29186,146,330,Urban,Both sexes,Peru,2016,Afro-descendant
32.70000076293945,26,8649,PER,244,77477,29186,146,330,Urban,Both sexes,Peru,2016,Indigenous
29.100000381469727,26,8649,PER,244,43043,29186,146,330,Urban,Both sexes,Peru,2016,Not Indigenous or Afro-descendant
30,26,8649,PER,244,43040,29186,146,330,Urban,Both sexes,Peru,2016,Total
34.5,26,"8649,13639",PER,244,43044,29186,265,330,Urban,Men,Peru,2016,Afro-descendant
32.20000076293945,26,8649,PER,244,77477,29186,265,330,Urban,Men,Peru,2016,Indigenous
28.899999618530273,26,8649,PER,244,43043,29186,265,330,Urban,Men,Peru,2016,Not Indigenous or Afro-descendant
29.700000762939453,26,8649,PER,244,43040,29186,265,330,Urban,Men,Peru,2016,Total
33.400001525878906,26,"8649,13639",PER,244,43044,29186,266,330,Urban,Women,Peru,2016,Afro-descendant
33.20000076293945,26,8649,PER,244,77477,29186,266,330,Urban,Women,Peru,2016,Indigenous
29.399999618530273,26,8649,PER,244,43043,29186,266,330,Urban,Women,Peru,2016,Not Indigenous or Afro-descendant
30.299999237060547,26,8649,PER,244,43040,29186,266,330,Urban,Women,Peru,2016,Total
34.099998474121094,26,8649,PER,244,43044,29187,146,327,National,Both sexes,Peru,2017,Afro-descendant
31.899999618530273,26,8649,PER,244,77477,29187,146,327,National,Both sexes,Peru,2017,Indigenous
28.899999618530273,26,8649,PER,244,43043,29187,146,327,National,Both sexes,Peru,2017,Not Indigenous or Afro-descendant
30.100000381469727,26,8649,PER,244,43040,29187,146,327,National,Both sexes,Peru,2017,Total
32.70000076293945,26,8649,PER,244,43044,29187,265,327,National,Men,Peru,2017,Afro-descendant
31.399999618530273,26,8649,PER,244,77477,29187,265,327,National,Men,Peru,2017,Indigenous
28.299999237060547,26,8649,PER,244,43043,29187,265,327,National,Men,Peru,2017,Not Indigenous or Afro-descendant
29.5,26,8649,PER,244,43040,29187,265,327,National,Men,Peru,2017,Total
35.5,26,8649,PER,244,43044,29187,266,327,National,Women,Peru,2017,Afro-descendant
32.29999923706055,26,8649,PER,244,77477,29187,266,327,National,Women,Peru,2017,Indigenous
29.5,26,8649,PER,244,43043,29187,266,327,National,Women,Peru,2017,Not Indigenous or Afro-descendant
30.700000762939453,26,8649,PER,244,43040,29187,266,327,National,Women,Peru,2017,Total
38.29999923706055,26,8649,PER,244,43044,29187,146,331,Rural,Both sexes,Peru,2017,Afro-descendant
31.399999618530273,26,8649,PER,244,77477,29187,146,331,Rural,Both sexes,Peru,2017,Indigenous
35.20000076293945,26,8649,PER,244,43043,29187,146,331,Rural,Both sexes,Peru,2017,Not Indigenous or Afro-descendant
33.599998474121094,26,8649,PER,244,43040,29187,146,331,Rural,Both sexes,Peru,2017,Total
37.400001525878906,26,"8649,13639",PER,244,43044,29187,265,331,Rural,Men,Peru,2017,Afro-descendant
31.399999618530273,26,8649,PER,244,77477,29187,265,331,Rural,Men,Peru,2017,Indigenous
34,26,8649,PER,244,43043,29187,265,331,Rural,Men,Peru,2017,Not Indigenous or Afro-descendant
33,26,8649,PER,244,43040,29187,265,331,Rural,Men,Peru,2017,Total
39.20000076293945,26,"8649,13639",PER,244,43044,29187,266,331,Rural,Women,Peru,2017,Afro-descendant
31.399999618530273,26,8649,PER,244,77477,29187,266,331,Rural,Women,Peru,2017,Indigenous
36.5,26,8649,PER,244,43043,29187,266,331,Rural,Women,Peru,2017,Not Indigenous or Afro-descendant
34.099998474121094,26,8649,PER,244,43040,29187,266,331,Rural,Women,Peru,2017,Total
32.29999923706055,26,8649,PER,244,43044,29187,146,330,Urban,Both sexes,Peru,2017,Afro-descendant
32.099998474121094,26,8649,PER,244,77477,29187,146,330,Urban,Both sexes,Peru,2017,Indigenous
28,26,8649,PER,244,43043,29187,146,330,Urban,Both sexes,Peru,2017,Not Indigenous or Afro-descendant
29.200000762939453,26,8649,PER,244,43040,29187,146,330,Urban,Both sexes,Peru,2017,Total
30.799999237060547,26,"8649,13639",PER,244,43044,29187,265,330,Urban,Men,Peru,2017,Afro-descendant
31.399999618530273,26,8649,PER,244,77477,29187,265,330,Urban,Men,Peru,2017,Indigenous
27.399999618530273,26,8649,PER,244,43043,29187,265,330,Urban,Men,Peru,2017,Not Indigenous or Afro-descendant
28.5,26,8649,PER,244,43040,29187,265,330,Urban,Men,Peru,2017,Total
33.79999923706055,26,"8649,13639",PER,244,43044,29187,266,330,Urban,Women,Peru,2017,Afro-descendant
32.79999923706055,26,8649,PER,244,77477,29187,266,330,Urban,Women,Peru,2017,Indigenous
28.600000381469727,26,8649,PER,244,43043,29187,266,330,Urban,Women,Peru,2017,Not Indigenous or Afro-descendant
29.799999237060547,26,8649,PER,244,43040,29187,266,330,Urban,Women,Peru,2017,Total
33.29999923706055,26,8649,PER,244,43044,29188,146,327,National,Both sexes,Peru,2018,Afro-descendant
30.600000381469727,26,8649,PER,244,77477,29188,146,327,National,Both sexes,Peru,2018,Indigenous
28.399999618530273,26,8649,PER,244,43043,29188,146,327,National,Both sexes,Peru,2018,Not Indigenous or Afro-descendant
29.299999237060547,26,8649,PER,244,43040,29188,146,327,National,Both sexes,Peru,2018,Total
30.799999237060547,26,8649,PER,244,43044,29188,265,327,National,Men,Peru,2018,Afro-descendant
29.899999618530273,26,8649,PER,244,77477,29188,265,327,National,Men,Peru,2018,Indigenous
27.600000381469727,26,8649,PER,244,43043,29188,265,327,National,Men,Peru,2018,Not Indigenous or Afro-descendant
28.399999618530273,26,8649,PER,244,43040,29188,265,327,National,Men,Peru,2018,Total
35.599998474121094,26,8649,PER,244,43044,29188,266,327,National,Women,Peru,2018,Afro-descendant
31.200000762939453,26,8649,PER,244,77477,29188,266,327,National,Women,Peru,2018,Indigenous
29.100000381469727,26,8649,PER,244,43043,29188,266,327,National,Women,Peru,2018,Not Indigenous or Afro-descendant
30.100000381469727,26,8649,PER,244,43040,29188,266,327,National,Women,Peru,2018,Total
35.099998474121094,26,8649,PER,244,43044,29188,146,331,Rural,Both sexes,Peru,2018,Afro-descendant
31.399999618530273,26,8649,PER,244,77477,29188,146,331,Rural,Both sexes,Peru,2018,Indigenous
33.099998474121094,26,8649,PER,244,43043,29188,146,331,Rural,Both sexes,Peru,2018,Not Indigenous or Afro-descendant
32.400001525878906,26,8649,PER,244,43040,29188,146,331,Rural,Both sexes,Peru,2018,Total
33,26,"8649,13639",PER,244,43044,29188,265,331,Rural,Men,Peru,2018,Afro-descendant
31.700000762939453,26,8649,PER,244,77477,29188,265,331,Rural,Men,Peru,2018,Indigenous
32.5,26,8649,PER,244,43043,29188,265,331,Rural,Men,Peru,2018,Not Indigenous or Afro-descendant
32.20000076293945,26,8649,PER,244,43040,29188,265,331,Rural,Men,Peru,2018,Total
37.099998474121094,26,"8649,13639",PER,244,43044,29188,266,331,Rural,Women,Peru,2018,Afro-descendant
31.100000381469727,26,8649,PER,244,77477,29188,266,331,Rural,Women,Peru,2018,Indigenous
33.70000076293945,26,8649,PER,244,43043,29188,266,331,Rural,Women,Peru,2018,Not Indigenous or Afro-descendant
32.70000076293945,26,8649,PER,244,43040,29188,266,331,Rural,Women,Peru,2018,Total
32.5,26,8649,PER,244,43044,29188,146,330,Urban,Both sexes,Peru,2018,Afro-descendant
30.200000762939453,26,8649,PER,244,77477,29188,146,330,Urban,Both sexes,Peru,2018,Indigenous
27.700000762939453,26,8649,PER,244,43043,29188,146,330,Urban,Both sexes,Peru,2018,Not Indigenous or Afro-descendant
28.5,26,8649,PER,244,43040,29188,146,330,Urban,Both sexes,Peru,2018,Total
29.799999237060547,26,"8649,13639",PER,244,43044,29188,265,330,Urban,Men,Peru,2018,Afro-descendant
28.899999618530273,26,8649,PER,244,77477,29188,265,330,Urban,Men,Peru,2018,Indigenous
26.799999237060547,26,8649,PER,244,43043,29188,265,330,Urban,Men,Peru,2018,Not Indigenous or Afro-descendant
27.399999618530273,26,8649,PER,244,43040,29188,265,330,Urban,Men,Peru,2018,Total
35,26,"8649,13639",PER,244,43044,29188,266,330,Urban,Women,Peru,2018,Afro-descendant
31.299999237060547,26,8649,PER,244,77477,29188,266,330,Urban,Women,Peru,2018,Indigenous
28.5,26,8649,PER,244,43043,29188,266,330,Urban,Women,Peru,2018,Not Indigenous or Afro-descendant
29.5,26,8649,PER,244,43040,29188,266,330,Urban,Women,Peru,2018,Total
33.099998474121094,26,8649,PER,244,43044,29189,146,327,National,Both sexes,Peru,2019,Afro-descendant
29,26,8649,PER,244,77477,29189,146,327,National,Both sexes,Peru,2019,Indigenous
28.399999618530273,26,8649,PER,244,43043,29189,146,327,National,Both sexes,Peru,2019,Not Indigenous or Afro-descendant
28.899999618530273,26,8649,PER,244,43040,29189,146,327,National,Both sexes,Peru,2019,Total
33,26,8649,PER,244,43044,29189,265,327,National,Men,Peru,2019,Afro-descendant
28.100000381469727,26,8649,PER,244,77477,29189,265,327,National,Men,Peru,2019,Indigenous
27.700000762939453,26,8649,PER,244,43043,29189,265,327,National,Men,Peru,2019,Not Indigenous or Afro-descendant
28.200000762939453,26,8649,PER,244,43040,29189,265,327,National,Men,Peru,2019,Total
33.099998474121094,26,8649,PER,244,43044,29189,266,327,National,Women,Peru,2019,Afro-descendant
29.799999237060547,26,8649,PER,244,77477,29189,266,327,National,Women,Peru,2019,Indigenous
29,26,8649,PER,244,43043,29189,266,327,National,Women,Peru,2019,Not Indigenous or Afro-descendant
29.5,26,8649,PER,244,43040,29189,266,327,National,Women,Peru,2019,Total
35.900001525878906,26,8649,PER,244,43044,29189,146,331,Rural,Both sexes,Peru,2019,Afro-descendant
29.200000762939453,26,8649,PER,244,77477,29189,146,331,Rural,Both sexes,Peru,2019,Indigenous
33.900001525878906,26,8649,PER,244,43043,29189,146,331,Rural,Both sexes,Peru,2019,Not Indigenous or Afro-descendant
31.799999237060547,26,8649,PER,244,43040,29189,146,331,Rural,Both sexes,Peru,2019,Total
36.20000076293945,26,"8649,13639",PER,244,43044,29189,265,331,Rural,Men,Peru,2019,Afro-descendant
29.700000762939453,26,8649,PER,244,77477,29189,265,331,Rural,Men,Peru,2019,Indigenous
33.099998474121094,26,8649,PER,244,43043,29189,265,331,Rural,Men,Peru,2019,Not Indigenous or Afro-descendant
31.799999237060547,26,8649,PER,244,43040,29189,265,331,Rural,Men,Peru,2019,Total
35.599998474121094,26,"8649,13639",PER,244,43044,29189,266,331,Rural,Women,Peru,2019,Afro-descendant
28.799999237060547,26,8649,PER,244,77477,29189,266,331,Rural,Women,Peru,2019,Indigenous
34.70000076293945,26,8649,PER,244,43043,29189,266,331,Rural,Women,Peru,2019,Not Indigenous or Afro-descendant
31.700000762939453,26,8649,PER,244,43040,29189,266,331,Rural,Women,Peru,2019,Total
31.899999618530273,26,8649,PER,244,43044,29189,146,330,Urban,Both sexes,Peru,2019,Afro-descendant
28.799999237060547,26,8649,PER,244,77477,29189,146,330,Urban,Both sexes,Peru,2019,Indigenous
27.600000381469727,26,8649,PER,244,43043,29189,146,330,Urban,Both sexes,Peru,2019,Not Indigenous or Afro-descendant
28.100000381469727,26,8649,PER,244,43040,29189,146,330,Urban,Both sexes,Peru,2019,Total
31.700000762939453,26,"8649,13639",PER,244,43044,29189,265,330,Urban,Men,Peru,2019,Afro-descendant
27,26,8649,PER,244,77477,29189,265,330,Urban,Men,Peru,2019,Indigenous
26.899999618530273,26,8649,PER,244,43043,29189,265,330,Urban,Men,Peru,2019,Not Indigenous or Afro-descendant
27.200000762939453,26,8649,PER,244,43040,29189,265,330,Urban,Men,Peru,2019,Total
32.099998474121094,26,"8649,13639",PER,244,43044,29189,266,330,Urban,Women,Peru,2019,Afro-descendant
30.299999237060547,26,8649,PER,244,77477,29189,266,330,Urban,Women,Peru,2019,Indigenous
28.200000762939453,26,8649,PER,244,43043,29189,266,330,Urban,Women,Peru,2019,Not Indigenous or Afro-descendant
28.899999618530273,26,8649,PER,244,43040,29189,266,330,Urban,Women,Peru,2019,Total
31.600000381469727,26,8649,PER,244,43044,29190,146,327,National,Both sexes,Peru,2020,Afro-descendant
30.600000381469727,26,8649,PER,244,77477,29190,146,327,National,Both sexes,Peru,2020,Indigenous
29.200000762939453,26,8649,PER,244,43043,29190,146,327,National,Both sexes,Peru,2020,Not Indigenous or Afro-descendant
29.700000762939453,26,8649,PER,244,43040,29190,146,327,National,Both sexes,Peru,2020,Total
31.200000762939453,26,8649,PER,244,43044,29190,265,327,National,Men,Peru,2020,Afro-descendant
30,26,8649,PER,244,77477,29190,265,327,National,Men,Peru,2020,Indigenous
28.5,26,8649,PER,244,43043,29190,265,327,National,Men,Peru,2020,Not Indigenous or Afro-descendant
29.100000381469727,26,8649,PER,244,43040,29190,265,327,National,Men,Peru,2020,Total
32,26,8649,PER,244,43044,29190,266,327,National,Women,Peru,2020,Afro-descendant
31,26,8649,PER,244,77477,29190,266,327,National,Women,Peru,2020,Indigenous
29.899999618530273,26,8649,PER,244,43043,29190,266,327,National,Women,Peru,2020,Not Indigenous or Afro-descendant
30.299999237060547,26,8649,PER,244,43040,29190,266,327,National,Women,Peru,2020,Total
32.29999923706055,26,8649,PER,244,43044,29190,146,331,Rural,Both sexes,Peru,2020,Afro-descendant
32.20000076293945,26,8649,PER,244,77477,29190,146,331,Rural,Both sexes,Peru,2020,Indigenous
33.20000076293945,26,8649,PER,244,43043,29190,146,331,Rural,Both sexes,Peru,2020,Not Indigenous or Afro-descendant
32.599998474121094,26,8649,PER,244,43040,29190,146,331,Rural,Both sexes,Peru,2020,Total
31.200000762939453,26,"8649,13639",PER,244,43044,29190,265,331,Rural,Men,Peru,2020,Afro-descendant
31.600000381469727,26,8649,PER,244,77477,29190,265,331,Rural,Men,Peru,2020,Indigenous
33,26,8649,PER,244,43043,29190,265,331,Rural,Men,Peru,2020,Not Indigenous or Afro-descendant
32.20000076293945,26,8649,PER,244,43040,29190,265,331,Rural,Men,Peru,2020,Total
33.5,26,"8649,13639",PER,244,43044,29190,266,331,Rural,Women,Peru,2020,Afro-descendant
32.70000076293945,26,8649,PER,244,77477,29190,266,331,Rural,Women,Peru,2020,Indigenous
33.400001525878906,26,8649,PER,244,43043,29190,266,331,Rural,Women,Peru,2020,Not Indigenous or Afro-descendant
33,26,8649,PER,244,43040,29190,266,331,Rural,Women,Peru,2020,Total
31.200000762939453,26,8649,PER,244,43044,29190,146,330,Urban,Both sexes,Peru,2020,Afro-descendant
29.700000762939453,26,8649,PER,244,77477,29190,146,330,Urban,Both sexes,Peru,2020,Indigenous
28.600000381469727,26,8649,PER,244,43043,29190,146,330,Urban,Both sexes,Peru,2020,Not Indigenous or Afro-descendant
29,26,8649,PER,244,43040,29190,146,330,Urban,Both sexes,Peru,2020,Total
31.100000381469727,26,"8649,13639",PER,244,43044,29190,265,330,Urban,Men,Peru,2020,Afro-descendant
29.100000381469727,26,8649,PER,244,77477,29190,265,330,Urban,Men,Peru,2020,Indigenous
27.799999237060547,26,8649,PER,244,43043,29190,265,330,Urban,Men,Peru,2020,Not Indigenous or Afro-descendant
28.299999237060547,26,8649,PER,244,43040,29190,265,330,Urban,Men,Peru,2020,Total
31.299999237060547,26,"8649,13639",PER,244,43044,29190,266,330,Urban,Women,Peru,2020,Afro-descendant
30.100000381469727,26,8649,PER,244,77477,29190,266,330,Urban,Women,Peru,2020,Indigenous
29.399999618530273,26,8649,PER,244,43043,29190,266,330,Urban,Women,Peru,2020,Not Indigenous or Afro-descendant
29.700000762939453,26,8649,PER,244,43040,29190,266,330,Urban,Women,Peru,2020,Total
30.799999237060547,26,8649,PER,244,43044,29191,146,327,National,Both sexes,Peru,2021,Afro-descendant
27.600000381469727,26,8649,PER,244,77477,29191,146,327,National,Both sexes,Peru,2021,Indigenous
28.899999618530273,26,8649,PER,244,43043,29191,146,327,National,Both sexes,Peru,2021,Not Indigenous or Afro-descendant
28.700000762939453,26,8649,PER,244,43040,29191,146,327,National,Both sexes,Peru,2021,Total
31.200000762939453,26,8649,PER,244,43044,29191,265,327,National,Men,Peru,2021,Afro-descendant
26.700000762939453,26,8649,PER,244,77477,29191,265,327,National,Men,Peru,2021,Indigenous
27.899999618530273,26,8649,PER,244,43043,29191,265,327,National,Men,Peru,2021,Not Indigenous or Afro-descendant
27.799999237060547,26,8649,PER,244,43040,29191,265,327,National,Men,Peru,2021,Total
30.399999618530273,26,8649,PER,244,43044,29191,266,327,National,Women,Peru,2021,Afro-descendant
28.399999618530273,26,8649,PER,244,77477,29191,266,327,National,Women,Peru,2021,Indigenous
29.899999618530273,26,8649,PER,244,43043,29191,266,327,National,Women,Peru,2021,Not Indigenous or Afro-descendant
29.5,26,8649,PER,244,43040,29191,266,327,National,Women,Peru,2021,Total
32.400001525878906,26,8649,PER,244,43044,29191,146,331,Rural,Both sexes,Peru,2021,Afro-descendant
26.899999618530273,26,8649,PER,244,77477,29191,146,331,Rural,Both sexes,Peru,2021,Indigenous
30.5,26,8649,PER,244,43043,29191,146,331,Rural,Both sexes,Peru,2021,Not Indigenous or Afro-descendant
28.899999618530273,26,8649,PER,244,43040,29191,146,331,Rural,Both sexes,Peru,2021,Total
33.400001525878906,26,"8649,13639",PER,244,43044,29191,265,331,Rural,Men,Peru,2021,Afro-descendant
26.799999237060547,26,8649,PER,244,77477,29191,265,331,Rural,Men,Peru,2021,Indigenous
30.100000381469727,26,8649,PER,244,43043,29191,265,331,Rural,Men,Peru,2021,Not Indigenous or Afro-descendant
28.899999618530273,26,8649,PER,244,43040,29191,265,331,Rural,Men,Peru,2021,Total
31.5,26,"8649,13639",PER,244,43044,29191,266,331,Rural,Women,Peru,2021,Afro-descendant
27,26,8649,PER,244,77477,29191,266,331,Rural,Women,Peru,2021,Indigenous
30.899999618530273,26,8649,PER,244,43043,29191,266,331,Rural,Women,Peru,2021,Not Indigenous or Afro-descendant
28.899999618530273,26,8649,PER,244,43040,29191,266,331,Rural,Women,Peru,2021,Total
30.100000381469727,26,8649,PER,244,43044,29191,146,330,Urban,Both sexes,Peru,2021,Afro-descendant
28,26,8649,PER,244,77477,29191,146,330,Urban,Both sexes,Peru,2021,Indigenous
28.700000762939453,26,8649,PER,244,43043,29191,146,330,Urban,Both sexes,Peru,2021,Not Indigenous or Afro-descendant
28.600000381469727,26,8649,PER,244,43040,29191,146,330,Urban,Both sexes,Peru,2021,Total
30.399999618530273,26,"8649,13639",PER,244,43044,29191,265,330,Urban,Men,Peru,2021,Afro-descendant
26.600000381469727,26,8649,PER,244,77477,29191,265,330,Urban,Men,Peru,2021,Indigenous
27.600000381469727,26,8649,PER,244,43043,29191,265,330,Urban,Men,Peru,2021,Not Indigenous or Afro-descendant
27.5,26,8649,PER,244,43040,29191,265,330,Urban,Men,Peru,2021,Total
30,26,"8649,13639",PER,244,43044,29191,266,330,Urban,Women,Peru,2021,Afro-descendant
29.200000762939453,26,8649,PER,244,77477,29191,266,330,Urban,Women,Peru,2021,Indigenous
29.700000762939453,26,8649,PER,244,43043,29191,266,330,Urban,Women,Peru,2021,Not Indigenous or Afro-descendant
29.600000381469727,26,8649,PER,244,43040,29191,266,330,Urban,Women,Peru,2021,Total
30.700000762939453,26,8649,PER,244,43044,29192,146,327,National,Both sexes,Peru,2022,Afro-descendant
28.399999618530273,26,8649,PER,244,77477,29192,146,327,National,Both sexes,Peru,2022,Indigenous
27.100000381469727,26,8649,PER,244,43043,29192,146,327,National,Both sexes,Peru,2022,Not Indigenous or Afro-descendant
27.700000762939453,26,8649,PER,244,43040,29192,146,327,National,Both sexes,Peru,2022,Total
31.200000762939453,26,8649,PER,244,43044,29192,265,327,National,Men,Peru,2022,Afro-descendant
27.600000381469727,26,8649,PER,244,77477,29192,265,327,National,Men,Peru,2022,Indigenous
26.600000381469727,26,8649,PER,244,43043,29192,265,327,National,Men,Peru,2022,Not Indigenous or Afro-descendant
27.200000762939453,26,8649,PER,244,43040,29192,265,327,National,Men,Peru,2022,Total
30.299999237060547,26,8649,PER,244,43044,29192,266,327,National,Women,Peru,2022,Afro-descendant
29.100000381469727,26,8649,PER,244,77477,29192,266,327,National,Women,Peru,2022,Indigenous
27.600000381469727,26,8649,PER,244,43043,29192,266,327,National,Women,Peru,2022,Not Indigenous or Afro-descendant
28.200000762939453,26,8649,PER,244,43040,29192,266,327,National,Women,Peru,2022,Total
32,26,8649,PER,244,43044,29192,146,331,Rural,Both sexes,Peru,2022,Afro-descendant
26.600000381469727,26,8649,PER,244,77477,29192,146,331,Rural,Both sexes,Peru,2022,Indigenous
30.600000381469727,26,8649,PER,244,43043,29192,146,331,Rural,Both sexes,Peru,2022,Not Indigenous or Afro-descendant
28.700000762939453,26,8649,PER,244,43040,29192,146,331,Rural,Both sexes,Peru,2022,Total
33.20000076293945,26,"8649,13639",PER,244,43044,29192,265,331,Rural,Men,Peru,2022,Afro-descendant
27,26,8649,PER,244,77477,29192,265,331,Rural,Men,Peru,2022,Indigenous
29.399999618530273,26,8649,PER,244,43043,29192,265,331,Rural,Men,Peru,2022,Not Indigenous or Afro-descendant
28.600000381469727,26,8649,PER,244,43040,29192,265,331,Rural,Men,Peru,2022,Total
31,26,"8649,13639",PER,244,43044,29192,266,331,Rural,Women,Peru,2022,Afro-descendant
26.200000762939453,26,8649,PER,244,77477,29192,266,331,Rural,Women,Peru,2022,Indigenous
31.799999237060547,26,8649,PER,244,43043,29192,266,331,Rural,Women,Peru,2022,Not Indigenous or Afro-descendant
28.799999237060547,26,8649,PER,244,43040,29192,266,331,Rural,Women,Peru,2022,Total
30.200000762939453,26,8649,PER,244,43044,29192,146,330,Urban,Both sexes,Peru,2022,Afro-descendant
29.399999618530273,26,8649,PER,244,77477,29192,146,330,Urban,Both sexes,Peru,2022,Indigenous
26.600000381469727,26,8649,PER,244,43043,29192,146,330,Urban,Both sexes,Peru,2022,Not Indigenous or Afro-descendant
27.5,26,8649,PER,244,43040,29192,146,330,Urban,Both sexes,Peru,2022,Total
30.399999618530273,26,"8649,13639",PER,244,43044,29192,265,330,Urban,Men,Peru,2022,Afro-descendant
28,26,8649,PER,244,77477,29192,265,330,Urban,Men,Peru,2022,Indigenous
26.100000381469727,26,8649,PER,244,43043,29192,265,330,Urban,Men,Peru,2022,Not Indigenous or Afro-descendant
26.799999237060547,26,8649,PER,244,43040,29192,265,330,Urban,Men,Peru,2022,Total
30,26,"8649,13639",PER,244,43044,29192,266,330,Urban,Women,Peru,2022,Afro-descendant
30.600000381469727,26,8649,PER,244,77477,29192,266,330,Urban,Women,Peru,2022,Indigenous
27.100000381469727,26,8649,PER,244,43043,29192,266,330,Urban,Women,Peru,2022,Not Indigenous or Afro-descendant
28.100000381469727,26,8649,PER,244,43040,29192,266,330,Urban,Women,Peru,2022,Total
31.600000381469727,26,8649,PER,244,43044,29193,146,327,National,Both sexes,Peru,2023,Afro-descendant
26.899999618530273,26,8649,PER,244,77477,29193,146,327,National,Both sexes,Peru,2023,Indigenous
26.700000762939453,26,8649,PER,244,43043,29193,146,327,National,Both sexes,Peru,2023,Not Indigenous or Afro-descendant
27.100000381469727,26,8649,PER,244,43040,29193,146,327,National,Both sexes,Peru,2023,Total
30.200000762939453,26,8649,PER,244,43044,29193,265,327,National,Men,Peru,2023,Afro-descendant
25.5,26,8649,PER,244,77477,29193,265,327,National,Men,Peru,2023,Indigenous
26.200000762939453,26,8649,PER,244,43043,29193,265,327,National,Men,Peru,2023,Not Indigenous or Afro-descendant
26.299999237060547,26,8649,PER,244,43040,29193,265,327,National,Men,Peru,2023,Total
32.900001525878906,26,8649,PER,244,43044,29193,266,327,National,Women,Peru,2023,Afro-descendant
28.100000381469727,26,8649,PER,244,77477,29193,266,327,National,Women,Peru,2023,Indigenous
27.299999237060547,26,8649,PER,244,43043,29193,266,327,National,Women,Peru,2023,Not Indigenous or Afro-descendant
27.899999618530273,26,8649,PER,244,43040,29193,266,327,National,Women,Peru,2023,Total
31.700000762939453,26,8649,PER,244,43044,29193,146,331,Rural,Both sexes,Peru,2023,Afro-descendant
24.700000762939453,26,8649,PER,244,77477,29193,146,331,Rural,Both sexes,Peru,2023,Indigenous
30.200000762939453,26,8649,PER,244,43043,29193,146,331,Rural,Both sexes,Peru,2023,Not Indigenous or Afro-descendant
27.5,26,8649,PER,244,43040,29193,146,331,Rural,Both sexes,Peru,2023,Total
30.899999618530273,26,"8649,13639",PER,244,43044,29193,265,331,Rural,Men,Peru,2023,Afro-descendant
24.200000762939453,26,8649,PER,244,77477,29193,265,331,Rural,Men,Peru,2023,Indigenous
30.100000381469727,26,8649,PER,244,43043,29193,265,331,Rural,Men,Peru,2023,Not Indigenous or Afro-descendant
27.299999237060547,26,8649,PER,244,43040,29193,265,331,Rural,Men,Peru,2023,Total
32.400001525878906,26,"8649,13639",PER,244,43044,29193,266,331,Rural,Women,Peru,2023,Afro-descendant
25.100000381469727,26,8649,PER,244,77477,29193,266,331,Rural,Women,Peru,2023,Indigenous
30.399999618530273,26,8649,PER,244,43043,29193,266,331,Rural,Women,Peru,2023,Not Indigenous or Afro-descendant
27.799999237060547,26,8649,PER,244,43040,29193,266,331,Rural,Women,Peru,2023,Total
31.5,26,8649,PER,244,43044,29193,146,330,Urban,Both sexes,Peru,2023,Afro-descendant
28,26,8649,PER,244,77477,29193,146,330,Urban,Both sexes,Peru,2023,Indigenous
26.299999237060547,26,8649,PER,244,43043,29193,146,330,Urban,Both sexes,Peru,2023,Not Indigenous or Afro-descendant
27,26,8649,PER,244,43040,29193,146,330,Urban,Both sexes,Peru,2023,Total
29.899999618530273,26,"8649,13639",PER,244,43044,29193,265,330,Urban,Men,Peru,2023,Afro-descendant
26.200000762939453,26,8649,PER,244,77477,29193,265,330,Urban,Men,Peru,2023,Indigenous
25.600000381469727,26,8649,PER,244,43043,29193,265,330,Urban,Men,Peru,2023,Not Indigenous or Afro-descendant
26,26,8649,PER,244,43040,29193,265,330,Urban,Men,Peru,2023,Total
33.099998474121094,26,"8649,13639",PER,244,43044,29193,266,330,Urban,Women,Peru,2023,Afro-descendant
29.600000381469727,26,8649,PER,244,77477,29193,266,330,Urban,Women,Peru,2023,Indigenous
26.899999618530273,26,8649,PER,244,43043,29193,266,330,Urban,Women,Peru,2023,Not Indigenous or Afro-descendant
27.899999618530273,26,8649,PER,244,43040,29193,266,330,Urban,Women,Peru,2023,Total
31.299999237060547,26,8649,PER,244,43044,29194,146,327,National,Both sexes,Peru,2024,Afro-descendant
26,26,8649,PER,244,77477,29194,146,327,National,Both sexes,Peru,2024,Indigenous
27.200000762939453,26,8649,PER,244,43043,29194,146,327,National,Both sexes,Peru,2024,Not Indigenous or Afro-descendant
27.100000381469727,26,8649,PER,244,43040,29194,146,327,National,Both sexes,Peru,2024,Total
30.700000762939453,26,8649,PER,244,43044,29194,265,327,National,Men,Peru,2024,Afro-descendant
24.799999237060547,26,8649,PER,244,77477,29194,265,327,National,Men,Peru,2024,Indigenous
26.399999618530273,26,8649,PER,244,43043,29194,265,327,National,Men,Peru,2024,Not Indigenous or Afro-descendant
26.299999237060547,26,8649,PER,244,43040,29194,265,327,National,Men,Peru,2024,Total
31.799999237060547,26,8649,PER,244,43044,29194,266,327,National,Women,Peru,2024,Afro-descendant
27.100000381469727,26,8649,PER,244,77477,29194,266,327,National,Women,Peru,2024,Indigenous
27.899999618530273,26,8649,PER,244,43043,29194,266,327,National,Women,Peru,2024,Not Indigenous or Afro-descendant
27.899999618530273,26,8649,PER,244,43040,29194,266,327,National,Women,Peru,2024,Total
30.299999237060547,26,8649,PER,244,43044,29194,146,331,Rural,Both sexes,Peru,2024,Afro-descendant
24.399999618530273,26,8649,PER,244,77477,29194,146,331,Rural,Both sexes,Peru,2024,Indigenous
28.899999618530273,26,8649,PER,244,43043,29194,146,331,Rural,Both sexes,Peru,2024,Not Indigenous or Afro-descendant
26.700000762939453,26,8649,PER,244,43040,29194,146,331,Rural,Both sexes,Peru,2024,Total
29.600000381469727,26,"8649,13639",PER,244,43044,29194,265,331,Rural,Men,Peru,2024,Afro-descendant
24.299999237060547,26,8649,PER,244,77477,29194,265,331,Rural,Men,Peru,2024,Indigenous
28.100000381469727,26,8649,PER,244,43043,29194,265,331,Rural,Men,Peru,2024,Not Indigenous or Afro-descendant
26.399999618530273,26,8649,PER,244,43040,29194,265,331,Rural,Men,Peru,2024,Total
31.100000381469727,26,"8649,13639",PER,244,43044,29194,266,331,Rural,Women,Peru,2024,Afro-descendant
24.5,26,8649,PER,244,77477,29194,266,331,Rural,Women,Peru,2024,Indigenous
29.799999237060547,26,8649,PER,244,43043,29194,266,331,Rural,Women,Peru,2024,Not Indigenous or Afro-descendant
27.100000381469727,26,8649,PER,244,43040,29194,266,331,Rural,Women,Peru,2024,Total
31.600000381469727,26,8649,PER,244,43044,29194,146,330,Urban,Both sexes,Peru,2024,Afro-descendant
26.899999618530273,26,8649,PER,244,77477,29194,146,330,Urban,Both sexes,Peru,2024,Indigenous
27,26,8649,PER,244,43043,29194,146,330,Urban,Both sexes,Peru,2024,Not Indigenous or Afro-descendant
27.200000762939453,26,8649,PER,244,43040,29194,146,330,Urban,Both sexes,Peru,2024,Total
31.100000381469727,26,"8649,13639",PER,244,43044,29194,265,330,Urban,Men,Peru,2024,Afro-descendant
25,26,8649,PER,244,77477,29194,265,330,Urban,Men,Peru,2024,Indigenous
26.100000381469727,26,8649,PER,244,43043,29194,265,330,Urban,Men,Peru,2024,Not Indigenous or Afro-descendant
26.200000762939453,26,8649,PER,244,43040,29194,265,330,Urban,Men,Peru,2024,Total
32.099998474121094,26,"8649,13639",PER,244,43044,29194,266,330,Urban,Women,Peru,2024,Afro-descendant
28.5,26,8649,PER,244,77477,29194,266,330,Urban,Women,Peru,2024,Indigenous
27.700000762939453,26,8649,PER,244,43043,29194,266,330,Urban,Women,Peru,2024,Not Indigenous or Afro-descendant
28.100000381469727,26,8649,PER,244,43040,29194,266,330,Urban,Women,Peru,2024,Total
23.299999237060547,26,,URY,258,77477,29177,146,327,National,Both sexes,Uruguay,2007,Indigenous
18.5,26,,URY,258,43043,29177,146,327,National,Both sexes,Uruguay,2007,Not Indigenous or Afro-descendant
18.700000762939453,26,,URY,258,43040,29177,146,327,National,Both sexes,Uruguay,2007,Total
23.700000762939453,26,,URY,258,77477,29177,265,327,National,Men,Uruguay,2007,Indigenous
18.5,26,,URY,258,43043,29177,265,327,National,Men,Uruguay,2007,Not Indigenous or Afro-descendant
18.799999237060547,26,,URY,258,43040,29177,265,327,National,Men,Uruguay,2007,Total
23,26,,URY,258,77477,29177,266,327,National,Women,Uruguay,2007,Indigenous
18.5,26,,URY,258,43043,29177,266,327,National,Women,Uruguay,2007,Not Indigenous or Afro-descendant
18.700000762939453,26,,URY,258,43040,29177,266,327,National,Women,Uruguay,2007,Total
20.5,26,,URY,258,77477,29177,146,331,Rural,Both sexes,Uruguay,2007,Indigenous
15,26,,URY,258,43043,29177,146,331,Rural,Both sexes,Uruguay,2007,Not Indigenous or Afro-descendant
15.199999809265137,26,,URY,258,43040,29177,146,331,Rural,Both sexes,Uruguay,2007,Total
19.700000762939453,26,,URY,258,77477,29177,265,331,Rural,Men,Uruguay,2007,Indigenous
14.399999618530273,26,,URY,258,43043,29177,265,331,Rural,Men,Uruguay,2007,Not Indigenous or Afro-descendant
14.600000381469727,26,,URY,258,43040,29177,265,331,Rural,Men,Uruguay,2007,Total
21.5,26,,URY,258,77477,29177,266,331,Rural,Women,Uruguay,2007,Indigenous
15.800000190734863,26,,URY,258,43043,29177,266,331,Rural,Women,Uruguay,2007,Not Indigenous or Afro-descendant
15.899999618530273,26,,URY,258,43040,29177,266,331,Rural,Women,Uruguay,2007,Total
23.399999618530273,26,,URY,258,77477,29177,146,330,Urban,Both sexes,Uruguay,2007,Indigenous
18.799999237060547,26,,URY,258,43043,29177,146,330,Urban,Both sexes,Uruguay,2007,Not Indigenous or Afro-descendant
19,26,,URY,258,43040,29177,146,330,Urban,Both sexes,Uruguay,2007,Total
23.899999618530273,26,,URY,258,77477,29177,265,330,Urban,Men,Uruguay,2007,Indigenous
18.899999618530273,26,,URY,258,43043,29177,265,330,Urban,Men,Uruguay,2007,Not Indigenous or Afro-descendant
19.100000381469727,26,,URY,258,43040,29177,265,330,Urban,Men,Uruguay,2007,Total
23.100000381469727,26,,URY,258,77477,29177,266,330,Urban,Women,Uruguay,2007,Indigenous
18.700000762939453,26,,URY,258,43043,29177,266,330,Urban,Women,Uruguay,2007,Not Indigenous or Afro-descendant
18.899999618530273,26,,URY,258,43040,29177,266,330,Urban,Women,Uruguay,2007,Total
35.29999923706055,26,,URY,258,43044,29178,146,327,National,Both sexes,Uruguay,2008,Afro-descendant
23.5,26,,URY,258,77477,29178,146,327,National,Both sexes,Uruguay,2008,Indigenous
16.299999237060547,26,,URY,258,43043,29178,146,327,National,Both sexes,Uruguay,2008,Not Indigenous or Afro-descendant
17,26,,URY,258,43040,29178,146,327,National,Both sexes,Uruguay,2008,Total
34.5,26,,URY,258,43044,29178,265,327,National,Men,Uruguay,2008,Afro-descendant
22.100000381469727,26,,URY,258,77477,29178,265,327,National,Men,Uruguay,2008,Indigenous
16.299999237060547,26,,URY,258,43043,29178,265,327,National,Men,Uruguay,2008,Not Indigenous or Afro-descendant
17.100000381469727,26,,URY,258,43040,29178,265,327,National,Men,Uruguay,2008,Total
36.29999923706055,26,,URY,258,43044,29178,266,327,National,Women,Uruguay,2008,Afro-descendant
24.799999237060547,26,,URY,258,77477,29178,266,327,National,Women,Uruguay,2008,Indigenous
16.200000762939453,26,,URY,258,43043,29178,266,327,National,Women,Uruguay,2008,Not Indigenous or Afro-descendant
17,26,,URY,258,43040,29178,266,327,National,Women,Uruguay,2008,Total
23.200000762939453,26,,URY,258,43044,29178,146,331,Rural,Both sexes,Uruguay,2008,Afro-descendant
16.899999618530273,26,,URY,258,77477,29178,146,331,Rural,Both sexes,Uruguay,2008,Indigenous
12.199999809265137,26,,URY,258,43043,29178,146,331,Rural,Both sexes,Uruguay,2008,Not Indigenous or Afro-descendant
12.5,26,,URY,258,43040,29178,146,331,Rural,Both sexes,Uruguay,2008,Total
18.399999618530273,26,,URY,258,43044,29178,265,331,Rural,Men,Uruguay,2008,Afro-descendant
14.100000381469727,26,13639,URY,258,77477,29178,265,331,Rural,Men,Uruguay,2008,Indigenous
11.699999809265137,26,,URY,258,43043,29178,265,331,Rural,Men,Uruguay,2008,Not Indigenous or Afro-descendant
11.800000190734863,26,,URY,258,43040,29178,265,331,Rural,Men,Uruguay,2008,Total
30.700000762939453,26,13639,URY,258,43044,29178,266,331,Rural,Women,Uruguay,2008,Afro-descendant
20.200000762939453,26,13639,URY,258,77477,29178,266,331,Rural,Women,Uruguay,2008,Indigenous
12.899999618530273,26,,URY,258,43043,29178,266,331,Rural,Women,Uruguay,2008,Not Indigenous or Afro-descendant
13.300000190734863,26,,URY,258,43040,29178,266,331,Rural,Women,Uruguay,2008,Total
35.79999923706055,26,,URY,258,43044,29178,146,330,Urban,Both sexes,Uruguay,2008,Afro-descendant
23.899999618530273,26,,URY,258,77477,29178,146,330,Urban,Both sexes,Uruguay,2008,Indigenous
16.5,26,,URY,258,43043,29178,146,330,Urban,Both sexes,Uruguay,2008,Not Indigenous or Afro-descendant
17.399999618530273,26,,URY,258,43040,29178,146,330,Urban,Both sexes,Uruguay,2008,Total
35.20000076293945,26,,URY,258,43044,29178,265,330,Urban,Men,Uruguay,2008,Afro-descendant
22.700000762939453,26,,URY,258,77477,29178,265,330,Urban,Men,Uruguay,2008,Indigenous
16.700000762939453,26,,URY,258,43043,29178,265,330,Urban,Men,Uruguay,2008,Not Indigenous or Afro-descendant
17.5,26,,URY,258,43040,29178,265,330,Urban,Men,Uruguay,2008,Total
36.5,26,,URY,258,43044,29178,266,330,Urban,Women,Uruguay,2008,Afro-descendant
25.100000381469727,26,,URY,258,77477,29178,266,330,Urban,Women,Uruguay,2008,Indigenous
16.399999618530273,26,,URY,258,43043,29178,266,330,Urban,Women,Uruguay,2008,Not Indigenous or Afro-descendant
17.200000762939453,26,,URY,258,43040,29178,266,330,Urban,Women,Uruguay,2008,Total
28.899999618530273,26,,URY,258,43044,29179,146,327,National,Both sexes,Uruguay,2009,Afro-descendant
21.700000762939453,26,,URY,258,77477,29179,146,327,National,Both sexes,Uruguay,2009,Indigenous
15,26,,URY,258,43043,29179,146,327,National,Both sexes,Uruguay,2009,Not Indigenous or Afro-descendant
15.600000381469727,26,,URY,258,43040,29179,146,327,National,Both sexes,Uruguay,2009,Total
29.399999618530273,26,,URY,258,43044,29179,265,327,National,Men,Uruguay,2009,Afro-descendant
21.399999618530273,26,,URY,258,77477,29179,265,327,National,Men,Uruguay,2009,Indigenous
15.300000190734863,26,,URY,258,43043,29179,265,327,National,Men,Uruguay,2009,Not Indigenous or Afro-descendant
15.800000190734863,26,,URY,258,43040,29179,265,327,National,Men,Uruguay,2009,Total
28.399999618530273,26,,URY,258,43044,29179,266,327,National,Women,Uruguay,2009,Afro-descendant
22,26,,URY,258,77477,29179,266,327,National,Women,Uruguay,2009,Indigenous
14.800000190734863,26,,URY,258,43043,29179,266,327,National,Women,Uruguay,2009,Not Indigenous or Afro-descendant
15.300000190734863,26,,URY,258,43040,29179,266,327,National,Women,Uruguay,2009,Total
21.799999237060547,26,,URY,258,43044,29179,146,331,Rural,Both sexes,Uruguay,2009,Afro-descendant
2.299999952316284,26,13639,URY,258,77477,29179,146,331,Rural,Both sexes,Uruguay,2009,Indigenous
12.5,26,,URY,258,43043,29179,146,331,Rural,Both sexes,Uruguay,2009,Not Indigenous or Afro-descendant
12.600000381469727,26,,URY,258,43040,29179,146,331,Rural,Both sexes,Uruguay,2009,Total
23.200000762939453,26,13639,URY,258,43044,29179,265,331,Rural,Men,Uruguay,2009,Afro-descendant
1.600000023841858,26,13639,URY,258,77477,29179,265,331,Rural,Men,Uruguay,2009,Indigenous
12.199999809265137,26,,URY,258,43043,29179,265,331,Rural,Men,Uruguay,2009,Not Indigenous or Afro-descendant
12.300000190734863,26,,URY,258,43040,29179,265,331,Rural,Men,Uruguay,2009,Total
20.200000762939453,26,13639,URY,258,43044,29179,266,331,Rural,Women,Uruguay,2009,Afro-descendant
4,26,13639,URY,258,77477,29179,266,331,Rural,Women,Uruguay,2009,Indigenous
12.899999618530273,26,,URY,258,43043,29179,266,331,Rural,Women,Uruguay,2009,Not Indigenous or Afro-descendant
13,26,,URY,258,43040,29179,266,331,Rural,Women,Uruguay,2009,Total
29.100000381469727,26,,URY,258,43044,29179,146,330,Urban,Both sexes,Uruguay,2009,Afro-descendant
22.5,26,,URY,258,77477,29179,146,330,Urban,Both sexes,Uruguay,2009,Indigenous
15.199999809265137,26,,URY,258,43043,29179,146,330,Urban,Both sexes,Uruguay,2009,Not Indigenous or Afro-descendant
15.800000190734863,26,,URY,258,43040,29179,146,330,Urban,Both sexes,Uruguay,2009,Total
29.700000762939453,26,,URY,258,43044,29179,265,330,Urban,Men,Uruguay,2009,Afro-descendant
22.600000381469727,26,,URY,258,77477,29179,265,330,Urban,Men,Uruguay,2009,Indigenous
15.5,26,,URY,258,43043,29179,265,330,Urban,Men,Uruguay,2009,Not Indigenous or Afro-descendant
16.100000381469727,26,,URY,258,43040,29179,265,330,Urban,Men,Uruguay,2009,Total
28.600000381469727,26,,URY,258,43044,29179,266,330,Urban,Women,Uruguay,2009,Afro-descendant
22.5,26,,URY,258,77477,29179,266,330,Urban,Women,Uruguay,2009,Indigenous
14.899999618530273,26,,URY,258,43043,29179,266,330,Urban,Women,Uruguay,2009,Not Indigenous or Afro-descendant
15.5,26,,URY,258,43040,29179,266,330,Urban,Women,Uruguay,2009,Total
30.799999237060547,26,,URY,258,43044,29180,146,327,National,Both sexes,Uruguay,2010,Afro-descendant
21.299999237060547,26,,URY,258,77477,29180,146,327,National,Both sexes,Uruguay,2010,Indigenous
15,26,,URY,258,43043,29180,146,327,National,Both sexes,Uruguay,2010,Not Indigenous or Afro-descendant
15.699999809265137,26,,URY,258,43040,29180,146,327,National,Both sexes,Uruguay,2010,Total
29.399999618530273,26,,URY,258,43044,29180,265,327,National,Men,Uruguay,2010,Afro-descendant
21.600000381469727,26,,URY,258,77477,29180,265,327,National,Men,Uruguay,2010,Indigenous
15.300000190734863,26,,URY,258,43043,29180,265,327,National,Men,Uruguay,2010,Not Indigenous or Afro-descendant
15.899999618530273,26,,URY,258,43040,29180,265,327,National,Men,Uruguay,2010,Total
32.20000076293945,26,,URY,258,43044,29180,266,327,National,Women,Uruguay,2010,Afro-descendant
21.100000381469727,26,,URY,258,77477,29180,266,327,National,Women,Uruguay,2010,Indigenous
14.899999618530273,26,,URY,258,43043,29180,266,327,National,Women,Uruguay,2010,Not Indigenous or Afro-descendant
15.5,26,,URY,258,43040,29180,266,327,National,Women,Uruguay,2010,Total
28.399999618530273,26,,URY,258,43044,29180,146,331,Rural,Both sexes,Uruguay,2010,Afro-descendant
3,26,13639,URY,258,77477,29180,146,331,Rural,Both sexes,Uruguay,2010,Indigenous
11.300000190734863,26,,URY,258,43043,29180,146,331,Rural,Both sexes,Uruguay,2010,Not Indigenous or Afro-descendant
11.600000381469727,26,,URY,258,43040,29180,146,331,Rural,Both sexes,Uruguay,2010,Total
26.5,26,,URY,258,43044,29180,265,331,Rural,Men,Uruguay,2010,Afro-descendant
4.099999904632568,26,13639,URY,258,77477,29180,265,331,Rural,Men,Uruguay,2010,Indigenous
10.699999809265137,26,,URY,258,43043,29180,265,331,Rural,Men,Uruguay,2010,Not Indigenous or Afro-descendant
11,26,,URY,258,43040,29180,265,331,Rural,Men,Uruguay,2010,Total
30.100000381469727,26,13639,URY,258,43044,29180,266,331,Rural,Women,Uruguay,2010,Afro-descendant
1.899999976158142,26,13639,URY,258,77477,29180,266,331,Rural,Women,Uruguay,2010,Indigenous
11.899999618530273,26,,URY,258,43043,29180,266,331,Rural,Women,Uruguay,2010,Not Indigenous or Afro-descendant
12.300000190734863,26,,URY,258,43040,29180,266,331,Rural,Women,Uruguay,2010,Total
30.899999618530273,26,,URY,258,43044,29180,146,330,Urban,Both sexes,Uruguay,2010,Afro-descendant
21.600000381469727,26,,URY,258,77477,29180,146,330,Urban,Both sexes,Uruguay,2010,Indigenous
15.199999809265137,26,,URY,258,43043,29180,146,330,Urban,Both sexes,Uruguay,2010,Not Indigenous or Afro-descendant
15.899999618530273,26,,URY,258,43040,29180,146,330,Urban,Both sexes,Uruguay,2010,Total
29.399999618530273,26,,URY,258,43044,29180,265,330,Urban,Men,Uruguay,2010,Afro-descendant
22,26,,URY,258,77477,29180,265,330,Urban,Men,Uruguay,2010,Indigenous
15.5,26,,URY,258,43043,29180,265,330,Urban,Men,Uruguay,2010,Not Indigenous or Afro-descendant
16.100000381469727,26,,URY,258,43040,29180,265,330,Urban,Men,Uruguay,2010,Total
32.29999923706055,26,,URY,258,43044,29180,266,330,Urban,Women,Uruguay,2010,Afro-descendant
21.399999618530273,26,,URY,258,77477,29180,266,330,Urban,Women,Uruguay,2010,Indigenous
15,26,,URY,258,43043,29180,266,330,Urban,Women,Uruguay,2010,Not Indigenous or Afro-descendant
15.699999809265137,26,,URY,258,43040,29180,266,330,Urban,Women,Uruguay,2010,Total
30.299999237060547,26,,URY,258,43044,29181,146,327,National,Both sexes,Uruguay,2011,Afro-descendant
20,26,,URY,258,77477,29181,146,327,National,Both sexes,Uruguay,2011,Indigenous
13.5,26,,URY,258,43043,29181,146,327,National,Both sexes,Uruguay,2011,Not Indigenous or Afro-descendant
14.199999809265137,26,,URY,258,43040,29181,146,327,National,Both sexes,Uruguay,2011,Total
28.700000762939453,26,,URY,258,43044,29181,265,327,National,Men,Uruguay,2011,Afro-descendant
16.299999237060547,26,,URY,258,77477,29181,265,327,National,Men,Uruguay,2011,Indigenous
13.600000381469727,26,,URY,258,43043,29181,265,327,National,Men,Uruguay,2011,Not Indigenous or Afro-descendant
14.199999809265137,26,,URY,258,43040,29181,265,327,National,Men,Uruguay,2011,Total
32,26,,URY,258,43044,29181,266,327,National,Women,Uruguay,2011,Afro-descendant
23.299999237060547,26,,URY,258,77477,29181,266,327,National,Women,Uruguay,2011,Indigenous
13.399999618530273,26,,URY,258,43043,29181,266,327,National,Women,Uruguay,2011,Not Indigenous or Afro-descendant
14.199999809265137,26,,URY,258,43040,29181,266,327,National,Women,Uruguay,2011,Total
20.799999237060547,26,,URY,258,43044,29181,146,331,Rural,Both sexes,Uruguay,2011,Afro-descendant
13.699999809265137,26,13639,URY,258,77477,29181,146,331,Rural,Both sexes,Uruguay,2011,Indigenous
8.199999809265137,26,,URY,258,43043,29181,146,331,Rural,Both sexes,Uruguay,2011,Not Indigenous or Afro-descendant
8.699999809265137,26,,URY,258,43040,29181,146,331,Rural,Both sexes,Uruguay,2011,Total
22.399999618530273,26,,URY,258,43044,29181,265,331,Rural,Men,Uruguay,2011,Afro-descendant
11.899999618530273,26,13639,URY,258,77477,29181,265,331,Rural,Men,Uruguay,2011,Indigenous
8.199999809265137,26,,URY,258,43043,29181,265,331,Rural,Men,Uruguay,2011,Not Indigenous or Afro-descendant
8.699999809265137,26,,URY,258,43040,29181,265,331,Rural,Men,Uruguay,2011,Total
19,26,,URY,258,43044,29181,266,331,Rural,Women,Uruguay,2011,Afro-descendant
17.100000381469727,26,13639,URY,258,77477,29181,266,331,Rural,Women,Uruguay,2011,Indigenous
8.300000190734863,26,,URY,258,43043,29181,266,331,Rural,Women,Uruguay,2011,Not Indigenous or Afro-descendant
8.699999809265137,26,,URY,258,43040,29181,266,331,Rural,Women,Uruguay,2011,Total
31,26,,URY,258,43044,29181,146,330,Urban,Both sexes,Uruguay,2011,Afro-descendant
20.399999618530273,26,,URY,258,77477,29181,146,330,Urban,Both sexes,Uruguay,2011,Indigenous
14,26,,URY,258,43043,29181,146,330,Urban,Both sexes,Uruguay,2011,Not Indigenous or Afro-descendant
14.699999809265137,26,,URY,258,43040,29181,146,330,Urban,Both sexes,Uruguay,2011,Total
29.100000381469727,26,,URY,258,43044,29181,265,330,Urban,Men,Uruguay,2011,Afro-descendant
16.799999237060547,26,,URY,258,77477,29181,265,330,Urban,Men,Uruguay,2011,Indigenous
14.100000381469727,26,,URY,258,43043,29181,265,330,Urban,Men,Uruguay,2011,Not Indigenous or Afro-descendant
14.699999809265137,26,,URY,258,43040,29181,265,330,Urban,Men,Uruguay,2011,Total
32.79999923706055,26,,URY,258,43044,29181,266,330,Urban,Women,Uruguay,2011,Afro-descendant
23.600000381469727,26,,URY,258,77477,29181,266,330,Urban,Women,Uruguay,2011,Indigenous
13.800000190734863,26,,URY,258,43043,29181,266,330,Urban,Women,Uruguay,2011,Not Indigenous or Afro-descendant
14.600000381469727,26,,URY,258,43040,29181,266,330,Urban,Women,Uruguay,2011,Total
31.299999237060547,26,,URY,258,43044,29182,146,327,National,Both sexes,Uruguay,2012,Afro-descendant
20.5,26,,URY,258,77477,29182,146,327,National,Both sexes,Uruguay,2012,Indigenous
14.399999618530273,26,,URY,258,43043,29182,146,327,National,Both sexes,Uruguay,2012,Not Indigenous or Afro-descendant
15.199999809265137,26,,URY,258,43040,29182,146,327,National,Both sexes,Uruguay,2012,Total
30.899999618530273,26,,URY,258,43044,29182,265,327,National,Men,Uruguay,2012,Afro-descendant
20.200000762939453,26,,URY,258,77477,29182,265,327,National,Men,Uruguay,2012,Indigenous
14.399999618530273,26,,URY,258,43043,29182,265,327,National,Men,Uruguay,2012,Not Indigenous or Afro-descendant
15.100000381469727,26,,URY,258,43040,29182,265,327,National,Men,Uruguay,2012,Total
31.799999237060547,26,,URY,258,43044,29182,266,327,National,Women,Uruguay,2012,Afro-descendant
20.799999237060547,26,,URY,258,77477,29182,266,327,National,Women,Uruguay,2012,Indigenous
14.399999618530273,26,,URY,258,43043,29182,266,327,National,Women,Uruguay,2012,Not Indigenous or Afro-descendant
15.199999809265137,26,,URY,258,43040,29182,266,327,National,Women,Uruguay,2012,Total
22.100000381469727,26,,URY,258,43044,29182,146,331,Rural,Both sexes,Uruguay,2012,Afro-descendant
21.899999618530273,26,13639,URY,258,77477,29182,146,331,Rural,Both sexes,Uruguay,2012,Indigenous
9.899999618530273,26,,URY,258,43043,29182,146,331,Rural,Both sexes,Uruguay,2012,Not Indigenous or Afro-descendant
10.5,26,,URY,258,43040,29182,146,331,Rural,Both sexes,Uruguay,2012,Total
19.5,26,,URY,258,43044,29182,265,331,Rural,Men,Uruguay,2012,Afro-descendant
22,26,13639,URY,258,77477,29182,265,331,Rural,Men,Uruguay,2012,Indigenous
9.800000190734863,26,,URY,258,43043,29182,265,331,Rural,Men,Uruguay,2012,Not Indigenous or Afro-descendant
10.300000190734863,26,,URY,258,43040,29182,265,331,Rural,Men,Uruguay,2012,Total
24.899999618530273,26,,URY,258,43044,29182,266,331,Rural,Women,Uruguay,2012,Afro-descendant
21.899999618530273,26,13639,URY,258,77477,29182,266,331,Rural,Women,Uruguay,2012,Indigenous
10.100000381469727,26,,URY,258,43043,29182,266,331,Rural,Women,Uruguay,2012,Not Indigenous or Afro-descendant
10.699999809265137,26,,URY,258,43040,29182,266,331,Rural,Women,Uruguay,2012,Total
31.799999237060547,26,,URY,258,43044,29182,146,330,Urban,Both sexes,Uruguay,2012,Afro-descendant
20.399999618530273,26,,URY,258,77477,29182,146,330,Urban,Both sexes,Uruguay,2012,Indigenous
14.699999809265137,26,,URY,258,43043,29182,146,330,Urban,Both sexes,Uruguay,2012,Not Indigenous or Afro-descendant
15.5,26,,URY,258,43040,29182,146,330,Urban,Both sexes,Uruguay,2012,Total
31.399999618530273,26,,URY,258,43044,29182,265,330,Urban,Men,Uruguay,2012,Afro-descendant
20.100000381469727,26,,URY,258,77477,29182,265,330,Urban,Men,Uruguay,2012,Indigenous
14.699999809265137,26,,URY,258,43043,29182,265,330,Urban,Men,Uruguay,2012,Not Indigenous or Afro-descendant
15.5,26,,URY,258,43040,29182,265,330,Urban,Men,Uruguay,2012,Total
32.099998474121094,26,,URY,258,43044,29182,266,330,Urban,Women,Uruguay,2012,Afro-descendant
20.700000762939453,26,,URY,258,77477,29182,266,330,Urban,Women,Uruguay,2012,Indigenous
14.699999809265137,26,,URY,258,43043,29182,266,330,Urban,Women,Uruguay,2012,Not Indigenous or Afro-descendant
15.5,26,,URY,258,43040,29182,266,330,Urban,Women,Uruguay,2012,Total
27.200000762939453,26,,URY,258,43044,29183,146,327,National,Both sexes,Uruguay,2013,Afro-descendant
15.100000381469727,26,,URY,258,77477,29183,146,327,National,Both sexes,Uruguay,2013,Indigenous
12.899999618530273,26,,URY,258,43043,29183,146,327,National,Both sexes,Uruguay,2013,Not Indigenous or Afro-descendant
13.5,26,,URY,258,43040,29183,146,327,National,Both sexes,Uruguay,2013,Total
25.799999237060547,26,,URY,258,43044,29183,265,327,National,Men,Uruguay,2013,Afro-descendant
14.600000381469727,26,,URY,258,77477,29183,265,327,National,Men,Uruguay,2013,Indigenous
12.899999618530273,26,,URY,258,43043,29183,265,327,National,Men,Uruguay,2013,Not Indigenous or Afro-descendant
13.399999618530273,26,,URY,258,43040,29183,265,327,National,Men,Uruguay,2013,Total
28.600000381469727,26,,URY,258,43044,29183,266,327,National,Women,Uruguay,2013,Afro-descendant
15.5,26,,URY,258,77477,29183,266,327,National,Women,Uruguay,2013,Indigenous
13,26,,URY,258,43043,29183,266,327,National,Women,Uruguay,2013,Not Indigenous or Afro-descendant
13.699999809265137,26,,URY,258,43040,29183,266,327,National,Women,Uruguay,2013,Total
15.600000381469727,26,,URY,258,43044,29183,146,331,Rural,Both sexes,Uruguay,2013,Afro-descendant
15.399999618530273,26,13639,URY,258,77477,29183,146,331,Rural,Both sexes,Uruguay,2013,Indigenous
7.400000095367432,26,,URY,258,43043,29183,146,331,Rural,Both sexes,Uruguay,2013,Not Indigenous or Afro-descendant
7.699999809265137,26,,URY,258,43040,29183,146,331,Rural,Both sexes,Uruguay,2013,Total
13,26,13639,URY,258,43044,29183,265,331,Rural,Men,Uruguay,2013,Afro-descendant
22.299999237060547,26,13639,URY,258,77477,29183,265,331,Rural,Men,Uruguay,2013,Indigenous
7.300000190734863,26,,URY,258,43043,29183,265,331,Rural,Men,Uruguay,2013,Not Indigenous or Afro-descendant
7.599999904632568,26,,URY,258,43040,29183,265,331,Rural,Men,Uruguay,2013,Total
18.200000762939453,26,13639,URY,258,43044,29183,266,331,Rural,Women,Uruguay,2013,Afro-descendant
10.5,26,13639,URY,258,77477,29183,266,331,Rural,Women,Uruguay,2013,Indigenous
7.599999904632568,26,,URY,258,43043,29183,266,331,Rural,Women,Uruguay,2013,Not Indigenous or Afro-descendant
7.900000095367432,26,,URY,258,43040,29183,266,331,Rural,Women,Uruguay,2013,Total
27.700000762939453,26,,URY,258,43044,29183,146,330,Urban,Both sexes,Uruguay,2013,Afro-descendant
15.100000381469727,26,,URY,258,77477,29183,146,330,Urban,Both sexes,Uruguay,2013,Indigenous
13.199999809265137,26,,URY,258,43043,29183,146,330,Urban,Both sexes,Uruguay,2013,Not Indigenous or Afro-descendant
13.899999618530273,26,,URY,258,43040,29183,146,330,Urban,Both sexes,Uruguay,2013,Total
26.299999237060547,26,,URY,258,43044,29183,265,330,Urban,Men,Uruguay,2013,Afro-descendant
14.300000190734863,26,,URY,258,77477,29183,265,330,Urban,Men,Uruguay,2013,Indigenous
13.199999809265137,26,,URY,258,43043,29183,265,330,Urban,Men,Uruguay,2013,Not Indigenous or Afro-descendant
13.800000190734863,26,,URY,258,43040,29183,265,330,Urban,Men,Uruguay,2013,Total
28.899999618530273,26,,URY,258,43044,29183,266,330,Urban,Women,Uruguay,2013,Afro-descendant
15.800000190734863,26,,URY,258,77477,29183,266,330,Urban,Women,Uruguay,2013,Indigenous
13.300000190734863,26,,URY,258,43043,29183,266,330,Urban,Women,Uruguay,2013,Not Indigenous or Afro-descendant
14,26,,URY,258,43040,29183,266,330,Urban,Women,Uruguay,2013,Total
25.600000381469727,26,,URY,258,43044,29184,146,327,National,Both sexes,Uruguay,2014,Afro-descendant
14.5,26,,URY,258,77477,29184,146,327,National,Both sexes,Uruguay,2014,Indigenous
12.399999618530273,26,,URY,258,43043,29184,146,327,National,Both sexes,Uruguay,2014,Not Indigenous or Afro-descendant
13,26,,URY,258,43040,29184,146,327,National,Both sexes,Uruguay,2014,Total
24.299999237060547,26,,URY,258,43044,29184,265,327,National,Men,Uruguay,2014,Afro-descendant
14.199999809265137,26,,URY,258,77477,29184,265,327,National,Men,Uruguay,2014,Indigenous
12.100000381469727,26,,URY,258,43043,29184,265,327,National,Men,Uruguay,2014,Not Indigenous or Afro-descendant
12.699999809265137,26,,URY,258,43040,29184,265,327,National,Men,Uruguay,2014,Total
26.899999618530273,26,,URY,258,43044,29184,266,327,National,Women,Uruguay,2014,Afro-descendant
14.800000190734863,26,,URY,258,77477,29184,266,327,National,Women,Uruguay,2014,Indigenous
12.600000381469727,26,,URY,258,43043,29184,266,327,National,Women,Uruguay,2014,Not Indigenous or Afro-descendant
13.300000190734863,26,,URY,258,43040,29184,266,327,National,Women,Uruguay,2014,Total
18.600000381469727,26,,URY,258,43044,29184,146,331,Rural,Both sexes,Uruguay,2014,Afro-descendant
8,26,13639,URY,258,77477,29184,146,331,Rural,Both sexes,Uruguay,2014,Indigenous
8.800000190734863,26,,URY,258,43043,29184,146,331,Rural,Both sexes,Uruguay,2014,Not Indigenous or Afro-descendant
9.100000381469727,26,,URY,258,43040,29184,146,331,Rural,Both sexes,Uruguay,2014,Total
16.600000381469727,26,13639,URY,258,43044,29184,265,331,Rural,Men,Uruguay,2014,Afro-descendant
13.300000190734863,26,13639,URY,258,77477,29184,265,331,Rural,Men,Uruguay,2014,Indigenous
8,26,,URY,258,43043,29184,265,331,Rural,Men,Uruguay,2014,Not Indigenous or Afro-descendant
8.300000190734863,26,,URY,258,43040,29184,265,331,Rural,Men,Uruguay,2014,Total
20.600000381469727,26,13639,URY,258,43044,29184,266,331,Rural,Women,Uruguay,2014,Afro-descendant
2.700000047683716,26,13639,URY,258,77477,29184,266,331,Rural,Women,Uruguay,2014,Indigenous
9.699999809265137,26,,URY,258,43043,29184,266,331,Rural,Women,Uruguay,2014,Not Indigenous or Afro-descendant
9.899999618530273,26,,URY,258,43040,29184,266,331,Rural,Women,Uruguay,2014,Total
25.899999618530273,26,,URY,258,43044,29184,146,330,Urban,Both sexes,Uruguay,2014,Afro-descendant
14.899999618530273,26,,URY,258,77477,29184,146,330,Urban,Both sexes,Uruguay,2014,Indigenous
12.600000381469727,26,,URY,258,43043,29184,146,330,Urban,Both sexes,Uruguay,2014,Not Indigenous or Afro-descendant
13.300000190734863,26,,URY,258,43040,29184,146,330,Urban,Both sexes,Uruguay,2014,Total
24.600000381469727,26,,URY,258,43044,29184,265,330,Urban,Men,Uruguay,2014,Afro-descendant
14.199999809265137,26,,URY,258,77477,29184,265,330,Urban,Men,Uruguay,2014,Indigenous
12.399999618530273,26,,URY,258,43043,29184,265,330,Urban,Men,Uruguay,2014,Not Indigenous or Afro-descendant
13,26,,URY,258,43040,29184,265,330,Urban,Men,Uruguay,2014,Total
27.100000381469727,26,,URY,258,43044,29184,266,330,Urban,Women,Uruguay,2014,Afro-descendant
15.300000190734863,26,,URY,258,77477,29184,266,330,Urban,Women,Uruguay,2014,Indigenous
12.699999809265137,26,,URY,258,43043,29184,266,330,Urban,Women,Uruguay,2014,Not Indigenous or Afro-descendant
13.399999618530273,26,,URY,258,43040,29184,266,330,Urban,Women,Uruguay,2014,Total
24.899999618530273,26,,URY,258,43044,29185,146,327,National,Both sexes,Uruguay,2015,Afro-descendant
17.600000381469727,26,,URY,258,77477,29185,146,327,National,Both sexes,Uruguay,2015,Indigenous
11.800000190734863,26,,URY,258,43043,29185,146,327,National,Both sexes,Uruguay,2015,Not Indigenous or Afro-descendant
12.5,26,,URY,258,43040,29185,146,327,National,Both sexes,Uruguay,2015,Total
24.5,26,,URY,258,43044,29185,265,327,National,Men,Uruguay,2015,Afro-descendant
16.799999237060547,26,,URY,258,77477,29185,265,327,National,Men,Uruguay,2015,Indigenous
11.5,26,,URY,258,43043,29185,265,327,National,Men,Uruguay,2015,Not Indigenous or Afro-descendant
12.199999809265137,26,,URY,258,43040,29185,265,327,National,Men,Uruguay,2015,Total
25.399999618530273,26,,URY,258,43044,29185,266,327,National,Women,Uruguay,2015,Afro-descendant
18.299999237060547,26,,URY,258,77477,29185,266,327,National,Women,Uruguay,2015,Indigenous
12.199999809265137,26,,URY,258,43043,29185,266,327,National,Women,Uruguay,2015,Not Indigenous or Afro-descendant
12.800000190734863,26,,URY,258,43040,29185,266,327,National,Women,Uruguay,2015,Total
21.100000381469727,26,13639,URY,258,43044,29185,146,331,Rural,Both sexes,Uruguay,2015,Afro-descendant
8.100000381469727,26,,URY,258,77477,29185,146,331,Rural,Both sexes,Uruguay,2015,Indigenous
8,26,,URY,258,43043,29185,146,331,Rural,Both sexes,Uruguay,2015,Not Indigenous or Afro-descendant
8.199999809265137,26,,URY,258,43040,29185,146,331,Rural,Both sexes,Uruguay,2015,Total
18.899999618530273,26,13639,URY,258,43044,29185,265,331,Rural,Men,Uruguay,2015,Afro-descendant
10.899999618530273,26,13639,URY,258,77477,29185,265,331,Rural,Men,Uruguay,2015,Indigenous
8,26,,URY,258,43043,29185,265,331,Rural,Men,Uruguay,2015,Not Indigenous or Afro-descendant
8.300000190734863,26,,URY,258,43040,29185,265,331,Rural,Men,Uruguay,2015,Total
23.5,26,13639,URY,258,43044,29185,266,331,Rural,Women,Uruguay,2015,Afro-descendant
4.599999904632568,26,13639,URY,258,77477,29185,266,331,Rural,Women,Uruguay,2015,Indigenous
7.900000095367432,26,,URY,258,43043,29185,266,331,Rural,Women,Uruguay,2015,Not Indigenous or Afro-descendant
8.199999809265137,26,,URY,258,43040,29185,266,331,Rural,Women,Uruguay,2015,Total
25,26,,URY,258,43044,29185,146,330,Urban,Both sexes,Uruguay,2015,Afro-descendant
18.100000381469727,26,,URY,258,77477,29185,146,330,Urban,Both sexes,Uruguay,2015,Indigenous
12.100000381469727,26,,URY,258,43043,29185,146,330,Urban,Both sexes,Uruguay,2015,Not Indigenous or Afro-descendant
12.800000190734863,26,,URY,258,43040,29185,146,330,Urban,Both sexes,Uruguay,2015,Total
24.700000762939453,26,,URY,258,43044,29185,265,330,Urban,Men,Uruguay,2015,Afro-descendant
17.100000381469727,26,,URY,258,77477,29185,265,330,Urban,Men,Uruguay,2015,Indigenous
11.800000190734863,26,,URY,258,43043,29185,265,330,Urban,Men,Uruguay,2015,Not Indigenous or Afro-descendant
12.399999618530273,26,,URY,258,43040,29185,265,330,Urban,Men,Uruguay,2015,Total
25.399999618530273,26,,URY,258,43044,29185,266,330,Urban,Women,Uruguay,2015,Afro-descendant
19,26,,URY,258,77477,29185,266,330,Urban,Women,Uruguay,2015,Indigenous
12.399999618530273,26,,URY,258,43043,29185,266,330,Urban,Women,Uruguay,2015,Not Indigenous or Afro-descendant
13.100000381469727,26,,URY,258,43040,29185,266,330,Urban,Women,Uruguay,2015,Total
23.299999237060547,26,,URY,258,43044,29186,146,327,National,Both sexes,Uruguay,2016,Afro-descendant
16.299999237060547,26,,URY,258,77477,29186,146,327,National,Both sexes,Uruguay,2016,Indigenous
12,26,,URY,258,43043,29186,146,327,National,Both sexes,Uruguay,2016,Not Indigenous or Afro-descendant
12.5,26,,URY,258,43040,29186,146,327,National,Both sexes,Uruguay,2016,Total
21.899999618530273,26,,URY,258,43044,29186,265,327,National,Men,Uruguay,2016,Afro-descendant
15,26,,URY,258,77477,29186,265,327,National,Men,Uruguay,2016,Indigenous
11.899999618530273,26,,URY,258,43043,29186,265,327,National,Men,Uruguay,2016,Not Indigenous or Afro-descendant
12.300000190734863,26,,URY,258,43040,29186,265,327,National,Men,Uruguay,2016,Total
24.700000762939453,26,,URY,258,43044,29186,266,327,National,Women,Uruguay,2016,Afro-descendant
17.299999237060547,26,,URY,258,77477,29186,266,327,National,Women,Uruguay,2016,Indigenous
12.100000381469727,26,,URY,258,43043,29186,266,327,National,Women,Uruguay,2016,Not Indigenous or Afro-descendant
12.699999809265137,26,,URY,258,43040,29186,266,327,National,Women,Uruguay,2016,Total
9.899999618530273,26,,URY,258,43044,29186,146,331,Rural,Both sexes,Uruguay,2016,Afro-descendant
16.600000381469727,26,13639,URY,258,77477,29186,146,331,Rural,Both sexes,Uruguay,2016,Indigenous
8.600000381469727,26,,URY,258,43043,29186,146,331,Rural,Both sexes,Uruguay,2016,Not Indigenous or Afro-descendant
8.699999809265137,26,,URY,258,43040,29186,146,331,Rural,Both sexes,Uruguay,2016,Total
9.5,26,13639,URY,258,43044,29186,265,331,Rural,Men,Uruguay,2016,Afro-descendant
17.399999618530273,26,13639,URY,258,77477,29186,265,331,Rural,Men,Uruguay,2016,Indigenous
8.5,26,,URY,258,43043,29186,265,331,Rural,Men,Uruguay,2016,Not Indigenous or Afro-descendant
8.699999809265137,26,,URY,258,43040,29186,265,331,Rural,Men,Uruguay,2016,Total
10.300000190734863,26,13639,URY,258,43044,29186,266,331,Rural,Women,Uruguay,2016,Afro-descendant
15.600000381469727,26,13639,URY,258,77477,29186,266,331,Rural,Women,Uruguay,2016,Indigenous
8.600000381469727,26,,URY,258,43043,29186,266,331,Rural,Women,Uruguay,2016,Not Indigenous or Afro-descendant
8.699999809265137,26,,URY,258,43040,29186,266,331,Rural,Women,Uruguay,2016,Total
23.799999237060547,26,,URY,258,43044,29186,146,330,Urban,Both sexes,Uruguay,2016,Afro-descendant
16.299999237060547,26,,URY,258,77477,29186,146,330,Urban,Both sexes,Uruguay,2016,Indigenous
12.199999809265137,26,,URY,258,43043,29186,146,330,Urban,Both sexes,Uruguay,2016,Not Indigenous or Afro-descendant
12.800000190734863,26,,URY,258,43040,29186,146,330,Urban,Both sexes,Uruguay,2016,Total
22.299999237060547,26,,URY,258,43044,29186,265,330,Urban,Men,Uruguay,2016,Afro-descendant
14.899999618530273,26,,URY,258,77477,29186,265,330,Urban,Men,Uruguay,2016,Indigenous
12.100000381469727,26,,URY,258,43043,29186,265,330,Urban,Men,Uruguay,2016,Not Indigenous or Afro-descendant
12.600000381469727,26,,URY,258,43040,29186,265,330,Urban,Men,Uruguay,2016,Total
25.200000762939453,26,,URY,258,43044,29186,266,330,Urban,Women,Uruguay,2016,Afro-descendant
17.399999618530273,26,,URY,258,77477,29186,266,330,Urban,Women,Uruguay,2016,Indigenous
12.300000190734863,26,,URY,258,43043,29186,266,330,Urban,Women,Uruguay,2016,Not Indigenous or Afro-descendant
12.899999618530273,26,,URY,258,43040,29186,266,330,Urban,Women,Uruguay,2016,Total
21.5,26,,URY,258,43044,29187,146,327,National,Both sexes,Uruguay,2017,Afro-descendant
14.199999809265137,26,,URY,258,77477,29187,146,327,National,Both sexes,Uruguay,2017,Indigenous
10.899999618530273,26,,URY,258,43043,29187,146,327,National,Both sexes,Uruguay,2017,Not Indigenous or Afro-descendant
11.300000190734863,26,,URY,258,43040,29187,146,327,National,Both sexes,Uruguay,2017,Total
20.5,26,,URY,258,43044,29187,265,327,National,Men,Uruguay,2017,Afro-descendant
14.699999809265137,26,,URY,258,77477,29187,265,327,National,Men,Uruguay,2017,Indigenous
10.600000381469727,26,,URY,258,43043,29187,265,327,National,Men,Uruguay,2017,Not Indigenous or Afro-descendant
11.100000381469727,26,,URY,258,43040,29187,265,327,National,Men,Uruguay,2017,Total
22.399999618530273,26,,URY,258,43044,29187,266,327,National,Women,Uruguay,2017,Afro-descendant
13.800000190734863,26,,URY,258,77477,29187,266,327,National,Women,Uruguay,2017,Indigenous
11.100000381469727,26,,URY,258,43043,29187,266,327,National,Women,Uruguay,2017,Not Indigenous or Afro-descendant
11.600000381469727,26,,URY,258,43040,29187,266,327,National,Women,Uruguay,2017,Total
21.799999237060547,26,13639,URY,258,43044,29187,146,331,Rural,Both sexes,Uruguay,2017,Afro-descendant
2.9000000953674316,26,13639,URY,258,77477,29187,146,331,Rural,Both sexes,Uruguay,2017,Indigenous
7.5,26,,URY,258,43043,29187,146,331,Rural,Both sexes,Uruguay,2017,Not Indigenous or Afro-descendant
7.699999809265137,26,,URY,258,43040,29187,146,331,Rural,Both sexes,Uruguay,2017,Total
24.100000381469727,26,13639,URY,258,43044,29187,265,331,Rural,Men,Uruguay,2017,Afro-descendant
3.200000047683716,26,13639,URY,258,77477,29187,265,331,Rural,Men,Uruguay,2017,Indigenous
7.800000190734863,26,,URY,258,43043,29187,265,331,Rural,Men,Uruguay,2017,Not Indigenous or Afro-descendant
8,26,,URY,258,43040,29187,265,331,Rural,Men,Uruguay,2017,Total
19.799999237060547,26,13639,URY,258,43044,29187,266,331,Rural,Women,Uruguay,2017,Afro-descendant
2.700000047683716,26,13639,URY,258,77477,29187,266,331,Rural,Women,Uruguay,2017,Indigenous
7.199999809265137,26,,URY,258,43043,29187,266,331,Rural,Women,Uruguay,2017,Not Indigenous or Afro-descendant
7.5,26,,URY,258,43040,29187,266,331,Rural,Women,Uruguay,2017,Total
21.5,26,,URY,258,43044,29187,146,330,Urban,Both sexes,Uruguay,2017,Afro-descendant
14.600000381469727,26,,URY,258,77477,29187,146,330,Urban,Both sexes,Uruguay,2017,Indigenous
11.100000381469727,26,,URY,258,43043,29187,146,330,Urban,Both sexes,Uruguay,2017,Not Indigenous or Afro-descendant
11.600000381469727,26,,URY,258,43040,29187,146,330,Urban,Both sexes,Uruguay,2017,Total
20.399999618530273,26,,URY,258,43044,29187,265,330,Urban,Men,Uruguay,2017,Afro-descendant
15.100000381469727,26,,URY,258,77477,29187,265,330,Urban,Men,Uruguay,2017,Indigenous
10.800000190734863,26,,URY,258,43043,29187,265,330,Urban,Men,Uruguay,2017,Not Indigenous or Afro-descendant
11.300000190734863,26,,URY,258,43040,29187,265,330,Urban,Men,Uruguay,2017,Total
22.5,26,,URY,258,43044,29187,266,330,Urban,Women,Uruguay,2017,Afro-descendant
14.199999809265137,26,,URY,258,77477,29187,266,330,Urban,Women,Uruguay,2017,Indigenous
11.300000190734863,26,,URY,258,43043,29187,266,330,Urban,Women,Uruguay,2017,Not Indigenous or Afro-descendant
11.800000190734863,26,,URY,258,43040,29187,266,330,Urban,Women,Uruguay,2017,Total
23.600000381469727,26,,URY,258,43044,29188,146,327,National,Both sexes,Uruguay,2018,Afro-descendant
14.199999809265137,26,13639,URY,258,77477,29188,146,327,National,Both sexes,Uruguay,2018,Indigenous
11.100000381469727,26,,URY,258,43043,29188,146,327,National,Both sexes,Uruguay,2018,Not Indigenous or Afro-descendant
11.600000381469727,26,,URY,258,43040,29188,146,327,National,Both sexes,Uruguay,2018,Total
22.399999618530273,26,,URY,258,43044,29188,265,327,National,Men,Uruguay,2018,Afro-descendant
14.399999618530273,26,13639,URY,258,77477,29188,265,327,National,Men,Uruguay,2018,Indigenous
10.800000190734863,26,,URY,258,43043,29188,265,327,National,Men,Uruguay,2018,Not Indigenous or Afro-descendant
11.300000190734863,26,,URY,258,43040,29188,265,327,National,Men,Uruguay,2018,Total
24.799999237060547,26,,URY,258,43044,29188,266,327,National,Women,Uruguay,2018,Afro-descendant
14,26,13639,URY,258,77477,29188,266,327,National,Women,Uruguay,2018,Indigenous
11.300000190734863,26,,URY,258,43043,29188,266,327,National,Women,Uruguay,2018,Not Indigenous or Afro-descendant
11.899999618530273,26,,URY,258,43040,29188,266,327,National,Women,Uruguay,2018,Total
10.300000190734863,26,13639,URY,258,43044,29188,146,331,Rural,Both sexes,Uruguay,2018,Afro-descendant
33.29999923706055,26,13639,URY,258,77477,29188,146,331,Rural,Both sexes,Uruguay,2018,Indigenous
7.699999809265137,26,,URY,258,43043,29188,146,331,Rural,Both sexes,Uruguay,2018,Not Indigenous or Afro-descendant
7.900000095367432,26,,URY,258,43040,29188,146,331,Rural,Both sexes,Uruguay,2018,Total
11,26,13639,URY,258,43044,29188,265,331,Rural,Men,Uruguay,2018,Afro-descendant
32.599998474121094,26,13639,URY,258,77477,29188,265,331,Rural,Men,Uruguay,2018,Indigenous
7.300000190734863,26,,URY,258,43043,29188,265,331,Rural,Men,Uruguay,2018,Not Indigenous or Afro-descendant
7.599999904632568,26,,URY,258,43040,29188,265,331,Rural,Men,Uruguay,2018,Total
9.600000381469727,26,13639,URY,258,43044,29188,266,331,Rural,Women,Uruguay,2018,Afro-descendant
33.900001525878906,26,13639,URY,258,77477,29188,266,331,Rural,Women,Uruguay,2018,Indigenous
8,26,,URY,258,43043,29188,266,331,Rural,Women,Uruguay,2018,Not Indigenous or Afro-descendant
8.300000190734863,26,,URY,258,43040,29188,266,331,Rural,Women,Uruguay,2018,Total
24,26,,URY,258,43044,29188,146,330,Urban,Both sexes,Uruguay,2018,Afro-descendant
13.5,26,13639,URY,258,77477,29188,146,330,Urban,Both sexes,Uruguay,2018,Indigenous
11.300000190734863,26,,URY,258,43043,29188,146,330,Urban,Both sexes,Uruguay,2018,Not Indigenous or Afro-descendant
11.800000190734863,26,,URY,258,43040,29188,146,330,Urban,Both sexes,Uruguay,2018,Total
22.700000762939453,26,13639,URY,258,43044,29188,265,330,Urban,Men,Uruguay,2018,Afro-descendant
13.800000190734863,26,13639,URY,258,77477,29188,265,330,Urban,Men,Uruguay,2018,Indigenous
11,26,,URY,258,43043,29188,265,330,Urban,Men,Uruguay,2018,Not Indigenous or Afro-descendant
11.600000381469727,26,,URY,258,43040,29188,265,330,Urban,Men,Uruguay,2018,Total
25.200000762939453,26,,URY,258,43044,29188,266,330,Urban,Women,Uruguay,2018,Afro-descendant
13.300000190734863,26,13639,URY,258,77477,29188,266,330,Urban,Women,Uruguay,2018,Indigenous
11.5,26,,URY,258,43043,29188,266,330,Urban,Women,Uruguay,2018,Not Indigenous or Afro-descendant
12.100000381469727,26,,URY,258,43040,29188,266,330,Urban,Women,Uruguay,2018,Total
21.600000381469727,26,,URY,258,43044,29189,146,327,National,Both sexes,Uruguay,2019,Afro-descendant
13.199999809265137,26,13639,URY,258,77477,29189,146,327,National,Both sexes,Uruguay,2019,Indigenous
10.600000381469727,26,,URY,258,43043,29189,146,327,National,Both sexes,Uruguay,2019,Not Indigenous or Afro-descendant
11.100000381469727,26,,URY,258,43040,29189,146,327,National,Both sexes,Uruguay,2019,Total
20.399999618530273,26,,URY,258,43044,29189,265,327,National,Men,Uruguay,2019,Afro-descendant
14.600000381469727,26,13639,URY,258,77477,29189,265,327,National,Men,Uruguay,2019,Indigenous
10.5,26,,URY,258,43043,29189,265,327,National,Men,Uruguay,2019,Not Indigenous or Afro-descendant
11,26,,URY,258,43040,29189,265,327,National,Men,Uruguay,2019,Total
22.700000762939453,26,,URY,258,43044,29189,266,327,National,Women,Uruguay,2019,Afro-descendant
12.100000381469727,26,13639,URY,258,77477,29189,266,327,National,Women,Uruguay,2019,Indigenous
10.699999809265137,26,,URY,258,43043,29189,266,327,National,Women,Uruguay,2019,Not Indigenous or Afro-descendant
11.300000190734863,26,,URY,258,43040,29189,266,327,National,Women,Uruguay,2019,Total
5.699999809265137,26,13639,URY,258,43044,29189,146,331,Rural,Both sexes,Uruguay,2019,Afro-descendant
12.5,26,13639,URY,258,77477,29189,146,331,Rural,Both sexes,Uruguay,2019,Indigenous
6.599999904632568,26,,URY,258,43043,29189,146,331,Rural,Both sexes,Uruguay,2019,Not Indigenous or Afro-descendant
6.599999904632568,26,,URY,258,43040,29189,146,331,Rural,Both sexes,Uruguay,2019,Total
6.800000190734863,26,13639,URY,258,43044,29189,265,331,Rural,Men,Uruguay,2019,Afro-descendant
18.299999237060547,26,13639,URY,258,77477,29189,265,331,Rural,Men,Uruguay,2019,Indigenous
6.800000190734863,26,,URY,258,43043,29189,265,331,Rural,Men,Uruguay,2019,Not Indigenous or Afro-descendant
6.900000095367432,26,,URY,258,43040,29189,265,331,Rural,Men,Uruguay,2019,Total
4.800000190734863,26,13639,URY,258,43044,29189,266,331,Rural,Women,Uruguay,2019,Afro-descendant
6.699999809265137,26,13639,URY,258,77477,29189,266,331,Rural,Women,Uruguay,2019,Indigenous
6.300000190734863,26,,URY,258,43043,29189,266,331,Rural,Women,Uruguay,2019,Not Indigenous or Afro-descendant
6.300000190734863,26,,URY,258,43040,29189,266,331,Rural,Women,Uruguay,2019,Total
22.100000381469727,26,,URY,258,43044,29189,146,330,Urban,Both sexes,Uruguay,2019,Afro-descendant
13.199999809265137,26,13639,URY,258,77477,29189,146,330,Urban,Both sexes,Uruguay,2019,Indigenous
10.899999618530273,26,,URY,258,43043,29189,146,330,Urban,Both sexes,Uruguay,2019,Not Indigenous or Afro-descendant
11.399999618530273,26,,URY,258,43040,29189,146,330,Urban,Both sexes,Uruguay,2019,Total
20.899999618530273,26,,URY,258,43044,29189,265,330,Urban,Men,Uruguay,2019,Afro-descendant
14.5,26,13639,URY,258,77477,29189,265,330,Urban,Men,Uruguay,2019,Indigenous
10.699999809265137,26,,URY,258,43043,29189,265,330,Urban,Men,Uruguay,2019,Not Indigenous or Afro-descendant
11.300000190734863,26,,URY,258,43040,29189,265,330,Urban,Men,Uruguay,2019,Total
23.399999618530273,26,,URY,258,43044,29189,266,330,Urban,Women,Uruguay,2019,Afro-descendant
12.199999809265137,26,13639,URY,258,77477,29189,266,330,Urban,Women,Uruguay,2019,Indigenous
11,26,,URY,258,43043,29189,266,330,Urban,Women,Uruguay,2019,Not Indigenous or Afro-descendant
11.5,26,,URY,258,43040,29189,266,330,Urban,Women,Uruguay,2019,Total
20.700000762939453,26,,URY,258,43044,29191,146,327,National,Both sexes,Uruguay,2021,Afro-descendant
15.199999809265137,26,,URY,258,77477,29191,146,327,National,Both sexes,Uruguay,2021,Indigenous
10.300000190734863,26,,URY,258,43043,29191,146,327,National,Both sexes,Uruguay,2021,Not Indigenous or Afro-descendant
10.899999618530273,26,,URY,258,43040,29191,146,327,National,Both sexes,Uruguay,2021,Total
18.5,26,,URY,258,43044,29191,265,327,National,Men,Uruguay,2021,Afro-descendant
16.600000381469727,26,,URY,258,77477,29191,265,327,National,Men,Uruguay,2021,Indigenous
10.300000190734863,26,,URY,258,43043,29191,265,327,National,Men,Uruguay,2021,Not Indigenous or Afro-descendant
10.800000190734863,26,,URY,258,43040,29191,265,327,National,Men,Uruguay,2021,Total
22.799999237060547,26,,URY,258,43044,29191,266,327,National,Women,Uruguay,2021,Afro-descendant
14.199999809265137,26,,URY,258,77477,29191,266,327,National,Women,Uruguay,2021,Indigenous
10.300000190734863,26,,URY,258,43043,29191,266,327,National,Women,Uruguay,2021,Not Indigenous or Afro-descendant
10.899999618530273,26,,URY,258,43040,29191,266,327,National,Women,Uruguay,2021,Total
10.199999809265137,26,13639,URY,258,43044,29191,146,331,Rural,Both sexes,Uruguay,2021,Afro-descendant
13.399999618530273,26,13639,URY,258,77477,29191,146,331,Rural,Both sexes,Uruguay,2021,Indigenous
5.599999904632568,26,,URY,258,43043,29191,146,331,Rural,Both sexes,Uruguay,2021,Not Indigenous or Afro-descendant
5.800000190734863,26,,URY,258,43040,29191,146,331,Rural,Both sexes,Uruguay,2021,Total
5.199999809265137,26,13639,URY,258,43044,29191,265,331,Rural,Men,Uruguay,2021,Afro-descendant
16.899999618530273,26,13639,URY,258,77477,29191,265,331,Rural,Men,Uruguay,2021,Indigenous
5,26,,URY,258,43043,29191,265,331,Rural,Men,Uruguay,2021,Not Indigenous or Afro-descendant
5.099999904632568,26,,URY,258,43040,29191,265,331,Rural,Men,Uruguay,2021,Total
16.899999618530273,26,13639,URY,258,43044,29191,266,331,Rural,Women,Uruguay,2021,Afro-descendant
11.199999809265137,26,13639,URY,258,77477,29191,266,331,Rural,Women,Uruguay,2021,Indigenous
6.199999809265137,26,,URY,258,43043,29191,266,331,Rural,Women,Uruguay,2021,Not Indigenous or Afro-descendant
6.5,26,,URY,258,43040,29191,266,331,Rural,Women,Uruguay,2021,Total
20.899999618530273,26,,URY,258,43044,29191,146,330,Urban,Both sexes,Uruguay,2021,Afro-descendant
15.300000190734863,26,,URY,258,77477,29191,146,330,Urban,Both sexes,Uruguay,2021,Indigenous
10.600000381469727,26,,URY,258,43043,29191,146,330,Urban,Both sexes,Uruguay,2021,Not Indigenous or Afro-descendant
11.199999809265137,26,,URY,258,43040,29191,146,330,Urban,Both sexes,Uruguay,2021,Total
18.899999618530273,26,,URY,258,43044,29191,265,330,Urban,Men,Uruguay,2021,Afro-descendant
16.600000381469727,26,,URY,258,77477,29191,265,330,Urban,Men,Uruguay,2021,Indigenous
10.699999809265137,26,,URY,258,43043,29191,265,330,Urban,Men,Uruguay,2021,Not Indigenous or Afro-descendant
11.199999809265137,26,,URY,258,43040,29191,265,330,Urban,Men,Uruguay,2021,Total
22.899999618530273,26,,URY,258,43044,29191,266,330,Urban,Women,Uruguay,2021,Afro-descendant
14.300000190734863,26,,URY,258,77477,29191,266,330,Urban,Women,Uruguay,2021,Indigenous
10.5,26,,URY,258,43043,29191,266,330,Urban,Women,Uruguay,2021,Not Indigenous or Afro-descendant
11.199999809265137,26,,URY,258,43040,29191,266,330,Urban,Women,Uruguay,2021,Total
21.399999618530273,26,,URY,258,43044,29192,146,327,National,Both sexes,Uruguay,2022,Afro-descendant
13.600000381469727,26,,URY,258,77477,29192,146,327,National,Both sexes,Uruguay,2022,Indigenous
10,26,,URY,258,43043,29192,146,327,National,Both sexes,Uruguay,2022,Not Indigenous or Afro-descendant
10.5,26,,URY,258,43040,29192,146,327,National,Both sexes,Uruguay,2022,Total
20.700000762939453,26,,URY,258,43044,29192,265,327,National,Men,Uruguay,2022,Afro-descendant
14.399999618530273,26,,URY,258,77477,29192,265,327,National,Men,Uruguay,2022,Indigenous
9.699999809265137,26,,URY,258,43043,29192,265,327,National,Men,Uruguay,2022,Not Indigenous or Afro-descendant
10.199999809265137,26,,URY,258,43040,29192,265,327,National,Men,Uruguay,2022,Total
22,26,,URY,258,43044,29192,266,327,National,Women,Uruguay,2022,Afro-descendant
12.899999618530273,26,,URY,258,77477,29192,266,327,National,Women,Uruguay,2022,Indigenous
10.199999809265137,26,,URY,258,43043,29192,266,327,National,Women,Uruguay,2022,Not Indigenous or Afro-descendant
10.800000190734863,26,,URY,258,43040,29192,266,327,National,Women,Uruguay,2022,Total
2.5999999046325684,26,13639,URY,258,43044,29192,146,331,Rural,Both sexes,Uruguay,2022,Afro-descendant
21.5,26,13639,URY,258,77477,29192,146,331,Rural,Both sexes,Uruguay,2022,Indigenous
6.099999904632568,26,,URY,258,43043,29192,146,331,Rural,Both sexes,Uruguay,2022,Not Indigenous or Afro-descendant
6.099999904632568,26,,URY,258,43040,29192,146,331,Rural,Both sexes,Uruguay,2022,Total
19.5,26,13639,URY,258,77477,29192,265,331,Rural,Men,Uruguay,2022,Indigenous
5.900000095367432,26,,URY,258,43043,29192,265,331,Rural,Men,Uruguay,2022,Not Indigenous or Afro-descendant
5.900000095367432,26,,URY,258,43040,29192,265,331,Rural,Men,Uruguay,2022,Total
4.900000095367432,26,13639,URY,258,43044,29192,266,331,Rural,Women,Uruguay,2022,Afro-descendant
22.700000762939453,26,13639,URY,258,77477,29192,266,331,Rural,Women,Uruguay,2022,Indigenous
6.199999809265137,26,,URY,258,43043,29192,266,331,Rural,Women,Uruguay,2022,Not Indigenous or Afro-descendant
6.400000095367432,26,,URY,258,43040,29192,266,331,Rural,Women,Uruguay,2022,Total
21.799999237060547,26,,URY,258,43044,29192,146,330,Urban,Both sexes,Uruguay,2022,Afro-descendant
13.199999809265137,26,,URY,258,77477,29192,146,330,Urban,Both sexes,Uruguay,2022,Indigenous
10.199999809265137,26,,URY,258,43043,29192,146,330,Urban,Both sexes,Uruguay,2022,Not Indigenous or Afro-descendant
10.800000190734863,26,,URY,258,43040,29192,146,330,Urban,Both sexes,Uruguay,2022,Total
21.200000762939453,26,,URY,258,43044,29192,265,330,Urban,Men,Uruguay,2022,Afro-descendant
14.199999809265137,26,,URY,258,77477,29192,265,330,Urban,Men,Uruguay,2022,Indigenous
9.899999618530273,26,,URY,258,43043,29192,265,330,Urban,Men,Uruguay,2022,Not Indigenous or Afro-descendant
10.5,26,,URY,258,43040,29192,265,330,Urban,Men,Uruguay,2022,Total
22.399999618530273,26,,URY,258,43044,29192,266,330,Urban,Women,Uruguay,2022,Afro-descendant
12.5,26,,URY,258,77477,29192,266,330,Urban,Women,Uruguay,2022,Indigenous
10.399999618530273,26,,URY,258,43043,29192,266,330,Urban,Women,Uruguay,2022,Not Indigenous or Afro-descendant
11,26,,URY,258,43040,29192,266,330,Urban,Women,Uruguay,2022,Total
25.799999237060547,26,,URY,258,43044,29193,146,327,National,Both sexes,Uruguay,2023,Afro-descendant
14.399999618530273,26,,URY,258,77477,29193,146,327,National,Both sexes,Uruguay,2023,Indigenous
10.199999809265137,26,,URY,258,43043,29193,146,327,National,Both sexes,Uruguay,2023,Not Indigenous or Afro-descendant
11.100000381469727,26,,URY,258,43040,29193,146,327,National,Both sexes,Uruguay,2023,Total
24.399999618530273,26,,URY,258,43044,29193,265,327,National,Men,Uruguay,2023,Afro-descendant
15.399999618530273,26,,URY,258,77477,29193,265,327,National,Men,Uruguay,2023,Indigenous
9.699999809265137,26,,URY,258,43043,29193,265,327,National,Men,Uruguay,2023,Not Indigenous or Afro-descendant
10.600000381469727,26,,URY,258,43040,29193,265,327,National,Men,Uruguay,2023,Total
27.299999237060547,26,,URY,258,43044,29193,266,327,National,Women,Uruguay,2023,Afro-descendant
13.600000381469727,26,,URY,258,77477,29193,266,327,National,Women,Uruguay,2023,Indigenous
10.699999809265137,26,,URY,258,43043,29193,266,327,National,Women,Uruguay,2023,Not Indigenous or Afro-descendant
11.600000381469727,26,,URY,258,43040,29193,266,327,National,Women,Uruguay,2023,Total
28.299999237060547,26,13639,URY,258,43044,29193,146,331,Rural,Both sexes,Uruguay,2023,Afro-descendant
13.800000190734863,26,13639,URY,258,77477,29193,146,331,Rural,Both sexes,Uruguay,2023,Indigenous
4.400000095367432,26,,URY,258,43043,29193,146,331,Rural,Both sexes,Uruguay,2023,Not Indigenous or Afro-descendant
5,26,,URY,258,43040,29193,146,331,Rural,Both sexes,Uruguay,2023,Total
18.100000381469727,26,13639,URY,258,43044,29193,265,331,Rural,Men,Uruguay,2023,Afro-descendant
24.700000762939453,26,13639,URY,258,77477,29193,265,331,Rural,Men,Uruguay,2023,Indigenous
4.099999904632568,26,,URY,258,43043,29193,265,331,Rural,Men,Uruguay,2023,Not Indigenous or Afro-descendant
4.599999904632568,26,,URY,258,43040,29193,265,331,Rural,Men,Uruguay,2023,Total
40.099998474121094,26,13639,URY,258,43044,29193,266,331,Rural,Women,Uruguay,2023,Afro-descendant
4.699999809265137,26,,URY,258,43043,29193,266,331,Rural,Women,Uruguay,2023,Not Indigenous or Afro-descendant
5.5,26,,URY,258,43040,29193,266,331,Rural,Women,Uruguay,2023,Total
25.700000762939453,26,,URY,258,43044,29193,146,330,Urban,Both sexes,Uruguay,2023,Afro-descendant
14.399999618530273,26,,URY,258,77477,29193,146,330,Urban,Both sexes,Uruguay,2023,Indigenous
10.5,26,,URY,258,43043,29193,146,330,Urban,Both sexes,Uruguay,2023,Not Indigenous or Afro-descendant
11.5,26,,URY,258,43040,29193,146,330,Urban,Both sexes,Uruguay,2023,Total
24.600000381469727,26,,URY,258,43044,29193,265,330,Urban,Men,Uruguay,2023,Afro-descendant
15.199999809265137,26,,URY,258,77477,29193,265,330,Urban,Men,Uruguay,2023,Indigenous
10,26,,URY,258,43043,29193,265,330,Urban,Men,Uruguay,2023,Not Indigenous or Afro-descendant
11,26,,URY,258,43040,29193,265,330,Urban,Men,Uruguay,2023,Total
27,26,,URY,258,43044,29193,266,330,Urban,Women,Uruguay,2023,Afro-descendant
13.800000190734863,26,,URY,258,77477,29193,266,330,Urban,Women,Uruguay,2023,Indigenous
11,26,,URY,258,43043,29193,266,330,Urban,Women,Uruguay,2023,Not Indigenous or Afro-descendant
11.899999618530273,26,,URY,258,43040,29193,266,330,Urban,Women,Uruguay,2023,Total
24.799999237060547,26,,URY,258,43044,29194,146,327,National,Both sexes,Uruguay,2024,Afro-descendant
13.300000190734863,26,,URY,258,77477,29194,146,327,National,Both sexes,Uruguay,2024,Indigenous
10.199999809265137,26,,URY,258,43043,29194,146,327,National,Both sexes,Uruguay,2024,Not Indigenous or Afro-descendant
11.100000381469727,26,,URY,258,43040,29194,146,327,National,Both sexes,Uruguay,2024,Total
24.600000381469727,26,,URY,258,43044,29194,265,327,National,Men,Uruguay,2024,Afro-descendant
14.399999618530273,26,,URY,258,77477,29194,265,327,National,Men,Uruguay,2024,Indigenous
9.600000381469727,26,,URY,258,43043,29194,265,327,National,Men,Uruguay,2024,Not Indigenous or Afro-descendant
10.600000381469727,26,,URY,258,43040,29194,265,327,National,Men,Uruguay,2024,Total
25,26,,URY,258,43044,29194,266,327,National,Women,Uruguay,2024,Afro-descendant
12.399999618530273,26,,URY,258,77477,29194,266,327,National,Women,Uruguay,2024,Indigenous
10.699999809265137,26,,URY,258,43043,29194,266,327,National,Women,Uruguay,2024,Not Indigenous or Afro-descendant
11.5,26,,URY,258,43040,29194,266,327,National,Women,Uruguay,2024,Total
17.899999618530273,26,,URY,258,43044,29194,146,331,Rural,Both sexes,Uruguay,2024,Afro-descendant
8.899999618530273,26,13639,URY,258,77477,29194,146,331,Rural,Both sexes,Uruguay,2024,Indigenous
7.300000190734863,26,,URY,258,43043,29194,146,331,Rural,Both sexes,Uruguay,2024,Not Indigenous or Afro-descendant
7.699999809265137,26,,URY,258,43040,29194,146,331,Rural,Both sexes,Uruguay,2024,Total
15.600000381469727,26,13639,URY,258,43044,29194,265,331,Rural,Men,Uruguay,2024,Afro-descendant
7.400000095367432,26,13639,URY,258,77477,29194,265,331,Rural,Men,Uruguay,2024,Indigenous
7.099999904632568,26,,URY,258,43043,29194,265,331,Rural,Men,Uruguay,2024,Not Indigenous or Afro-descendant
7.5,26,,URY,258,43040,29194,265,331,Rural,Men,Uruguay,2024,Total
21.899999618530273,26,13639,URY,258,43044,29194,266,331,Rural,Women,Uruguay,2024,Afro-descendant
11.800000190734863,26,13639,URY,258,77477,29194,266,331,Rural,Women,Uruguay,2024,Indigenous
7.5,26,,URY,258,43043,29194,266,331,Rural,Women,Uruguay,2024,Not Indigenous or Afro-descendant
7.900000095367432,26,,URY,258,43040,29194,266,331,Rural,Women,Uruguay,2024,Total
25,26,,URY,258,43044,29194,146,330,Urban,Both sexes,Uruguay,2024,Afro-descendant
13.5,26,,URY,258,77477,29194,146,330,Urban,Both sexes,Uruguay,2024,Indigenous
10.300000190734863,26,,URY,258,43043,29194,146,330,Urban,Both sexes,Uruguay,2024,Not Indigenous or Afro-descendant
11.300000190734863,26,,URY,258,43040,29194,146,330,Urban,Both sexes,Uruguay,2024,Total
25,26,,URY,258,43044,29194,265,330,Urban,Men,Uruguay,2024,Afro-descendant
14.800000190734863,26,,URY,258,77477,29194,265,330,Urban,Men,Uruguay,2024,Indigenous
9.800000190734863,26,,URY,258,43043,29194,265,330,Urban,Men,Uruguay,2024,Not Indigenous or Afro-descendant
10.800000190734863,26,,URY,258,43040,29194,265,330,Urban,Men,Uruguay,2024,Total
25.100000381469727,26,,URY,258,43044,29194,266,330,Urban,Women,Uruguay,2024,Afro-descendant
12.399999618530273,26,,URY,258,77477,29194,266,330,Urban,Women,Uruguay,2024,Indigenous
10.899999618530273,26,,URY,258,43043,29194,266,330,Urban,Women,Uruguay,2024,Not Indigenous or Afro-descendant
11.699999809265137,26,,URY,258,43040,29194,266,330,Urban,Women,Uruguay,2024,Total
